# Matter power spectrum P(k) at redshift z=1
# for k=2.11564e-07 to 50.1916 h/Mpc,
# number of wavenumbers equal to 7321
#    1:k (h/Mpc)              2:P (Mpc/h)^3        
       2.115644406699e-07       3.997207766670e-01 
       8.670120950939e-07       1.558969264975e+00 
       1.522463940994e-06       2.683963969421e+00 
       2.177924533890e-06       3.791530631141e+00 
       2.833398429469e-06       4.887296264747e+00 
       3.488890183686e-06       5.974147696045e+00 
       4.144404352880e-06       7.053848639449e+00 
       4.799945493867e-06       8.127590153983e+00 
       5.455518164056e-06       9.196231328626e+00 
       6.111126921549e-06       1.026042155173e+01 
       6.766776325246e-06       1.132066928491e+01 
       7.422470934955e-06       1.237738373119e+01 
       8.078215311494e-06       1.343090155764e+01 
       8.734014016800e-06       1.448150482234e+01 
       9.389871614031e-06       1.552943344892e+01 
       1.004579266767e-05       1.657489417458e+01 
       1.070178174365e-05       1.761806713504e+01 
       1.135784340941e-05       1.865911081770e+01 
       1.201398223408e-05       1.969816585878e+01 
       1.267020278852e-05       2.073535800286e+01 
       1.332650964543e-05       2.177080044347e+01 
       1.398290737951e-05       2.280459569850e+01 
       1.463940056751e-05       2.383683713036e+01 
       1.529599378835e-05       2.486761019108e+01 
       1.595269162326e-05       2.589699345194e+01 
       1.660949865584e-05       2.692505946223e+01 
       1.726641947219e-05       2.795187547105e+01 
       1.792345866101e-05       2.897750403850e+01 
       1.858062081373e-05       3.000200355664e+01 
       1.923791052455e-05       3.102542869614e+01 
       1.989533239066e-05       3.204783079161e+01 
       2.055289101222e-05       3.306925817555e+01 
       2.121059099256e-05       3.408975646939e+01 
       2.186843693825e-05       3.510936883820e+01 
       2.252643345921e-05       3.612813621452e+01 
       2.318458516881e-05       3.714609749601e+01 
       2.384289668402e-05       3.816328972046e+01 
       2.450137262545e-05       3.917974822142e+01 
       2.516001761750e-05       4.019550676700e+01 
       2.581883628848e-05       4.121059768412e+01 
       2.647783327069e-05       4.222505197000e+01 
       2.713701320052e-05       4.323889939250e+01 
       2.779638071861e-05       4.425216858077e+01 
       2.845594046989e-05       4.526488710714e+01 
       2.911569710375e-05       4.627708156155e+01 
       2.977565527412e-05       4.728877761908e+01 
       3.043581963956e-05       4.830000010161e+01 
       3.109619486341e-05       4.931077303407e+01 
       3.175678561389e-05       5.032111969589e+01 
       3.241759656418e-05       5.133106266822e+01 
       3.307863239255e-05       5.234062387726e+01 
       3.373989778248e-05       5.334982463418e+01 
       3.440139742276e-05       5.435868567187e+01 
       3.506313600761e-05       5.536722717889e+01 
       3.572511823675e-05       5.637546883087e+01 
       3.638734881557e-05       5.738342981960e+01 
       3.704983245521e-05       5.839112887998e+01 
       3.771257387267e-05       5.939858431509e+01 
       3.837557779092e-05       6.040581401949e+01 
       3.903884893902e-05       6.141283550091e+01 
       3.970239205223e-05       6.241966590051e+01 
       4.036621187214e-05       6.342632201177e+01 
       4.103031314673e-05       6.443282029816e+01 
       4.169470063054e-05       6.543917690968e+01 
       4.235937908476e-05       6.644540769834e+01 
       4.302435327732e-05       6.745152823271e+01 
       4.368962798304e-05       6.845755381157e+01 
       4.435520798375e-05       6.946349947671e+01 
       4.502109806834e-05       7.046938002505e+01 
       4.568730303296e-05       7.147521001996e+01 
       4.635382768105e-05       7.248100380199e+01 
       4.702067682353e-05       7.348677549903e+01 
       4.768785527885e-05       7.449253903579e+01 
       4.835536787318e-05       7.549830814287e+01 
       4.902321944043e-05       7.650409636530e+01 
       4.969141482246e-05       7.750991707060e+01 
       5.035995886912e-05       7.851578345651e+01 
       5.102885643842e-05       7.952170855817e+01 
       5.169811239661e-05       8.052770525510e+01 
       5.236773161834e-05       8.153378627768e+01 
       5.303771898673e-05       8.253996421345e+01 
       5.370807939350e-05       8.354625151298e+01 
       5.437881773910e-05       8.455266049555e+01 
       5.504993893285e-05       8.555920335449e+01 
       5.572144789300e-05       8.656589216232e+01 
       5.639334954689e-05       8.757273887563e+01 
       5.706564883106e-05       8.857975533974e+01 
       5.773835069138e-05       8.958695329316e+01 
       5.841146008315e-05       9.059434437184e+01 
       5.908498197123e-05       9.160194011323e+01 
       5.975892133015e-05       9.260975196021e+01 
       6.043328314426e-05       9.361779126476e+01 
       6.110807240782e-05       9.462606929160e+01 
       6.178329412514e-05       9.563459722156e+01 
       6.245895331068e-05       9.664338615486e+01 
       6.313505498922e-05       9.765244711433e+01 
       6.381160419591e-05       9.866179104835e+01 
       6.448860597646e-05       9.967142883382e+01 
       6.516606538724e-05       1.006813712789e+02 
       6.584398749538e-05       1.016916291257e+02 
       6.652237737893e-05       1.027022130531e+02 
       6.720124012696e-05       1.037131336786e+02 
       6.788058083972e-05       1.047244015616e+02 
       6.856040462870e-05       1.057360272050e+02 
       6.924071661682e-05       1.067480210577e+02 
       6.992152193854e-05       1.077603935168e+02 
       7.060282573995e-05       1.087731549295e+02 
       7.128463317896e-05       1.097863155954e+02 
       7.196694942537e-05       1.107998857680e+02 
       7.264977966104e-05       1.118138756570e+02 
       7.333312907996e-05       1.128282954297e+02 
       7.401700288848e-05       1.138431552132e+02 
       7.470140630532e-05       1.148584650957e+02 
       7.538634456180e-05       1.158742351283e+02 
       7.607182290189e-05       1.168904753267e+02 
       7.675784658242e-05       1.179071956723e+02 
       7.744442087314e-05       1.189244061144e+02 
       7.813155105688e-05       1.199421165710e+02 
       7.881924242970e-05       1.209603369305e+02 
       7.950750030100e-05       1.219790770530e+02 
       8.019632999366e-05       1.229983467716e+02 
       8.088573684415e-05       1.240181558938e+02 
       8.157572620273e-05       1.250385142027e+02 
       8.226630343349e-05       1.260594314579e+02 
       8.295747391458e-05       1.270809173973e+02 
       8.364924303827e-05       1.281029817377e+02 
       8.434161621113e-05       1.291256341762e+02 
       8.503459885416e-05       1.301488843911e+02 
       8.572819640290e-05       1.311727420433e+02 
       8.642241430760e-05       1.321972167768e+02 
       8.711725803336e-05       1.332223182203e+02 
       8.781273306022e-05       1.342480559877e+02 
       8.850884488338e-05       1.352744396793e+02 
       8.920559901324e-05       1.363014788828e+02 
       8.990300097563e-05       1.373291831740e+02 
       9.060105631192e-05       1.383575621178e+02 
       9.129977057912e-05       1.393866252690e+02 
       9.199914935008e-05       1.404163821735e+02 
       9.269919821362e-05       1.414468423685e+02 
       9.339992277465e-05       1.424780153839e+02 
       9.410132865431e-05       1.435099107429e+02 
       9.480342149016e-05       1.445425379627e+02 
       9.550620693628e-05       1.455759065552e+02 
       9.620969066344e-05       1.466100260279e+02 
       9.691387835922e-05       1.476449058849e+02 
       9.761877572818e-05       1.486805556271e+02 
       9.832438849201e-05       1.497169847529e+02 
       9.903072238966e-05       1.507542027597e+02 
       9.973778317749e-05       1.517922191434e+02 
       1.004455766294e-04       1.528310434002e+02 
       1.011541085372e-04       1.538706850263e+02 
       1.018633847101e-04       1.549111535194e+02 
       1.025734109759e-04       1.559524583785e+02 
       1.032841931802e-04       1.569946091053e+02 
       1.039957371870e-04       1.580376152041e+02 
       1.047080488787e-04       1.590814861831e+02 
       1.054211341566e-04       1.601262315544e+02 
       1.061349989404e-04       1.611718608348e+02 
       1.068496491691e-04       1.622183835467e+02 
       1.075650908004e-04       1.632658092179e+02 
       1.082813298116e-04       1.643141473832e+02 
       1.089983721993e-04       1.653634075838e+02 
       1.097162239795e-04       1.664135993688e+02 
       1.104348911881e-04       1.674647322951e+02 
       1.111543798807e-04       1.685168159285e+02 
       1.118746961332e-04       1.695698598435e+02 
       1.125958460415e-04       1.706238736245e+02 
       1.133178357218e-04       1.716788668659e+02 
       1.140406713110e-04       1.727348491726e+02 
       1.147643589666e-04       1.737918301609e+02 
       1.154889048669e-04       1.748498194584e+02 
       1.162143152112e-04       1.759088267049e+02 
       1.169405962201e-04       1.769688615528e+02 
       1.176677541354e-04       1.780299336675e+02 
       1.183957952205e-04       1.790920527277e+02 
       1.191247257603e-04       1.801552284264e+02 
       1.198545520618e-04       1.812194704707e+02 
       1.205852804537e-04       1.822847885827e+02 
       1.213169172872e-04       1.833511924998e+02 
       1.220494689356e-04       1.844186919751e+02 
       1.227829417947e-04       1.854872967779e+02 
       1.235173422831e-04       1.865570166943e+02 
       1.242526768423e-04       1.876278615271e+02 
       1.249889519367e-04       1.886998410969e+02 
       1.257261740540e-04       1.897729652421e+02 
       1.264643497051e-04       1.908472438193e+02 
       1.272034854246e-04       1.919226867040e+02 
       1.279435877709e-04       1.929993037908e+02 
       1.286846633262e-04       1.940771049940e+02 
       1.294267186966e-04       1.951561002476e+02 
       1.301697605128e-04       1.962362995061e+02 
       1.309137954298e-04       1.973177127449e+02 
       1.316588301270e-04       1.984003499605e+02 
       1.324048713090e-04       1.994842211708e+02 
       1.331519257050e-04       2.005693364160e+02 
       1.339000000697e-04       2.016557057584e+02 
       1.346491011828e-04       2.027433392832e+02 
       1.353992358498e-04       2.038322470985e+02 
       1.361504109017e-04       2.049224393363e+02 
       1.369026331957e-04       2.060139261522e+02 
       1.376559096147e-04       2.071067177262e+02 
       1.384102470681e-04       2.082008242629e+02 
       1.391656524918e-04       2.092962559920e+02 
       1.399221328482e-04       2.103930231687e+02 
       1.406796951266e-04       2.114911360737e+02 
       1.414383463434e-04       2.125906050142e+02 
       1.421980935422e-04       2.136914403237e+02 
       1.429589437938e-04       2.147936523626e+02 
       1.437209041969e-04       2.158972515189e+02 
       1.444839818779e-04       2.170022482077e+02 
       1.452481839911e-04       2.181086528726e+02 
       1.460135177191e-04       2.192164759851e+02 
       1.467799902728e-04       2.203257280459e+02 
       1.475476088918e-04       2.214364195843e+02 
       1.483163808444e-04       2.225485611595e+02 
       1.490863134280e-04       2.236621633602e+02 
       1.498574139689e-04       2.247772368053e+02 
       1.506296898232e-04       2.258937921444e+02 
       1.514031483762e-04       2.270118400578e+02 
       1.521777970433e-04       2.281313912569e+02 
       1.529536432696e-04       2.292524564851e+02 
       1.537306945308e-04       2.303750465174e+02 
       1.545089583325e-04       2.314991721611e+02 
       1.552884422114e-04       2.326248442564e+02 
       1.560691537347e-04       2.337520736762e+02 
       1.568511005007e-04       2.348808713268e+02 
       1.576342901391e-04       2.360112481485e+02 
       1.584187303109e-04       2.371432151152e+02 
       1.592044287088e-04       2.382767832355e+02 
       1.599913930573e-04       2.394119635526e+02 
       1.607796311131e-04       2.405487671450e+02 
       1.615691506653e-04       2.416872051263e+02 
       1.623599595352e-04       2.428272886461e+02 
       1.631520655771e-04       2.439690288902e+02 
       1.639454766783e-04       2.451124370808e+02 
       1.647402007590e-04       2.462575244769e+02 
       1.655362457730e-04       2.474043023746e+02 
       1.663336197077e-04       2.485527821079e+02 
       1.671323305843e-04       2.497029750481e+02 
       1.679323864580e-04       2.508548926053e+02 
       1.687337954184e-04       2.520085462277e+02 
       1.695365655896e-04       2.531639474027e+02 
       1.703407051302e-04       2.543211076568e+02 
       1.711462222340e-04       2.554800385562e+02 
       1.719531251300e-04       2.566407517070e+02 
       1.727614220824e-04       2.578032587555e+02 
       1.735711213913e-04       2.589675713889e+02 
       1.743822313925e-04       2.601337013351e+02 
       1.751947604579e-04       2.613016603635e+02 
       1.760087169958e-04       2.624714602851e+02 
       1.768241094511e-04       2.636431129530e+02 
       1.776409463054e-04       2.648166302626e+02 
       1.784592360774e-04       2.659920241520e+02 
       1.792789873232e-04       2.671693066025e+02 
       1.801002086361e-04       2.683484896386e+02 
       1.809229086475e-04       2.695295853287e+02 
       1.817470960265e-04       2.707126057853e+02 
       1.825727794806e-04       2.718975631653e+02 
       1.833999677558e-04       2.730844696704e+02 
       1.842286696367e-04       2.742733375475e+02 
       1.850588939470e-04       2.754641790888e+02 
       1.858906495493e-04       2.766570066326e+02 
       1.867239453461e-04       2.778518325633e+02 
       1.875587902793e-04       2.790486693118e+02 
       1.883951933307e-04       2.802475293558e+02 
       1.892331635225e-04       2.814484252204e+02 
       1.900727099173e-04       2.826513694782e+02 
       1.909138416181e-04       2.838563747497e+02 
       1.917565677693e-04       2.850634537038e+02 
       1.926008975562e-04       2.862726190579e+02 
       1.934468402057e-04       2.874838835785e+02 
       1.942944049862e-04       2.886972600813e+02 
       1.951436012082e-04       2.899127614318e+02 
       1.959944382245e-04       2.911304005455e+02 
       1.968469254303e-04       2.923501903883e+02 
       1.977010722634e-04       2.935721439767e+02 
       1.985568882048e-04       2.947962743786e+02 
       1.994143827787e-04       2.960225947130e+02 
       2.002735655527e-04       2.972511181510e+02 
       2.011344461383e-04       2.984818579157e+02 
       2.019970341910e-04       2.997148272826e+02 
       2.028613394106e-04       3.009500395803e+02 
       2.037273715415e-04       3.021875081905e+02 
       2.045951403730e-04       3.034272465484e+02 
       2.054646557393e-04       3.046692681432e+02 
       2.063359275202e-04       3.059135865185e+02 
       2.072089656410e-04       3.071602152722e+02 
       2.080837800731e-04       3.084091680577e+02 
       2.089603808338e-04       3.096604585832e+02 
       2.098387779871e-04       3.109141006129e+02 
       2.107189816436e-04       3.121701079672e+02 
       2.116010019610e-04       3.134284945226e+02 
       2.124848491443e-04       3.146892742127e+02 
       2.133705334460e-04       3.159524610279e+02 
       2.142580651663e-04       3.172180690163e+02 
       2.151474546538e-04       3.184861122840e+02 
       2.160387123053e-04       3.197566049950e+02 
       2.169318485664e-04       3.210295613720e+02 
       2.178268739314e-04       3.223049956968e+02 
       2.187237989442e-04       3.235829223103e+02 
       2.196226341980e-04       3.248633556132e+02 
       2.205233903358e-04       3.261463100660e+02 
       2.214260780507e-04       3.274318001898e+02 
       2.223307080863e-04       3.287198405662e+02 
       2.232372912366e-04       3.300104458384e+02 
       2.241458383469e-04       3.313036307104e+02 
       2.250563603135e-04       3.325994099485e+02 
       2.259688680841e-04       3.338977983811e+02 
       2.268833726585e-04       3.351988108990e+02 
       2.277998850886e-04       3.365024624560e+02 
       2.287184164783e-04       3.378087680692e+02 
       2.296389779847e-04       3.391177428193e+02 
       2.305615808174e-04       3.404294018511e+02 
       2.314862362398e-04       3.417437603737e+02 
       2.324129555683e-04       3.430608336607e+02 
       2.333417501737e-04       3.443806370512e+02 
       2.342726314804e-04       3.457031859496e+02 
       2.352056109678e-04       3.470284958259e+02 
       2.361407001697e-04       3.483565822166e+02 
       2.370779106750e-04       3.496874607245e+02 
       2.380172541281e-04       3.510211470195e+02 
       2.389587422289e-04       3.523576568387e+02 
       2.399023867333e-04       3.536970059866e+02 
       2.408481994534e-04       3.550392103361e+02 
       2.417961922579e-04       3.563842858284e+02 
       2.427463770723e-04       3.577322484731e+02 
       2.436987658794e-04       3.590831143491e+02 
       2.446533707193e-04       3.604368996048e+02 
       2.456102036899e-04       3.617936204583e+02 
       2.465692769471e-04       3.631532931979e+02 
       2.475306027054e-04       3.645159341825e+02 
       2.484941932377e-04       3.658815598419e+02 
       2.494600608759e-04       3.672501866769e+02 
       2.504282180115e-04       3.686218312603e+02 
       2.513986770952e-04       3.699965102367e+02 
       2.523714506378e-04       3.713742403228e+02 
       2.533465512104e-04       3.727550383085e+02 
       2.543239914443e-04       3.741389210565e+02 
       2.553037840320e-04       3.755259055027e+02 
       2.562859417267e-04       3.769160086572e+02 
       2.572704773436e-04       3.783092476038e+02 
       2.582574037590e-04       3.797056395011e+02 
       2.592467339119e-04       3.811052015825e+02 
       2.602384808031e-04       3.825079511565e+02 
       2.612326574965e-04       3.839139056071e+02 
       2.622292771187e-04       3.853230823944e+02 
       2.632283528599e-04       3.867354990546e+02 
       2.642298979735e-04       3.881511732006e+02 
       2.652339257773e-04       3.895701225222e+02 
       2.662404496529e-04       3.909923647866e+02 
       2.672494830467e-04       3.924179178386e+02 
       2.682610394699e-04       3.938467996011e+02 
       2.692751324987e-04       3.952790280751e+02 
       2.702917757751e-04       3.967146213406e+02 
       2.713109830065e-04       3.981535975565e+02 
       2.723327679668e-04       3.995959749611e+02 
       2.733571444959e-04       4.010417718726e+02 
       2.743841265007e-04       4.024910066890e+02 
       2.754137279551e-04       4.039436978889e+02 
       2.764459629001e-04       4.053998640316e+02 
       2.774808454447e-04       4.068595237575e+02 
       2.785183897655e-04       4.083226957885e+02 
       2.795586101076e-04       4.097893989280e+02 
       2.806015207847e-04       4.112596520619e+02 
       2.816471361791e-04       4.127334741582e+02 
       2.826954707427e-04       4.142108842677e+02 
       2.837465389965e-04       4.156919015244e+02 
       2.848003555315e-04       4.171765451456e+02 
       2.858569350088e-04       4.186648344324e+02 
       2.869162921600e-04       4.201567887698e+02 
       2.879784417871e-04       4.216524276273e+02 
       2.890433987636e-04       4.231517705591e+02 
       2.901111780338e-04       4.246548372043e+02 
       2.911817946141e-04       4.261616472873e+02 
       2.922552635926e-04       4.276722206182e+02 
       2.933316001297e-04       4.291865770930e+02 
       2.944108194582e-04       4.307047366939e+02 
       2.954929368839e-04       4.322267194896e+02 
       2.965779677857e-04       4.337525456357e+02 
       2.976659276158e-04       4.352822353750e+02 
       2.987568319004e-04       4.368158090374e+02 
       2.998506962394e-04       4.383532870409e+02 
       3.009475363073e-04       4.398946898914e+02 
       3.020473678529e-04       4.414400381828e+02 
       3.031502067003e-04       4.429893525979e+02 
       3.042560687483e-04       4.445426539082e+02 
       3.053649699717e-04       4.460999629744e+02 
       3.064769264206e-04       4.476613007465e+02 
       3.075919542215e-04       4.492266882642e+02 
       3.087100695770e-04       4.507961466572e+02 
       3.098312887665e-04       4.523696971453e+02 
       3.109556281461e-04       4.539473610388e+02 
       3.120831041492e-04       4.555291597386e+02 
       3.132137332867e-04       4.571151147366e+02 
       3.143475321471e-04       4.587052476161e+02 
       3.154845173970e-04       4.602995800516e+02 
       3.166247057811e-04       4.618981338092e+02 
       3.177681141229e-04       4.635009307472e+02 
       3.189147593246e-04       4.651079928159e+02 
       3.200646583674e-04       4.667193420579e+02 
       3.212178283118e-04       4.683350006084e+02 
       3.223742862981e-04       4.699549906956e+02 
       3.235340495463e-04       4.715793346404e+02 
       3.246971353564e-04       4.732080548572e+02 
       3.258635611090e-04       4.748411738537e+02 
       3.270333442652e-04       4.764787142311e+02 
       3.282065023669e-04       4.781206986846e+02 
       3.293830530371e-04       4.797671500032e+02 
       3.305630139803e-04       4.814180910702e+02 
       3.317464029823e-04       4.830735448633e+02 
       3.329332379110e-04       4.847335344546e+02 
       3.341235367161e-04       4.863980830108e+02 
       3.353173174298e-04       4.880672137936e+02 
       3.365145981665e-04       4.897409501596e+02 
       3.377153971236e-04       4.914193155604e+02 
       3.389197325812e-04       4.931023335431e+02 
       3.401276229029e-04       4.947900277501e+02 
       3.413390865352e-04       4.964824219192e+02 
       3.425541420086e-04       4.981795398839e+02 
       3.437728079370e-04       4.998814055736e+02 
       3.449951030185e-04       5.015880430133e+02 
       3.462210460353e-04       5.032994763241e+02 
       3.474506558540e-04       5.050157297230e+02 
       3.486839514257e-04       5.067368275234e+02 
       3.499209517862e-04       5.084627941346e+02 
       3.511616760563e-04       5.101936540623e+02 
       3.524061434417e-04       5.119294319085e+02 
       3.536543732336e-04       5.136701523715e+02 
       3.549063848084e-04       5.154158402461e+02 
       3.561621976281e-04       5.171665204236e+02 
       3.574218312406e-04       5.189222178915e+02 
       3.586853052794e-04       5.206829577342e+02 
       3.599526394642e-04       5.224487651323e+02 
       3.612238536008e-04       5.242196653630e+02 
       3.624989675814e-04       5.259956838000e+02 
       3.637780013844e-04       5.277768459134e+02 
       3.650609750750e-04       5.295631772698e+02 
       3.663479088048e-04       5.313547035324e+02 
       3.676388228123e-04       5.331514504604e+02 
       3.689337374229e-04       5.349534439096e+02 
       3.702326730489e-04       5.367607098319e+02 
       3.715356501897e-04       5.385732742754e+02 
       3.728426894318e-04       5.403911633843e+02 
       3.741538114490e-04       5.422144033988e+02 
       3.754690370025e-04       5.440430206549e+02 
       3.767883869405e-04       5.458770415845e+02 
       3.781118821991e-04       5.477164927148e+02 
       3.794395438014e-04       5.495614006690e+02 
       3.807713928585e-04       5.514117921651e+02 
       3.821074505687e-04       5.532676940166e+02 
       3.834477382181e-04       5.551291331320e+02 
       3.847922771803e-04       5.569961365137e+02 
       3.861410889166e-04       5.588687312609e+02 
       3.874941949759e-04       5.607469445650e+02 
       3.888516169948e-04       5.626308037126e+02 
       3.902133766975e-04       5.645203360838e+02 
       3.915794958958e-04       5.664155691528e+02 
       3.929499964891e-04       5.683165304868e+02 
       3.943249004645e-04       5.702232477464e+02 
       3.957042298963e-04       5.721357486851e+02 
       3.970880069466e-04       5.740540611487e+02 
       3.984762538646e-04       5.759782130754e+02 
       3.998689929873e-04       5.779082324953e+02 
       4.012662467384e-04       5.798441475301e+02 
       4.026680376293e-04       5.817859863924e+02 
       4.040743882580e-04       5.837337773861e+02 
       4.054853213099e-04       5.856875489050e+02 
       4.069008595570e-04       5.876473294334e+02 
       4.083210258581e-04       5.896131475448e+02 
       4.097458431587e-04       5.915850319023e+02 
       4.111753344906e-04       5.935630112572e+02 
       4.126095229721e-04       5.955471144495e+02 
       4.140484318073e-04       5.975373704068e+02 
       4.154920842866e-04       5.995338081440e+02 
       4.169405037860e-04       6.015364567626e+02 
       4.183937137671e-04       6.035453454505e+02 
       4.198517377769e-04       6.055605034813e+02 
       4.213145994474e-04       6.075819602136e+02 
       4.227823224956e-04       6.096097450904e+02 
       4.242549307233e-04       6.116438876390e+02 
       4.257324480164e-04       6.136844174697e+02 
       4.272148983451e-04       6.157313642756e+02 
       4.287023057636e-04       6.177847578316e+02 
       4.301946944093e-04       6.198446279943e+02 
       4.316920885032e-04       6.219110047005e+02 
       4.331945123490e-04       6.239839179674e+02 
       4.347019903332e-04       6.260633978914e+02 
       4.362145469244e-04       6.281494746469e+02 
       4.377322066732e-04       6.302421784864e+02 
       4.392549942116e-04       6.323415397390e+02 
       4.407829342529e-04       6.344475888103e+02 
       4.423160515912e-04       6.365603561808e+02 
       4.438543711007e-04       6.386798724055e+02 
       4.453979177357e-04       6.408061681132e+02 
       4.469467165299e-04       6.429392740051e+02 
       4.485007925962e-04       6.450792208542e+02 
       4.500601711257e-04       6.472260395044e+02 
       4.516248773879e-04       6.493797608694e+02 
       4.531949367297e-04       6.515404159320e+02 
       4.547703745752e-04       6.537080357425e+02 
       4.563512164248e-04       6.558826514186e+02 
       4.579374878552e-04       6.580642941434e+02 
       4.595292145182e-04       6.602529951651e+02 
       4.611264221407e-04       6.624487857953e+02 
       4.627291365237e-04       6.646516974085e+02 
       4.643373835421e-04       6.668617614405e+02 
       4.659511891435e-04       6.690790093874e+02 
       4.675705793482e-04       6.713034728038e+02 
       4.691955802480e-04       6.735351833045e+02 
       4.708262180060e-04       6.757741725584e+02 
       4.724625188556e-04       6.780204722911e+02 
       4.741045090997e-04       6.802741142820e+02 
       4.757522151103e-04       6.825351303639e+02 
       4.774056633278e-04       6.848035524206e+02 
       4.790648802597e-04       6.870794123864e+02 
       4.807298924803e-04       6.893627422446e+02 
       4.824007266300e-04       6.916535740258e+02 
       4.840774094141e-04       6.939519398066e+02 
       4.857599676020e-04       6.962578717083e+02 
       4.874484280268e-04       6.985714018953e+02 
       4.891428175839e-04       7.008925625737e+02 
       4.908431632305e-04       7.032213859897e+02 
       4.925494919845e-04       7.055579044279e+02 
       4.942618309235e-04       7.079021502101e+02 
       4.959802071843e-04       7.102541556934e+02 
       4.977046479613e-04       7.126139532688e+02 
       4.994351805059e-04       7.149815753591e+02 
       5.011718321257e-04       7.173570544179e+02 
       5.029146301829e-04       7.197404229274e+02 
       5.046636020939e-04       7.221317133961e+02 
       5.064187753277e-04       7.245309583595e+02 
       5.081801774051e-04       7.269381903748e+02 
       5.099478358978e-04       7.293534420216e+02 
       5.117217784266e-04       7.317767458992e+02 
       5.135020326611e-04       7.342081346247e+02 
       5.152886263181e-04       7.366476408313e+02 
       5.170815871602e-04       7.390952971664e+02 
       5.188809429952e-04       7.415511362894e+02 
       5.206867216744e-04       7.440151908700e+02 
       5.224989510915e-04       7.464874935860e+02 
       5.243176591815e-04       7.489680771212e+02 
       5.261428739191e-04       7.514569741636e+02 
       5.279746233176e-04       7.539542174032e+02 
       5.298129354276e-04       7.564598395297e+02 
       5.316578383356e-04       7.589738732307e+02 
       5.335093601627e-04       7.614963511892e+02 
       5.353675290630e-04       7.640273060814e+02 
       5.372323732224e-04       7.665667705749e+02 
       5.391039208571e-04       7.691147773258e+02 
       5.409822002123e-04       7.716713589769e+02 
       5.428672395604e-04       7.742365481553e+02 
       5.447590671998e-04       7.768103774698e+02 
       5.466577114531e-04       7.793928795089e+02 
       5.485632006660e-04       7.819840868379e+02 
       5.504755632053e-04       7.845840319970e+02 
       5.523948274575e-04       7.871927474987e+02 
       5.543210218272e-04       7.898102658250e+02 
       5.562541747356e-04       7.924366194251e+02 
       5.581943146184e-04       7.950718407132e+02 
       5.601414699249e-04       7.977159620653e+02 
       5.620956691154e-04       8.003690158169e+02 
       5.640569406603e-04       8.030310342606e+02 
       5.660253130379e-04       8.057020496431e+02 
       5.680008147326e-04       8.083820941626e+02 
       5.699834742334e-04       8.110711999663e+02 
       5.719733200321e-04       8.137693991474e+02 
       5.739703806212e-04       8.164767237424e+02 
       5.759746844924e-04       8.191932057285e+02 
       5.779862601342e-04       8.219188770206e+02 
       5.800051360308e-04       8.246537694685e+02 
       5.820313406595e-04       8.273979148542e+02 
       5.840649024891e-04       8.301513448886e+02 
       5.861058499779e-04       8.329140912089e+02 
       5.881542115718e-04       8.356861853758e+02 
       5.902100157021e-04       8.384676588702e+02 
       5.922732907838e-04       8.412585430902e+02 
       5.943440652131e-04       8.440588693485e+02 
       5.964223673658e-04       8.468686688689e+02 
       5.985082255953e-04       8.496879727834e+02 
       6.006016682298e-04       8.525168121291e+02 
       6.027027235711e-04       8.553552178453e+02 
       6.048114198917e-04       8.582032207699e+02 
       6.069277854332e-04       8.610608516368e+02 
       6.090518484038e-04       8.639281410722e+02 
       6.111836369761e-04       8.668051195917e+02 
       6.133231792853e-04       8.696918175971e+02 
       6.154705034264e-04       8.725882653728e+02 
       6.176256374523e-04       8.754944930830e+02 
       6.197886093715e-04       8.784105307681e+02 
       6.219594471457e-04       8.813364083416e+02 
       6.241381786876e-04       8.842721555865e+02 
       6.263248318586e-04       8.872178021522e+02 
       6.285194344662e-04       8.901733775508e+02 
       6.307220142622e-04       8.931389111545e+02 
       6.329325989396e-04       8.961144321911e+02 
       6.351512161308e-04       8.990999697413e+02 
       6.373778934048e-04       9.020955527353e+02 
       6.396126582653e-04       9.051012099488e+02 
       6.418555381476e-04       9.081169700001e+02 
       6.441065604166e-04       9.111428613463e+02 
       6.463657523640e-04       9.141789122798e+02 
       6.486331412063e-04       9.172251509251e+02 
       6.509087540818e-04       9.202816052349e+02 
       6.531926180485e-04       9.233483029866e+02 
       6.554847600811e-04       9.264252717791e+02 
       6.577852070689e-04       9.295125390287e+02 
       6.600939858131e-04       9.326101319660e+02 
       6.624111230242e-04       9.357180776320e+02 
       6.647366453194e-04       9.388364028749e+02 
       6.670705792200e-04       9.419651343459e+02 
       6.694129511490e-04       9.451042984960e+02 
       6.717637874283e-04       9.482539215725e+02 
       6.741231142759e-04       9.514140296148e+02 
       6.764909578039e-04       9.545846484516e+02 
       6.788673440150e-04       9.577658036964e+02 
       6.812522988008e-04       9.609575207445e+02 
       6.836458479381e-04       9.641598247689e+02 
       6.860480170873e-04       9.673727407170e+02 
       6.884588317887e-04       9.705962933053e+02 
       6.908783174608e-04       9.738305070206e+02 
       6.933064993969e-04       9.770754061116e+02 
       6.957434027626e-04       9.803310145855e+02 
       6.981890525932e-04       9.835973562059e+02 
       7.006434737911e-04       9.868744544892e+02 
       7.031066911228e-04       9.901623327002e+02 
       7.055787292164e-04       9.934610138489e+02 
       7.080596125587e-04       9.967705206867e+02 
       7.105493654927e-04       1.000090875703e+03 
       7.130480122149e-04       1.003422101120e+03 
       7.155555767723e-04       1.006764218893e+03 
       7.180720830599e-04       1.010117250701e+03 
       7.205975548180e-04       1.013481217950e+03 
       7.231320156294e-04       1.016856141762e+03 
       7.256754889166e-04       1.020242042978e+03 
       7.282279979394e-04       1.023638942149e+03 
       7.307895657918e-04       1.027046859538e+03 
       7.333602153994e-04       1.030465815111e+03 
       7.359399695170e-04       1.033895828536e+03 
       7.385288507255e-04       1.037336919181e+03 
       7.411268814294e-04       1.040789106107e+03 
       7.437340838540e-04       1.044252408069e+03 
       7.463504800430e-04       1.047726843506e+03 
       7.489760918553e-04       1.051212430545e+03 
       7.516109409630e-04       1.054709186993e+03 
       7.542550488481e-04       1.058217130334e+03 
       7.569084368002e-04       1.061736277728e+03 
       7.595711259139e-04       1.065266645999e+03 
       7.622431370860e-04       1.068808251651e+03 
       7.649244910128e-04       1.072361110844e+03 
       7.676152081880e-04       1.075925239398e+03 
       7.703153088994e-04       1.079500652794e+03 
       7.730248132267e-04       1.083087366168e+03 
       7.757437410391e-04       1.086685394304e+03 
       7.784721119923e-04       1.090294751638e+03 
       7.812099455264e-04       1.093915452246e+03 
       7.839572608631e-04       1.097547509847e+03 
       7.867140770033e-04       1.101190937807e+03 
       7.894804127246e-04       1.104845749118e+03 
       7.922562865788e-04       1.108511956408e+03 
       7.950417168896e-04       1.112189571934e+03 
       7.978367217498e-04       1.115878607582e+03 
       8.006413190195e-04       1.119579074859e+03 
       8.034555263232e-04       1.123290984896e+03 
       8.062793610475e-04       1.127014348439e+03 
       8.091128403389e-04       1.130749175854e+03 
       8.119559811017e-04       1.134495477115e+03 
       8.148087999952e-04       1.138253261808e+03 
       8.176713134317e-04       1.142022539126e+03 
       8.205435375743e-04       1.145803317870e+03 
       8.234254883346e-04       1.149595606438e+03 
       8.263171813706e-04       1.153399412832e+03 
       8.292186320844e-04       1.157214744648e+03 
       8.321298556202e-04       1.161041609078e+03 
       8.350508668621e-04       1.164880012908e+03 
       8.379816804321e-04       1.168729962513e+03 
       8.409223106880e-04       1.172591463855e+03 
       8.438727717214e-04       1.176464522482e+03 
       8.468330773557e-04       1.180349143527e+03 
       8.498032411443e-04       1.184245331702e+03 
       8.527832763684e-04       1.188153091301e+03 
       8.557731960354e-04       1.192072426193e+03 
       8.587730128769e-04       1.196003339822e+03 
       8.617827393469e-04       1.199945835209e+03 
       8.648023876200e-04       1.203899914943e+03 
       8.678319695898e-04       1.207865581184e+03 
       8.708714968670e-04       1.211842835660e+03 
       8.739209807779e-04       1.215831679667e+03 
       8.769804323626e-04       1.219832114062e+03 
       8.800498623736e-04       1.223844139270e+03 
       8.831292812742e-04       1.227867755274e+03 
       8.862186992368e-04       1.231902961621e+03 
       8.893181261415e-04       1.235949757412e+03 
       8.924275715749e-04       1.240008141311e+03 
       8.955470448286e-04       1.244078111535e+03 
       8.986765548975e-04       1.248159665857e+03 
       9.018161104790e-04       1.252252801606e+03 
       9.049657199714e-04       1.256357515662e+03 
       9.081253914729e-04       1.260473804458e+03 
       9.112951327802e-04       1.264601663978e+03 
       9.144749513875e-04       1.268741089757e+03 
       9.176648544853e-04       1.272892076879e+03 
       9.208648489595e-04       1.277054619977e+03 
       9.240749413904e-04       1.281228713232e+03 
       9.272951380514e-04       1.285414350374e+03 
       9.305254449086e-04       1.289611524678e+03 
       9.337658676196e-04       1.293820228968e+03 
       9.370164115327e-04       1.298040455613e+03 
       9.402770816861e-04       1.302272196528e+03 
       9.435478828076e-04       1.306515443174e+03 
       9.468288193131e-04       1.310770186557e+03 
       9.501198953067e-04       1.315036417231e+03 
       9.534211145798e-04       1.319314125291e+03 
       9.567324806106e-04       1.323603300381e+03 
       9.600539965636e-04       1.327903931690e+03 
       9.633856652892e-04       1.332216007953e+03 
       9.667274893232e-04       1.336539517448e+03 
       9.700794708866e-04       1.340874448004e+03 
       9.734416118852e-04       1.345220786993e+03 
       9.768139139092e-04       1.349578521337e+03 
       9.801963782335e-04       1.353947637501e+03 
       9.835890058170e-04       1.358328121505e+03 
       9.869917973026e-04       1.362719958911e+03 
       9.904047530176e-04       1.367123134836e+03 
       9.938278729729e-04       1.371537633943e+03 
       9.972611568640e-04       1.375963440451e+03 
       1.000704604070e-03       1.380400538127e+03 
       1.004158213655e-03       1.384848910293e+03 
       1.007621984367e-03       1.389308539824e+03 
       1.011095914639e-03       1.393779409154e+03 
       1.014580002589e-03       1.398261500269e+03 
       1.018074246020e-03       1.402754794715e+03 
       1.021578642421e-03       1.407259273597e+03 
       1.025093188968e-03       1.411774917581e+03 
       1.028617882523e-03       1.416301706894e+03 
       1.032152719634e-03       1.420839621327e+03 
       1.035697696538e-03       1.425388640237e+03 
       1.039252809161e-03       1.429948742546e+03 
       1.042818053116e-03       1.434519906747e+03 
       1.046393423708e-03       1.439102110900e+03 
       1.049978915932e-03       1.443695332633e+03 
       1.053574524472e-03       1.448299549168e+03 
       1.057180243707e-03       1.452914737283e+03 
       1.060796067707e-03       1.457540873340e+03 
       1.064421990239e-03       1.462177933281e+03 
       1.068058004761e-03       1.466825892631e+03 
       1.071704104430e-03       1.471484726500e+03 
       1.075360282100e-03       1.476154409583e+03 
       1.079026530321e-03       1.480834916166e+03 
       1.082702841344e-03       1.485526220126e+03 
       1.086389207121e-03       1.490228294933e+03 
       1.090085619306e-03       1.494941113656e+03 
       1.093792069255e-03       1.499664648961e+03 
       1.097508548028e-03       1.504398873115e+03 
       1.101235046394e-03       1.509143757992e+03 
       1.104971554826e-03       1.513899275070e+03 
       1.108718063507e-03       1.518665395439e+03 
       1.112474562332e-03       1.523442089802e+03 
       1.116241040904e-03       1.528229328474e+03 
       1.120017488543e-03       1.533027081394e+03 
       1.123803894282e-03       1.537835318117e+03 
       1.127600246872e-03       1.542654007825e+03 
       1.131406534782e-03       1.547483119328e+03 
       1.135222746199e-03       1.552322621066e+03 
       1.139048869036e-03       1.557172481113e+03 
       1.142884890927e-03       1.562032667178e+03 
       1.146730799231e-03       1.566903146613e+03 
       1.150586581036e-03       1.571783886412e+03 
       1.154452223158e-03       1.576674853215e+03 
       1.158327712146e-03       1.581576013316e+03 
       1.162213034281e-03       1.586487332651e+03 
       1.166108175579e-03       1.591408776835e+03 
       1.170013121794e-03       1.596340311125e+03 
       1.173927858419e-03       1.601281900447e+03 
       1.177852370688e-03       1.606233509395e+03 
       1.181786643579e-03       1.611195102235e+03 
       1.185730661817e-03       1.616166642907e+03 
       1.189684409872e-03       1.621148095030e+03 
       1.193647871966e-03       1.626139421905e+03 
       1.197621032074e-03       1.631140586517e+03 
       1.201603873925e-03       1.636151551545e+03 
       1.205596381003e-03       1.641172279357e+03 
       1.209598536554e-03       1.646202732022e+03 
       1.213610323584e-03       1.651242871306e+03 
       1.217631724863e-03       1.656292658684e+03 
       1.221662722928e-03       1.661352055337e+03 
       1.225703300084e-03       1.666421022160e+03 
       1.229753438407e-03       1.671499519764e+03 
       1.233813119748e-03       1.676587508471e+03 
       1.237882325732e-03       1.681684948356e+03 
       1.241961037764e-03       1.686791799196e+03 
       1.246049237029e-03       1.691908020509e+03 
       1.250146904497e-03       1.697033571548e+03 
       1.254254020922e-03       1.702168411309e+03 
       1.258370566848e-03       1.707312498531e+03 
       1.262496522610e-03       1.712465791702e+03 
       1.266631868336e-03       1.717628249065e+03 
       1.270776583953e-03       1.722799828619e+03 
       1.274930649182e-03       1.727980488115e+03 
       1.279094043551e-03       1.733170185090e+03 
       1.283266746389e-03       1.738368876832e+03 
       1.287448736833e-03       1.743576520409e+03 
       1.291639993828e-03       1.748793072666e+03 
       1.295840496133e-03       1.754018490230e+03 
       1.300050222321e-03       1.759252729514e+03 
       1.304269150783e-03       1.764495746721e+03 
       1.308497259730e-03       1.769747497849e+03 
       1.312734527196e-03       1.775007938692e+03 
       1.316980931039e-03       1.780277024850e+03 
       1.321236448948e-03       1.785554711728e+03 
       1.325501058442e-03       1.790840954542e+03 
       1.329774736872e-03       1.796135708324e+03 
       1.334057461428e-03       1.801438927924e+03 
       1.338349209138e-03       1.806750568016e+03 
       1.342649956871e-03       1.812070583104e+03 
       1.346959681343e-03       1.817398927519e+03 
       1.351278359116e-03       1.822735555434e+03 
       1.355605966600e-03       1.828080420856e+03 
       1.359942480061e-03       1.833433477642e+03 
       1.364287875620e-03       1.838794679493e+03 
       1.368642129254e-03       1.844163979965e+03 
       1.373005216803e-03       1.849541332471e+03 
       1.377377113971e-03       1.854926690283e+03 
       1.381757796326e-03       1.860320006539e+03 
       1.386147239307e-03       1.865721234246e+03 
       1.390545418225e-03       1.871130326285e+03 
       1.394952308264e-03       1.876547235412e+03 
       1.399367884487e-03       1.881971914266e+03 
       1.403792121834e-03       1.887404315370e+03 
       1.408224995132e-03       1.892844391139e+03 
       1.412666479088e-03       1.898292093877e+03 
       1.417116548301e-03       1.903747375789e+03 
       1.421575177259e-03       1.909210188979e+03 
       1.426042340343e-03       1.914680485458e+03 
       1.430518011830e-03       1.920158217145e+03 
       1.435002165895e-03       1.925643335871e+03 
       1.439494776616e-03       1.931135793387e+03 
       1.443995817972e-03       1.936635541363e+03 
       1.448505263851e-03       1.942142531393e+03 
       1.453023088047e-03       1.947656715001e+03 
       1.457549264268e-03       1.953178043643e+03 
       1.462083766134e-03       1.958706468711e+03 
       1.466626567184e-03       1.964241941536e+03 
       1.471177640873e-03       1.969784413395e+03 
       1.475736960579e-03       1.975333835511e+03 
       1.480304499606e-03       1.980890159057e+03 
       1.484880231182e-03       1.986453335163e+03 
       1.489464128465e-03       1.992023314916e+03 
       1.494056164544e-03       1.997600049365e+03 
       1.498656312444e-03       2.003183489527e+03 
       1.503264545125e-03       2.008773586384e+03 
       1.507880835485e-03       2.014370290894e+03 
       1.512505156364e-03       2.019973553991e+03 
       1.517137480547e-03       2.025583326589e+03 
       1.521777780763e-03       2.031199559582e+03 
       1.526426029691e-03       2.036822203855e+03 
       1.531082199959e-03       2.042451210280e+03 
       1.535746264150e-03       2.048086529733e+03 
       1.540418194800e-03       2.053728113025e+03 
       1.545097964405e-03       2.059375911100e+03 
       1.549785545420e-03       2.065029874785e+03 
       1.554480910260e-03       2.070689954956e+03 
       1.559184031308e-03       2.076356102496e+03 
       1.563894880911e-03       2.082028268302e+03 
       1.568613431384e-03       2.087706403287e+03 
       1.573339655017e-03       2.093390458381e+03 
       1.578073524068e-03       2.099080384540e+03 
       1.582815010773e-03       2.104776132743e+03 
       1.587564087345e-03       2.110477653997e+03 
       1.592320725975e-03       2.116184899343e+03 
       1.597084898837e-03       2.121897819855e+03 
       1.601856578088e-03       2.127616366643e+03 
       1.606635735869e-03       2.133340490859e+03 
       1.611422344311e-03       2.139070143699e+03 
       1.616216375533e-03       2.144805276401e+03 
       1.621017801644e-03       2.150545840257e+03 
       1.625826594750e-03       2.156291786606e+03 
       1.630642726949e-03       2.162043066844e+03 
       1.635466170336e-03       2.167799632423e+03 
       1.640296897009e-03       2.173561434853e+03 
       1.645134879061e-03       2.179328425709e+03 
       1.649980088594e-03       2.185100556629e+03 
       1.654832497709e-03       2.190877779318e+03 
       1.659692078517e-03       2.196660045552e+03 
       1.664558803135e-03       2.202447307179e+03 
       1.669432643690e-03       2.208239516121e+03 
       1.674313572323e-03       2.214036624378e+03 
       1.679201561186e-03       2.219838584028e+03 
       1.684096582444e-03       2.225645347234e+03 
       1.688998608284e-03       2.231456866240e+03 
       1.693907610906e-03       2.237273093377e+03 
       1.698823562533e-03       2.243093981067e+03 
       1.703746435407e-03       2.248919481821e+03 
       1.708676201796e-03       2.254749548242e+03 
       1.713612833991e-03       2.260584133030e+03 
       1.718556304308e-03       2.266423188987e+03 
       1.723506585091e-03       2.272266668979e+03 
       1.728463648716e-03       2.278114526047e+03 
       1.733427467585e-03       2.283966713275e+03 
       1.738398014135e-03       2.289823183867e+03 
       1.743375260836e-03       2.295683891137e+03 
       1.748359180192e-03       2.301548788508e+03 
       1.753349744743e-03       2.307417829514e+03 
       1.758346927068e-03       2.313290967800e+03 
       1.763350699783e-03       2.319168157128e+03 
       1.768361035546e-03       2.325049351375e+03 
       1.773377907055e-03       2.330934504538e+03 
       1.778401287051e-03       2.336823570730e+03 
       1.783431148320e-03       2.342716504189e+03 
       1.788467463693e-03       2.348613259275e+03 
       1.793510206046e-03       2.354513790473e+03 
       1.798559348303e-03       2.360418052392e+03 
       1.803614863439e-03       2.366325999771e+03 
       1.808676724476e-03       2.372237587478e+03 
       1.813744904489e-03       2.378152770512e+03 
       1.818819376605e-03       2.384071504001e+03 
       1.823900114002e-03       2.389993743211e+03 
       1.828987089915e-03       2.395919443541e+03 
       1.834080277634e-03       2.401848560531e+03 
       1.839179650505e-03       2.407781049805e+03 
       1.844285181930e-03       2.413716867250e+03 
       1.849396845371e-03       2.419655968784e+03 
       1.854514614350e-03       2.425598310498e+03 
       1.859638462447e-03       2.431543848628e+03 
       1.864768363306e-03       2.437492539552e+03 
       1.869904290630e-03       2.443444339793e+03 
       1.875046218188e-03       2.449399206020e+03 
       1.880194119811e-03       2.455357095048e+03 
       1.885347969397e-03       2.461317963829e+03 
       1.890507740906e-03       2.467281769496e+03 
       1.895673408368e-03       2.473248469301e+03 
       1.900844945877e-03       2.479218020658e+03 
       1.906022327599e-03       2.485190381129e+03 
       1.911205527766e-03       2.491165508432e+03 
       1.916394520679e-03       2.497143360437e+03 
       1.921589280712e-03       2.503123895170e+03 
       1.926789782307e-03       2.509107070808e+03 
       1.931995999980e-03       2.515092845688e+03 
       1.937207908318e-03       2.521081178302e+03 
       1.942425481982e-03       2.527072027298e+03 
       1.947648695705e-03       2.533065351485e+03 
       1.952877524297e-03       2.539061109828e+03 
       1.958111942641e-03       2.545059261452e+03 
       1.963351925695e-03       2.551059765643e+03 
       1.968597448495e-03       2.557062581848e+03 
       1.973848486152e-03       2.563067669672e+03 
       1.979105013856e-03       2.569074988885e+03 
       1.984367006872e-03       2.575084499417e+03 
       1.989634440547e-03       2.581096161364e+03 
       1.994907290304e-03       2.587109934981e+03 
       2.000185531645e-03       2.593125780690e+03 
       2.005469140155e-03       2.599143659076e+03 
       2.010758091495e-03       2.605163530887e+03 
       2.016052361409e-03       2.611185357040e+03 
       2.021351925723e-03       2.617209098613e+03 
       2.026656760343e-03       2.623234716852e+03 
       2.031966841256e-03       2.629262173169e+03 
       2.037282144534e-03       2.635291429143e+03 
       2.042602646330e-03       2.641322446517e+03 
       2.047928322879e-03       2.647355187203e+03 
       2.053259150503e-03       2.653389613281e+03 
       2.058595105604e-03       2.659425686997e+03 
       2.063936164670e-03       2.665463370764e+03 
       2.069282304272e-03       2.671502627164e+03 
       2.074633501069e-03       2.677543418948e+03 
       2.079989731800e-03       2.683585709033e+03 
       2.085350973293e-03       2.689629460506e+03 
       2.090717202461e-03       2.695674636621e+03 
       2.096088396302e-03       2.701721200803e+03 
       2.101464531900e-03       2.707769116643e+03 
       2.106845586424e-03       2.713818347903e+03 
       2.112231537133e-03       2.719868858512e+03 
       2.117622361370e-03       2.725920612570e+03 
       2.123018036565e-03       2.731973574343e+03 
       2.128418540236e-03       2.738027708268e+03 
       2.133823849987e-03       2.744082978951e+03 
       2.139233943510e-03       2.750139351166e+03 
       2.144648798585e-03       2.756196789857e+03 
       2.150068393080e-03       2.762255260135e+03 
       2.155492704949e-03       2.768314727297e+03 
       2.160921712236e-03       2.774375156726e+03 
       2.166355393071e-03       2.780436514092e+03 
       2.171793725674e-03       2.786498765219e+03 
       2.177236688352e-03       2.792561876026e+03 
       2.182684259501e-03       2.798625812636e+03 
       2.188136417605e-03       2.804690541343e+03 
       2.193593141237e-03       2.810756028606e+03 
       2.199054409058e-03       2.816822241054e+03 
       2.204520199817e-03       2.822889145482e+03 
       2.209990492354e-03       2.828956708855e+03 
       2.215465265595e-03       2.835024898302e+03 
       2.220944498556e-03       2.841093681123e+03 
       2.226428170340e-03       2.847163024783e+03 
       2.231916260142e-03       2.853232896913e+03 
       2.237408747243e-03       2.859303265313e+03 
       2.242905611013e-03       2.865374097946e+03 
       2.248406830912e-03       2.871445362944e+03 
       2.253912386486e-03       2.877517028604e+03 
       2.259422257373e-03       2.883589063387e+03 
       2.264936423297e-03       2.889661435923e+03 
       2.270454864071e-03       2.895734115002e+03 
       2.275977559598e-03       2.901807069583e+03 
       2.281504489868e-03       2.907880268787e+03 
       2.287035634959e-03       2.913953681901e+03 
       2.292570975038e-03       2.920027278372e+03 
       2.298110490360e-03       2.926101027816e+03 
       2.303654161268e-03       2.932174900007e+03 
       2.309201968194e-03       2.938248864885e+03 
       2.314753891657e-03       2.944322892551e+03 
       2.320309912263e-03       2.950396953269e+03 
       2.325870010707e-03       2.956471017463e+03 
       2.331434167772e-03       2.962545055721e+03 
       2.337002364326e-03       2.968619038791e+03 
       2.342574581327e-03       2.974692937579e+03 
       2.348150799819e-03       2.980766723155e+03 
       2.353731000933e-03       2.986840366747e+03 
       2.359315165888e-03       2.992913839743e+03 
       2.364903275988e-03       2.998987113689e+03 
       2.370495312625e-03       3.005060160290e+03 
       2.376091257277e-03       3.011132951411e+03 
       2.381691091508e-03       3.017205459073e+03 
       2.387294796969e-03       3.023277655453e+03 
       2.392902355396e-03       3.029349512889e+03 
       2.398513748611e-03       3.035421003872e+03 
       2.404128958523e-03       3.041492101051e+03 
       2.409747967124e-03       3.047562777239e+03 
       2.415370756492e-03       3.053633003901e+03 
       2.420997308792e-03       3.059702703482e+03 
       2.426627606272e-03       3.065771901362e+03 
       2.432261631265e-03       3.071840570891e+03 
       2.437899366188e-03       3.077908685729e+03 
       2.443540793543e-03       3.083976219597e+03 
       2.449185895916e-03       3.090043146374e+03 
       2.454834655975e-03       3.096109439973e+03 
       2.460487056476e-03       3.102175074747e+03 
       2.466143080252e-03       3.108240024973e+03 
       2.471802710226e-03       3.114304265065e+03 
       2.477465929398e-03       3.120367769764e+03 
       2.483132720855e-03       3.126430513749e+03 
       2.488803067763e-03       3.132492472030e+03 
       2.494476953373e-03       3.138553619683e+03 
       2.500154361017e-03       3.144613931933e+03 
       2.505835274107e-03       3.150673384060e+03 
       2.511519676140e-03       3.156731951728e+03 
       2.517207550692e-03       3.162789610559e+03 
       2.522898881420e-03       3.168846336313e+03 
       2.528593652061e-03       3.174902105036e+03 
       2.534291846435e-03       3.180956892813e+03 
       2.539993448440e-03       3.187010675786e+03 
       2.545698442055e-03       3.193063430478e+03 
       2.551406811338e-03       3.199115133413e+03 
       2.557118540428e-03       3.205165761267e+03 
       2.562833613540e-03       3.211215290711e+03 
       2.568552014971e-03       3.217263698928e+03 
       2.574273729096e-03       3.223310962947e+03 
       2.579998740368e-03       3.229357059929e+03 
       2.585727033317e-03       3.235401967386e+03 
       2.591458592552e-03       3.241445662724e+03 
       2.597193402760e-03       3.247488123698e+03 
       2.602931448705e-03       3.253529328101e+03 
       2.608672715226e-03       3.259569253795e+03 
       2.614417187241e-03       3.265607878954e+03 
       2.620164849744e-03       3.271645181724e+03 
       2.625915687805e-03       3.277681140513e+03 
       2.631669686569e-03       3.283715733726e+03 
       2.637426831258e-03       3.289748940021e+03 
       2.643187107168e-03       3.295780738200e+03 
       2.648950499670e-03       3.301811107123e+03 
       2.654716994212e-03       3.307840025824e+03 
       2.660486576312e-03       3.313867473279e+03 
       2.666259231567e-03       3.319893429035e+03 
       2.672034945645e-03       3.325917872411e+03 
       2.677813704287e-03       3.331940782960e+03 
       2.683595493310e-03       3.337962140370e+03 
       2.689380298600e-03       3.343981924322e+03 
       2.695168106120e-03       3.350000114945e+03 
       2.700958901902e-03       3.356016692240e+03 
       2.706752672051e-03       3.362031636415e+03 
       2.712549402745e-03       3.368044927607e+03 
       2.718349080232e-03       3.374056546548e+03 
       2.724151690832e-03       3.380066473651e+03 
       2.729957220935e-03       3.386074689698e+03 
       2.735765657001e-03       3.392081175502e+03 
       2.741576985563e-03       3.398085911842e+03 
       2.747391193221e-03       3.404088880047e+03 
       2.753208266647e-03       3.410090061224e+03 
       2.759028192580e-03       3.416089436622e+03 
       2.764850957830e-03       3.422086987796e+03 
       2.770676549275e-03       3.428082696280e+03 
       2.776504953861e-03       3.434076543652e+03 
       2.782336158603e-03       3.440068511855e+03 
       2.788170150582e-03       3.446058582799e+03 
       2.794006916950e-03       3.452046738517e+03 
       2.799846444923e-03       3.458032961191e+03 
       2.805688721786e-03       3.464017232913e+03 
       2.811533734888e-03       3.469999536370e+03 
       2.817381471648e-03       3.475979853976e+03 
       2.823231919548e-03       3.481958168286e+03 
       2.829085066137e-03       3.487934462172e+03 
       2.834940899030e-03       3.493908718463e+03 
       2.840799405905e-03       3.499880920030e+03 
       2.846660574507e-03       3.505851050138e+03 
       2.852524392644e-03       3.511819091883e+03 
       2.858390848190e-03       3.517785028668e+03 
       2.864259929081e-03       3.523748843910e+03 
       2.870131623318e-03       3.529710520959e+03 
       2.876005918964e-03       3.535670043767e+03 
       2.881882804146e-03       3.541627395990e+03 
       2.887762267053e-03       3.547582561424e+03 
       2.893644295939e-03       3.553535524186e+03 
       2.899528879115e-03       3.559486268330e+03 
       2.905416004959e-03       3.565434777942e+03 
       2.911305661907e-03       3.571381037488e+03 
       2.917197838459e-03       3.577325031360e+03 
       2.923092523173e-03       3.583266744077e+03 
       2.928989704670e-03       3.589206160283e+03 
       2.934889371630e-03       3.595143264506e+03 
       2.940791512794e-03       3.601078041907e+03 
       2.946696116961e-03       3.607010477313e+03 
       2.952603172992e-03       3.612940555686e+03 
       2.958512669805e-03       3.618868262319e+03 
       2.964424596379e-03       3.624793582424e+03 
       2.970338941748e-03       3.630716501236e+03 
       2.976255695009e-03       3.636637004369e+03 
       2.982174845312e-03       3.642555077374e+03 
       2.988096381870e-03       3.648470705889e+03 
       2.994020293948e-03       3.654383875691e+03 
       2.999946570873e-03       3.660294572429e+03 
       3.005875202025e-03       3.666202782390e+03 
       3.011806176842e-03       3.672108491505e+03 
       3.017739484820e-03       3.678011685845e+03 
       3.023675115508e-03       3.683912351801e+03 
       3.029613058512e-03       3.689810475677e+03 
       3.035553303494e-03       3.695706043799e+03 
       3.041495840171e-03       3.701599042899e+03 
       3.047440658313e-03       3.707489459483e+03 
       3.053387747747e-03       3.713377280377e+03 
       3.059337098353e-03       3.719262492380e+03 
       3.065288700066e-03       3.725145082218e+03 
       3.071242542872e-03       3.731025037201e+03 
       3.077198616814e-03       3.736902344317e+03 
       3.083156911986e-03       3.742776990673e+03 
       3.089117418536e-03       3.748648963719e+03 
       3.095080126663e-03       3.754518250750e+03 
       3.101045026620e-03       3.760384839260e+03 
       3.107012108711e-03       3.766248716629e+03 
       3.112981363292e-03       3.772109870736e+03 
       3.118952780772e-03       3.777968289284e+03 
       3.124926351609e-03       3.783823960075e+03 
       3.130902066313e-03       3.789676871036e+03 
       3.136879915445e-03       3.795527009888e+03 
       3.142859889616e-03       3.801374365153e+03 
       3.148841979487e-03       3.807218924834e+03 
       3.154826175769e-03       3.813060677079e+03 
       3.160812469223e-03       3.818899610410e+03 
       3.166800850659e-03       3.824735713194e+03 
       3.172791310937e-03       3.830568973804e+03 
       3.178783840964e-03       3.836399381064e+03 
       3.184778431698e-03       3.842226923504e+03 
       3.190775074143e-03       3.848051589991e+03 
       3.196773759352e-03       3.853873369343e+03 
       3.202774478427e-03       3.859692250287e+03 
       3.208777222516e-03       3.865508222147e+03 
       3.214781982814e-03       3.871321273891e+03 
       3.220788750566e-03       3.877131394704e+03 
       3.226797517059e-03       3.882938573804e+03 
       3.232808273631e-03       3.888742800403e+03 
       3.238821011663e-03       3.894544064128e+03 
       3.244835722585e-03       3.900342354432e+03 
       3.250852397870e-03       3.906137660857e+03 
       3.256871029038e-03       3.911929973069e+03 
       3.262891607655e-03       3.917719280514e+03 
       3.268914125331e-03       3.923505573422e+03 
       3.274938573720e-03       3.929288841502e+03 
       3.280964944522e-03       3.935069074605e+03 
       3.286993229481e-03       3.940846262931e+03 
       3.293023420384e-03       3.946620396521e+03 
       3.299055509064e-03       3.952391465419e+03 
       3.305089487396e-03       3.958159460110e+03 
       3.311125347298e-03       3.963924370761e+03 
       3.317163080732e-03       3.969686187882e+03 
       3.323202679702e-03       3.975444901921e+03 
       3.329244136257e-03       3.981200503187e+03 
       3.335287442485e-03       3.986952982725e+03 
       3.341332590519e-03       3.992702330992e+03 
       3.347379572532e-03       3.998448538805e+03 
       3.353428380740e-03       4.004191596862e+03 
       3.359479007399e-03       4.009931496278e+03 
       3.365531444809e-03       4.015668227962e+03 
       3.371585685307e-03       4.021401782795e+03 
       3.377641721275e-03       4.027132152152e+03 
       3.383699545132e-03       4.032859327044e+03 
       3.389759149340e-03       4.038583298848e+03 
       3.395820526400e-03       4.044304058847e+03 
       3.401883668853e-03       4.050021598210e+03 
       3.407948569278e-03       4.055735908746e+03 
       3.414015220298e-03       4.061446981842e+03 
       3.420083614569e-03       4.067154809097e+03 
       3.426153744792e-03       4.072859382034e+03 
       3.432225603703e-03       4.078560692600e+03 
       3.438299184077e-03       4.084258732506e+03 
       3.444374478730e-03       4.089953493438e+03 
       3.450451480513e-03       4.095644967590e+03 
       3.456530182315e-03       4.101333146768e+03 
       3.462610577066e-03       4.107018023140e+03 
       3.468692657731e-03       4.112699588781e+03 
       3.474776417311e-03       4.118377835901e+03 
       3.480861848848e-03       4.124052756349e+03 
       3.486948945417e-03       4.129724343019e+03 
       3.493037700133e-03       4.135392588045e+03 
       3.499128106145e-03       4.141057483729e+03 
       3.505220156638e-03       4.146719022763e+03 
       3.511313844836e-03       4.152377197623e+03 
       3.517409163997e-03       4.158032000941e+03 
       3.523506107413e-03       4.163683425129e+03 
       3.529604668415e-03       4.169331463260e+03 
       3.535704840367e-03       4.174976108066e+03 
       3.541806616668e-03       4.180617352369e+03 
       3.547909990752e-03       4.186255189097e+03 
       3.554014956090e-03       4.191889610901e+03 
       3.560121506184e-03       4.197520611307e+03 
       3.566229634572e-03       4.203148183209e+03 
       3.572339334827e-03       4.208772319760e+03 
       3.578450600554e-03       4.214393013981e+03 
       3.584563425392e-03       4.220010259426e+03 
       3.590677803015e-03       4.225624049307e+03 
       3.596793727129e-03       4.231234376792e+03 
       3.602911191474e-03       4.236841235637e+03 
       3.609030189822e-03       4.242444619119e+03 
       3.615150715978e-03       4.248044520916e+03 
       3.621272763781e-03       4.253640934578e+03 
       3.627396327101e-03       4.259233853781e+03 
       3.633521399839e-03       4.264823271835e+03 
       3.639647975931e-03       4.270409183122e+03 
       3.645776049344e-03       4.275991581205e+03 
       3.651905614074e-03       4.281570460021e+03 
       3.658036664152e-03       4.287145813124e+03 
       3.664169193638e-03       4.292717634986e+03 
       3.670303196625e-03       4.298285919456e+03 
       3.676438667235e-03       4.303850660377e+03 
       3.682575599622e-03       4.309411852270e+03 
       3.688713987971e-03       4.314969489063e+03 
       3.694853826497e-03       4.320523565154e+03 
       3.700995109444e-03       4.326074074778e+03 
       3.707137831088e-03       4.331621012431e+03 
       3.713281985733e-03       4.337164371649e+03 
       3.719427567715e-03       4.342704147980e+03 
       3.725574571399e-03       4.348240335496e+03 
       3.731722991178e-03       4.353772928586e+03 
       3.737872821474e-03       4.359301922078e+03 
       3.744024056742e-03       4.364827310520e+03 
       3.750176691461e-03       4.370349088617e+03 
       3.756330720141e-03       4.375867250826e+03 
       3.762486137322e-03       4.381381792401e+03 
       3.768642937570e-03       4.386892707803e+03 
       3.774801115480e-03       4.392399992173e+03 
       3.780960665676e-03       4.397903640350e+03 
       3.787121582809e-03       4.403403646998e+03 
       3.793283861559e-03       4.408900007628e+03 
       3.799447496631e-03       4.414392717111e+03 
       3.805612482761e-03       4.419881770566e+03 
       3.811778814709e-03       4.425367162984e+03 
       3.817946487265e-03       4.430848889843e+03 
       3.824115495245e-03       4.436326946290e+03 
       3.830285833490e-03       4.441801327636e+03 
       3.836457496871e-03       4.447272028918e+03 
       3.842630480284e-03       4.452739046007e+03 
       3.848804778650e-03       4.458202373961e+03 
       3.854980386919e-03       4.463662008531e+03 
       3.861157300064e-03       4.469117945120e+03 
       3.867335513088e-03       4.474570179298e+03 
       3.873515021015e-03       4.480018706686e+03 
       3.879695818900e-03       4.485463522945e+03 
       3.885877901818e-03       4.490904623092e+03 
       3.892061264874e-03       4.496342003943e+03 
       3.898245903196e-03       4.501775660815e+03 
       3.904431811938e-03       4.507205589530e+03 
       3.910618986277e-03       4.512631785949e+03 
       3.916807421416e-03       4.518054245988e+03 
       3.922997112585e-03       4.523472965230e+03 
       3.929188055035e-03       4.528887940224e+03 
       3.935380244044e-03       4.534299166757e+03 
       3.941573674912e-03       4.539706640897e+03 
       3.947768342964e-03       4.545110358764e+03 
       3.953964243550e-03       4.550510316104e+03 
       3.960161372044e-03       4.555906509733e+03 
       3.966359723841e-03       4.561298935611e+03 
       3.972559294362e-03       4.566687589892e+03 
       3.978760079051e-03       4.572072469051e+03 
       3.984962073376e-03       4.577453569361e+03 
       3.991165272826e-03       4.582830887211e+03 
       3.997369672915e-03       4.588204418599e+03 
       4.003575269179e-03       4.593574160650e+03 
       4.009782057178e-03       4.598940109572e+03 
       4.015990032494e-03       4.604302261900e+03 
       4.022199190730e-03       4.609660614006e+03 
       4.028409527513e-03       4.615015162807e+03 
       4.034621038493e-03       4.620365904813e+03 
       4.040833719341e-03       4.625712836709e+03 
       4.047047565750e-03       4.631055954922e+03 
       4.053262573435e-03       4.636395256666e+03 
       4.059478738133e-03       4.641730738425e+03 
       4.065696055603e-03       4.647062397188e+03 
       4.071914521625e-03       4.652390229743e+03 
       4.078134132000e-03       4.657714232995e+03 
       4.084354882553e-03       4.663034403659e+03 
       4.090576769125e-03       4.668350738785e+03 
       4.096799787584e-03       4.673663235635e+03 
       4.103023933815e-03       4.678971891066e+03 
       4.109249203724e-03       4.684276702153e+03 
       4.115475593241e-03       4.689577665730e+03 
       4.121703098312e-03       4.694874779344e+03 
       4.127931714907e-03       4.700168039994e+03 
       4.134161439014e-03       4.705457444888e+03 
       4.140392266644e-03       4.710742990892e+03 
       4.146624193826e-03       4.716024675859e+03 
       4.152857216609e-03       4.721302496711e+03 
       4.159091331062e-03       4.726576450983e+03 
       4.165326533276e-03       4.731846535955e+03 
       4.171562819359e-03       4.737112749031e+03 
       4.177800185439e-03       4.742375087174e+03 
       4.184038627665e-03       4.747633548588e+03 
       4.190278142204e-03       4.752888130444e+03 
       4.196518725242e-03       4.758138830264e+03 
       4.202760372987e-03       4.763385645678e+03 
       4.209003081661e-03       4.768628573748e+03 
       4.215246847510e-03       4.773867612798e+03 
       4.221491666795e-03       4.779102760192e+03 
       4.227737535798e-03       4.784334013669e+03 
       4.233984450820e-03       4.789561370342e+03 
       4.240232408178e-03       4.794784828701e+03 
       4.246481404210e-03       4.800004386322e+03 
       4.252731435271e-03       4.805220040924e+03 
       4.258982497734e-03       4.810431790338e+03 
       4.265234587991e-03       4.815639632434e+03 
       4.271487702451e-03       4.820843564535e+03 
       4.277741837542e-03       4.826043585438e+03 
       4.283996989709e-03       4.831239692701e+03 
       4.290253155415e-03       4.836431884296e+03 
       4.296510331141e-03       4.841620157982e+03 
       4.302768513385e-03       4.846804512158e+03 
       4.309027698662e-03       4.851984944712e+03 
       4.315287883506e-03       4.857161453730e+03 
       4.321549064467e-03       4.862334037389e+03 
       4.327811238111e-03       4.867502693171e+03 
       4.334074401023e-03       4.872667420066e+03 
       4.340338549804e-03       4.877828216054e+03 
       4.346603681073e-03       4.882985079273e+03 
       4.352869791464e-03       4.888138007971e+03 
       4.359136877629e-03       4.893287000429e+03 
       4.365404936235e-03       4.898432054354e+03 
       4.371673963968e-03       4.903573169006e+03 
       4.377943957528e-03       4.908710342328e+03 
       4.384214913633e-03       4.913843572696e+03 
       4.390486829015e-03       4.918972858606e+03 
       4.396759700425e-03       4.924098197836e+03 
       4.403033524629e-03       4.929219589700e+03 
       4.409308298407e-03       4.934337032334e+03 
       4.415584018557e-03       4.939450524248e+03 
       4.421860681893e-03       4.944560063490e+03 
       4.428138285242e-03       4.949665649373e+03 
       4.434416825451e-03       4.954767279980e+03 
       4.440696299378e-03       4.959864954171e+03 
       4.446976703900e-03       4.964958670451e+03 
       4.453258035906e-03       4.970048427477e+03 
       4.459540292303e-03       4.975134223389e+03 
       4.465823470013e-03       4.980216057739e+03 
       4.472107565970e-03       4.985293928868e+03 
       4.478392577128e-03       4.990367835511e+03 
       4.484678500451e-03       4.995437776439e+03 
       4.490965332921e-03       5.000503750128e+03 
       4.497253071534e-03       5.005565755887e+03 
       4.503541713300e-03       5.010623792330e+03 
       4.509831255245e-03       5.015677858316e+03 
       4.516121694408e-03       5.020727952329e+03 
       4.522413027843e-03       5.025774073915e+03 
       4.528705252619e-03       5.030816221577e+03 
       4.534998365819e-03       5.035854394468e+03 
       4.541292364538e-03       5.040888591461e+03 
       4.547587245890e-03       5.045918811548e+03 
       4.553883006997e-03       5.050945053751e+03 
       4.560179645001e-03       5.055967316481e+03 
       4.566477157054e-03       5.060985599786e+03 
       4.572775540323e-03       5.065999902303e+03 
       4.579074791988e-03       5.071010223127e+03 
       4.585374909243e-03       5.076016561377e+03 
       4.591675889298e-03       5.081018915841e+03 
       4.597977729372e-03       5.086017286226e+03 
       4.604280426702e-03       5.091011671472e+03 
       4.610583978535e-03       5.096002070780e+03 
       4.616888382134e-03       5.100988482957e+03 
       4.623193634772e-03       5.105970907893e+03 
       4.629499733738e-03       5.110949344432e+03 
       4.635806676334e-03       5.115923792063e+03 
       4.642114459873e-03       5.120894249985e+03 
       4.648423081682e-03       5.125860717513e+03 
       4.654732539102e-03       5.130823193987e+03 
       4.661042829486e-03       5.135781678145e+03 
       4.667353950198e-03       5.140736170366e+03 
       4.673665898618e-03       5.145686669600e+03 
       4.679978672136e-03       5.150633175253e+03 
       4.686292268156e-03       5.155575686754e+03 
       4.692606684094e-03       5.160514203218e+03 
       4.698921917378e-03       5.165448724649e+03 
       4.705237965449e-03       5.170379250296e+03 
       4.711554825759e-03       5.175305779660e+03 
       4.717872495775e-03       5.180228312271e+03 
       4.724190972973e-03       5.185146847096e+03 
       4.730510254844e-03       5.190061384793e+03 
       4.736830338887e-03       5.194971924276e+03 
       4.743151222618e-03       5.199878464494e+03 
       4.749472903561e-03       5.204781006275e+03 
       4.755795379253e-03       5.209679548714e+03 
       4.762118647244e-03       5.214574091456e+03 
       4.768442705094e-03       5.219464634168e+03 
       4.774767550375e-03       5.224351176074e+03 
       4.781093180672e-03       5.229233717582e+03 
       4.787419593579e-03       5.234112258098e+03 
       4.793746786704e-03       5.238986797359e+03 
       4.800074757665e-03       5.243857334553e+03 
       4.806403504091e-03       5.248723870336e+03 
       4.812733023624e-03       5.253586403901e+03 
       4.819063313915e-03       5.258444935338e+03 
       4.825394372628e-03       5.263299464329e+03 
       4.831726197437e-03       5.268149990699e+03 
       4.838058786027e-03       5.272996514279e+03 
       4.844392136096e-03       5.277839034109e+03 
       4.850726245350e-03       5.282677551420e+03 
       4.857061111507e-03       5.287512065496e+03 
       4.863396732297e-03       5.292342576238e+03 
       4.869733105460e-03       5.297169083213e+03 
       4.876070228745e-03       5.301991586902e+03 
       4.882408099914e-03       5.306810087010e+03 
       4.888746716739e-03       5.311624583499e+03 
       4.895086077001e-03       5.316435076355e+03 
       4.901426178495e-03       5.321241564933e+03 
       4.907767019022e-03       5.326044050264e+03 
       4.914108596396e-03       5.330842531704e+03 
       4.920450908441e-03       5.335637009628e+03 
       4.926793952992e-03       5.340427483931e+03 
       4.933137727891e-03       5.345213954679e+03 
       4.939482230995e-03       5.349996421965e+03 
       4.945827460168e-03       5.354774884899e+03 
       4.952173413283e-03       5.359549345176e+03 
       4.958520088226e-03       5.364319802213e+03 
       4.964867482891e-03       5.369086256137e+03 
       4.971215595182e-03       5.373848706709e+03 
       4.977564423015e-03       5.378607154701e+03 
       4.983913964312e-03       5.383361600014e+03 
       4.990264217008e-03       5.388112042831e+03 
       4.996615179046e-03       5.392858483350e+03 
       5.002966848379e-03       5.397600921111e+03 
       5.009319222970e-03       5.402339357435e+03 
       5.015672300792e-03       5.407073791854e+03 
       5.022026079825e-03       5.411804224976e+03 
       5.028380558061e-03       5.416530656893e+03 
       5.034735733501e-03       5.421253087883e+03 
       5.041091604155e-03       5.425971518563e+03 
       5.047448168041e-03       5.430685947281e+03 
       5.053805423188e-03       5.435396376944e+03 
       5.060163367634e-03       5.440102806825e+03 
       5.066521999426e-03       5.444805237254e+03 
       5.072881316619e-03       5.449503668185e+03 
       5.079241317279e-03       5.454198100618e+03 
       5.085601999479e-03       5.458888534637e+03 
       5.091963361302e-03       5.463574970622e+03 
       5.098325400841e-03       5.468257408971e+03 
       5.104688116195e-03       5.472935849410e+03 
       5.111051505476e-03       5.477610293474e+03 
       5.117415566799e-03       5.482280740873e+03 
       5.123780298294e-03       5.486947192407e+03 
       5.130145698096e-03       5.491609648362e+03 
       5.136511764348e-03       5.496268109199e+03 
       5.142878495205e-03       5.500922575414e+03 
       5.149245888827e-03       5.505573046501e+03 
       5.155613943386e-03       5.510219524575e+03 
       5.161982657058e-03       5.514862009419e+03 
       5.168352028032e-03       5.519500501547e+03 
       5.174722054503e-03       5.524135001494e+03 
       5.181092734675e-03       5.528765509270e+03 
       5.187464066759e-03       5.533392026286e+03 
       5.193836048976e-03       5.538014552716e+03 
       5.200208679555e-03       5.542633089130e+03 
       5.206581956732e-03       5.547247635488e+03 
       5.212955878752e-03       5.551858193417e+03 
       5.219330443868e-03       5.556464762849e+03 
       5.225705650341e-03       5.561067344725e+03 
       5.232081496440e-03       5.565665939506e+03 
       5.238457980442e-03       5.570260547828e+03 
       5.244835100632e-03       5.574851170346e+03 
       5.251212855303e-03       5.579437806835e+03 
       5.257591242755e-03       5.584020459400e+03 
       5.263970261297e-03       5.588599128059e+03 
       5.270349909246e-03       5.593173813486e+03 
       5.276730184925e-03       5.597744516381e+03 
       5.283111086666e-03       5.602311236983e+03 
       5.289492612808e-03       5.606873976748e+03 
       5.295874761699e-03       5.611432736057e+03 
       5.302257531692e-03       5.615987515633e+03 
       5.308640921151e-03       5.620538316230e+03 
       5.315024928444e-03       5.625085137844e+03 
       5.321409551949e-03       5.629627982473e+03 
       5.327794790050e-03       5.634166850081e+03 
       5.334180641140e-03       5.638701741837e+03 
       5.340567103617e-03       5.643232658346e+03 
       5.346954175888e-03       5.647759600405e+03 
       5.353341856367e-03       5.652282568830e+03 
       5.359730143476e-03       5.656801563416e+03 
       5.366119035642e-03       5.661316586652e+03 
       5.372508531301e-03       5.665827638617e+03 
       5.378898628896e-03       5.670334720148e+03 
       5.385289326877e-03       5.674837832093e+03 
       5.391680623700e-03       5.679336974792e+03 
       5.398072517829e-03       5.683832149942e+03 
       5.404465007736e-03       5.688323358035e+03 
       5.410858091898e-03       5.692810599954e+03 
       5.417251768800e-03       5.697293876600e+03 
       5.423646036933e-03       5.701773188053e+03 
       5.430040894797e-03       5.706248536566e+03 
       5.436436340897e-03       5.710719922183e+03 
       5.442832373744e-03       5.715187346251e+03 
       5.449228991859e-03       5.719650809510e+03 
       5.455626193766e-03       5.724110312896e+03 
       5.462023977998e-03       5.728565857367e+03 
       5.468422343094e-03       5.733017442819e+03 
       5.474821287600e-03       5.737465071958e+03 
       5.481220810068e-03       5.741908744971e+03 
       5.487620909058e-03       5.746348462828e+03 
       5.494021583133e-03       5.750784226517e+03 
       5.500422830867e-03       5.755216036507e+03 
       5.506824650838e-03       5.759643894646e+03 
       5.513227041631e-03       5.764067801555e+03 
       5.519630001836e-03       5.768487758249e+03 
       5.526033530052e-03       5.772903765759e+03 
       5.532437624883e-03       5.777315824315e+03 
       5.538842284938e-03       5.781723936279e+03 
       5.545247508835e-03       5.786128101851e+03 
       5.551653295196e-03       5.790528322483e+03 
       5.558059642651e-03       5.794924599049e+03 
       5.564466549834e-03       5.799316932614e+03 
       5.570874015387e-03       5.803705324257e+03 
       5.577282037958e-03       5.808089774058e+03 
       5.583690616200e-03       5.812470284759e+03 
       5.590099748774e-03       5.816846856718e+03 
       5.596509434344e-03       5.821219491022e+03 
       5.602919671584e-03       5.825588188774e+03 
       5.609330459170e-03       5.829952951097e+03 
       5.615741795786e-03       5.834313778420e+03 
       5.622153680122e-03       5.838670672999e+03 
       5.628566110875e-03       5.843023635464e+03 
       5.634979086744e-03       5.847372666959e+03 
       5.641392606439e-03       5.851717768899e+03 
       5.647806668671e-03       5.856058940678e+03 
       5.654221272160e-03       5.860396185881e+03 
       5.660636415630e-03       5.864729504230e+03 
       5.667052097813e-03       5.869058897634e+03 
       5.673468317443e-03       5.873384366932e+03 
       5.679885073264e-03       5.877705913302e+03 
       5.686302364023e-03       5.882023537932e+03 
       5.692720188472e-03       5.886337242018e+03 
       5.699138545371e-03       5.890647026773e+03 
       5.705557433483e-03       5.894952893429e+03 
       5.711976851580e-03       5.899254841361e+03 
       5.718396798435e-03       5.903552874895e+03 
       5.724817272831e-03       5.907846993862e+03 
       5.731238273553e-03       5.912137199486e+03 
       5.737659799394e-03       5.916423492995e+03 
       5.744081849150e-03       5.920705875627e+03 
       5.750504421624e-03       5.924984348633e+03 
       5.756927515625e-03       5.929258913275e+03 
       5.763351129965e-03       5.933529569906e+03 
       5.769775263463e-03       5.937796321318e+03 
       5.776199914944e-03       5.942059168090e+03 
       5.782625083236e-03       5.946318111492e+03 
       5.789050767174e-03       5.950573152805e+03 
       5.795476965598e-03       5.954824293320e+03 
       5.801903677352e-03       5.959071534339e+03 
       5.808330901286e-03       5.963314877178e+03 
       5.814758636257e-03       5.967554321652e+03 
       5.821186881124e-03       5.971789871594e+03 
       5.827615634752e-03       5.976021527188e+03 
       5.834044896013e-03       5.980249289460e+03 
       5.840474663781e-03       5.984473160224e+03 
       5.846904936938e-03       5.988693140584e+03 
       5.853335714368e-03       5.992909231874e+03 
       5.859766994963e-03       5.997121435437e+03 
       5.866198777618e-03       6.001329752639e+03 
       5.872631061233e-03       6.005534183481e+03 
       5.879063844714e-03       6.009734731616e+03 
       5.885497126972e-03       6.013931397365e+03 
       5.891930906921e-03       6.018124182087e+03 
       5.898365183481e-03       6.022313087152e+03 
       5.904799955577e-03       6.026498113946e+03 
       5.911235222139e-03       6.030679263095e+03 
       5.917670982100e-03       6.034856537261e+03 
       5.924107234402e-03       6.039029937255e+03 
       5.930543977986e-03       6.043199464472e+03 
       5.936981211802e-03       6.047365120320e+03 
       5.943418934803e-03       6.051526905227e+03 
       5.949857145947e-03       6.055684822275e+03 
       5.956295844197e-03       6.059838871873e+03 
       5.962735028519e-03       6.063989055799e+03 
       5.969174697886e-03       6.068135375376e+03 
       5.975614851274e-03       6.072277831981e+03 
       5.982055487664e-03       6.076416427053e+03 
       5.988496606042e-03       6.080551162043e+03 
       5.994938205397e-03       6.084682037035e+03 
       6.001380284725e-03       6.088809055886e+03 
       6.007822843023e-03       6.092932218824e+03 
       6.014265879297e-03       6.097051527369e+03 
       6.020709392553e-03       6.101166982979e+03 
       6.027153381804e-03       6.105278587122e+03 
       6.033597846066e-03       6.109386340578e+03 
       6.040042784362e-03       6.113490245984e+03 
       6.046488195716e-03       6.117590304271e+03 
       6.052934079158e-03       6.121686516919e+03 
       6.059380433722e-03       6.125778885416e+03 
       6.065827258448e-03       6.129867411265e+03 
       6.072274552377e-03       6.133952094823e+03 
       6.078722314556e-03       6.138032939522e+03 
       6.085170544037e-03       6.142109945653e+03 
       6.091619239876e-03       6.146183115267e+03 
       6.098068401131e-03       6.150252449619e+03 
       6.104518026868e-03       6.154317950222e+03 
       6.110968116153e-03       6.158379618597e+03 
       6.117418668059e-03       6.162437456270e+03 
       6.123869681663e-03       6.166491463333e+03 
       6.130321156044e-03       6.170541643753e+03 
       6.136773090288e-03       6.174587997953e+03 
       6.143225483483e-03       6.178630527462e+03 
       6.149678334721e-03       6.182669233820e+03 
       6.156131643100e-03       6.186704118566e+03 
       6.162585407719e-03       6.190735182467e+03 
       6.169039627684e-03       6.194762428382e+03 
       6.175494302104e-03       6.198785857265e+03 
       6.181949430091e-03       6.202805470673e+03 
       6.188405010762e-03       6.206821270173e+03 
       6.194861043237e-03       6.210833256717e+03 
       6.201317526641e-03       6.214841432444e+03 
       6.207774460102e-03       6.218845799255e+03 
       6.214231842752e-03       6.222846357970e+03 
       6.220689673729e-03       6.226843110811e+03 
       6.227147952170e-03       6.230836059064e+03 
       6.233606677221e-03       6.234825204309e+03 
       6.240065848029e-03       6.238810548131e+03 
       6.246525463746e-03       6.242792092130e+03 
       6.252985523526e-03       6.246769836271e+03 
       6.259446026528e-03       6.250743784942e+03 
       6.265906971916e-03       6.254713938477e+03 
       6.272368358856e-03       6.258680298470e+03 
       6.278830186517e-03       6.262642866521e+03 
       6.285292454074e-03       6.266601644236e+03 
       6.291755160705e-03       6.270556632364e+03 
       6.298218305590e-03       6.274507833985e+03 
       6.304681887914e-03       6.278455250050e+03 
       6.311145906866e-03       6.282398882179e+03 
       6.317610361638e-03       6.286338731998e+03 
       6.324075251425e-03       6.290274800062e+03 
       6.330540575428e-03       6.294207089830e+03 
       6.337006332848e-03       6.298135602103e+03 
       6.343472522892e-03       6.302060338095e+03 
       6.349939144771e-03       6.305981300140e+03 
       6.356406197697e-03       6.309898489559e+03 
       6.362873680888e-03       6.313811907985e+03 
       6.369341593564e-03       6.317721557063e+03 
       6.375809934950e-03       6.321627438457e+03 
       6.382278704272e-03       6.325529552099e+03 
       6.388747900761e-03       6.329427902601e+03 
       6.395217523652e-03       6.333322490270e+03 
       6.401687572183e-03       6.337213316753e+03 
       6.408158045595e-03       6.341100383704e+03 
       6.414628943131e-03       6.344983692787e+03 
       6.421100264041e-03       6.348863244784e+03 
       6.427572007576e-03       6.352739042873e+03 
       6.434044172990e-03       6.356611088035e+03 
       6.440516759540e-03       6.360479381937e+03 
       6.446989766490e-03       6.364343926252e+03 
       6.453463193102e-03       6.368204723037e+03 
       6.459937038645e-03       6.372061771473e+03 
       6.466411302390e-03       6.375915076744e+03 
       6.472885983612e-03       6.379764638670e+03 
       6.479361081588e-03       6.383610459630e+03 
       6.485836595599e-03       6.387452540985e+03 
       6.492312524929e-03       6.391290884418e+03 
       6.498788868866e-03       6.395125491624e+03 
       6.505265626700e-03       6.398956364307e+03 
       6.511742797725e-03       6.402783502511e+03 
       6.518220381237e-03       6.406606910816e+03 
       6.524698376538e-03       6.410426589580e+03 
       6.531176782929e-03       6.414242540507e+03 
       6.537655599718e-03       6.418054765293e+03 
       6.544134826214e-03       6.421863265645e+03 
       6.550614461729e-03       6.425668043626e+03 
       6.557094505579e-03       6.429469098833e+03 
       6.563574957083e-03       6.433266435850e+03 
       6.570055815562e-03       6.437060055207e+03 
       6.576537080341e-03       6.440849958619e+03 
       6.583018750749e-03       6.444636147809e+03 
       6.589500826116e-03       6.448418623251e+03 
       6.595983305775e-03       6.452197388828e+03 
       6.602466189065e-03       6.455972445272e+03 
       6.608949475324e-03       6.459743793833e+03 
       6.615433163896e-03       6.463511437035e+03 
       6.621917254126e-03       6.467275376235e+03 
       6.628401745364e-03       6.471035613160e+03 
       6.634886636960e-03       6.474792149540e+03 
       6.641371928270e-03       6.478544987121e+03 
       6.647857618652e-03       6.482294125828e+03 
       6.654343707465e-03       6.486039570544e+03 
       6.660830194073e-03       6.489781321559e+03 
       6.667317077842e-03       6.493519380603e+03 
       6.673804358141e-03       6.497253749411e+03 
       6.680292034343e-03       6.500984429724e+03 
       6.686780105822e-03       6.504711423659e+03 
       6.693268571956e-03       6.508434730732e+03 
       6.699757432125e-03       6.512154355723e+03 
       6.706246685712e-03       6.515870299129e+03 
       6.712736332104e-03       6.519582562699e+03 
       6.719226370690e-03       6.523291148187e+03 
       6.725716800860e-03       6.526996055900e+03 
       6.732207622010e-03       6.530697290324e+03 
       6.738698833536e-03       6.534394851679e+03 
       6.745190434839e-03       6.538088741414e+03 
       6.751682425321e-03       6.541778962094e+03 
       6.758174804387e-03       6.545465515101e+03 
       6.764667571446e-03       6.549148402190e+03 
       6.771160725908e-03       6.552827625118e+03 
       6.777654267186e-03       6.556503185653e+03 
       6.784148194697e-03       6.560175086149e+03 
       6.790642507860e-03       6.563843324411e+03 
       6.797137206096e-03       6.567507907819e+03 
       6.803632288828e-03       6.571168835787e+03 
       6.810127755484e-03       6.574826110073e+03 
       6.816623605493e-03       6.578479732441e+03 
       6.823119838287e-03       6.582129704658e+03 
       6.829616453300e-03       6.585776027466e+03 
       6.836113449970e-03       6.589418704422e+03 
       6.842610827736e-03       6.593057736478e+03 
       6.849108586041e-03       6.596693125403e+03 
       6.855606724329e-03       6.600324872973e+03 
       6.862105242048e-03       6.603952980965e+03 
       6.868604138647e-03       6.607577449707e+03 
       6.875103413579e-03       6.611198283507e+03 
       6.881603066300e-03       6.614815482984e+03 
       6.888103096265e-03       6.618429049391e+03 
       6.894603502937e-03       6.622038985414e+03 
       6.901104285776e-03       6.625645292411e+03 
       6.907605444249e-03       6.629247972154e+03 
       6.914106977821e-03       6.632847026424e+03 
       6.920608885964e-03       6.636442457010e+03 
       6.927111168150e-03       6.640034266180e+03 
       6.933613823852e-03       6.643622451984e+03 
       6.940116852550e-03       6.647207021714e+03 
       6.946620253721e-03       6.650787974805e+03 
       6.953124026849e-03       6.654365313031e+03 
       6.959628171417e-03       6.657939038171e+03 
       6.966132686912e-03       6.661509152014e+03 
       6.972637572825e-03       6.665075655253e+03 
       6.979142828645e-03       6.668638551949e+03 
       6.985648453868e-03       6.672197841903e+03 
       6.992154447989e-03       6.675753528082e+03 
       6.998660810507e-03       6.679305611834e+03 
       7.005167540924e-03       6.682854094952e+03 
       7.011674638742e-03       6.686398979242e+03 
       7.018182103467e-03       6.689940266524e+03 
       7.024689934608e-03       6.693477956497e+03 
       7.031198131673e-03       6.697012054635e+03 
       7.037706694177e-03       6.700542561032e+03 
       7.044215621633e-03       6.704069477474e+03 
       7.050724913559e-03       6.707592805754e+03 
       7.057234569475e-03       6.711112547675e+03 
       7.063744588901e-03       6.714628705021e+03 
       7.070254971362e-03       6.718141278402e+03 
       7.076765716384e-03       6.721650271754e+03 
       7.083276823496e-03       6.725155685889e+03 
       7.089788292227e-03       6.728657522605e+03 
       7.096300122111e-03       6.732155783708e+03 
       7.102812312682e-03       6.735650471653e+03 
       7.109324863478e-03       6.739141584475e+03 
       7.115837774039e-03       6.742629129146e+03 
       7.122351043906e-03       6.746113104805e+03 
       7.128864672622e-03       6.749593514197e+03 
       7.135378659733e-03       6.753070358692e+03 
       7.141893004789e-03       6.756543640092e+03 
       7.148407707338e-03       6.760013360205e+03 
       7.154922766933e-03       6.763479520850e+03 
       7.161438183129e-03       6.766942123811e+03 
       7.167953955482e-03       6.770401168442e+03 
       7.174470083551e-03       6.773856660944e+03 
       7.180986566897e-03       6.777308601101e+03 
       7.187503405083e-03       6.780756990722e+03 
       7.194020597674e-03       6.784201831614e+03 
       7.200538144237e-03       6.787643125590e+03 
       7.207056044341e-03       6.791080873249e+03 
       7.213574297557e-03       6.794515078509e+03 
       7.220092903459e-03       6.797945742212e+03 
       7.226611861623e-03       6.801372866173e+03 
       7.233131171625e-03       6.804796452214e+03 
       7.239650833045e-03       6.808216502164e+03 
       7.246170845465e-03       6.811633016104e+03 
       7.252691208468e-03       6.815045998879e+03 
       7.259211921640e-03       6.818455450907e+03 
       7.265732984568e-03       6.821861373370e+03 
       7.272254396841e-03       6.825263769175e+03 
       7.278776158052e-03       6.828662639642e+03 
       7.285298267794e-03       6.832057986591e+03 
       7.291820725663e-03       6.835449811846e+03 
       7.298343531255e-03       6.838838117232e+03 
       7.304866684171e-03       6.842222902210e+03 
       7.311390184011e-03       6.845604172758e+03 
       7.317914030379e-03       6.848981928739e+03 
       7.324438222881e-03       6.852356171998e+03 
       7.330962761123e-03       6.855726904350e+03 
       7.337487644716e-03       6.859094127620e+03 
       7.344012873269e-03       6.862457843634e+03 
       7.350538446396e-03       6.865818052819e+03 
       7.357064363712e-03       6.869174759404e+03 
       7.363590624833e-03       6.872527964098e+03 
       7.370117229379e-03       6.875877668724e+03 
       7.376644176970e-03       6.879223875114e+03 
       7.383171467228e-03       6.882566585093e+03 
       7.389699099778e-03       6.885905798566e+03 
       7.396227074246e-03       6.889241520763e+03 
       7.402755390260e-03       6.892573751428e+03 
       7.409284047450e-03       6.895902493172e+03 
       7.415813045448e-03       6.899227747543e+03 
       7.422342383888e-03       6.902549516302e+03 
       7.428872062404e-03       6.905867801275e+03 
       7.435402080634e-03       6.909182604297e+03 
       7.441932438217e-03       6.912493927217e+03 
       7.448463134795e-03       6.915801769206e+03 
       7.454994170009e-03       6.919106136751e+03 
       7.461525543505e-03       6.922407029517e+03 
       7.468057254929e-03       6.925704449322e+03 
       7.474589303928e-03       6.928998397989e+03 
       7.481121690153e-03       6.932288877346e+03 
       7.487654413256e-03       6.935575889531e+03 
       7.494187472889e-03       6.938859433922e+03 
       7.500720868708e-03       6.942139515958e+03 
       7.507254600371e-03       6.945416135914e+03 
       7.513788667534e-03       6.948689295610e+03 
       7.520323069860e-03       6.951958996877e+03 
       7.526857807011e-03       6.955225241427e+03 
       7.533392878649e-03       6.958488029290e+03 
       7.539928284441e-03       6.961747365758e+03 
       7.546464024055e-03       6.965003250399e+03 
       7.553000097159e-03       6.968255686140e+03 
       7.559536503424e-03       6.971504674287e+03 
       7.566073242522e-03       6.974750216658e+03 
       7.572610314129e-03       6.977992315076e+03 
       7.579147717919e-03       6.981230971378e+03 
       7.585685453570e-03       6.984466187418e+03 
       7.592223520762e-03       6.987697962117e+03 
       7.598761919175e-03       6.990926302440e+03 
       7.605300648492e-03       6.994151207850e+03 
       7.611839708397e-03       6.997372680164e+03 
       7.618379098576e-03       7.000590721200e+03 
       7.624918818717e-03       7.003805332781e+03 
       7.631458868509e-03       7.007016515302e+03 
       7.637999247643e-03       7.010224273247e+03 
       7.644539955810e-03       7.013428607067e+03 
       7.651080992706e-03       7.016629518667e+03 
       7.657622358026e-03       7.019827009878e+03 
       7.664164051467e-03       7.023021082542e+03 
       7.670706072728e-03       7.026211736270e+03 
       7.677248421511e-03       7.029398977257e+03 
       7.683791097516e-03       7.032582804747e+03 
       7.690334100447e-03       7.035763220233e+03 
       7.696877430011e-03       7.038940226720e+03 
       7.703421085913e-03       7.042113825484e+03 
       7.709965067863e-03       7.045284018354e+03 
       7.716509375571e-03       7.048450807164e+03 
       7.723054008747e-03       7.051614193753e+03 
       7.729598967106e-03       7.054774179972e+03 
       7.736144250362e-03       7.057930764587e+03 
       7.742689858231e-03       7.061083954823e+03 
       7.749235790432e-03       7.064233750014e+03 
       7.755782046683e-03       7.067380151986e+03 
       7.762328626705e-03       7.070523162568e+03 
       7.768875530222e-03       7.073662783593e+03 
       7.775422756956e-03       7.076799016674e+03 
       7.781970306634e-03       7.079931862570e+03 
       7.788518178982e-03       7.083061325478e+03 
       7.795066373730e-03       7.086187406048e+03 
       7.801614890606e-03       7.089310106111e+03 
       7.808163729343e-03       7.092429427509e+03 
       7.814712889674e-03       7.095545372729e+03 
       7.821262371333e-03       7.098657939295e+03 
       7.827812174056e-03       7.101767135162e+03 
       7.834362297581e-03       7.104872958883e+03 
       7.840912741646e-03       7.107975413512e+03 
       7.847463505993e-03       7.111074500284e+03 
       7.854014590362e-03       7.114170221037e+03 
       7.860565994498e-03       7.117262577599e+03 
       7.867117718146e-03       7.120351571810e+03 
       7.873669761050e-03       7.123437205513e+03 
       7.880222122960e-03       7.126519477507e+03 
       7.886774803624e-03       7.129598394989e+03 
       7.893327802794e-03       7.132673957293e+03 
       7.899881120220e-03       7.135746166238e+03 
       7.906434755657e-03       7.138815023653e+03 
       7.912988708859e-03       7.141880531367e+03 
       7.919542979583e-03       7.144942691210e+03 
       7.926097567586e-03       7.148001503330e+03 
       7.932652472628e-03       7.151056972509e+03 
       7.939207694470e-03       7.154109099200e+03 
       7.945763232872e-03       7.157157885227e+03 
       7.952319087599e-03       7.160203332422e+03 
       7.958875258415e-03       7.163245442629e+03 
       7.965431745086e-03       7.166284215410e+03 
       7.971988547380e-03       7.169319656614e+03 
       7.978545665066e-03       7.172351766200e+03 
       7.985103097914e-03       7.175380545182e+03 
       7.991660845695e-03       7.178405996799e+03 
       7.998218908183e-03       7.181428122213e+03 
       8.004777285152e-03       7.184446923251e+03 
       8.011335976378e-03       7.187462401741e+03 
       8.017894981638e-03       7.190474559518e+03 
       8.024454300710e-03       7.193483398320e+03 
       8.031013933374e-03       7.196488916813e+03 
       8.037573879411e-03       7.199491122672e+03 
       8.044134138603e-03       7.202490014971e+03 
       8.050694710735e-03       7.205485595525e+03 
       8.057255595591e-03       7.208477866155e+03 
       8.063816792958e-03       7.211466828685e+03 
       8.070378302624e-03       7.214452485524e+03 
       8.076940124377e-03       7.217434834866e+03 
       8.083502258009e-03       7.220413883608e+03 
       8.090064703310e-03       7.223389631447e+03 
       8.096627460074e-03       7.226362080205e+03 
       8.103190528095e-03       7.229331231707e+03 
       8.109753907169e-03       7.232297087789e+03 
       8.116317597092e-03       7.235259647774e+03 
       8.122881597662e-03       7.238218917928e+03 
       8.129445908680e-03       7.241174897990e+03 
       8.136010529946e-03       7.244127588966e+03 
       8.142575461261e-03       7.247076994152e+03 
       8.149140702430e-03       7.250023114671e+03 
       8.155706253256e-03       7.252965952336e+03 
       8.162272113546e-03       7.255905508969e+03 
       8.168838283106e-03       7.258841786397e+03 
       8.175404761745e-03       7.261774786785e+03 
       8.181971549272e-03       7.264704507267e+03 
       8.188538645499e-03       7.267630957243e+03 
       8.195106050237e-03       7.270554135141e+03 
       8.201673763300e-03       7.273474042771e+03 
       8.208241784501e-03       7.276390681943e+03 
       8.214810113658e-03       7.279304054471e+03 
       8.221378750587e-03       7.282214162580e+03 
       8.227947695105e-03       7.285121004900e+03 
       8.234516947034e-03       7.288024587959e+03 
       8.241086506193e-03       7.290924911543e+03 
       8.247656372404e-03       7.293821977465e+03 
       8.254226545490e-03       7.296715787539e+03 
       8.260797025276e-03       7.299606343593e+03 
       8.267367811587e-03       7.302493644873e+03 
       8.273938904251e-03       7.305377697770e+03 
       8.280510303094e-03       7.308258501965e+03 
       8.287082007945e-03       7.311136058765e+03 
       8.293654018637e-03       7.314010370869e+03 
       8.300226334998e-03       7.316881439678e+03 
       8.306798956864e-03       7.319749267009e+03 
       8.313371884066e-03       7.322613852551e+03 
       8.319945116441e-03       7.325475201890e+03 
       8.326518653824e-03       7.328333315074e+03 
       8.333092496054e-03       7.331188193912e+03 
       8.339666642967e-03       7.334039839115e+03 
       8.346241094405e-03       7.336888254444e+03 
       8.352815850208e-03       7.339733440796e+03 
       8.359390910218e-03       7.342575399982e+03 
       8.365966274278e-03       7.345414132230e+03 
       8.372541942232e-03       7.348249642132e+03 
       8.379117913926e-03       7.351081928871e+03 
       8.385694189207e-03       7.353910996663e+03 
       8.392270767923e-03       7.356736846161e+03 
       8.398847649921e-03       7.359559479155e+03 
       8.405424835053e-03       7.362378897440e+03 
       8.412002323170e-03       7.365195102809e+03 
       8.418580114123e-03       7.368008097060e+03 
       8.425158207766e-03       7.370817881994e+03 
       8.431736603953e-03       7.373624459418e+03 
       8.438315302541e-03       7.376427831150e+03 
       8.444894303386e-03       7.379227998974e+03 
       8.451473606346e-03       7.382024958889e+03 
       8.458053211280e-03       7.384818723241e+03 
       8.464633118047e-03       7.387609288893e+03 
       8.471213326510e-03       7.390396657628e+03 
       8.477793836530e-03       7.393180831229e+03 
       8.484374647971e-03       7.395961811479e+03 
       8.490955760698e-03       7.398739600160e+03 
       8.497537174575e-03       7.401514199056e+03 
       8.504118889469e-03       7.404285609953e+03 
       8.510700905249e-03       7.407053834647e+03 
       8.517283221782e-03       7.409818874941e+03 
       8.523865838940e-03       7.412580729597e+03 
       8.530448756592e-03       7.415339405856e+03 
       8.537031974611e-03       7.418094902956e+03 
       8.543615492870e-03       7.420847222672e+03 
       8.550199311244e-03       7.423596366777e+03 
       8.556783429606e-03       7.426342337048e+03 
       8.563367847835e-03       7.429085135266e+03 
       8.569952565806e-03       7.431824763217e+03 
       8.576537583399e-03       7.434561222696e+03 
       8.583122900492e-03       7.437294515508e+03 
       8.589708516967e-03       7.440024638668e+03 
       8.596294432705e-03       7.442751603478e+03 
       8.602880647588e-03       7.445475406079e+03 
       8.609467161500e-03       7.448196048973e+03 
       8.616053974326e-03       7.450913533931e+03 
       8.622641085951e-03       7.453627861779e+03 
       8.629228496263e-03       7.456339036004e+03 
       8.635816205149e-03       7.459047057580e+03 
       8.642404212497e-03       7.461751928282e+03 
       8.648992518198e-03       7.464453649882e+03 
       8.655581122142e-03       7.467152224151e+03 
       8.662170024222e-03       7.469847652868e+03 
       8.668759224330e-03       7.472539937822e+03 
       8.675348722359e-03       7.475229076581e+03 
       8.681938518206e-03       7.477915078528e+03 
       8.688528611765e-03       7.480597941879e+03 
       8.695119002934e-03       7.483277668400e+03 
       8.701709691610e-03       7.485954259854e+03 
       8.708300677693e-03       7.488627718003e+03 
       8.714891961082e-03       7.491298044610e+03 
       8.721483541678e-03       7.493965241532e+03 
       8.728075419384e-03       7.496629307959e+03 
       8.734667594101e-03       7.499290250082e+03 
       8.741260065734e-03       7.501948067637e+03 
       8.747852834188e-03       7.504602762390e+03 
       8.754445899368e-03       7.507254336108e+03 
       8.761039261182e-03       7.509902790557e+03 
       8.767632919537e-03       7.512548127496e+03 
       8.774226874341e-03       7.515190345545e+03 
       8.780821125506e-03       7.517829452164e+03 
       8.787415672940e-03       7.520465446440e+03 
       8.794010516556e-03       7.523098329082e+03 
       8.800605656267e-03       7.525728103746e+03 
       8.807201091986e-03       7.528354771302e+03 
       8.813796823627e-03       7.530978333491e+03 
       8.820392851107e-03       7.533598792073e+03 
       8.826989174341e-03       7.536216148795e+03 
       8.833585793247e-03       7.538830405415e+03 
       8.840182707744e-03       7.541441563706e+03 
       8.846779917750e-03       7.544049620992e+03 
       8.853377423186e-03       7.546654587066e+03 
       8.859975223974e-03       7.549256459916e+03 
       8.866573320034e-03       7.551855241284e+03 
       8.873171711291e-03       7.554450932912e+03 
       8.879770397668e-03       7.557043536541e+03 
       8.886369379090e-03       7.559633053911e+03 
       8.892968655484e-03       7.562219486769e+03 
       8.899568226775e-03       7.564802834528e+03 
       8.906168092892e-03       7.567383103155e+03 
       8.912768253763e-03       7.569960292416e+03 
       8.919368709318e-03       7.572534404053e+03 
       8.925969459487e-03       7.575105439809e+03 
       8.932570504202e-03       7.577673401429e+03 
       8.939171843395e-03       7.580238290658e+03 
       8.945773477000e-03       7.582800105597e+03 
       8.952375404950e-03       7.585358855248e+03 
       8.958977627180e-03       7.587914537066e+03 
       8.965580143627e-03       7.590467153338e+03 
       8.972182954226e-03       7.593016704620e+03 
       8.978786058918e-03       7.595563194760e+03 
       8.985389457638e-03       7.598106624505e+03 
       8.991993150328e-03       7.600646995587e+03 
       8.998597136928e-03       7.603184309732e+03 
       9.005201417379e-03       7.605718568675e+03 
       9.011805991623e-03       7.608249774153e+03 
       9.018410859604e-03       7.610777929159e+03 
       9.025016021265e-03       7.613303026792e+03 
       9.031621476551e-03       7.615825081420e+03 
       9.038227225409e-03       7.618344089363e+03 
       9.044833267785e-03       7.620860052343e+03 
       9.051439603626e-03       7.623372972079e+03 
       9.058046232880e-03       7.625882850291e+03 
       9.064653155498e-03       7.628389688701e+03 
       9.071260371429e-03       7.630893489930e+03 
       9.077867880625e-03       7.633394250385e+03 
       9.084475683036e-03       7.635891979233e+03 
       9.091083778617e-03       7.638386675077e+03 
       9.097692167320e-03       7.640878339640e+03 
       9.104300849101e-03       7.643366974645e+03 
       9.110909823914e-03       7.645852581819e+03 
       9.117519091716e-03       7.648335162816e+03 
       9.124128652463e-03       7.650814716043e+03 
       9.130738506115e-03       7.653291249402e+03 
       9.137348652629e-03       7.655764761677e+03 
       9.143959091965e-03       7.658235253442e+03 
       9.150569824084e-03       7.660702728476e+03 
       9.157180848946e-03       7.663167187525e+03 
       9.163792166515e-03       7.665628632298e+03 
       9.170403776754e-03       7.668087064503e+03 
       9.177015679625e-03       7.670542485849e+03 
       9.183627875094e-03       7.672994898049e+03 
       9.190240363127e-03       7.675444302824e+03 
       9.196853143689e-03       7.677890697103e+03 
       9.203466216748e-03       7.680334091320e+03 
       9.210079582273e-03       7.682774483082e+03 
       9.216693240231e-03       7.685211874092e+03 
       9.223307190593e-03       7.687646266051e+03 
       9.229921433329e-03       7.690077660656e+03 
       9.236535968410e-03       7.692506059607e+03 
       9.243150795809e-03       7.694931464604e+03 
       9.249765915499e-03       7.697353874826e+03 
       9.256381327453e-03       7.699773296557e+03 
       9.262997031646e-03       7.702189729337e+03 
       9.269613028054e-03       7.704603174866e+03 
       9.276229316653e-03       7.707013634849e+03 
       9.282845897420e-03       7.709421110985e+03 
       9.289462770333e-03       7.711825604982e+03 
       9.296079935370e-03       7.714227115232e+03 
       9.302697392512e-03       7.716625649416e+03 
       9.309315141738e-03       7.719021206466e+03 
       9.315933183029e-03       7.721413787984e+03 
       9.322551516368e-03       7.723803394518e+03 
       9.329170141737e-03       7.726190029941e+03 
       9.335789059120e-03       7.728573694908e+03 
       9.342408268501e-03       7.730954391092e+03 
       9.349027769865e-03       7.733332120192e+03 
       9.355647563198e-03       7.735706883895e+03 
       9.362267648487e-03       7.738078683891e+03 
       9.368888025720e-03       7.740447521887e+03 
       9.375508694884e-03       7.742813394349e+03 
       9.382129655969e-03       7.745176312496e+03 
       9.388750908964e-03       7.747536273530e+03 
       9.395372453860e-03       7.749893279133e+03 
       9.401994290649e-03       7.752247330981e+03 
       9.408616419323e-03       7.754598430752e+03 
       9.415238839875e-03       7.756946580122e+03 
       9.421861552298e-03       7.759291780774e+03 
       9.428484556588e-03       7.761634031699e+03 
       9.435107852739e-03       7.763973339474e+03 
       9.441731440748e-03       7.766309703466e+03 
       9.448355320611e-03       7.768643125348e+03 
       9.454979492326e-03       7.770973606799e+03 
       9.461603955891e-03       7.773301149497e+03 
       9.468228711307e-03       7.775625755127e+03 
       9.474853758572e-03       7.777947426246e+03 
       9.481479097687e-03       7.780266157816e+03 
       9.488104728654e-03       7.782581961595e+03 
       9.494730651475e-03       7.784894834875e+03 
       9.501356866153e-03       7.787204778010e+03 
       9.507983372692e-03       7.789511795057e+03 
       9.514610171096e-03       7.791815886559e+03 
       9.521237261371e-03       7.794117054180e+03 
       9.527864643522e-03       7.796415299586e+03 
       9.534492317557e-03       7.798710624443e+03 
       9.541120283482e-03       7.801003030422e+03 
       9.547748541307e-03       7.803292519205e+03 
       9.554377091040e-03       7.805579087198e+03 
       9.561005932690e-03       7.807862745733e+03 
       9.567635066269e-03       7.810143491884e+03 
       9.574264491788e-03       7.812421327322e+03 
       9.580894209258e-03       7.814696253698e+03 
       9.587524218693e-03       7.816968272670e+03 
       9.594154520106e-03       7.819237385893e+03 
       9.600785113510e-03       7.821503595027e+03 
       9.607415998922e-03       7.823766902774e+03 
       9.614047176357e-03       7.826027304592e+03 
       9.620678645830e-03       7.828284810872e+03 
       9.627310407360e-03       7.830539419583e+03 
       9.633942460964e-03       7.832791132379e+03 
       9.640574806662e-03       7.835039950916e+03 
       9.647207444471e-03       7.837285876852e+03 
       9.653840374412e-03       7.839528911851e+03 
       9.660473596507e-03       7.841769053677e+03 
       9.667107110776e-03       7.844006311116e+03 
       9.673740917242e-03       7.846240682456e+03 
       9.680375015928e-03       7.848472169622e+03 
       9.687009406858e-03       7.850700771946e+03 
       9.693644090055e-03       7.852926494577e+03 
       9.700279065546e-03       7.855149337630e+03 
       9.706914333355e-03       7.857369302744e+03 
       9.713549893510e-03       7.859586391566e+03 
       9.720185746038e-03       7.861800605737e+03 
       9.726821890966e-03       7.864011946910e+03 
       9.733458328324e-03       7.866220416742e+03 
       9.740095058141e-03       7.868426011293e+03 
       9.746732080447e-03       7.870628742472e+03 
       9.753369395273e-03       7.872828607080e+03 
       9.760007002651e-03       7.875025606737e+03 
       9.766644902612e-03       7.877219743076e+03 
       9.773283095190e-03       7.879411017732e+03 
       9.779921580418e-03       7.881599432337e+03 
       9.786560358330e-03       7.883784988520e+03 
       9.793199428963e-03       7.885967688140e+03 
       9.799838792351e-03       7.888147529024e+03 
       9.806478448531e-03       7.890324519247e+03 
       9.813118397541e-03       7.892498657488e+03 
       9.819758639417e-03       7.894669945377e+03 
       9.826399174199e-03       7.896838384546e+03 
       9.833040001925e-03       7.899003976627e+03 
       9.839681122637e-03       7.901166723259e+03 
       9.846322536374e-03       7.903326627600e+03 
       9.852964243178e-03       7.905483682203e+03 
       9.859606243090e-03       7.907637901553e+03 
       9.866248536154e-03       7.909789281842e+03 
       9.872891122413e-03       7.911937823285e+03 
       9.879534001911e-03       7.914083530097e+03 
       9.886177174692e-03       7.916226402672e+03 
       9.892820640803e-03       7.918366442627e+03 
       9.899464400289e-03       7.920503651583e+03 
       9.906108453197e-03       7.922638031156e+03 
       9.912752799575e-03       7.924769582971e+03 
       9.919397439470e-03       7.926898308658e+03 
       9.926042372932e-03       7.929024209649e+03 
       9.932687600011e-03       7.931147281889e+03 
       9.939333120756e-03       7.933267537970e+03 
       9.945978935218e-03       7.935384974251e+03 
       9.952625043449e-03       7.937499592313e+03 
       9.959271445501e-03       7.939611393791e+03 
       9.965918141427e-03       7.941720380284e+03 
       9.972565131281e-03       7.943826553401e+03 
       9.979212415116e-03       7.945929914756e+03 
       9.985859992988e-03       7.948030464471e+03 
       9.992507864953e-03       7.950128205144e+03 
       9.999156031066e-03       7.952223140321e+03 
       1.000580449138e-02       7.954315269116e+03 
       1.001245324597e-02       7.956404594998e+03 
       1.001910229487e-02       7.958491118661e+03 
       1.002575163815e-02       7.960574842185e+03 
       1.003240127588e-02       7.962655764098e+03 
       1.003905120810e-02       7.964733890439e+03 
       1.004570143488e-02       7.966809220911e+03 
       1.005235195629e-02       7.968881757111e+03 
       1.005900277238e-02       7.970951500645e+03 
       1.006565388322e-02       7.973018453124e+03 
       1.007230528887e-02       7.975082616169e+03 
       1.007895698940e-02       7.977143991409e+03 
       1.008560898486e-02       7.979202573913e+03 
       1.009226127534e-02       7.981258377294e+03 
       1.009891386088e-02       7.983311397472e+03 
       1.010556674156e-02       7.985361636033e+03 
       1.011221991745e-02       7.987409094562e+03 
       1.011887338861e-02       7.989453774650e+03 
       1.012552715512e-02       7.991495677895e+03 
       1.013218121704e-02       7.993534805901e+03 
       1.013883557444e-02       7.995571157034e+03 
       1.014549022739e-02       7.997604738811e+03 
       1.015214517597e-02       7.999635550056e+03 
       1.015880042024e-02       8.001663592326e+03 
       1.016545596028e-02       8.003688867207e+03 
       1.017211179617e-02       8.005711376285e+03 
       1.017876792797e-02       8.007731121153e+03 
       1.018542435576e-02       8.009748103417e+03 
       1.019208107962e-02       8.011762319872e+03 
       1.019873809962e-02       8.013773780929e+03 
       1.020539541584e-02       8.015782484013e+03 
       1.021205302836e-02       8.017788429254e+03 
       1.021871093724e-02       8.019791620820e+03 
       1.022536914258e-02       8.021792059168e+03 
       1.023202764445e-02       8.023789745805e+03 
       1.023868644293e-02       8.025784682299e+03 
       1.024534553810e-02       8.027776870229e+03 
       1.025200493004e-02       8.029766311180e+03 
       1.025866461883e-02       8.031753006746e+03 
       1.026532460456e-02       8.033736958536e+03 
       1.027198488731e-02       8.035718161230e+03 
       1.027864546716e-02       8.037696629111e+03 
       1.028530634419e-02       8.039672357747e+03 
       1.029196751850e-02       8.041645348700e+03 
       1.029862899015e-02       8.043615603534e+03 
       1.030529075926e-02       8.045583123812e+03 
       1.031195282588e-02       8.047547911102e+03 
       1.031861519013e-02       8.049509966978e+03 
       1.032527785207e-02       8.051469290067e+03 
       1.033194081181e-02       8.053425886880e+03 
       1.033860406943e-02       8.055379757317e+03 
       1.034526762502e-02       8.057330902510e+03 
       1.035193147867e-02       8.059279324023e+03 
       1.035859563047e-02       8.061225021977e+03 
       1.036526008051e-02       8.063168000597e+03 
       1.037192482889e-02       8.065108258542e+03 
       1.037858987570e-02       8.067045800421e+03 
       1.038525522103e-02       8.068980626322e+03 
       1.039192086497e-02       8.070912737805e+03 
       1.039858680762e-02       8.072842136433e+03 
       1.040525304908e-02       8.074768823772e+03 
       1.041191958944e-02       8.076692801394e+03 
       1.041858642880e-02       8.078614070884e+03 
       1.042525356725e-02       8.080532626935e+03 
       1.043192100489e-02       8.082448483754e+03 
       1.043858874183e-02       8.084361636912e+03 
       1.044525677815e-02       8.086272087936e+03 
       1.045192511396e-02       8.088179838367e+03 
       1.045859374937e-02       8.090084889756e+03 
       1.046526268446e-02       8.091987243654e+03 
       1.047193191934e-02       8.093886901618e+03 
       1.047860145412e-02       8.095783865530e+03 
       1.048527128889e-02       8.097678132062e+03 
       1.049194142377e-02       8.099569710920e+03 
       1.049861185884e-02       8.101458599920e+03 
       1.050528259422e-02       8.103344800599e+03 
       1.051195363002e-02       8.105228314496e+03 
       1.051862496633e-02       8.107109143156e+03 
       1.052529660327e-02       8.108987288138e+03 
       1.053196854093e-02       8.110862749984e+03 
       1.053864077944e-02       8.112735527619e+03 
       1.054531331889e-02       8.114605629980e+03 
       1.055198615940e-02       8.116473054700e+03 
       1.055865930107e-02       8.118337801529e+03 
       1.056533274401e-02       8.120199875279e+03 
       1.057200648834e-02       8.122059275919e+03 
       1.057868053417e-02       8.123916004976e+03 
       1.058535488160e-02       8.125770063976e+03 
       1.059202953075e-02       8.127621454457e+03 
       1.059870448173e-02       8.129470177961e+03 
       1.060537973466e-02       8.131316236056e+03 
       1.061205528964e-02       8.133159629418e+03 
       1.061873114680e-02       8.135000354131e+03 
       1.062540730625e-02       8.136838423962e+03 
       1.063208376810e-02       8.138673834295e+03 
       1.063876053248e-02       8.140506586647e+03 
       1.064543759949e-02       8.142336682531e+03 
       1.065211496926e-02       8.144164123465e+03 
       1.065879264190e-02       8.145988910973e+03 
       1.066547061753e-02       8.147811046586e+03 
       1.067214889628e-02       8.149630527876e+03 
       1.067882747825e-02       8.151447363658e+03 
       1.068550636358e-02       8.153261551998e+03 
       1.069218555238e-02       8.155073094415e+03 
       1.069886504478e-02       8.156881992423e+03 
       1.070554484089e-02       8.158688247543e+03 
       1.071222494084e-02       8.160491861296e+03 
       1.071890534476e-02       8.162292835756e+03 
       1.072558605276e-02       8.164091165087e+03 
       1.073226706498e-02       8.165886862983e+03 
       1.073894838153e-02       8.167679925425e+03 
       1.074563000254e-02       8.169470352124e+03 
       1.075231192814e-02       8.171258147912e+03 
       1.075899415846e-02       8.173043312723e+03 
       1.076567669363e-02       8.174825848057e+03 
       1.077235953376e-02       8.176605755420e+03 
       1.077904267899e-02       8.178383036317e+03 
       1.078572612945e-02       8.180157692258e+03 
       1.079240988528e-02       8.181929724761e+03 
       1.079909394659e-02       8.183699135169e+03 
       1.080577831352e-02       8.185465917471e+03 
       1.081246298620e-02       8.187230087525e+03 
       1.081914796477e-02       8.188991639961e+03 
       1.082583324935e-02       8.190750576272e+03 
       1.083251884009e-02       8.192506897953e+03 
       1.083920473711e-02       8.194260606500e+03 
       1.084589094054e-02       8.196011703410e+03 
       1.085257745053e-02       8.197760190185e+03 
       1.085926426721e-02       8.199506064429e+03 
       1.086595139072e-02       8.201249334754e+03 
       1.087263882118e-02       8.202989999366e+03 
       1.087932655875e-02       8.204728059685e+03 
       1.088601460355e-02       8.206463517203e+03 
       1.089270295573e-02       8.208196373416e+03 
       1.089939161542e-02       8.209926629827e+03 
       1.090608058277e-02       8.211654287942e+03 
       1.091276985791e-02       8.213379343571e+03 
       1.091945944098e-02       8.215101808732e+03 
       1.092614933214e-02       8.216821679905e+03 
       1.093283953151e-02       8.218538959131e+03 
       1.093953003924e-02       8.220253644144e+03 
       1.094622085547e-02       8.221965741907e+03 
       1.095291198035e-02       8.223675251538e+03 
       1.095960341403e-02       8.225382174516e+03 
       1.096629515664e-02       8.227086512328e+03 
       1.097298720833e-02       8.228788266458e+03 
       1.097967956925e-02       8.230487438402e+03 
       1.098637223954e-02       8.232184029661e+03 
       1.099306521935e-02       8.233878033707e+03 
       1.099975850883e-02       8.235569466933e+03 
       1.100645210813e-02       8.237258323634e+03 
       1.101314601739e-02       8.238944605322e+03 
       1.101984023677e-02       8.240628313463e+03 
       1.102653476641e-02       8.242309449526e+03 
       1.103322960646e-02       8.243988014984e+03 
       1.103992475708e-02       8.245664011315e+03 
       1.104662021842e-02       8.247337439859e+03 
       1.105331599063e-02       8.249008298067e+03 
       1.106001207385e-02       8.250676595197e+03 
       1.106670846826e-02       8.252342328955e+03 
       1.107340517399e-02       8.254005500798e+03 
       1.108010219120e-02       8.255666112185e+03 
       1.108679952006e-02       8.257324164581e+03 
       1.109349716070e-02       8.258979659466e+03 
       1.110019511330e-02       8.260632599659e+03 
       1.110689337800e-02       8.262282976311e+03 
       1.111359195496e-02       8.263930806578e+03 
       1.112029084435e-02       8.265576085063e+03 
       1.112699004631e-02       8.267218811205e+03 
       1.113368956101e-02       8.268858990143e+03 
       1.114038938861e-02       8.270496621601e+03 
       1.114708952926e-02       8.272131707005e+03 
       1.115378998313e-02       8.273764247805e+03 
       1.116049075039e-02       8.275394245456e+03 
       1.116719183118e-02       8.277021701421e+03 
       1.117389322567e-02       8.278646617176e+03 
       1.118059493403e-02       8.280268994203e+03 
       1.118729695641e-02       8.281888825240e+03 
       1.119399929299e-02       8.283506127914e+03 
       1.120070194392e-02       8.285120895990e+03 
       1.120740490938e-02       8.286733130922e+03 
       1.121410818952e-02       8.288342834094e+03 
       1.122081178452e-02       8.289950006996e+03 
       1.122751569453e-02       8.291554651051e+03 
       1.123421991973e-02       8.293156767708e+03 
       1.124092446028e-02       8.294756360008e+03 
       1.124762931636e-02       8.296353419841e+03 
       1.125433448813e-02       8.297947962295e+03 
       1.126103997576e-02       8.299539983013e+03 
       1.126774577942e-02       8.301129483433e+03 
       1.127445189928e-02       8.302716464994e+03 
       1.128115833551e-02       8.304300929137e+03 
       1.128786508829e-02       8.305882877313e+03 
       1.129457215778e-02       8.307462313492e+03 
       1.130127954416e-02       8.309039224794e+03 
       1.130798724760e-02       8.310613632731e+03 
       1.131469526827e-02       8.312185530292e+03 
       1.132140360636e-02       8.313754916782e+03 
       1.132811226203e-02       8.315321797577e+03 
       1.133482123546e-02       8.316886172234e+03 
       1.134153052683e-02       8.318448042176e+03 
       1.134824013631e-02       8.320007408829e+03 
       1.135495006407e-02       8.321564273623e+03 
       1.136166031031e-02       8.323118637991e+03 
       1.136837087519e-02       8.324670503373e+03 
       1.137508175890e-02       8.326219871226e+03 
       1.138179296160e-02       8.327766733801e+03 
       1.138850448349e-02       8.329311109574e+03 
       1.139521632475e-02       8.330852991866e+03 
       1.140192848555e-02       8.332392382096e+03 
       1.140864096607e-02       8.333929281684e+03 
       1.141535376650e-02       8.335463692045e+03 
       1.142206688703e-02       8.336995614599e+03 
       1.142878032782e-02       8.338525050769e+03 
       1.143549408908e-02       8.340052002584e+03 
       1.144220817097e-02       8.341576464669e+03 
       1.144892257369e-02       8.343098449483e+03 
       1.145563729742e-02       8.344617953450e+03 
       1.146235234235e-02       8.346134977987e+03 
       1.146906770866e-02       8.347649524513e+03 
       1.147578339655e-02       8.349161594449e+03 
       1.148249940619e-02       8.350671189227e+03 
       1.148921573777e-02       8.352178310334e+03 
       1.149593239150e-02       8.353682952115e+03 
       1.150264936754e-02       8.355185128972e+03 
       1.150936666610e-02       8.356684836165e+03 
       1.151608428736e-02       8.358182073197e+03 
       1.152280223152e-02       8.359676844689e+03 
       1.152952049876e-02       8.361169150939e+03 
       1.153623908928e-02       8.362658993074e+03 
       1.154295800327e-02       8.364146372504e+03 
       1.154967724092e-02       8.365631290636e+03 
       1.155639680242e-02       8.367113748884e+03 
       1.156311668798e-02       8.368593748668e+03 
       1.156983689778e-02       8.370071291416e+03 
       1.157655743202e-02       8.371546368804e+03 
       1.158327829090e-02       8.373019000974e+03 
       1.158999947461e-02       8.374489179568e+03 
       1.159672098335e-02       8.375956906488e+03 
       1.160344281731e-02       8.377422183125e+03 
       1.161016497669e-02       8.378885010873e+03 
       1.161688746170e-02       8.380345391132e+03 
       1.162361027253e-02       8.381803325303e+03 
       1.163033340937e-02       8.383258814798e+03 
       1.163705687244e-02       8.384711856055e+03 
       1.164378066193e-02       8.386162459741e+03 
       1.165050477804e-02       8.387610622771e+03 
       1.165722922097e-02       8.389056346560e+03 
       1.166395399093e-02       8.390499632495e+03 
       1.167067908811e-02       8.391940481965e+03 
       1.167740451273e-02       8.393378896367e+03 
       1.168413026498e-02       8.394814877111e+03 
       1.169085634507e-02       8.396248417674e+03 
       1.169758275321e-02       8.397679535577e+03 
       1.170430948959e-02       8.399108222666e+03 
       1.171103655443e-02       8.400534481506e+03 
       1.171776394793e-02       8.401958311068e+03 
       1.172449167030e-02       8.403379717213e+03 
       1.173121972175e-02       8.404798699179e+03 
       1.173794810248e-02       8.406215258342e+03 
       1.174467681270e-02       8.407629396078e+03 
       1.175140585263e-02       8.409041113769e+03 
       1.175813522247e-02       8.410450412806e+03 
       1.176486492243e-02       8.411857294589e+03 
       1.177159495272e-02       8.413261760538e+03 
       1.177832531356e-02       8.414663801997e+03 
       1.178505600515e-02       8.416063439085e+03 
       1.179178702771e-02       8.417460664233e+03 
       1.179851838146e-02       8.418855478811e+03 
       1.180525006660e-02       8.420247884183e+03 
       1.181198208334e-02       8.421637881716e+03 
       1.181871443191e-02       8.423025472781e+03 
       1.182544711252e-02       8.424410658749e+03 
       1.183218012539e-02       8.425793441006e+03 
       1.183891347072e-02       8.427173815639e+03 
       1.184564714875e-02       8.428551793884e+03 
       1.185238115967e-02       8.429927372405e+03 
       1.185911550372e-02       8.431300552571e+03 
       1.186585018111e-02       8.432671335750e+03 
       1.187258519206e-02       8.434039723312e+03 
       1.187932053679e-02       8.435405716628e+03 
       1.188605621552e-02       8.436769317079e+03 
       1.189279222847e-02       8.438130517688e+03 
       1.189952857585e-02       8.439489336805e+03 
       1.190626525790e-02       8.440845765766e+03 
       1.191300227483e-02       8.442199807153e+03 
       1.191973962688e-02       8.443551459801e+03 
       1.192647731425e-02       8.444900729781e+03 
       1.193321533717e-02       8.446247616208e+03 
       1.193995369587e-02       8.447592120435e+03 
       1.194669239058e-02       8.448934243820e+03 
       1.195343142151e-02       8.450273987721e+03 
       1.196017078890e-02       8.451611353500e+03 
       1.196691049296e-02       8.452946342524e+03 
       1.197365053394e-02       8.454278956180e+03 
       1.198039091205e-02       8.455609185656e+03 
       1.198713162752e-02       8.456937051116e+03 
       1.199387268058e-02       8.458262545225e+03 
       1.200061407147e-02       8.459585669139e+03 
       1.200735580040e-02       8.460906424207e+03 
       1.201409786762e-02       8.462224811776e+03 
       1.202084027335e-02       8.463540833197e+03 
       1.202758301782e-02       8.464854489819e+03 
       1.203432610126e-02       8.466165783000e+03 
       1.204106952391e-02       8.467474708271e+03 
       1.204781328600e-02       8.468781278354e+03 
       1.205455738776e-02       8.470085488456e+03 
       1.206130182943e-02       8.471387340355e+03 
       1.206804661125e-02       8.472686835392e+03 
       1.207479173343e-02       8.473983974917e+03 
       1.208153719623e-02       8.475278760283e+03 
       1.208828299988e-02       8.476571192851e+03 
       1.209502914461e-02       8.477861274137e+03 
       1.210177563067e-02       8.479148996954e+03 
       1.210852245828e-02       8.480434378182e+03 
       1.211526962770e-02       8.481717411818e+03 
       1.212201713915e-02       8.482998100266e+03 
       1.212876499287e-02       8.484276438795e+03 
       1.213551318912e-02       8.485552437255e+03 
       1.214226172811e-02       8.486826093379e+03 
       1.214901061011e-02       8.488097408498e+03 
       1.215575983535e-02       8.489366383951e+03 
       1.216250940406e-02       8.490633021087e+03 
       1.216925931650e-02       8.491897321237e+03 
       1.217600957291e-02       8.493159285776e+03 
       1.218276017353e-02       8.494418915801e+03 
       1.218951111860e-02       8.495676201945e+03 
       1.219626240837e-02       8.496931166210e+03 
       1.220301404309e-02       8.498183799942e+03 
       1.220976602300e-02       8.499434104457e+03 
       1.221651834834e-02       8.500682081073e+03 
       1.222327101937e-02       8.501927731110e+03 
       1.223002403633e-02       8.503171055909e+03 
       1.223677739947e-02       8.504412056761e+03 
       1.224353110903e-02       8.505650735052e+03 
       1.225028516528e-02       8.506887086243e+03 
       1.225703956845e-02       8.508121122589e+03 
       1.226379431879e-02       8.509352840207e+03 
       1.227054941657e-02       8.510582240393e+03 
       1.227730486202e-02       8.511809324463e+03 
       1.228406065540e-02       8.513034093731e+03 
       1.229081679697e-02       8.514256549521e+03 
       1.229757328697e-02       8.515476693164e+03 
       1.230433012566e-02       8.516694528775e+03 
       1.231108731330e-02       8.517910040654e+03 
       1.231784485013e-02       8.519123254686e+03 
       1.232460273641e-02       8.520334161681e+03 
       1.233136097240e-02       8.521542762774e+03 
       1.233811955835e-02       8.522749058182e+03 
       1.234487849453e-02       8.523953051721e+03 
       1.235163778118e-02       8.525154743435e+03 
       1.235839741857e-02       8.526354134642e+03 
       1.236515740696e-02       8.527551229263e+03 
       1.237191774659e-02       8.528746014022e+03 
       1.237867843774e-02       8.529938510683e+03 
       1.238543948066e-02       8.531128711925e+03 
       1.239220087561e-02       8.532316619056e+03 
       1.239896262286e-02       8.533502233475e+03 
       1.240572472266e-02       8.534685552736e+03 
       1.241248717527e-02       8.535866584952e+03 
       1.241924998097e-02       8.537045328218e+03 
       1.242601314001e-02       8.538221783843e+03 
       1.243277665266e-02       8.539395954397e+03 
       1.243954051917e-02       8.540567832436e+03 
       1.244630473983e-02       8.541737432306e+03 
       1.245306931488e-02       8.542904745207e+03 
       1.245983424460e-02       8.544069780759e+03 
       1.246659952925e-02       8.545232536249e+03 
       1.247336516910e-02       8.546393012966e+03 
       1.248013116442e-02       8.547551212198e+03 
       1.248689751548e-02       8.548707135235e+03 
       1.249366422254e-02       8.549860783368e+03 
       1.250043128587e-02       8.551012157885e+03 
       1.250719870575e-02       8.552161260074e+03 
       1.251396648244e-02       8.553308091228e+03 
       1.252073461621e-02       8.554452652637e+03 
       1.252750310734e-02       8.555594945598e+03 
       1.253427195609e-02       8.556734971425e+03 
       1.254104116275e-02       8.557872731431e+03 
       1.254781072758e-02       8.559008226888e+03 
       1.255458065085e-02       8.560141440375e+03 
       1.256135093284e-02       8.561272408545e+03 
       1.256812157383e-02       8.562401115736e+03 
       1.257489257409e-02       8.563527563220e+03 
       1.258166393389e-02       8.564651752268e+03 
       1.258843565352e-02       8.565773684150e+03 
       1.259520773324e-02       8.566893360133e+03 
       1.260198017334e-02       8.568010781485e+03 
       1.260875297409e-02       8.569125949470e+03 
       1.261552613578e-02       8.570238865356e+03 
       1.262229965868e-02       8.571349530422e+03 
       1.262907354306e-02       8.572457945922e+03 
       1.263584778922e-02       8.573564113155e+03 
       1.264262239743e-02       8.574668033407e+03 
       1.264939736797e-02       8.575769707977e+03 
       1.265617270113e-02       8.576869128388e+03 
       1.266294839718e-02       8.577966314186e+03 
       1.266972445641e-02       8.579061258019e+03 
       1.267650087910e-02       8.580153961050e+03 
       1.268327766555e-02       8.581244424539e+03 
       1.269005481602e-02       8.582332649737e+03 
       1.269683233080e-02       8.583418637908e+03 
       1.270361021019e-02       8.584502390304e+03 
       1.271038845447e-02       8.585583908187e+03 
       1.271716706392e-02       8.586663192825e+03 
       1.272394603883e-02       8.587740245491e+03 
       1.273072537949e-02       8.588815067465e+03 
       1.273750508619e-02       8.589887660034e+03 
       1.274428515922e-02       8.590958024491e+03 
       1.275106559886e-02       8.592026150509e+03 
       1.275784640541e-02       8.593092058999e+03 
       1.276462757915e-02       8.594155744948e+03 
       1.277140912039e-02       8.595217207567e+03 
       1.277819102940e-02       8.596276448104e+03 
       1.278497330648e-02       8.597333467810e+03 
       1.279175595192e-02       8.598388267910e+03 
       1.279853896603e-02       8.599440846595e+03 
       1.280532234908e-02       8.600491210951e+03 
       1.281210610138e-02       8.601539359424e+03 
       1.281889022322e-02       8.602585293267e+03 
       1.282567471490e-02       8.603629013732e+03 
       1.283245957671e-02       8.604670522071e+03 
       1.283924480894e-02       8.605709819538e+03 
       1.284603041191e-02       8.606746907393e+03 
       1.285281638589e-02       8.607781786906e+03 
       1.285960273120e-02       8.608814459326e+03 
       1.286638944813e-02       8.609844913018e+03 
       1.287317653698e-02       8.610873173551e+03 
       1.287996399805e-02       8.611899230532e+03 
       1.288675183164e-02       8.612923085170e+03 
       1.289354003805e-02       8.613944738706e+03 
       1.290032861759e-02       8.614964192382e+03 
       1.290711757055e-02       8.615981447443e+03 
       1.291390689724e-02       8.616996505128e+03 
       1.292069659796e-02       8.618009366686e+03 
       1.292748667301e-02       8.619020033366e+03 
       1.293427712271e-02       8.620028499792e+03 
       1.294106794735e-02       8.621034779549e+03 
       1.294785914724e-02       8.622038868130e+03 
       1.295465072268e-02       8.623040766635e+03 
       1.296144267399e-02       8.624040476294e+03 
       1.296823500147e-02       8.625037998344e+03 
       1.297502770543e-02       8.626033334025e+03 
       1.298182078617e-02       8.627026484586e+03 
       1.298861424401e-02       8.628017451283e+03 
       1.299540807925e-02       8.629006238294e+03 
       1.300220229221e-02       8.629992827972e+03 
       1.300899688319e-02       8.630977249364e+03 
       1.301579185251e-02       8.631959491660e+03 
       1.302258720048e-02       8.632939556592e+03 
       1.302938292741e-02       8.633917440407e+03 
       1.303617903361e-02       8.634893152356e+03 
       1.304297551940e-02       8.635866690025e+03 
       1.304977238509e-02       8.636838054636e+03 
       1.305656963099e-02       8.637807247436e+03 
       1.306336725742e-02       8.638774269593e+03 
       1.307016526470e-02       8.639739122402e+03 
       1.307696365314e-02       8.640701807080e+03 
       1.308376242306e-02       8.641662324869e+03 
       1.309056157478e-02       8.642620677019e+03 
       1.309736110861e-02       8.643576851020e+03 
       1.310416102487e-02       8.644530874127e+03 
       1.311096132389e-02       8.645482734973e+03 
       1.311776200597e-02       8.646432434803e+03 
       1.312456307145e-02       8.647379974820e+03 
       1.313136452064e-02       8.648325356234e+03 
       1.313816635386e-02       8.649268580257e+03 
       1.314496857144e-02       8.650209648106e+03 
       1.315177117370e-02       8.651148561004e+03 
       1.315857416095e-02       8.652085320178e+03 
       1.316537753353e-02       8.653019927874e+03 
       1.317218129176e-02       8.653952374628e+03 
       1.317898543596e-02       8.654882679090e+03 
       1.318578996646e-02       8.655810834550e+03 
       1.319259488359e-02       8.656736842214e+03 
       1.319940018767e-02       8.657660703283e+03 
       1.320620587902e-02       8.658582418963e+03 
       1.321301195798e-02       8.659501990460e+03 
       1.321981842487e-02       8.660419418991e+03 
       1.322662528003e-02       8.661334705782e+03 
       1.323343252377e-02       8.662247844508e+03 
       1.324024015644e-02       8.663158848041e+03 
       1.324704817836e-02       8.664067715684e+03 
       1.325385658987e-02       8.664974446256e+03 
       1.326066539128e-02       8.665879041109e+03 
       1.326747458295e-02       8.666781497458e+03 
       1.327428416519e-02       8.667681823632e+03 
       1.328109413835e-02       8.668580017468e+03 
       1.328790450275e-02       8.669476080155e+03 
       1.329471525874e-02       8.670370012887e+03 
       1.330152640664e-02       8.671261816857e+03 
       1.330833794679e-02       8.672151493270e+03 
       1.331514987954e-02       8.673039043333e+03 
       1.332196220520e-02       8.673924468275e+03 
       1.332877492413e-02       8.674807769306e+03 
       1.333558803666e-02       8.675688933732e+03 
       1.334240154313e-02       8.676567988834e+03 
       1.334921544387e-02       8.677444923636e+03 
       1.335602973923e-02       8.678319739074e+03 
       1.336284442956e-02       8.679192436337e+03 
       1.336965951517e-02       8.680063016605e+03 
       1.337647499643e-02       8.680931481063e+03 
       1.338329087367e-02       8.681797830891e+03 
       1.339010714724e-02       8.682662067282e+03 
       1.339692381747e-02       8.683524191431e+03 
       1.340374088472e-02       8.684384206923e+03 
       1.341055834932e-02       8.685242099878e+03 
       1.341737621162e-02       8.686097893609e+03 
       1.342419447197e-02       8.686951579731e+03 
       1.343101313071e-02       8.687803159428e+03 
       1.343783218819e-02       8.688652633883e+03 
       1.344465164475e-02       8.689500004284e+03 
       1.345147150075e-02       8.690345271820e+03 
       1.345829175653e-02       8.691188437681e+03 
       1.346511241244e-02       8.692029503063e+03 
       1.347193346884e-02       8.692868458845e+03 
       1.347875492606e-02       8.693705325627e+03 
       1.348557678447e-02       8.694540095404e+03 
       1.349239904441e-02       8.695372769250e+03 
       1.349922170624e-02       8.696203349825e+03 
       1.350604477030e-02       8.697031830067e+03 
       1.351286823696e-02       8.697858222781e+03 
       1.351969210655e-02       8.698682524211e+03 
       1.352651637945e-02       8.699504735530e+03 
       1.353334105601e-02       8.700324857911e+03 
       1.354016613657e-02       8.701142892534e+03 
       1.354699162149e-02       8.701958840570e+03 
       1.355381751114e-02       8.702772703197e+03 
       1.356064380587e-02       8.703584481604e+03 
       1.356747050604e-02       8.704394176989e+03 
       1.357429761200e-02       8.705201775695e+03 
       1.358112512411e-02       8.706007306885e+03 
       1.358795304274e-02       8.706810758468e+03 
       1.359478136825e-02       8.707612131467e+03 
       1.360161010099e-02       8.708411427045e+03 
       1.360843924133e-02       8.709208646371e+03 
       1.361526878962e-02       8.710003790608e+03 
       1.362209874624e-02       8.710796860925e+03 
       1.362892911154e-02       8.711587858489e+03 
       1.363575988589e-02       8.712376784497e+03 
       1.364259106965e-02       8.713163640902e+03 
       1.364942266320e-02       8.713948418120e+03 
       1.365625466688e-02       8.714731135465e+03 
       1.366308708107e-02       8.715511785735e+03 
       1.366991990614e-02       8.716290370090e+03 
       1.367675314246e-02       8.717066889693e+03 
       1.368358679038e-02       8.717841345705e+03 
       1.369042085029e-02       8.718613739294e+03 
       1.369725532255e-02       8.719384071635e+03 
       1.370409020752e-02       8.720152343903e+03 
       1.371092550559e-02       8.720918561165e+03 
       1.371776121711e-02       8.721682701195e+03 
       1.372459734247e-02       8.722444799013e+03 
       1.373143388203e-02       8.723204841216e+03 
       1.373827083617e-02       8.723962828918e+03 
       1.374510820526e-02       8.724718759506e+03 
       1.375194598968e-02       8.725472641364e+03 
       1.375878418979e-02       8.726224472137e+03 
       1.376562280598e-02       8.726974252977e+03 
       1.377246183863e-02       8.727721985034e+03 
       1.377930128809e-02       8.728467669462e+03 
       1.378614115477e-02       8.729211307421e+03 
       1.379298143902e-02       8.729952900071e+03 
       1.379982214123e-02       8.730692448576e+03 
       1.380666326179e-02       8.731429954114e+03 
       1.381350480106e-02       8.732165419407e+03 
       1.382034675943e-02       8.732898824507e+03 
       1.382718913728e-02       8.733630206386e+03 
       1.383403193499e-02       8.734359549632e+03 
       1.384087515294e-02       8.735086855382e+03 
       1.384771879152e-02       8.735812124775e+03 
       1.385456285110e-02       8.736535358952e+03 
       1.386140733208e-02       8.737256559053e+03 
       1.386825223484e-02       8.737975726222e+03 
       1.387509755975e-02       8.738692861607e+03 
       1.388194330722e-02       8.739407966360e+03 
       1.388878947761e-02       8.740121044380e+03 
       1.389563607133e-02       8.740832079792e+03 
       1.390248308876e-02       8.741541098628e+03 
       1.390933053028e-02       8.742248091255e+03 
       1.391617839628e-02       8.742953058802e+03 
       1.392302668716e-02       8.743656002402e+03 
       1.392987540330e-02       8.744356923187e+03 
       1.393672454510e-02       8.745055822299e+03 
       1.394357411295e-02       8.745752700883e+03 
       1.395042410723e-02       8.746447560090e+03 
       1.395727452834e-02       8.747140405163e+03 
       1.396412537667e-02       8.747831212722e+03 
       1.397097665262e-02       8.748520019426e+03 
       1.397782835658e-02       8.749206811135e+03 
       1.398468048895e-02       8.749891588980e+03 
       1.399153305012e-02       8.750574350151e+03 
       1.399838604048e-02       8.751255103175e+03 
       1.400523946044e-02       8.751933845711e+03 
       1.401209331039e-02       8.752610578807e+03 
       1.401894759073e-02       8.753285303584e+03 
       1.402580230186e-02       8.753958021164e+03 
       1.403265744418e-02       8.754628732677e+03 
       1.403951301809e-02       8.755297439254e+03 
       1.404636902398e-02       8.755964142030e+03 
       1.405322546227e-02       8.756628842153e+03 
       1.406008233334e-02       8.757291540776e+03 
       1.406693963761e-02       8.757952219940e+03 
       1.407379737547e-02       8.758610919917e+03 
       1.408065554734e-02       8.759267619001e+03 
       1.408751415361e-02       8.759922320828e+03 
       1.409437319469e-02       8.760575026507e+03 
       1.410123267099e-02       8.761225737146e+03 
       1.410809258291e-02       8.761874453857e+03 
       1.411495293085e-02       8.762521177753e+03 
       1.412181371523e-02       8.763165909950e+03 
       1.412867493646e-02       8.763808651570e+03 
       1.413553659494e-02       8.764449403740e+03 
       1.414239869108e-02       8.765088164517e+03 
       1.414926122530e-02       8.765724934790e+03 
       1.415612419800e-02       8.766359724402e+03 
       1.416298760959e-02       8.766992528900e+03 
       1.416985146049e-02       8.767623349399e+03 
       1.417671575111e-02       8.768252187008e+03 
       1.418358048186e-02       8.768879042846e+03 
       1.419044565315e-02       8.769503918020e+03 
       1.419731126541e-02       8.770126813645e+03 
       1.420417731905e-02       8.770747730849e+03 
       1.421104381447e-02       8.771366664227e+03 
       1.421791075211e-02       8.771983621254e+03 
       1.422477813237e-02       8.772598608538e+03 
       1.423164595567e-02       8.773211621654e+03 
       1.423851422243e-02       8.773822661621e+03 
       1.424538293308e-02       8.774431725471e+03 
       1.425225208802e-02       8.775038822303e+03 
       1.425912168769e-02       8.775643949327e+03 
       1.426599173250e-02       8.776247107644e+03 
       1.427286222287e-02       8.776848291576e+03 
       1.427973315923e-02       8.777447515484e+03 
       1.428660454199e-02       8.778044773850e+03 
       1.429347637159e-02       8.778640067815e+03 
       1.430034864844e-02       8.779233398472e+03 
       1.430722137298e-02       8.779824766914e+03 
       1.431409454562e-02       8.780414174241e+03 
       1.432096816679e-02       8.781001621548e+03 
       1.432784223693e-02       8.781587109938e+03 
       1.433471675645e-02       8.782170640524e+03 
       1.434159172579e-02       8.782752216502e+03 
       1.434846714537e-02       8.783331823045e+03 
       1.435534301563e-02       8.783909485870e+03 
       1.436221933699e-02       8.784485195144e+03 
       1.436909610988e-02       8.785058951955e+03 
       1.437597333474e-02       8.785630757390e+03 
       1.438285101200e-02       8.786200612560e+03 
       1.438972914209e-02       8.786768518514e+03 
       1.439660772544e-02       8.787334476403e+03 
       1.440348676250e-02       8.787898487321e+03 
       1.441036625368e-02       8.788460550974e+03 
       1.441724619944e-02       8.789020658870e+03 
       1.442412660020e-02       8.789578834040e+03 
       1.443100745640e-02       8.790135066415e+03 
       1.443788876848e-02       8.790689356931e+03 
       1.444477053687e-02       8.791241702630e+03 
       1.445165276203e-02       8.791792112705e+03 
       1.445853544438e-02       8.792340584280e+03 
       1.446541858436e-02       8.792887118372e+03 
       1.447230218242e-02       8.793431716123e+03 
       1.447918623899e-02       8.793974378596e+03 
       1.448607075453e-02       8.794515106882e+03 
       1.449295572947e-02       8.795053902068e+03 
       1.449984116425e-02       8.795590765254e+03 
       1.450672705932e-02       8.796125697546e+03 
       1.451361341513e-02       8.796658707426e+03 
       1.452050023212e-02       8.797189754433e+03 
       1.452738751073e-02       8.797718898644e+03 
       1.453427525142e-02       8.798246116005e+03 
       1.454116345462e-02       8.798771407616e+03 
       1.454805212080e-02       8.799294774540e+03 
       1.455494125039e-02       8.799816217849e+03 
       1.456183084385e-02       8.800335738614e+03 
       1.456872090162e-02       8.800853337914e+03 
       1.457561142416e-02       8.801369016829e+03 
       1.458250241192e-02       8.801882776447e+03 
       1.458939386535e-02       8.802394608336e+03 
       1.459628578491e-02       8.802904531448e+03 
       1.460317817105e-02       8.803412538483e+03 
       1.461007102421e-02       8.803918630338e+03 
       1.461696434486e-02       8.804422808085e+03 
       1.462385813346e-02       8.804925072800e+03 
       1.463075239045e-02       8.805425425559e+03 
       1.463764711630e-02       8.805923867441e+03 
       1.464454231147e-02       8.806420399542e+03 
       1.465143797640e-02       8.806915022740e+03 
       1.465833411157e-02       8.807407724982e+03 
       1.466523071742e-02       8.807898532851e+03 
       1.467212779443e-02       8.808387435007e+03 
       1.467902534305e-02       8.808874432520e+03 
       1.468592336374e-02       8.809359522276e+03 
       1.469282185697e-02       8.809842712898e+03 
       1.469972082320e-02       8.810324002318e+03 
       1.470662026289e-02       8.810803391251e+03 
       1.471352017651e-02       8.811280880761e+03 
       1.472042056452e-02       8.811756471906e+03 
       1.472732142739e-02       8.812230165761e+03 
       1.473422276559e-02       8.812701963394e+03 
       1.474112457958e-02       8.813171865876e+03 
       1.474802686983e-02       8.813639874294e+03 
       1.475492963682e-02       8.814105989734e+03 
       1.476183288100e-02       8.814570193967e+03 
       1.476873660285e-02       8.815032524731e+03 
       1.477564080284e-02       8.815492965430e+03 
       1.478254548144e-02       8.815951517101e+03 
       1.478945063913e-02       8.816408180694e+03 
       1.479635627637e-02       8.816862957349e+03 
       1.480326239364e-02       8.817315848089e+03 
       1.481016899142e-02       8.817766853966e+03 
       1.481707607018e-02       8.818215976043e+03 
       1.482398363040e-02       8.818663215382e+03 
       1.483089167254e-02       8.819108575694e+03 
       1.483780019710e-02       8.819552039530e+03 
       1.484470920454e-02       8.819993635949e+03 
       1.485161869535e-02       8.820433353680e+03 
       1.485852867000e-02       8.820871193768e+03 
       1.486543912898e-02       8.821307157256e+03 
       1.487235007277e-02       8.821741245190e+03 
       1.487926150184e-02       8.822173458619e+03 
       1.488617341668e-02       8.822603798595e+03 
       1.489308581778e-02       8.823032266180e+03 
       1.489999870561e-02       8.823458859260e+03 
       1.490691208066e-02       8.823883573460e+03 
       1.491382594342e-02       8.824306428727e+03 
       1.492074029436e-02       8.824727415597e+03 
       1.492765513399e-02       8.825146534936e+03 
       1.493457046278e-02       8.825563783360e+03 
       1.494148628122e-02       8.825979170789e+03 
       1.494840258980e-02       8.826392693903e+03 
       1.495531938901e-02       8.826804353733e+03 
       1.496223667934e-02       8.827214151312e+03 
       1.496915446129e-02       8.827622087692e+03 
       1.497607273533e-02       8.828028163869e+03 
       1.498299150198e-02       8.828432380928e+03 
       1.498991076171e-02       8.828834739910e+03 
       1.499683051502e-02       8.829235241881e+03 
       1.500375076240e-02       8.829633895763e+03 
       1.501067150436e-02       8.830030657960e+03 
       1.501759274138e-02       8.830425593135e+03 
       1.502451447397e-02       8.830818675159e+03 
       1.503143670262e-02       8.831209905058e+03 
       1.503835942783e-02       8.831599283865e+03 
       1.504528265009e-02       8.831986812596e+03 
       1.505220636991e-02       8.832372492291e+03 
       1.505913058779e-02       8.832756323977e+03 
       1.506605530423e-02       8.833138308684e+03 
       1.507298051972e-02       8.833518447451e+03 
       1.507990623478e-02       8.833896728944e+03 
       1.508683244991e-02       8.834273179849e+03 
       1.509375916560e-02       8.834647785821e+03 
       1.510068638237e-02       8.835020549794e+03 
       1.510761410072e-02       8.835391472789e+03 
       1.511454232115e-02       8.835760555834e+03 
       1.512147104418e-02       8.836127799956e+03 
       1.512840027031e-02       8.836493206191e+03 
       1.513533000004e-02       8.836856775584e+03 
       1.514226023389e-02       8.837218509179e+03 
       1.514919097237e-02       8.837578393306e+03 
       1.515612221599e-02       8.837936456992e+03 
       1.516305396526e-02       8.838292687760e+03 
       1.516998622069e-02       8.838647086601e+03 
       1.517691898279e-02       8.838999656608e+03 
       1.518385225208e-02       8.839350387244e+03 
       1.519078602908e-02       8.839699295870e+03 
       1.519772031429e-02       8.840046376545e+03 
       1.520465510824e-02       8.840391630283e+03 
       1.521159041143e-02       8.840735058102e+03 
       1.521852622439e-02       8.841076661018e+03 
       1.522546254764e-02       8.841416440057e+03 
       1.523239938169e-02       8.841754396257e+03 
       1.523933672707e-02       8.842090530651e+03 
       1.524627458429e-02       8.842424844287e+03 
       1.525321295388e-02       8.842757320804e+03 
       1.526015183635e-02       8.843087990907e+03 
       1.526709123223e-02       8.843416846205e+03 
       1.527403114205e-02       8.843743884485e+03 
       1.528097156632e-02       8.844069106747e+03 
       1.528791250558e-02       8.844392513994e+03 
       1.529485396035e-02       8.844714107228e+03 
       1.530179593115e-02       8.845033887459e+03 
       1.530873841851e-02       8.845351855698e+03 
       1.531568142296e-02       8.845668012958e+03 
       1.532262494503e-02       8.845982360259e+03 
       1.532956898525e-02       8.846294887743e+03 
       1.533651354415e-02       8.846605616940e+03 
       1.534345862226e-02       8.846914539252e+03 
       1.535040422011e-02       8.847221655470e+03 
       1.535735033824e-02       8.847526966596e+03 
       1.536429697717e-02       8.847830473630e+03 
       1.537124413744e-02       8.848132177576e+03 
       1.537819181959e-02       8.848432079445e+03 
       1.538514002416e-02       8.848730180252e+03 
       1.539208875167e-02       8.849026481015e+03 
       1.539903800267e-02       8.849320967183e+03 
       1.540598777770e-02       8.849613669500e+03 
       1.541293807729e-02       8.849904574519e+03 
       1.541988890198e-02       8.850193683285e+03 
       1.542684025231e-02       8.850480999303e+03 
       1.543379212883e-02       8.850766518685e+03 
       1.544074453208e-02       8.851050244850e+03 
       1.544769746259e-02       8.851332178823e+03 
       1.545465092092e-02       8.851612321636e+03 
       1.546160490761e-02       8.851890649269e+03 
       1.546855942320e-02       8.852167214292e+03 
       1.547551446824e-02       8.852441987351e+03 
       1.548247004327e-02       8.852714972911e+03 
       1.548942614885e-02       8.852986171955e+03 
       1.549638278551e-02       8.853255585473e+03 
       1.550333995382e-02       8.853523214450e+03 
       1.551029765432e-02       8.853789059878e+03 
       1.551725588755e-02       8.854053122749e+03 
       1.552421465408e-02       8.854315404060e+03 
       1.553117395446e-02       8.854575904816e+03 
       1.553813378923e-02       8.854834614335e+03 
       1.554509415896e-02       8.855091555896e+03 
       1.555205506419e-02       8.855346719690e+03 
       1.555901650548e-02       8.855600106713e+03 
       1.556597848339e-02       8.855851717953e+03 
       1.557294099847e-02       8.856101554389e+03 
       1.557990405129e-02       8.856349617013e+03 
       1.558686764240e-02       8.856595906822e+03 
       1.559383177236e-02       8.856840424825e+03 
       1.560079644173e-02       8.857083171468e+03 
       1.560776165108e-02       8.857324132989e+03 
       1.561472740096e-02       8.857563340011e+03 
       1.562169369193e-02       8.857800778954e+03 
       1.562866052457e-02       8.858036450797e+03 
       1.563562789943e-02       8.858270350316e+03 
       1.564259581709e-02       8.858502491165e+03 
       1.564956427810e-02       8.858732867015e+03 
       1.565653328303e-02       8.858961479597e+03 
       1.566350283245e-02       8.859188329889e+03 
       1.567047292694e-02       8.859413418865e+03 
       1.567744356705e-02       8.859636747505e+03 
       1.568441475336e-02       8.859858316796e+03 
       1.569138648644e-02       8.860078127729e+03 
       1.569835876686e-02       8.860296181309e+03 
       1.570533159520e-02       8.860512478540e+03 
       1.571230497202e-02       8.860726997937e+03 
       1.571927889790e-02       8.860939782934e+03 
       1.572625337342e-02       8.861150814619e+03 
       1.573322839916e-02       8.861360093527e+03 
       1.574020397568e-02       8.861567620623e+03 
       1.574718010357e-02       8.861773396875e+03 
       1.575415678341e-02       8.861977423254e+03 
       1.576113401576e-02       8.862179700739e+03 
       1.576811180123e-02       8.862380230292e+03 
       1.577509014038e-02       8.862579012895e+03 
       1.578206903379e-02       8.862776049460e+03 
       1.578904848205e-02       8.862971328899e+03 
       1.579602848575e-02       8.863164875358e+03 
       1.580300904547e-02       8.863356678604e+03 
       1.580999016178e-02       8.863546739574e+03 
       1.581697183529e-02       8.863735059229e+03 
       1.582395406656e-02       8.863921638529e+03 
       1.583093685620e-02       8.864106478459e+03 
       1.583792020480e-02       8.864289579982e+03 
       1.584490411293e-02       8.864470944088e+03 
       1.585188858119e-02       8.864650571263e+03 
       1.585887361017e-02       8.864828446831e+03 
       1.586585920047e-02       8.865004602989e+03 
       1.587284535267e-02       8.865179025378e+03 
       1.587983206736e-02       8.865351714958e+03 
       1.588681934516e-02       8.865522670752e+03 
       1.589380718664e-02       8.865691893341e+03 
       1.590079559240e-02       8.865859389653e+03 
       1.590778456305e-02       8.866025156895e+03 
       1.591477409918e-02       8.866189196022e+03 
       1.592176420138e-02       8.866351507988e+03 
       1.592875487027e-02       8.866512093755e+03 
       1.593574610642e-02       8.866670954288e+03 
       1.594273791046e-02       8.866828090559e+03 
       1.594973028298e-02       8.866983503549e+03 
       1.595672322459e-02       8.867137194251e+03 
       1.596371673588e-02       8.867289144477e+03 
       1.597071081747e-02       8.867439386913e+03 
       1.597770546995e-02       8.867587914118e+03 
       1.598470069394e-02       8.867734722519e+03 
       1.599169649003e-02       8.867879813061e+03 
       1.599869285885e-02       8.868023186687e+03 
       1.600568980100e-02       8.868164844346e+03 
       1.601268731709e-02       8.868304786984e+03 
       1.601968540773e-02       8.868443015550e+03 
       1.602668407353e-02       8.868579531006e+03 
       1.603368331510e-02       8.868714334310e+03 
       1.604068313306e-02       8.868847411864e+03 
       1.604768352802e-02       8.868978794583e+03 
       1.605468450060e-02       8.869108465855e+03 
       1.606168605141e-02       8.869236428587e+03 
       1.606868818107e-02       8.869362683723e+03 
       1.607569089020e-02       8.869487232205e+03 
       1.608269417942e-02       8.869610074988e+03 
       1.608969804934e-02       8.869731212790e+03 
       1.609670250058e-02       8.869850645944e+03 
       1.610370753378e-02       8.869968376278e+03 
       1.611071314955e-02       8.870084386694e+03 
       1.611771934850e-02       8.870198713412e+03 
       1.612472613128e-02       8.870311339225e+03 
       1.613173349850e-02       8.870422265750e+03 
       1.613874145079e-02       8.870531493711e+03 
       1.614574998877e-02       8.870639018387e+03 
       1.615275911307e-02       8.870744852095e+03 
       1.615976882432e-02       8.870848990157e+03 
       1.616677912316e-02       8.870951433520e+03 
       1.617379001020e-02       8.871052183111e+03 
       1.618080148609e-02       8.871151239873e+03 
       1.618781355145e-02       8.871248604745e+03 
       1.619482620692e-02       8.871344278677e+03 
       1.620183945313e-02       8.871438262620e+03 
       1.620885329072e-02       8.871530557544e+03 
       1.621586772031e-02       8.871621164100e+03 
       1.622288274256e-02       8.871710058766e+03 
       1.622989835809e-02       8.871797290051e+03 
       1.623691456755e-02       8.871882835695e+03 
       1.624393137157e-02       8.871966696732e+03 
       1.625094877079e-02       8.872048874007e+03 
       1.625796676586e-02       8.872129368451e+03 
       1.626498535742e-02       8.872208180981e+03 
       1.627200454610e-02       8.872285312533e+03 
       1.627902433257e-02       8.872360764033e+03 
       1.628604471745e-02       8.872434536421e+03 
       1.629306570140e-02       8.872506630637e+03 
       1.630008728505e-02       8.872577034240e+03 
       1.630710946907e-02       8.872645773781e+03 
       1.631413225410e-02       8.872712837706e+03 
       1.632115564079e-02       8.872778226974e+03 
       1.632817962978e-02       8.872841942425e+03 
       1.633520422174e-02       8.872903985133e+03 
       1.634222941730e-02       8.872964355955e+03 
       1.634925521714e-02       8.873023055822e+03 
       1.635628162189e-02       8.873080085673e+03 
       1.636330863221e-02       8.873135446446e+03 
       1.637033624877e-02       8.873189121123e+03 
       1.637736447222e-02       8.873241144789e+03 
       1.638439330321e-02       8.873291502089e+03 
       1.639142274241e-02       8.873340193769e+03 
       1.639845279047e-02       8.873387221563e+03 
       1.640548344806e-02       8.873432577454e+03 
       1.641251471583e-02       8.873476277180e+03 
       1.641954659446e-02       8.873518314856e+03 
       1.642657908459e-02       8.873558691283e+03 
       1.643361218691e-02       8.873597407561e+03 
       1.644064590207e-02       8.873634464517e+03 
       1.644768023074e-02       8.873669863079e+03 
       1.645471517359e-02       8.873703604167e+03 
       1.646175073128e-02       8.873735688711e+03 
       1.646878690449e-02       8.873766117649e+03 
       1.647582369389e-02       8.873794891605e+03 
       1.648286110014e-02       8.873821986275e+03 
       1.648989912392e-02       8.873847451636e+03 
       1.649693776590e-02       8.873871264784e+03 
       1.650397702676e-02       8.873893426559e+03 
       1.651101690717e-02       8.873913937867e+03 
       1.651805740781e-02       8.873932799513e+03 
       1.652509852936e-02       8.873950012573e+03 
       1.653214027248e-02       8.873965577870e+03 
       1.653918263787e-02       8.873979496323e+03 
       1.654622562620e-02       8.873991768840e+03 
       1.655326923816e-02       8.874002396339e+03 
       1.656031347441e-02       8.874011366291e+03 
       1.656735833566e-02       8.874018705162e+03 
       1.657440382258e-02       8.874024401691e+03 
       1.658144993585e-02       8.874028456631e+03 
       1.658849667616e-02       8.874030870874e+03 
       1.659554404421e-02       8.874031645320e+03 
       1.660259204067e-02       8.874030780867e+03 
       1.660964066623e-02       8.874028278340e+03 
       1.661668992159e-02       8.874024138816e+03 
       1.662373980744e-02       8.874018363148e+03 
       1.663079032446e-02       8.874010946558e+03 
       1.663784147335e-02       8.874001887116e+03 
       1.664489325481e-02       8.873991206679e+03 
       1.665194566953e-02       8.873978893459e+03 
       1.665899871820e-02       8.873964948354e+03 
       1.666605240152e-02       8.873949365762e+03 
       1.667310672019e-02       8.873932159043e+03 
       1.668016167491e-02       8.873913322993e+03 
       1.668721726637e-02       8.873892858508e+03 
       1.669427349528e-02       8.873870766504e+03 
       1.670133036235e-02       8.873847047867e+03 
       1.670838786826e-02       8.873821703377e+03 
       1.671544601373e-02       8.873794734130e+03 
       1.672250479946e-02       8.873766140943e+03 
       1.672956422616e-02       8.873735924746e+03 
       1.673662429453e-02       8.873704086468e+03 
       1.674368500528e-02       8.873670596117e+03 
       1.675074635912e-02       8.873635518880e+03 
       1.675780835676e-02       8.873598817164e+03 
       1.676487099891e-02       8.873560496612e+03 
       1.677193428628e-02       8.873520557989e+03 
       1.677899821958e-02       8.873479002286e+03 
       1.678606279954e-02       8.873435830341e+03 
       1.679312802686e-02       8.873391043040e+03 
       1.680019390225e-02       8.873344641167e+03 
       1.680726042645e-02       8.873296625784e+03 
       1.681432760015e-02       8.873246997704e+03 
       1.682139542410e-02       8.873195762182e+03 
       1.682846389899e-02       8.873142892365e+03 
       1.683553302556e-02       8.873088430230e+03 
       1.684260280452e-02       8.873032358750e+03 
       1.684967323660e-02       8.872974678824e+03 
       1.685674432253e-02       8.872915391259e+03 
       1.686381606303e-02       8.872854497014e+03 
       1.687088845882e-02       8.872791996948e+03 
       1.687796151063e-02       8.872727891954e+03 
       1.688503521919e-02       8.872662182927e+03 
       1.689210958523e-02       8.872594874079e+03 
       1.689918460948e-02       8.872525936493e+03 
       1.690626029268e-02       8.872455418970e+03 
       1.691333663555e-02       8.872383300691e+03 
       1.692041363882e-02       8.872309582527e+03 
       1.692749130324e-02       8.872234263247e+03 
       1.693456962953e-02       8.872157343084e+03 
       1.694164861844e-02       8.872078829873e+03 
       1.694872827070e-02       8.871998720162e+03 
       1.695580858706e-02       8.871917014835e+03 
       1.696288956824e-02       8.871833714769e+03 
       1.696997121499e-02       8.871748820796e+03 
       1.697705352806e-02       8.871662333835e+03 
       1.698413650819e-02       8.871574254761e+03 
       1.699122015611e-02       8.871484584349e+03 
       1.699830447259e-02       8.871393323700e+03 
       1.700538945835e-02       8.871300482523e+03 
       1.701247511416e-02       8.871206006867e+03 
       1.701956144075e-02       8.871109978081e+03 
       1.702664843888e-02       8.871012362102e+03 
       1.703373610930e-02       8.870913159785e+03 
       1.704082445275e-02       8.870812371982e+03 
       1.704791347000e-02       8.870709999613e+03 
       1.705500316180e-02       8.870606043381e+03 
       1.706209352890e-02       8.870500504309e+03 
       1.706918457205e-02       8.870393383212e+03 
       1.707627629202e-02       8.870284680965e+03 
       1.708336868956e-02       8.870174398484e+03 
       1.709046176543e-02       8.870062521843e+03 
       1.709755552040e-02       8.869949080078e+03 
       1.710464995521e-02       8.869834060430e+03 
       1.711174507064e-02       8.869717463751e+03 
       1.711884086746e-02       8.869599290899e+03 
       1.712593734641e-02       8.869479542729e+03 
       1.713303450827e-02       8.869358220132e+03 
       1.714013235382e-02       8.869235323873e+03 
       1.714723088380e-02       8.869110854930e+03 
       1.715433009900e-02       8.868984814154e+03 
       1.716143000018e-02       8.868857182995e+03 
       1.716853058812e-02       8.868727999291e+03 
       1.717563186358e-02       8.868597246179e+03 
       1.718273382735e-02       8.868464924486e+03 
       1.718983648019e-02       8.868331036189e+03 
       1.719693982289e-02       8.868195571632e+03 
       1.720404385621e-02       8.868058548480e+03 
       1.721114858093e-02       8.867919960029e+03 
       1.721825399785e-02       8.867779806984e+03 
       1.722536010772e-02       8.867638090338e+03 
       1.723246691135e-02       8.867494810887e+03 
       1.723957440950e-02       8.867349969493e+03 
       1.724668260297e-02       8.867203567023e+03 
       1.725379149253e-02       8.867055604298e+03 
       1.726090107898e-02       8.866906082237e+03 
       1.726801136310e-02       8.866755001367e+03 
       1.727512234567e-02       8.866602335561e+03 
       1.728223402750e-02       8.866448138249e+03 
       1.728934640936e-02       8.866292384689e+03 
       1.729645949205e-02       8.866135075692e+03 
       1.730357327636e-02       8.865976212091e+03 
       1.731068776309e-02       8.865815794725e+03 
       1.731780295304e-02       8.865653824433e+03 
       1.732491884698e-02       8.865490302060e+03 
       1.733203544574e-02       8.865325228520e+03 
       1.733915275009e-02       8.865158604461e+03 
       1.734627076085e-02       8.864990430930e+03 
       1.735338947881e-02       8.864820693665e+03 
       1.736050890478e-02       8.864649423002e+03 
       1.736762903955e-02       8.864476604436e+03 
       1.737474988393e-02       8.864302239577e+03 
       1.738187143874e-02       8.864126329172e+03 
       1.738899370476e-02       8.863948874071e+03 
       1.739611668282e-02       8.863769875109e+03 
       1.740324037372e-02       8.863589333135e+03 
       1.741036477827e-02       8.863407248998e+03 
       1.741748989728e-02       8.863223623596e+03 
       1.742461573156e-02       8.863038459905e+03 
       1.743174228193e-02       8.862851731111e+03 
       1.743886954920e-02       8.862663485026e+03 
       1.744599753419e-02       8.862473700749e+03 
       1.745312623771e-02       8.862282379107e+03 
       1.746025566059e-02       8.862089514083e+03 
       1.746738580364e-02       8.861895119486e+03 
       1.747451666768e-02       8.861699190037e+03 
       1.748164825354e-02       8.861501726435e+03 
       1.748878056203e-02       8.861302729508e+03 
       1.749591359399e-02       8.861102200138e+03 
       1.750304735023e-02       8.860900139011e+03 
       1.751018183159e-02       8.860696547108e+03 
       1.751731703889e-02       8.860491425215e+03 
       1.752445297295e-02       8.860284774201e+03 
       1.753158963462e-02       8.860076594930e+03 
       1.753872702472e-02       8.859866878215e+03 
       1.754586514408e-02       8.859655625028e+03 
       1.755300399354e-02       8.859442863411e+03 
       1.756014357393e-02       8.859228576373e+03 
       1.756728388610e-02       8.859012764935e+03 
       1.757442493086e-02       8.858795429820e+03 
       1.758156670907e-02       8.858576571848e+03 
       1.758870922157e-02       8.858356191836e+03 
       1.759585246919e-02       8.858134290604e+03 
       1.760299645278e-02       8.857910868982e+03 
       1.761014117318e-02       8.857685927801e+03 
       1.761728663123e-02       8.857459472099e+03 
       1.762443282779e-02       8.857231474669e+03 
       1.763157976369e-02       8.857001978458e+03 
       1.763872743980e-02       8.856770965786e+03 
       1.764587585694e-02       8.856538437470e+03 
       1.765302501599e-02       8.856304394220e+03 
       1.766017491778e-02       8.856068837035e+03 
       1.766732556318e-02       8.855831766649e+03 
       1.767447695303e-02       8.855593183900e+03 
       1.768162908819e-02       8.855353089616e+03 
       1.768878196953e-02       8.855111484397e+03 
       1.769593559789e-02       8.854868349080e+03 
       1.770308997414e-02       8.854623723499e+03 
       1.771024509913e-02       8.854377589376e+03 
       1.771740097374e-02       8.854129947574e+03 
       1.772455759882e-02       8.853880800830e+03 
       1.773171497523e-02       8.853630136858e+03 
       1.773887310385e-02       8.853377976225e+03 
       1.774603198554e-02       8.853124310951e+03 
       1.775319162116e-02       8.852869142013e+03 
       1.776035201160e-02       8.852612470136e+03 
       1.776751315771e-02       8.852354296131e+03 
       1.777467506037e-02       8.852094620809e+03 
       1.778183772046e-02       8.851833444993e+03 
       1.778900113884e-02       8.851570769509e+03 
       1.779616531640e-02       8.851306595189e+03 
       1.780333025401e-02       8.851040922757e+03 
       1.781049595255e-02       8.850773724004e+03 
       1.781766241290e-02       8.850505055929e+03 
       1.782482963593e-02       8.850234891743e+03 
       1.783199762254e-02       8.849963232416e+03 
       1.783916637361e-02       8.849690078748e+03 
       1.784633589001e-02       8.849415431410e+03 
       1.785350617264e-02       8.849139291419e+03 
       1.786067722239e-02       8.848861659474e+03 
       1.786784904014e-02       8.848582536384e+03 
       1.787502162678e-02       8.848301922951e+03 
       1.788219498320e-02       8.848019819990e+03 
       1.788936911030e-02       8.847736220093e+03 
       1.789654400897e-02       8.847451132544e+03 
       1.790371968010e-02       8.847164564424e+03 
       1.791089612460e-02       8.846876509777e+03 
       1.791807334336e-02       8.846586969395e+03 
       1.792525133727e-02       8.846295944075e+03 
       1.793243010724e-02       8.846003434621e+03 
       1.793960965417e-02       8.845709441716e+03 
       1.794678997897e-02       8.845413966364e+03 
       1.795397108253e-02       8.845117009287e+03 
       1.796115296577e-02       8.844818574893e+03 
       1.796833562959e-02       8.844518631702e+03 
       1.797551907489e-02       8.844217232529e+03 
       1.798270330260e-02       8.843914354582e+03 
       1.798988831361e-02       8.843609998649e+03 
       1.799707410884e-02       8.843304167323e+03 
       1.800426068921e-02       8.842996848387e+03 
       1.801144805563e-02       8.842688062578e+03 
       1.801863620902e-02       8.842377801833e+03 
       1.802582515028e-02       8.842066066933e+03 
       1.803301488035e-02       8.841752858570e+03 
       1.804020540015e-02       8.841438177788e+03 
       1.804739671059e-02       8.841122025076e+03 
       1.805458881259e-02       8.840804401450e+03 
       1.806178170709e-02       8.840485307644e+03 
       1.806897539501e-02       8.840164744477e+03 
       1.807616987727e-02       8.839842711703e+03 
       1.808336515480e-02       8.839519183171e+03 
       1.809056122854e-02       8.839194214216e+03 
       1.809775809941e-02       8.838867778764e+03 
       1.810495576834e-02       8.838539877534e+03 
       1.811215423628e-02       8.838210511292e+03 
       1.811935350415e-02       8.837879680810e+03 
       1.812655357289e-02       8.837547386866e+03 
       1.813375444345e-02       8.837213630109e+03 
       1.814095611675e-02       8.836878411550e+03 
       1.814815859375e-02       8.836541731873e+03 
       1.815536187537e-02       8.836203591878e+03 
       1.816256596257e-02       8.835863979726e+03 
       1.816977085630e-02       8.835522917438e+03 
       1.817697655749e-02       8.835180399742e+03 
       1.818418306709e-02       8.834836424635e+03 
       1.819139038606e-02       8.834490992975e+03 
       1.819859851534e-02       8.834144105297e+03 
       1.820580745588e-02       8.833795762609e+03 
       1.821301720865e-02       8.833445965611e+03 
       1.822022777459e-02       8.833094715096e+03 
       1.822743915466e-02       8.832742011725e+03 
       1.823465134981e-02       8.832387858151e+03 
       1.824186436102e-02       8.832032228114e+03 
       1.824907818922e-02       8.831675169529e+03 
       1.825629283540e-02       8.831316661054e+03 
       1.826350830051e-02       8.830956703464e+03 
       1.827072458551e-02       8.830595299796e+03 
       1.827794169137e-02       8.830232438238e+03 
       1.828515961906e-02       8.829868137411e+03 
       1.829237836955e-02       8.829502390481e+03 
       1.829959794381e-02       8.829135198200e+03 
       1.830681834281e-02       8.828766561340e+03 
       1.831403956752e-02       8.828396480679e+03 
       1.832126161891e-02       8.828024956887e+03 
       1.832848449797e-02       8.827651990960e+03 
       1.833570820567e-02       8.827277561422e+03 
       1.834293274298e-02       8.826901711106e+03 
       1.835015811090e-02       8.826524420996e+03 
       1.835738431040e-02       8.826145691427e+03 
       1.836461134246e-02       8.825765523156e+03 
       1.837183920807e-02       8.825383916949e+03 
       1.837906790821e-02       8.825000873557e+03 
       1.838629744388e-02       8.824616393761e+03 
       1.839352781605e-02       8.824230483191e+03 
       1.840075902573e-02       8.823843115727e+03 
       1.840799107390e-02       8.823454330275e+03 
       1.841522396156e-02       8.823064111208e+03 
       1.842245768970e-02       8.822672459478e+03 
       1.842969225932e-02       8.822279375758e+03 
       1.843692767141e-02       8.821884860828e+03 
       1.844416392698e-02       8.821488915450e+03 
       1.845140102702e-02       8.821091522483e+03 
       1.845863897254e-02       8.820692719188e+03 
       1.846587776454e-02       8.820292485590e+03 
       1.847311740403e-02       8.819890827539e+03 
       1.848035789201e-02       8.819487724601e+03 
       1.848759922949e-02       8.819083209455e+03 
       1.849484141749e-02       8.818677268795e+03 
       1.850208445700e-02       8.818269903353e+03 
       1.850932834905e-02       8.817861113793e+03 
       1.851657309465e-02       8.817450901020e+03 
       1.852381869481e-02       8.817039265702e+03 
       1.853106515056e-02       8.816626208580e+03 
       1.853831246291e-02       8.816211730404e+03 
       1.854556063287e-02       8.815795831926e+03 
       1.855280966148e-02       8.815378513899e+03 
       1.856005954975e-02       8.814959777075e+03 
       1.856731029871e-02       8.814539622211e+03 
       1.857456190939e-02       8.814118050089e+03 
       1.858181438282e-02       8.813695061477e+03 
       1.858906772001e-02       8.813270657174e+03 
       1.859632192201e-02       8.812844836253e+03 
       1.860357698985e-02       8.812417556983e+03 
       1.861083292456e-02       8.811988906211e+03 
       1.861808972717e-02       8.811558842362e+03 
       1.862534739873e-02       8.811127366018e+03 
       1.863260594026e-02       8.810694477914e+03 
       1.863986535282e-02       8.810260178774e+03 
       1.864712563744e-02       8.809824469326e+03 
       1.865438679517e-02       8.809387350299e+03 
       1.866164882705e-02       8.808948822419e+03 
       1.866891173412e-02       8.808508886428e+03 
       1.867617551744e-02       8.808067543052e+03 
       1.868344017805e-02       8.807624793013e+03 
       1.869070571701e-02       8.807180637062e+03 
       1.869797213537e-02       8.806735075925e+03 
       1.870523943417e-02       8.806288110221e+03 
       1.871250761449e-02       8.805839740926e+03 
       1.871977667737e-02       8.805389968684e+03 
       1.872704662387e-02       8.804938765775e+03 
       1.873431745506e-02       8.804486191777e+03 
       1.874158917199e-02       8.804032212907e+03 
       1.874886177573e-02       8.803576833727e+03 
       1.875613526735e-02       8.803120054951e+03 
       1.876340964790e-02       8.802661877304e+03 
       1.877068491847e-02       8.802202301509e+03 
       1.877796108012e-02       8.801741328290e+03 
       1.878523813391e-02       8.801278958371e+03 
       1.879251608093e-02       8.800815192483e+03 
       1.879979492225e-02       8.800350031224e+03 
       1.880707465895e-02       8.799883475543e+03 
       1.881435529209e-02       8.799415526160e+03 
       1.882163682277e-02       8.798946183580e+03 
       1.882891925207e-02       8.798475448801e+03 
       1.883620258106e-02       8.798003322487e+03 
       1.884348681083e-02       8.797529766523e+03 
       1.885077194247e-02       8.797054861677e+03 
       1.885805797706e-02       8.796578562160e+03 
       1.886534491570e-02       8.796100873633e+03 
       1.887263275947e-02       8.795621796806e+03 
       1.887992150947e-02       8.795141332393e+03 
       1.888721116680e-02       8.794659481116e+03 
       1.889450173253e-02       8.794176246774e+03 
       1.890179320779e-02       8.793691612516e+03 
       1.890908559366e-02       8.793205604255e+03 
       1.891637889124e-02       8.792718211879e+03 
       1.892367310165e-02       8.792229436114e+03 
       1.893096822597e-02       8.791739277669e+03 
       1.893826426532e-02       8.791247737264e+03 
       1.894556122081e-02       8.790754815618e+03 
       1.895285909354e-02       8.790260513445e+03 
       1.896015788462e-02       8.789764831486e+03 
       1.896745759518e-02       8.789267770471e+03 
       1.897475822631e-02       8.788769331136e+03 
       1.898205977914e-02       8.788269477429e+03 
       1.898936225479e-02       8.787768286104e+03 
       1.899666565437e-02       8.787265713337e+03 
       1.900396997900e-02       8.786761764733e+03 
       1.901127522981e-02       8.786256441009e+03 
       1.901858140793e-02       8.785749742861e+03 
       1.902588851447e-02       8.785241670998e+03 
       1.903319655056e-02       8.784732226136e+03 
       1.904050551734e-02       8.784221408927e+03 
       1.904781541594e-02       8.783709220130e+03 
       1.905512624748e-02       8.783195660461e+03 
       1.906243801311e-02       8.782680730009e+03 
       1.906975071395e-02       8.782164414278e+03 
       1.907706435116e-02       8.781646744851e+03 
       1.908437892585e-02       8.781127707097e+03 
       1.909169443919e-02       8.780607301878e+03 
       1.909901089231e-02       8.780085529796e+03 
       1.910632828635e-02       8.779562391560e+03 
       1.911364662246e-02       8.779037887865e+03 
       1.912096590180e-02       8.778512019423e+03 
       1.912828612550e-02       8.777984787005e+03 
       1.913560729473e-02       8.777456191174e+03 
       1.914292941063e-02       8.776926241260e+03 
       1.915025247436e-02       8.776394888550e+03 
       1.915757648708e-02       8.775862205194e+03 
       1.916490144994e-02       8.775328161084e+03 
       1.917222736411e-02       8.774792756917e+03 
       1.917955423076e-02       8.774255994915e+03 
       1.918688205103e-02       8.773717862554e+03 
       1.919421082610e-02       8.773178381653e+03 
       1.920154055714e-02       8.772637543362e+03 
       1.920887124532e-02       8.772095348370e+03 
       1.921620289180e-02       8.771551797368e+03 
       1.922353549776e-02       8.771006891052e+03 
       1.923086906437e-02       8.770460630098e+03 
       1.923820359282e-02       8.769913015216e+03 
       1.924553908427e-02       8.769364047123e+03 
       1.925287553991e-02       8.768813726531e+03 
       1.926021296093e-02       8.768262054169e+03 
       1.926755134850e-02       8.767709030567e+03 
       1.927489070380e-02       8.767154621823e+03 
       1.928223102804e-02       8.766598895489e+03 
       1.928957232239e-02       8.766041819764e+03 
       1.929691458804e-02       8.765483395336e+03 
       1.930425782620e-02       8.764923622875e+03 
       1.931160203805e-02       8.764362503059e+03 
       1.931894722479e-02       8.763800036581e+03 
       1.932629338762e-02       8.763236224114e+03 
       1.933364052774e-02       8.762671066343e+03 
       1.934098864634e-02       8.762104563971e+03 
       1.934833774464e-02       8.761536717707e+03 
       1.935568782384e-02       8.760967521309e+03 
       1.936303888515e-02       8.760396977645e+03 
       1.937039092977e-02       8.759825107068e+03 
       1.937774395891e-02       8.759251890560e+03 
       1.938509797380e-02       8.758677333388e+03 
       1.939245297564e-02       8.758101436255e+03 
       1.939980896565e-02       8.757524199853e+03 
       1.940716594505e-02       8.756945624888e+03 
       1.941452391506e-02       8.756365705237e+03 
       1.942188287690e-02       8.755784436784e+03 
       1.942924283179e-02       8.755201848177e+03 
       1.943660378097e-02       8.754617923467e+03 
       1.944396572565e-02       8.754032663345e+03 
       1.945132866708e-02       8.753446059089e+03 
       1.945869260647e-02       8.752858130833e+03 
       1.946605754506e-02       8.752268867584e+03 
       1.947342348410e-02       8.751678271575e+03 
       1.948079042481e-02       8.751086343388e+03 
       1.948815836844e-02       8.750493083679e+03 
       1.949552731622e-02       8.749898493125e+03 
       1.950289726940e-02       8.749302572406e+03 
       1.951026822923e-02       8.748705322208e+03 
       1.951764019694e-02       8.748106743224e+03 
       1.952501317380e-02       8.747506836143e+03 
       1.953238716104e-02       8.746905604980e+03 
       1.953976215993e-02       8.746303006683e+03 
       1.954713817171e-02       8.745699116803e+03 
       1.955451519765e-02       8.745093901147e+03 
       1.956189323899e-02       8.744487360274e+03 
       1.956927229701e-02       8.743879495044e+03 
       1.957665237296e-02       8.743270306019e+03 
       1.958403346811e-02       8.742659793868e+03 
       1.959141558373e-02       8.742047959254e+03 
       1.959879872107e-02       8.741434802845e+03 
       1.960618288142e-02       8.740820325307e+03 
       1.961356806604e-02       8.740204527319e+03 
       1.962095427621e-02       8.739587392624e+03 
       1.962834151321e-02       8.738968954211e+03 
       1.963572977830e-02       8.738349197307e+03 
       1.964311907277e-02       8.737728122407e+03 
       1.965050939791e-02       8.737105730140e+03 
       1.965790075500e-02       8.736482021050e+03 
       1.966529314531e-02       8.735856996008e+03 
       1.967268657015e-02       8.735230655599e+03 
       1.968008103080e-02       8.734603000466e+03 
       1.968747652855e-02       8.733974031296e+03 
       1.969487306469e-02       8.733343749130e+03 
       1.970227064053e-02       8.732712129279e+03 
       1.970966925735e-02       8.732079220142e+03 
       1.971706891646e-02       8.731444999344e+03 
       1.972446961916e-02       8.730809467559e+03 
       1.973187136676e-02       8.730172628111e+03 
       1.973927416056e-02       8.729534465150e+03 
       1.974667800186e-02       8.728895003593e+03 
       1.975408289198e-02       8.728254233412e+03 
       1.976148883223e-02       8.727612155462e+03 
       1.976889582393e-02       8.726968770283e+03 
       1.977630386838e-02       8.726324078539e+03 
       1.978371296691e-02       8.725678080873e+03 
       1.979112312084e-02       8.725030777955e+03 
       1.979853433148e-02       8.724382170451e+03 
       1.980594660017e-02       8.723732259031e+03 
       1.981335992824e-02       8.723081044378e+03 
       1.982077431699e-02       8.722428492284e+03 
       1.982818976778e-02       8.721774672093e+03 
       1.983560628193e-02       8.721119548754e+03 
       1.984302386077e-02       8.720463124398e+03 
       1.985044250565e-02       8.719805399531e+03 
       1.985786221790e-02       8.719146375006e+03 
       1.986528299885e-02       8.718486051350e+03 
       1.987270484987e-02       8.717824429229e+03 
       1.988012777228e-02       8.717161509255e+03 
       1.988755176744e-02       8.716497292069e+03 
       1.989497683669e-02       8.715831778344e+03 
       1.990240298139e-02       8.715164973631e+03 
       1.990983020289e-02       8.714496845644e+03 
       1.991725850255e-02       8.713827444682e+03 
       1.992468788172e-02       8.713156749522e+03 
       1.993211834176e-02       8.712484760798e+03 
       1.993954988404e-02       8.711811479148e+03 
       1.994698250991e-02       8.711136905079e+03 
       1.995441622075e-02       8.710461039460e+03 
       1.996185101793e-02       8.709783882843e+03 
       1.996928690280e-02       8.709105435875e+03 
       1.997672387676e-02       8.708425699198e+03 
       1.998416194116e-02       8.707744646112e+03 
       1.999160109739e-02       8.707062333611e+03 
       1.999904134683e-02       8.706378729585e+03 
       2.000648269086e-02       8.705693838139e+03 
       2.001392513086e-02       8.705007659756e+03 
       2.002136866821e-02       8.704320187023e+03 
       2.002881330431e-02       8.703631436435e+03 
       2.003625904054e-02       8.702941400760e+03 
       2.004370587830e-02       8.702250080533e+03 
       2.005115381898e-02       8.701557476620e+03 
       2.005860286398e-02       8.700863589534e+03 
       2.006605301469e-02       8.700168419915e+03 
       2.007350427252e-02       8.699471968397e+03 
       2.008095663887e-02       8.698774235621e+03 
       2.008841011515e-02       8.698075222255e+03 
       2.009586470276e-02       8.697374928895e+03 
       2.010332040310e-02       8.696673369964e+03 
       2.011077721761e-02       8.695970469529e+03 
       2.011823514768e-02       8.695266337352e+03 
       2.012569419473e-02       8.694560927344e+03 
       2.013315436019e-02       8.693854240118e+03 
       2.014061564548e-02       8.693146276131e+03 
       2.014807805201e-02       8.692437036247e+03 
       2.015554158121e-02       8.691726520964e+03 
       2.016300623451e-02       8.691014730904e+03 
       2.017047201334e-02       8.690301666683e+03 
       2.017793891914e-02       8.689587328924e+03 
       2.018540695333e-02       8.688871718259e+03 
       2.019287611735e-02       8.688154817426e+03 
       2.020034641265e-02       8.687436661457e+03 
       2.020781784066e-02       8.686717234230e+03 
       2.021529040282e-02       8.685996536353e+03 
       2.022276410059e-02       8.685274568431e+03 
       2.023023893541e-02       8.684551331084e+03 
       2.023771490872e-02       8.683826824770e+03 
       2.024519202200e-02       8.683101050367e+03 
       2.025267027668e-02       8.682374008378e+03 
       2.026014967422e-02       8.681645699432e+03 
       2.026763021610e-02       8.680916130464e+03 
       2.027511190375e-02       8.680185257986e+03 
       2.028259473866e-02       8.679453149872e+03 
       2.029007872229e-02       8.678719777025e+03 
       2.029756385611e-02       8.677985140013e+03 
       2.030505014158e-02       8.677249242573e+03 
       2.031253758019e-02       8.676512067055e+03 
       2.032002617340e-02       8.675773640439e+03 
       2.032751592270e-02       8.675033951841e+03 
       2.033500682956e-02       8.674293002071e+03 
       2.034249889548e-02       8.673550791629e+03 
       2.034999212192e-02       8.672807321127e+03 
       2.035748651040e-02       8.672062591164e+03 
       2.036498206238e-02       8.671316602352e+03 
       2.037247877937e-02       8.670569355310e+03 
       2.037997666286e-02       8.669820850658e+03 
       2.038747571434e-02       8.669071089025e+03 
       2.039497593533e-02       8.668320036133e+03 
       2.040247732731e-02       8.667567760081e+03 
       2.040997989179e-02       8.666814228160e+03 
       2.041748363029e-02       8.666059441265e+03 
       2.042498854430e-02       8.665303399851e+03 
       2.043249463535e-02       8.664546104732e+03 
       2.044000190494e-02       8.663787556389e+03 
       2.044751035459e-02       8.663027755427e+03 
       2.045501998582e-02       8.662266702432e+03 
       2.046253080015e-02       8.661504398002e+03 
       2.047004279911e-02       8.660740842738e+03 
       2.047755598422e-02       8.659976040997e+03 
       2.048507035701e-02       8.659209963426e+03 
       2.049258591902e-02       8.658442657790e+03 
       2.050010267177e-02       8.657674103484e+03 
       2.050762061680e-02       8.656904301081e+03 
       2.051513975565e-02       8.656133251175e+03 
       2.052266008986e-02       8.655360954204e+03 
       2.053018162097e-02       8.654587411008e+03 
       2.053770435054e-02       8.653812622068e+03 
       2.054522828010e-02       8.653036587990e+03 
       2.055275341121e-02       8.652259309384e+03 
       2.056027974543e-02       8.651480774617e+03 
       2.056780728431e-02       8.650700994649e+03 
       2.057533602940e-02       8.649919983900e+03 
       2.058286598227e-02       8.649137730693e+03 
       2.059039714449e-02       8.648354235600e+03 
       2.059792951761e-02       8.647569489712e+03 
       2.060546310321e-02       8.646783512882e+03 
       2.061299790286e-02       8.645996294858e+03 
       2.062053391812e-02       8.645207836996e+03 
       2.062807115059e-02       8.644418140137e+03 
       2.063560960183e-02       8.643627204736e+03 
       2.064314927343e-02       8.642835031383e+03 
       2.065069016697e-02       8.642041620630e+03 
       2.065823228404e-02       8.641246973095e+03 
       2.066577562622e-02       8.640451089368e+03 
       2.067332019512e-02       8.639653970042e+03 
       2.068086599231e-02       8.638855614871e+03 
       2.068841301940e-02       8.638055991320e+03 
       2.069596127799e-02       8.637255165968e+03 
       2.070351076969e-02       8.636453107035e+03 
       2.071106149608e-02       8.635649814879e+03 
       2.071861345879e-02       8.634845290275e+03 
       2.072616665942e-02       8.634039533682e+03 
       2.073372109958e-02       8.633232545669e+03 
       2.074127678089e-02       8.632424326888e+03 
       2.074883370496e-02       8.631614877639e+03 
       2.075639187342e-02       8.630804198765e+03 
       2.076395128789e-02       8.629992290753e+03 
       2.077151195000e-02       8.629179161775e+03 
       2.077907386136e-02       8.628364770353e+03 
       2.078663702362e-02       8.627549176851e+03 
       2.079420143841e-02       8.626732356271e+03 
       2.080176710736e-02       8.625914309172e+03 
       2.080933403211e-02       8.625095035967e+03 
       2.081690221430e-02       8.624274537462e+03 
       2.082447165557e-02       8.623452814107e+03 
       2.083204235759e-02       8.622629866478e+03 
       2.083961432198e-02       8.621805695196e+03 
       2.084718755041e-02       8.620980300675e+03 
       2.085476204453e-02       8.620153653997e+03 
       2.086233780599e-02       8.619325817722e+03 
       2.086991483646e-02       8.618496755156e+03 
       2.087749313761e-02       8.617666471429e+03 
       2.088507271109e-02       8.616834967082e+03 
       2.089265355857e-02       8.616002234100e+03 
       2.090023568173e-02       8.615168289418e+03 
       2.090781908224e-02       8.614333125672e+03 
       2.091540376178e-02       8.613496743540e+03 
       2.092298972202e-02       8.612659143446e+03 
       2.093057696464e-02       8.611820326003e+03 
       2.093816549134e-02       8.610980291581e+03 
       2.094575530381e-02       8.610139040915e+03 
       2.095334640372e-02       8.609296574503e+03 
       2.096093879277e-02       8.608452892907e+03 
       2.096853247267e-02       8.607607996720e+03 
       2.097612744510e-02       8.606761886905e+03 
       2.098372371177e-02       8.605914526426e+03 
       2.099132127439e-02       8.605065987025e+03 
       2.099892013466e-02       8.604216234772e+03 
       2.100652029429e-02       8.603365270376e+03 
       2.101412175500e-02       8.602513094268e+03 
       2.102172451849e-02       8.601659706991e+03 
       2.102932858650e-02       8.600805109076e+03 
       2.103693396073e-02       8.599949301069e+03 
       2.104454064292e-02       8.599092283511e+03 
       2.105214863479e-02       8.598234056949e+03 
       2.105975793807e-02       8.597374621932e+03 
       2.106736855449e-02       8.596513985911e+03 
       2.107498048579e-02       8.595652109219e+03 
       2.108259373371e-02       8.594789050600e+03 
       2.109020829999e-02       8.593924785476e+03 
       2.109782418637e-02       8.593059314230e+03 
       2.110544139460e-02       8.592192637651e+03 
       2.111305992643e-02       8.591324756152e+03 
       2.112067978361e-02       8.590455670278e+03 
       2.112830096791e-02       8.589585380569e+03 
       2.113592348106e-02       8.588713887572e+03 
       2.114354732485e-02       8.587841191849e+03 
       2.115117250103e-02       8.586967277317e+03 
       2.115879901137e-02       8.586092167163e+03 
       2.116642685764e-02       8.585215864353e+03 
       2.117405604162e-02       8.584338360672e+03 
       2.118168656508e-02       8.583459656642e+03 
       2.118931842979e-02       8.582579742311e+03 
       2.119695163755e-02       8.581698640039e+03 
       2.120458619014e-02       8.580816337345e+03 
       2.121222208934e-02       8.579932836297e+03 
       2.121985933694e-02       8.579048137412e+03 
       2.122749793475e-02       8.578162241218e+03 
       2.123513788455e-02       8.577275148237e+03 
       2.124277918816e-02       8.576386859001e+03 
       2.125042184736e-02       8.575497374031e+03 
       2.125806586397e-02       8.574606693884e+03 
       2.126571123979e-02       8.573714819100e+03 
       2.127335797664e-02       8.572821750012e+03 
       2.128100607634e-02       8.571927451884e+03 
       2.128865554069e-02       8.571031992953e+03 
       2.129630637153e-02       8.570135341850e+03 
       2.130395857068e-02       8.569237498360e+03 
       2.131161213996e-02       8.568338462922e+03 
       2.131926708120e-02       8.567438236117e+03 
       2.132692339624e-02       8.566536818432e+03 
       2.133458108691e-02       8.565634210381e+03 
       2.134224015506e-02       8.564730412467e+03 
       2.134990060253e-02       8.563825425227e+03 
       2.135756243115e-02       8.562919249177e+03 
       2.136522564279e-02       8.562011884756e+03 
       2.137289023929e-02       8.561103313331e+03 
       2.138055622251e-02       8.560193572470e+03 
       2.138822359430e-02       8.559282644526e+03 
       2.139589235653e-02       8.558370530240e+03 
       2.140356251107e-02       8.557457229993e+03 
       2.141123405977e-02       8.556542744280e+03 
       2.141890700451e-02       8.555627073620e+03 
       2.142658134717e-02       8.554710218522e+03 
       2.143425708962e-02       8.553792179505e+03 
       2.144193423374e-02       8.552872957085e+03 
       2.144961278141e-02       8.551952559150e+03 
       2.145729273453e-02       8.551030937214e+03 
       2.146497409497e-02       8.550108165675e+03 
       2.147265686464e-02       8.549184212513e+03 
       2.148034104543e-02       8.548259078082e+03 
       2.148802663924e-02       8.547332766632e+03 
       2.149571364797e-02       8.546405258687e+03 
       2.150340207353e-02       8.545476583238e+03 
       2.151109191783e-02       8.544546728552e+03 
       2.151878318277e-02       8.543615695108e+03 
       2.152647587028e-02       8.542683483406e+03 
       2.153416998227e-02       8.541750093932e+03 
       2.154186552066e-02       8.540815527197e+03 
       2.154956248739e-02       8.539879783699e+03 
       2.155726088437e-02       8.538942863944e+03 
       2.156496071354e-02       8.538004768450e+03 
       2.157266197684e-02       8.537065497747e+03 
       2.158036467620e-02       8.536125059878e+03 
       2.158806881357e-02       8.535183393910e+03 
       2.159577439088e-02       8.534240597580e+03 
       2.160348141010e-02       8.533296627628e+03 
       2.161118987316e-02       8.532351484526e+03 
       2.161889978203e-02       8.531405168760e+03 
       2.162661113866e-02       8.530457680811e+03 
       2.163432394501e-02       8.529509021154e+03 
       2.164203820305e-02       8.528559190293e+03 
       2.164975391475e-02       8.527608188709e+03 
       2.165747108208e-02       8.526656016897e+03 
       2.166518970701e-02       8.525702675349e+03 
       2.167290979153e-02       8.524748144622e+03 
       2.168063133760e-02       8.523792464315e+03 
       2.168835434723e-02       8.522835614844e+03 
       2.169607882239e-02       8.521877597352e+03 
       2.170380476508e-02       8.520918412308e+03 
       2.171153217729e-02       8.519958060187e+03 
       2.171926106103e-02       8.518996541467e+03 
       2.172699141829e-02       8.518033856625e+03 
       2.173472325108e-02       8.517070006163e+03 
       2.174245656141e-02       8.516104990674e+03 
       2.175019135129e-02       8.515138810319e+03 
       2.175792762274e-02       8.514171439320e+03 
       2.176566537777e-02       8.513202929446e+03 
       2.177340461842e-02       8.512233255996e+03 
       2.178114534670e-02       8.511262419548e+03 
       2.178888756464e-02       8.510290420470e+03 
       2.179663127428e-02       8.509317250523e+03 
       2.180437647766e-02       8.508342927168e+03 
       2.181212317682e-02       8.507367442664e+03 
       2.181987137379e-02       8.506390797398e+03 
       2.182762107063e-02       8.505412991829e+03 
       2.183537226938e-02       8.504434026432e+03 
       2.184312497211e-02       8.503453901665e+03 
       2.185087918087e-02       8.502472618011e+03 
       2.185863489771e-02       8.501490175939e+03 
       2.186639212472e-02       8.500506575781e+03 
       2.187415086394e-02       8.499521818297e+03 
       2.188191111746e-02       8.498535905886e+03 
       2.188967288736e-02       8.497548795222e+03 
       2.189743617570e-02       8.496560565467e+03 
       2.190520098458e-02       8.495571179801e+03 
       2.191296731608e-02       8.494580638644e+03 
       2.192073517229e-02       8.493588942441e+03 
       2.192850455531e-02       8.492596091657e+03 
       2.193627546722e-02       8.491602086733e+03 
       2.194404791014e-02       8.490606928148e+03 
       2.195182188616e-02       8.489610616333e+03 
       2.195959739740e-02       8.488613151621e+03 
       2.196737444597e-02       8.487614534717e+03 
       2.197515303398e-02       8.486614772706e+03 
       2.198293316355e-02       8.485613825705e+03 
       2.199071483681e-02       8.484611753128e+03 
       2.199849805587e-02       8.483608529854e+03 
       2.200628282288e-02       8.482604156324e+03 
       2.201406913997e-02       8.481598632984e+03 
       2.202185700927e-02       8.480591960290e+03 
       2.202964643292e-02       8.479584138697e+03 
       2.203743741308e-02       8.478575168659e+03 
       2.204522995188e-02       8.477565050638e+03 
       2.205302405149e-02       8.476553785126e+03 
       2.206081971405e-02       8.475541366391e+03 
       2.206861694173e-02       8.474527785243e+03 
       2.207641573670e-02       8.473513077761e+03 
       2.208421610111e-02       8.472497224360e+03 
       2.209201803715e-02       8.471480225270e+03 
       2.209982154698e-02       8.470462071351e+03 
       2.210762663279e-02       8.469442782674e+03 
       2.211543329677e-02       8.468422348881e+03 
       2.212324154108e-02       8.467400771190e+03 
       2.213105136794e-02       8.466378050028e+03 
       2.213886277952e-02       8.465354185827e+03 
       2.214667577803e-02       8.464329179028e+03 
       2.215449036568e-02       8.463303029919e+03 
       2.216230654467e-02       8.462275739210e+03 
       2.217012431720e-02       8.461247307232e+03 
       2.217794368549e-02       8.460217734454e+03 
       2.218576465177e-02       8.459187021045e+03 
       2.219358721824e-02       8.458155131575e+03 
       2.220141138714e-02       8.457122135735e+03 
       2.220923716070e-02       8.456088001151e+03 
       2.221706454114e-02       8.455052727584e+03 
       2.222489353072e-02       8.454016315448e+03 
       2.223272413166e-02       8.452978765162e+03 
       2.224055634621e-02       8.451940077144e+03 
       2.224839017663e-02       8.450900251684e+03 
       2.225622562516e-02       8.449859289450e+03 
       2.226406269406e-02       8.448817190760e+03 
       2.227190138560e-02       8.447773956054e+03 
       2.227974170204e-02       8.446729588220e+03 
       2.228758364564e-02       8.445684060284e+03 
       2.229542721869e-02       8.444637418614e+03 
       2.230327242345e-02       8.443589642394e+03 
       2.231111926221e-02       8.442540732059e+03 
       2.231896773726e-02       8.441490688024e+03 
       2.232681785088e-02       8.440439510735e+03 
       2.233466960537e-02       8.439387200525e+03 
       2.234252300302e-02       8.438333757915e+03 
       2.235037804614e-02       8.437279183130e+03 
       2.235823473703e-02       8.436223476909e+03 
       2.236609307800e-02       8.435166650734e+03 
       2.237395307136e-02       8.434108643681e+03 
       2.238181471944e-02       8.433049543219e+03 
       2.238967802456e-02       8.431989312588e+03 
       2.239754298903e-02       8.430927952200e+03 
       2.240540961520e-02       8.429865462416e+03 
       2.241327790539e-02       8.428801834126e+03 
       2.242114786194e-02       8.427737086173e+03 
       2.242901948721e-02       8.426671209977e+03 
       2.243689278352e-02       8.425604205953e+03 
       2.244476775325e-02       8.424536074336e+03 
       2.245264439873e-02       8.423466815813e+03 
       2.246052272233e-02       8.422396430668e+03 
       2.246840272642e-02       8.421324919318e+03 
       2.247628441336e-02       8.420252282184e+03 
       2.248416778552e-02       8.419178519693e+03 
       2.249205284529e-02       8.418103632292e+03 
       2.249993959503e-02       8.417027578066e+03 
       2.250782803715e-02       8.415950444278e+03 
       2.251571817402e-02       8.414872181504e+03 
       2.252361000803e-02       8.413792795025e+03 
       2.253150354160e-02       8.412712285230e+03 
       2.253939877711e-02       8.411630652357e+03 
       2.254729571699e-02       8.410547897075e+03 
       2.255519436362e-02       8.409464019635e+03 
       2.256309471944e-02       8.408379020445e+03 
       2.257099678686e-02       8.407292899899e+03 
       2.257890056831e-02       8.406205658395e+03 
       2.258680606621e-02       8.405117295626e+03 
       2.259471328300e-02       8.404027794084e+03 
       2.260262222111e-02       8.402937190705e+03 
       2.261053288299e-02       8.401845467683e+03 
       2.261844527107e-02       8.400752625453e+03 
       2.262635938782e-02       8.399658664400e+03 
       2.263427523568e-02       8.398563584820e+03 
       2.264219281712e-02       8.397467387196e+03 
       2.265011213459e-02       8.396370071956e+03 
       2.265803319057e-02       8.395271639453e+03 
       2.266595598753e-02       8.394172090086e+03 
       2.267388052795e-02       8.393071432468e+03 
       2.268180681430e-02       8.391969614593e+03 
       2.268973484907e-02       8.390866714945e+03 
       2.269766463476e-02       8.389762699725e+03 
       2.270559617385e-02       8.388657569301e+03 
       2.271352946886e-02       8.387551327894e+03 
       2.272146452227e-02       8.386443954682e+03 
       2.272940133661e-02       8.385335480035e+03 
       2.273733991438e-02       8.384225891676e+03 
       2.274528025810e-02       8.383115189868e+03 
       2.275322237029e-02       8.382003374986e+03 
       2.276116625348e-02       8.380890447399e+03 
       2.276911191021e-02       8.379776407488e+03 
       2.277705934300e-02       8.378661255632e+03 
       2.278500855440e-02       8.377544992209e+03 
       2.279295954696e-02       8.376427617621e+03 
       2.280091232321e-02       8.375309132260e+03 
       2.280886688573e-02       8.374189501900e+03 
       2.281682323707e-02       8.373068790731e+03 
       2.282478137979e-02       8.371946972335e+03 
       2.283274131645e-02       8.370824044095e+03 
       2.284070304964e-02       8.369700006666e+03 
       2.284866658194e-02       8.368574860273e+03 
       2.285663191592e-02       8.367448605272e+03 
       2.286459905417e-02       8.366321242024e+03 
       2.287256799928e-02       8.365192770889e+03 
       2.288053875386e-02       8.364063192231e+03 
       2.288851132050e-02       8.362932506446e+03 
       2.289648570182e-02       8.361800713623e+03 
       2.290446190041e-02       8.360667795173e+03 
       2.291243991890e-02       8.359533788296e+03 
       2.292041975991e-02       8.358398675861e+03 
       2.292840142607e-02       8.357262457685e+03 
       2.293638492000e-02       8.356125134404e+03 
       2.294437024434e-02       8.354986706239e+03 
       2.295235740173e-02       8.353847173546e+03 
       2.296034639482e-02       8.352706536683e+03 
       2.296833722625e-02       8.351564796014e+03 
       2.297632989869e-02       8.350421951911e+03 
       2.298432441479e-02       8.349278008854e+03 
       2.299232077722e-02       8.348132927111e+03 
       2.300031898864e-02       8.346986772880e+03 
       2.300831905173e-02       8.345839516344e+03 
       2.301632096917e-02       8.344691157873e+03 
       2.302432474365e-02       8.343541700468e+03 
       2.303233037785e-02       8.342391126630e+03 
       2.304033787447e-02       8.341239463625e+03 
       2.304834723621e-02       8.340086699938e+03 
       2.305635846578e-02       8.338932835902e+03 
       2.306437156587e-02       8.337777871852e+03 
       2.307238653922e-02       8.336621808122e+03 
       2.308040338853e-02       8.335464645049e+03 
       2.308842211653e-02       8.334306382990e+03 
       2.309644272595e-02       8.333147022286e+03 
       2.310446521954e-02       8.331986563296e+03 
       2.311248960001e-02       8.330825006395e+03 
       2.312051587013e-02       8.329662360966e+03 
       2.312854403264e-02       8.328498560064e+03 
       2.313657409030e-02       8.327333708567e+03 
       2.314460604587e-02       8.326167759914e+03 
       2.315263990210e-02       8.325000714726e+03 
       2.316067566179e-02       8.323832573224e+03 
       2.316871332769e-02       8.322663335732e+03 
       2.317675290259e-02       8.321493002568e+03 
       2.318479438928e-02       8.320321574073e+03 
       2.319283779055e-02       8.319149050569e+03 
       2.320088310919e-02       8.317975432387e+03 
       2.320893034802e-02       8.316800719861e+03 
       2.321697950982e-02       8.315624889630e+03 
       2.322503059743e-02       8.314447991546e+03 
       2.323308361365e-02       8.313269996264e+03 
       2.324113856131e-02       8.312090907698e+03 
       2.324919544323e-02       8.310910726177e+03 
       2.325725426226e-02       8.309729451996e+03 
       2.326531502122e-02       8.308547085484e+03 
       2.327337772297e-02       8.307363626956e+03 
       2.328144237035e-02       8.306179076754e+03 
       2.328950896622e-02       8.304993435209e+03 
       2.329757751344e-02       8.303806701812e+03 
       2.330564801488e-02       8.302618851637e+03 
       2.331372047340e-02       8.301429936071e+03 
       2.332179489189e-02       8.300239930121e+03 
       2.332987127322e-02       8.299048834139e+03 
       2.333794962028e-02       8.297856648850e+03 
       2.334602993597e-02       8.296663363735e+03 
       2.335411222318e-02       8.295468998791e+03 
       2.336219648482e-02       8.294273544956e+03 
       2.337028272380e-02       8.293077002499e+03 
       2.337837094304e-02       8.291879371733e+03 
       2.338646114545e-02       8.290680652959e+03 
       2.339455333395e-02       8.289480846459e+03 
       2.340264751149e-02       8.288279952566e+03 
       2.341074368100e-02       8.287077971427e+03 
       2.341884184541e-02       8.285874903640e+03 
       2.342694200769e-02       8.284670749405e+03 
       2.343504417078e-02       8.283465520389e+03 
       2.344314833765e-02       8.282259143180e+03 
       2.345125451125e-02       8.281051728601e+03 
       2.345936269456e-02       8.279843228419e+03 
       2.346747289056e-02       8.278633642905e+03 
       2.347558510223e-02       8.277422972358e+03 
       2.348369933255e-02       8.276211217059e+03 
       2.349181558452e-02       8.274998377407e+03 
       2.349993386114e-02       8.273784453352e+03 
       2.350805416542e-02       8.272569445367e+03 
       2.351617650036e-02       8.271353353902e+03 
       2.352430086898e-02       8.270136179131e+03 
       2.353242727431e-02       8.268917925994e+03 
       2.354055571936e-02       8.267698559675e+03 
       2.354868620719e-02       8.266478135155e+03 
       2.355681874082e-02       8.265256628259e+03 
       2.356495332330e-02       8.264034039256e+03 
       2.357308995768e-02       8.262810368440e+03 
       2.358122864702e-02       8.261585616085e+03 
       2.358936939439e-02       8.260359782478e+03 
       2.359751220285e-02       8.259132867909e+03 
       2.360565707547e-02       8.257904872521e+03 
       2.361380401534e-02       8.256675796879e+03 
       2.362195302555e-02       8.255445608773e+03 
       2.363010410919e-02       8.254214376339e+03 
       2.363825726935e-02       8.252982059096e+03 
       2.364641250914e-02       8.251748662321e+03 
       2.365456983168e-02       8.250514186261e+03 
       2.366272924007e-02       8.249278621553e+03 
       2.367089073744e-02       8.248041987268e+03 
       2.367905432692e-02       8.246804274258e+03 
       2.368722001165e-02       8.245565482939e+03 
       2.369538779477e-02       8.244325613575e+03 
       2.370355767941e-02       8.243084666277e+03 
       2.371172966874e-02       8.241842641576e+03 
       2.371990376592e-02       8.240599539619e+03 
       2.372807997410e-02       8.239355360683e+03 
       2.373625829647e-02       8.238110105052e+03 
       2.374443873619e-02       8.236863773009e+03 
       2.375262129646e-02       8.235616363465e+03 
       2.376080598046e-02       8.234367841294e+03 
       2.376899279139e-02       8.233118279179e+03 
       2.377718173245e-02       8.231867641072e+03 
       2.378537280685e-02       8.230615927491e+03 
       2.379356601780e-02       8.229363138688e+03 
       2.380176136853e-02       8.228109274733e+03 
       2.380995886226e-02       8.226854336167e+03 
       2.381815850223e-02       8.225598323107e+03 
       2.382636029167e-02       8.224341235805e+03 
       2.383456423384e-02       8.223083074515e+03 
       2.384277033198e-02       8.221823839497e+03 
       2.385097858936e-02       8.220563535009e+03 
       2.385918900924e-02       8.219302128380e+03 
       2.386740159489e-02       8.218039672186e+03 
       2.387561634959e-02       8.216776143026e+03 
       2.388383327662e-02       8.215511541152e+03 
       2.389205237928e-02       8.214245866811e+03 
       2.390027366087e-02       8.212979120062e+03 
       2.390849712468e-02       8.211711301454e+03 
       2.391672277403e-02       8.210442411102e+03 
       2.392495061223e-02       8.209172449258e+03 
       2.393318064261e-02       8.207901416180e+03 
       2.394141286851e-02       8.206629323677e+03 
       2.394964729324e-02       8.205356108479e+03 
       2.395788392017e-02       8.204081861129e+03 
       2.396612275263e-02       8.202806543103e+03 
       2.397436379399e-02       8.201530154821e+03 
       2.398260704760e-02       8.200252698318e+03 
       2.399085251684e-02       8.198974158415e+03 
       2.399910020509e-02       8.197694559787e+03 
       2.400735011572e-02       8.196413891636e+03 
       2.401560225213e-02       8.195132154189e+03 
       2.402385661771e-02       8.193849347665e+03 
       2.403211321587e-02       8.192565472291e+03 
       2.404037205001e-02       8.191280528297e+03 
       2.404863312355e-02       8.189994515911e+03 
       2.405689643993e-02       8.188707435468e+03 
       2.406516200255e-02       8.187419286964e+03 
       2.407342981487e-02       8.186130074750e+03 
       2.408169988033e-02       8.184839749162e+03 
       2.408997220237e-02       8.183548395535e+03 
       2.409824678446e-02       8.182255974679e+03 
       2.410652363006e-02       8.180962486648e+03 
       2.411480274264e-02       8.179667931652e+03 
       2.412308412568e-02       8.178372309895e+03 
       2.413136778267e-02       8.177075621587e+03 
       2.413965371709e-02       8.175777866938e+03 
       2.414794193244e-02       8.174479046159e+03 
       2.415623243224e-02       8.173179159478e+03 
       2.416452522000e-02       8.171878207045e+03 
       2.417282029922e-02       8.170576169476e+03 
       2.418111767345e-02       8.169273085072e+03 
       2.418941734622e-02       8.167968935124e+03 
       2.419771932107e-02       8.166663720214e+03 
       2.420602360154e-02       8.165357440415e+03 
       2.421433019119e-02       8.164050095935e+03 
       2.422263909359e-02       8.162741686971e+03 
       2.423095031230e-02       8.161432213731e+03 
       2.423926385090e-02       8.160121676427e+03 
       2.424757971298e-02       8.158810075282e+03 
       2.425589790213e-02       8.157497400378e+03 
       2.426421842194e-02       8.156183654205e+03 
       2.427254127603e-02       8.154868860667e+03 
       2.428086646799e-02       8.153553003822e+03 
       2.428919400147e-02       8.152236083413e+03 
       2.429752388007e-02       8.150918086181e+03 
       2.430585610745e-02       8.149599039337e+03 
       2.431419068723e-02       8.148278929860e+03 
       2.432252762308e-02       8.146957757831e+03 
       2.433086691864e-02       8.145635523431e+03 
       2.433920857759e-02       8.144312226824e+03 
       2.434755260359e-02       8.142987868187e+03 
       2.435589900032e-02       8.141662447703e+03 
       2.436424777147e-02       8.140335965543e+03 
       2.437259892074e-02       8.139008421881e+03 
       2.438095245182e-02       8.137679816756e+03 
       2.438930836843e-02       8.136350150589e+03 
       2.439766667428e-02       8.135019423451e+03 
       2.440602737310e-02       8.133687635543e+03 
       2.441439046862e-02       8.132354787054e+03 
       2.442275596458e-02       8.131020878187e+03 
       2.443112386472e-02       8.129685909159e+03 
       2.443949417280e-02       8.128349880160e+03 
       2.444786689259e-02       8.127012725314e+03 
       2.445624202785e-02       8.125674578584e+03 
       2.446461958237e-02       8.124335366146e+03 
       2.447299955992e-02       8.122995093812e+03 
       2.448138196430e-02       8.121653761674e+03 
       2.448976679931e-02       8.120311370116e+03 
       2.449815406877e-02       8.118967919164e+03 
       2.450654377648e-02       8.117623408971e+03 
       2.451493592627e-02       8.116277839687e+03 
       2.452333052198e-02       8.114931211456e+03 
       2.453172756745e-02       8.113583524423e+03 
       2.454012706651e-02       8.112234778726e+03 
       2.454852902304e-02       8.110884974525e+03 
       2.455693344089e-02       8.109534120290e+03 
       2.456534032393e-02       8.108182200268e+03 
       2.457374967605e-02       8.106829192311e+03 
       2.458216150113e-02       8.105475155413e+03 
       2.459057580307e-02       8.104120059728e+03 
       2.459899258577e-02       8.102763906255e+03 
       2.460741185315e-02       8.101406695136e+03 
       2.461583360912e-02       8.100048426511e+03 
       2.462425785761e-02       8.098689100519e+03 
       2.463268460256e-02       8.097328717297e+03 
       2.464111384791e-02       8.095967276985e+03 
       2.464954559762e-02       8.094604779727e+03 
       2.465797985565e-02       8.093241225665e+03 
       2.466641662596e-02       8.091876614944e+03 
       2.467485591254e-02       8.090510947575e+03 
       2.468329771936e-02       8.089144223956e+03 
       2.469174205042e-02       8.087776444137e+03 
       2.470018890973e-02       8.086407568553e+03 
       2.470863830129e-02       8.085037674809e+03 
       2.471709022913e-02       8.083666724209e+03 
       2.472554469726e-02       8.082294717575e+03 
       2.473400170973e-02       8.080921655023e+03 
       2.474246127058e-02       8.079547536690e+03 
       2.475092338386e-02       8.078172362701e+03 
       2.475938805363e-02       8.076796122341e+03 
       2.476785528396e-02       8.075418837899e+03 
       2.477632507893e-02       8.074040496735e+03 
       2.478479744263e-02       8.072661100412e+03 
       2.479327237914e-02       8.071280648923e+03 
       2.480174989258e-02       8.069899142385e+03 
       2.481022998705e-02       8.068516580916e+03 
       2.481871266668e-02       8.067132964635e+03 
       2.482719793559e-02       8.065748293667e+03 
       2.483568579793e-02       8.064362568140e+03 
       2.484417625783e-02       8.062975788201e+03 
       2.485266931945e-02       8.061587952570e+03 
       2.486116498697e-02       8.060199025680e+03 
       2.486966326454e-02       8.058809080518e+03 
       2.487816415636e-02       8.057418080911e+03 
       2.488666766660e-02       8.056026027057e+03 
       2.489517379948e-02       8.054632919059e+03 
       2.490368255920e-02       8.053238757009e+03 
       2.491219394997e-02       8.051843541010e+03 
       2.492070797603e-02       8.050447271160e+03 
       2.492922464160e-02       8.049049947556e+03 
       2.493774395093e-02       8.047651570317e+03 
       2.494626590827e-02       8.046252139532e+03 
       2.495479051789e-02       8.044851661946e+03 
       2.496331778405e-02       8.043450096585e+03 
       2.497184771104e-02       8.042047504115e+03 
       2.498038030314e-02       8.040643858403e+03 
       2.498891556465e-02       8.039239159403e+03 
       2.499745349988e-02       8.037833407205e+03 
       2.500599411314e-02       8.036426601896e+03 
       2.501453740876e-02       8.035018743565e+03 
       2.502308339107e-02       8.033609832309e+03 
       2.503163206442e-02       8.032199868222e+03 
       2.504018343316e-02       8.030788851422e+03 
       2.504873750166e-02       8.029376765349e+03 
       2.505729427428e-02       8.027963630584e+03 
       2.506585375540e-02       8.026549453849e+03 
       2.507441594941e-02       8.025134224557e+03 
       2.508298086073e-02       8.023717942676e+03 
       2.509154849374e-02       8.022300597046e+03 
       2.510011885288e-02       8.020882211037e+03 
       2.510869194256e-02       8.019462771035e+03 
       2.511726776724e-02       8.018042278621e+03 
       2.512584633134e-02       8.016620733851e+03 
       2.513442763934e-02       8.015198136807e+03 
       2.514301169570e-02       8.013774487552e+03 
       2.515159850488e-02       8.012349786157e+03 
       2.516018807138e-02       8.010924032689e+03 
       2.516878039970e-02       8.009497227097e+03 
       2.517737549433e-02       8.008069369721e+03 
       2.518597335979e-02       8.006640460094e+03 
       2.519457400061e-02       8.005210460499e+03 
       2.520317742131e-02       8.003779444359e+03 
       2.521178362645e-02       8.002347376950e+03 
       2.522039262057e-02       8.000914257577e+03 
       2.522900440824e-02       7.999480086277e+03 
       2.523761899403e-02       7.998044863100e+03 
       2.524623638252e-02       7.996608588088e+03 
       2.525485657831e-02       7.995171261286e+03 
       2.526347958600e-02       7.993732882599e+03 
       2.527210541021e-02       7.992293452324e+03 
       2.528073405554e-02       7.990852970405e+03 
       2.528936552665e-02       7.989411437340e+03 
       2.529799982816e-02       7.987968830734e+03 
       2.530663696474e-02       7.986525192642e+03 
       2.531527694104e-02       7.985080502914e+03 
       2.532391976174e-02       7.983634761571e+03 
       2.533256543153e-02       7.982187968620e+03 
       2.534121395509e-02       7.980740124106e+03 
       2.534986533713e-02       7.979291228064e+03 
       2.535851958237e-02       7.977841280539e+03 
       2.536717669552e-02       7.976390281401e+03 
       2.537583668133e-02       7.974938231000e+03 
       2.538449954453e-02       7.973485137714e+03 
       2.539316528989e-02       7.972030947055e+03 
       2.540183392216e-02       7.970575740589e+03 
       2.541050544613e-02       7.969119482583e+03 
       2.541917986658e-02       7.967662173046e+03 
       2.542785718832e-02       7.966203815945e+03 
       2.543653741613e-02       7.964744389542e+03 
       2.544522055486e-02       7.963283924821e+03 
       2.545390660931e-02       7.961822408539e+03 
       2.546259558434e-02       7.960359840554e+03 
       2.547128748480e-02       7.958896221150e+03 
       2.547998231553e-02       7.957431550221e+03 
       2.548868008143e-02       7.955965827794e+03 
       2.549738078736e-02       7.954499053890e+03 
       2.550608443822e-02       7.953031228537e+03 
       2.551479103891e-02       7.951562351768e+03 
       2.552350059436e-02       7.950092423353e+03 
       2.553221310948e-02       7.948621405698e+03 
       2.554092858921e-02       7.947149371456e+03 
       2.554964703850e-02       7.945676286102e+03 
       2.555836846230e-02       7.944202148850e+03 
       2.556709286560e-02       7.942726959931e+03 
       2.557582025335e-02       7.941250719221e+03 
       2.558455063057e-02       7.939773426713e+03 
       2.559328400225e-02       7.938295082397e+03 
       2.560202037340e-02       7.936815686263e+03 
       2.561075974905e-02       7.935335238313e+03 
       2.561950213423e-02       7.933853738548e+03 
       2.562824753400e-02       7.932371195519e+03 
       2.563699595340e-02       7.930887562343e+03 
       2.564574739752e-02       7.929402905555e+03 
       2.565450187142e-02       7.927917196715e+03 
       2.566325938021e-02       7.926430435618e+03 
       2.567201992898e-02       7.924942622550e+03 
       2.568078352286e-02       7.923453757360e+03 
       2.568955016696e-02       7.921963840031e+03 
       2.569831986644e-02       7.920472870552e+03 
       2.570709262642e-02       7.918980848940e+03 
       2.571586845209e-02       7.917487774536e+03 
       2.572464734860e-02       7.915993621372e+03 
       2.573342932115e-02       7.914498441022e+03 
       2.574221437493e-02       7.913002208304e+03 
       2.575100251514e-02       7.911504923019e+03 
       2.575979374701e-02       7.910006586938e+03 
       2.576858807577e-02       7.908507184596e+03 
       2.577738550666e-02       7.907006740628e+03 
       2.578618604494e-02       7.905505243825e+03 
       2.579498969587e-02       7.904002694152e+03 
       2.580379646473e-02       7.902499091569e+03 
       2.581260635681e-02       7.900994436035e+03 
       2.582141937742e-02       7.899488727516e+03 
       2.583023553186e-02       7.897981965979e+03 
       2.583905482546e-02       7.896474151396e+03 
       2.584787726357e-02       7.894965283740e+03 
       2.585670285154e-02       7.893455362847e+03 
       2.586553159472e-02       7.891944343938e+03 
       2.587436349849e-02       7.890432320507e+03 
       2.588319856823e-02       7.888919237057e+03 
       2.589203680936e-02       7.887405099961e+03 
       2.590087822727e-02       7.885889908961e+03 
       2.590972282740e-02       7.884373664169e+03 
       2.591857061518e-02       7.882856365451e+03 
       2.592742159605e-02       7.881338012749e+03 
       2.593627577548e-02       7.879818605996e+03 
       2.594513315895e-02       7.878298145133e+03 
       2.595399375194e-02       7.876776629954e+03 
       2.596285755994e-02       7.875254068108e+03 
       2.597172458847e-02       7.873730415986e+03 
       2.598059484305e-02       7.872205736474e+03 
       2.598946832923e-02       7.870680002308e+03 
       2.599834505254e-02       7.869153213407e+03 
       2.600722501855e-02       7.867625369695e+03 
       2.601610823284e-02       7.866096471086e+03 
       2.602499470099e-02       7.864566517510e+03 
       2.603388442860e-02       7.863035508893e+03 
       2.604277742129e-02       7.861503445166e+03 
       2.605167368469e-02       7.859970325617e+03 
       2.606057322442e-02       7.858436124348e+03 
       2.606947604615e-02       7.856900892608e+03 
       2.607838215553e-02       7.855364605352e+03 
       2.608729155826e-02       7.853827262275e+03 
       2.609620426001e-02       7.852288865466e+03 
       2.610512026650e-02       7.850749398472e+03 
       2.611403958344e-02       7.849208886625e+03 
       2.612296221656e-02       7.847667318454e+03 
       2.613188817160e-02       7.846124693859e+03 
       2.614081745433e-02       7.844581012734e+03 
       2.614975007052e-02       7.843036274987e+03 
       2.615868602595e-02       7.841490480325e+03 
       2.616762532641e-02       7.839943628976e+03 
       2.617656797772e-02       7.838395720707e+03 
       2.618551398571e-02       7.836846755429e+03 
       2.619446335620e-02       7.835296733048e+03 
       2.620341609507e-02       7.833745612408e+03 
       2.621237220816e-02       7.832193475266e+03 
       2.622133170136e-02       7.830640277839e+03 
       2.623029458056e-02       7.829086022484e+03 
       2.623926085167e-02       7.827530709045e+03 
       2.624823052062e-02       7.825974337397e+03 
       2.625720359332e-02       7.824416907215e+03 
       2.626618007574e-02       7.822858418688e+03 
       2.627515997384e-02       7.821298871549e+03 
       2.628414329358e-02       7.819738265671e+03 
       2.629313004097e-02       7.818176600938e+03 
       2.630212022201e-02       7.816613885216e+03 
       2.631111384271e-02       7.815050073232e+03 
       2.632011090911e-02       7.813485229595e+03 
       2.632911142726e-02       7.811919326362e+03 
       2.633811540321e-02       7.810352363386e+03 
       2.634712284304e-02       7.808784340528e+03 
       2.635613375285e-02       7.807215257458e+03 
       2.636514813873e-02       7.805645114350e+03 
       2.637416600681e-02       7.804073910929e+03 
       2.638318736321e-02       7.802501647061e+03 
       2.639221221409e-02       7.800928322605e+03 
       2.640124056561e-02       7.799353909553e+03 
       2.641027242394e-02       7.797778461433e+03 
       2.641930779528e-02       7.796201952060e+03 
       2.642834668584e-02       7.794624381213e+03 
       2.643738910182e-02       7.793045752495e+03 
       2.644643504948e-02       7.791466044557e+03 
       2.645548453505e-02       7.789885287379e+03 
       2.646453756482e-02       7.788303468087e+03 
       2.647359414504e-02       7.786720586375e+03 
       2.648265428203e-02       7.785136642068e+03 
       2.649171798209e-02       7.783551635000e+03 
       2.650078525155e-02       7.781965565003e+03 
       2.650985609674e-02       7.780378431983e+03 
       2.651893052403e-02       7.778790235575e+03 
       2.652800853978e-02       7.777200975840e+03 
       2.653709015038e-02       7.775610651180e+03 
       2.654617536224e-02       7.774019226242e+03 
       2.655526418176e-02       7.772426772618e+03 
       2.656435661538e-02       7.770833254380e+03 
       2.657345266956e-02       7.769238671454e+03 
       2.658255235074e-02       7.767643023638e+03 
       2.659165566542e-02       7.766046310732e+03 
       2.660076262008e-02       7.764448532538e+03 
       2.660987322123e-02       7.762849688849e+03 
       2.661898747541e-02       7.761249779481e+03 
       2.662810538915e-02       7.759648804236e+03 
       2.663722696901e-02       7.758046762914e+03 
       2.664635222156e-02       7.756443633641e+03 
       2.665548115340e-02       7.754839459666e+03 
       2.666461377112e-02       7.753234217278e+03 
       2.667375008135e-02       7.751627907792e+03 
       2.668289009072e-02       7.750020530980e+03 
       2.669203380589e-02       7.748412086636e+03 
       2.670118123353e-02       7.746802574544e+03 
       2.671033238032e-02       7.745191994496e+03 
       2.671948725297e-02       7.743580346294e+03 
       2.672864585819e-02       7.741967629735e+03 
       2.673780820271e-02       7.740353854418e+03 
       2.674697429329e-02       7.738738962192e+03 
       2.675614413670e-02       7.737123037155e+03 
       2.676531773972e-02       7.735506042596e+03 
       2.677449510914e-02       7.733887978282e+03 
       2.678367625179e-02       7.732268834743e+03 
       2.679286117450e-02       7.730648629405e+03 
       2.680204988412e-02       7.729027353645e+03 
       2.681124238752e-02       7.727405007065e+03 
       2.682043869158e-02       7.725781589428e+03 
       2.682963880320e-02       7.724157100490e+03 
       2.683884272930e-02       7.722531540009e+03 
       2.684805047681e-02       7.720904907586e+03 
       2.685726205270e-02       7.719277203257e+03 
       2.686647746391e-02       7.717648426672e+03 
       2.687569671745e-02       7.716018577616e+03 
       2.688491982032e-02       7.714387668807e+03 
       2.689414677953e-02       7.712755621364e+03 
       2.690337760212e-02       7.711122550523e+03 
       2.691261229516e-02       7.709488405809e+03 
       2.692185086570e-02       7.707853186959e+03 
       2.693109332085e-02       7.706216893700e+03 
       2.694033966771e-02       7.704579525762e+03 
       2.694958991340e-02       7.702941082697e+03 
       2.695884406508e-02       7.701301564525e+03 
       2.696810212989e-02       7.699660970846e+03 
       2.697736411503e-02       7.698019301393e+03 
       2.698663002768e-02       7.696376555291e+03 
       2.699589987505e-02       7.694732713607e+03 
       2.700517366440e-02       7.693087813824e+03 
       2.701445140295e-02       7.691441836736e+03 
       2.702373309798e-02       7.689794782358e+03 
       2.703301875679e-02       7.688146650301e+03 
       2.704230838667e-02       7.686497440280e+03 
       2.705160199494e-02       7.684847151820e+03 
       2.706089958895e-02       7.683195784962e+03 
       2.707020117606e-02       7.681543339283e+03 
       2.707950676364e-02       7.679889814510e+03 
       2.708881635910e-02       7.678235178808e+03 
       2.709812996985e-02       7.676579497447e+03 
       2.710744760331e-02       7.674922731424e+03 
       2.711676926696e-02       7.673264884836e+03 
       2.712609496825e-02       7.671605957512e+03 
       2.713542471467e-02       7.669945939149e+03 
       2.714475851374e-02       7.668284848106e+03 
       2.715409637299e-02       7.666622675254e+03 
       2.716343829996e-02       7.664959420132e+03 
       2.717278430221e-02       7.663295082408e+03 
       2.718213438734e-02       7.661629661795e+03 
       2.719148856294e-02       7.659963157934e+03 
       2.720084683664e-02       7.658295570520e+03 
       2.721020921609e-02       7.656626899241e+03 
       2.721957570894e-02       7.654957143798e+03 
       2.722894632288e-02       7.653286303812e+03 
       2.723832106561e-02       7.651614340768e+03 
       2.724769994485e-02       7.649941328326e+03 
       2.725708296835e-02       7.648267229887e+03 
       2.726647014385e-02       7.646592045237e+03 
       2.727586147914e-02       7.644915774027e+03 
       2.728525698203e-02       7.643238415982e+03 
       2.729465666032e-02       7.641559970527e+03 
       2.730406052187e-02       7.639880437526e+03 
       2.731346857453e-02       7.638199816561e+03 
       2.732288082618e-02       7.636518107280e+03 
       2.733229728472e-02       7.634835309328e+03 
       2.734171795806e-02       7.633151402688e+03 
       2.735114285417e-02       7.631466424677e+03 
       2.736057198098e-02       7.629780356913e+03 
       2.737000534649e-02       7.628093198803e+03 
       2.737944295870e-02       7.626404949970e+03 
       2.738888482562e-02       7.624715610035e+03 
       2.739833095531e-02       7.623025178650e+03 
       2.740778135582e-02       7.621333655420e+03 
       2.741723603524e-02       7.619641039998e+03 
       2.742669500168e-02       7.617947332018e+03 
       2.743615826327e-02       7.616252541155e+03 
       2.744562582815e-02       7.614556608625e+03 
       2.745509770448e-02       7.612859618612e+03 
       2.746457390047e-02       7.611161534240e+03 
       2.747405442431e-02       7.609462355108e+03 
       2.748353928425e-02       7.607762071428e+03 
       2.749302848854e-02       7.606060701074e+03 
       2.750252204545e-02       7.604358234531e+03 
       2.751201996328e-02       7.602654671528e+03 
       2.752152225034e-02       7.600950011651e+03 
       2.753102891499e-02       7.599244254493e+03 
       2.754053996557e-02       7.597537399651e+03 
       2.755005541048e-02       7.595829446537e+03 
       2.755957525811e-02       7.594120395047e+03 
       2.756909951690e-02       7.592410244689e+03 
       2.757862819529e-02       7.590698995046e+03 
       2.758816130177e-02       7.588986602372e+03 
       2.759769884481e-02       7.587273156257e+03 
       2.760724083294e-02       7.585558603231e+03 
       2.761678727469e-02       7.583842948848e+03 
       2.762633817863e-02       7.582126192667e+03 
       2.763589355334e-02       7.580408334247e+03 
       2.764545340743e-02       7.578689372992e+03 
       2.765501774951e-02       7.576969308727e+03 
       2.766458658826e-02       7.575248140897e+03 
       2.767415993233e-02       7.573525869147e+03 
       2.768373779043e-02       7.571802492791e+03 
       2.769332017128e-02       7.570077988532e+03 
       2.770290708361e-02       7.568352404222e+03 
       2.771249853620e-02       7.566625710298e+03 
       2.772209453784e-02       7.564897909955e+03 
       2.773169509733e-02       7.563169002689e+03 
       2.774130022352e-02       7.561438988037e+03 
       2.775090992526e-02       7.559707865349e+03 
       2.776052421144e-02       7.557975634478e+03 
       2.777014309096e-02       7.556242294829e+03 
       2.777976657276e-02       7.554507845943e+03 
       2.778939466578e-02       7.552772260430e+03 
       2.779902737901e-02       7.551035590487e+03 
       2.780866472145e-02       7.549297808951e+03 
       2.781830670213e-02       7.547558916020e+03 
       2.782795333008e-02       7.545818911618e+03 
       2.783760461440e-02       7.544077784697e+03 
       2.784726056418e-02       7.542335553779e+03 
       2.785692118853e-02       7.540592209526e+03 
       2.786658649662e-02       7.538847751304e+03 
       2.787625649761e-02       7.537102178615e+03 
       2.788593120069e-02       7.535355490959e+03 
       2.789561061510e-02       7.533607687835e+03 
       2.790529475007e-02       7.531858768741e+03 
       2.791498361487e-02       7.530108733190e+03 
       2.792467721882e-02       7.528357580695e+03 
       2.793437557121e-02       7.526605315764e+03 
       2.794407868141e-02       7.524851884880e+03 
       2.795378655878e-02       7.523097375710e+03 
       2.796349921272e-02       7.521341747117e+03 
       2.797321665266e-02       7.519584998594e+03 
       2.798293888803e-02       7.517827129607e+03 
       2.799266592833e-02       7.516068139619e+03 
       2.800239778303e-02       7.514308028097e+03 
       2.801213446168e-02       7.512546794525e+03 
       2.802187597382e-02       7.510784438347e+03 
       2.803162232903e-02       7.509020959031e+03 
       2.804137353691e-02       7.507256361378e+03 
       2.805112960709e-02       7.505490608683e+03 
       2.806089054923e-02       7.503723755160e+03 
       2.807065637300e-02       7.501955776114e+03 
       2.808042708813e-02       7.500186670973e+03 
       2.809020270434e-02       7.498416439178e+03 
       2.809998323139e-02       7.496645080162e+03 
       2.810976867908e-02       7.494872593356e+03 
       2.811955905722e-02       7.493098978206e+03 
       2.812935437565e-02       7.491324234154e+03 
       2.813915464424e-02       7.489548369726e+03 
       2.814895987289e-02       7.487771329856e+03 
       2.815877007153e-02       7.485993193617e+03 
       2.816858525009e-02       7.484213925901e+03 
       2.817840541857e-02       7.482433526115e+03 
       2.818823058697e-02       7.480651984604e+03 
       2.819806076531e-02       7.478869318361e+03 
       2.820789596368e-02       7.477085518132e+03 
       2.821773619214e-02       7.475300583387e+03 
       2.822758146083e-02       7.473514513519e+03 
       2.823743177988e-02       7.471727307933e+03 
       2.824728715947e-02       7.469938965861e+03 
       2.825714760980e-02       7.468149486960e+03 
       2.826701314111e-02       7.466358870515e+03 
       2.827688376364e-02       7.464567115929e+03 
       2.828675948769e-02       7.462774221325e+03 
       2.829664032358e-02       7.460980152863e+03 
       2.830652628165e-02       7.459184977687e+03 
       2.831641737227e-02       7.457388661361e+03 
       2.832631360584e-02       7.455591203419e+03 
       2.833621499280e-02       7.453792603223e+03 
       2.834612154360e-02       7.451992859972e+03 
       2.835603326875e-02       7.450191973324e+03 
       2.836595017875e-02       7.448389942481e+03 
       2.837587228416e-02       7.446586766819e+03 
       2.838579959555e-02       7.444782445698e+03 
       2.839573212354e-02       7.442976983137e+03 
       2.840566987876e-02       7.441170344831e+03 
       2.841561287188e-02       7.439362581940e+03 
       2.842556111361e-02       7.437553670759e+03 
       2.843551461466e-02       7.435743610615e+03 
       2.844547338579e-02       7.433932400840e+03 
       2.845543743781e-02       7.432120040567e+03 
       2.846540678152e-02       7.430306529451e+03 
       2.847538142778e-02       7.428491866703e+03 
       2.848536138746e-02       7.426676051652e+03 
       2.849534667149e-02       7.424859094396e+03 
       2.850533729080e-02       7.423040935167e+03 
       2.851533325638e-02       7.421221657145e+03 
       2.852533457921e-02       7.419401223831e+03 
       2.853534127035e-02       7.417579634309e+03 
       2.854535334086e-02       7.415756879454e+03 
       2.855537080184e-02       7.413932975240e+03 
       2.856539366442e-02       7.412107912870e+03 
       2.857542193976e-02       7.410281691540e+03 
       2.858545563907e-02       7.408454310576e+03 
       2.859549477356e-02       7.406625769226e+03 
       2.860553935451e-02       7.404796066789e+03 
       2.861558939319e-02       7.402965202554e+03 
       2.862564490094e-02       7.401133175819e+03 
       2.863570588911e-02       7.399299985899e+03 
       2.864577236910e-02       7.397465641372e+03 
       2.865584435232e-02       7.395630076447e+03 
       2.866592185022e-02       7.393793389774e+03 
       2.867600487431e-02       7.391955536611e+03 
       2.868609343610e-02       7.390116516189e+03 
       2.869618754714e-02       7.388276327746e+03 
       2.870628721903e-02       7.386434970519e+03 
       2.871639246338e-02       7.384592443742e+03 
       2.872650329185e-02       7.382748746653e+03 
       2.873661971614e-02       7.380903878495e+03 
       2.874674174796e-02       7.379057838506e+03 
       2.875686939907e-02       7.377210616049e+03 
       2.876700268127e-02       7.375362219901e+03 
       2.877714160637e-02       7.373512658227e+03 
       2.878728618625e-02       7.371661921421e+03 
       2.879743643279e-02       7.369810008701e+03 
       2.880759235793e-02       7.367956919284e+03 
       2.881775397363e-02       7.366102652390e+03 
       2.882792129189e-02       7.364247207237e+03 
       2.883809432475e-02       7.362390583043e+03 
       2.884827308427e-02       7.360532778931e+03 
       2.885845758257e-02       7.358673769254e+03 
       2.886864783177e-02       7.356813600752e+03 
       2.887884384407e-02       7.354952250199e+03 
       2.888904563167e-02       7.353089716295e+03 
       2.889925320682e-02       7.351226000831e+03 
       2.890946658181e-02       7.349361085920e+03 
       2.891968576895e-02       7.347494996277e+03 
       2.892991078061e-02       7.345627719864e+03 
       2.894014162918e-02       7.343759255844e+03 
       2.895037832709e-02       7.341889603388e+03 
       2.896062088680e-02       7.340018761465e+03 
       2.897086932083e-02       7.338146729574e+03 
       2.898112364171e-02       7.336273506744e+03 
       2.899138386203e-02       7.334399092149e+03 
       2.900164999439e-02       7.332523484879e+03 
       2.901192205145e-02       7.330646649473e+03 
       2.902220004591e-02       7.328768651281e+03 
       2.903248399049e-02       7.326889458147e+03 
       2.904277389797e-02       7.325009068569e+03 
       2.905306978114e-02       7.323127481513e+03 
       2.906337165285e-02       7.321244696337e+03 
       2.907367952598e-02       7.319360712048e+03 
       2.908399341345e-02       7.317475527757e+03 
       2.909431332823e-02       7.315589142577e+03 
       2.910463928332e-02       7.313701555625e+03 
       2.911497129174e-02       7.311812771984e+03 
       2.912530936658e-02       7.309922753657e+03 
       2.913565352095e-02       7.308031554556e+03 
       2.914600376801e-02       7.306139149871e+03 
       2.915636012095e-02       7.304245538569e+03 
       2.916672259301e-02       7.302350719946e+03 
       2.917709119747e-02       7.300454692979e+03 
       2.918746594764e-02       7.298557456749e+03 
       2.919784685688e-02       7.296659010340e+03 
       2.920823393857e-02       7.294759352833e+03 
       2.921862720617e-02       7.292858454228e+03 
       2.922902667315e-02       7.290956374347e+03 
       2.923943235302e-02       7.289053075893e+03 
       2.924984425934e-02       7.287148562327e+03 
       2.926026240573e-02       7.285242835678e+03 
       2.927068680581e-02       7.283335876896e+03 
       2.928111747328e-02       7.281427711389e+03 
       2.929155442186e-02       7.279518326890e+03 
       2.930199766532e-02       7.277607722350e+03 
       2.931244721747e-02       7.275695896798e+03 
       2.932290309217e-02       7.273782849258e+03 
       2.933336530330e-02       7.271868578753e+03 
       2.934383386480e-02       7.269953084307e+03 
       2.935430879066e-02       7.268036364953e+03 
       2.936479009490e-02       7.266118419516e+03 
       2.937527779159e-02       7.264199212800e+03 
       2.938577189483e-02       7.262278809900e+03 
       2.939627241879e-02       7.260357178001e+03 
       2.940677937765e-02       7.258434315821e+03 
       2.941729278567e-02       7.256510222340e+03 
       2.942781265712e-02       7.254584896535e+03 
       2.943833900633e-02       7.252658337379e+03 
       2.944887184769e-02       7.250730543856e+03 
       2.945941119560e-02       7.248801514785e+03 
       2.946995706454e-02       7.246871249397e+03 
       2.948050946901e-02       7.244939754136e+03 
       2.949106842356e-02       7.243006986204e+03 
       2.950163394279e-02       7.241073003788e+03 
       2.951220604136e-02       7.239137780533e+03 
       2.952278473395e-02       7.237201315366e+03 
       2.953337003529e-02       7.235263607217e+03 
       2.954396196017e-02       7.233324655022e+03 
       2.955456052342e-02       7.231384457720e+03 
       2.956516573991e-02       7.229443014091e+03 
       2.957577762457e-02       7.227500323261e+03 
       2.958639619237e-02       7.225556360150e+03 
       2.959702145831e-02       7.223611169480e+03 
       2.960765343747e-02       7.221664728461e+03 
       2.961829214495e-02       7.219717035613e+03 
       2.962893759592e-02       7.217768085840e+03 
       2.963958980558e-02       7.215817881015e+03 
       2.965024878919e-02       7.213866425321e+03 
       2.966091456204e-02       7.211913713109e+03 
       2.967158713949e-02       7.209959743476e+03 
       2.968226653694e-02       7.208004515276e+03 
       2.969295276984e-02       7.206048027109e+03 
       2.970364585369e-02       7.204090278105e+03 
       2.971434580403e-02       7.202131267053e+03 
       2.972505263646e-02       7.200170992836e+03 
       2.973576636663e-02       7.198209460056e+03 
       2.974648701024e-02       7.196246615351e+03 
       2.975721458302e-02       7.194282542112e+03 
       2.976794910078e-02       7.192317200573e+03 
       2.977869057937e-02       7.190350589838e+03 
       2.978943903469e-02       7.188382708609e+03 
       2.980019448267e-02       7.186413555708e+03 
       2.981095693933e-02       7.184443129957e+03 
       2.982172642072e-02       7.182471430175e+03 
       2.983250294294e-02       7.180498455182e+03 
       2.984328652214e-02       7.178524203775e+03 
       2.985407717454e-02       7.176548657199e+03 
       2.986487491638e-02       7.174571847570e+03 
       2.987567976400e-02       7.172593758110e+03 
       2.988649173375e-02       7.170614387167e+03 
       2.989731084205e-02       7.168633733509e+03 
       2.990813710537e-02       7.166651795906e+03 
       2.991897054023e-02       7.164668573135e+03 
       2.992981116322e-02       7.162684063974e+03 
       2.994065899097e-02       7.160698267206e+03 
       2.995151404017e-02       7.158711190740e+03 
       2.996237632755e-02       7.156722780831e+03 
       2.997324586991e-02       7.154733111634e+03 
       2.998412268411e-02       7.152742149697e+03 
       2.999500678704e-02       7.150749893724e+03 
       3.000589819567e-02       7.148756340720e+03 
       3.001679692702e-02       7.146761491260e+03 
       3.002770299816e-02       7.144765335147e+03 
       3.003861642621e-02       7.142767888779e+03 
       3.004953722837e-02       7.140769141721e+03 
       3.006046542187e-02       7.138769092676e+03 
       3.007140102402e-02       7.136767740183e+03 
       3.008234405215e-02       7.134765083183e+03 
       3.009329452370e-02       7.132761120265e+03 
       3.010425245613e-02       7.130755850131e+03 
       3.011521786696e-02       7.128749282464e+03 
       3.012619077379e-02       7.126741353106e+03 
       3.013717119426e-02       7.124732151009e+03 
       3.014815914606e-02       7.122721636060e+03 
       3.015915464697e-02       7.120709806909e+03 
       3.017015771480e-02       7.118696662203e+03 
       3.018116836743e-02       7.116682200393e+03 
       3.019218662280e-02       7.114666420443e+03 
       3.020321249891e-02       7.112649320857e+03 
       3.021424601383e-02       7.110630904776e+03 
       3.022528718566e-02       7.108611141459e+03 
       3.023633603259e-02       7.106590073464e+03 
       3.024739257287e-02       7.104567680129e+03 
       3.025845682479e-02       7.102543960047e+03 
       3.026952880672e-02       7.100518911818e+03 
       3.028060853709e-02       7.098492533852e+03 
       3.029169603438e-02       7.096464825037e+03 
       3.030279131714e-02       7.094435783830e+03 
       3.031389440399e-02       7.092405385173e+03 
       3.032500531361e-02       7.090373676334e+03 
       3.033612406472e-02       7.088340627676e+03 
       3.034725067613e-02       7.086306240687e+03 
       3.035838516672e-02       7.084270504735e+03 
       3.036952755540e-02       7.082233437247e+03 
       3.038067786117e-02       7.080195025718e+03 
       3.039183610310e-02       7.078155270043e+03 
       3.040300230030e-02       7.076114168636e+03 
       3.041417647197e-02       7.074071720022e+03 
       3.042535863736e-02       7.072027922719e+03 
       3.043654881578e-02       7.069982775242e+03 
       3.044774702663e-02       7.067936276103e+03 
       3.045895328935e-02       7.065888423822e+03 
       3.047016762347e-02       7.063839216884e+03 
       3.048139004857e-02       7.061788620483e+03 
       3.049262058431e-02       7.059736697834e+03 
       3.050385925040e-02       7.057683415162e+03 
       3.051510606663e-02       7.055628771411e+03 
       3.052636105287e-02       7.053572765040e+03 
       3.053762422903e-02       7.051515394499e+03 
       3.054889561511e-02       7.049456658229e+03 
       3.056017523118e-02       7.047396554673e+03 
       3.057146309736e-02       7.045335082278e+03 
       3.058275923386e-02       7.043272239338e+03 
       3.059406366096e-02       7.041208024302e+03 
       3.060537639898e-02       7.039142418812e+03 
       3.061669746835e-02       7.037075453990e+03 
       3.062802688956e-02       7.035007112292e+03 
       3.063936468315e-02       7.032937392087e+03 
       3.065071086976e-02       7.030866291748e+03 
       3.066206547008e-02       7.028793809666e+03 
       3.067342850489e-02       7.026719944225e+03 
       3.068479999504e-02       7.024644693675e+03 
       3.069617996143e-02       7.022568056627e+03 
       3.070756842506e-02       7.020490037995e+03 
       3.071896540700e-02       7.018410592635e+03 
       3.073037092839e-02       7.016329784180e+03 
       3.074178501043e-02       7.014247582313e+03 
       3.075320767442e-02       7.012163985342e+03 
       3.076463894172e-02       7.010078983806e+03 
       3.077607883377e-02       7.007992590969e+03 
       3.078752737208e-02       7.005904797886e+03 
       3.079898457825e-02       7.003815602982e+03 
       3.081045047393e-02       7.001725004509e+03 
       3.082192508089e-02       6.999633000715e+03 
       3.083340842093e-02       6.997539589910e+03 
       3.084490051595e-02       6.995444770384e+03 
       3.085640138794e-02       6.993348540429e+03 
       3.086791105895e-02       6.991250898339e+03 
       3.087942955111e-02       6.989151849946e+03 
       3.089095688663e-02       6.987051338175e+03 
       3.090249308781e-02       6.984949446758e+03 
       3.091403817703e-02       6.982846135894e+03 
       3.092559217672e-02       6.980741403798e+03 
       3.093715510944e-02       6.978635248682e+03 
       3.094872699778e-02       6.976527668761e+03 
       3.096030786446e-02       6.974418662247e+03 
       3.097189773223e-02       6.972308227350e+03 
       3.098349662397e-02       6.970196362287e+03 
       3.099510456262e-02       6.968083065109e+03 
       3.100672157120e-02       6.965968315503e+03 
       3.101834767282e-02       6.963852150206e+03 
       3.102998289067e-02       6.961734544930e+03 
       3.104162724803e-02       6.959615500278e+03 
       3.105328076826e-02       6.957495014165e+03 
       3.106494347481e-02       6.955373084978e+03 
       3.107661539120e-02       6.953249710788e+03 
       3.108829654105e-02       6.951124889745e+03 
       3.109998694808e-02       6.948998619827e+03 
       3.111168663606e-02       6.946870899495e+03 
       3.112339562887e-02       6.944741704114e+03 
       3.113511395049e-02       6.942611075093e+03 
       3.114684162495e-02       6.940478989586e+03 
       3.115857867641e-02       6.938345445642e+03 
       3.117032512909e-02       6.936210432706e+03 
       3.118208100731e-02       6.934073966678e+03 
       3.119384633547e-02       6.931936035263e+03 
       3.120562113808e-02       6.929796637452e+03 
       3.121740543973e-02       6.927655771578e+03 
       3.122919926509e-02       6.925513435560e+03 
       3.124100263894e-02       6.923369627440e+03 
       3.125281558614e-02       6.921224345259e+03 
       3.126463813164e-02       6.919077587062e+03 
       3.127647030049e-02       6.916929350887e+03 
       3.128831211784e-02       6.914779646363e+03 
       3.130016360891e-02       6.912628405037e+03 
       3.131202479905e-02       6.910475720390e+03 
       3.132389571366e-02       6.908321549453e+03 
       3.133577637827e-02       6.906165890135e+03 
       3.134766681849e-02       6.904008740451e+03 
       3.135956706004e-02       6.901850098169e+03 
       3.137147712872e-02       6.899689961435e+03 
       3.138339705044e-02       6.897528328135e+03 
       3.139532685119e-02       6.895365196229e+03 
       3.140726655707e-02       6.893200567227e+03 
       3.141921619428e-02       6.891034411864e+03 
       3.143117578913e-02       6.888866770330e+03 
       3.144314536799e-02       6.886697621653e+03 
       3.145512495738e-02       6.884526963719e+03 
       3.146711458388e-02       6.882354794415e+03 
       3.147911427420e-02       6.880181111622e+03 
       3.149112405513e-02       6.878005913212e+03 
       3.150314395357e-02       6.875829196986e+03 
       3.151517399652e-02       6.873650960582e+03 
       3.152721421110e-02       6.871471181479e+03 
       3.153926462451e-02       6.869289897594e+03 
       3.155132526406e-02       6.867107086978e+03 
       3.156339615717e-02       6.864922747553e+03 
       3.157547733137e-02       6.862736868827e+03 
       3.158756881428e-02       6.860549465707e+03 
       3.159967063365e-02       6.858360526004e+03 
       3.161178281730e-02       6.856170048565e+03 
       3.162390539319e-02       6.853978031220e+03 
       3.163603838938e-02       6.851784471695e+03 
       3.164818183403e-02       6.849589367736e+03 
       3.166033575541e-02       6.847392717116e+03 
       3.167250018192e-02       6.845194517582e+03 
       3.168467514203e-02       6.842994766896e+03 
       3.169686066436e-02       6.840793432706e+03 
       3.170905677762e-02       6.838590571998e+03 
       3.172126351065e-02       6.836386151538e+03 
       3.173348089236e-02       6.834180170429e+03 
       3.174570895183e-02       6.831972626305e+03 
       3.175794771822e-02       6.829763516836e+03 
       3.177019722080e-02       6.827552839688e+03 
       3.178245748897e-02       6.825340592541e+03 
       3.179472855223e-02       6.823126773039e+03 
       3.180701044023e-02       6.820911378783e+03 
       3.181930318269e-02       6.818694391869e+03 
       3.183160680948e-02       6.816475840529e+03 
       3.184392135056e-02       6.814255706567e+03 
       3.185624683605e-02       6.812033988152e+03 
       3.186858329615e-02       6.809810682866e+03 
       3.188093076120e-02       6.807585788288e+03 
       3.189328926164e-02       6.805359302003e+03 
       3.190565882806e-02       6.803131221481e+03 
       3.191803949115e-02       6.800901544403e+03 
       3.193043128173e-02       6.798670263042e+03 
       3.194283423074e-02       6.796437369342e+03 
       3.195524836924e-02       6.794202885942e+03 
       3.196767372842e-02       6.791966795824e+03 
       3.198011033960e-02       6.789729099197e+03 
       3.199255823421e-02       6.787489778109e+03 
       3.200501744381e-02       6.785248852207e+03 
       3.201748800011e-02       6.783006309466e+03 
       3.202996993492e-02       6.780762147315e+03 
       3.204246328017e-02       6.778516363236e+03 
       3.205496806796e-02       6.776268954644e+03 
       3.206748433048e-02       6.774019918967e+03 
       3.208001210007e-02       6.771769253634e+03 
       3.209255140920e-02       6.769516956085e+03 
       3.210510229045e-02       6.767263017346e+03 
       3.211766477657e-02       6.765007424414e+03 
       3.213023890041e-02       6.762750212078e+03 
       3.214282469497e-02       6.760491356701e+03 
       3.215542219338e-02       6.758230855656e+03 
       3.216803142891e-02       6.755968706268e+03 
       3.218065243495e-02       6.753704905881e+03 
       3.219328524505e-02       6.751439451837e+03 
       3.220592989288e-02       6.749172341445e+03 
       3.221858641225e-02       6.746903572004e+03 
       3.223125483712e-02       6.744633124599e+03 
       3.224393520158e-02       6.742361029614e+03 
       3.225662753985e-02       6.740087265483e+03 
       3.226933188633e-02       6.737811831212e+03 
       3.228204827551e-02       6.735534724038e+03 
       3.229477674205e-02       6.733255941190e+03 
       3.230751732077e-02       6.730975479862e+03 
       3.232027004660e-02       6.728693337301e+03 
       3.233303495463e-02       6.726409510752e+03 
       3.234581208011e-02       6.724123978316e+03 
       3.235860145840e-02       6.721836773511e+03 
       3.237140312506e-02       6.719547876245e+03 
       3.238421711574e-02       6.717257283454e+03 
       3.239704346629e-02       6.714964985467e+03 
       3.240988221268e-02       6.712670992604e+03 
       3.242273339104e-02       6.710375295460e+03 
       3.243559703764e-02       6.708077891225e+03 
       3.244847318892e-02       6.705778776980e+03 
       3.246136188148e-02       6.703477949812e+03 
       3.247426315204e-02       6.701175406774e+03 
       3.248717703750e-02       6.698871144932e+03 
       3.250010357491e-02       6.696565161338e+03 
       3.251304280149e-02       6.694257452966e+03 
       3.252599475459e-02       6.691947989865e+03 
       3.253895947174e-02       6.689636821012e+03 
       3.255193699063e-02       6.687323918149e+03 
       3.256492734909e-02       6.685009278287e+03 
       3.257793058514e-02       6.682692898394e+03 
       3.259094673694e-02       6.680374775441e+03 
       3.260397584281e-02       6.678054906386e+03 
       3.261701794126e-02       6.675733288209e+03 
       3.263007307095e-02       6.673409917840e+03 
       3.264314127069e-02       6.671084795595e+03 
       3.265622257948e-02       6.668757893501e+03 
       3.266931703649e-02       6.666429246693e+03 
       3.268242468103e-02       6.664098835038e+03 
       3.269554555260e-02       6.661766655374e+03 
       3.270867969088e-02       6.659432704548e+03 
       3.272182713571e-02       6.657096979391e+03 
       3.273498792709e-02       6.654759476724e+03 
       3.274816210521e-02       6.652420193371e+03 
       3.276134971045e-02       6.650079106200e+03 
       3.277455078332e-02       6.647736252066e+03 
       3.278776536455e-02       6.645391605693e+03 
       3.280099349502e-02       6.643045165552e+03 
       3.281423521582e-02       6.640696921997e+03 
       3.282749056817e-02       6.638346884020e+03 
       3.284075959353e-02       6.635995042433e+03 
       3.285404233349e-02       6.633641393907e+03 
       3.286733882986e-02       6.631285935105e+03 
       3.288064912461e-02       6.628928662685e+03 
       3.289397325991e-02       6.626569573287e+03 
       3.290731127810e-02       6.624208663559e+03 
       3.292066322173e-02       6.621845930150e+03 
       3.293402913352e-02       6.619481377167e+03 
       3.294740905639e-02       6.617114952598e+03 
       3.296080303344e-02       6.614746725363e+03 
       3.297421110796e-02       6.612376660669e+03 
       3.298763332346e-02       6.610004754908e+03 
       3.300106972361e-02       6.607631004617e+03 
       3.301452035230e-02       6.605255406354e+03 
       3.302798525359e-02       6.602877956665e+03 
       3.304146447177e-02       6.600498652066e+03 
       3.305495805130e-02       6.598117489049e+03 
       3.306846603685e-02       6.595734450868e+03 
       3.308198847331e-02       6.593349559186e+03 
       3.309552540573e-02       6.590962798320e+03 
       3.310907687941e-02       6.588574164584e+03 
       3.312264293982e-02       6.586183654378e+03 
       3.313622363266e-02       6.583791264090e+03 
       3.314981900381e-02       6.581396990093e+03 
       3.316342909938e-02       6.579000828774e+03 
       3.317705396569e-02       6.576602782164e+03 
       3.319069364926e-02       6.574202811429e+03 
       3.320434819683e-02       6.571800964587e+03 
       3.321801765534e-02       6.569397215560e+03 
       3.323170207197e-02       6.566991562669e+03 
       3.324540149408e-02       6.564583989636e+03 
       3.325911596929e-02       6.562174511167e+03 
       3.327284554540e-02       6.559763115499e+03 
       3.328659027046e-02       6.557349798835e+03 
       3.330035019272e-02       6.554934557360e+03 
       3.331412536067e-02       6.552517387244e+03 
       3.332791582300e-02       6.550098284660e+03 
       3.334172162865e-02       6.547677245785e+03 
       3.335554282678e-02       6.545254268992e+03 
       3.336937946676e-02       6.542829319059e+03 
       3.338323159823e-02       6.540402445905e+03 
       3.339709927102e-02       6.537973620561e+03 
       3.341098253521e-02       6.535542839126e+03 
       3.342488144111e-02       6.533110097654e+03 
       3.343879603928e-02       6.530675392282e+03 
       3.345272638049e-02       6.528238719096e+03 
       3.346667251577e-02       6.525800074039e+03 
       3.348063449639e-02       6.523359452939e+03 
       3.349461237385e-02       6.520916840060e+03 
       3.350860619989e-02       6.518472254730e+03 
       3.352261602651e-02       6.516025681121e+03 
       3.353664190594e-02       6.513577115099e+03 
       3.355068389068e-02       6.511126552537e+03 
       3.356474203344e-02       6.508673989462e+03 
       3.357881638723e-02       6.506219421428e+03 
       3.359290700527e-02       6.503762844631e+03 
       3.360701394105e-02       6.501304240613e+03 
       3.362113724833e-02       6.498843630150e+03 
       3.363527698110e-02       6.496380999969e+03 
       3.364943319363e-02       6.493916343899e+03 
       3.366360594043e-02       6.491449652081e+03 
       3.367779527629e-02       6.488980930941e+03 
       3.369200125627e-02       6.486510171176e+03 
       3.370622393566e-02       6.484037368369e+03 
       3.372046337005e-02       6.481562518193e+03 
       3.373471961529e-02       6.479085616275e+03 
       3.374899272750e-02       6.476606658251e+03 
       3.376328276306e-02       6.474125639735e+03 
       3.377758977865e-02       6.471642556352e+03 
       3.379191383120e-02       6.469157381606e+03 
       3.380625497793e-02       6.466670152837e+03 
       3.382061327634e-02       6.464180845907e+03 
       3.383498878420e-02       6.461689455994e+03 
       3.384938155958e-02       6.459195978588e+03 
       3.386379166083e-02       6.456700409185e+03 
       3.387821914657e-02       6.454202743245e+03 
       3.389266407572e-02       6.451702976252e+03 
       3.390712650751e-02       6.449201103605e+03 
       3.392160650142e-02       6.446697108975e+03 
       3.393610411727e-02       6.444191010241e+03 
       3.395061941513e-02       6.441682791777e+03 
       3.396515245542e-02       6.439172448938e+03 
       3.397970329881e-02       6.436659977010e+03 
       3.399427200630e-02       6.434145371328e+03 
       3.400885863920e-02       6.431628627046e+03 
       3.402346325909e-02       6.429109739647e+03 
       3.403808592791e-02       6.426588688992e+03 
       3.405272670786e-02       6.424065499369e+03 
       3.406738566149e-02       6.421540151988e+03 
       3.408206285164e-02       6.419012640767e+03 
       3.409675834148e-02       6.416482958840e+03 
       3.411147219449e-02       6.413951108501e+03 
       3.412620447448e-02       6.411417080852e+03 
       3.414095524557e-02       6.408880870984e+03 
       3.415572457222e-02       6.406342473931e+03 
       3.417051251921e-02       6.403801884773e+03 
       3.418531915164e-02       6.401259098386e+03 
       3.420014453495e-02       6.398714118274e+03 
       3.421498873492e-02       6.396166892278e+03 
       3.422985181767e-02       6.393617482117e+03 
       3.424473384963e-02       6.391065854318e+03 
       3.425963489760e-02       6.388512003773e+03 
       3.427455502871e-02       6.385955925354e+03 
       3.428949431044e-02       6.383397613942e+03 
       3.430445281061e-02       6.380837064399e+03 
       3.431943059740e-02       6.378274274879e+03 
       3.433442773934e-02       6.375709218614e+03 
       3.434944430530e-02       6.373141922146e+03 
       3.436448036454e-02       6.370572366399e+03 
       3.437953598665e-02       6.368000546036e+03 
       3.439461124160e-02       6.365426455737e+03 
       3.440970619970e-02       6.362850090178e+03 
       3.442482093167e-02       6.360271443830e+03 
       3.443995550855e-02       6.357690497321e+03 
       3.445511000179e-02       6.355107272173e+03 
       3.447028448320e-02       6.352521749944e+03 
       3.448547902498e-02       6.349933919873e+03 
       3.450069369968e-02       6.347343786924e+03 
       3.451592858027e-02       6.344751339999e+03 
       3.453118374008e-02       6.342156573878e+03 
       3.454645925285e-02       6.339559483005e+03 
       3.456175519269e-02       6.336960061749e+03 
       3.457707163411e-02       6.334358304514e+03 
       3.459240865202e-02       6.331754205640e+03 
       3.460776632174e-02       6.329147740495e+03 
       3.462314471897e-02       6.326538938955e+03 
       3.463854391983e-02       6.323927778591e+03 
       3.465396400084e-02       6.321314253372e+03 
       3.466940503895e-02       6.318698357538e+03 
       3.468486711149e-02       6.316080085272e+03 
       3.470035029625e-02       6.313459430793e+03 
       3.471585467139e-02       6.310836388140e+03 
       3.473138031554e-02       6.308210941340e+03 
       3.474692730773e-02       6.305583103706e+03 
       3.476249572742e-02       6.302952859995e+03 
       3.477808565451e-02       6.300320204225e+03 
       3.479369716933e-02       6.297685130324e+03 
       3.480933035265e-02       6.295047632255e+03 
       3.482498528569e-02       6.292407703961e+03 
       3.484066205009e-02       6.289765326201e+03 
       3.485636072797e-02       6.287120517778e+03 
       3.487208140188e-02       6.284473260448e+03 
       3.488782415483e-02       6.281823542805e+03 
       3.490358907030e-02       6.279171369688e+03 
       3.491937623220e-02       6.276516728249e+03 
       3.493518572493e-02       6.273859613057e+03 
       3.495101763337e-02       6.271200017794e+03 
       3.496687204283e-02       6.268537936050e+03 
       3.498274903914e-02       6.265873361511e+03 
       3.499864870857e-02       6.263206287814e+03 
       3.501457113790e-02       6.260536690500e+03 
       3.503051641439e-02       6.257864597040e+03 
       3.504648462578e-02       6.255189984656e+03 
       3.506247586031e-02       6.252512846785e+03 
       3.507849020671e-02       6.249833176775e+03 
       3.509452775421e-02       6.247150968218e+03 
       3.511058859257e-02       6.244466214467e+03 
       3.512667281202e-02       6.241778911739e+03 
       3.514278050332e-02       6.239089035064e+03 
       3.515891175775e-02       6.236396604688e+03 
       3.517506666711e-02       6.233701602105e+03 
       3.519124532370e-02       6.231004020523e+03 
       3.520744782038e-02       6.228303853158e+03 
       3.522367425052e-02       6.225601093107e+03 
       3.523992470804e-02       6.222895738370e+03 
       3.525619928738e-02       6.220187754702e+03 
       3.527249808354e-02       6.217477173637e+03 
       3.528882119207e-02       6.214763972985e+03 
       3.530516870905e-02       6.212048137919e+03 
       3.532154073115e-02       6.209329673194e+03 
       3.533793735557e-02       6.206608566565e+03 
       3.535435868008e-02       6.203884810935e+03 
       3.537080480304e-02       6.201158399143e+03 
       3.538727582337e-02       6.198429323951e+03 
       3.540377184056e-02       6.195697578107e+03 
       3.542029295469e-02       6.192963138323e+03 
       3.543683926644e-02       6.190226027486e+03 
       3.545341087705e-02       6.187486223732e+03 
       3.547000788839e-02       6.184743719660e+03 
       3.548663040292e-02       6.181998507808e+03 
       3.550327852369e-02       6.179250580662e+03 
       3.551995235439e-02       6.176499930780e+03 
       3.553665199929e-02       6.173746543977e+03 
       3.555337756330e-02       6.170990423754e+03 
       3.557012915197e-02       6.168231559393e+03 
       3.558690687146e-02       6.165469941811e+03 
       3.560371082855e-02       6.162705563266e+03 
       3.562054113070e-02       6.159938415995e+03 
       3.563739788599e-02       6.157168492315e+03 
       3.565428120315e-02       6.154395773570e+03 
       3.567119119158e-02       6.151620272125e+03 
       3.568812796131e-02       6.148841970406e+03 
       3.570509162308e-02       6.146060856396e+03 
       3.572208228827e-02       6.143276929630e+03 
       3.573910006894e-02       6.140490178622e+03 
       3.575614507785e-02       6.137700595419e+03 
       3.577321742842e-02       6.134908171424e+03 
       3.579031723480e-02       6.132112899046e+03 
       3.580744461180e-02       6.129314769926e+03 
       3.582459967497e-02       6.126513779158e+03 
       3.584178254054e-02       6.123709892237e+03 
       3.585899332548e-02       6.120903141243e+03 
       3.587623214747e-02       6.118093499935e+03 
       3.589349912492e-02       6.115280959999e+03 
       3.591079437698e-02       6.112465512658e+03 
       3.592811802353e-02       6.109647149675e+03 
       3.594547018520e-02       6.106825862413e+03 
       3.596285098339e-02       6.104001645006e+03 
       3.598026054023e-02       6.101174472287e+03 
       3.599769897862e-02       6.098344359693e+03 
       3.601516642226e-02       6.095511288108e+03 
       3.603266299560e-02       6.092675248751e+03 
       3.605018882389e-02       6.089836232620e+03 
       3.606774403315e-02       6.086994231059e+03 
       3.608532875021e-02       6.084149235051e+03 
       3.610294310272e-02       6.081301224649e+03 
       3.612058721913e-02       6.078450212325e+03 
       3.613826122868e-02       6.075596177586e+03 
       3.615596526149e-02       6.072739111825e+03 
       3.617369944846e-02       6.069879002550e+03 
       3.619146392136e-02       6.067015847409e+03 
       3.620925881280e-02       6.064149633803e+03 
       3.622708425623e-02       6.061280352416e+03 
       3.624494038598e-02       6.058407993875e+03 
       3.626282733724e-02       6.055532548588e+03 
       3.628074524608e-02       6.052654007272e+03 
       3.629869424944e-02       6.049772360303e+03 
       3.631667448515e-02       6.046887597861e+03 
       3.633468609197e-02       6.043999697080e+03 
       3.635272920953e-02       6.041108674029e+03 
       3.637080397839e-02       6.038214506377e+03 
       3.638891054004e-02       6.035317184561e+03 
       3.640704903687e-02       6.032416698653e+03 
       3.642521961225e-02       6.029513038810e+03 
       3.644342241046e-02       6.026606195084e+03 
       3.646165757675e-02       6.023696157466e+03 
       3.647992525735e-02       6.020782915823e+03 
       3.649822559943e-02       6.017866452031e+03 
       3.651655875116e-02       6.014946772288e+03 
       3.653492486169e-02       6.012023856779e+03 
       3.655332408118e-02       6.009097696260e+03 
       3.657175656078e-02       6.006168280413e+03 
       3.659022245267e-02       6.003235594723e+03 
       3.660872191004e-02       6.000299636597e+03 
       3.662725508714e-02       5.997360391744e+03 
       3.664582213923e-02       5.994417846738e+03 
       3.666442322265e-02       5.991471996318e+03 
       3.668305849479e-02       5.988522827304e+03 
       3.670172811410e-02       5.985570328651e+03 
       3.672043224014e-02       5.982614489787e+03 
       3.673917103353e-02       5.979655299697e+03 
       3.675794465601e-02       5.976692747453e+03 
       3.677675327044e-02       5.973726811684e+03 
       3.679559704077e-02       5.970757500324e+03 
       3.681447613211e-02       5.967784793626e+03 
       3.683339071070e-02       5.964808680163e+03 
       3.685234094394e-02       5.961829148704e+03 
       3.687132700038e-02       5.958846187971e+03 
       3.689034904975e-02       5.955859786596e+03 
       3.690940726296e-02       5.952869927427e+03 
       3.692850181214e-02       5.949876609443e+03 
       3.694763287060e-02       5.946879815966e+03 
       3.696680061287e-02       5.943879535337e+03 
       3.698600521473e-02       5.940875752649e+03 
       3.700524685317e-02       5.937868461962e+03 
       3.702452570646e-02       5.934857649375e+03 
       3.704384195412e-02       5.931843297909e+03 
       3.706319577695e-02       5.928825403068e+03 
       3.708258735704e-02       5.925803949601e+03 
       3.710201687778e-02       5.922778925369e+03 
       3.712148452387e-02       5.919750318053e+03 
       3.714099048135e-02       5.916718115538e+03 
       3.716053493756e-02       5.913682296152e+03 
       3.718011808124e-02       5.910642864921e+03 
       3.719974010246e-02       5.907599800268e+03 
       3.721940119269e-02       5.904553090084e+03 
       3.723910154476e-02       5.901502721528e+03 
       3.725884135293e-02       5.898448680082e+03 
       3.727862081287e-02       5.895390956928e+03 
       3.729844012168e-02       5.892329537190e+03 
       3.731829947790e-02       5.889264409135e+03 
       3.733819908154e-02       5.886195551096e+03 
       3.735813913407e-02       5.883122962680e+03 
       3.737811983847e-02       5.880046625211e+03 
       3.739814139919e-02       5.876966525393e+03 
       3.741820402222e-02       5.873882644495e+03 
       3.743830791508e-02       5.870794978480e+03 
       3.745845328683e-02       5.867703508059e+03 
       3.747864034810e-02       5.864608222170e+03 
       3.749886931110e-02       5.861509106011e+03 
       3.751914038961e-02       5.858406145796e+03 
       3.753945379905e-02       5.855299327665e+03 
       3.755980975646e-02       5.852188630967e+03 
       3.758020848050e-02       5.849074053656e+03 
       3.760065019152e-02       5.845955576187e+03 
       3.762113511152e-02       5.842833184216e+03 
       3.764166346422e-02       5.839706863371e+03 
       3.766223547501e-02       5.836576599147e+03 
       3.768285137103e-02       5.833442373350e+03 
       3.770351138119e-02       5.830304178313e+03 
       3.772421573611e-02       5.827161996142e+03 
       3.774496466822e-02       5.824015812034e+03 
       3.776575841176e-02       5.820865610951e+03 
       3.778659720276e-02       5.817711373970e+03 
       3.780748127910e-02       5.814553093597e+03 
       3.782841088052e-02       5.811390750413e+03 
       3.784938624862e-02       5.808224330449e+03 
       3.787040762690e-02       5.805053817762e+03 
       3.789147526078e-02       5.801879193660e+03 
       3.791258939760e-02       5.798700448184e+03 
       3.793375028667e-02       5.795517563160e+03 
       3.795495817926e-02       5.792330522787e+03 
       3.797621332865e-02       5.789139309267e+03 
       3.799751599011e-02       5.785943910089e+03 
       3.801886642098e-02       5.782744307627e+03 
       3.804026488063e-02       5.779540485706e+03 
       3.806171163052e-02       5.776332428064e+03 
       3.808320693424e-02       5.773120118283e+03 
       3.810475105745e-02       5.769903539690e+03 
       3.812634426802e-02       5.766682676338e+03 
       3.814798683594e-02       5.763457507066e+03 
       3.816967903343e-02       5.760228021826e+03 
       3.819142113491e-02       5.756994200780e+03 
       3.821321341704e-02       5.753756026619e+03 
       3.823505615876e-02       5.750513482979e+03 
       3.825694964131e-02       5.747266547025e+03 
       3.827889414821e-02       5.744015210218e+03 
       3.830088996535e-02       5.740759451230e+03 
       3.832293738100e-02       5.737499252119e+03 
       3.834503668578e-02       5.734234595270e+03 
       3.836718817278e-02       5.730965462674e+03 
       3.838939213750e-02       5.727691836368e+03 
       3.841164887793e-02       5.724413698162e+03 
       3.843395869456e-02       5.721131029756e+03 
       3.845632189041e-02       5.717843812987e+03 
       3.847873877106e-02       5.714552029334e+03 
       3.850120964466e-02       5.711255660201e+03 
       3.852373482201e-02       5.707954686753e+03 
       3.854631461653e-02       5.704649090159e+03 
       3.856894934430e-02       5.701338851284e+03 
       3.859163932415e-02       5.698023951143e+03 
       3.861438487762e-02       5.694704369852e+03 
       3.863718632900e-02       5.691380088496e+03 
       3.866004400542e-02       5.688051087503e+03 
       3.868295823681e-02       5.684717347159e+03 
       3.870592935598e-02       5.681378847712e+03 
       3.872895769862e-02       5.678035569235e+03 
       3.875204360338e-02       5.674687491502e+03 
       3.877518741184e-02       5.671334594399e+03 
       3.879838946861e-02       5.667976857362e+03 
       3.882165012131e-02       5.664614259819e+03 
       3.884496972063e-02       5.661246781054e+03 
       3.886834862040e-02       5.657874400209e+03 
       3.889178717755e-02       5.654497096243e+03 
       3.891528575220e-02       5.651114848314e+03 
       3.893884470771e-02       5.647727635055e+03 
       3.896246441067e-02       5.644335434997e+03 
       3.898614523097e-02       5.640938226693e+03 
       3.900988754184e-02       5.637535988281e+03 
       3.903369171987e-02       5.634128697803e+03 
       3.905755814508e-02       5.630716333103e+03 
       3.908148720093e-02       5.627298871799e+03 
       3.910547927439e-02       5.623876291686e+03 
       3.912953475595e-02       5.620448570199e+03 
       3.915365403971e-02       5.617015684622e+03 
       3.917783752337e-02       5.613577612040e+03 
       3.920208560831e-02       5.610134329549e+03 
       3.922639869962e-02       5.606685813874e+03 
       3.925077720616e-02       5.603232041607e+03 
       3.927522154058e-02       5.599772989072e+03 
       3.929973211941e-02       5.596308632318e+03 
       3.932430936307e-02       5.592838947554e+03 
       3.934895369591e-02       5.589363910613e+03 
       3.937366554630e-02       5.585883497210e+03 
       3.939844534667e-02       5.582397682804e+03 
       3.942329353353e-02       5.578906442889e+03 
       3.944821054756e-02       5.575409752572e+03 
       3.947319683362e-02       5.571907586873e+03 
       3.949825284085e-02       5.568399920417e+03 
       3.952337902270e-02       5.564886727819e+03 
       3.954857583698e-02       5.561367983329e+03 
       3.957384374593e-02       5.557843661111e+03 
       3.959918321626e-02       5.554313735108e+03 
       3.962459471923e-02       5.550778178996e+03 
       3.965007873069e-02       5.547236966522e+03 
       3.967563573115e-02       5.543690071030e+03 
       3.970126620583e-02       5.540137465693e+03 
       3.972697064474e-02       5.536579123377e+03 
       3.975274954271e-02       5.533015016900e+03 
       3.977860339949e-02       5.529445118640e+03 
       3.980453271980e-02       5.525869400847e+03 
       3.983053801339e-02       5.522287835470e+03 
       3.985661979510e-02       5.518700394460e+03 
       3.988277858496e-02       5.515107049381e+03 
       3.990901490823e-02       5.511507771704e+03 
       3.993532929546e-02       5.507902532480e+03 
       3.996172228261e-02       5.504291302832e+03 
       3.998819441106e-02       5.500674053367e+03 
       4.001474622775e-02       5.497050754499e+03 
       4.004137828519e-02       5.493421376374e+03 
       4.006809114157e-02       5.489785888790e+03 
       4.009488536086e-02       5.486144261628e+03 
       4.012176151283e-02       5.482496464306e+03 
       4.014872017318e-02       5.478842466034e+03 
       4.017576192360e-02       5.475182235693e+03 
       4.020288735186e-02       5.471515742217e+03 
       4.023009705190e-02       5.467842953972e+03 
       4.025739162387e-02       5.464163839096e+03 
       4.028477167431e-02       5.460478365310e+03 
       4.031223781614e-02       5.456786500386e+03 
       4.033979066881e-02       5.453088211677e+03 
       4.036743085837e-02       5.449383466106e+03 
       4.039515901758e-02       5.445672230511e+03 
       4.042297578599e-02       5.441954471563e+03 
       4.045088181003e-02       5.438230155504e+03 
       4.047887774314e-02       5.434499248288e+03 
       4.050696424583e-02       5.430761715394e+03 
       4.053514198582e-02       5.427017522303e+03 
       4.056341163811e-02       5.423266633974e+03 
       4.059177388511e-02       5.419509015055e+03 
       4.062022941675e-02       5.415744630094e+03 
       4.064877893057e-02       5.411973443181e+03 
       4.067742313184e-02       5.408195418195e+03 
       4.070616273367e-02       5.404410518622e+03 
       4.073499845715e-02       5.400618707622e+03 
       4.076393103144e-02       5.396819948090e+03 
       4.079296119390e-02       5.393014202425e+03 
       4.082208969020e-02       5.389201432691e+03 
       4.085131727448e-02       5.385381600839e+03 
       4.088064470943e-02       5.381554668329e+03 
       4.091007276646e-02       5.377720596331e+03 
       4.093960222582e-02       5.373879345591e+03 
       4.096923387671e-02       5.370030876711e+03 
       4.099896851744e-02       5.366175149726e+03 
       4.102880695558e-02       5.362312124209e+03 
       4.105875000809e-02       5.358441759516e+03 
       4.108879850143e-02       5.354564014533e+03 
       4.111895327178e-02       5.350678847883e+03 
       4.114921516514e-02       5.346786217687e+03 
       4.117958503747e-02       5.342886081913e+03 
       4.121006375491e-02       5.338978397997e+03 
       4.124065219386e-02       5.335063122981e+03 
       4.127135124123e-02       5.331140213317e+03 
       4.130216179451e-02       5.327209625255e+03 
       4.133308476203e-02       5.323271314610e+03 
       4.136412106306e-02       5.319325236255e+03 
       4.139527162803e-02       5.315371345660e+03 
       4.142653739870e-02       5.311409597080e+03 
       4.145791932832e-02       5.307439944773e+03 
       4.148941838186e-02       5.303462342285e+03 
       4.152103553616e-02       5.299476742882e+03 
       4.155277178015e-02       5.295483099151e+03 
       4.158462811502e-02       5.291481363157e+03 
       4.161660555446e-02       5.287471486728e+03 
       4.164870512484e-02       5.283453421141e+03 
       4.168092786542e-02       5.279427117257e+03 
       4.171327482859e-02       5.275392525384e+03 
       4.174574708007e-02       5.271349595571e+03 
       4.177834569911e-02       5.267298277130e+03 
       4.181107177878e-02       5.263238518684e+03 
       4.184392642615e-02       5.259170268516e+03 
       4.187691076256e-02       5.255093474318e+03 
       4.191002592382e-02       5.251008083278e+03 
       4.194327306054e-02       5.246914042218e+03 
       4.197665333829e-02       5.242811297363e+03 
       4.201016793792e-02       5.238699794422e+03 
       4.204381805582e-02       5.234579478366e+03 
       4.207760490417e-02       5.230450293665e+03 
       4.211152971121e-02       5.226312184052e+03 
       4.214559372157e-02       5.222165092675e+03 
       4.217979819651e-02       5.218008962353e+03 
       4.221414441424e-02       5.213843735186e+03 
       4.224863367020e-02       5.209669352703e+03 
       4.228326727741e-02       5.205485755987e+03 
       4.231804656675e-02       5.201292885230e+03 
       4.235297288728e-02       5.197090679825e+03 
       4.238804760659e-02       5.192879078622e+03 
       4.242327211114e-02       5.188658019825e+03 
       4.245864780658e-02       5.184427441054e+03 
       4.249417611812e-02       5.180187279190e+03 
       4.252985849089e-02       5.175937470739e+03 
       4.256569639031e-02       5.171677951264e+03 
       4.260169130246e-02       5.167408655427e+03 
       4.263784473448e-02       5.163129517259e+03 
       4.267415821493e-02       5.158840469964e+03 
       4.271063329425e-02       5.154541446013e+03 
       4.274727154513e-02       5.150232377384e+03 
       4.278407456295e-02       5.145913195246e+03 
       4.282104396623e-02       5.141583829900e+03 
       4.285818139703e-02       5.137244210932e+03 
       4.289548852144e-02       5.132894266880e+03 
       4.293296703004e-02       5.128533925327e+03 
       4.297061863839e-02       5.124163113329e+03 
       4.300844508748e-02       5.119781757060e+03 
       4.304644814427e-02       5.115389781790e+03 
       4.308462960216e-02       5.110987112204e+03 
       4.312299128158e-02       5.106573671800e+03 
       4.316153503047e-02       5.102149382988e+03 
       4.320026272484e-02       5.097714167440e+03 
       4.323917626936e-02       5.093267945779e+03 
       4.327827759794e-02       5.088810637702e+03 
       4.331756867429e-02       5.084342162272e+03 
       4.335705149256e-02       5.079862437363e+03 
       4.339672807795e-02       5.075371379868e+03 
       4.343660048735e-02       5.070868905438e+03 
       4.347667081003e-02       5.066354928665e+03 
       4.351694116826e-02       5.061829363253e+03 
       4.355741371804e-02       5.057292121830e+03 
       4.359809064978e-02       5.052743115968e+03 
       4.363897418908e-02       5.048182256258e+03 
       4.368006659741e-02       5.043609451964e+03 
       4.372137017293e-02       5.039024610938e+03 
       4.376288725125e-02       5.034427640146e+03 
       4.380462020624e-02       5.029818445229e+03 
       4.384657145089e-02       5.025196930791e+03 
       4.388874343811e-02       5.020563000233e+03 
       4.393113866166e-02       5.015916555595e+03 
       4.397375965699e-02       5.011257497512e+03 
       4.401660900225e-02       5.006585725272e+03 
       4.405968931913e-02       5.001901136770e+03 
       4.410300327393e-02       4.997203628865e+03 
       4.414655357851e-02       4.992493096897e+03 
       4.419034299136e-02       4.987769434924e+03 
       4.423437431861e-02       4.983032535354e+03 
       4.427865041517e-02       4.978282288884e+03 
       4.432317418580e-02       4.973518584967e+03 
       4.436794858633e-02       4.968741311529e+03 
       4.441297662478e-02       4.963950355215e+03 
       4.445826136261e-02       4.959145600719e+03 
       4.450380591599e-02       4.954326931338e+03 
       4.454961345707e-02       4.949494228379e+03 
       4.459568721531e-02       4.944647371436e+03 
       4.464203047885e-02       4.939786238692e+03 
       4.468864659596e-02       4.934910706681e+03 
       4.473553897644e-02       4.930020650020e+03 
       4.478271109312e-02       4.925115941485e+03 
       4.483016648343e-02       4.920196451525e+03 
       4.487790875100e-02       4.915262049019e+03 
       4.492594156724e-02       4.910312600925e+03 
       4.497426867307e-02       4.905347972484e+03 
       4.502289388065e-02       4.900368026780e+03 
       4.507182107518e-02       4.895372624544e+03 
       4.512105421671e-02       4.890361624300e+03 
       4.517059734210e-02       4.885334882435e+03 
       4.522045456698e-02       4.880292253447e+03 
       4.527063008773e-02       4.875233589536e+03 
       4.532112818364e-02       4.870158740650e+03 
       4.537195321902e-02       4.865067554014e+03 
       4.542310964546e-02       4.859959874207e+03 
       4.547460200414e-02       4.854835543798e+03 
       4.552643492819e-02       4.849694402824e+03 
       4.557861314516e-02       4.844536288748e+03 
       4.563114147956e-02       4.839361036299e+03 
       4.568402485550e-02       4.834168477162e+03 
       4.573726829936e-02       4.828958440341e+03 
       4.579087694265e-02       4.823730752355e+03 
       4.584485602487e-02       4.818485236458e+03 
       4.589921089653e-02       4.813221713396e+03 
       4.595394702225e-02       4.807940000223e+03 
       4.600906998397e-02       4.802639910951e+03 
       4.606458548426e-02       4.797321256633e+03 
       4.612049934979e-02       4.791983844962e+03 
       4.617681753485e-02       4.786627480291e+03 
       4.623354612508e-02       4.781251963417e+03 
       4.629069134126e-02       4.775857091339e+03 
       4.634825954327e-02       4.770442657747e+03 
       4.640625723421e-02       4.765008452502e+03 
       4.646469106462e-02       4.759554261644e+03 
       4.652356783692e-02       4.754079867163e+03 
       4.658289450995e-02       4.748585046905e+03 
       4.664267820373e-02       4.743069574763e+03 
       4.670292620436e-02       4.737533220394e+03 
       4.676364596915e-02       4.731975748890e+03 
       4.682484513189e-02       4.726396920776e+03 
       4.688653150835e-02       4.720796491961e+03 
       4.694871310201e-02       4.715174213825e+03 
       4.701139811000e-02       4.709529832637e+03 
       4.707459492922e-02       4.703863089592e+03 
       4.713831216281e-02       4.698173720554e+03 
       4.720255862676e-02       4.692461456434e+03 
       4.726734335687e-02       4.686726022435e+03 
       4.733267561594e-02       4.680967137906e+03 
       4.739856490127e-02       4.675184516457e+03 
       4.746502095249e-02       4.669377865801e+03 
       4.753205375965e-02       4.663546887407e+03 
       4.759967357170e-02       4.657691276134e+03 
       4.766789090530e-02       4.651810720438e+03 
       4.773671655402e-02       4.645904901959e+03 
       4.780616159789e-02       4.639973495157e+03 
       4.787623741340e-02       4.634016167493e+03 
       4.794695568391e-02       4.628032578510e+03 
       4.801832841051e-02       4.622022380432e+03 
       4.809036792335e-02       4.615985217325e+03 
       4.816308689350e-02       4.609920724796e+03 
       4.823649834526e-02       4.603828530120e+03 
       4.831061566913e-02       4.597708251808e+03 
       4.838545263527e-02       4.591559498888e+03 
       4.846102340761e-02       4.585381871023e+03 
       4.853734255859e-02       4.579174958135e+03 
       4.861442508462e-02       4.572938340125e+03 
       4.869228642218e-02       4.566671585995e+03 
       4.877094246477e-02       4.560374253841e+03 
       4.885040958058e-02       4.554045890592e+03 
       4.893070463103e-02       4.547686031542e+03 
       4.901184499024e-02       4.541294199447e+03 
       4.909384856533e-02       4.534869904256e+03 
       4.917673381786e-02       4.528412642981e+03 
       4.926051978619e-02       4.521921899180e+03 
       4.934522610906e-02       4.515397141607e+03 
       4.943087305022e-02       4.508837824135e+03 
       4.951748152445e-02       4.502243385568e+03 
       4.960507312477e-02       4.495613248665e+03 
       4.969367015114e-02       4.488946818911e+03 
       4.978329564060e-02       4.482243484299e+03 
       4.987397339896e-02       4.475502615061e+03 
       4.996572803421e-02       4.468723562179e+03 
       5.005858499168e-02       4.461905656214e+03 
       5.015257059105e-02       4.455048207206e+03 
       5.024771206540e-02       4.448150503947e+03 
       5.034403760234e-02       4.441211811615e+03 
       5.044157638748e-02       4.434231371606e+03 
       5.054035865017e-02       4.427208401027e+03 
       5.064041571195e-02       4.420142090090e+03 
       5.074178003758e-02       4.413031601382e+03 
       5.084448528909e-02       4.405876069298e+03 
       5.094856638286e-02       4.398674597426e+03 
       5.105405955000e-02       4.391426257155e+03 
       5.116100240027e-02       4.384130087064e+03 
       5.126943398977e-02       4.376785089921e+03 
       5.137939489260e-02       4.369390231018e+03 
       5.149092727682e-02       4.361944437091e+03 
       5.160407498506e-02       4.354446592848e+03 
       5.171888361991e-02       4.346895539248e+03 
       5.183540063462e-02       4.339290071594e+03 
       5.195367542944e-02       4.331628935356e+03 
       5.207375945390e-02       4.323910824762e+03 
       5.219570631556e-02       4.316134379336e+03 
       5.231957189563e-02       4.308298179371e+03 
       5.244541447201e-02       4.300400744398e+03 
       5.257329485019e-02       4.292440527781e+03 
       5.270327650273e-02       4.284415912379e+03 
       5.283542571779e-02       4.276325207841e+03 
       5.296981175742e-02       4.268166643244e+03 
       5.310650702642e-02       4.259938363560e+03 
       5.324558725242e-02       4.251638423648e+03 
       5.338713167804e-02       4.243264780656e+03 
       5.353122326606e-02       4.234815289514e+03 
       5.367794891855e-02       4.226287693301e+03 
       5.382739971092e-02       4.217679616529e+03 
       5.397967114208e-02       4.208988556363e+03 
       5.413486340178e-02       4.200211871657e+03 
       5.429308165653e-02       4.191346774962e+03 
       5.445443635530e-02       4.182390317966e+03 
       5.461904355638e-02       4.173339382009e+03 
       5.478702527717e-02       4.164190661825e+03 
       5.495850986809e-02       4.154940652152e+03 
       5.513363241256e-02       4.145585629897e+03 
       5.531253515470e-02       4.136121636961e+03 
       5.549536795641e-02       4.126544458999e+03 
       5.568228878584e-02       4.116849604448e+03 
       5.587346423893e-02       4.107032278538e+03 
       5.606907009597e-02       4.097087358202e+03 
       5.626929191488e-02       4.087009360035e+03 
       5.647432566294e-02       4.076792409156e+03 
       5.668437838846e-02       4.066430201354e+03 
       5.689966893358e-02       4.055915962746e+03 
       5.712042868920e-02       4.045242405752e+03 
       5.734690239227e-02       4.034401677393e+03 
       5.757934896515e-02       4.023385305866e+03 
       5.781804239589e-02       4.012184138023e+03 
       5.806327265684e-02       4.000788271198e+03 
       5.831534665774e-02       3.989186978332e+03 
       5.857458922747e-02       3.977368623657e+03 
       5.884134411605e-02       3.965320569862e+03 
       5.911597500562e-02       3.953029075657e+03 
       5.939886651531e-02       3.940479181929e+03 
       5.969042518052e-02       3.927654587503e+03 
       5.999108038115e-02       3.914537511335e+03 
       6.030128518735e-02       3.901108542215e+03 
       6.062151708264e-02       3.887346474905e+03 
       6.095227851583e-02       3.873228133449e+03 
       6.129409722178e-02       3.858728180613e+03 
       6.164752623938e-02       3.843818915043e+03 
       6.201314354171e-02       3.828470058134e+03 
       6.239155117868e-02       3.812648533862e+03 
       6.278337381826e-02       3.796318245502e+03 
       6.318925655763e-02       3.779439855926e+03 
       6.360986186381e-02       3.761970579987e+03 
       6.404586549433e-02       3.743864001008e+03 
       6.449795124689e-02       3.725069925426e+03 
       6.496680439399e-02       3.705534295690e+03 
       6.545310367948e-02       3.685199183312e+03 
       6.595751179222e-02       3.664002890881e+03 
       6.648066429183e-02       3.641880194297e+03 
       6.702315704582e-02       3.618762759281e+03 
       6.758553234797e-02       3.594579768798e+03 
       6.816826402238e-02       3.569258793273e+03 
       6.877174196990e-02       3.542726930006e+03 
       6.939625677196e-02       3.514912227929e+03 
       7.004198511275e-02       3.485745401176e+03 
       7.070897689184e-02       3.455161807838e+03 
       7.139714494973e-02       3.423103661041e+03 
       7.210625829560e-02       3.389522400107e+03 
       7.283593959373e-02       3.354381131155e+03 
       7.358566743045e-02       3.317657011680e+03 
       7.435478356248e-02       3.279343448386e+03 
       7.514250497332e-02       3.239451974176e+03 
       7.594794018269e-02       3.198013680286e+03 
       7.677010891900e-02       3.155080108188e+03 
       7.760796402081e-02       3.110723526683e+03 
       7.846041431358e-02       3.065036571852e+03 
       7.932634722122e-02       3.018131259657e+03 
       8.020465000641e-02       2.970137428010e+03 
       8.109422875789e-02       2.921200687053e+03 
       8.199402451823e-02       2.871479985372e+03 
       8.290302622966e-02       2.821144906682e+03 
       8.382028043559e-02       2.770372809767e+03 
       8.474489788711e-02       2.719345924382e+03 
       8.567605735714e-02       2.668248492384e+03 
       8.661300705808e-02       2.617264037320e+03 
       8.755506409993e-02       2.566572821642e+03 
       8.850161242469e-02       2.516349535545e+03 
       8.945209962291e-02       2.466761252861e+03 
       9.040603298939e-02       2.417965666603e+03 
       9.136297511889e-02       2.370109611024e+03 
       9.232253928385e-02       2.323327861712e+03 
       9.328438478164e-02       2.277742210014e+03 
       9.424821238991e-02       2.233460799433e+03 
       9.521376002728e-02       2.190577699763e+03 
       9.618079868292e-02       2.149172694789e+03 
       9.714912865186e-02       2.109311255198e+03 
       9.811857609287e-02       2.071044678305e+03 
       9.908898991055e-02       2.034410379168e+03 
       1.000602389532e-01       1.999432310333e+03 
       1.010322095108e-01       1.966121481632e+03 
       1.020048030924e-01       1.934476556176e+03 
       1.029779344625e-01       1.904484507487e+03 
       1.039515299107e-01       1.876121328162e+03 
       1.049255257339e-01       1.849352776920e+03 
       1.058998669071e-01       1.824135148424e+03 
       1.068745059239e-01       1.800416060975e+03 
       1.078494017851e-01       1.778135255876e+03 
       1.088245191194e-01       1.757225404491e+03 
       1.097998274200e-01       1.737612915758e+03 
       1.107753003818e-01       1.719218735397e+03 
       1.117509153273e-01       1.701959151893e+03 
       1.127266527102e-01       1.685746587995e+03 
       1.137024956849e-01       1.670490391752e+03 
       1.146784297353e-01       1.656097624476e+03 
       1.156544423540e-01       1.642473840640e+03 
       1.166305227646e-01       1.629523866444e+03 
       1.176066616831e-01       1.617152561734e+03 
       1.185828511114e-01       1.605265578361e+03 
       1.195590841591e-01       1.593770100080e+03 
       1.205353548902e-01       1.582575560460e+03 
       1.215116581910e-01       1.571594342281e+03 
       1.224879896556e-01       1.560742440814e+03 
       1.234643454884e-01       1.549940092744e+03 
       1.244407224187e-01       1.539112367588e+03 
       1.254171176285e-01       1.528189710859e+03 
       1.263935286891e-01       1.517108433088e+03 
       1.273699535073e-01       1.505811134990e+03 
       1.283463902788e-01       1.494247065423e+03 
       1.293228374482e-01       1.482372408828e+03 
       1.302992936741e-01       1.470150502385e+03 
       1.312757577997e-01       1.457551972843e+03 
       1.322522288272e-01       1.444554792939e+03 
       1.332287058953e-01       1.431144253218e+03 
       1.342051882608e-01       1.417312852173e+03 
       1.351816752820e-01       1.403060110166e+03 
       1.361581664043e-01       1.388392308693e+03 
       1.371346611488e-01       1.373322161665e+03 
       1.381111591011e-01       1.357868419999e+03 
       1.390876599030e-01       1.342055418987e+03 
       1.400641632442e-01       1.325912575542e+03 
       1.410406688560e-01       1.309473843991e+03 
       1.420171765054e-01       1.292777136986e+03 
       1.429936859904e-01       1.275863723527e+03 
       1.439701971352e-01       1.258777611829e+03 
       1.449467097874e-01       1.241564927611e+03 
       1.459232238139e-01       1.224273295192e+03 
       1.468997390988e-01       1.206951231238e+03 
       1.478762555411e-01       1.189647557388e+03 
       1.488527730523e-01       1.172410837833e+03 
       1.498292915549e-01       1.155288849492e+03 
       1.508058109808e-01       1.138328089314e+03 
       1.517823312702e-01       1.121573324225e+03 
       1.527588523704e-01       1.105067184558e+03 
       1.537353742346e-01       1.088849804307e+03 
       1.547118968216e-01       1.072958508860e+03 
       1.556884200945e-01       1.057427552202e+03 
       1.566649440206e-01       1.042287903393e+03 
       1.576414685705e-01       1.027567079004e+03 
       1.586179937179e-01       1.013289020909e+03 
       1.595945194390e-01       9.994740153071e+02 
       1.605710457123e-01       9.861386522291e+02 
       1.615475725184e-01       9.732958232794e+02 
       1.625240998395e-01       9.609547528499e+02 
       1.635006276593e-01       9.491210613008e+02 
       1.644771559628e-01       9.377968541141e+02 
       1.654536847363e-01       9.269808361301e+02 
       1.664302139670e-01       9.166684474729e+02 
       1.674067436429e-01       9.068520182936e+02 
       1.683832737530e-01       8.975209396225e+02 
       1.693598042869e-01       8.886618484074e+02 
       1.703363352348e-01       8.802588242312e+02 
       1.713128665875e-01       8.722935969847e+02 
       1.722893983361e-01       8.647457622723e+02 
       1.732659304726e-01       8.575930039455e+02 
       1.742424629889e-01       8.508113220839e+02 
       1.752189958774e-01       8.443752652193e+02 
       1.761955291311e-01       8.382581660146e+02 
       1.771720627430e-01       8.324323795846e+02 
       1.781485967063e-01       8.268695225969e+02 
       1.791251310148e-01       8.215407121843e+02 
       1.801016656621e-01       8.164168044221e+02 
       1.810782006424e-01       8.114686300867e+02 
       1.820547359499e-01       8.066672267306e+02 
       1.830312715789e-01       8.019840653012e+02 
       1.840078075241e-01       7.973912694503e+02 
       1.849843437800e-01       7.928618264426e+02 
       1.859608803417e-01       7.883697885803e+02 
       1.869374172041e-01       7.838904628581e+02 
       1.879139543622e-01       7.794005865271e+02 
       1.888904918115e-01       7.748784885227e+02 
       1.898670295472e-01       7.703042323854e+02 
       1.908435675649e-01       7.656597425466e+02 
       1.918201058601e-01       7.609289106830e+02 
       1.927966444286e-01       7.560976824867e+02 
       1.937731832660e-01       7.511541230959e+02 
       1.947497223683e-01       7.460884593941e+02 
       1.957262617315e-01       7.408931012406e+02 
       1.967028013517e-01       7.355626396271e+02 
       1.976793412249e-01       7.300938241036e+02 
       1.986558813475e-01       7.244855176239e+02 
       1.996324217156e-01       7.187386323746e+02 
       2.006089623257e-01       7.128560452725e+02 
       2.015855031743e-01       7.068424962310e+02 
       2.025620442579e-01       7.007044693131e+02 
       2.035385855730e-01       6.944500610469e+02 
       2.045151271164e-01       6.880888349831e+02 
       2.054916688847e-01       6.816316659786e+02 
       2.064682108747e-01       6.750905767946e+02 
       2.074447530833e-01       6.684785694565e+02 
       2.084212955075e-01       6.618094512962e+02 
       2.093978381441e-01       6.550976609773e+02 
       2.103743809903e-01       6.483580953366e+02 
       2.113509240430e-01       6.416059376135e+02 
       2.123274672995e-01       6.348564913746e+02 
       2.133040107569e-01       6.281250201227e+02 
       2.142805544125e-01       6.214265943089e+02 
       2.152570982636e-01       6.147759487689e+02 
       2.162336423074e-01       6.081873485715e+02 
       2.172101865415e-01       6.016744681656e+02 
       2.181867309632e-01       5.952502796126e+02 
       2.191632755700e-01       5.889269548840e+02 
       2.201398203595e-01       5.827157803610e+02 
       2.211163653292e-01       5.766270843426e+02 
       2.220929104767e-01       5.706701766771e+02 
       2.230694557998e-01       5.648533012610e+02 
       2.240460012960e-01       5.591836000940e+02 
       2.250225469632e-01       5.536670894045e+02 
       2.259990927991e-01       5.483086471354e+02 
       2.269756388016e-01       5.431120097281e+02 
       2.279521849685e-01       5.380797810021e+02 
       2.289287312976e-01       5.332134479305e+02 
       2.299052777869e-01       5.285134078332e+02 
       2.308818244345e-01       5.239789996361e+02 
       2.318583712382e-01       5.196085462005e+02 
       2.328349181961e-01       5.153993998521e+02 
       2.338114653062e-01       5.113479950715e+02 
       2.347880125668e-01       5.074499074664e+02 
       2.357645599758e-01       5.036999146814e+02 
       2.367411075315e-01       5.000920632827e+02 
       2.377176552320e-01       4.966197380711e+02 
       2.386942030755e-01       4.932757340850e+02 
       2.396707510604e-01       4.900523314274e+02 
       2.406472991849e-01       4.869413706474e+02 
       2.416238474472e-01       4.839343301155e+02 
       2.426003958457e-01       4.810224036293e+02 
       2.435769443789e-01       4.781965782066e+02 
       2.445534930450e-01       4.754477119639e+02 
       2.455300418424e-01       4.727666091727e+02 
       2.465065907697e-01       4.701440962512e+02 
       2.474831398252e-01       4.675710937915e+02 
       2.484596890075e-01       4.650386877385e+02 
       2.494362383150e-01       4.625381963934e+02 
       2.504127877464e-01       4.600612344807e+02 
       2.513893373000e-01       4.575997732517e+02 
       2.523658869746e-01       4.551461955981e+02 
       2.533424367687e-01       4.526933474144e+02 
       2.543189866810e-01       4.502345827144e+02 
       2.552955367100e-01       4.477638042403e+02 
       2.562720868545e-01       4.452754974837e+02 
       2.572486371132e-01       4.427647591236e+02 
       2.582251874846e-01       4.402273191623e+02 
       2.592017379676e-01       4.376595565366e+02 
       2.601782885609e-01       4.350585088787e+02 
       2.611548392633e-01       4.324218753830e+02 
       2.621313900735e-01       4.297480140049e+02 
       2.631079409903e-01       4.270359320605e+02 
       2.640844920126e-01       4.242852715092e+02 
       2.650610431391e-01       4.214962884971e+02 
       2.660375943688e-01       4.186698275467e+02 
       2.670141457005e-01       4.158072915693e+02 
       2.679906971330e-01       4.129106064666e+02 
       2.689672486654e-01       4.099821831155e+02 
       2.699438002964e-01       4.070248751478e+02 
       2.709203520250e-01       4.040419345906e+02 
       2.718969038503e-01       4.010369646487e+02 
       2.728734557710e-01       3.980138716039e+02 
       2.738500077863e-01       3.949768147557e+02 
       2.748265598950e-01       3.919301568245e+02 
       2.758031120963e-01       3.888784136542e+02 
       2.767796643891e-01       3.858262041302e+02 
       2.777562167724e-01       3.827782026855e+02 
       2.787327692453e-01       3.797390914069e+02 
       2.797093218069e-01       3.767135148547e+02 
       2.806858744563e-01       3.737060371473e+02 
       2.816624271924e-01       3.707211015022e+02 
       2.826389800145e-01       3.677629926206e+02 
       2.836155329216e-01       3.648358021256e+02 
       2.845920859129e-01       3.619433971191e+02 
       2.855686389874e-01       3.590893923283e+02 
       2.865451921444e-01       3.562771254207e+02 
       2.875217453830e-01       3.535096363487e+02 
       2.884982987024e-01       3.507896495758e+02 
       2.894748521017e-01       3.481195605384e+02 
       2.904514055801e-01       3.455014249704e+02 
       2.914279591369e-01       3.429369521457e+02 
       2.924045127712e-01       3.404275008282e+02 
       2.933810664823e-01       3.379740788871e+02 
       2.943576202694e-01       3.355773455318e+02 
       2.953341741318e-01       3.332376167882e+02 
       2.963107280687e-01       3.309548731434e+02 
       2.972872820794e-01       3.287287704227e+02 
       2.982638361631e-01       3.265586520001e+02 
       2.992403903192e-01       3.244435641246e+02 
       3.002169445468e-01       3.223822721255e+02 
       3.011934988455e-01       3.203732793750e+02 
       3.021700532143e-01       3.184148467407e+02 
       3.031466076527e-01       3.165050141117e+02 
       3.041231621601e-01       3.146416224250e+02 
       3.050997167356e-01       3.128223369771e+02 
       3.060762713787e-01       3.110446710665e+02 
       3.070528260888e-01       3.093060104563e+02 
       3.080293808651e-01       3.076036377820e+02 
       3.090059357071e-01       3.059347573575e+02 
       3.099824906141e-01       3.042965195834e+02 
       3.109590455856e-01       3.026860452622e+02 
       3.119356006209e-01       3.011004493191e+02 
       3.129121557194e-01       2.995368638223e+02 
       3.138887108805e-01       2.979924605469e+02 
       3.148652661037e-01       2.964644721086e+02 
       3.158418213884e-01       2.949502123146e+02 
       3.168183767339e-01       2.934470950075e+02 
       3.177949321398e-01       2.919526518171e+02 
       3.187714876055e-01       2.904645480347e+02 
       3.197480431304e-01       2.889805973006e+02 
       3.207245987140e-01       2.874987742722e+02 
       3.217011543558e-01       2.860172257392e+02 
       3.226777100552e-01       2.845342799648e+02 
       3.236542658117e-01       2.830484539182e+02 
       3.246308216248e-01       2.815584590442e+02 
       3.256073774940e-01       2.800632046519e+02 
       3.265839334187e-01       2.785618001061e+02 
       3.275604893986e-01       2.770535545176e+02 
       3.285370454330e-01       2.755379752567e+02 
       3.295136015215e-01       2.740147643535e+02 
       3.304901576636e-01       2.724838134757e+02 
       3.314667138589e-01       2.709451973947e+02 
       3.324432701069e-01       2.693991658374e+02 
       3.334198264071e-01       2.678461344298e+02 
       3.343963827590e-01       2.662866739338e+02 
       3.353729391622e-01       2.647214990660e+02 
       3.363494956163e-01       2.631514558097e+02 
       3.373260521208e-01       2.615775085158e+02 
       3.383026086753e-01       2.600007260131e+02 
       3.392791652793e-01       2.584222674876e+02 
       3.402557219325e-01       2.568433681200e+02 
       3.412322786343e-01       2.552653242966e+02 
       3.422088353844e-01       2.536894792262e+02 
       3.431853921824e-01       2.521172082117e+02 
       3.441619490278e-01       2.505499046288e+02 
       3.451385059203e-01       2.489889659312e+02 
       3.461150628595e-01       2.474357803830e+02 
       3.470916198449e-01       2.458917143764e+02 
       3.480681768761e-01       2.443581002181e+02 
       3.490447339529e-01       2.428362250140e+02 
       3.500212910747e-01       2.413273200635e+02 
       3.509978482413e-01       2.398325514216e+02 
       3.519744054523e-01       2.383530112325e+02 
       3.529509627072e-01       2.368897100761e+02 
       3.539275200057e-01       2.354435704569e+02 
       3.549040773475e-01       2.340154210850e+02 
       3.558806347322e-01       2.326059924140e+02 
       3.568571921595e-01       2.312159130216e+02 
       3.578337496289e-01       2.298457071547e+02 
       3.588103071402e-01       2.284957931360e+02 
       3.597868646931e-01       2.271664828236e+02 
       3.607634222871e-01       2.258579819553e+02 
       3.617399799219e-01       2.245703913609e+02 
       3.627165375973e-01       2.233037091285e+02 
       3.636930953128e-01       2.220578333761e+02 
       3.646696530682e-01       2.208325659734e+02 
       3.656462108632e-01       2.196276167828e+02 
       3.666227686973e-01       2.184426085702e+02 
       3.675993265704e-01       2.172770825908e+02 
       3.685758844821e-01       2.161305043667e+02 
       3.695524424321e-01       2.150022702598e+02 
       3.705290004201e-01       2.138917141342e+02 
       3.715055584458e-01       2.127981143699e+02 
       3.724821165088e-01       2.117207013171e+02 
       3.734586746090e-01       2.106586644930e+02 
       3.744352327460e-01       2.096111603099e+02 
       3.754117909195e-01       2.085773195716e+02 
       3.763883491293e-01       2.075562548912e+02 
       3.773649073750e-01       2.065470683767e+02 
       3.783414656564e-01       2.055488586714e+02 
       3.793180239732e-01       2.045607281966e+02 
       3.802945823252e-01       2.035817900435e+02 
       3.812711407120e-01       2.026111742570e+02 
       3.822476991333e-01       2.016480343384e+02 
       3.832242575891e-01       2.006915528174e+02 
       3.842008160788e-01       1.997409466214e+02 
       3.851773746024e-01       1.987954722117e+02 
       3.861539331596e-01       1.978544296692e+02 
       3.871304917500e-01       1.969171668794e+02 
       3.881070503735e-01       1.959830828982e+02 
       3.890836090298e-01       1.950516305553e+02 
       3.900601677186e-01       1.941223191410e+02 
       3.910367264397e-01       1.931947158720e+02 
       3.920132851929e-01       1.922684470903e+02 
       3.929898439779e-01       1.913431991952e+02 
       3.939664027945e-01       1.904187184121e+02 
       3.949429616425e-01       1.894948106309e+02 
       3.959195205216e-01       1.885713405398e+02 
       3.968960794315e-01       1.876482300365e+02 
       3.978726383722e-01       1.867254567063e+02 
       3.988491973432e-01       1.858030514677e+02 
       3.998257563445e-01       1.848810958613e+02 
       4.008023153758e-01       1.839597193805e+02 
       4.017788744368e-01       1.830390959813e+02 
       4.027554335274e-01       1.821194405681e+02 
       4.037319926474e-01       1.812010054680e+02 
       4.047085517964e-01       1.802840761925e+02 
       4.056851109744e-01       1.793689675454e+02 
       4.066616701811e-01       1.784560194663e+02 
       4.076382294163e-01       1.775455925382e+02 
       4.086147886798e-01       1.766380639744e+02 
       4.095913479714e-01       1.757338232614e+02 
       4.105679072909e-01       1.748332678223e+02 
       4.115444666381e-01       1.739367991398e+02 
       4.125210260128e-01       1.730448185974e+02 
       4.134975854147e-01       1.721577235640e+02 
       4.144741448438e-01       1.712759039370e+02 
       4.154507042999e-01       1.703997384755e+02 
       4.164272637826e-01       1.695295915840e+02 
       4.174038232919e-01       1.686658104391e+02 
       4.183803828275e-01       1.678087220892e+02 
       4.193569423894e-01       1.669586310590e+02 
       4.203335019772e-01       1.661158172399e+02 
       4.213100615908e-01       1.652805338692e+02 
       4.222866212300e-01       1.644530060323e+02 
       4.232631808947e-01       1.636334293993e+02 
       4.242397405847e-01       1.628219691214e+02 
       4.252163002998e-01       1.620187592593e+02 
       4.261928600398e-01       1.612239023571e+02 
       4.271694198045e-01       1.604374692565e+02 
       4.281459795939e-01       1.596594993440e+02 
       4.291225394077e-01       1.588900009465e+02 
       4.300990992457e-01       1.581289519388e+02 
       4.310756591078e-01       1.573763007526e+02 
       4.320522189938e-01       1.566319674309e+02 
       4.330287789036e-01       1.558958449361e+02 
       4.340053388370e-01       1.551678007146e+02 
       4.349818987938e-01       1.544476783219e+02 
       4.359584587740e-01       1.537352992340e+02 
       4.369350187772e-01       1.530304648349e+02 
       4.379115788035e-01       1.523329583996e+02 
       4.388881388525e-01       1.516425472293e+02 
       4.398646989242e-01       1.509589848679e+02 
       4.408412590184e-01       1.502820132871e+02 
       4.418178191350e-01       1.496113651557e+02 
       4.427943792739e-01       1.489467661233e+02 
       4.437709394348e-01       1.482879370091e+02 
       4.447474996176e-01       1.476345960340e+02 
       4.457240598222e-01       1.469864609915e+02 
       4.467006200484e-01       1.463432512906e+02 
       4.476771802962e-01       1.457046899953e+02 
       4.486537405653e-01       1.450705057346e+02 
       4.496303008556e-01       1.444404344782e+02 
       4.506068611670e-01       1.438142212490e+02 
       4.515834214993e-01       1.431916216493e+02 
       4.525599818525e-01       1.425724032821e+02 
       4.535365422263e-01       1.419563470197e+02 
       4.545131026207e-01       1.413432481103e+02 
       4.554896630354e-01       1.407329171339e+02 
       4.564662234705e-01       1.401251808231e+02 
       4.574427839257e-01       1.395198826481e+02 
       4.584193444009e-01       1.389168833657e+02 
       4.593959048960e-01       1.383160612708e+02 
       4.603724654108e-01       1.377173123639e+02 
       4.613490259453e-01       1.371205504282e+02 
       4.623255864994e-01       1.365257067926e+02 
       4.633021470728e-01       1.359327300908e+02 
       4.642787076654e-01       1.353415858862e+02 
       4.652552682772e-01       1.347522560466e+02 
       4.662318289081e-01       1.341647381228e+02 
       4.672083895578e-01       1.335790446183e+02 
       4.681849502264e-01       1.329952020670e+02 
       4.691615109136e-01       1.324132500799e+02 
       4.701380716193e-01       1.318332403830e+02 
       4.711146323435e-01       1.312552356517e+02 
       4.720911930860e-01       1.306793083960e+02 
       4.730677538467e-01       1.301055397659e+02 
       4.740443146256e-01       1.295340183829e+02 
       4.750208754224e-01       1.289648390356e+02 
       4.759974362370e-01       1.283981014750e+02 
       4.769739970695e-01       1.278339092259e+02 
       4.779505579196e-01       1.272723682834e+02 
       4.789271187872e-01       1.267135859578e+02 
       4.799036796723e-01       1.261576697344e+02 
       4.808802405748e-01       1.256047261278e+02 
       4.818568014944e-01       1.250548595971e+02 
       4.828333624312e-01       1.245081715602e+02 
       4.838099233850e-01       1.239647594777e+02 
       4.847864843557e-01       1.234247158724e+02 
       4.857630453432e-01       1.228881276251e+02 
       4.867396063474e-01       1.223550752315e+02 
       4.877161673683e-01       1.218256321103e+02 
       4.886927284057e-01       1.212998640743e+02 
       4.896692894594e-01       1.207778288810e+02 
       4.906458505295e-01       1.202595758129e+02 
       4.916224116158e-01       1.197451453689e+02 
       4.925989727183e-01       1.192345690687e+02 
       4.935755338367e-01       1.187278693494e+02 
       4.945520949711e-01       1.182250594491e+02 
       4.955286561214e-01       1.177261434919e+02 
       4.965052172873e-01       1.172311165935e+02 
       4.974817784690e-01       1.167399650198e+02 
       4.984583396662e-01       1.162526664508e+02 
       4.994349008788e-01       1.157691902909e+02 
       5.004114621068e-01       1.152894980808e+02 
       5.013880233502e-01       1.148135438510e+02 
       5.023645846087e-01       1.143412746553e+02 
       5.033411458823e-01       1.138726310912e+02 
       5.043177071709e-01       1.134075478148e+02 
       5.052942684745e-01       1.129459541772e+02 
       5.062708297929e-01       1.124877747928e+02 
       5.072473911261e-01       1.120329302334e+02 
       5.082239524740e-01       1.115813375896e+02 
       5.092005138365e-01       1.111329112049e+02 
       5.101770752134e-01       1.106875632610e+02 
       5.111536366048e-01       1.102452044900e+02 
       5.121301980105e-01       1.098057447667e+02 
       5.131067594305e-01       1.093690937579e+02 
       5.140833208647e-01       1.089351615398e+02 
       5.150598823130e-01       1.085038591443e+02 
       5.160364437753e-01       1.080750991691e+02 
       5.170130052515e-01       1.076487962629e+02 
       5.179895667416e-01       1.072248676408e+02 
       5.189661282454e-01       1.068032335223e+02 
       5.199426897630e-01       1.063838175722e+02 
       5.209192512942e-01       1.059665472400e+02 
       5.218958128390e-01       1.055513540952e+02 
       5.228723743972e-01       1.051381741619e+02 
       5.238489359688e-01       1.047269480833e+02 
       5.248254975537e-01       1.043176213637e+02 
       5.258020591519e-01       1.039101445092e+02 
       5.267786207633e-01       1.035044731212e+02 
       5.277551823878e-01       1.031005679300e+02 
       5.287317440253e-01       1.026983794903e+02 
       5.297083056757e-01       1.022979056587e+02 
       5.306848673391e-01       1.018991268209e+02 
       5.316614290152e-01       1.015020191676e+02 
       5.326379907041e-01       1.011065612070e+02 
       5.336145524057e-01       1.007127353176e+02 
       5.345911141199e-01       1.003205293099e+02 
       5.355676758466e-01       9.992993787694e+01 
       5.365442375858e-01       9.954096334758e+01 
       5.375207993374e-01       9.915361566071e+01 
       5.384973611013e-01       9.876791142217e+01 
       5.394739228775e-01       9.838387237978e+01 
       5.404504846659e-01       9.800152330628e+01 
       5.414270464664e-01       9.762088980876e+01 
       5.424036082790e-01       9.724199633479e+01 
       5.433801701036e-01       9.686486486617e+01 
       5.443567319401e-01       9.648951431329e+01 
       5.453332937885e-01       9.611596074133e+01 
       5.463098556487e-01       9.574421834797e+01 
       5.472864175206e-01       9.537430097511e+01 
       5.482629794042e-01       9.500622371946e+01 
       5.492395412995e-01       9.464000428959e+01 
       5.502161032063e-01       9.427566390317e+01 
       5.511926651246e-01       9.391322740974e+01 
       5.521692270543e-01       9.355272259177e+01 
       5.531457889955e-01       9.319417867073e+01 
       5.541223509479e-01       9.283762442822e+01 
       5.550989129116e-01       9.248308607914e+01 
       5.560754748865e-01       9.213058536121e+01 
       5.570520368725e-01       9.178013802734e+01 
       5.580285988696e-01       9.143175324085e+01 
       5.590051608777e-01       9.108543365822e+01 
       5.599817228968e-01       9.074117636474e+01 
       5.609582849268e-01       9.039897423018e+01 
       5.619348469676e-01       9.005881774464e+01 
       5.629114090192e-01       8.972069661978e+01 
       5.638879710816e-01       8.938460110608e+01 
       5.648645331546e-01       8.905052258491e+01 
       5.658410952383e-01       8.871845363790e+01 
       5.668176573325e-01       8.838838728833e+01 
       5.677942194373e-01       8.806031584654e+01 
       5.687707815525e-01       8.773422938467e+01 
       5.697473436781e-01       8.741011447891e+01 
       5.707239058141e-01       8.708795314176e+01 
       5.717004679604e-01       8.676772245298e+01 
       5.726770301169e-01       8.644939471379e+01 
       5.736535922836e-01       8.613293844250e+01 
       5.746301544605e-01       8.581831969230e+01 
       5.756067166475e-01       8.550550371125e+01 
       5.765832788445e-01       8.519445641845e+01 
       5.775598410514e-01       8.488514572664e+01 
       5.785364032684e-01       8.457754216778e+01 
       5.795129654952e-01       8.427161900553e+01 
       5.804895277318e-01       8.396735157684e+01 
       5.814660899783e-01       8.366471636756e+01 
       5.824426522345e-01       8.336368970308e+01 
       5.834192145003e-01       8.306424660265e+01 
       5.843957767758e-01       8.276635981232e+01 
       5.853723390609e-01       8.246999953244e+01 
       5.863489013556e-01       8.217513362442e+01 
       5.873254636598e-01       8.188172847755e+01 
       5.883020259734e-01       8.158975042135e+01 
       5.892785882964e-01       8.129916705308e+01 
       5.902551506287e-01       8.100994887414e+01 
       5.912317129704e-01       8.072207043058e+01 
       5.922082753214e-01       8.043551099683e+01 
       5.931848376815e-01       8.015025445518e+01 
       5.941614000508e-01       7.986628881431e+01 
       5.951379624293e-01       7.958360499102e+01 
       5.961145248168e-01       7.930219550181e+01 
       5.970910872134e-01       7.902205301662e+01 
       5.980676496190e-01       7.874316918276e+01 
       5.990442120335e-01       7.846553395435e+01 
       6.000207744570e-01       7.818913557992e+01 
       6.009973368893e-01       7.791396078110e+01 
       6.019738993304e-01       7.763999601554e+01 
       6.029504617803e-01       7.736722867528e+01 
       6.039270242389e-01       7.709564825305e+01 
       6.049035867062e-01       7.682524736090e+01 
       6.058801491822e-01       7.655602263303e+01 
       6.068567116668e-01       7.628797451843e+01 
       6.078332741599e-01       7.602110694991e+01 
       6.088098366616e-01       7.575542627263e+01 
       6.097863991718e-01       7.549094008141e+01 
       6.107629616904e-01       7.522765562819e+01 
       6.117395242174e-01       7.496557908487e+01 
       6.127160867527e-01       7.470471420262e+01 
       6.136926492964e-01       7.444506240836e+01 
       6.146692118484e-01       7.418662294327e+01 
       6.156457744086e-01       7.392939355019e+01 
       6.166223369771e-01       7.367337133756e+01 
       6.175988995536e-01       7.341855407695e+01 
       6.185754621384e-01       7.316494096859e+01 
       6.195520247312e-01       7.291253338034e+01 
       6.205285873320e-01       7.266133482197e+01 
       6.215051499409e-01       7.241135052793e+01 
       6.224817125577e-01       7.216258685995e+01 
       6.234582751825e-01       7.191505003382e+01 
       6.244348378152e-01       7.166874513692e+01 
       6.254114004557e-01       7.142367496690e+01 
       6.263879631041e-01       7.117983931402e+01 
       6.273645257603e-01       7.093723502404e+01 
       6.283410884242e-01       7.069585600166e+01 
       6.293176510958e-01       7.045569406645e+01 
       6.302942137751e-01       7.021673978338e+01 
       6.312707764621e-01       6.997898386142e+01 
       6.322473391566e-01       6.974241773267e+01 
       6.332239018588e-01       6.950703459451e+01 
       6.342004645685e-01       6.927282931928e+01 
       6.351770272857e-01       6.903979844331e+01 
       6.361535900103e-01       6.880793926035e+01 
       6.371301527424e-01       6.857724921296e+01 
       6.381067154819e-01       6.834772457447e+01 
       6.390832782288e-01       6.811935962152e+01 
       6.400598409830e-01       6.789214594229e+01 
       6.410364037445e-01       6.766607238850e+01 
       6.420129665132e-01       6.744112517792e+01 
       6.429895292892e-01       6.721728851129e+01 
       6.439660920724e-01       6.699454581915e+01 
       6.449426548628e-01       6.677288057094e+01 
       6.459192176603e-01       6.655227743528e+01 
       6.468957804649e-01       6.633272302682e+01 
       6.478723432766e-01       6.611420618337e+01 
       6.488489060953e-01       6.589671798496e+01 
       6.498254689210e-01       6.568025113560e+01 
       6.508020317537e-01       6.546479923513e+01 
       6.517785945934e-01       6.525035578357e+01 
       6.527551574400e-01       6.503691330237e+01 
       6.537317202934e-01       6.482446266464e+01 
       6.547082831537e-01       6.461299282016e+01 
       6.556848460208e-01       6.440249082616e+01 
       6.566614088947e-01       6.419294253089e+01 
       6.576379717754e-01       6.398433325525e+01 
       6.586145346628e-01       6.377664877536e+01 
       6.595910975569e-01       6.356987626290e+01 
       6.605676604577e-01       6.336400499255e+01 
       6.615442233651e-01       6.315902666754e+01 
       6.625207862791e-01       6.295493543518e+01 
       6.634973491997e-01       6.275172734577e+01 
       6.644739121269e-01       6.254939980960e+01 
       6.654504750606e-01       6.234795050790e+01 
       6.664270380007e-01       6.214737669392e+01 
       6.674036009474e-01       6.194767440093e+01 
       6.683801639005e-01       6.174883817291e+01 
       6.693567268600e-01       6.155086102511e+01 
       6.703332898258e-01       6.135373487415e+01 
       6.713098527981e-01       6.115745116182e+01 
       6.722864157766e-01       6.096200175900e+01 
       6.732629787615e-01       6.076737965816e+01 
       6.742395417526e-01       6.057357970734e+01 
       6.752161047500e-01       6.038059889864e+01 
       6.761926677536e-01       6.018843631316e+01 
       6.771692307634e-01       5.999709275005e+01 
       6.781457937794e-01       5.980657003586e+01 
       6.791223568014e-01       5.961687015255e+01 
       6.800989198296e-01       5.942799446038e+01 
       6.810754828639e-01       5.923994295501e+01 
       6.820520459043e-01       5.905271391366e+01 
       6.830286089507e-01       5.886630383666e+01 
       6.840051720030e-01       5.868070777659e+01 
       6.849817350614e-01       5.849591995386e+01 
       6.859582981257e-01       5.831193448258e+01 
       6.869348611960e-01       5.812874618129e+01 
       6.879114242721e-01       5.794635118448e+01 
       6.888879873542e-01       5.776474731140e+01 
       6.898645504421e-01       5.758393412154e+01 
       6.908411135358e-01       5.740391253753e+01 
       6.918176766353e-01       5.722468429992e+01 
       6.927942397406e-01       5.704625116373e+01 
       6.937708028517e-01       5.686861412061e+01 
       6.947473659685e-01       5.669177272732e+01 
       6.957239290910e-01       5.651572474192e+01 
       6.967004922192e-01       5.634046592302e+01 
       6.976770553530e-01       5.616599040047e+01 
       6.986536184925e-01       5.599229117243e+01 
       6.996301816376e-01       5.581936083402e+01 
       7.006067447883e-01       5.564719229879e+01 
       7.015833079445e-01       5.547577947878e+01 
       7.025598711063e-01       5.530511770069e+01 
       7.035364342736e-01       5.513520383157e+01 
       7.045129974464e-01       5.496603605044e+01 
       7.054895606247e-01       5.479761335328e+01 
       7.064661238084e-01       5.462993493244e+01 
       7.074426869976e-01       5.446299938627e+01 
       7.084192501922e-01       5.429680418089e+01 
       7.093958133921e-01       5.413134518452e+01 
       7.103723765974e-01       5.396661656166e+01 
       7.113489398081e-01       5.380261097480e+01 
       7.123255030240e-01       5.363932004855e+01 
       7.133020662453e-01       5.347673503537e+01 
       7.142786294718e-01       5.331484748941e+01 
       7.152551927036e-01       5.315364993901e+01 
       7.162317559406e-01       5.299313625566e+01 
       7.172083191829e-01       5.283330192906e+01 
       7.181848824303e-01       5.267414377086e+01 
       7.191614456829e-01       5.251565963710e+01 
       7.201380089406e-01       5.235784779924e+01 
       7.211145722034e-01       5.220070623124e+01 
       7.220911354714e-01       5.204423208272e+01 
       7.230676987444e-01       5.188842128410e+01 
       7.240442620225e-01       5.173326833717e+01 
       7.250208253057e-01       5.157876652140e+01 
       7.259973885938e-01       5.142490820715e+01 
       7.269739518870e-01       5.127168550939e+01 
       7.279505151852e-01       5.111909094279e+01 
       7.289270784883e-01       5.096711796184e+01 
       7.299036417963e-01       5.081576140529e+01 
       7.308802051093e-01       5.066501769789e+01 
       7.318567684272e-01       5.051488470028e+01 
       7.328333317499e-01       5.036536136706e+01 
       7.338098950775e-01       5.021644723494e+01 
       7.347864584100e-01       5.006814170232e+01 
       7.357630217473e-01       4.992044354540e+01 
       7.367395850894e-01       4.977335041128e+01 
       7.377161484363e-01       4.962685869295e+01 
       7.386927117879e-01       4.948096363424e+01 
       7.396692751443e-01       4.933565951054e+01 
       7.406458385054e-01       4.919094035097e+01 
       7.416224018712e-01       4.904680036027e+01 
       7.425989652418e-01       4.890323459411e+01 
       7.435755286170e-01       4.876023934463e+01 
       7.445520919968e-01       4.861781234709e+01 
       7.455286553813e-01       4.847595264994e+01 
       7.465052187704e-01       4.833466039513e+01 
       7.474817821641e-01       4.819393624837e+01 
       7.484583455624e-01       4.805378084533e+01 
       7.494349089653e-01       4.791419421664e+01 
       7.504114723727e-01       4.777517531650e+01 
       7.513880357846e-01       4.763672184528e+01 
       7.523645992010e-01       4.749883025579e+01 
       7.533411626220e-01       4.736149600589e+01 
       7.543177260474e-01       4.722471408853e+01 
       7.552942894772e-01       4.708847948632e+01 
       7.562708529116e-01       4.695278779834e+01 
       7.572474163503e-01       4.681763559161e+01 
       7.582239797934e-01       4.668302068940e+01 
       7.592005432410e-01       4.654894217057e+01 
       7.601771066929e-01       4.641539998660e+01 
       7.611536701491e-01       4.628239469691e+01 
       7.621302336097e-01       4.614992681762e+01 
       7.631067970747e-01       4.601799628960e+01 
       7.640833605439e-01       4.588660211763e+01 
       7.650599240174e-01       4.575574209065e+01 
       7.660364874952e-01       4.562541272509e+01 
       7.670130509772e-01       4.549560956249e+01 
       7.679896144635e-01       4.536632756407e+01 
       7.689661779541e-01       4.523756155778e+01 
       7.699427414488e-01       4.510930685453e+01 
       7.709193049477e-01       4.498155958666e+01 
       7.718958684508e-01       4.485431696886e+01 
       7.728724319580e-01       4.472757740251e+01 
       7.738489954694e-01       4.460134015502e+01 
       7.748255589850e-01       4.447560508188e+01 
       7.758021225046e-01       4.435037210574e+01 
       7.767786860284e-01       4.422564065835e+01 
       7.777552495562e-01       4.410140938253e+01 
       7.787318130881e-01       4.397767577269e+01 
       7.797083766240e-01       4.385443621139e+01 
       7.806849401640e-01       4.373168608783e+01 
       7.816615037080e-01       4.360942021152e+01 
       7.826380672560e-01       4.348763326671e+01 
       7.836146308080e-01       4.336632029206e+01 
       7.845911943640e-01       4.324547714092e+01 
       7.855677579239e-01       4.312510066784e+01 
       7.865443214878e-01       4.300518887103e+01 
       7.875208850556e-01       4.288574068336e+01 
       7.884974486274e-01       4.276675563936e+01 
       7.894740122030e-01       4.264823349224e+01 
       7.904505757825e-01       4.253017365154e+01 
       7.914271393659e-01       4.241257485067e+01 
       7.924037029532e-01       4.229543484501e+01 
       7.933802665443e-01       4.217875036140e+01 
       7.943568301393e-01       4.206251723889e+01 
       7.953333937380e-01       4.194673073277e+01 
       7.963099573406e-01       4.183138596101e+01 
       7.972865209469e-01       4.171647838037e+01 
       7.982630845571e-01       4.160200412989e+01 
       7.992396481709e-01       4.148796038631e+01 
       8.002162117886e-01       4.137434538133e+01 
       8.011927754099e-01       4.126115834485e+01 
       8.021693390350e-01       4.114839912899e+01 
       8.031459026638e-01       4.103606789133e+01 
       8.041224662963e-01       4.092416454778e+01 
       8.050990299325e-01       4.081268845617e+01 
       8.060755935723e-01       4.070163808265e+01 
       8.070521572158e-01       4.059101092787e+01 
       8.080287208630e-01       4.048080363538e+01 
       8.090052845137e-01       4.037101222085e+01 
       8.099818481681e-01       4.026163247707e+01 
       8.109584118261e-01       4.015266046912e+01 
       8.119349754876e-01       4.004409280515e+01 
       8.129115391528e-01       3.993592703290e+01 
       8.138881028215e-01       3.982816167940e+01 
       8.148646664937e-01       3.972079618437e+01 
       8.158412301695e-01       3.961383066542e+01 
       8.168177938488e-01       3.950726551834e+01 
       8.177943575316e-01       3.940110100988e+01 
       8.187709212180e-01       3.929533689375e+01 
       8.197474849078e-01       3.918997210742e+01 
       8.207240486010e-01       3.908500466281e+01 
       8.217006122978e-01       3.898043173269e+01 
       8.226771759980e-01       3.887624983770e+01 
       8.236537397016e-01       3.877245519961e+01 
       8.246303034086e-01       3.866904419378e+01 
       8.256068671191e-01       3.856601367968e+01 
       8.265834308330e-01       3.846336130807e+01 
       8.275599945502e-01       3.836108564261e+01 
       8.285365582708e-01       3.825918609997e+01 
       8.295131219948e-01       3.815766275840e+01 
       8.304896857222e-01       3.805651600452e+01 
       8.314662494528e-01       3.795574612779e+01 
       8.324428131868e-01       3.785535300777e+01 
       8.334193769242e-01       3.775533572664e+01 
       8.343959406648e-01       3.765569251484e+01 
       8.353725044087e-01       3.755642075632e+01 
       8.363490681559e-01       3.745751717198e+01 
       8.373256319064e-01       3.735897814305e+01 
       8.383021956601e-01       3.726080010238e+01 
       8.392787594171e-01       3.716297988203e+01 
       8.402553231774e-01       3.706551500239e+01 
       8.412318869408e-01       3.696840383023e+01 
       8.422084507075e-01       3.687164554662e+01 
       8.431850144773e-01       3.677523997653e+01 
       8.441615782504e-01       3.667918730091e+01 
       8.451381420266e-01       3.658348766761e+01 
       8.461147058060e-01       3.648814084524e+01 
       8.470912695886e-01       3.639314597075e+01 
       8.480678333743e-01       3.629850132753e+01 
       8.490443971631e-01       3.620420442836e+01 
       8.500209609551e-01       3.611025214465e+01 
       8.509975247502e-01       3.601664095259e+01 
       8.519740885484e-01       3.592336737230e+01 
       8.529506523497e-01       3.583042823592e+01 
       8.539272161541e-01       3.573782102858e+01 
       8.549037799615e-01       3.564554402159e+01 
       8.558803437720e-01       3.555359629505e+01 
       8.568569075856e-01       3.546197757564e+01 
       8.578334714022e-01       3.537068797960e+01 
       8.588100352218e-01       3.527972767050e+01 
       8.597865990444e-01       3.518909653867e+01 
       8.607631628701e-01       3.509879386202e+01 
       8.617397266988e-01       3.500881819916e+01 
       8.627162905304e-01       3.491916735318e+01 
       8.636928543650e-01       3.482983846466e+01 
       8.646694182026e-01       3.474082830962e+01 
       8.656459820432e-01       3.465213364045e+01 
       8.666225458867e-01       3.456375143818e+01 
       8.675991097332e-01       3.447567930643e+01 
       8.685756735825e-01       3.438791554506e+01 
       8.695522374348e-01       3.430045923378e+01 
       8.705288012900e-01       3.421331012523e+01 
       8.715053651481e-01       3.412646838025e+01 
       8.724819290091e-01       3.403993425300e+01 
       8.734584928730e-01       3.395370779587e+01 
       8.744350567398e-01       3.386778854696e+01 
       8.754116206094e-01       3.378217538013e+01 
       8.763881844818e-01       3.369686643201e+01 
       8.773647483571e-01       3.361185923334e+01 
       8.783413122353e-01       3.352715091326e+01 
       8.793178761162e-01       3.344273850553e+01 
       8.802944400000e-01       3.335861925882e+01 
       8.812710038866e-01       3.327479093074e+01 
       8.822475677760e-01       3.319125193154e+01 
       8.832241316681e-01       3.310800142347e+01 
       8.842006955631e-01       3.302503919373e+01 
       8.851772594608e-01       3.294236547507e+01 
       8.861538233612e-01       3.285998063402e+01 
       8.871303872644e-01       3.277788485278e+01 
       8.881069511704e-01       3.269607788669e+01 
       8.890835150791e-01       3.261455886292e+01 
       8.900600789905e-01       3.253332621485e+01 
       8.910366429046e-01       3.245237775398e+01 
       8.920132068214e-01       3.237171089195e+01 
       8.929897707410e-01       3.229132286222e+01 
       8.939663346632e-01       3.221121105838e+01 
       8.949428985880e-01       3.213137332684e+01 
       8.959194625156e-01       3.205180809504e+01 
       8.968960264458e-01       3.197251446805e+01 
       8.978725903787e-01       3.189349222317e+01 
       8.988491543142e-01       3.181474150598e+01 
       8.998257182523e-01       3.173626266750e+01 
       9.008022821931e-01       3.165805595884e+01 
       9.017788461365e-01       3.158012122063e+01 
       9.027554100825e-01       3.150245772767e+01 
       9.037319740311e-01       3.142506409951e+01 
       9.047085379823e-01       3.134793835932e+01 
       9.056851019360e-01       3.127107806693e+01 
       9.066616658924e-01       3.119448063646e+01 
       9.076382298513e-01       3.111814354921e+01 
       9.086147938127e-01       3.104206466487e+01 
       9.095913577768e-01       3.096624240019e+01 
       9.105679217433e-01       3.089067580899e+01 
       9.115444857124e-01       3.081536453597e+01 
       9.125210496840e-01       3.074030865984e+01 
       9.134976136582e-01       3.066550850211e+01 
       9.144741776348e-01       3.059096427576e+01 
       9.154507416140e-01       3.051667588278e+01 
       9.164273055956e-01       3.044264269217e+01 
       9.174038695798e-01       3.036886346925e+01 
       9.183804335664e-01       3.029533639482e+01 
       9.193569975555e-01       3.022205917674e+01 
       9.203335615470e-01       3.014902934095e+01 
       9.213101255410e-01       3.007624447068e+01 
       9.222866895374e-01       3.000370243167e+01 
       9.232632535363e-01       2.993140162629e+01 
       9.242398175376e-01       2.985934103878e+01 
       9.252163815413e-01       2.978752024132e+01 
       9.261929455475e-01       2.971593927865e+01 
       9.271695095560e-01       2.964459840218e+01 
       9.281460735670e-01       2.957349787560e+01 
       9.291226375804e-01       2.950263765879e+01 
       9.300992015961e-01       2.943201727303e+01 
       9.310757656142e-01       2.936163563754e+01 
       9.320523296347e-01       2.929149113272e+01 
       9.330288936575e-01       2.922158167216e+01 
       9.340054576827e-01       2.915190495770e+01 
       9.349820217103e-01       2.908245868276e+01 
       9.359585857402e-01       2.901324081436e+01 
       9.369351497724e-01       2.894424976544e+01 
       9.379117138069e-01       2.887548450590e+01 
       9.388882778438e-01       2.880694459497e+01 
       9.398648418830e-01       2.873863002426e+01 
       9.408414059244e-01       2.867054106088e+01 
       9.418179699682e-01       2.860267800079e+01 
       9.427945340143e-01       2.853504089856e+01 
       9.437710980626e-01       2.846762939112e+01 
       9.447476621133e-01       2.840044259162e+01 
       9.457242261662e-01       2.833347908087e+01 
       9.467007902213e-01       2.826673698327e+01 
       9.476773542787e-01       2.820021418715e+01 
       9.486539183384e-01       2.813390851538e+01 
       9.496304824003e-01       2.806781804195e+01 
       9.506070464644e-01       2.800194122394e+01 
       9.515836105308e-01       2.793627705183e+01 
       9.525601745994e-01       2.787082506823e+01 
       9.535367386701e-01       2.780558525788e+01 
       9.545133027431e-01       2.774055787742e+01 
       9.554898668183e-01       2.767574325462e+01 
       9.564664308957e-01       2.761114153012e+01 
       9.574429949753e-01       2.754675248372e+01 
       9.584195590571e-01       2.748257537180e+01 
       9.593961231410e-01       2.741860897348e+01 
       9.603726872271e-01       2.735485158118e+01 
       9.613492513153e-01       2.729130124490e+01 
       9.623258154058e-01       2.722795593666e+01 
       9.633023794983e-01       2.716481379241e+01 
       9.642789435930e-01       2.710187330317e+01 
       9.652555076898e-01       2.703913345464e+01 
       9.662320717888e-01       2.697659374870e+01 
       9.672086358899e-01       2.691425411927e+01 
       9.681851999931e-01       2.685211481938e+01 
       9.691617640984e-01       2.679017617114e+01 
       9.701383282058e-01       2.672843836561e+01 
       9.711148923153e-01       2.666690124876e+01 
       9.720914564268e-01       2.660556424059e+01 
       9.730680205405e-01       2.654442624060e+01 
       9.740445846562e-01       2.648348570947e+01 
       9.750211487741e-01       2.642274083847e+01 
       9.759977128939e-01       2.636218970629e+01 
       9.769742770159e-01       2.630183050572e+01 
       9.779508411398e-01       2.624166176554e+01 
       9.789274052659e-01       2.618168244873e+01 
       9.799039693939e-01       2.612189200952e+01 
       9.808805335240e-01       2.606229033934e+01 
       9.818570976562e-01       2.600287764180e+01 
       9.828336617903e-01       2.594365422785e+01 
       9.838102259265e-01       2.588462031395e+01 
       9.847867900647e-01       2.582577581804e+01 
       9.857633542048e-01       2.576712025753e+01 
       9.867399183470e-01       2.570865266304e+01 
       9.877164824912e-01       2.565037164246e+01 
       9.886930466373e-01       2.559227549375e+01 
       9.896696107854e-01       2.553436240420e+01 
       9.906461749355e-01       2.547663063674e+01 
       9.916227390876e-01       2.541907873172e+01 
       9.925993032416e-01       2.536170564103e+01 
       9.935758673976e-01       2.530451078124e+01 
       9.945524315556e-01       2.524749399634e+01 
       9.955289957155e-01       2.519065545299e+01 
       9.965055598773e-01       2.513399545307e+01 
       9.974821240410e-01       2.507751423160e+01 
       9.984586882067e-01       2.502121178031e+01 
       9.994352523743e-01       2.496508771909e+01 
       1.000411816544e+00       2.490914120712e+01 
       1.001388380715e+00       2.485337098650e+01 
       1.002364944889e+00       2.479777549360e+01 
       1.003341509064e+00       2.474235302179e+01 
       1.004318073241e+00       2.468710190814e+01 
       1.005294637420e+00       2.463202072661e+01 
       1.006271201601e+00       2.457710843304e+01 
       1.007247765784e+00       2.452236440489e+01 
       1.008224329968e+00       2.446778845958e+01 
       1.009200894155e+00       2.441338073118e+01 
       1.010177458343e+00       2.435914150508e+01 
       1.011154022533e+00       2.430507105889e+01 
       1.012130586725e+00       2.425116942754e+01 
       1.013107150919e+00       2.419743633124e+01 
       1.014083715115e+00       2.414387105793e+01 
       1.015060279313e+00       2.409047249126e+01 
       1.016036843512e+00       2.403723919974e+01 
       1.017013407713e+00       2.398416958564e+01 
       1.017989971916e+00       2.393126206909e+01 
       1.018966536121e+00       2.387851527044e+01 
       1.019943100328e+00       2.382592814820e+01 
       1.020919664537e+00       2.377350007322e+01 
       1.021896228747e+00       2.372123082545e+01 
       1.022872792959e+00       2.366912050982e+01 
       1.023849357173e+00       2.361716940885e+01 
       1.024825921388e+00       2.356537780778e+01 
       1.025802485606e+00       2.351374581755e+01 
       1.026779049825e+00       2.346227323417e+01 
       1.027755614046e+00       2.341095946210e+01 
       1.028732178269e+00       2.335980351151e+01 
       1.029708742493e+00       2.330880407459e+01 
       1.030685306719e+00       2.325795965987e+01 
       1.031661870947e+00       2.320726876717e+01 
       1.032638435177e+00       2.315673005839e+01 
       1.033614999409e+00       2.310634249896e+01 
       1.034591563642e+00       2.305610544367e+01 
       1.035568127877e+00       2.300601863942e+01 
       1.036544692113e+00       2.295608215911e+01 
       1.037521256352e+00       2.290629626952e+01 
       1.038497820592e+00       2.285666126742e+01 
       1.039474384834e+00       2.280717730779e+01 
       1.040450949077e+00       2.275784426141e+01 
       1.041427513322e+00       2.270866163466e+01 
       1.042404077569e+00       2.265962855454e+01 
       1.043380641818e+00       2.261074382653e+01 
       1.044357206068e+00       2.256200606073e+01 
       1.045333770320e+00       2.251341382963e+01 
       1.046310334574e+00       2.246496583816e+01 
       1.047286898829e+00       2.241666105899e+01 
       1.048263463086e+00       2.236849882654e+01 
       1.049240027344e+00       2.232047885359e+01 
       1.050216591605e+00       2.227260117817e+01 
       1.051193155867e+00       2.222486604381e+01 
       1.052169720130e+00       2.217727374863e+01 
       1.053146284395e+00       2.212982448112e+01 
       1.054122848662e+00       2.208251817572e+01 
       1.055099412931e+00       2.203535442714e+01 
       1.056075977201e+00       2.198833246641e+01 
       1.057052541472e+00       2.194145120923e+01 
       1.058029105746e+00       2.189470935804e+01 
       1.059005670021e+00       2.184810555874e+01 
       1.059982234297e+00       2.180163855685e+01 
       1.060958798575e+00       2.175530733877e+01 
       1.061935362855e+00       2.170911122008e+01 
       1.062911927137e+00       2.166304988215e+01 
       1.063888491420e+00       2.161712332879e+01 
       1.064865055704e+00       2.157133177875e+01 
       1.065841619990e+00       2.152567552702e+01 
       1.066818184278e+00       2.148015478713e+01 
       1.067794748567e+00       2.143476955380e+01 
       1.068771312858e+00       2.138951950201e+01 
       1.069747877150e+00       2.134440395831e+01 
       1.070724441444e+00       2.129942194008e+01 
       1.071701005740e+00       2.125457224508e+01 
       1.072677570037e+00       2.120985358760e+01 
       1.073654134336e+00       2.116526475719e+01 
       1.074630698636e+00       2.112080475426e+01 
       1.075607262938e+00       2.107647288605e+01 
       1.076583827241e+00       2.103226880016e+01 
       1.077560391546e+00       2.098819246651e+01 
       1.078536955852e+00       2.094424408194e+01 
       1.079513520160e+00       2.090042393422e+01 
       1.080490084469e+00       2.085673225781e+01 
       1.081466648780e+00       2.081316909625e+01 
       1.082443213093e+00       2.076973420272e+01 
       1.083419777407e+00       2.072642699663e+01 
       1.084396341722e+00       2.068324658793e+01 
       1.085372906039e+00       2.064019186508e+01 
       1.086349470357e+00       2.059726161753e+01 
       1.087326034677e+00       2.055445467714e+01 
       1.088302598999e+00       2.051177006079e+01 
       1.089279163321e+00       2.046920706708e+01 
       1.090255727646e+00       2.042676532321e+01 
       1.091232291972e+00       2.038444476162e+01 
       1.092208856299e+00       2.034224554924e+01 
       1.093185420628e+00       2.030016796870e+01 
       1.094161984958e+00       2.025821226913e+01 
       1.095138549290e+00       2.021637853428e+01 
       1.096115113623e+00       2.017466658456e+01 
       1.097091677957e+00       2.013307592620e+01 
       1.098068242293e+00       2.009160576183e+01 
       1.099044806631e+00       2.005025506134e+01 
       1.100021370970e+00       2.000902268353e+01 
       1.100997935310e+00       1.996790751022e+01 
       1.101974499652e+00       1.992690857453e+01 
       1.102951063995e+00       1.988602516821e+01 
       1.103927628340e+00       1.984525689355e+01 
       1.104904192686e+00       1.980460365490e+01 
       1.105880757034e+00       1.976406559141e+01 
       1.106857321382e+00       1.972364296680e+01 
       1.107833885733e+00       1.968333604191e+01 
       1.108810450085e+00       1.964314493815e+01 
       1.109787014438e+00       1.960306953248e+01 
       1.110763578792e+00       1.956310940697e+01 
       1.111740143148e+00       1.952326385018e+01 
       1.112716707505e+00       1.948353191682e+01 
       1.113693271864e+00       1.944391253009e+01 
       1.114669836224e+00       1.940440461337e+01 
       1.115646400586e+00       1.936500722386e+01 
       1.116622964949e+00       1.932571964960e+01 
       1.117599529313e+00       1.928654146809e+01 
       1.118576093678e+00       1.924747255202e+01 
       1.119552658045e+00       1.920851301261e+01 
       1.120529222414e+00       1.916966310086e+01 
       1.121505786783e+00       1.913092307807e+01 
       1.122482351154e+00       1.909229309259e+01 
       1.123458915527e+00       1.905377307815e+01 
       1.124435479901e+00       1.901536268708e+01 
       1.125412044276e+00       1.897706128569e+01 
       1.126388608652e+00       1.893886800614e+01 
       1.127365173030e+00       1.890078183896e+01 
       1.128341737409e+00       1.886280175624e+01 
       1.129318301789e+00       1.882492683245e+01 
       1.130294866171e+00       1.878715635334e+01 
       1.131271430554e+00       1.874948987979e+01 
       1.132247994939e+00       1.871192725378e+01 
       1.133224559324e+00       1.867446855589e+01 
       1.134201123711e+00       1.863711401809e+01 
       1.135177688100e+00       1.859986390400e+01 
       1.136154252489e+00       1.856271838761e+01 
       1.137130816880e+00       1.852567744461e+01 
       1.138107381273e+00       1.848874079218e+01 
       1.139083945666e+00       1.845190787420e+01 
       1.140060510061e+00       1.841517789622e+01 
       1.141037074457e+00       1.837854991222e+01 
       1.142013638855e+00       1.834202293942e+01 
       1.142990203253e+00       1.830559607798e+01 
       1.143966767653e+00       1.826926861639e+01 
       1.144943332055e+00       1.823304009419e+01 
       1.145919896457e+00       1.819691032551e+01 
       1.146896460861e+00       1.816087936446e+01 
       1.147873025266e+00       1.812494742217e+01 
       1.148849589672e+00       1.808911475828e+01 
       1.149826154080e+00       1.805338156416e+01 
       1.150802718489e+00       1.801774785810e+01 
       1.151779282899e+00       1.798221341759e+01 
       1.152755847310e+00       1.794677775270e+01 
       1.153732411723e+00       1.791144014018e+01 
       1.154708976137e+00       1.787619969879e+01 
       1.155685540552e+00       1.784105549127e+01 
       1.156662104968e+00       1.780600664224e+01 
       1.157638669386e+00       1.777105244163e+01 
       1.158615233805e+00       1.773619241533e+01 
       1.159591798225e+00       1.770142635306e+01 
       1.160568362646e+00       1.766675427761e+01 
       1.161544927069e+00       1.763217637821e+01 
       1.162521491492e+00       1.759769291010e+01 
       1.163498055917e+00       1.756330407839e+01 
       1.164474620343e+00       1.752900993603e+01 
       1.165451184771e+00       1.749481031201e+01 
       1.166427749199e+00       1.746070478175e+01 
       1.167404313629e+00       1.742669269147e+01 
       1.168380878060e+00       1.739277321838e+01 
       1.169357442492e+00       1.735894547046e+01 
       1.170334006926e+00       1.732520859963e+01 
       1.171310571360e+00       1.729156190096e+01 
       1.172287135796e+00       1.725800488726e+01 
       1.173263700233e+00       1.722453732072e+01 
       1.174240264671e+00       1.719115919567e+01 
       1.175216829110e+00       1.715787068086e+01 
       1.176193393551e+00       1.712467202138e+01 
       1.177169957993e+00       1.709156343097e+01 
       1.178146522435e+00       1.705854499302e+01 
       1.179123086879e+00       1.702561658473e+01 
       1.180099651325e+00       1.699277784210e+01 
       1.181076215771e+00       1.696002817251e+01 
       1.182052780218e+00       1.692736681134e+01 
       1.183029344667e+00       1.689479291389e+01 
       1.184005909117e+00       1.686230565958e+01 
       1.184982473568e+00       1.682990434974e+01 
       1.185959038020e+00       1.679758848624e+01 
       1.186935602473e+00       1.676535780871e+01 
       1.187912166928e+00       1.673321228471e+01 
       1.188888731383e+00       1.670115205768e+01 
       1.189865295840e+00       1.666917736055e+01 
       1.190841860298e+00       1.663728841365e+01 
       1.191818424757e+00       1.660548532760e+01 
       1.192794989217e+00       1.657376802208e+01 
       1.193771553678e+00       1.654213618818e+01 
       1.194748118140e+00       1.651058929426e+01 
       1.195724682604e+00       1.647912663332e+01 
       1.196701247068e+00       1.644774740538e+01 
       1.197677811534e+00       1.641645081688e+01 
       1.198654376001e+00       1.638523617850e+01 
       1.199630940469e+00       1.635410298554e+01 
       1.200607504938e+00       1.632305095693e+01 
       1.201584069408e+00       1.629208003332e+01 
       1.202560633879e+00       1.626119033424e+01 
       1.203537198351e+00       1.623038208025e+01 
       1.204513762825e+00       1.619965549558e+01 
       1.205490327299e+00       1.616901071065e+01 
       1.206466891775e+00       1.613844768373e+01 
       1.207443456251e+00       1.610796615815e+01 
       1.208420020729e+00       1.607756566118e+01 
       1.209396585208e+00       1.604724554093e+01 
       1.210373149688e+00       1.601700504218e+01 
       1.211349714169e+00       1.598684340149e+01 
       1.212326278651e+00       1.595675994204e+01 
       1.213302843134e+00       1.592675415237e+01 
       1.214279407619e+00       1.589682573188e+01 
       1.215255972104e+00       1.586697459611e+01 
       1.216232536590e+00       1.583720084270e+01 
       1.217209101078e+00       1.580750467922e+01 
       1.218185665566e+00       1.577788632960e+01 
       1.219162230056e+00       1.574834594196e+01 
       1.220138794546e+00       1.571888351046e+01 
       1.221115359038e+00       1.568949882685e+01 
       1.222091923531e+00       1.566019147174e+01 
       1.223068488024e+00       1.563096084627e+01 
       1.224045052519e+00       1.560180624030e+01 
       1.225021617015e+00       1.557272692307e+01 
       1.225998181512e+00       1.554372223178e+01 
       1.226974746010e+00       1.551479165069e+01 
       1.227951310509e+00       1.548593486277e+01 
       1.228927875009e+00       1.545715176071e+01 
       1.229904439510e+00       1.542844241862e+01 
       1.230881004012e+00       1.539980702740e+01 
       1.231857568515e+00       1.537124580857e+01 
       1.232834133019e+00       1.534275892596e+01 
       1.233810697524e+00       1.531434640654e+01 
       1.234787262030e+00       1.528600808539e+01 
       1.235763826538e+00       1.525774359479e+01 
       1.236740391046e+00       1.522955238765e+01 
       1.237716955555e+00       1.520143379866e+01 
       1.238693520065e+00       1.517338712738e+01 
       1.239670084576e+00       1.514541172522e+01 
       1.240646649089e+00       1.511750707506e+01 
       1.241623213602e+00       1.508967284744e+01 
       1.242599778116e+00       1.506190891377e+01 
       1.243576342631e+00       1.503421532406e+01 
       1.244552907147e+00       1.500659225318e+01 
       1.245529471664e+00       1.497903991865e+01 
       1.246506036183e+00       1.495155849591e+01 
       1.247482600702e+00       1.492414803798e+01 
       1.248459165222e+00       1.489680842098e+01 
       1.249435729743e+00       1.486953932485e+01 
       1.250412294265e+00       1.484234025395e+01 
       1.251388858788e+00       1.481521058655e+01 
       1.252365423312e+00       1.478814965420e+01 
       1.253341987837e+00       1.476115682438e+01 
       1.254318552363e+00       1.473423158155e+01 
       1.255295116890e+00       1.470737358219e+01 
       1.256271681418e+00       1.468058267726e+01 
       1.257248245947e+00       1.465385889447e+01 
       1.258224810477e+00       1.462720239078e+01 
       1.259201375008e+00       1.460061337945e+01 
       1.260177939540e+00       1.457409204427e+01 
       1.261154504072e+00       1.454763846210e+01 
       1.262131068606e+00       1.452125254555e+01 
       1.263107633141e+00       1.449493402070e+01 
       1.264084197676e+00       1.446868243789e+01 
       1.265060762213e+00       1.444249721930e+01 
       1.266037326750e+00       1.441637772728e+01 
       1.267013891289e+00       1.439032334769e+01 
       1.267990455828e+00       1.436433356980e+01 
       1.268967020368e+00       1.433840803914e+01 
       1.269943584910e+00       1.431254658712e+01 
       1.270920149452e+00       1.428674921926e+01 
       1.271896713995e+00       1.426101607499e+01 
       1.272873278539e+00       1.423534735998e+01 
       1.273849843084e+00       1.420974326295e+01 
       1.274826407630e+00       1.418420388145e+01 
       1.275802972177e+00       1.415872916170e+01 
       1.276779536724e+00       1.413331887421e+01 
       1.277756101273e+00       1.410797261538e+01 
       1.278732665823e+00       1.408268984805e+01 
       1.279709230373e+00       1.405746996663e+01 
       1.280685794925e+00       1.403231237685e+01 
       1.281662359477e+00       1.400721657180e+01 
       1.282638924030e+00       1.398218218883e+01 
       1.283615488584e+00       1.395720904039e+01 
       1.284592053139e+00       1.393229711190e+01 
       1.285568617695e+00       1.390744652615e+01 
       1.286545182252e+00       1.388265747891e+01 
       1.287521746810e+00       1.385793016270e+01 
       1.288498311368e+00       1.383326469161e+01 
       1.289474875928e+00       1.380866104356e+01 
       1.290451440488e+00       1.378411902783e+01 
       1.291428005050e+00       1.375963828390e+01 
       1.292404569612e+00       1.373521831532e+01 
       1.293381134175e+00       1.371085854938e+01 
       1.294357698739e+00       1.368655841310e+01 
       1.295334263304e+00       1.366231740540e+01 
       1.296310827869e+00       1.363813515698e+01 
       1.297287392436e+00       1.361401146387e+01 
       1.298263957003e+00       1.358994629112e+01 
       1.299240521572e+00       1.356593974307e+01 
       1.300217086141e+00       1.354199200466e+01 
       1.301193650711e+00       1.351810326932e+01 
       1.302170215282e+00       1.349427366606e+01 
       1.303146779854e+00       1.347050320111e+01 
       1.304123344426e+00       1.344679172049e+01 
       1.305099909000e+00       1.342313890493e+01 
       1.306076473574e+00       1.339954429701e+01 
       1.307053038150e+00       1.337600735639e+01 
       1.308029602726e+00       1.335252753080e+01 
       1.309006167303e+00       1.332910432667e+01 
       1.309982731881e+00       1.330573736918e+01 
       1.310959296459e+00       1.328242643972e+01 
       1.311935861039e+00       1.325917148454e+01 
       1.312912425619e+00       1.323597258956e+01 
       1.313888990200e+00       1.321282992773e+01 
       1.314865554782e+00       1.318974369140e+01 
       1.315842119365e+00       1.316671402125e+01 
       1.316818683949e+00       1.314374094747e+01 
       1.317795248534e+00       1.312082434996e+01 
       1.318771813119e+00       1.309796394822e+01 
       1.319748377705e+00       1.307515932280e+01 
       1.320724942292e+00       1.305240996563e+01 
       1.321701506880e+00       1.302971534654e+01 
       1.322678071469e+00       1.300707498030e+01 
       1.323654636059e+00       1.298448848843e+01 
       1.324631200649e+00       1.296195563861e+01 
       1.325607765240e+00       1.293947635814e+01 
       1.326584329832e+00       1.291705071447e+01 
       1.327560894425e+00       1.289467886734e+01 
       1.328537459019e+00       1.287236100570e+01 
       1.329514023613e+00       1.285009727960e+01 
       1.330490588209e+00       1.282788774123e+01 
       1.331467152805e+00       1.280573230100e+01 
       1.332443717402e+00       1.278363071492e+01 
       1.333420281999e+00       1.276158260067e+01 
       1.334396846598e+00       1.273958748122e+01 
       1.335373411197e+00       1.271764484738e+01 
       1.336349975797e+00       1.269575422414e+01 
       1.337326540398e+00       1.267391523066e+01 
       1.338303105000e+00       1.265212762298e+01 
       1.339279669602e+00       1.263039131019e+01 
       1.340256234206e+00       1.260870634085e+01 
       1.341232798810e+00       1.258707286116e+01 
       1.342209363415e+00       1.256549105540e+01 
       1.343185928021e+00       1.254396108008e+01 
       1.344162492627e+00       1.252248300517e+01 
       1.345139057234e+00       1.250105676989e+01 
       1.346115621842e+00       1.247968216442e+01 
       1.347092186451e+00       1.245835884101e+01 
       1.348068751061e+00       1.243708635356e+01 
       1.349045315671e+00       1.241586421578e+01 
       1.350021880283e+00       1.239469196286e+01 
       1.350998444895e+00       1.237356921347e+01 
       1.351975009507e+00       1.235249571274e+01 
       1.352951574121e+00       1.233147135242e+01 
       1.353928138735e+00       1.231049616237e+01 
       1.354904703350e+00       1.228957027459e+01 
       1.355881267966e+00       1.226869386669e+01 
       1.356857832583e+00       1.224786709968e+01 
       1.357834397200e+00       1.222709005913e+01 
       1.358810961818e+00       1.220636270982e+01 
       1.359787526437e+00       1.218568487420e+01 
       1.360764091057e+00       1.216505623890e+01 
       1.361740655677e+00       1.214447638757e+01 
       1.362717220298e+00       1.212394485518e+01 
       1.363693784920e+00       1.210346118962e+01 
       1.364670349543e+00       1.208302500991e+01 
       1.365646914166e+00       1.206263605158e+01 
       1.366623478791e+00       1.204229419030e+01 
       1.367600043415e+00       1.202199943799e+01 
       1.368576608041e+00       1.200175191091e+01 
       1.369553172668e+00       1.198155177983e+01 
       1.370529737295e+00       1.196139920834e+01 
       1.371506301923e+00       1.194129429468e+01 
       1.372482866551e+00       1.192123702668e+01 
       1.373459431181e+00       1.190122725708e+01 
       1.374435995811e+00       1.188126470439e+01 
       1.375412560442e+00       1.186134898182e+01 
       1.376389125073e+00       1.184147964677e+01 
       1.377365689706e+00       1.182165625951e+01 
       1.378342254339e+00       1.180187844089e+01 
       1.379318818973e+00       1.178214591950e+01 
       1.380295383607e+00       1.176245855540e+01 
       1.381271948242e+00       1.174281634235e+01 
       1.382248512878e+00       1.172321938177e+01 
       1.383225077515e+00       1.170366783529e+01 
       1.384201642152e+00       1.168416186693e+01 
       1.385178206791e+00       1.166470158620e+01 
       1.386154771429e+00       1.164528700141e+01 
       1.387131336069e+00       1.162591799267e+01 
       1.388107900709e+00       1.160659431000e+01 
       1.389084465350e+00       1.158731559635e+01 
       1.390061029992e+00       1.156808143055e+01 
       1.391037594635e+00       1.154889138636e+01 
       1.392014159278e+00       1.152974508813e+01 
       1.392990723922e+00       1.151064225714e+01 
       1.393967288566e+00       1.149158274023e+01 
       1.394943853211e+00       1.147256651375e+01 
       1.395920417857e+00       1.145359366296e+01 
       1.396896982504e+00       1.143466433946e+01 
       1.397873547151e+00       1.141577870742e+01 
       1.398850111799e+00       1.139693688543e+01 
       1.399826676448e+00       1.137813889969e+01 
       1.400803241098e+00       1.135938465637e+01 
       1.401779805748e+00       1.134067393468e+01 
       1.402756370399e+00       1.132200640519e+01 
       1.403732935050e+00       1.130338167032e+01 
       1.404709499703e+00       1.128479931721e+01 
       1.405686064356e+00       1.126625897386e+01 
       1.406662629009e+00       1.124776035653e+01 
       1.407639193663e+00       1.122930330046e+01 
       1.408615758319e+00       1.121088776548e+01 
       1.409592322974e+00       1.119251382076e+01 
       1.410568887631e+00       1.117418160761e+01 
       1.411545452288e+00       1.115589128705e+01 
       1.412522016945e+00       1.113764298503e+01 
       1.413498581604e+00       1.111943674467e+01 
       1.414475146263e+00       1.110127249538e+01 
       1.415451710923e+00       1.108315004336e+01 
       1.416428275583e+00       1.106506908722e+01 
       1.417404840244e+00       1.104702925267e+01 
       1.418381404906e+00       1.102903014208e+01 
       1.419357969568e+00       1.101107138792e+01 
       1.420334534231e+00       1.099315270275e+01 
       1.421311098895e+00       1.097527391001e+01 
       1.422287663560e+00       1.095743495418e+01 
       1.423264228225e+00       1.093963588923e+01 
       1.424240792891e+00       1.092187684439e+01 
       1.425217357557e+00       1.090415797635e+01 
       1.426193922224e+00       1.088647941669e+01 
       1.427170486892e+00       1.086884122447e+01 
       1.428147051560e+00       1.085124335099e+01 
       1.429123616229e+00       1.083368562820e+01 
       1.430100180899e+00       1.081616778088e+01 
       1.431076745570e+00       1.079868945782e+01 
       1.432053310241e+00       1.078125027642e+01 
       1.433029874912e+00       1.076384987639e+01 
       1.434006439585e+00       1.074648796688e+01 
       1.434983004258e+00       1.072916435999e+01 
       1.435959568931e+00       1.071187898616e+01 
       1.436936133606e+00       1.069463188543e+01 
       1.437912698280e+00       1.067742317504e+01 
       1.438889262956e+00       1.066025300611e+01 
       1.439865827632e+00       1.064312151449e+01 
       1.440842392309e+00       1.062602877145e+01 
       1.441818956987e+00       1.060897474838e+01 
       1.442795521665e+00       1.059195930300e+01 
       1.443772086343e+00       1.057498218530e+01 
       1.444748651023e+00       1.055804306526e+01 
       1.445725215703e+00       1.054114157699e+01 
       1.446701780384e+00       1.052427736852e+01 
       1.447678345065e+00       1.050745014764e+01 
       1.448654909747e+00       1.049065971770e+01 
       1.449631474429e+00       1.047390599510e+01 
       1.450608039112e+00       1.045718900418e+01 
       1.451584603796e+00       1.044050885016e+01 
       1.452561168481e+00       1.042386567968e+01 
       1.453537733166e+00       1.040725962944e+01 
       1.454514297851e+00       1.039069078135e+01 
       1.455490862538e+00       1.037415912544e+01 
       1.456467427225e+00       1.035766454407e+01 
       1.457443991912e+00       1.034120681238e+01 
       1.458420556600e+00       1.032478562251e+01 
       1.459397121289e+00       1.030840062468e+01 
       1.460373685979e+00       1.029205147559e+01 
       1.461350250669e+00       1.027573788176e+01 
       1.462326815359e+00       1.025945964014e+01 
       1.463303380050e+00       1.024321665383e+01 
       1.464279944742e+00       1.022700893191e+01 
       1.465256509435e+00       1.021083656769e+01 
       1.466233074128e+00       1.019469970108e+01 
       1.467209638821e+00       1.017859847094e+01 
       1.468186203516e+00       1.016253296853e+01 
       1.469162768211e+00       1.014650320100e+01 
       1.470139332906e+00       1.013050907158e+01 
       1.471115897602e+00       1.011455037943e+01 
       1.472092462299e+00       1.009862683949e+01 
       1.473069026996e+00       1.008273811924e+01 
       1.474045591694e+00       1.006688388303e+01 
       1.475022156392e+00       1.005106383917e+01 
       1.475998721091e+00       1.003527777782e+01 
       1.476975285791e+00       1.001952559123e+01 
       1.477951850491e+00       1.000380727501e+01 
       1.478928415192e+00       9.988122909972e+00 
       1.479904979894e+00       9.972472627899e+00 
       1.480881544596e+00       9.956856567295e+00 
       1.481858109298e+00       9.941274827372e+00 
       1.482834674001e+00       9.925727431251e+00 
       1.483811238705e+00       9.910214302606e+00 
       1.484787803410e+00       9.894735263032e+00 
       1.485764368115e+00       9.879290049251e+00 
       1.486740932820e+00       9.863878346329e+00 
       1.487717497526e+00       9.848499829733e+00 
       1.488694062233e+00       9.833154210038e+00 
       1.489670626940e+00       9.817841271336e+00 
       1.490647191648e+00       9.802560894558e+00 
       1.491623756357e+00       9.787313062188e+00 
       1.492600321066e+00       9.772097843236e+00 
       1.493576885775e+00       9.756915361314e+00 
       1.494553450485e+00       9.741765752769e+00 
       1.495530015196e+00       9.726649123328e+00 
       1.496506579907e+00       9.711565510156e+00 
       1.497483144619e+00       9.696514857237e+00 
       1.498459709332e+00       9.681497008801e+00 
       1.499436274045e+00       9.666511722365e+00 
       1.500412838758e+00       9.651558699836e+00 
       1.501389403472e+00       9.636637627210e+00 
       1.502365968187e+00       9.621748218912e+00 
       1.503342532902e+00       9.606890254889e+00 
       1.504319097618e+00       9.592063605842e+00 
       1.505295662335e+00       9.577268241122e+00 
       1.506272227052e+00       9.562504217358e+00 
       1.507248791769e+00       9.547771650202e+00 
       1.508225356487e+00       9.533070674627e+00 
       1.509201921206e+00       9.518401401215e+00 
       1.510178485925e+00       9.503763879156e+00 
       1.511155050645e+00       9.489158069811e+00 
       1.512131615365e+00       9.474583838674e+00 
       1.513108180086e+00       9.460040964895e+00 
       1.514084744807e+00       9.445529167233e+00 
       1.515061309529e+00       9.431048142986e+00 
       1.516037874252e+00       9.416597610221e+00 
       1.517014438975e+00       9.402177346061e+00 
       1.517991003699e+00       9.387787213187e+00 
       1.518967568423e+00       9.373427169160e+00 
       1.519944133147e+00       9.359097258333e+00 
       1.520920697873e+00       9.344797586840e+00 
       1.521897262598e+00       9.330528285542e+00 
       1.522873827325e+00       9.316289469730e+00 
       1.523850392052e+00       9.302081199331e+00 
       1.524826956779e+00       9.287903452612e+00 
       1.525803521507e+00       9.273756114354e+00 
       1.526780086235e+00       9.259638983683e+00 
       1.527756650964e+00       9.245551797663e+00 
       1.528733215694e+00       9.231494265803e+00 
       1.529709780424e+00       9.217466111735e+00 
       1.530686345155e+00       9.203467109910e+00 
       1.531662909886e+00       9.189497114476e+00 
       1.532639474618e+00       9.175556071428e+00 
       1.533616039350e+00       9.161644013481e+00 
       1.534592604083e+00       9.147761037536e+00 
       1.535569168816e+00       9.133907270144e+00 
       1.536545733550e+00       9.120082828305e+00 
       1.537522298284e+00       9.106287781595e+00 
       1.538498863019e+00       9.092522124002e+00 
       1.539475427754e+00       9.078785760176e+00 
       1.540451992490e+00       9.065078508924e+00 
       1.541428557227e+00       9.051400123876e+00 
       1.542405121964e+00       9.037750326727e+00 
       1.543381686701e+00       9.024128846530e+00 
       1.544358251439e+00       9.010535457194e+00 
       1.545334816178e+00       8.996970005664e+00 
       1.546311380917e+00       8.983432426959e+00 
       1.547287945656e+00       8.969922741453e+00 
       1.548264510396e+00       8.956441036289e+00 
       1.549241075137e+00       8.942987433705e+00 
       1.550217639878e+00       8.929562049056e+00 
       1.551194204620e+00       8.916164967375e+00 
       1.552170769362e+00       8.902796191763e+00 
       1.553147334104e+00       8.889455644655e+00 
       1.554123898847e+00       8.876143164223e+00 
       1.555100463591e+00       8.862858520909e+00 
       1.556077028335e+00       8.849601449726e+00 
       1.557053593080e+00       8.836371685213e+00 
       1.558030157825e+00       8.823169001221e+00 
       1.559006722571e+00       8.809993237889e+00 
       1.559983287317e+00       8.796844320933e+00 
       1.560959852064e+00       8.783722259849e+00 
       1.561936416811e+00       8.770627131279e+00 
       1.562912981559e+00       8.757559051673e+00 
       1.563889546307e+00       8.744518139043e+00 
       1.564866111055e+00       8.731504478423e+00 
       1.565842675805e+00       8.718518090252e+00 
       1.566819240554e+00       8.705558912653e+00 
       1.567795805305e+00       8.692626802279e+00 
       1.568772370055e+00       8.679721545511e+00 
       1.569748934806e+00       8.666842891242e+00 
       1.570725499558e+00       8.653990580526e+00 
       1.571702064310e+00       8.641164388450e+00 
       1.572678629063e+00       8.628364150193e+00 
       1.573655193816e+00       8.615589780622e+00 
       1.574631758570e+00       8.602841277544e+00 
       1.575608323324e+00       8.590118708865e+00 
       1.576584888078e+00       8.577422183408e+00 
       1.577561452834e+00       8.564751819386e+00 
       1.578538017589e+00       8.552107706185e+00 
       1.579514582345e+00       8.539489875454e+00 
       1.580491147102e+00       8.526898281310e+00 
       1.581467711859e+00       8.514332797695e+00 
       1.582444276616e+00       8.501793228785e+00 
       1.583420841374e+00       8.489279335379e+00 
       1.584397406133e+00       8.476790866501e+00 
       1.585373970892e+00       8.464327597283e+00 
       1.586350535651e+00       8.451889358641e+00 
       1.587327100411e+00       8.439476058094e+00 
       1.998164315489e+00       4.848735469427e+00 
       2.515538910059e+00       2.761810797072e+00 
       3.166875857417e+00       1.561146525682e+00 
       3.986860492900e+00       8.763630533469e-01 
       5.019159987790e+00       4.888603744273e-01 
       6.318748054489e+00       2.711341217928e-01 
       7.954832496522e+00       1.495864473902e-01 
       1.001454077644e+01       8.212854399261e-02 
       1.260755987091e+01       4.489024040273e-02 
       1.587197750220e+01       2.443464043494e-02 
       1.998163581294e+01       1.324873785061e-02 
       2.515538909413e+01       7.157348843535e-03 
       3.166875857417e+01       3.853059890286e-03 
       3.986860492900e+01       2.067123640921e-03 
       5.019159987790e+01       1.105139031267e-03 
