# Matter power spectrum P(k) at redshift z=1
# for k=2.0993e-07 to 62.6841 h/Mpc,
# number of wavenumbers equal to 7340
#    1:k (h/Mpc)              2:P (Mpc/h)^3        
       2.099299829734e-07       3.968727509252e-01 
       8.567444079517e-07       1.544051109854e+00 
       1.503562880203e-06       2.658439521235e+00 
       2.150389777597e-06       3.756115215540e+00 
       2.797229478164e-06       4.842466399745e+00 
       3.444086360186e-06       5.920259662852e+00 
       4.090964802299e-06       6.991186129178e+00 
       4.737869183595e-06       8.056388264463e+00 
       5.384803883715e-06       9.116690352566e+00 
       6.031773282950e-06       1.017271562671e+01 
       6.678781762343e-06       1.122495217399e+01 
       7.325833703783e-06       1.227379287522e+01 
       7.972933490108e-06       1.331956102461e+01 
       8.620085505199e-06       1.436252751992e+01 
       9.267294134085e-06       1.540292282619e+01 
       9.914563763039e-06       1.644094555862e+01 
       1.056189877967e-05       1.747676879949e+01 
       1.120930357305e-05       1.851054485035e+01 
       1.185678253376e-05       1.954240887541e+01 
       1.250434005405e-05       2.057248174154e+01 
       1.315198052790e-05       2.160087226455e+01 
       1.379970835112e-05       2.262767900911e+01 
       1.444752792147e-05       2.365299174784e+01 
       1.509544363875e-05       2.467689265657e+01 
       1.574345990489e-05       2.569945730271e+01 
       1.639158112406e-05       2.672075546969e+01 
       1.703981170276e-05       2.774085184996e+01 
       1.768815604994e-05       2.875980663184e+01 
       1.833661857708e-05       2.977767599969e+01 
       1.898520369829e-05       3.079451256288e+01 
       1.963391583044e-05       3.181036572575e+01 
       2.028275939319e-05       3.282528200836e+01 
       2.093173880919e-05       3.383930532596e+01 
       2.158085850410e-05       3.485247723364e+01 
       2.223012290671e-05       3.586483714133e+01 
       2.287953644907e-05       3.687642250359e+01 
       2.352910356656e-05       3.788726898776e+01 
       2.417882869799e-05       3.889741062341e+01 
       2.482871628572e-05       3.990687993570e+01 
       2.547877077575e-05       4.091570806473e+01 
       2.612899661784e-05       4.192392487263e+01 
       2.677939826555e-05       4.293155903999e+01 
       2.742998017643e-05       4.393863815290e+01 
       2.808074681206e-05       4.494518878166e+01 
       2.873170263817e-05       4.595123655225e+01 
       2.938285212474e-05       4.695680621130e+01 
       3.003419974610e-05       4.796192168522e+01 
       3.068574998104e-05       4.896660613430e+01 
       3.133750731290e-05       4.997088200217e+01 
       3.198947622970e-05       5.097477106113e+01 
       3.264166122420e-05       5.197829445382e+01 
       3.329406679403e-05       5.298147273152e+01 
       3.394669744181e-05       5.398432588954e+01 
       3.459955767519e-05       5.498687339981e+01 
       3.525265200704e-05       5.598913424102e+01 
       3.590598495549e-05       5.699112692664e+01 
       3.655956104403e-05       5.799286953077e+01 
       3.721338480167e-05       5.899437971225e+01 
       3.786746076300e-05       5.999567473703e+01 
       3.852179346830e-05       6.099677149906e+01 
       3.917638746365e-05       6.199768653972e+01 
       3.983124730104e-05       6.299843606598e+01 
       4.048637753846e-05       6.399903596740e+01 
       4.114178274003e-05       6.499950183200e+01 
       4.179746747607e-05       6.599984896117e+01 
       4.245343632323e-05       6.700009238361e+01 
       4.310969386461e-05       6.800024686848e+01 
       4.376624468983e-05       6.900032693771e+01 
       4.442309339516e-05       7.000034687760e+01 
       4.508024458360e-05       7.100032074976e+01 
       4.573770286504e-05       7.200026240140e+01 
       4.639547285632e-05       7.300018547504e+01 
       4.705355918134e-05       7.400010341770e+01 
       4.771196647119e-05       7.500002948960e+01 
       4.837069936424e-05       7.599997677231e+01 
       4.902976250627e-05       7.699995817659e+01 
       4.968916055054e-05       7.799998644971e+01 
       5.034889815795e-05       7.900007418246e+01 
       5.100897999709e-05       8.000023381575e+01 
       5.166941074440e-05       8.100047764695e+01 
       5.233019508424e-05       8.200081783584e+01 
       5.299133770905e-05       8.300126641033e+01 
       5.365284331940e-05       8.400183527186e+01 
       5.431471662413e-05       8.500253620057e+01 
       5.497696234048e-05       8.600338086022e+01 
       5.563958519416e-05       8.700438080290e+01 
       5.630258991949e-05       8.800554747346e+01 
       5.696598125950e-05       8.900689221387e+01 
       5.762976396606e-05       9.000842626723e+01 
       5.829394279994e-05       9.101016078172e+01 
       5.895852253100e-05       9.201210681435e+01 
       5.962350793824e-05       9.301427533451e+01 
       6.028890380993e-05       9.401667722742e+01 
       6.095471494375e-05       9.501932329742e+01 
       6.162094614686e-05       9.602222427112e+01 
       6.228760223604e-05       9.702539080043e+01 
       6.295468803782e-05       9.802883346547e+01 
       6.362220838855e-05       9.903256277734e+01 
       6.429016813455e-05       1.000365891808e+02 
       6.495857213222e-05       1.010409230570e+02 
       6.562742524814e-05       1.020455747256e+02 
       6.629673235922e-05       1.030505544476e+02 
       6.696649835277e-05       1.040558724273e+02 
       6.763672812664e-05       1.050615388148e+02 
       6.830742658937e-05       1.060675637077e+02 
       6.897859866024e-05       1.070739571539e+02 
       6.965024926944e-05       1.080807291528e+02 
       7.032238335817e-05       1.090878896575e+02 
       7.099500587877e-05       1.100954485771e+02 
       7.166812179481e-05       1.111034157777e+02 
       7.234173608125e-05       1.121118010849e+02 
       7.301585372452e-05       1.131206142849e+02 
       7.369047972269e-05       1.141298651263e+02 
       7.436561908553e-05       1.151395633220e+02 
       7.504127683468e-05       1.161497185502e+02 
       7.571745800375e-05       1.171603404562e+02 
       7.639416763844e-05       1.181714386537e+02 
       7.707141079667e-05       1.191830227262e+02 
       7.774919254872e-05       1.201951022286e+02 
       7.842751797731e-05       1.212076866881e+02 
       7.910639217775e-05       1.222207856055e+02 
       7.978582025808e-05       1.232344084569e+02 
       8.046580733917e-05       1.242485646944e+02 
       8.114635855485e-05       1.252632637475e+02 
       8.182747905203e-05       1.262785150241e+02 
       8.250917399084e-05       1.272943279117e+02 
       8.319144854477e-05       1.283107117785e+02 
       8.387430790074e-05       1.293276759744e+02 
       8.455775725930e-05       1.303452298318e+02 
       8.524180183470e-05       1.313633826671e+02 
       8.592644685505e-05       1.323821437811e+02 
       8.661169756244e-05       1.334015224604e+02 
       8.729755921307e-05       1.344215279780e+02 
       8.798403707737e-05       1.354421695943e+02 
       8.867113644016e-05       1.364634565581e+02 
       8.935886260074e-05       1.374853981074e+02 
       9.004722087304e-05       1.385080034699e+02 
       9.073621658578e-05       1.395312818643e+02 
       9.142585508255e-05       1.405552425010e+02 
       9.211614172198e-05       1.415798945825e+02 
       9.280708187786e-05       1.426052473048e+02 
       9.349868093928e-05       1.436313098574e+02 
       9.419094431074e-05       1.446580914248e+02 
       9.488387741234e-05       1.456856011866e+02 
       9.557748567986e-05       1.467138483185e+02 
       9.627177456491e-05       1.477428419929e+02 
       9.696674953510e-05       1.487725913798e+02 
       9.766241607412e-05       1.498031056471e+02 
       9.835877968194e-05       1.508343939614e+02 
       9.905584587489e-05       1.518664654887e+02 
       9.975362018584e-05       1.528993293952e+02 
       1.004521081643e-04       1.539329948474e+02 
       1.011513153767e-04       1.549674710131e+02 
       1.018512474062e-04       1.560027670620e+02 
       1.025519098532e-04       1.570388921662e+02 
       1.032533083354e-04       1.580758555007e+02 
       1.039554484876e-04       1.591136662439e+02 
       1.046583359624e-04       1.601523335785e+02 
       1.053619764300e-04       1.611918666918e+02 
       1.060663755782e-04       1.622322747763e+02 
       1.067715391129e-04       1.632735670299e+02 
       1.074774727582e-04       1.643157526572e+02 
       1.081841822563e-04       1.653588408692e+02 
       1.088916733676e-04       1.664028408843e+02 
       1.095999518715e-04       1.674477619287e+02 
       1.103090235657e-04       1.684936132368e+02 
       1.110188942668e-04       1.695404040516e+02 
       1.117295698104e-04       1.705881436255e+02 
       1.124410560514e-04       1.716368412205e+02 
       1.131533588637e-04       1.726865061090e+02 
       1.138664841407e-04       1.737371475737e+02 
       1.145804377955e-04       1.747887749085e+02 
       1.152952257609e-04       1.758413974190e+02 
       1.160108539894e-04       1.768950244227e+02 
       1.167273284539e-04       1.779496652495e+02 
       1.174446551470e-04       1.790053292421e+02 
       1.181628400822e-04       1.800620257566e+02 
       1.188818892930e-04       1.811197641630e+02 
       1.196018088339e-04       1.821785538453e+02 
       1.203226047801e-04       1.832384042019e+02 
       1.210442832277e-04       1.842993246466e+02 
       1.217668502941e-04       1.853613246084e+02 
       1.224903121179e-04       1.864244135320e+02 
       1.232146748591e-04       1.874886008786e+02 
       1.239399446993e-04       1.885538961258e+02 
       1.246661278421e-04       1.896203087684e+02 
       1.253932305127e-04       1.906878483186e+02 
       1.261212589587e-04       1.917565243064e+02 
       1.268502194498e-04       1.928263462799e+02 
       1.275801182782e-04       1.938973238059e+02 
       1.283109617585e-04       1.949694664702e+02 
       1.290427562283e-04       1.960427838779e+02 
       1.297755080481e-04       1.971172856539e+02 
       1.305092236014e-04       1.981929814432e+02 
       1.312439092948e-04       1.992698809112e+02 
       1.319795715587e-04       2.003479937443e+02 
       1.327162168468e-04       2.014273296500e+02 
       1.334538516368e-04       2.025078983574e+02 
       1.341924824300e-04       2.035897096177e+02 
       1.349321157521e-04       2.046727732043e+02 
       1.356727581530e-04       2.057570989132e+02 
       1.364144162070e-04       2.068426965637e+02 
       1.371570965131e-04       2.079295759982e+02 
       1.379008056951e-04       2.090177470830e+02 
       1.386455504017e-04       2.101072197086e+02 
       1.393913373068e-04       2.111980037898e+02 
       1.401381731097e-04       2.122901092662e+02 
       1.408860645352e-04       2.133835461026e+02 
       1.416350183335e-04       2.144783242893e+02 
       1.423850412811e-04       2.155744538426e+02 
       1.431361401803e-04       2.166719448047e+02 
       1.438883218597e-04       2.177708072444e+02 
       1.446415931742e-04       2.188710512577e+02 
       1.453959610055e-04       2.199726869674e+02 
       1.461514322620e-04       2.210757245240e+02 
       1.469080138788e-04       2.221801741061e+02 
       1.476657128186e-04       2.232860459203e+02 
       1.484245360711e-04       2.243933502018e+02 
       1.491844906536e-04       2.255020972147e+02 
       1.499455836112e-04       2.266122972525e+02 
       1.507078220169e-04       2.277239606382e+02 
       1.514712129716e-04       2.288370977245e+02 
       1.522357636046e-04       2.299517188947e+02 
       1.530014810737e-04       2.310678345625e+02 
       1.537683725654e-04       2.321854551724e+02 
       1.545364452948e-04       2.333045912004e+02 
       1.553057065064e-04       2.344252531538e+02 
       1.560761634737e-04       2.355474515720e+02 
       1.568478234997e-04       2.366711970265e+02 
       1.576206939170e-04       2.377965001215e+02 
       1.583947820882e-04       2.389233714940e+02 
       1.591700954057e-04       2.400518218141e+02 
       1.599466412922e-04       2.411818617858e+02 
       1.607244272009e-04       2.423135021465e+02 
       1.615034606157e-04       2.434467536681e+02 
       1.622837490510e-04       2.445816271571e+02 
       1.630653000526e-04       2.457181334546e+02 
       1.638481211974e-04       2.468562834369e+02 
       1.646322200936e-04       2.479960880161e+02 
       1.654176043813e-04       2.491375581399e+02 
       1.662042817323e-04       2.502807047921e+02 
       1.669922598505e-04       2.514255389930e+02 
       1.677815464720e-04       2.525720718000e+02 
       1.685721493655e-04       2.537203143073e+02 
       1.693640763323e-04       2.548702776466e+02 
       1.701573352067e-04       2.560219729876e+02 
       1.709519338559e-04       2.571754115379e+02 
       1.717478801806e-04       2.583306045436e+02 
       1.725451821151e-04       2.594875632896e+02 
       1.733438476272e-04       2.606462990998e+02 
       1.741438847189e-04       2.618068233376e+02 
       1.749453014262e-04       2.629691474061e+02 
       1.757481058196e-04       2.641332827485e+02 
       1.765523060044e-04       2.652992408483e+02 
       1.773579101203e-04       2.664670332298e+02 
       1.781649263424e-04       2.676366714584e+02 
       1.789733628810e-04       2.688081671407e+02 
       1.797832279819e-04       2.699815319251e+02 
       1.805945299265e-04       2.711567775020e+02 
       1.814072770324e-04       2.723339156042e+02 
       1.822214776530e-04       2.735129580071e+02 
       1.830371401786e-04       2.746939165290e+02 
       1.838542730356e-04       2.758768030319e+02 
       1.846728846876e-04       2.770616294210e+02 
       1.854929836352e-04       2.782484076459e+02 
       1.863145784162e-04       2.794371497002e+02 
       1.871376776061e-04       2.806278676222e+02 
       1.879622898180e-04       2.818205734954e+02 
       1.887884237031e-04       2.830152794484e+02 
       1.896160879510e-04       2.842119976553e+02 
       1.904452912894e-04       2.854107403365e+02 
       1.912760424850e-04       2.866115197584e+02 
       1.921083503433e-04       2.878143482342e+02 
       1.929422237090e-04       2.890192381240e+02 
       1.937776714664e-04       2.902262018351e+02 
       1.946147025391e-04       2.914352518225e+02 
       1.954533258909e-04       2.926464005891e+02 
       1.962935505256e-04       2.938596606862e+02 
       1.971353854873e-04       2.950750447134e+02 
       1.979788398610e-04       2.962925653197e+02 
       1.988239227723e-04       2.975122352029e+02 
       1.996706433879e-04       2.987340671107e+02 
       2.005190109161e-04       2.999580738407e+02 
       2.013690346066e-04       3.011842682408e+02 
       2.022207237509e-04       3.024126632093e+02 
       2.030740876827e-04       3.036432716957e+02 
       2.039291357780e-04       3.048761067007e+02 
       2.047858774555e-04       3.061111812765e+02 
       2.056443221767e-04       3.073485085274e+02 
       2.065044794459e-04       3.085881016099e+02 
       2.073663588113e-04       3.098299737332e+02 
       2.082299698642e-04       3.110741381594e+02 
       2.090953222400e-04       3.123206082038e+02 
       2.099624256182e-04       3.135693972356e+02 
       2.108312897225e-04       3.148205186778e+02 
       2.117019243216e-04       3.160739860077e+02 
       2.125743392286e-04       3.173298127572e+02 
       2.134485443020e-04       3.185880125134e+02 
       2.143245494458e-04       3.198485989186e+02 
       2.152023646095e-04       3.211115856706e+02 
       2.160819997884e-04       3.223769865235e+02 
       2.169634650243e-04       3.236448152877e+02 
       2.178467704053e-04       3.249150858300e+02 
       2.187319260660e-04       3.261878120746e+02 
       2.196189421884e-04       3.274630080029e+02 
       2.205078290013e-04       3.287406876539e+02 
       2.213985967814e-04       3.300208651250e+02 
       2.222912558528e-04       3.313035545715e+02 
       2.231858165879e-04       3.325887702078e+02 
       2.240822894074e-04       3.338765263075e+02 
       2.249806847805e-04       3.351668372031e+02 
       2.258810132252e-04       3.364597172874e+02 
       2.267832853087e-04       3.377551810130e+02 
       2.276875116477e-04       3.390532428929e+02 
       2.285937029082e-04       3.403539175013e+02 
       2.295018698066e-04       3.416572194730e+02 
       2.304120231092e-04       3.429631635047e+02 
       2.313241736329e-04       3.442717643548e+02 
       2.322383322454e-04       3.455830368437e+02 
       2.331545098652e-04       3.468969958545e+02 
       2.340727174625e-04       3.482136563332e+02 
       2.349929660588e-04       3.495330332888e+02 
       2.359152667275e-04       3.508551417940e+02 
       2.368396305943e-04       3.521799969853e+02 
       2.377660688371e-04       3.535076140636e+02 
       2.386945926868e-04       3.548380082941e+02 
       2.396252134271e-04       3.561711950071e+02 
       2.405579423949e-04       3.575071895982e+02 
       2.414927909808e-04       3.588460075286e+02 
       2.424297706293e-04       3.601876643252e+02 
       2.433688928387e-04       3.615321755816e+02 
       2.443101691621e-04       3.628795569577e+02 
       2.452536112070e-04       3.642298241807e+02 
       2.461992306359e-04       3.655829930447e+02 
       2.471470391667e-04       3.669390794119e+02 
       2.480970485728e-04       3.682980992122e+02 
       2.490492706832e-04       3.696600684441e+02 
       2.500037173834e-04       3.710250031747e+02 
       2.509604006149e-04       3.723929195399e+02 
       2.519193323762e-04       3.737638337455e+02 
       2.528805247226e-04       3.751377620665e+02 
       2.538439897667e-04       3.765147208483e+02 
       2.548097396787e-04       3.778947265065e+02 
       2.557777866866e-04       3.792777955275e+02 
       2.567481430765e-04       3.806639444690e+02 
       2.577208211930e-04       3.820531899597e+02 
       2.586958334392e-04       3.834455487004e+02 
       2.596731922775e-04       3.848410374639e+02 
       2.606529102294e-04       3.862396730953e+02 
       2.616349998759e-04       3.876414725127e+02 
       2.626194738581e-04       3.890464527071e+02 
       2.636063448771e-04       3.904546307430e+02 
       2.645956256944e-04       3.918660237587e+02 
       2.655873291324e-04       3.932806489667e+02 
       2.665814680744e-04       3.946985236538e+02 
       2.675780554652e-04       3.961196651815e+02 
       2.685771043108e-04       3.975440909865e+02 
       2.695786276797e-04       3.989718185810e+02 
       2.705826387020e-04       4.004028655529e+02 
       2.715891505707e-04       4.018372495661e+02 
       2.725981765414e-04       4.032749883610e+02 
       2.736097299328e-04       4.047160997547e+02 
       2.746238241269e-04       4.061606016413e+02 
       2.756404725695e-04       4.076085119924e+02 
       2.766596887701e-04       4.090598488573e+02 
       2.776814863026e-04       4.105146303631e+02 
       2.787058788054e-04       4.119728747155e+02 
       2.797328799816e-04       4.134346001988e+02 
       2.807625035996e-04       4.148998251762e+02 
       2.817947634930e-04       4.163685680901e+02 
       2.828296735610e-04       4.178408474626e+02 
       2.838672477690e-04       4.193166818958e+02 
       2.849075001485e-04       4.207960900720e+02 
       2.859504447976e-04       4.222790907537e+02 
       2.869960958811e-04       4.237657027846e+02 
       2.880444676309e-04       4.252559450894e+02 
       2.890955743465e-04       4.267498366741e+02 
       2.901494303949e-04       4.282473966267e+02 
       2.912060502110e-04       4.297486441170e+02 
       2.922654482982e-04       4.312535983972e+02 
       2.933276392281e-04       4.327622788021e+02 
       2.943926376413e-04       4.342747047493e+02 
       2.954604582474e-04       4.357908957398e+02 
       2.965311158255e-04       4.373108713580e+02 
       2.976046252241e-04       4.388346512719e+02 
       2.986810013619e-04       4.403622552337e+02 
       2.997602592275e-04       4.418937030798e+02 
       3.008424138801e-04       4.434290147314e+02 
       3.019274804498e-04       4.449682101944e+02 
       3.030154741375e-04       4.465113095597e+02 
       3.041064102154e-04       4.480583330039e+02 
       3.052003040274e-04       4.496093007889e+02 
       3.062971709891e-04       4.511642332630e+02 
       3.073970265882e-04       4.527231508601e+02 
       3.084998863848e-04       4.542860741010e+02 
       3.096057660117e-04       4.558530235930e+02 
       3.107146811744e-04       4.574240200303e+02 
       3.118266476517e-04       4.589990841942e+02 
       3.129416812958e-04       4.605782369536e+02 
       3.140597980324e-04       4.621614992650e+02 
       3.151810138613e-04       4.637488921726e+02 
       3.163053448564e-04       4.653404368089e+02 
       3.174328071661e-04       4.669361543947e+02 
       3.185634170134e-04       4.685360662392e+02 
       3.196971906962e-04       4.701401937405e+02 
       3.208341445876e-04       4.717485583858e+02 
       3.219742951362e-04       4.733611817511e+02 
       3.231176588661e-04       4.749780855023e+02 
       3.242642523775e-04       4.765992913943e+02 
       3.254140923466e-04       4.782248212724e+02 
       3.265671955259e-04       4.798546970714e+02 
       3.277235787446e-04       4.814889408164e+02 
       3.288832589087e-04       4.831275746229e+02 
       3.300462530014e-04       4.847706206970e+02 
       3.312125780828e-04       4.864181013351e+02 
       3.323822512909e-04       4.880700389248e+02 
       3.335552898413e-04       4.897264559447e+02 
       3.347317110274e-04       4.913873749642e+02 
       3.359115322208e-04       4.930528186445e+02 
       3.370947708716e-04       4.947228097378e+02 
       3.382814445083e-04       4.963973710881e+02 
       3.394715707382e-04       4.980765256312e+02 
       3.406651672477e-04       4.997602963944e+02 
       3.418622518020e-04       5.014487064974e+02 
       3.430628422460e-04       5.031417791516e+02 
       3.442669565041e-04       5.048395376607e+02 
       3.454746125802e-04       5.065420054208e+02 
       3.466858285584e-04       5.082492059200e+02 
       3.479006226026e-04       5.099611627393e+02 
       3.491190129571e-04       5.116778995518e+02 
       3.503410179467e-04       5.133994401235e+02 
       3.515666559767e-04       5.151258083130e+02 
       3.527959455330e-04       5.168570280715e+02 
       3.540289051827e-04       5.185931234430e+02 
       3.552655535738e-04       5.203341185644e+02 
       3.565059094355e-04       5.220800376654e+02 
       3.577499915783e-04       5.238309050686e+02 
       3.589978188944e-04       5.255867451892e+02 
       3.602494103575e-04       5.273475825358e+02 
       3.615047850229e-04       5.291134417095e+02 
       3.627639620279e-04       5.308843474045e+02 
       3.640269605920e-04       5.326603244076e+02 
       3.652938000165e-04       5.344413975989e+02 
       3.665644996849e-04       5.362275919509e+02 
       3.678390790633e-04       5.380189325292e+02 
       3.691175577001e-04       5.398154444917e+02 
       3.703999552260e-04       5.416171530895e+02 
       3.716862913545e-04       5.434240836659e+02 
       3.729765858818e-04       5.452362616569e+02 
       3.742708586867e-04       5.470537125909e+02 
       3.755691297309e-04       5.488764620879e+02 
       3.768714190590e-04       5.507045358621e+02 
       3.781777467984e-04       5.525379597178e+02 
       3.794881331596e-04       5.543767595521e+02 
       3.808025984360e-04       5.562209613537e+02 
       3.821211630042e-04       5.580705912033e+02 
       3.834438473239e-04       5.599256752727e+02 
       3.847706719377e-04       5.617862398253e+02 
       3.861016574714e-04       5.636523112157e+02 
       3.874368246341e-04       5.655239158892e+02 
       3.887761942179e-04       5.674010803822e+02 
       3.901197870980e-04       5.692838313213e+02 
       3.914676242326e-04       5.711721954236e+02 
       3.928197266632e-04       5.730661994962e+02 
       3.941761155144e-04       5.749658704360e+02 
       3.955368119934e-04       5.768712352295e+02 
       3.969018373909e-04       5.787823209523e+02 
       3.982712130801e-04       5.806991547691e+02 
       3.996449605174e-04       5.826217639332e+02 
       4.010231012416e-04       5.845501757862e+02 
       4.024056568745e-04       5.864844177578e+02 
       4.037926491204e-04       5.884245173652e+02 
       4.051840997662e-04       5.903705022130e+02 
       4.065800306811e-04       5.923223999928e+02 
       4.079804638166e-04       5.942802384824e+02 
       4.093854212064e-04       5.962440455461e+02 
       4.107949249663e-04       5.982138491337e+02 
       4.122089972940e-04       6.001896772803e+02 
       4.136276604687e-04       6.021715581058e+02 
       4.150509368515e-04       6.041595198145e+02 
       4.164788488848e-04       6.061535906947e+02 
       4.179114190920e-04       6.081537991175e+02 
       4.193486700779e-04       6.101601735380e+02 
       4.207906245278e-04       6.121727424928e+02 
       4.222373052078e-04       6.141915346006e+02 
       4.236887349642e-04       6.162165785611e+02 
       4.251449367237e-04       6.182479031550e+02 
       4.266059334928e-04       6.202855372430e+02 
       4.280717483574e-04       6.223295097652e+02 
       4.295424044832e-04       6.243798497406e+02 
       4.310179251146e-04       6.264365862667e+02 
       4.324983335751e-04       6.284997485181e+02 
       4.339836532664e-04       6.305693657466e+02 
       4.354739076687e-04       6.326454672801e+02 
       4.369691203397e-04       6.347280825220e+02 
       4.384693149150e-04       6.368172409506e+02 
       4.399745151070e-04       6.389129721179e+02 
       4.414847447050e-04       6.410153056495e+02 
       4.430000275749e-04       6.431242712431e+02 
       4.445203876583e-04       6.452398986683e+02 
       4.460458489726e-04       6.473622177654e+02 
       4.475764356105e-04       6.494912584448e+02 
       4.491121717392e-04       6.516270506860e+02 
       4.506530816004e-04       6.537696245366e+02 
       4.521991895096e-04       6.559190101117e+02 
       4.537505198559e-04       6.580752375927e+02 
       4.553070971009e-04       6.602383372266e+02 
       4.568689457789e-04       6.624083393247e+02 
       4.584360904961e-04       6.645852742622e+02 
       4.600085559300e-04       6.667691724764e+02 
       4.615863668289e-04       6.689600644663e+02 
       4.631695480114e-04       6.711579807913e+02 
       4.647581243658e-04       6.733629520703e+02 
       4.663521208494e-04       6.755750089804e+02 
       4.679515624883e-04       6.777941822559e+02 
       4.695564743762e-04       6.800205026870e+02 
       4.711668816741e-04       6.822540011190e+02 
       4.727828096098e-04       6.844947084508e+02 
       4.744042834768e-04       6.867426556339e+02 
       4.760313286340e-04       6.889978736710e+02 
       4.776639705049e-04       6.912603936148e+02 
       4.793022345767e-04       6.935302465670e+02 
       4.809461463999e-04       6.958074636766e+02 
       4.825957315873e-04       6.980920761387e+02 
       4.842510158134e-04       7.003841151934e+02 
       4.859120248133e-04       7.026836121242e+02 
       4.875787843826e-04       7.049905982567e+02 
       4.892513203756e-04       7.073051049571e+02 
       4.909296587054e-04       7.096271636309e+02 
       4.926138253425e-04       7.119568057214e+02 
       4.943038463142e-04       7.142940627081e+02 
       4.959997477035e-04       7.166389661054e+02 
       4.977015556485e-04       7.189915474610e+02 
       4.994092963409e-04       7.213518383541e+02 
       5.011229960260e-04       7.237198703941e+02 
       5.028426810008e-04       7.260956752191e+02 
       5.045683776137e-04       7.284792844939e+02 
       5.063001122631e-04       7.308707299086e+02 
       5.080379113967e-04       7.332700431767e+02 
       5.097818015101e-04       7.356772560338e+02 
       5.115318091461e-04       7.380924002356e+02 
       5.132879608937e-04       7.405155075558e+02 
       5.150502833865e-04       7.429466097850e+02 
       5.168188033021e-04       7.453857387283e+02 
       5.185935473609e-04       7.478329262034e+02 
       5.203745423247e-04       7.502882040401e+02 
       5.221618149958e-04       7.527516040775e+02 
       5.239553922158e-04       7.552231581609e+02 
       5.257553008643e-04       7.577028981411e+02 
       5.275615678577e-04       7.601908558725e+02 
       5.293742201479e-04       7.626870632108e+02 
       5.311932847214e-04       7.651915520112e+02 
       5.330187885975e-04       7.677043541262e+02 
       5.348507588276e-04       7.702255014033e+02 
       5.366892224931e-04       7.727550256834e+02 
       5.385342067049e-04       7.752929587983e+02 
       5.403857386015e-04       7.778393325687e+02 
       5.422438453478e-04       7.803941788020e+02 
       5.441085541339e-04       7.829575292902e+02 
       5.459798921733e-04       7.855294158074e+02 
       5.478578867016e-04       7.881098701078e+02 
       5.497425649753e-04       7.906989239234e+02 
       5.516339542699e-04       7.932966089614e+02 
       5.535320818790e-04       7.959029569025e+02 
       5.554369751120e-04       7.985179993977e+02 
       5.573486612934e-04       8.011417680666e+02 
       5.592671677604e-04       8.037742944948e+02 
       5.611925218622e-04       8.064156102314e+02 
       5.631247509578e-04       8.090657467863e+02 
       5.650638824144e-04       8.117247356282e+02 
       5.670099436061e-04       8.143926081819e+02 
       5.689629619120e-04       8.170693958256e+02 
       5.709229647148e-04       8.197551298884e+02 
       5.728899793986e-04       8.224498416479e+02 
       5.748640333477e-04       8.251535623273e+02 
       5.768451539446e-04       8.278663230931e+02 
       5.788333685682e-04       8.305881550521e+02 
       5.808287045923e-04       8.333190892489e+02 
       5.828311893836e-04       8.360591566632e+02 
       5.848408502998e-04       8.388083882070e+02 
       5.868577146881e-04       8.415668147218e+02 
       5.888818098829e-04       8.443344669759e+02 
       5.909131632045e-04       8.471113756616e+02 
       5.929518019566e-04       8.498975713924e+02 
       5.949977534247e-04       8.526930846998e+02 
       5.970510448744e-04       8.554979460311e+02 
       5.991117035489e-04       8.583121857458e+02 
       6.011797566676e-04       8.611358341131e+02 
       6.032552314236e-04       8.639689213090e+02 
       6.053381549822e-04       8.668114774129e+02 
       6.074285544784e-04       8.696635324051e+02 
       6.095264570153e-04       8.725251161635e+02 
       6.116318896617e-04       8.753962584607e+02 
       6.137448794503e-04       8.782769889610e+02 
       6.158654533753e-04       8.811673372170e+02 
       6.179936383907e-04       8.840673326671e+02 
       6.201294614078e-04       8.869770046319e+02 
       6.222729492931e-04       8.898963823112e+02 
       6.244241288664e-04       8.928254947809e+02 
       6.265830268984e-04       8.957643709898e+02 
       6.287496701086e-04       8.987130397568e+02 
       6.309240851632e-04       9.016715297670e+02 
       6.331062986724e-04       9.046398695679e+02 
       6.352963371887e-04       9.076180875698e+02 
       6.374942272047e-04       9.106062120375e+02 
       6.396999951500e-04       9.136042710902e+02 
       6.419136673901e-04       9.166122926973e+02 
       6.441352702232e-04       9.196303046756e+02 
       6.463648298780e-04       9.226583346851e+02 
       6.486023725121e-04       9.256964102267e+02 
       6.508479242086e-04       9.287445586383e+02 
       6.531015109745e-04       9.318028070915e+02 
       6.553631587382e-04       9.348711825883e+02 
       6.576328933468e-04       9.379497119578e+02 
       6.599107405642e-04       9.410384218530e+02 
       6.621967260683e-04       9.441373387469e+02 
       6.644908754487e-04       9.472464889294e+02 
       6.667932142043e-04       9.503658985043e+02 
       6.691037677411e-04       9.534955933851e+02 
       6.714225613693e-04       9.566355992923e+02 
       6.737496203011e-04       9.597859417493e+02 
       6.760849696485e-04       9.629466460798e+02 
       6.784286344201e-04       9.661177374036e+02 
       6.807806395195e-04       9.692992406335e+02 
       6.831410097422e-04       9.724911804720e+02 
       6.855097697732e-04       9.756935814075e+02 
       6.878869441849e-04       9.789064677113e+02 
       6.902725574339e-04       9.821298634337e+02 
       6.926666338592e-04       9.853637924007e+02 
       6.950691976793e-04       9.886082782108e+02 
       6.974802729895e-04       9.918633442312e+02 
       6.998998837600e-04       9.951290135946e+02 
       7.023280538326e-04       9.984053091955e+02 
       7.047648069188e-04       1.001692253684e+03 
       7.072101665969e-04       1.004989869474e+03 
       7.096641563095e-04       1.008298178723e+03 
       7.121267993613e-04       1.011617203339e+03 
       7.145981189159e-04       1.014946964974e+03 
       7.170781379940e-04       1.018287485023e+03 
       7.195668794701e-04       1.021638784619e+03 
       7.220643660707e-04       1.025000884627e+03 
       7.245706203712e-04       1.028373805646e+03 
       7.270856647936e-04       1.031757568002e+03 
       7.296095216040e-04       1.035152191745e+03 
       7.321422129098e-04       1.038557696646e+03 
       7.346837606576e-04       1.041974102194e+03 
       7.372341866303e-04       1.045401427593e+03 
       7.397935124445e-04       1.048839691756e+03 
       7.423617595485e-04       1.052288913308e+03 
       7.449389492193e-04       1.055749110573e+03 
       7.475251025602e-04       1.059220301581e+03 
       7.501202404985e-04       1.062702504057e+03 
       7.527243837826e-04       1.066195735422e+03 
       7.553375529800e-04       1.069700012789e+03 
       7.579597684746e-04       1.073215352957e+03 
       7.605910504640e-04       1.076741772414e+03 
       7.632314189575e-04       1.080279287327e+03 
       7.658808937732e-04       1.083827913543e+03 
       7.685394945360e-04       1.087387666584e+03 
       7.712072406748e-04       1.090958561647e+03 
       7.738841514204e-04       1.094540613596e+03 
       7.765702458027e-04       1.098133836963e+03 
       7.792655426488e-04       1.101738245944e+03 
       7.819700605803e-04       1.105353854396e+03 
       7.846838180111e-04       1.108980675832e+03 
       7.874068331448e-04       1.112618723422e+03 
       7.901391239730e-04       1.116268009988e+03 
       7.928807082721e-04       1.119928547998e+03 
       7.956316036018e-04       1.123600349571e+03 
       7.983918273024e-04       1.127283426468e+03 
       8.011613964928e-04       1.130977790088e+03 
       8.039403280680e-04       1.134683451473e+03 
       8.067286386972e-04       1.138400421297e+03 
       8.095263448213e-04       1.142128709868e+03 
       8.123334626510e-04       1.145868327126e+03 
       8.151500081645e-04       1.149619282636e+03 
       8.179759971053e-04       1.153381585591e+03 
       8.208114449806e-04       1.157155244804e+03 
       8.236563670585e-04       1.160940268712e+03 
       8.265107783664e-04       1.164736665366e+03 
       8.293746936890e-04       1.168544442436e+03 
       8.322481275662e-04       1.172363607205e+03 
       8.351310942910e-04       1.176194166565e+03 
       8.380236079078e-04       1.180036127019e+03 
       8.409256822103e-04       1.183889494676e+03 
       8.438373307397e-04       1.187754275251e+03 
       8.467585667831e-04       1.191630474060e+03 
       8.496894033709e-04       1.195518096020e+03 
       8.526298532761e-04       1.199417145649e+03 
       8.555799290116e-04       1.203327627058e+03 
       8.585396428288e-04       1.207249543956e+03 
       8.615090067163e-04       1.211182899643e+03 
       8.644880323974e-04       1.215127697014e+03 
       8.674767313294e-04       1.219083938549e+03 
       8.704751147010e-04       1.223051626320e+03 
       8.734831934318e-04       1.227030761982e+03 
       8.765009781699e-04       1.231021346777e+03 
       8.795284792908e-04       1.235023381531e+03 
       8.825657068961e-04       1.239036866650e+03 
       8.856126708115e-04       1.243061802124e+03 
       8.886693805861e-04       1.247098187520e+03 
       8.917358454906e-04       1.251146021985e+03 
       8.948120745160e-04       1.255205304239e+03 
       8.978980763727e-04       1.259276032580e+03 
       9.009938594887e-04       1.263358204883e+03 
       9.040994320091e-04       1.267451818593e+03 
       9.072148017941e-04       1.271556870730e+03 
       9.103399764187e-04       1.275673357885e+03 
       9.134749631712e-04       1.279801276222e+03 
       9.166197690520e-04       1.283940621471e+03 
       9.197744007732e-04       1.288091388936e+03 
       9.229388647570e-04       1.292253573488e+03 
       9.261131671352e-04       1.296427169565e+03 
       9.292973137481e-04       1.300612171175e+03 
       9.324913101438e-04       1.304808571893e+03 
       9.356951615776e-04       1.309016364859e+03 
       9.389088730106e-04       1.313235542783e+03 
       9.421324491099e-04       1.317466097937e+03 
       9.453658942473e-04       1.321708022163e+03 
       9.486092124987e-04       1.325961306867e+03 
       9.518624076440e-04       1.330225943021e+03 
       9.551254831661e-04       1.334501921163e+03 
       9.583984422507e-04       1.338789231398e+03 
       9.616812877857e-04       1.343087863394e+03 
       9.649740223608e-04       1.347397806390e+03 
       9.682766482673e-04       1.351719049187e+03 
       9.715891674978e-04       1.356051580155e+03 
       9.749115817457e-04       1.360395387230e+03 
       9.782438924052e-04       1.364750457917e+03 
       9.815861005711e-04       1.369116779288e+03 
       9.849382070387e-04       1.373494337983e+03 
       9.883002123035e-04       1.377883120214e+03 
       9.916721165615e-04       1.382283111758e+03 
       9.950539197089e-04       1.386694297968e+03 
       9.984456213426e-04       1.391116663766e+03 
       1.001847220760e-03       1.395550193645e+03 
       1.005258716958e-03       1.399994871674e+03 
       1.008680108636e-03       1.404450681495e+03 
       1.012111394194e-03       1.408917606325e+03 
       1.015552571732e-03       1.413395628959e+03 
       1.019003639054e-03       1.417884731768e+03 
       1.022464593665e-03       1.422384896703e+03 
       1.025935432771e-03       1.426896105294e+03 
       1.029416153283e-03       1.431418338656e+03 
       1.032906751815e-03       1.435951577483e+03 
       1.036407224685e-03       1.440495802056e+03 
       1.039917567914e-03       1.445050992241e+03 
       1.043437777230e-03       1.449617127493e+03 
       1.046967848067e-03       1.454194186855e+03 
       1.050507775564e-03       1.458782148963e+03 
       1.054057554568e-03       1.463380992043e+03 
       1.057617179636e-03       1.467990693920e+03 
       1.061186645031e-03       1.472611232012e+03 
       1.064765944728e-03       1.477242583337e+03 
       1.068355072412e-03       1.481884724506e+03 
       1.071954021481e-03       1.486537631758e+03 
       1.075562785043e-03       1.491201280909e+03 
       1.079181355924e-03       1.495875647395e+03 
       1.082809726661e-03       1.500560706257e+03 
       1.086447889510e-03       1.505256432150e+03 
       1.090095836443e-03       1.509962799344e+03 
       1.093753559150e-03       1.514679781723e+03 
       1.097421049043e-03       1.519407352790e+03 
       1.101098297252e-03       1.524145485671e+03 
       1.104785294631e-03       1.528894153115e+03 
       1.108482031759e-03       1.533653327495e+03 
       1.112188498938e-03       1.538422980816e+03 
       1.115904686197e-03       1.543203084716e+03 
       1.119630583294e-03       1.547993610465e+03 
       1.123366179717e-03       1.552794528970e+03 
       1.127111464684e-03       1.557605810779e+03 
       1.130866427145e-03       1.562427426083e+03 
       1.134631055786e-03       1.567259344718e+03 
       1.138405339028e-03       1.572101536175e+03 
       1.142189265031e-03       1.576953969581e+03 
       1.145982821693e-03       1.581816613734e+03 
       1.149785996654e-03       1.586689437082e+03 
       1.153598777296e-03       1.591572407736e+03 
       1.157421150746e-03       1.596465493459e+03 
       1.161253103879e-03       1.601368661720e+03 
       1.165094623316e-03       1.606281879617e+03 
       1.168945695431e-03       1.611205113937e+03 
       1.172806306348e-03       1.616138331146e+03 
       1.176676441946e-03       1.621081497386e+03 
       1.180556087861e-03       1.626034578487e+03 
       1.184445229487e-03       1.630997539964e+03 
       1.188343851977e-03       1.635970347022e+03 
       1.192251940248e-03       1.640952964561e+03 
       1.196169478980e-03       1.645945357180e+03 
       1.200096452620e-03       1.650947489176e+03 
       1.204032845385e-03       1.655959324553e+03 
       1.207978641260e-03       1.660980827022e+03 
       1.211933824006e-03       1.666011960006e+03 
       1.215898377157e-03       1.671052686643e+03 
       1.219872284025e-03       1.676102969792e+03 
       1.223855527702e-03       1.681162772031e+03 
       1.227848091062e-03       1.686232055667e+03 
       1.231849956764e-03       1.691310782736e+03 
       1.235861107250e-03       1.696398915009e+03 
       1.239881524756e-03       1.701496413992e+03 
       1.243911191304e-03       1.706603240935e+03 
       1.247950088713e-03       1.711719356830e+03 
       1.251998198597e-03       1.716844722422e+03 
       1.256055502367e-03       1.721979298203e+03 
       1.260121981236e-03       1.727123044426e+03 
       1.264197616221e-03       1.732275921103e+03 
       1.268282388141e-03       1.737437888009e+03 
       1.272376277626e-03       1.742608904688e+03 
       1.276479265115e-03       1.747788930455e+03 
       1.280591330860e-03       1.752977924400e+03 
       1.284712454930e-03       1.758175845396e+03 
       1.288842617208e-03       1.763382652096e+03 
       1.292981797400e-03       1.768598302940e+03 
       1.297129975034e-03       1.773822756162e+03 
       1.301287129463e-03       1.779055969790e+03 
       1.305453239869e-03       1.784297901650e+03 
       1.309628285263e-03       1.789548509372e+03 
       1.313812244489e-03       1.794807750392e+03 
       1.318005096225e-03       1.800075581958e+03 
       1.322206818989e-03       1.805351961133e+03 
       1.326417391139e-03       1.810636844796e+03 
       1.330636790875e-03       1.815930189652e+03 
       1.334864996243e-03       1.821231952231e+03 
       1.339101985137e-03       1.826542088892e+03 
       1.343347735301e-03       1.831860555830e+03 
       1.347602224332e-03       1.837187309079e+03 
       1.351865429685e-03       1.842522304513e+03 
       1.356137328669e-03       1.847865497854e+03 
       1.360417898457e-03       1.853216844672e+03 
       1.364707116085e-03       1.858576300392e+03 
       1.369004958454e-03       1.863943820297e+03 
       1.373311402333e-03       1.869319359532e+03 
       1.377626424362e-03       1.874702873105e+03 
       1.381950001057e-03       1.880094315896e+03 
       1.386282108805e-03       1.885493642657e+03 
       1.390622723877e-03       1.890900808017e+03 
       1.394971822422e-03       1.896315766485e+03 
       1.399329380472e-03       1.901738472456e+03 
       1.403695373947e-03       1.907168880214e+03 
       1.408069778655e-03       1.912606943932e+03 
       1.412452570295e-03       1.918052617682e+03 
       1.416843724458e-03       1.923505855435e+03 
       1.421243216634e-03       1.928966611064e+03 
       1.425651022210e-03       1.934434838352e+03 
       1.430067116474e-03       1.939910490989e+03 
       1.434491474617e-03       1.945393522582e+03 
       1.438924071738e-03       1.950883886657e+03 
       1.443364882841e-03       1.956381536659e+03 
       1.447813882844e-03       1.961886425962e+03 
       1.452271046578e-03       1.967398507865e+03 
       1.456736348787e-03       1.972917735605e+03 
       1.461209764135e-03       1.978444062342e+03 
       1.465691267207e-03       1.983977441194e+03 
       1.470180832510e-03       1.989517825219e+03 
       1.474678434475e-03       1.995065167413e+03 
       1.479184047464e-03       2.000619420724e+03 
       1.483697645764e-03       2.006180538058e+03 
       1.488219203598e-03       2.011748472275e+03 
       1.492748695123e-03       2.017323176196e+03 
       1.497286094431e-03       2.022904602609e+03 
       1.501831375555e-03       2.028492704265e+03 
       1.506384512468e-03       2.034087433888e+03 
       1.510945479087e-03       2.039688744176e+03 
       1.515514249275e-03       2.045296587805e+03 
       1.520090796844e-03       2.050910917428e+03 
       1.524675095555e-03       2.056531685686e+03 
       1.529267119121e-03       2.062158845204e+03 
       1.533866841210e-03       2.067792348600e+03 
       1.538474235449e-03       2.073432148481e+03 
       1.543089275421e-03       2.079078197454e+03 
       1.547711934671e-03       2.084730448125e+03 
       1.552342186707e-03       2.090388853100e+03 
       1.556980005004e-03       2.096053364994e+03 
       1.561625363001e-03       2.101723936428e+03 
       1.566278234110e-03       2.107400520037e+03 
       1.570938591711e-03       2.113083068467e+03 
       1.575606409159e-03       2.118771534384e+03 
       1.580281659786e-03       2.124465870475e+03 
       1.584964316899e-03       2.130166029447e+03 
       1.589654353784e-03       2.135871964036e+03 
       1.594351743711e-03       2.141583627005e+03 
       1.599056459931e-03       2.147300971149e+03 
       1.603768475681e-03       2.153023949297e+03 
       1.608487764185e-03       2.158752514315e+03 
       1.613214298655e-03       2.164486619104e+03 
       1.617948052294e-03       2.170226216605e+03 
       1.622688998299e-03       2.175971259839e+03 
       1.627437109860e-03       2.181721701831e+03 
       1.632192360163e-03       2.187477495669e+03 
       1.636954722392e-03       2.193238594499e+03 
       1.641724169732e-03       2.199004951516e+03 
       1.646500675367e-03       2.204776519977e+03 
       1.651284212486e-03       2.210553253196e+03 
       1.656074754283e-03       2.216335104550e+03 
       1.660872273956e-03       2.222122027480e+03 
       1.665676744715e-03       2.227913975500e+03 
       1.670488139775e-03       2.233710902167e+03 
       1.675306432366e-03       2.239512761158e+03 
       1.680131595730e-03       2.245319506182e+03 
       1.684963603122e-03       2.251131091039e+03 
       1.689802427816e-03       2.256947469605e+03 
       1.694648043100e-03       2.262768595836e+03 
       1.699500422284e-03       2.268594423771e+03 
       1.704359538697e-03       2.274424907532e+03 
       1.709225365690e-03       2.280260001328e+03 
       1.714097876639e-03       2.286099659456e+03 
       1.718977044944e-03       2.291943836304e+03 
       1.723862844029e-03       2.297792486350e+03 
       1.728755247350e-03       2.303645564168e+03 
       1.733654228389e-03       2.309503024426e+03 
       1.738559760660e-03       2.315364821893e+03 
       1.743471817707e-03       2.321230911433e+03 
       1.748390373108e-03       2.327101248014e+03 
       1.753315400477e-03       2.332975786707e+03 
       1.758246873461e-03       2.338854482687e+03 
       1.763184765745e-03       2.344737291235e+03 
       1.768129051052e-03       2.350624167741e+03 
       1.773079703144e-03       2.356515067703e+03 
       1.778036695824e-03       2.362409946731e+03 
       1.783000002937e-03       2.368308760548e+03 
       1.787969598369e-03       2.374211464991e+03 
       1.792945456053e-03       2.380118016014e+03 
       1.797927549963e-03       2.386028369684e+03 
       1.802915854123e-03       2.391942482191e+03 
       1.807910342602e-03       2.397860309844e+03 
       1.812910989518e-03       2.403781809071e+03 
       1.817917769038e-03       2.409706936424e+03 
       1.822930655380e-03       2.415635648598e+03 
       1.827949622813e-03       2.421567902296e+03 
       1.832974645658e-03       2.427503654592e+03 
       1.838005698289e-03       2.433442862472e+03 
       1.843042755135e-03       2.439385483124e+03 
       1.848085790681e-03       2.445331473863e+03 
       1.853134779466e-03       2.451280792135e+03 
       1.858189696087e-03       2.457233395516e+03 
       1.863250515200e-03       2.463189241719e+03 
       1.868317211517e-03       2.469148288589e+03 
       1.873389759811e-03       2.475110494107e+03 
       1.878468134918e-03       2.481075816391e+03 
       1.883552311730e-03       2.487044213694e+03 
       1.888642265205e-03       2.493015644409e+03 
       1.893737970362e-03       2.498990067070e+03 
       1.898839402284e-03       2.504967440348e+03 
       1.903946536118e-03       2.510947723056e+03 
       1.909059347077e-03       2.516930874149e+03 
       1.914177810437e-03       2.522916852725e+03 
       1.919301901545e-03       2.528905618025e+03 
       1.924431595809e-03       2.534897129432e+03 
       1.929566868711e-03       2.540891346478e+03 
       1.934707695796e-03       2.546888228837e+03 
       1.939854052681e-03       2.552887736331e+03 
       1.945005915052e-03       2.558889828928e+03 
       1.950163258665e-03       2.564894466745e+03 
       1.955326059347e-03       2.570901610045e+03 
       1.960494292995e-03       2.576911219242e+03 
       1.965667935581e-03       2.582923254897e+03 
       1.970846963146e-03       2.588937677723e+03 
       1.976031351806e-03       2.594954448583e+03 
       1.981221077750e-03       2.600973528488e+03 
       1.986416117240e-03       2.606994878605e+03 
       1.991616446615e-03       2.613018460249e+03 
       1.996822042285e-03       2.619044234889e+03 
       2.002032880739e-03       2.625072164147e+03 
       2.007248938541e-03       2.631102209797e+03 
       2.012470192329e-03       2.637134333768e+03 
       2.017696618820e-03       2.643168498141e+03 
       2.022928194807e-03       2.649204665152e+03 
       2.028164897162e-03       2.655242797191e+03 
       2.033406702833e-03       2.661282856804e+03 
       2.038653588845e-03       2.667324806691e+03 
       2.043905532306e-03       2.673368609708e+03 
       2.049162510399e-03       2.679414228865e+03 
       2.054424500387e-03       2.685461627331e+03 
       2.059691479613e-03       2.691510768427e+03 
       2.064963425500e-03       2.697561615633e+03 
       2.070240315550e-03       2.703614132585e+03 
       2.075522127347e-03       2.709668283075e+03 
       2.080808838555e-03       2.715724031052e+03 
       2.086100426918e-03       2.721781340621e+03 
       2.091396870262e-03       2.727840176045e+03 
       2.096698146494e-03       2.733900501745e+03 
       2.102004233603e-03       2.739962282296e+03 
       2.107315109660e-03       2.746025482432e+03 
       2.112630752817e-03       2.752090067046e+03 
       2.117951141310e-03       2.758156001185e+03 
       2.123276253455e-03       2.764223250056e+03 
       2.128606067653e-03       2.770291779021e+03 
       2.133940562386e-03       2.776361553602e+03 
       2.139279716219e-03       2.782432539475e+03 
       2.144623507801e-03       2.788504702477e+03 
       2.149971915863e-03       2.794578008599e+03 
       2.155324919221e-03       2.800652423991e+03 
       2.160682496773e-03       2.806727914959e+03 
       2.166044627501e-03       2.812804447969e+03 
       2.171411290469e-03       2.818881989639e+03 
       2.176782464828e-03       2.824960506748e+03 
       2.182158129810e-03       2.831039966231e+03 
       2.187538264732e-03       2.837120335178e+03 
       2.192922848993e-03       2.843201580836e+03 
       2.198311862080e-03       2.849283670609e+03 
       2.203705283560e-03       2.855366572056e+03 
       2.209103093087e-03       2.861450252911e+03 
       2.214505270396e-03       2.867534680957e+03 
       2.219911795309e-03       2.873619824354e+03 
       2.225322647730e-03       2.879705651218e+03 
       2.230737807648e-03       2.885792129895e+03 
       2.236157255137e-03       2.891879228877e+03 
       2.241580970353e-03       2.897966916813e+03 
       2.247008933538e-03       2.904055162505e+03 
       2.252441125018e-03       2.910143934911e+03 
       2.257877525201e-03       2.916233203142e+03 
       2.263318114582e-03       2.922322936462e+03 
       2.268762873737e-03       2.928413104292e+03 
       2.274211783327e-03       2.934503676204e+03 
       2.279664824099e-03       2.940594621922e+03 
       2.285121976881e-03       2.946685911325e+03 
       2.290583222585e-03       2.952777514443e+03 
       2.296048542208e-03       2.958869401459e+03 
       2.301517916830e-03       2.964961542708e+03 
       2.306991327615e-03       2.971053908676e+03 
       2.312468755809e-03       2.977146470000e+03 
       2.317950182743e-03       2.983239197469e+03 
       2.323435589829e-03       2.989332062022e+03 
       2.328924958566e-03       2.995425034747e+03 
       2.334418270531e-03       3.001518086885e+03 
       2.339915507388e-03       3.007611189823e+03 
       2.345416650882e-03       3.013704315100e+03 
       2.350921682840e-03       3.019797434404e+03 
       2.356430585173e-03       3.025890519569e+03 
       2.361943339874e-03       3.031983542578e+03 
       2.367459929018e-03       3.038076475563e+03 
       2.372980334761e-03       3.044169290802e+03 
       2.378504539342e-03       3.050261960720e+03 
       2.384032525084e-03       3.056354457899e+03 
       2.389564274387e-03       3.062446754952e+03 
       2.395099769735e-03       3.068538824931e+03 
       2.400638993694e-03       3.074630640742e+03 
       2.406181928911e-03       3.080722175551e+03 
       2.411728558111e-03       3.086813402655e+03 
       2.417278864104e-03       3.092904295497e+03 
       2.422832829778e-03       3.098994827666e+03 
       2.428390438101e-03       3.105084972889e+03 
       2.433951672124e-03       3.111174705040e+03 
       2.439516514974e-03       3.117263998134e+03 
       2.445084949863e-03       3.123352826328e+03 
       2.450656960077e-03       3.129441163927e+03 
       2.456232528985e-03       3.135528985328e+03 
       2.461811640035e-03       3.141616265175e+03 
       2.467394276752e-03       3.147702978161e+03 
       2.472980422743e-03       3.153789099146e+03 
       2.478570061691e-03       3.159874603129e+03 
       2.484163177357e-03       3.165959465249e+03 
       2.489759753583e-03       3.172043660782e+03 
       2.495359774286e-03       3.178127165142e+03 
       2.500963223463e-03       3.184209953881e+03 
       2.506570085187e-03       3.190292002688e+03 
       2.512180343608e-03       3.196373287388e+03 
       2.517793982954e-03       3.202453783941e+03 
       2.523410987530e-03       3.208533468445e+03 
       2.529031341717e-03       3.214612317130e+03 
       2.534655029972e-03       3.220690306363e+03 
       2.540282036828e-03       3.226767412644e+03 
       2.545912346895e-03       3.232843612605e+03 
       2.551545944857e-03       3.238918883014e+03 
       2.557182815475e-03       3.244993200770e+03 
       2.562822943584e-03       3.251066542902e+03 
       2.568466314093e-03       3.257138886575e+03 
       2.574112911988e-03       3.263210209081e+03 
       2.579762722328e-03       3.269280487845e+03 
       2.585415730245e-03       3.275349700420e+03 
       2.591071920946e-03       3.281417824490e+03 
       2.596731279711e-03       3.287484837868e+03 
       2.602393791895e-03       3.293550718493e+03 
       2.608059442924e-03       3.299615444436e+03 
       2.613728218298e-03       3.305678993893e+03 
       2.619400103588e-03       3.311741345186e+03 
       2.625075084439e-03       3.317802476765e+03 
       2.630753146567e-03       3.323862367206e+03 
       2.636434275760e-03       3.329920995210e+03 
       2.642118457876e-03       3.335978339601e+03 
       2.647805678848e-03       3.342034379331e+03 
       2.653495924675e-03       3.348089093473e+03 
       2.659189181431e-03       3.354142461223e+03 
       2.664885435257e-03       3.360194461901e+03 
       2.670584672366e-03       3.366245074950e+03 
       2.676286879041e-03       3.372294279931e+03 
       2.681992041632e-03       3.378342056531e+03 
       2.687700146561e-03       3.384388384554e+03 
       2.693411180318e-03       3.390433243926e+03 
       2.699125129462e-03       3.396476614691e+03 
       2.704841980619e-03       3.402518477013e+03 
       2.710561720485e-03       3.408558811173e+03 
       2.716284335824e-03       3.414597597573e+03 
       2.722009813465e-03       3.420634816729e+03 
       2.727738140307e-03       3.426670449275e+03 
       2.733469303315e-03       3.432704475963e+03 
       2.739203289521e-03       3.438736877657e+03 
       2.744940086022e-03       3.444767635341e+03 
       2.750679679983e-03       3.450796730110e+03 
       2.756422058634e-03       3.456824143175e+03 
       2.762167209272e-03       3.462849855860e+03 
       2.767915119257e-03       3.468873849600e+03 
       2.773665776016e-03       3.474896105947e+03 
       2.779419167039e-03       3.480916606560e+03 
       2.785175279883e-03       3.486935333213e+03 
       2.790934102167e-03       3.492952267790e+03 
       2.796695621574e-03       3.498967392284e+03 
       2.802459825852e-03       3.504980688800e+03 
       2.808226702811e-03       3.510992139551e+03 
       2.813996240325e-03       3.517001726859e+03 
       2.819768426330e-03       3.523009433154e+03 
       2.825543248826e-03       3.529015240972e+03 
       2.831320695874e-03       3.535019133006e+03 
       2.837100755596e-03       3.541021091854e+03 
       2.842883416177e-03       3.547021100417e+03 
       2.848668665864e-03       3.553019141845e+03 
       2.854456492964e-03       3.559015199081e+03 
       2.860246885844e-03       3.565009255300e+03 
       2.866039832933e-03       3.571001293778e+03 
       2.871835322721e-03       3.576991297894e+03 
       2.877633343755e-03       3.582979251131e+03 
       2.883433884645e-03       3.588965137075e+03 
       2.889236934057e-03       3.594948939412e+03 
       2.895042480720e-03       3.600930641930e+03 
       2.900850513418e-03       3.606910228517e+03 
       2.906661020997e-03       3.612887683164e+03 
       2.912473992358e-03       3.618862989958e+03 
       2.918289416463e-03       3.624836133087e+03 
       2.924107282329e-03       3.630807096839e+03 
       2.929927579033e-03       3.636775865597e+03 
       2.935750295708e-03       3.642742423843e+03 
       2.941575421544e-03       3.648706756158e+03 
       2.947402945787e-03       3.654668847217e+03 
       2.953232857739e-03       3.660628681792e+03 
       2.959065146761e-03       3.666586244751e+03 
       2.964899802266e-03       3.672541521056e+03 
       2.970736813726e-03       3.678494495765e+03 
       2.976576170665e-03       3.684445154028e+03 
       2.982417862664e-03       3.690393481091e+03 
       2.988261879358e-03       3.696339462290e+03 
       2.994108210437e-03       3.702283083056e+03 
       2.999956845645e-03       3.708224328911e+03 
       3.005807774780e-03       3.714163185469e+03 
       3.011660987692e-03       3.720099638435e+03 
       3.017516474287e-03       3.726033673604e+03 
       3.023374224523e-03       3.731965276862e+03 
       3.029234228409e-03       3.737894434183e+03 
       3.035096476010e-03       3.743821131632e+03 
       3.040960957441e-03       3.749745355361e+03 
       3.046827662869e-03       3.755667091610e+03 
       3.052696582514e-03       3.761586326708e+03 
       3.058567706646e-03       3.767503047070e+03 
       3.064441025588e-03       3.773417239198e+03 
       3.070316529712e-03       3.779328889681e+03 
       3.076194209442e-03       3.785237985193e+03 
       3.082074055253e-03       3.791144512492e+03 
       3.087956057669e-03       3.797048458423e+03 
       3.093840207264e-03       3.802949809915e+03 
       3.099726494663e-03       3.808848553979e+03 
       3.105614910539e-03       3.814744677712e+03 
       3.111505445614e-03       3.820638168292e+03 
       3.117398090660e-03       3.826529012980e+03 
       3.123292836497e-03       3.832417199119e+03 
       3.129189673995e-03       3.838302714133e+03 
       3.135088594069e-03       3.844185545529e+03 
       3.140989587685e-03       3.850065680894e+03 
       3.146892645855e-03       3.855943107893e+03 
       3.152797759639e-03       3.861817814274e+03 
       3.158704920143e-03       3.867689787865e+03 
       3.164614118522e-03       3.873559016564e+03 
       3.170525345977e-03       3.879425488404e+03 
       3.176438593754e-03       3.885289191220e+03 
       3.182353853146e-03       3.891150113468e+03 
       3.188271115492e-03       3.897008243230e+03 
       3.194190372178e-03       3.902863568798e+03 
       3.200111614634e-03       3.908716078543e+03 
       3.206034834334e-03       3.914565760910e+03 
       3.211960022800e-03       3.920412604420e+03 
       3.217887171597e-03       3.926256597670e+03 
       3.223816272334e-03       3.932097729330e+03 
       3.229747316665e-03       3.937935988146e+03 
       3.235680296289e-03       3.943771362939e+03 
       3.241615202946e-03       3.949603842599e+03 
       3.247552028422e-03       3.955433416094e+03 
       3.253490764546e-03       3.961260072462e+03 
       3.259431403190e-03       3.967083800815e+03 
       3.265373936267e-03       3.972904590335e+03 
       3.271318355736e-03       3.978722430278e+03 
       3.277264653595e-03       3.984537309969e+03 
       3.283212821887e-03       3.990349218804e+03 
       3.289162852695e-03       3.996158146250e+03 
       3.295114738144e-03       4.001964081844e+03 
       3.301068470401e-03       4.007767015193e+03 
       3.307024041675e-03       4.013566935972e+03 
       3.312981444215e-03       4.019363833927e+03 
       3.318940670310e-03       4.025157698871e+03 
       3.324901712292e-03       4.030948520686e+03 
       3.330864562530e-03       4.036736289321e+03 
       3.336829213437e-03       4.042520994793e+03 
       3.342795657464e-03       4.048302627184e+03 
       3.348763887100e-03       4.054081176645e+03 
       3.354733894877e-03       4.059856633393e+03 
       3.360705673364e-03       4.065628987710e+03 
       3.366679215170e-03       4.071398229944e+03 
       3.372654512942e-03       4.077164350509e+03 
       3.378631559367e-03       4.082927339911e+03 
       3.384610347168e-03       4.088687188442e+03 
       3.390590869110e-03       4.094443887109e+03 
       3.396573117992e-03       4.100197426414e+03 
       3.402557086654e-03       4.105947797083e+03 
       3.408542767972e-03       4.111694989498e+03 
       3.414530154859e-03       4.117438976541e+03 
       3.420519240267e-03       4.123179767484e+03 
       3.426510017183e-03       4.128917353446e+03 
       3.432502478631e-03       4.134651725429e+03 
       3.438496617674e-03       4.140382874296e+03 
       3.444492427409e-03       4.146110791607e+03 
       3.450489900969e-03       4.151835468432e+03 
       3.456489031525e-03       4.157556896074e+03 
       3.462489812282e-03       4.163275065738e+03 
       3.468492236481e-03       4.168989969069e+03 
       3.474496297398e-03       4.174701597447e+03 
       3.480501988346e-03       4.180409942229e+03 
       3.486509302671e-03       4.186114995300e+03 
       3.492518233755e-03       4.191816748099e+03 
       3.498528775015e-03       4.197515192458e+03 
       3.504540919899e-03       4.203210320107e+03 
       3.510554661894e-03       4.208902122883e+03 
       3.516569994518e-03       4.214590592305e+03 
       3.522586911325e-03       4.220275720865e+03 
       3.528605405899e-03       4.225957500338e+03 
       3.534625471862e-03       4.231635922778e+03 
       3.540647102867e-03       4.237310980091e+03 
       3.546670292599e-03       4.242982664757e+03 
       3.552695034778e-03       4.248650968877e+03 
       3.558721323156e-03       4.254315884494e+03 
       3.564749151518e-03       4.259977404295e+03 
       3.570778513679e-03       4.265635520423e+03 
       3.576809403491e-03       4.271290225468e+03 
       3.582841814833e-03       4.276941511865e+03 
       3.588875741618e-03       4.282589372278e+03 
       3.594911177792e-03       4.288233798575e+03 
       3.600948117330e-03       4.293874784381e+03 
       3.606986554239e-03       4.299512322022e+03 
       3.613026482559e-03       4.305146404111e+03 
       3.619067896359e-03       4.310777023689e+03 
       3.625110789739e-03       4.316404173524e+03 
       3.631155156830e-03       4.322027846542e+03 
       3.637200991794e-03       4.327648035442e+03 
       3.643248288822e-03       4.333264733687e+03 
       3.649297042136e-03       4.338877933987e+03 
       3.655347245989e-03       4.344487629705e+03 
       3.661398894660e-03       4.350093813923e+03 
       3.667451982462e-03       4.355696479568e+03 
       3.673506503736e-03       4.361295620362e+03 
       3.679562452850e-03       4.366891229436e+03 
       3.685619824205e-03       4.372483300160e+03 
       3.691678612227e-03       4.378071825788e+03 
       3.697738811375e-03       4.383656800037e+03 
       3.703800416132e-03       4.389238216320e+03 
       3.709863421014e-03       4.394816068212e+03 
       3.715927820562e-03       4.400390349023e+03 
       3.721993609347e-03       4.405961052804e+03 
       3.728060781966e-03       4.411528173169e+03 
       3.734129333047e-03       4.417091703836e+03 
       3.740199257243e-03       4.422651638609e+03 
       3.746270549235e-03       4.428207971004e+03 
       3.752343203733e-03       4.433760695423e+03 
       3.758417215472e-03       4.439309805590e+03 
       3.764492579216e-03       4.444855295495e+03 
       3.770569289754e-03       4.450397158985e+03 
       3.776647341903e-03       4.455935390412e+03 
       3.782726730507e-03       4.461469983784e+03 
       3.788807450435e-03       4.467000933280e+03 
       3.794889496585e-03       4.472528232785e+03 
       3.800972863877e-03       4.478051877058e+03 
       3.807057547262e-03       4.483571859987e+03 
       3.813143541712e-03       4.489088176218e+03 
       3.819230842229e-03       4.494600820004e+03 
       3.825319443837e-03       4.500109785776e+03 
       3.831409341588e-03       4.505615068011e+03 
       3.837500530559e-03       4.511116661242e+03 
       3.843593005851e-03       4.516614559432e+03 
       3.849686762590e-03       4.522108758105e+03 
       3.855781795929e-03       4.527599251508e+03 
       3.861878101044e-03       4.533086034325e+03 
       3.867975673135e-03       4.538569101279e+03 
       3.874074507428e-03       4.544048447139e+03 
       3.880174599172e-03       4.549524066420e+03 
       3.886275943643e-03       4.554995954427e+03 
       3.892378536137e-03       4.560464105854e+03 
       3.898482371977e-03       4.565928515628e+03 
       3.904587446508e-03       4.571389178725e+03 
       3.910693755100e-03       4.576846090173e+03 
       3.916801293147e-03       4.582299244506e+03 
       3.922910056063e-03       4.587748637619e+03 
       3.929020039290e-03       4.593194264210e+03 
       3.935131238289e-03       4.598636119581e+03 
       3.941243648547e-03       4.604074198883e+03 
       3.947357265573e-03       4.609508497363e+03 
       3.953472084897e-03       4.614939010319e+03 
       3.959588102075e-03       4.620365732547e+03 
       3.965705312682e-03       4.625788660240e+03 
       3.971823712318e-03       4.631207788437e+03 
       3.977943296604e-03       4.636623112578e+03 
       3.984064061184e-03       4.642034627897e+03 
       3.990186001722e-03       4.647442330282e+03 
       3.996309113907e-03       4.652846215120e+03 
       4.002433393447e-03       4.658246278000e+03 
       4.008558836074e-03       4.663642514193e+03 
       4.014685437538e-03       4.669034919919e+03 
       4.020813193615e-03       4.674423490495e+03 
       4.026942100099e-03       4.679808221858e+03 
       4.033072152807e-03       4.685189109687e+03 
       4.039203347574e-03       4.690566149794e+03 
       4.045335680261e-03       4.695939337546e+03 
       4.051469146744e-03       4.701308669551e+03 
       4.057603742926e-03       4.706674141399e+03 
       4.063739464724e-03       4.712035749032e+03 
       4.069876308081e-03       4.717393488519e+03 
       4.076014268958e-03       4.722747355295e+03 
       4.082153343335e-03       4.728097346156e+03 
       4.088293527214e-03       4.733443456890e+03 
       4.094434816617e-03       4.738785683690e+03 
       4.100577207585e-03       4.744124022052e+03 
       4.106720696179e-03       4.749458468959e+03 
       4.112865278481e-03       4.754789020415e+03 
       4.119010950591e-03       4.760115672595e+03 
       4.125157708629e-03       4.765438421781e+03 
       4.131305548733e-03       4.770757264297e+03 
       4.137454467064e-03       4.776072195937e+03 
       4.143604459798e-03       4.781383213949e+03 
       4.149755523133e-03       4.786690314368e+03 
       4.155907653284e-03       4.791993493632e+03 
       4.162060846487e-03       4.797292747975e+03 
       4.168215098993e-03       4.802588074278e+03 
       4.174370407076e-03       4.807879468916e+03 
       4.180526767025e-03       4.813166928457e+03 
       4.186684175151e-03       4.818450449164e+03 
       4.192842627779e-03       4.823730028203e+03 
       4.199002121256e-03       4.829005661883e+03 
       4.205162651946e-03       4.834277347078e+03 
       4.211324216229e-03       4.839545080427e+03 
       4.217486810506e-03       4.844808858688e+03 
       4.223650431194e-03       4.850068678650e+03 
       4.229815074728e-03       4.855324536516e+03 
       4.235980737562e-03       4.860576430106e+03 
       4.242147416164e-03       4.865824355865e+03 
       4.248315107024e-03       4.871068310699e+03 
       4.254483806646e-03       4.876308291270e+03 
       4.260653511553e-03       4.881544294956e+03 
       4.266824218283e-03       4.886776318560e+03 
       4.272995923395e-03       4.892004359106e+03 
       4.279168623461e-03       4.897228413281e+03 
       4.285342315072e-03       4.902448478737e+03 
       4.291516994835e-03       4.907664552192e+03 
       4.297692659374e-03       4.912876630977e+03 
       4.303869305329e-03       4.918084712165e+03 
       4.310046929358e-03       4.923288792949e+03 
       4.316225528134e-03       4.928488870554e+03 
       4.322405098347e-03       4.933684941572e+03 
       4.328585636702e-03       4.938877004308e+03 
       4.334767139923e-03       4.944065055612e+03 
       4.340949604747e-03       4.949249092810e+03 
       4.347133027928e-03       4.954429112983e+03 
       4.353317406236e-03       4.959605113927e+03 
       4.359502736459e-03       4.964777092865e+03 
       4.365689015396e-03       4.969945047232e+03 
       4.371876239866e-03       4.975108974544e+03 
       4.378064406701e-03       4.980268871623e+03 
       4.384253512749e-03       4.985424737001e+03 
       4.390443554875e-03       4.990576567480e+03 
       4.396634529956e-03       4.995724361056e+03 
       4.402826434888e-03       5.000868115141e+03 
       4.409019266580e-03       5.006007827354e+03 
       4.415213021955e-03       5.011143494768e+03 
       4.421407697953e-03       5.016275115963e+03 
       4.427603291529e-03       5.021402688224e+03 
       4.433799799652e-03       5.026526209258e+03 
       4.439997219304e-03       5.031645676808e+03 
       4.446195547485e-03       5.036761088307e+03 
       4.452394781207e-03       5.041872442073e+03 
       4.458594917498e-03       5.046979735683e+03 
       4.464795953400e-03       5.052082966977e+03 
       4.470997885969e-03       5.057182133400e+03 
       4.477200712275e-03       5.062277233510e+03 
       4.483404429403e-03       5.067368264781e+03 
       4.489609034451e-03       5.072455225361e+03 
       4.495814524533e-03       5.077538113103e+03 
       4.502020896774e-03       5.082616925993e+03 
       4.508228148317e-03       5.087691662044e+03 
       4.514436276314e-03       5.092762318638e+03 
       4.520645277934e-03       5.097828894855e+03 
       4.526855150359e-03       5.102891388313e+03 
       4.533065890784e-03       5.107949797105e+03 
       4.539277496417e-03       5.113004119354e+03 
       4.545489964482e-03       5.118054352837e+03 
       4.551703292214e-03       5.123100496286e+03 
       4.557917476861e-03       5.128142547634e+03 
       4.564132515685e-03       5.133180505094e+03 
       4.570348405963e-03       5.138214366468e+03 
       4.576565144983e-03       5.143244130693e+03 
       4.582782730045e-03       5.148269795595e+03 
       4.589001158464e-03       5.153291359690e+03 
       4.595220427567e-03       5.158308821194e+03 
       4.601440534695e-03       5.163322178443e+03 
       4.607661477199e-03       5.168331429799e+03 
       4.613883252446e-03       5.173336573013e+03 
       4.620105857813e-03       5.178337607502e+03 
       4.626329290691e-03       5.183334531240e+03 
       4.632553548483e-03       5.188327342664e+03 
       4.638778628604e-03       5.193316040233e+03 
       4.645004528482e-03       5.198300622092e+03 
       4.651231245557e-03       5.203281087285e+03 
       4.657458777280e-03       5.208257434059e+03 
       4.663687121118e-03       5.213229660855e+03 
       4.669916274545e-03       5.218197766469e+03 
       4.676146235050e-03       5.223161749365e+03 
       4.682377000133e-03       5.228121608154e+03 
       4.688608567308e-03       5.233077341474e+03 
       4.694840934097e-03       5.238028947166e+03 
       4.701074098037e-03       5.242976425179e+03 
       4.707308056676e-03       5.247919773631e+03 
       4.713542807571e-03       5.252858991224e+03 
       4.719778348295e-03       5.257794076829e+03 
       4.726014676429e-03       5.262725028289e+03 
       4.732251789567e-03       5.267651845530e+03 
       4.738489685314e-03       5.272574526866e+03 
       4.744728361287e-03       5.277493071105e+03 
       4.750967815112e-03       5.282407476481e+03 
       4.757208044430e-03       5.287317742767e+03 
       4.763449046890e-03       5.292223868199e+03 
       4.769690820153e-03       5.297125851960e+03 
       4.775933361892e-03       5.302023692801e+03 
       4.782176669790e-03       5.306917389636e+03 
       4.788420741540e-03       5.311806941564e+03 
       4.794665574848e-03       5.316692346123e+03 
       4.800911167429e-03       5.321573604237e+03 
       4.807157517010e-03       5.326450714076e+03 
       4.813404621329e-03       5.331323674635e+03 
       4.819652478133e-03       5.336192484564e+03 
       4.825901085180e-03       5.341057143462e+03 
       4.832150440240e-03       5.345917650122e+03 
       4.838400541092e-03       5.350774003611e+03 
       4.844651385525e-03       5.355626203021e+03 
       4.850902971341e-03       5.360474246795e+03 
       4.857155296349e-03       5.365318135104e+03 
       4.863408358371e-03       5.370157866397e+03 
       4.869662155238e-03       5.374993440172e+03 
       4.875916684790e-03       5.379824855439e+03 
       4.882171944879e-03       5.384652111383e+03 
       4.888427933366e-03       5.389475206763e+03 
       4.894684648123e-03       5.394294141150e+03 
       4.900942087031e-03       5.399108914045e+03 
       4.907200247981e-03       5.403919524433e+03 
       4.913459128874e-03       5.408725971573e+03 
       4.919718727620e-03       5.413528254348e+03 
       4.925979042141e-03       5.418326372677e+03 
       4.932240070367e-03       5.423120325596e+03 
       4.938501810238e-03       5.427910112433e+03 
       4.944764259702e-03       5.432695732531e+03 
       4.951027416719e-03       5.437477184562e+03 
       4.957291279258e-03       5.442254469010e+03 
       4.963555845296e-03       5.447027584548e+03 
       4.969821112821e-03       5.451796530948e+03 
       4.976087079829e-03       5.456561307459e+03 
       4.982353744327e-03       5.461321913512e+03 
       4.988621104330e-03       5.466078348866e+03 
       4.994889157862e-03       5.470830611071e+03 
       5.001157902956e-03       5.475578702175e+03 
       5.007427337656e-03       5.480322620630e+03 
       5.013697460014e-03       5.485062365937e+03 
       5.019968268090e-03       5.489797937208e+03 
       5.026239759953e-03       5.494529334646e+03 
       5.032511933683e-03       5.499256557492e+03 
       5.038784787368e-03       5.503979605320e+03 
       5.045058319103e-03       5.508698477710e+03 
       5.051332526994e-03       5.513413173572e+03 
       5.057607409155e-03       5.518123693628e+03 
       5.063882963709e-03       5.522830036783e+03 
       5.070159188786e-03       5.527532203038e+03 
       5.076436082527e-03       5.532230191871e+03 
       5.082713643081e-03       5.536924002944e+03 
       5.088991868604e-03       5.541613635948e+03 
       5.095270757262e-03       5.546299089594e+03 
       5.101550307230e-03       5.550980365199e+03 
       5.107830516688e-03       5.555657461759e+03 
       5.114111383829e-03       5.560330379000e+03 
       5.120392906850e-03       5.564999116667e+03 
       5.126675083961e-03       5.569663673997e+03 
       5.132957913375e-03       5.574324051617e+03 
       5.139241393317e-03       5.578980248928e+03 
       5.145525522019e-03       5.583632265728e+03 
       5.151810297720e-03       5.588280101205e+03 
       5.158095718670e-03       5.592923756207e+03 
       5.164381783123e-03       5.597563229912e+03 
       5.170668489344e-03       5.602198522499e+03 
       5.176955835606e-03       5.606829633667e+03 
       5.183243820187e-03       5.611456563289e+03 
       5.189532441376e-03       5.616079311264e+03 
       5.195821697469e-03       5.620697876645e+03 
       5.202111586769e-03       5.625312260728e+03 
       5.208402107587e-03       5.629922462838e+03 
       5.214693258242e-03       5.634528482886e+03 
       5.220985037060e-03       5.639130320824e+03 
       5.227277442376e-03       5.643727976164e+03 
       5.233570472532e-03       5.648321449622e+03 
       5.239864125877e-03       5.652910740844e+03 
       5.246158400768e-03       5.657495849826e+03 
       5.252453295570e-03       5.662076776586e+03 
       5.258748808653e-03       5.666653520420e+03 
       5.265044938398e-03       5.671226082568e+03 
       5.271341683191e-03       5.675794462301e+03 
       5.277639041425e-03       5.680358660061e+03 
       5.283937011503e-03       5.684918675739e+03 
       5.290235591833e-03       5.689474509416e+03 
       5.296534780830e-03       5.694026161200e+03 
       5.302834576918e-03       5.698573630222e+03 
       5.309134978526e-03       5.703116918210e+03 
       5.315435984092e-03       5.707656024568e+03 
       5.321737592060e-03       5.712190949427e+03 
       5.328039800882e-03       5.716721692942e+03 
       5.334342609016e-03       5.721248254783e+03 
       5.340646014926e-03       5.725770635928e+03 
       5.346950017087e-03       5.730288836199e+03 
       5.353254613976e-03       5.734802855787e+03 
       5.359559804081e-03       5.739312694910e+03 
       5.365865585893e-03       5.743818353008e+03 
       5.372171957913e-03       5.748319831600e+03 
       5.378478918648e-03       5.752817130100e+03 
       5.384786466610e-03       5.757310249165e+03 
       5.391094600320e-03       5.761799188869e+03 
       5.397403318305e-03       5.766283949482e+03 
       5.403712619098e-03       5.770764531300e+03 
       5.410022501238e-03       5.775240933622e+03 
       5.416332963273e-03       5.779713158404e+03 
       5.422644003756e-03       5.784181205222e+03 
       5.428955621246e-03       5.788645074392e+03 
       5.435267814309e-03       5.793104766249e+03 
       5.441580581519e-03       5.797560281363e+03 
       5.447893921453e-03       5.802011618759e+03 
       5.454207832699e-03       5.806458780576e+03 
       5.460522313847e-03       5.810901766477e+03 
       5.466837363495e-03       5.815340576852e+03 
       5.473152980249e-03       5.819775211349e+03 
       5.479469162719e-03       5.824205671632e+03 
       5.485785909521e-03       5.828631957328e+03 
       5.492103219279e-03       5.833054069216e+03 
       5.498421090623e-03       5.837472007590e+03 
       5.504739522188e-03       5.841885772882e+03 
       5.511058512615e-03       5.846295365556e+03 
       5.517378060553e-03       5.850700786098e+03 
       5.523698164655e-03       5.855102033704e+03 
       5.530018823581e-03       5.859499110995e+03 
       5.536340035997e-03       5.863892017512e+03 
       5.542661800575e-03       5.868280753757e+03 
       5.548984115993e-03       5.872665320248e+03 
       5.555306980934e-03       5.877045716906e+03 
       5.561630394088e-03       5.881421945271e+03 
       5.567954354151e-03       5.885794005436e+03 
       5.574278859824e-03       5.890161897950e+03 
       5.580603909813e-03       5.894525623389e+03 
       5.586929502833e-03       5.898885181421e+03 
       5.593255637602e-03       5.903240574145e+03 
       5.599582312844e-03       5.907591801441e+03 
       5.605909527289e-03       5.911938863422e+03 
       5.612237279673e-03       5.916281761565e+03 
       5.618565568738e-03       5.920620496078e+03 
       5.624894393230e-03       5.924955067585e+03 
       5.631223751903e-03       5.929285476720e+03 
       5.637553643514e-03       5.933611724130e+03 
       5.643884066828e-03       5.937933810474e+03 
       5.650215020614e-03       5.942251736440e+03 
       5.656546503646e-03       5.946565500814e+03 
       5.662878514704e-03       5.950875107461e+03 
       5.669211052576e-03       5.955180555642e+03 
       5.675544116051e-03       5.959481846044e+03 
       5.681877703925e-03       5.963778979361e+03 
       5.688211815002e-03       5.968071956300e+03 
       5.694546448089e-03       5.972360777583e+03 
       5.700881601996e-03       5.976645443953e+03 
       5.707217275544e-03       5.980925955233e+03 
       5.713553467554e-03       5.985202313714e+03 
       5.719890176855e-03       5.989474519446e+03 
       5.726227402280e-03       5.993742573186e+03 
       5.732565142669e-03       5.998006475705e+03 
       5.738903396864e-03       6.002266227788e+03 
       5.745242163716e-03       6.006521830234e+03 
       5.751581442078e-03       6.010773283857e+03 
       5.757921230810e-03       6.015020587964e+03 
       5.764261528775e-03       6.019263745898e+03 
       5.770602334844e-03       6.023502757348e+03 
       5.776943647890e-03       6.027737622852e+03 
       5.783285466793e-03       6.031968343731e+03 
       5.789627790438e-03       6.036194920605e+03 
       5.795970617713e-03       6.040417354321e+03 
       5.802313947513e-03       6.044635645740e+03 
       5.808657778737e-03       6.048849795751e+03 
       5.815002110290e-03       6.053059803906e+03 
       5.821346941079e-03       6.057265673350e+03 
       5.827692270019e-03       6.061467403947e+03 
       5.834038096029e-03       6.065664996589e+03 
       5.840384418032e-03       6.069858452178e+03 
       5.846731234955e-03       6.074047771640e+03 
       5.853078545733e-03       6.078232955162e+03 
       5.859426349301e-03       6.082414004920e+03 
       5.865774644604e-03       6.086590921287e+03 
       5.872123430588e-03       6.090763705200e+03 
       5.878472706204e-03       6.094932357619e+03 
       5.884822470409e-03       6.099096878552e+03 
       5.891172722164e-03       6.103257270603e+03 
       5.897523460435e-03       6.107413534065e+03 
       5.903874684191e-03       6.111565669356e+03 
       5.910226392408e-03       6.115713678280e+03 
       5.916578584065e-03       6.119857561478e+03 
       5.922931258145e-03       6.123997319958e+03 
       5.929284413637e-03       6.128132954744e+03 
       5.935638049533e-03       6.132264467288e+03 
       5.941992164831e-03       6.136391855701e+03 
       5.948346758533e-03       6.140515125084e+03 
       5.954701829645e-03       6.144634274785e+03 
       5.961057377176e-03       6.148749305848e+03 
       5.967413400142e-03       6.152860219327e+03 
       5.973769897563e-03       6.156967016584e+03 
       5.980126868462e-03       6.161069696919e+03 
       5.986484311866e-03       6.165168263772e+03 
       5.992842226808e-03       6.169262717254e+03 
       5.999200612324e-03       6.173353058456e+03 
       6.005559467455e-03       6.177439288484e+03 
       6.011918791247e-03       6.181521407346e+03 
       6.018278582748e-03       6.185599418015e+03 
       6.024638841012e-03       6.189673320764e+03 
       6.030999565096e-03       6.193743116261e+03 
       6.037360754062e-03       6.197808806364e+03 
       6.043722406976e-03       6.201870391879e+03 
       6.050084522909e-03       6.205927873949e+03 
       6.056447100933e-03       6.209981253726e+03 
       6.062810140129e-03       6.214030530858e+03 
       6.069173639577e-03       6.218075709253e+03 
       6.075537598365e-03       6.222116788597e+03 
       6.081902015582e-03       6.226153770193e+03 
       6.088266890324e-03       6.230186655216e+03 
       6.094632221689e-03       6.234215444849e+03 
       6.100998008779e-03       6.238240139542e+03 
       6.107364250700e-03       6.242260741742e+03 
       6.113730946564e-03       6.246277252072e+03 
       6.120098095484e-03       6.250289671741e+03 
       6.126465696579e-03       6.254298001967e+03 
       6.132833748970e-03       6.258302243980e+03 
       6.139202251785e-03       6.262302397789e+03 
       6.145571204152e-03       6.266298466702e+03 
       6.151940605205e-03       6.270290450655e+03 
       6.158310454083e-03       6.274278351500e+03 
       6.164680749926e-03       6.278262170206e+03 
       6.171051491880e-03       6.282241908023e+03 
       6.177422679093e-03       6.286217566211e+03 
       6.183794310719e-03       6.290189146047e+03 
       6.190166385913e-03       6.294156647275e+03 
       6.196538903837e-03       6.298120073804e+03 
       6.202911863654e-03       6.302079425716e+03 
       6.209285264531e-03       6.306034704295e+03 
       6.215659105641e-03       6.309985910829e+03 
       6.222033386157e-03       6.313933046617e+03 
       6.228408105259e-03       6.317876112162e+03 
       6.234783262129e-03       6.321815110146e+03 
       6.241158855953e-03       6.325750041257e+03 
       6.247534885920e-03       6.329680906815e+03 
       6.253911351224e-03       6.333607708148e+03 
       6.260288251061e-03       6.337530446562e+03 
       6.266665584632e-03       6.341449122202e+03 
       6.273043351139e-03       6.345363738539e+03 
       6.279421549792e-03       6.349274295559e+03 
       6.285800179799e-03       6.353180795266e+03 
       6.292179240376e-03       6.357083238714e+03 
       6.298558730741e-03       6.360981627263e+03 
       6.304938650115e-03       6.364875962281e+03 
       6.311318997722e-03       6.368766245155e+03 
       6.317699772790e-03       6.372652475683e+03 
       6.324080974552e-03       6.376534657978e+03 
       6.330462602243e-03       6.380412792183e+03 
       6.336844655100e-03       6.384286879681e+03 
       6.343227132365e-03       6.388156921864e+03 
       6.349610033285e-03       6.392022920137e+03 
       6.355993357106e-03       6.395884875025e+03 
       6.362377103081e-03       6.399742789555e+03 
       6.368761270466e-03       6.403596664277e+03 
       6.375145858518e-03       6.407446500685e+03 
       6.381530866500e-03       6.411292300205e+03 
       6.387916293676e-03       6.415134064280e+03 
       6.394302139314e-03       6.418971793079e+03 
       6.400688402688e-03       6.422805490238e+03 
       6.407075083070e-03       6.426635156356e+03 
       6.413462179739e-03       6.430460791927e+03 
       6.419849691977e-03       6.434282399696e+03 
       6.426237619068e-03       6.438099980588e+03 
       6.432625960300e-03       6.441913536069e+03 
       6.439014714963e-03       6.445723067614e+03 
       6.445403882351e-03       6.449528576711e+03 
       6.451793461762e-03       6.453330062908e+03 
       6.458183452495e-03       6.457127531016e+03 
       6.464573853855e-03       6.460920981001e+03 
       6.470964665147e-03       6.464710414348e+03 
       6.477355885681e-03       6.468495832552e+03 
       6.483747514770e-03       6.472277237113e+03 
       6.490139551730e-03       6.476054628583e+03 
       6.496531995879e-03       6.479828010097e+03 
       6.502924846539e-03       6.483597382418e+03 
       6.509318103035e-03       6.487362747058e+03 
       6.515711764695e-03       6.491124105544e+03 
       6.522105830849e-03       6.494881459409e+03 
       6.528500300832e-03       6.498634808750e+03 
       6.534895173981e-03       6.502384157576e+03 
       6.541290449635e-03       6.506129505873e+03 
       6.547686127137e-03       6.509870855884e+03 
       6.554082205833e-03       6.513608208833e+03 
       6.560478685071e-03       6.517341566261e+03 
       6.566875564203e-03       6.521070929718e+03 
       6.573272842584e-03       6.524796300764e+03 
       6.579670519570e-03       6.528517680961e+03 
       6.586068594523e-03       6.532235069833e+03 
       6.592467066805e-03       6.535948472503e+03 
       6.598865935782e-03       6.539657888916e+03 
       6.605265200823e-03       6.543363320644e+03 
       6.611664861300e-03       6.547064769259e+03 
       6.618064916586e-03       6.550762236339e+03 
       6.624465366061e-03       6.554455722483e+03 
       6.630866209103e-03       6.558145230976e+03 
       6.637267445096e-03       6.561830762631e+03 
       6.643669073425e-03       6.565512319045e+03 
       6.650071093478e-03       6.569189901821e+03 
       6.656473504648e-03       6.572863512568e+03 
       6.662876306327e-03       6.576533151458e+03 
       6.669279497913e-03       6.580198822586e+03 
       6.675683078805e-03       6.583860526408e+03 
       6.682087048405e-03       6.587518264063e+03 
       6.688491406118e-03       6.591172038035e+03 
       6.694896151351e-03       6.594821849542e+03 
       6.701301283515e-03       6.598467700208e+03 
       6.707706802023e-03       6.602109591656e+03 
       6.714112706289e-03       6.605747525526e+03 
       6.720518995733e-03       6.609381501521e+03 
       6.726925669775e-03       6.613011524675e+03 
       6.733332727839e-03       6.616637595081e+03 
       6.739740169350e-03       6.620259714373e+03 
       6.746147993737e-03       6.623877884192e+03 
       6.752556200432e-03       6.627492106179e+03 
       6.758964788868e-03       6.631102381987e+03 
       6.765373758482e-03       6.634708712155e+03 
       6.771783108713e-03       6.638311100306e+03 
       6.778192839002e-03       6.641909547212e+03 
       6.784602948794e-03       6.645504054538e+03 
       6.791013437534e-03       6.649094623950e+03 
       6.797424304673e-03       6.652681257124e+03 
       6.803835549662e-03       6.656263954163e+03 
       6.810247171955e-03       6.659842719502e+03 
       6.816659171008e-03       6.663417553689e+03 
       6.823071546281e-03       6.666988457487e+03 
       6.829484297236e-03       6.670555433927e+03 
       6.835897423336e-03       6.674118484120e+03 
       6.842310924048e-03       6.677677609745e+03 
       6.848724798842e-03       6.681232812502e+03 
       6.855139047187e-03       6.684784094113e+03 
       6.861553668560e-03       6.688331454168e+03 
       6.867968662435e-03       6.691874898101e+03 
       6.874384028291e-03       6.695414425907e+03 
       6.880799765609e-03       6.698950039684e+03 
       6.887215873874e-03       6.702481740423e+03 
       6.893632352570e-03       6.706009530191e+03 
       6.900049201186e-03       6.709533409023e+03 
       6.906466419213e-03       6.713053381598e+03 
       6.912884006143e-03       6.716569447719e+03 
       6.919301961472e-03       6.720081610222e+03 
       6.925720284697e-03       6.723589870172e+03 
       6.932138975318e-03       6.727094229378e+03 
       6.938558032838e-03       6.730594689578e+03 
       6.944977456761e-03       6.734091252525e+03 
       6.951397246594e-03       6.737583919986e+03 
       6.957817401847e-03       6.741072691297e+03 
       6.964237922029e-03       6.744557572414e+03 
       6.970658806656e-03       6.748038563154e+03 
       6.977080055243e-03       6.751515665258e+03 
       6.983501667309e-03       6.754988880475e+03 
       6.989923642373e-03       6.758458210566e+03 
       6.996345979959e-03       6.761923656147e+03 
       7.002768679592e-03       6.765385220980e+03 
       7.009191740798e-03       6.768842905912e+03 
       7.015615163107e-03       6.772296712705e+03 
       7.022038946051e-03       6.775746643131e+03 
       7.028463089164e-03       6.779192698969e+03 
       7.034887591980e-03       6.782634880318e+03 
       7.041312454040e-03       6.786073191887e+03 
       7.047737674882e-03       6.789507634108e+03 
       7.054163254049e-03       6.792938208155e+03 
       7.060589191086e-03       6.796364916869e+03 
       7.067015485539e-03       6.799787761551e+03 
       7.073442136959e-03       6.803206743985e+03 
       7.079869144894e-03       6.806621865966e+03 
       7.086296508900e-03       6.810033129296e+03 
       7.092724228530e-03       6.813440533463e+03 
       7.099152303343e-03       6.816844084323e+03 
       7.105580732898e-03       6.820243781806e+03 
       7.112009516756e-03       6.823639627714e+03 
       7.118438654481e-03       6.827031623850e+03 
       7.124868145639e-03       6.830419772018e+03 
       7.131297989798e-03       6.833804074012e+03 
       7.137728186527e-03       6.837184530316e+03 
       7.144158735398e-03       6.840561145079e+03 
       7.150589635985e-03       6.843933919041e+03 
       7.157020887865e-03       6.847302854024e+03 
       7.163452490615e-03       6.850667951861e+03 
       7.169884443815e-03       6.854029214360e+03 
       7.176316747047e-03       6.857386641479e+03 
       7.182749399896e-03       6.860740238363e+03 
       7.189182401948e-03       6.864090004714e+03 
       7.195615752789e-03       6.867435943432e+03 
       7.202049452012e-03       6.870778055795e+03 
       7.208483499206e-03       6.874116343678e+03 
       7.214917893967e-03       6.877450808919e+03 
       7.221352635891e-03       6.880781453366e+03 
       7.227787724575e-03       6.884108278876e+03 
       7.234223159619e-03       6.887431284654e+03 
       7.240658940625e-03       6.890750477160e+03 
       7.247095067196e-03       6.894065856117e+03 
       7.253531538939e-03       6.897377423373e+03 
       7.259968355461e-03       6.900685180781e+03 
       7.266405516371e-03       6.903989130197e+03 
       7.272843021280e-03       6.907289272092e+03 
       7.279280869803e-03       6.910585610937e+03 
       7.285719061554e-03       6.913878147121e+03 
       7.292157596150e-03       6.917166882653e+03 
       7.298596473210e-03       6.920451819400e+03 
       7.305035692355e-03       6.923732959237e+03 
       7.311475253208e-03       6.927010302315e+03 
       7.317915155393e-03       6.930283853507e+03 
       7.324355398536e-03       6.933553613339e+03 
       7.330795982267e-03       6.936819583016e+03 
       7.337236906214e-03       6.940081765509e+03 
       7.343678170010e-03       6.943340162176e+03 
       7.350119773288e-03       6.946594774893e+03 
       7.356561715685e-03       6.949845605544e+03 
       7.363003996837e-03       6.953092656022e+03 
       7.369446616383e-03       6.956335928919e+03 
       7.375889573965e-03       6.959575421121e+03 
       7.382332869226e-03       6.962811141744e+03 
       7.388776501809e-03       6.966043089607e+03 
       7.395220471361e-03       6.969271266587e+03 
       7.401664777531e-03       6.972495674577e+03 
       7.408109419968e-03       6.975716315472e+03 
       7.414554398324e-03       6.978933189803e+03 
       7.420999712252e-03       6.982146301872e+03 
       7.427445361407e-03       6.985355652466e+03 
       7.433891345447e-03       6.988561243480e+03 
       7.440337664029e-03       6.991763076813e+03 
       7.446784316814e-03       6.994961154375e+03 
       7.453231303465e-03       6.998155476139e+03 
       7.459678623645e-03       7.001346047423e+03 
       7.466126277019e-03       7.004532868565e+03 
       7.472574263256e-03       7.007715940778e+03 
       7.479022582022e-03       7.010895267191e+03 
       7.485471232991e-03       7.014070849149e+03 
       7.491920215832e-03       7.017242688560e+03 
       7.498369530222e-03       7.020410787336e+03 
       7.504819175834e-03       7.023575147406e+03 
       7.511269152348e-03       7.026735769072e+03 
       7.517719459441e-03       7.029892655981e+03 
       7.524170096794e-03       7.033045810791e+03 
       7.530621064090e-03       7.036195234430e+03 
       7.537072361012e-03       7.039340928838e+03 
       7.543523987246e-03       7.042482895942e+03 
       7.549975942480e-03       7.045621137679e+03 
       7.556428226402e-03       7.048755654504e+03 
       7.562880838703e-03       7.051886450930e+03 
       7.569333779075e-03       7.055013527685e+03 
       7.575787047212e-03       7.058136886700e+03 
       7.582240642808e-03       7.061256529916e+03 
       7.588694565562e-03       7.064372459286e+03 
       7.595148815171e-03       7.067484674703e+03 
       7.601603391335e-03       7.070593181734e+03 
       7.608058293758e-03       7.073697980637e+03 
       7.614513522141e-03       7.076799072609e+03 
       7.620969076189e-03       7.079896460880e+03 
       7.627424955610e-03       7.082990146796e+03 
       7.633881160111e-03       7.086080132305e+03 
       7.640337689401e-03       7.089166419362e+03 
       7.646794543193e-03       7.092249009929e+03 
       7.653251721198e-03       7.095327907121e+03 
       7.659709223131e-03       7.098403106130e+03 
       7.666167048708e-03       7.101474618199e+03 
       7.672625197645e-03       7.104542441437e+03 
       7.679083669663e-03       7.107606577798e+03 
       7.685542464481e-03       7.110667029240e+03 
       7.692001581821e-03       7.113723797727e+03 
       7.698461021406e-03       7.116776883712e+03 
       7.704920782962e-03       7.119826291808e+03 
       7.711380866215e-03       7.122872022734e+03 
       7.717841270893e-03       7.125914078451e+03 
       7.724301996726e-03       7.128952460923e+03 
       7.730763043443e-03       7.131987172134e+03 
       7.737224410778e-03       7.135018212018e+03 
       7.743686098465e-03       7.138045586120e+03 
       7.750148106239e-03       7.141069294798e+03 
       7.756610433836e-03       7.144089339245e+03 
       7.763073080996e-03       7.147105722723e+03 
       7.769536047457e-03       7.150118446598e+03 
       7.775999332962e-03       7.153127512840e+03 
       7.782462937252e-03       7.156132923431e+03 
       7.788926860072e-03       7.159134680355e+03 
       7.795391101168e-03       7.162132785612e+03 
       7.801855660286e-03       7.165127237924e+03 
       7.808320537175e-03       7.168118045033e+03 
       7.814785731584e-03       7.171105206251e+03 
       7.821251243266e-03       7.174088723550e+03 
       7.827717071973e-03       7.177068598911e+03 
       7.834183217458e-03       7.180044834319e+03 
       7.840649679478e-03       7.183017432014e+03 
       7.847116457789e-03       7.185986391440e+03 
       7.853583552149e-03       7.188951718492e+03 
       7.860050962320e-03       7.191913413444e+03 
       7.866518688060e-03       7.194871478281e+03 
       7.872986729134e-03       7.197825915001e+03 
       7.879455085305e-03       7.200776725609e+03 
       7.885923756338e-03       7.203723909682e+03 
       7.892392742000e-03       7.206667473501e+03 
       7.898862042059e-03       7.209607417135e+03 
       7.905331656284e-03       7.212543741541e+03 
       7.911801584447e-03       7.215476450393e+03 
       7.918271826318e-03       7.218405544929e+03 
       7.924742381672e-03       7.221331027143e+03 
       7.931213250284e-03       7.224252899036e+03 
       7.937684431929e-03       7.227171162621e+03 
       7.944155926386e-03       7.230085821233e+03 
       7.950627733433e-03       7.232996869239e+03 
       7.957099852849e-03       7.235904319135e+03 
       7.963572284417e-03       7.238808168580e+03 
       7.970045027920e-03       7.241708419572e+03 
       7.976518083142e-03       7.244605074108e+03 
       7.982991449867e-03       7.247498134196e+03 
       7.989465127883e-03       7.250387599924e+03 
       7.995939116978e-03       7.253273477069e+03 
       8.002413416942e-03       7.256155765402e+03 
       8.008888027564e-03       7.259034467222e+03 
       8.015362948637e-03       7.261909584538e+03 
       8.021838179955e-03       7.264781119366e+03 
       8.028313721311e-03       7.267649073675e+03 
       8.034789572502e-03       7.270513447010e+03 
       8.041265733324e-03       7.273374245898e+03 
       8.047742203577e-03       7.276231470549e+03 
       8.054218983059e-03       7.279085121124e+03 
       8.060696071572e-03       7.281935202193e+03 
       8.067173468918e-03       7.284781714702e+03 
       8.073651174900e-03       7.287624660665e+03 
       8.080129189323e-03       7.290464042101e+03 
       8.086607511993e-03       7.293299861035e+03 
       8.093086142717e-03       7.296132120905e+03 
       8.099565081304e-03       7.298960815640e+03 
       8.106044327563e-03       7.301785958389e+03 
       8.112523881306e-03       7.304607546563e+03 
       8.119003742344e-03       7.307425582173e+03 
       8.125483910491e-03       7.310240067235e+03 
       8.131964385561e-03       7.313051003771e+03 
       8.138445167371e-03       7.315858394388e+03 
       8.144926255737e-03       7.318662237304e+03 
       8.151407650478e-03       7.321462539937e+03 
       8.157889351413e-03       7.324259302037e+03 
       8.164371358362e-03       7.327052525628e+03 
       8.170853671149e-03       7.329842212739e+03 
       8.177336289595e-03       7.332628365407e+03 
       8.183819213526e-03       7.335410982989e+03 
       8.190302442766e-03       7.338190072279e+03 
       8.196785977143e-03       7.340965633083e+03 
       8.203269816484e-03       7.343737666861e+03 
       8.209753960619e-03       7.346506176635e+03 
       8.216238409377e-03       7.349271163973e+03 
       8.222723162589e-03       7.352032630911e+03 
       8.229208220090e-03       7.354790577256e+03 
       8.235693581712e-03       7.357545009013e+03 
       8.242179247290e-03       7.360295926354e+03 
       8.248665216661e-03       7.363043331303e+03 
       8.255151489661e-03       7.365787226176e+03 
       8.261638066129e-03       7.368527610830e+03 
       8.268124945905e-03       7.371264490493e+03 
       8.274612128829e-03       7.373997865827e+03 
       8.281099614743e-03       7.376727738866e+03 
       8.287587403491e-03       7.379454109883e+03 
       8.294075494915e-03       7.382176984044e+03 
       8.300563888863e-03       7.384896360562e+03 
       8.307052585179e-03       7.387612243945e+03 
       8.313541583712e-03       7.390324635041e+03 
       8.320030884310e-03       7.393033535869e+03 
       8.326520486823e-03       7.395738948457e+03 
       8.333010391102e-03       7.398440874833e+03 
       8.339500596999e-03       7.401139317030e+03 
       8.345991104367e-03       7.403834277084e+03 
       8.352481913060e-03       7.406525757036e+03 
       8.358973022935e-03       7.409213758936e+03 
       8.365464433846e-03       7.411898284855e+03 
       8.371956145652e-03       7.414579330783e+03 
       8.378448158211e-03       7.417256909630e+03 
       8.384940471384e-03       7.419931018365e+03 
       8.391433085031e-03       7.422601659015e+03 
       8.397925999013e-03       7.425268833603e+03 
       8.404419213195e-03       7.427932544152e+03 
       8.410912727440e-03       7.430592792684e+03 
       8.417406541613e-03       7.433249581221e+03 
       8.423900655580e-03       7.435902911790e+03 
       8.430395069210e-03       7.438552786431e+03 
       8.436889782370e-03       7.441199207192e+03 
       8.443384794930e-03       7.443842173080e+03 
       8.449880106760e-03       7.446481691604e+03 
       8.456375717733e-03       7.449117762237e+03 
       8.462871627720e-03       7.451750386997e+03 
       8.469367836595e-03       7.454379567904e+03 
       8.475864344234e-03       7.457005306980e+03 
       8.482361150512e-03       7.459627606256e+03 
       8.488858255306e-03       7.462246467770e+03 
       8.495355658493e-03       7.464861893569e+03 
       8.501853359954e-03       7.467473885710e+03 
       8.508351359567e-03       7.470082447683e+03 
       8.514849657215e-03       7.472687572435e+03 
       8.521348252778e-03       7.475289274942e+03 
       8.527847146141e-03       7.477887551763e+03 
       8.534346337187e-03       7.480482404926e+03 
       8.540845825802e-03       7.483073835362e+03 
       8.547345611871e-03       7.485661847299e+03 
       8.553845695282e-03       7.488246441471e+03 
       8.560346075923e-03       7.490827620080e+03 
       8.566846753684e-03       7.493405385156e+03 
       8.573347728454e-03       7.495979738728e+03 
       8.579849000125e-03       7.498550682834e+03 
       8.586350568590e-03       7.501118219520e+03 
       8.592852433741e-03       7.503682346705e+03 
       8.599354595473e-03       7.506243073897e+03 
       8.605857053680e-03       7.508800399628e+03 
       8.612359808261e-03       7.511354325930e+03 
       8.618862859111e-03       7.513904854832e+03 
       8.625366206129e-03       7.516451988357e+03 
       8.631869849214e-03       7.518995728534e+03 
       8.638373788266e-03       7.521536077398e+03 
       8.644878023187e-03       7.524073034725e+03 
       8.651382553879e-03       7.526606606617e+03 
       8.657887380246e-03       7.529136793203e+03 
       8.664392502190e-03       7.531663596519e+03 
       8.670897919618e-03       7.534187018598e+03 
       8.677403632435e-03       7.536707061476e+03 
       8.683909640549e-03       7.539223727195e+03 
       8.690415943868e-03       7.541737014695e+03 
       8.696922542300e-03       7.544246931607e+03 
       8.703429435756e-03       7.546753477334e+03 
       8.709936624146e-03       7.549256652861e+03 
       8.716444107383e-03       7.551756462133e+03 
       8.722951885379e-03       7.554252906250e+03 
       8.729459958049e-03       7.556745987260e+03 
       8.735968325306e-03       7.559235707187e+03 
       8.742476987066e-03       7.561722068059e+03 
       8.748985943247e-03       7.564205071908e+03 
       8.755495193766e-03       7.566684720776e+03 
       8.762004738541e-03       7.569161012153e+03 
       8.768514577491e-03       7.571633956632e+03 
       8.775024710538e-03       7.574103551831e+03 
       8.781535137602e-03       7.576569800019e+03 
       8.788045858606e-03       7.579032703220e+03 
       8.794556873473e-03       7.581492263454e+03 
       8.801068182127e-03       7.583948482744e+03 
       8.807579784493e-03       7.586401363114e+03 
       8.814091680497e-03       7.588850904052e+03 
       8.820603870066e-03       7.591297112533e+03 
       8.827116353127e-03       7.593739987802e+03 
       8.833629129610e-03       7.596179532168e+03 
       8.840142199444e-03       7.598615747660e+03 
       8.846655562560e-03       7.601048636309e+03 
       8.853169218888e-03       7.603478200144e+03 
       8.859683168362e-03       7.605904441215e+03 
       8.866197410915e-03       7.608327357964e+03 
       8.872711946480e-03       7.610746958878e+03 
       8.879226774993e-03       7.613163242960e+03 
       8.885741896390e-03       7.615576211125e+03 
       8.892257310607e-03       7.617985867406e+03 
       8.898773017583e-03       7.620392212885e+03 
       8.905289017256e-03       7.622795249580e+03 
       8.911805309566e-03       7.625194979511e+03 
       8.918321894452e-03       7.627591404698e+03 
       8.924838771856e-03       7.629984527167e+03 
       8.931355941721e-03       7.632374348960e+03 
       8.937873403990e-03       7.634760867379e+03 
       8.944391158606e-03       7.637144093039e+03 
       8.950909205514e-03       7.639524023932e+03 
       8.957427544660e-03       7.641900662075e+03 
       8.963946175990e-03       7.644274009482e+03 
       8.970465099452e-03       7.646644068167e+03 
       8.976984314995e-03       7.649010840144e+03 
       8.983503822566e-03       7.651374327431e+03 
       8.990023622118e-03       7.653734529536e+03 
       8.996543713599e-03       7.656091453034e+03 
       9.003064096963e-03       7.658445097802e+03 
       9.009584772161e-03       7.660795465863e+03 
       9.016105739147e-03       7.663142559236e+03 
       9.022626997876e-03       7.665486379942e+03 
       9.029148548302e-03       7.667826930006e+03 
       9.035670390382e-03       7.670164208085e+03 
       9.042192524073e-03       7.672498222309e+03 
       9.048714949332e-03       7.674828971818e+03 
       9.055237666117e-03       7.677156458969e+03 
       9.061760674389e-03       7.679480683450e+03 
       9.068283974108e-03       7.681801650644e+03 
       9.074807565234e-03       7.684119361128e+03 
       9.081331447729e-03       7.686433816911e+03 
       9.087855621557e-03       7.688745020003e+03 
       9.094380086681e-03       7.691052972417e+03 
       9.100904843065e-03       7.693357676173e+03 
       9.107429890675e-03       7.695659135175e+03 
       9.113955229476e-03       7.697957340467e+03 
       9.120480859436e-03       7.700252309425e+03 
       9.127006780523e-03       7.702544037622e+03 
       9.133532992704e-03       7.704832527062e+03 
       9.140059495950e-03       7.707117779751e+03 
       9.146586290230e-03       7.709399797684e+03 
       9.153113375516e-03       7.711678582875e+03 
       9.159640751780e-03       7.713954138353e+03 
       9.166168418993e-03       7.716226460255e+03 
       9.172696377130e-03       7.718495558751e+03 
       9.179224626165e-03       7.720761432437e+03 
       9.185753166072e-03       7.723024083319e+03 
       9.192281996829e-03       7.725283513405e+03 
       9.198811118411e-03       7.727539724705e+03 
       9.205340530796e-03       7.729792719232e+03 
       9.211870233963e-03       7.732042495295e+03 
       9.218400227890e-03       7.734289061648e+03 
       9.224930512557e-03       7.736532417117e+03 
       9.231461087946e-03       7.738772562529e+03 
       9.237991954037e-03       7.741009501997e+03 
       9.244523110813e-03       7.743243236558e+03 
       9.251054558257e-03       7.745473768188e+03 
       9.257586296353e-03       7.747701098884e+03 
       9.264118325085e-03       7.749925230643e+03 
       9.270650644439e-03       7.752146165472e+03 
       9.277183254402e-03       7.754363905381e+03 
       9.283716154960e-03       7.756578449580e+03 
       9.290249346101e-03       7.758789802769e+03 
       9.296782827814e-03       7.760997968977e+03 
       9.303316600087e-03       7.763202948086e+03 
       9.309850662912e-03       7.765404742108e+03 
       9.316385016279e-03       7.767603353026e+03 
       9.322919660180e-03       7.769798782831e+03 
       9.329454594608e-03       7.771991033519e+03 
       9.335989819554e-03       7.774180107852e+03 
       9.342525335015e-03       7.776366002606e+03 
       9.349061140984e-03       7.778548727404e+03 
       9.355597237456e-03       7.780728280963e+03 
       9.362133624429e-03       7.782904665273e+03 
       9.368670301899e-03       7.785077882330e+03 
       9.375207269865e-03       7.787247934128e+03 
       9.381744528324e-03       7.789414822670e+03 
       9.388282077276e-03       7.791578546157e+03 
       9.394819916721e-03       7.793739113534e+03 
       9.401358046661e-03       7.795896523502e+03 
       9.407896467096e-03       7.798050778577e+03 
       9.414435178030e-03       7.800201877742e+03 
       9.420974179465e-03       7.802349827153e+03 
       9.427513471405e-03       7.804494627051e+03 
       9.434053053854e-03       7.806636279420e+03 
       9.440592926819e-03       7.808774786243e+03 
       9.447133090306e-03       7.810910149507e+03 
       9.453673544320e-03       7.813042371207e+03 
       9.460214288871e-03       7.815171453351e+03 
       9.466755323965e-03       7.817297392279e+03 
       9.473296649613e-03       7.819420200324e+03 
       9.479838265825e-03       7.821539874589e+03 
       9.486380172609e-03       7.823656417049e+03 
       9.492922369980e-03       7.825769829684e+03 
       9.499464857947e-03       7.827880114466e+03 
       9.506007636524e-03       7.829987273374e+03 
       9.512550705724e-03       7.832091308389e+03 
       9.519094065563e-03       7.834192218707e+03 
       9.525637716054e-03       7.836290011390e+03 
       9.532181657213e-03       7.838384686047e+03 
       9.538725889057e-03       7.840476244625e+03 
       9.545270411603e-03       7.842564689100e+03 
       9.551815224869e-03       7.844650021453e+03 
       9.558360328874e-03       7.846732243664e+03 
       9.564905723637e-03       7.848811357719e+03 
       9.571451409177e-03       7.850887361468e+03 
       9.577997385516e-03       7.852960264465e+03 
       9.584543652676e-03       7.855030065104e+03 
       9.591090210677e-03       7.857096764867e+03 
       9.597637059545e-03       7.859160365669e+03 
       9.604184199301e-03       7.861220870798e+03 
       9.610731629970e-03       7.863278281400e+03 
       9.617279351578e-03       7.865332599443e+03 
       9.623827364150e-03       7.867383826892e+03 
       9.630375667713e-03       7.869431965717e+03 
       9.636924262293e-03       7.871477017898e+03 
       9.643473147919e-03       7.873518985439e+03 
       9.650022324620e-03       7.875557864389e+03 
       9.656571792425e-03       7.877593667578e+03 
       9.663121551363e-03       7.879626391851e+03 
       9.669671601465e-03       7.881656039152e+03 
       9.676221942763e-03       7.883682611456e+03 
       9.682772575290e-03       7.885706110716e+03 
       9.689323499077e-03       7.887726538892e+03 
       9.695874714158e-03       7.889743897948e+03 
       9.702426220568e-03       7.891758186498e+03 
       9.708978018341e-03       7.893769413140e+03 
       9.715530107514e-03       7.895777576046e+03 
       9.722082488121e-03       7.897782677583e+03 
       9.728635160201e-03       7.899784719709e+03 
       9.735188123791e-03       7.901783704387e+03 
       9.741741378929e-03       7.903779633581e+03 
       9.748294925655e-03       7.905772509263e+03 
       9.754848764007e-03       7.907762329069e+03 
       9.761402894027e-03       7.909749102902e+03 
       9.767957315756e-03       7.911732828964e+03 
       9.774512029235e-03       7.913713509803e+03 
       9.781067034508e-03       7.915691143991e+03 
       9.787622331616e-03       7.917665738191e+03 
       9.794177920604e-03       7.919637292381e+03 
       9.800733801516e-03       7.921605808510e+03 
       9.807289974399e-03       7.923571288529e+03 
       9.813846439296e-03       7.925533734397e+03 
       9.820403196256e-03       7.927493148068e+03 
       9.826960245325e-03       7.929449531517e+03 
       9.833517586551e-03       7.931402880499e+03 
       9.840075219982e-03       7.933353208372e+03 
       9.846633145669e-03       7.935300511695e+03 
       9.853191363661e-03       7.937244792406e+03 
       9.859749874008e-03       7.939186052448e+03 
       9.866308676761e-03       7.941124293762e+03 
       9.872867771974e-03       7.943059518290e+03 
       9.879427159697e-03       7.944991727979e+03 
       9.885986839985e-03       7.946920926069e+03 
       9.892546812891e-03       7.948847107093e+03 
       9.899107078471e-03       7.950770283350e+03 
       9.905667636778e-03       7.952690452434e+03 
       9.912228487869e-03       7.954607616285e+03 
       9.918789631801e-03       7.956521776848e+03 
       9.925351068631e-03       7.958432936068e+03 
       9.931912798417e-03       7.960341095897e+03 
       9.938474821217e-03       7.962246253617e+03 
       9.945037137090e-03       7.964148420069e+03 
       9.951599746097e-03       7.966047592554e+03 
       9.958162648298e-03       7.967943773256e+03 
       9.964725843753e-03       7.969836962511e+03 
       9.971289332526e-03       7.971727165198e+03 
       9.977853114677e-03       7.973614381855e+03 
       9.984417190271e-03       7.975498614412e+03 
       9.990981559371e-03       7.977379864801e+03 
       9.997546222042e-03       7.979258134956e+03 
       1.000411117835e-02       7.981133426814e+03 
       1.001067642836e-02       7.983005742320e+03 
       1.001724197213e-02       7.984875085759e+03 
       1.002380780974e-02       7.986741444935e+03 
       1.003037394125e-02       7.988604841874e+03 
       1.003694036674e-02       7.990465269993e+03 
       1.004350708626e-02       7.992322731212e+03 
       1.005007409989e-02       7.994177227454e+03 
       1.005664140770e-02       7.996028760640e+03 
       1.006320900976e-02       7.997877332699e+03 
       1.006977690614e-02       7.999722945547e+03 
       1.007634509692e-02       8.001565600300e+03 
       1.008291358216e-02       8.003405300360e+03 
       1.008948236195e-02       8.005242048033e+03 
       1.009605143634e-02       8.007075836975e+03 
       1.010262080543e-02       8.008906681657e+03 
       1.010919046928e-02       8.010734578520e+03 
       1.011576042797e-02       8.012559527859e+03 
       1.012233068157e-02       8.014381534570e+03 
       1.012890123017e-02       8.016200599155e+03 
       1.013547207385e-02       8.018016723518e+03 
       1.014204321267e-02       8.019829909566e+03 
       1.014861464672e-02       8.021640159211e+03 
       1.015518637608e-02       8.023447474371e+03 
       1.016175840083e-02       8.025251856977e+03 
       1.016833072105e-02       8.027053310241e+03 
       1.017490333682e-02       8.028851824958e+03 
       1.018147624822e-02       8.030647420302e+03 
       1.018804945534e-02       8.032440090559e+03 
       1.019462295827e-02       8.034229837629e+03 
       1.020119675707e-02       8.036016663408e+03 
       1.020777085185e-02       8.037800569795e+03 
       1.021434524268e-02       8.039581557940e+03 
       1.022091992965e-02       8.041359631109e+03 
       1.022749491285e-02       8.043134790569e+03 
       1.023407019236e-02       8.044907038236e+03 
       1.024064576827e-02       8.046676376033e+03 
       1.024722164068e-02       8.048442800735e+03 
       1.025379780966e-02       8.050206323700e+03 
       1.026037427532e-02       8.051966942352e+03 
       1.026695103773e-02       8.053724657497e+03 
       1.027352809699e-02       8.055479472399e+03 
       1.028010545320e-02       8.057231389148e+03 
       1.028668310644e-02       8.058980409085e+03 
       1.029326105681e-02       8.060726534105e+03 
       1.029983930439e-02       8.062469766104e+03 
       1.030641784929e-02       8.064210106986e+03 
       1.031299669160e-02       8.065947558661e+03 
       1.031957583142e-02       8.067682123054e+03 
       1.032615526883e-02       8.069413794681e+03 
       1.033273500394e-02       8.071142589016e+03 
       1.033931503684e-02       8.072868501513e+03 
       1.034589536764e-02       8.074591534045e+03 
       1.035247599642e-02       8.076311688489e+03 
       1.035905692329e-02       8.078028966724e+03 
       1.036563814834e-02       8.079743370638e+03 
       1.037221967169e-02       8.081454902125e+03 
       1.037880149342e-02       8.083163558893e+03 
       1.038538361364e-02       8.084869351190e+03 
       1.039196603245e-02       8.086572276044e+03 
       1.039854874996e-02       8.088272335880e+03 
       1.040513176626e-02       8.089969532569e+03 
       1.041171508146e-02       8.091663867983e+03 
       1.041829869567e-02       8.093355344005e+03 
       1.042488260898e-02       8.095043962526e+03 
       1.043146682151e-02       8.096729720187e+03 
       1.043805133336e-02       8.098412628541e+03 
       1.044463614464e-02       8.100092684891e+03 
       1.045122125545e-02       8.101769891460e+03 
       1.045780666591e-02       8.103444247129e+03 
       1.046439237611e-02       8.105115758351e+03 
       1.047097838618e-02       8.106784424967e+03 
       1.047756469621e-02       8.108450248836e+03 
       1.048415130632e-02       8.110113231820e+03 
       1.049073821663e-02       8.111773375785e+03 
       1.049732542723e-02       8.113430682612e+03 
       1.050391293825e-02       8.115085154198e+03 
       1.051050074980e-02       8.116736784987e+03 
       1.051708886198e-02       8.118385590552e+03 
       1.052367727492e-02       8.120031566280e+03 
       1.053026598872e-02       8.121674714002e+03 
       1.053685500351e-02       8.123315035569e+03 
       1.054344431940e-02       8.124952532828e+03 
       1.055003393650e-02       8.126587207630e+03 
       1.055662385493e-02       8.128219061831e+03 
       1.056321407480e-02       8.129848098258e+03 
       1.056980459625e-02       8.131474311660e+03 
       1.057639541937e-02       8.133097714548e+03 
       1.058298654430e-02       8.134718304138e+03 
       1.058957797116e-02       8.136336082281e+03 
       1.059616970005e-02       8.137951050828e+03 
       1.060276173112e-02       8.139563211632e+03 
       1.060935406446e-02       8.141172566552e+03 
       1.061594670021e-02       8.142779113330e+03 
       1.062253963850e-02       8.144382860089e+03 
       1.062913287943e-02       8.145983807521e+03 
       1.063572642314e-02       8.147581956295e+03 
       1.064232026975e-02       8.149177306336e+03 
       1.064891441939e-02       8.150769863023e+03 
       1.065550887218e-02       8.152359626515e+03 
       1.066210362824e-02       8.153946598649e+03 
       1.066869868771e-02       8.155530781264e+03 
       1.067529405071e-02       8.157112176200e+03 
       1.068188971737e-02       8.158690785298e+03 
       1.068848568781e-02       8.160266610413e+03 
       1.069508196217e-02       8.161839654540e+03 
       1.070167854058e-02       8.163409907531e+03 
       1.070827542316e-02       8.164977390440e+03 
       1.071487261004e-02       8.166542096489e+03 
       1.072147010136e-02       8.168104027501e+03 
       1.072806789725e-02       8.169663185301e+03 
       1.073466599785e-02       8.171219571716e+03 
       1.074126440327e-02       8.172773188577e+03 
       1.074786311366e-02       8.174324037718e+03 
       1.075446212916e-02       8.175872116773e+03 
       1.076106144989e-02       8.177417435304e+03 
       1.076766107599e-02       8.178959991451e+03 
       1.077426100759e-02       8.180499787031e+03 
       1.078086124484e-02       8.182036823862e+03 
       1.078746178787e-02       8.183571103773e+03 
       1.079406263682e-02       8.185102628595e+03 
       1.080066379182e-02       8.186631400080e+03 
       1.080726525302e-02       8.188157414311e+03 
       1.081386702055e-02       8.189680683944e+03 
       1.082046909455e-02       8.191201205616e+03 
       1.082707147517e-02       8.192718978984e+03 
       1.083367416254e-02       8.194234010122e+03 
       1.084027715681e-02       8.195746298405e+03 
       1.084688045811e-02       8.197255845890e+03 
       1.085348406659e-02       8.198762654383e+03 
       1.086008798240e-02       8.200266725697e+03 
       1.086669220568e-02       8.201768061650e+03 
       1.087329673656e-02       8.203266664066e+03 
       1.087990157520e-02       8.204762534772e+03 
       1.088650672174e-02       8.206255667209e+03 
       1.089311217633e-02       8.207746078699e+03 
       1.089971793912e-02       8.209233763662e+03 
       1.090632401024e-02       8.210718723887e+03 
       1.091293038985e-02       8.212200961169e+03 
       1.091953707810e-02       8.213680477295e+03 
       1.092614407514e-02       8.215157274069e+03 
       1.093275138111e-02       8.216631353298e+03 
       1.093935899616e-02       8.218102718312e+03 
       1.094596692045e-02       8.219571361676e+03 
       1.095257515412e-02       8.221037298371e+03 
       1.095918369734e-02       8.222500524575e+03 
       1.096579255024e-02       8.223961042073e+03 
       1.097240171298e-02       8.225418852649e+03 
       1.097901118572e-02       8.226873958095e+03 
       1.098562096861e-02       8.228326360214e+03 
       1.099223106180e-02       8.229776060551e+03 
       1.099884146545e-02       8.231223055075e+03 
       1.100545217972e-02       8.232667357025e+03 
       1.101206320475e-02       8.234108962670e+03 
       1.101867454072e-02       8.235547871667e+03 
       1.102528618776e-02       8.236984089696e+03 
       1.103189814605e-02       8.238417616678e+03 
       1.103851041573e-02       8.239848454382e+03 
       1.104512299698e-02       8.241276604581e+03 
       1.105173588994e-02       8.242702069051e+03 
       1.105834909478e-02       8.244124849581e+03 
       1.106496261165e-02       8.245544947967e+03 
       1.107157644073e-02       8.246962366119e+03 
       1.107819058217e-02       8.248377096407e+03 
       1.108480503613e-02       8.249789157798e+03 
       1.109141980277e-02       8.251198543942e+03 
       1.109803488226e-02       8.252605256603e+03 
       1.110465027477e-02       8.254009297531e+03 
       1.111126598045e-02       8.255410668498e+03 
       1.111788199947e-02       8.256809371261e+03 
       1.112449833200e-02       8.258205407592e+03 
       1.113111497820e-02       8.259598777147e+03 
       1.113773193824e-02       8.260989483044e+03 
       1.114434921229e-02       8.262377529958e+03 
       1.115096680051e-02       8.263762917380e+03 
       1.115758470308e-02       8.265145647071e+03 
       1.116420292015e-02       8.266525720791e+03 
       1.117082145191e-02       8.267903140304e+03 
       1.117744029851e-02       8.269277907380e+03 
       1.118405946014e-02       8.270650017991e+03 
       1.119067893695e-02       8.272019484277e+03 
       1.119729872913e-02       8.273386303590e+03 
       1.120391883684e-02       8.274750477329e+03 
       1.121053926026e-02       8.276112005037e+03 
       1.121715999956e-02       8.277470892567e+03 
       1.122378105492e-02       8.278827139718e+03 
       1.123040242650e-02       8.280180748234e+03 
       1.123702411448e-02       8.281531719862e+03 
       1.124364611905e-02       8.282880056350e+03 
       1.125026844036e-02       8.284225759448e+03 
       1.125689107861e-02       8.285568830920e+03 
       1.126351403396e-02       8.286909272308e+03 
       1.127013730660e-02       8.288247076549e+03 
       1.127676089670e-02       8.289582262341e+03 
       1.128338480444e-02       8.290914823272e+03 
       1.129000903001e-02       8.292244761078e+03 
       1.129663357357e-02       8.293572077494e+03 
       1.130325843531e-02       8.294896774272e+03 
       1.130988361542e-02       8.296218853101e+03 
       1.131650911406e-02       8.297538315770e+03 
       1.132313493143e-02       8.298855165459e+03 
       1.132976106771e-02       8.300169394390e+03 
       1.133638752307e-02       8.301481018200e+03 
       1.134301429771e-02       8.302790032630e+03 
       1.134964139180e-02       8.304096439407e+03 
       1.135626880554e-02       8.305400240268e+03 
       1.136289653910e-02       8.306701436952e+03 
       1.136952459267e-02       8.308000031202e+03 
       1.137615296645e-02       8.309296026122e+03 
       1.138278166060e-02       8.310589412275e+03 
       1.138941067533e-02       8.311880208656e+03 
       1.139604001082e-02       8.313168409357e+03 
       1.140266966726e-02       8.314454013475e+03 
       1.140929964483e-02       8.315737028034e+03 
       1.141592994373e-02       8.317017451617e+03 
       1.142256056414e-02       8.318295286332e+03 
       1.142919150627e-02       8.319570533858e+03 
       1.143582277029e-02       8.320843195957e+03 
       1.144245435640e-02       8.322113274346e+03 
       1.144908626479e-02       8.323380770760e+03 
       1.145571849566e-02       8.324645686935e+03 
       1.146235104919e-02       8.325908015304e+03 
       1.146898392559e-02       8.327167774736e+03 
       1.147561712504e-02       8.328424959006e+03 
       1.148225064774e-02       8.329679569646e+03 
       1.148888449388e-02       8.330931608356e+03 
       1.149551866367e-02       8.332181076837e+03 
       1.150215315730e-02       8.333427976800e+03 
       1.150878797496e-02       8.334672309958e+03 
       1.151542311685e-02       8.335914078033e+03 
       1.152205858317e-02       8.337153277665e+03 
       1.152869437413e-02       8.338389920033e+03 
       1.153533048991e-02       8.339624002281e+03 
       1.154196693072e-02       8.340855526124e+03 
       1.154860369675e-02       8.342084493256e+03 
       1.155524078822e-02       8.343310905376e+03 
       1.156187820531e-02       8.344534764188e+03 
       1.156851594824e-02       8.345756071406e+03 
       1.157515401720e-02       8.346974820761e+03 
       1.158179241240e-02       8.348191030088e+03 
       1.158843113404e-02       8.349404691681e+03 
       1.159507018233e-02       8.350615808322e+03 
       1.160170955746e-02       8.351824379244e+03 
       1.160834925965e-02       8.353030410710e+03 
       1.161498928910e-02       8.354233902221e+03 
       1.162162964601e-02       8.355434855456e+03 
       1.162827033060e-02       8.356633272098e+03 
       1.163491134306e-02       8.357829153834e+03 
       1.164155268362e-02       8.359022502358e+03 
       1.164819435247e-02       8.360213319374e+03 
       1.165483634982e-02       8.361401606606e+03 
       1.166147867589e-02       8.362587355532e+03 
       1.166812133088e-02       8.363770586912e+03 
       1.167476431500e-02       8.364951293324e+03 
       1.168140762848e-02       8.366129476443e+03 
       1.168805127150e-02       8.367305137941e+03 
       1.169469524430e-02       8.368478279486e+03 
       1.170133954708e-02       8.369648902750e+03 
       1.170798418005e-02       8.370817009411e+03 
       1.171462914343e-02       8.371982601157e+03 
       1.172127443743e-02       8.373145674293e+03 
       1.172792006227e-02       8.374306240491e+03 
       1.173456601816e-02       8.375464296677e+03 
       1.174121230532e-02       8.376619844509e+03 
       1.174785892396e-02       8.377772885658e+03 
       1.175450587431e-02       8.378923421797e+03 
       1.176115315657e-02       8.380071454605e+03 
       1.176780077097e-02       8.381216985763e+03 
       1.177444871773e-02       8.382360010123e+03 
       1.178109699705e-02       8.383500541661e+03 
       1.178774560918e-02       8.384638576781e+03 
       1.179439455431e-02       8.385774116738e+03 
       1.180104383268e-02       8.386907160626e+03 
       1.180769344451e-02       8.388037714908e+03 
       1.181434339001e-02       8.389165778935e+03 
       1.182099366941e-02       8.390291354375e+03 
       1.182764428293e-02       8.391414442887e+03 
       1.183429523080e-02       8.392535046128e+03 
       1.184094651324e-02       8.393653165764e+03 
       1.184759813047e-02       8.394768803463e+03 
       1.185425008272e-02       8.395881960902e+03 
       1.186090237021e-02       8.396992628063e+03 
       1.186755499317e-02       8.398100829826e+03 
       1.187420795183e-02       8.399206554838e+03 
       1.188086124641e-02       8.400309805949e+03 
       1.188751487714e-02       8.401410584803e+03 
       1.189416884426e-02       8.402508893049e+03 
       1.190082314798e-02       8.403604732335e+03 
       1.190747778853e-02       8.404698104310e+03 
       1.191413276615e-02       8.405789010628e+03 
       1.192078808107e-02       8.406877452690e+03 
       1.192744373352e-02       8.407963426758e+03 
       1.193409972373e-02       8.409046945141e+03 
       1.194075605192e-02       8.410128004288e+03 
       1.194741271834e-02       8.411206605832e+03 
       1.195406972322e-02       8.412282751411e+03 
       1.196072706678e-02       8.413356442672e+03 
       1.196738474927e-02       8.414427681271e+03 
       1.197404277092e-02       8.415496468722e+03 
       1.198070113196e-02       8.416562798971e+03 
       1.198735983263e-02       8.417626688426e+03 
       1.199401887316e-02       8.418688131613e+03 
       1.200067825380e-02       8.419747130827e+03 
       1.200733797477e-02       8.420803682816e+03 
       1.201399803632e-02       8.421857796554e+03 
       1.202065843869e-02       8.422909470445e+03 
       1.202731918211e-02       8.423958706109e+03 
       1.203398026682e-02       8.425005505170e+03 
       1.204064169307e-02       8.426049869262e+03 
       1.204730346109e-02       8.427091800027e+03 
       1.205396557112e-02       8.428131299113e+03 
       1.206062802341e-02       8.429168368181e+03 
       1.206729081820e-02       8.430202997295e+03 
       1.207395395573e-02       8.431235209705e+03 
       1.208061743624e-02       8.432264996695e+03 
       1.208728125998e-02       8.433292359869e+03 
       1.209394542719e-02       8.434317300831e+03 
       1.210060993812e-02       8.435339821189e+03 
       1.210727479300e-02       8.436359922553e+03 
       1.211393999210e-02       8.437377606542e+03 
       1.212060553565e-02       8.438392874782e+03 
       1.212727142390e-02       8.439405723102e+03 
       1.213393765710e-02       8.440416163850e+03 
       1.214060423550e-02       8.441424193662e+03 
       1.214727115934e-02       8.442429814033e+03 
       1.215393842887e-02       8.443433026570e+03 
       1.216060604435e-02       8.444433832876e+03 
       1.216727400602e-02       8.445432234558e+03 
       1.217394231413e-02       8.446428233231e+03 
       1.218061096894e-02       8.447421831264e+03 
       1.218727997070e-02       8.448413019316e+03 
       1.219394931965e-02       8.449401817499e+03 
       1.220061901606e-02       8.450388218922e+03 
       1.220728906017e-02       8.451372225754e+03 
       1.221395945224e-02       8.452353836083e+03 
       1.222063019253e-02       8.453333056563e+03 
       1.222730128128e-02       8.454309886631e+03 
       1.223397271876e-02       8.455284327886e+03 
       1.224064450521e-02       8.456256381937e+03 
       1.224731664091e-02       8.457226043340e+03 
       1.225398912610e-02       8.458193326910e+03 
       1.226066196104e-02       8.459158227845e+03 
       1.226733514599e-02       8.460120747765e+03 
       1.227400868120e-02       8.461080888259e+03 
       1.228068256695e-02       8.462038650878e+03 
       1.228735680348e-02       8.462994033494e+03 
       1.229403139106e-02       8.463947044778e+03 
       1.230070632995e-02       8.464897682913e+03 
       1.230738162041e-02       8.465845949485e+03 
       1.231405726270e-02       8.466791846087e+03 
       1.232073325709e-02       8.467735369197e+03 
       1.232740960383e-02       8.468676529911e+03 
       1.233408630320e-02       8.469615326162e+03 
       1.234076335545e-02       8.470551752312e+03 
       1.234744076085e-02       8.471485821191e+03 
       1.235411851967e-02       8.472417529328e+03 
       1.236079663217e-02       8.473346878291e+03 
       1.236747509861e-02       8.474273869649e+03 
       1.237415391927e-02       8.475198504967e+03 
       1.238083309441e-02       8.476120785811e+03 
       1.238751262430e-02       8.477040713746e+03 
       1.239419250921e-02       8.477958290337e+03 
       1.240087274941e-02       8.478873517152e+03 
       1.240755334516e-02       8.479786395758e+03 
       1.241423429674e-02       8.480696927736e+03 
       1.242091560442e-02       8.481605114650e+03 
       1.242759726846e-02       8.482510958114e+03 
       1.243427928915e-02       8.483414459046e+03 
       1.244096166675e-02       8.484315601447e+03 
       1.244764440153e-02       8.485214421739e+03 
       1.245432749378e-02       8.486110904501e+03 
       1.246101094375e-02       8.487005051279e+03 
       1.246769475173e-02       8.487896863616e+03 
       1.247437891800e-02       8.488786343055e+03 
       1.248106344282e-02       8.489673491137e+03 
       1.248774832648e-02       8.490558309400e+03 
       1.249443356925e-02       8.491440799382e+03 
       1.250111917140e-02       8.492320962620e+03 
       1.250780513322e-02       8.493198800658e+03 
       1.251449145499e-02       8.494074315040e+03 
       1.252117813697e-02       8.494947507322e+03 
       1.252786517946e-02       8.495818379062e+03 
       1.253455258273e-02       8.496686931833e+03 
       1.254124034706e-02       8.497553157240e+03 
       1.254792847274e-02       8.498417075386e+03 
       1.255461696004e-02       8.499278679152e+03 
       1.256130580924e-02       8.500137969903e+03 
       1.256799502064e-02       8.500994949166e+03 
       1.257468459451e-02       8.501849618468e+03 
       1.258137453114e-02       8.502701979327e+03 
       1.258806483080e-02       8.503552033272e+03 
       1.259475549379e-02       8.504399781833e+03 
       1.260144652040e-02       8.505245226542e+03 
       1.260813791090e-02       8.506088368940e+03 
       1.261482966558e-02       8.506929210575e+03 
       1.262152178473e-02       8.507767752995e+03 
       1.262821426864e-02       8.508603997761e+03 
       1.263490711760e-02       8.509437951420e+03 
       1.264160033189e-02       8.510269585155e+03 
       1.264829391181e-02       8.511098944406e+03 
       1.265498785764e-02       8.511926011852e+03 
       1.266168216967e-02       8.512750789003e+03 
       1.266837684820e-02       8.513573277372e+03 
       1.267507189351e-02       8.514393478475e+03 
       1.268176730591e-02       8.515211390678e+03 
       1.268846308567e-02       8.516027021451e+03 
       1.269515923310e-02       8.516840369443e+03 
       1.270185574848e-02       8.517651436173e+03 
       1.270855263212e-02       8.518460223157e+03 
       1.271524988431e-02       8.519266731910e+03 
       1.272194750533e-02       8.520070963949e+03 
       1.272864549550e-02       8.520872920795e+03 
       1.273534385509e-02       8.521672603979e+03 
       1.274204258442e-02       8.522470015013e+03 
       1.274874168378e-02       8.523265141623e+03 
       1.275544115346e-02       8.524058012370e+03 
       1.276214099377e-02       8.524848614395e+03 
       1.276884120500e-02       8.525636950066e+03 
       1.277554178746e-02       8.526423020882e+03 
       1.278224274144e-02       8.527206828345e+03 
       1.278894406725e-02       8.527988373957e+03 
       1.279564576518e-02       8.528767659221e+03 
       1.280234783555e-02       8.529544685640e+03 
       1.280905027864e-02       8.530319454722e+03 
       1.281575309477e-02       8.531091966302e+03 
       1.282245628423e-02       8.531862219425e+03 
       1.282915984734e-02       8.532630224617e+03 
       1.283586378439e-02       8.533395978310e+03 
       1.284256809570e-02       8.534159481990e+03 
       1.284927278156e-02       8.534920737152e+03 
       1.285597784229e-02       8.535679745291e+03 
       1.286268327819e-02       8.536436507911e+03 
       1.286938908956e-02       8.537191026518e+03 
       1.287609527673e-02       8.537943303306e+03 
       1.288280183999e-02       8.538693327703e+03 
       1.288950877965e-02       8.539441122156e+03 
       1.289621609603e-02       8.540186678396e+03 
       1.290292378943e-02       8.540929997905e+03 
       1.290963186017e-02       8.541671078727e+03 
       1.291634030856e-02       8.542409928812e+03 
       1.292304913490e-02       8.543146546521e+03 
       1.292975833952e-02       8.543880933328e+03 
       1.293646792272e-02       8.544613090723e+03 
       1.294317788482e-02       8.545343020149e+03 
       1.294988822613e-02       8.546070723128e+03 
       1.295659894697e-02       8.546796201134e+03 
       1.296331004765e-02       8.547519455662e+03 
       1.297002152849e-02       8.548240488213e+03 
       1.297673338981e-02       8.548959306116e+03 
       1.298344563191e-02       8.549675878351e+03 
       1.299015825513e-02       8.550390252194e+03 
       1.299687125978e-02       8.551102409699e+03 
       1.300358464617e-02       8.551812352323e+03 
       1.301029841463e-02       8.552520081523e+03 
       1.301701256548e-02       8.553225598760e+03 
       1.302372709903e-02       8.553928905501e+03 
       1.303044201561e-02       8.554630003214e+03 
       1.303715731554e-02       8.555328893365e+03 
       1.304387299914e-02       8.556025577442e+03 
       1.305058906673e-02       8.556720049384e+03 
       1.305730551864e-02       8.557412324919e+03 
       1.306402235520e-02       8.558102398598e+03 
       1.307073957672e-02       8.558790271901e+03 
       1.307745718353e-02       8.559475946277e+03 
       1.308417517595e-02       8.560159423175e+03 
       1.309089355432e-02       8.560840704052e+03 
       1.309761231896e-02       8.561519790367e+03 
       1.310433147019e-02       8.562196683588e+03 
       1.311105100835e-02       8.562871385703e+03 
       1.311777093376e-02       8.563543885861e+03 
       1.312449124675e-02       8.564214207422e+03 
       1.313121194765e-02       8.564882341549e+03 
       1.313793303680e-02       8.565548289694e+03 
       1.314465451452e-02       8.566212049896e+03 
       1.315137638114e-02       8.566873629972e+03 
       1.315809863699e-02       8.567533028392e+03 
       1.316482128242e-02       8.568190246525e+03 
       1.317154431774e-02       8.568845285806e+03 
       1.317826774330e-02       8.569498147680e+03 
       1.318499155942e-02       8.570148833583e+03 
       1.319171576645e-02       8.570797344967e+03 
       1.319844036472e-02       8.571443683286e+03 
       1.320516535456e-02       8.572087850005e+03 
       1.321189073632e-02       8.572729850892e+03 
       1.321861651032e-02       8.573369659229e+03 
       1.322534267690e-02       8.574007318220e+03 
       1.323206923641e-02       8.574642811141e+03 
       1.323879618919e-02       8.575276139413e+03 
       1.324552353556e-02       8.575907304459e+03 
       1.325225127588e-02       8.576536307703e+03 
       1.325897941047e-02       8.577163150569e+03 
       1.326570793969e-02       8.577787834486e+03 
       1.327243686388e-02       8.578410360883e+03 
       1.327916618337e-02       8.579030731204e+03 
       1.328589589852e-02       8.579648939133e+03 
       1.329262600965e-02       8.580265000826e+03 
       1.329935651713e-02       8.580878910541e+03 
       1.330608742128e-02       8.581490669752e+03 
       1.331281872246e-02       8.582100279881e+03 
       1.331955042102e-02       8.582707742352e+03 
       1.332628251729e-02       8.583313058588e+03 
       1.333301501163e-02       8.583916230011e+03 
       1.333974790439e-02       8.584517258052e+03 
       1.334648119590e-02       8.585116145919e+03 
       1.335321488653e-02       8.585712878597e+03 
       1.335994897661e-02       8.586307483869e+03 
       1.336668346651e-02       8.586899951261e+03 
       1.337341835656e-02       8.587490282184e+03 
       1.338015364713e-02       8.588078474350e+03 
       1.338688933855e-02       8.588664536221e+03 
       1.339362543120e-02       8.589248465774e+03 
       1.340036192540e-02       8.589830264445e+03 
       1.340709882153e-02       8.590409933661e+03 
       1.341383611994e-02       8.590987474771e+03 
       1.342057382097e-02       8.591562889235e+03 
       1.342731192499e-02       8.592136178448e+03 
       1.343405043234e-02       8.592707343826e+03 
       1.344078934340e-02       8.593276386793e+03 
       1.344752865850e-02       8.593843310988e+03 
       1.345426837802e-02       8.594408095301e+03 
       1.346100850230e-02       8.594970777869e+03 
       1.346774903171e-02       8.595531343404e+03 
       1.347448996661e-02       8.596089793305e+03 
       1.348123130736e-02       8.596646128967e+03 
       1.348797305431e-02       8.597200351789e+03 
       1.349471520783e-02       8.597752463170e+03 
       1.350145776828e-02       8.598302464502e+03 
       1.350820073602e-02       8.598850357176e+03 
       1.351494411142e-02       8.599396142603e+03 
       1.352168789483e-02       8.599939818148e+03 
       1.352843208662e-02       8.600481388589e+03 
       1.353517668717e-02       8.601020859688e+03 
       1.354192169682e-02       8.601558228954e+03 
       1.354866711595e-02       8.602093497772e+03 
       1.355541294493e-02       8.602626667530e+03 
       1.356215918411e-02       8.603157739622e+03 
       1.356890583388e-02       8.603686715446e+03 
       1.357565289459e-02       8.604213596405e+03 
       1.358240036662e-02       8.604738383922e+03 
       1.358914825033e-02       8.605261068176e+03 
       1.359589654610e-02       8.605781671787e+03 
       1.360264525429e-02       8.606300185931e+03 
       1.360939437528e-02       8.606816611966e+03 
       1.361614390944e-02       8.607330952342e+03 
       1.362289385714e-02       8.607843201155e+03 
       1.362964421875e-02       8.608353370687e+03 
       1.363639499465e-02       8.608861457535e+03 
       1.364314618522e-02       8.609367463071e+03 
       1.364989779082e-02       8.609871388668e+03 
       1.365664981183e-02       8.610373235716e+03 
       1.366340224863e-02       8.610873005588e+03 
       1.367015510160e-02       8.611370699674e+03 
       1.367690837111e-02       8.611866319360e+03 
       1.368366205754e-02       8.612359866038e+03 
       1.369041616126e-02       8.612851347805e+03 
       1.369717068267e-02       8.613340728823e+03 
       1.370392562213e-02       8.613828062996e+03 
       1.371068098003e-02       8.614313329386e+03 
       1.371743675675e-02       8.614796529349e+03 
       1.372419295267e-02       8.615277664239e+03 
       1.373094956817e-02       8.615756735412e+03 
       1.373770660364e-02       8.616233744234e+03 
       1.374446405946e-02       8.616708692069e+03 
       1.375122193601e-02       8.617181580291e+03 
       1.375798023367e-02       8.617652410270e+03 
       1.376473895284e-02       8.618121184253e+03 
       1.377149809389e-02       8.618587891864e+03 
       1.377825765722e-02       8.619052554356e+03 
       1.378501764322e-02       8.619515163915e+03 
       1.379177805226e-02       8.619975721878e+03 
       1.379853888474e-02       8.620434229593e+03 
       1.380530014104e-02       8.620890688413e+03 
       1.381206182156e-02       8.621345099694e+03 
       1.381882392669e-02       8.621797464796e+03 
       1.382558645682e-02       8.622247785112e+03 
       1.383234941233e-02       8.622696048116e+03 
       1.383911279362e-02       8.623142283867e+03 
       1.384587660109e-02       8.623586476578e+03 
       1.385264083512e-02       8.624028629724e+03 
       1.385940549612e-02       8.624468745088e+03 
       1.386617058446e-02       8.624906818438e+03 
       1.387293610056e-02       8.625342860498e+03 
       1.387970204480e-02       8.625776868284e+03 
       1.388646841759e-02       8.626208843131e+03 
       1.389323521931e-02       8.626638786404e+03 
       1.390000245037e-02       8.627066699359e+03 
       1.390677011117e-02       8.627492583416e+03 
       1.391353820210e-02       8.627916439895e+03 
       1.392030672356e-02       8.628338270158e+03 
       1.392707567595e-02       8.628758075571e+03 
       1.393384505968e-02       8.629175863233e+03 
       1.394061487515e-02       8.629591599399e+03 
       1.394738512275e-02       8.630005336579e+03 
       1.395415580289e-02       8.630417054009e+03 
       1.396092691597e-02       8.630826753013e+03 
       1.396769846241e-02       8.631234434915e+03 
       1.397447044259e-02       8.631640101041e+03 
       1.398124285693e-02       8.632043752714e+03 
       1.398801570583e-02       8.632445391260e+03 
       1.399478898971e-02       8.632845018007e+03 
       1.400156270896e-02       8.633242634290e+03 
       1.400833686399e-02       8.633638235578e+03 
       1.401511145521e-02       8.634031831103e+03 
       1.402188648304e-02       8.634423422986e+03 
       1.402866194788e-02       8.634813009574e+03 
       1.403543785014e-02       8.635200592189e+03 
       1.404221419023e-02       8.635586172150e+03 
       1.404899096856e-02       8.635969750778e+03 
       1.405576818555e-02       8.636351329401e+03 
       1.406254584161e-02       8.636730909348e+03 
       1.406932393715e-02       8.637108491958e+03 
       1.407610247258e-02       8.637484064246e+03 
       1.408288144833e-02       8.637857656836e+03 
       1.408966086480e-02       8.638229253939e+03 
       1.409644072242e-02       8.638598858767e+03 
       1.410322102159e-02       8.638966473037e+03 
       1.411000176274e-02       8.639332092380e+03 
       1.411678294628e-02       8.639695727818e+03 
       1.412356457264e-02       8.640057376159e+03 
       1.413034664223e-02       8.640417038708e+03 
       1.413712915547e-02       8.640774716772e+03 
       1.414391211278e-02       8.641130411660e+03 
       1.415069551459e-02       8.641484124685e+03 
       1.415747936131e-02       8.641835857156e+03 
       1.416426365337e-02       8.642185610394e+03 
       1.417104839119e-02       8.642533385721e+03 
       1.417783357519e-02       8.642879188041e+03 
       1.418461920581e-02       8.643222989207e+03 
       1.419140528346e-02       8.643564836827e+03 
       1.419819180857e-02       8.643904711485e+03 
       1.420497878156e-02       8.644242614476e+03 
       1.421176620287e-02       8.644578547093e+03 
       1.421855407292e-02       8.644912510632e+03 
       1.422534239214e-02       8.645244506384e+03 
       1.423213116095e-02       8.645574535648e+03 
       1.423892037980e-02       8.645902599722e+03 
       1.424571004910e-02       8.646228699909e+03 
       1.425250016930e-02       8.646552840038e+03 
       1.425929074081e-02       8.646875003876e+03 
       1.426608176408e-02       8.647195219177e+03 
       1.427287323953e-02       8.647513475593e+03 
       1.427966516761e-02       8.647829774408e+03 
       1.428645754873e-02       8.648144116908e+03 
       1.429325038335e-02       8.648456504385e+03 
       1.430004367189e-02       8.648766938130e+03 
       1.430683741480e-02       8.649075419442e+03 
       1.431363161250e-02       8.649381949623e+03 
       1.432042626544e-02       8.649686520048e+03 
       1.432722137405e-02       8.649989150825e+03 
       1.433401693877e-02       8.650289834174e+03 
       1.434081296005e-02       8.650588571374e+03 
       1.434760943831e-02       8.650885363707e+03 
       1.435440637402e-02       8.651180212456e+03 
       1.436120376759e-02       8.651473118906e+03 
       1.436800161949e-02       8.651764084356e+03 
       1.437479993014e-02       8.652053110106e+03 
       1.438159870000e-02       8.652340178640e+03 
       1.438839792951e-02       8.652625327151e+03 
       1.439519761911e-02       8.652908539402e+03 
       1.440199776925e-02       8.653189816771e+03 
       1.440879838038e-02       8.653469160526e+03 
       1.441559945293e-02       8.653746571933e+03 
       1.442240098737e-02       8.654022052260e+03 
       1.442920298413e-02       8.654295602782e+03 
       1.443600544367e-02       8.654567224765e+03 
       1.444280836644e-02       8.654836919488e+03 
       1.444961175289e-02       8.655104689810e+03 
       1.445641560346e-02       8.655370522005e+03 
       1.446321991862e-02       8.655634441522e+03 
       1.447002469880e-02       8.655896438671e+03 
       1.447682994448e-02       8.656156514713e+03 
       1.448363565609e-02       8.656414670908e+03 
       1.449044183409e-02       8.656670908522e+03 
       1.449724847894e-02       8.656925228823e+03 
       1.450405559110e-02       8.657177633082e+03 
       1.451086317102e-02       8.657428122582e+03 
       1.451767121916e-02       8.657676701434e+03 
       1.452447973597e-02       8.657923347872e+03 
       1.453128872192e-02       8.658168099243e+03 
       1.453809817746e-02       8.658410940688e+03 
       1.454490810305e-02       8.658651873331e+03 
       1.455171849916e-02       8.658890894008e+03 
       1.455852936625e-02       8.659128012684e+03 
       1.456534070477e-02       8.659363226341e+03 
       1.457215251520e-02       8.659596536224e+03 
       1.457896479798e-02       8.659827943581e+03 
       1.458577755360e-02       8.660057449665e+03 
       1.459259078251e-02       8.660285055727e+03 
       1.459940448517e-02       8.660510763027e+03 
       1.460621866206e-02       8.660734572834e+03 
       1.461303331365e-02       8.660956486423e+03 
       1.461984844039e-02       8.661176513034e+03 
       1.462666404275e-02       8.661394609519e+03 
       1.463348012122e-02       8.661610839965e+03 
       1.464029667625e-02       8.661825178876e+03 
       1.464711370831e-02       8.662037627482e+03 
       1.465393121788e-02       8.662248187011e+03 
       1.466074920543e-02       8.662456858697e+03 
       1.466756767144e-02       8.662663643774e+03 
       1.467438661636e-02       8.662868543482e+03 
       1.468120604069e-02       8.663071559066e+03 
       1.468802594488e-02       8.663272691771e+03 
       1.469484632943e-02       8.663471932231e+03 
       1.470166719480e-02       8.663669302307e+03 
       1.470848854147e-02       8.663864792666e+03 
       1.471531036992e-02       8.664058404922e+03 
       1.472213268062e-02       8.664250140300e+03 
       1.472895547406e-02       8.664440000028e+03 
       1.473577875071e-02       8.664627985334e+03 
       1.474260251106e-02       8.664814097451e+03 
       1.474942675559e-02       8.664998337619e+03 
       1.475625148477e-02       8.665180707032e+03 
       1.476307669909e-02       8.665361192661e+03 
       1.476990239903e-02       8.665539823011e+03 
       1.477672858508e-02       8.665716586151e+03 
       1.478355525773e-02       8.665891483276e+03 
       1.479038241745e-02       8.666064514544e+03 
       1.479721006473e-02       8.666235679144e+03 
       1.480403820006e-02       8.666404985027e+03 
       1.481086682392e-02       8.666572429693e+03 
       1.481769593681e-02       8.666738014357e+03 
       1.482452553922e-02       8.666901740232e+03 
       1.483135563163e-02       8.667063608536e+03 
       1.483818621453e-02       8.667223620486e+03 
       1.484501728841e-02       8.667381777309e+03 
       1.485184885377e-02       8.667538080242e+03 
       1.485868091110e-02       8.667692530523e+03 
       1.486551346089e-02       8.667845109462e+03 
       1.487234650364e-02       8.667995855830e+03 
       1.487918003984e-02       8.668144753272e+03 
       1.488601406998e-02       8.668291802606e+03 
       1.489284859456e-02       8.668437005036e+03 
       1.489968361408e-02       8.668580361763e+03 
       1.490651912904e-02       8.668721874002e+03 
       1.491335513993e-02       8.668861542948e+03 
       1.492019164726e-02       8.668999369812e+03 
       1.492702865152e-02       8.669135355803e+03 
       1.493386615321e-02       8.669269501754e+03 
       1.494070415284e-02       8.669401799001e+03 
       1.494754265090e-02       8.669532268566e+03 
       1.495438164790e-02       8.669660901901e+03 
       1.496122114435e-02       8.669787700202e+03 
       1.496806114074e-02       8.669912664664e+03 
       1.497490163758e-02       8.670035796486e+03 
       1.498174263539e-02       8.670157096871e+03 
       1.498858413465e-02       8.670276567031e+03 
       1.499542613589e-02       8.670394208182e+03 
       1.500226863960e-02       8.670510025010e+03 
       1.500911164631e-02       8.670623992810e+03 
       1.501595515651e-02       8.670736152700e+03 
       1.502279917072e-02       8.670846488159e+03 
       1.502964368944e-02       8.670955000377e+03 
       1.503648871320e-02       8.671061685514e+03 
       1.504333424249e-02       8.671166554235e+03 
       1.505018027785e-02       8.671269603284e+03 
       1.505702681977e-02       8.671370833747e+03 
       1.506387386877e-02       8.671470246805e+03 
       1.507072142538e-02       8.671567843644e+03 
       1.507756949010e-02       8.671663625455e+03 
       1.508441806345e-02       8.671757593433e+03 
       1.509126714595e-02       8.671849748777e+03 
       1.509811673811e-02       8.671940092703e+03 
       1.510496684047e-02       8.672028626263e+03 
       1.511181745353e-02       8.672115329541e+03 
       1.511866857782e-02       8.672200244376e+03 
       1.512552021386e-02       8.672283352272e+03 
       1.513237236217e-02       8.672364654363e+03 
       1.513922502328e-02       8.672444151819e+03 
       1.514607819770e-02       8.672521845808e+03 
       1.515293188596e-02       8.672597737501e+03 
       1.515978608860e-02       8.672671828075e+03 
       1.516664080612e-02       8.672744118702e+03 
       1.517349603907e-02       8.672814610568e+03 
       1.518035178796e-02       8.672883305962e+03 
       1.518720805334e-02       8.672950191106e+03 
       1.519406483571e-02       8.673015292670e+03 
       1.520092213562e-02       8.673078600006e+03 
       1.520777995360e-02       8.673140114284e+03 
       1.521463829018e-02       8.673199831828e+03 
       1.522149714588e-02       8.673257763251e+03 
       1.522835652125e-02       8.673313905062e+03 
       1.523521641681e-02       8.673368258432e+03 
       1.524207683310e-02       8.673420819105e+03 
       1.524893777066e-02       8.673471598607e+03 
       1.525579923002e-02       8.673520593029e+03 
       1.526266121172e-02       8.673567803564e+03 
       1.526952371629e-02       8.673613231374e+03 
       1.527638674428e-02       8.673656877612e+03 
       1.528325029623e-02       8.673698743447e+03 
       1.529011437266e-02       8.673738830049e+03 
       1.529697897414e-02       8.673777138600e+03 
       1.530384410118e-02       8.673813670290e+03 
       1.531070975435e-02       8.673848426293e+03 
       1.531757593418e-02       8.673881385021e+03 
       1.532444264121e-02       8.673912591041e+03 
       1.533130987599e-02       8.673942024535e+03 
       1.533817763907e-02       8.673969686646e+03 
       1.534504593099e-02       8.673995578521e+03 
       1.535191475230e-02       8.674019701309e+03 
       1.535878410355e-02       8.674042056158e+03 
       1.536565398528e-02       8.674062644220e+03 
       1.537252439804e-02       8.674081466644e+03 
       1.537939534239e-02       8.674098524591e+03 
       1.538626681888e-02       8.674113824045e+03 
       1.539313882805e-02       8.674127339345e+03 
       1.540001137046e-02       8.674139109611e+03 
       1.540688444667e-02       8.674149119827e+03 
       1.541375805723e-02       8.674157371146e+03 
       1.542063220268e-02       8.674163864677e+03 
       1.542750688360e-02       8.674168601598e+03 
       1.543438210053e-02       8.674171583051e+03 
       1.544125785404e-02       8.674172810193e+03 
       1.544813414467e-02       8.674172284190e+03 
       1.545501097300e-02       8.674169998893e+03 
       1.546188833958e-02       8.674165960037e+03 
       1.546876624496e-02       8.674160179845e+03 
       1.547564468972e-02       8.674152650845e+03 
       1.548252367441e-02       8.674143373968e+03 
       1.548940319961e-02       8.674132345226e+03 
       1.549628326586e-02       8.674119576078e+03 
       1.550316387374e-02       8.674105062573e+03 
       1.551004502380e-02       8.674088805844e+03 
       1.551692671663e-02       8.674070807019e+03 
       1.552380895279e-02       8.674051067268e+03 
       1.553069173283e-02       8.674029587627e+03 
       1.553757505734e-02       8.674006369342e+03 
       1.554445892688e-02       8.673981413532e+03 
       1.555134334202e-02       8.673954721354e+03 
       1.555822830334e-02       8.673926298510e+03 
       1.556511381140e-02       8.673896108396e+03 
       1.557199986678e-02       8.673864211753e+03 
       1.557888647005e-02       8.673830582944e+03 
       1.558577362178e-02       8.673795223086e+03 
       1.559266132256e-02       8.673758133296e+03 
       1.559954957296e-02       8.673719314693e+03 
       1.560643837356e-02       8.673678768396e+03 
       1.561332772492e-02       8.673636495533e+03 
       1.562021762764e-02       8.673592497229e+03 
       1.562710808229e-02       8.673546774617e+03 
       1.563399908946e-02       8.673499333740e+03 
       1.564089064971e-02       8.673450148069e+03 
       1.564778276365e-02       8.673399258085e+03 
       1.565467543184e-02       8.673346648099e+03 
       1.566156865487e-02       8.673292319221e+03 
       1.566846243333e-02       8.673236272564e+03 
       1.567535676780e-02       8.673178509284e+03 
       1.568225165887e-02       8.673119030388e+03 
       1.568914710712e-02       8.673057837120e+03 
       1.569604311315e-02       8.672994930575e+03 
       1.570293967754e-02       8.672930318324e+03 
       1.570983680089e-02       8.672863964183e+03 
       1.571673448377e-02       8.672795922875e+03 
       1.572363272679e-02       8.672726172515e+03 
       1.573053153054e-02       8.672654714207e+03 
       1.573743089561e-02       8.672581543124e+03 
       1.574433082259e-02       8.672506671734e+03 
       1.575123131207e-02       8.672430095620e+03 
       1.575813236466e-02       8.672351815892e+03 
       1.576503398095e-02       8.672271833652e+03 
       1.577193616154e-02       8.672190150003e+03 
       1.577883890702e-02       8.672106766051e+03 
       1.578574221800e-02       8.672021682910e+03 
       1.579264609507e-02       8.671934901703e+03 
       1.579955053884e-02       8.671846423558e+03 
       1.580645554991e-02       8.671756249499e+03 
       1.581336112887e-02       8.671664355998e+03 
       1.582026727634e-02       8.671570790493e+03 
       1.582717399292e-02       8.671475532191e+03 
       1.583408127920e-02       8.671378582131e+03 
       1.584098913581e-02       8.671279941409e+03 
       1.584789756334e-02       8.671179611012e+03 
       1.585480656241e-02       8.671077592206e+03 
       1.586171613361e-02       8.670973886007e+03 
       1.586862627757e-02       8.670868493535e+03 
       1.587553699489e-02       8.670761415804e+03 
       1.588244828618e-02       8.670652653864e+03 
       1.588936015206e-02       8.670542196201e+03 
       1.589627259313e-02       8.670430068333e+03 
       1.590318561001e-02       8.670316259477e+03 
       1.591009920333e-02       8.670200770696e+03 
       1.591701337368e-02       8.670083603073e+03 
       1.592392812169e-02       8.669964757692e+03 
       1.593084344798e-02       8.669844235655e+03 
       1.593775935316e-02       8.669722037955e+03 
       1.594467583786e-02       8.669598165874e+03 
       1.595159290269e-02       8.669472620370e+03 
       1.595851054828e-02       8.669345384853e+03 
       1.596542877524e-02       8.669216494390e+03 
       1.597234758420e-02       8.669085933609e+03 
       1.597926697578e-02       8.668953703571e+03 
       1.598618695061e-02       8.668819807831e+03 
       1.599310750931e-02       8.668684233624e+03 
       1.600002865251e-02       8.668547001681e+03 
       1.600695038084e-02       8.668408104687e+03 
       1.601387269492e-02       8.668267543709e+03 
       1.602079559539e-02       8.668125319826e+03 
       1.602771908287e-02       8.667981434014e+03 
       1.603464315799e-02       8.667835887525e+03 
       1.604156782139e-02       8.667688681371e+03 
       1.604849307370e-02       8.667539816649e+03 
       1.605541891555e-02       8.667389294454e+03 
       1.606234534757e-02       8.667237123022e+03 
       1.606927237041e-02       8.667083255874e+03 
       1.607619998470e-02       8.666927765470e+03 
       1.608312819107e-02       8.666770621562e+03 
       1.609005699016e-02       8.666611825215e+03 
       1.609698638262e-02       8.666451377482e+03 
       1.610391636908e-02       8.666289279419e+03 
       1.611084695019e-02       8.666125532094e+03 
       1.611777812657e-02       8.665960136567e+03 
       1.612470989889e-02       8.665793093789e+03 
       1.613164226778e-02       8.665624405036e+03 
       1.613857523388e-02       8.665454073469e+03 
       1.614550879785e-02       8.665282079924e+03 
       1.615244296032e-02       8.665108458169e+03 
       1.615937772195e-02       8.664933194420e+03 
       1.616631308338e-02       8.664756289732e+03 
       1.617324904526e-02       8.664577745159e+03 
       1.618018560825e-02       8.664397561765e+03 
       1.618712277299e-02       8.664215740612e+03 
       1.619406054014e-02       8.664032282767e+03 
       1.620099891034e-02       8.663847189301e+03 
       1.620793788426e-02       8.663660460687e+03 
       1.621487746254e-02       8.663472081078e+03 
       1.622181764585e-02       8.663282085520e+03 
       1.622875843483e-02       8.663090458314e+03 
       1.623569983016e-02       8.662897200521e+03 
       1.624264183248e-02       8.662702315657e+03 
       1.624958444245e-02       8.662505790757e+03 
       1.625652766074e-02       8.662307646909e+03 
       1.626347148801e-02       8.662107876573e+03 
       1.627041592492e-02       8.661906480797e+03 
       1.627736097213e-02       8.661703460624e+03 
       1.628430663030e-02       8.661498817103e+03 
       1.629125290011e-02       8.661292551282e+03 
       1.629819978221e-02       8.661084664226e+03 
       1.630514727729e-02       8.660875156891e+03 
       1.631209538599e-02       8.660664030530e+03 
       1.631904410900e-02       8.660451291017e+03 
       1.632599344698e-02       8.660236897908e+03 
       1.633294340060e-02       8.660020918199e+03 
       1.633989397053e-02       8.659803323218e+03 
       1.634684515746e-02       8.659584113989e+03 
       1.635379696205e-02       8.659363291545e+03 
       1.636074938497e-02       8.659140856917e+03 
       1.636770242690e-02       8.658916811142e+03 
       1.637465608853e-02       8.658691155256e+03 
       1.638161037052e-02       8.658463890292e+03 
       1.638856527355e-02       8.658235017304e+03 
       1.639552079832e-02       8.658004536979e+03 
       1.640247694548e-02       8.657772437438e+03 
       1.640943371573e-02       8.657538745349e+03 
       1.641639110976e-02       8.657303449209e+03 
       1.642334912823e-02       8.657066550004e+03 
       1.643030777185e-02       8.656828048774e+03 
       1.643726704128e-02       8.656587946534e+03 
       1.644422693723e-02       8.656346244315e+03 
       1.645118746037e-02       8.656102943148e+03 
       1.645814861140e-02       8.655858044084e+03 
       1.646511039101e-02       8.655611548168e+03 
       1.647207279987e-02       8.655363436248e+03 
       1.647903583870e-02       8.655113749641e+03 
       1.648599950818e-02       8.654862467538e+03 
       1.649296380899e-02       8.654609592336e+03 
       1.649992874185e-02       8.654355125017e+03 
       1.650689430743e-02       8.654099060649e+03 
       1.651386050645e-02       8.653841412102e+03 
       1.652082733959e-02       8.653582174553e+03 
       1.652779480756e-02       8.653321348991e+03 
       1.653476291105e-02       8.653058936447e+03 
       1.654173165076e-02       8.652794937924e+03 
       1.654870102740e-02       8.652529354447e+03 
       1.655567104167e-02       8.652262187035e+03 
       1.656264169427e-02       8.651993436723e+03 
       1.656961298591e-02       8.651723104546e+03 
       1.657658491728e-02       8.651451191567e+03 
       1.658355748911e-02       8.651177672444e+03 
       1.659053070209e-02       8.650902598299e+03 
       1.659750455693e-02       8.650625946361e+03 
       1.660447905435e-02       8.650347717308e+03 
       1.661145419505e-02       8.650067912123e+03 
       1.661842997974e-02       8.649786531833e+03 
       1.662540640915e-02       8.649503577432e+03 
       1.663238348397e-02       8.649219049924e+03 
       1.663936120493e-02       8.648932950316e+03 
       1.664633957274e-02       8.648645279618e+03 
       1.665331858812e-02       8.648356038850e+03 
       1.666029825179e-02       8.648065213041e+03 
       1.666727856446e-02       8.647772836187e+03 
       1.667425952685e-02       8.647478889777e+03 
       1.668124113969e-02       8.647183377186e+03 
       1.668822340370e-02       8.646886299331e+03 
       1.669520631960e-02       8.646587657207e+03 
       1.670218988811e-02       8.646287451818e+03 
       1.670917410995e-02       8.645985684179e+03 
       1.671615898587e-02       8.645682355295e+03 
       1.672314451657e-02       8.645377466189e+03 
       1.673013070279e-02       8.645071025639e+03 
       1.673711754527e-02       8.644762991233e+03 
       1.674410504472e-02       8.644453425736e+03 
       1.675109320188e-02       8.644142303761e+03 
       1.675808201748e-02       8.643829626301e+03 
       1.676507149226e-02       8.643515387775e+03 
       1.677206162694e-02       8.643199601681e+03 
       1.677905242228e-02       8.642882263027e+03 
       1.678604387899e-02       8.642563372737e+03 
       1.679303599782e-02       8.642242931791e+03 
       1.680002877952e-02       8.641920941193e+03 
       1.680702222480e-02       8.641597401923e+03 
       1.681401633443e-02       8.641272314982e+03 
       1.682101110914e-02       8.640945681366e+03 
       1.682800654966e-02       8.640617502097e+03 
       1.683500265676e-02       8.640287778191e+03 
       1.684199943117e-02       8.639956491723e+03 
       1.684899687363e-02       8.639623671725e+03 
       1.685599498490e-02       8.639289317330e+03 
       1.686299376572e-02       8.638953421769e+03 
       1.686999321684e-02       8.638615986215e+03 
       1.687699333902e-02       8.638277011546e+03 
       1.688399413300e-02       8.637936498735e+03 
       1.689099559954e-02       8.637594448752e+03 
       1.689799773938e-02       8.637250862591e+03 
       1.690500055329e-02       8.636905741227e+03 
       1.691200404202e-02       8.636559085646e+03 
       1.691900820633e-02       8.636210902770e+03 
       1.692601304698e-02       8.635861160892e+03 
       1.693301856471e-02       8.635509907263e+03 
       1.694002476030e-02       8.635157123136e+03 
       1.694703163451e-02       8.634802809484e+03 
       1.695403918810e-02       8.634446967163e+03 
       1.696104742182e-02       8.634089597335e+03 
       1.696805633645e-02       8.633730700899e+03 
       1.697506593276e-02       8.633370278820e+03 
       1.698207621150e-02       8.633008332093e+03 
       1.698908717344e-02       8.632644864064e+03 
       1.699609881936e-02       8.632279848570e+03 
       1.700311115003e-02       8.631913332079e+03 
       1.701012416621e-02       8.631545294588e+03 
       1.701713786868e-02       8.631175737062e+03 
       1.702415225821e-02       8.630804659889e+03 
       1.703116733558e-02       8.630432058657e+03 
       1.703818310156e-02       8.630057946176e+03 
       1.704519955692e-02       8.629682317328e+03 
       1.705221670246e-02       8.629305173190e+03 
       1.705923453893e-02       8.628926514696e+03 
       1.706625306714e-02       8.628546342791e+03 
       1.707327228784e-02       8.628164658436e+03 
       1.708029220184e-02       8.627781462623e+03 
       1.708731280991e-02       8.627396756296e+03 
       1.709433411284e-02       8.627010540471e+03 
       1.710135611141e-02       8.626622824126e+03 
       1.710837880640e-02       8.626233555575e+03 
       1.711540219862e-02       8.625842814614e+03 
       1.712242628884e-02       8.625450567636e+03 
       1.712945107786e-02       8.625056815584e+03 
       1.713647656646e-02       8.624661559414e+03 
       1.714350275545e-02       8.624264799952e+03 
       1.715052964561e-02       8.623866538351e+03 
       1.715755723774e-02       8.623466775466e+03 
       1.716458553263e-02       8.623065512267e+03 
       1.717161453109e-02       8.622662749664e+03 
       1.717864423390e-02       8.622258488179e+03 
       1.718567464188e-02       8.621852715409e+03 
       1.719270575582e-02       8.621445459207e+03 
       1.719973757652e-02       8.621036707240e+03 
       1.720677010478e-02       8.620626460459e+03 
       1.721380334141e-02       8.620214719804e+03 
       1.722083728722e-02       8.619801486213e+03 
       1.722787194301e-02       8.619386760642e+03 
       1.723490730959e-02       8.618970543929e+03 
       1.724194338776e-02       8.618552837229e+03 
       1.724898017834e-02       8.618133641432e+03 
       1.725601768214e-02       8.617712937790e+03 
       1.726305589997e-02       8.617290764665e+03 
       1.727009483264e-02       8.616867105308e+03 
       1.727713448097e-02       8.616441960357e+03 
       1.728417484578e-02       8.616015331341e+03 
       1.729121592787e-02       8.615587210375e+03 
       1.729825772808e-02       8.615157613652e+03 
       1.730530024721e-02       8.614726534983e+03 
       1.731234348610e-02       8.614293975294e+03 
       1.731938744555e-02       8.613859935522e+03 
       1.732643212640e-02       8.613424416508e+03 
       1.733347752946e-02       8.612987419319e+03 
       1.734052365557e-02       8.612548944871e+03 
       1.734757050555e-02       8.612108994098e+03 
       1.735461808022e-02       8.611667567945e+03 
       1.736166638042e-02       8.611224667385e+03 
       1.736871540698e-02       8.610780265230e+03 
       1.737576516072e-02       8.610334416104e+03 
       1.738281564248e-02       8.609887095236e+03 
       1.738986685310e-02       8.609438303315e+03 
       1.739691879340e-02       8.608988041256e+03 
       1.740397146423e-02       8.608536309977e+03 
       1.741102486643e-02       8.608083110402e+03 
       1.741807900082e-02       8.607628443459e+03 
       1.742513386825e-02       8.607172309948e+03 
       1.743218946956e-02       8.606714711013e+03 
       1.743924580560e-02       8.606255647494e+03 
       1.744630287720e-02       8.605795109116e+03 
       1.745336068521e-02       8.605333114615e+03 
       1.746041923049e-02       8.604869661526e+03 
       1.746747851386e-02       8.604404747339e+03 
       1.747453853619e-02       8.603938372964e+03 
       1.748159929832e-02       8.603470539322e+03 
       1.748866080110e-02       8.603001247331e+03 
       1.749572304539e-02       8.602530497909e+03 
       1.750278603203e-02       8.602058291979e+03 
       1.750984976189e-02       8.601584630490e+03 
       1.751691423582e-02       8.601109519942e+03 
       1.752397945467e-02       8.600632923258e+03 
       1.753104541931e-02       8.600154898839e+03 
       1.753811213059e-02       8.599675422276e+03 
       1.754517958937e-02       8.599194494485e+03 
       1.755224779652e-02       8.598712111584e+03 
       1.755931675290e-02       8.598228281404e+03 
       1.756638645937e-02       8.597743004741e+03 
       1.757345691680e-02       8.597256280379e+03 
       1.758052812606e-02       8.596768109224e+03 
       1.758760008801e-02       8.596278492178e+03 
       1.759467280353e-02       8.595787430144e+03 
       1.760174627348e-02       8.595294924040e+03 
       1.760882049874e-02       8.594800974662e+03 
       1.761589548018e-02       8.594305583130e+03 
       1.762297121867e-02       8.593808750301e+03 
       1.763004771510e-02       8.593310483332e+03 
       1.763712497033e-02       8.592810734604e+03 
       1.764420298525e-02       8.592309580906e+03 
       1.765128176074e-02       8.591806989189e+03 
       1.765836129768e-02       8.591302960344e+03 
       1.766544159694e-02       8.590797495263e+03 
       1.767252265942e-02       8.590290594842e+03 
       1.767960448599e-02       8.589782259969e+03 
       1.768668707755e-02       8.589272491541e+03 
       1.769377043499e-02       8.588761290460e+03 
       1.770085455918e-02       8.588248657627e+03 
       1.770793945102e-02       8.587734593806e+03 
       1.771502511141e-02       8.587219085019e+03 
       1.772211154123e-02       8.586702160889e+03 
       1.772919874138e-02       8.586183808540e+03 
       1.773628671275e-02       8.585664028720e+03 
       1.774337545625e-02       8.585142822307e+03 
       1.775046497276e-02       8.584620190183e+03 
       1.775755526319e-02       8.584096133261e+03 
       1.776464632844e-02       8.583570652429e+03 
       1.777173816941e-02       8.583043748598e+03 
       1.777883078700e-02       8.582515422675e+03 
       1.778592418212e-02       8.581985681152e+03 
       1.779301835567e-02       8.581454486172e+03 
       1.780011330857e-02       8.580921897386e+03 
       1.780720904171e-02       8.580387889912e+03 
       1.781430555601e-02       8.579852464526e+03 
       1.782140285238e-02       8.579315614397e+03 
       1.782850093174e-02       8.578777355784e+03 
       1.783559979499e-02       8.578237681265e+03 
       1.784269944305e-02       8.577696592252e+03 
       1.784979987684e-02       8.577154089616e+03 
       1.785690109728e-02       8.576610174242e+03 
       1.786400310528e-02       8.576064847010e+03 
       1.787110590176e-02       8.575518108811e+03 
       1.787820948766e-02       8.574969960541e+03 
       1.788531386388e-02       8.574420403086e+03 
       1.789241903136e-02       8.573869437249e+03 
       1.789952499102e-02       8.573317073024e+03 
       1.790663174379e-02       8.572763253813e+03 
       1.791373929060e-02       8.572208066068e+03 
       1.792084763237e-02       8.571651473207e+03 
       1.792795677004e-02       8.571093476098e+03 
       1.793506670454e-02       8.570534075595e+03 
       1.794217743681e-02       8.569973272562e+03 
       1.794928896778e-02       8.569411067866e+03 
       1.795640129838e-02       8.568847462378e+03 
       1.796351442957e-02       8.568282456965e+03 
       1.797062836226e-02       8.567716052500e+03 
       1.797774309742e-02       8.567148249878e+03 
       1.798485863597e-02       8.566579034513e+03 
       1.799197497886e-02       8.566008436616e+03 
       1.799909212705e-02       8.565436443248e+03 
       1.800621008146e-02       8.564863054982e+03 
       1.801332884306e-02       8.564288272673e+03 
       1.802044841279e-02       8.563712097201e+03 
       1.802756879161e-02       8.563134529415e+03 
       1.803468998046e-02       8.562555570199e+03 
       1.804181198029e-02       8.561975220400e+03 
       1.804893479207e-02       8.561393480914e+03 
       1.805605841675e-02       8.560810361083e+03 
       1.806318285528e-02       8.560225814045e+03 
       1.807030810864e-02       8.559639908857e+03 
       1.807743417776e-02       8.559052617167e+03 
       1.808456106363e-02       8.558463939697e+03 
       1.809168876720e-02       8.557873873142e+03 
       1.809881728944e-02       8.557282425854e+03 
       1.810594663131e-02       8.556689596199e+03 
       1.811307679378e-02       8.556095384255e+03 
       1.812020777782e-02       8.555499790904e+03 
       1.812733958441e-02       8.554902816904e+03 
       1.813447221450e-02       8.554304463224e+03 
       1.814160566909e-02       8.553704730704e+03 
       1.814873994913e-02       8.553103629169e+03 
       1.815587505561e-02       8.552501110080e+03 
       1.816301098951e-02       8.551897244319e+03 
       1.817014775180e-02       8.551292002863e+03 
       1.817728534346e-02       8.550685386418e+03 
       1.818442376549e-02       8.550077396057e+03 
       1.819156301885e-02       8.549468032522e+03 
       1.819870310454e-02       8.548857296656e+03 
       1.820584402354e-02       8.548245192875e+03 
       1.821298577685e-02       8.547631699724e+03 
       1.822012836544e-02       8.547016851038e+03 
       1.822727179031e-02       8.546400633275e+03 
       1.823441605246e-02       8.545783047289e+03 
       1.824156115287e-02       8.545164093936e+03 
       1.824870709254e-02       8.544543774044e+03 
       1.825585387248e-02       8.543922088281e+03 
       1.826300149367e-02       8.543299022558e+03 
       1.827014995711e-02       8.542674606887e+03 
       1.827729926382e-02       8.542048827952e+03 
       1.828444941478e-02       8.541421674169e+03 
       1.829160041101e-02       8.540793171382e+03 
       1.829875225351e-02       8.540163306429e+03 
       1.830590494329e-02       8.539532081321e+03 
       1.831305848135e-02       8.538899496878e+03 
       1.832021286871e-02       8.538265553923e+03 
       1.832736810637e-02       8.537630253285e+03 
       1.833452419536e-02       8.536993595867e+03 
       1.834168113669e-02       8.536355582259e+03 
       1.834883893136e-02       8.535716213526e+03 
       1.835599758041e-02       8.535075490435e+03 
       1.836315708484e-02       8.534433413691e+03 
       1.837031744568e-02       8.533789984349e+03 
       1.837747866396e-02       8.533145203158e+03 
       1.838464074069e-02       8.532499070969e+03 
       1.839180367690e-02       8.531851588649e+03 
       1.839896747362e-02       8.531202757087e+03 
       1.840613213187e-02       8.530552596091e+03 
       1.841329765269e-02       8.529901000866e+03 
       1.842046403711e-02       8.529248122618e+03 
       1.842763128616e-02       8.528593897932e+03 
       1.843479940087e-02       8.527938327510e+03 
       1.844196838228e-02       8.527281412258e+03 
       1.844913823143e-02       8.526623152957e+03 
       1.845630894936e-02       8.525963550287e+03 
       1.846348053711e-02       8.525302605273e+03 
       1.847065299571e-02       8.524640318631e+03 
       1.847782632622e-02       8.523976691172e+03 
       1.848500052968e-02       8.523311723699e+03 
       1.849217560713e-02       8.522645417033e+03 
       1.849935155963e-02       8.521977771986e+03 
       1.850652838823e-02       8.521308789378e+03 
       1.851370609397e-02       8.520638470093e+03 
       1.852088467791e-02       8.519966814791e+03 
       1.852806414110e-02       8.519293823826e+03 
       1.853524448460e-02       8.518619474836e+03 
       1.854242570948e-02       8.517943814793e+03 
       1.854960781678e-02       8.517266821720e+03 
       1.855679080757e-02       8.516588496591e+03 
       1.856397468291e-02       8.515908840110e+03 
       1.857115944386e-02       8.515227853072e+03 
       1.857834509150e-02       8.514545536274e+03 
       1.858553162689e-02       8.513861890532e+03 
       1.859271905109e-02       8.513176916643e+03 
       1.859990736519e-02       8.512490615408e+03 
       1.860709657024e-02       8.511802987629e+03 
       1.861428666734e-02       8.511114034125e+03 
       1.862147765754e-02       8.510423755714e+03 
       1.862866954192e-02       8.509732153214e+03 
       1.863586232158e-02       8.509039227463e+03 
       1.864305599758e-02       8.508344978646e+03 
       1.865025057101e-02       8.507649374747e+03 
       1.865744604295e-02       8.506952481626e+03 
       1.866464241449e-02       8.506254267905e+03 
       1.867183968672e-02       8.505554734557e+03 
       1.867903786071e-02       8.504853882384e+03 
       1.868623693757e-02       8.504151712171e+03 
       1.869343691838e-02       8.503448224715e+03 
       1.870063780425e-02       8.502743413190e+03 
       1.870783959625e-02       8.502037292968e+03 
       1.871504229549e-02       8.501329857845e+03 
       1.872224590308e-02       8.500621108539e+03 
       1.872945042010e-02       8.499911045840e+03 
       1.873665584766e-02       8.499199670538e+03 
       1.874386218686e-02       8.498486983290e+03 
       1.875106943881e-02       8.497772985132e+03 
       1.875827760461e-02       8.497057676749e+03 
       1.876548668538e-02       8.496341058944e+03 
       1.877269668222e-02       8.495623132545e+03 
       1.877990759625e-02       8.494903898065e+03 
       1.878711942857e-02       8.494183324925e+03 
       1.879433218031e-02       8.493461475244e+03 
       1.880154585257e-02       8.492738319598e+03 
       1.880876044649e-02       8.492013858937e+03 
       1.881597596317e-02       8.491288094039e+03 
       1.882319240374e-02       8.490561025739e+03 
       1.883040976933e-02       8.489832654630e+03 
       1.883762806105e-02       8.489102981525e+03 
       1.884484728004e-02       8.488372007397e+03 
       1.885206742742e-02       8.487639732922e+03 
       1.885928850433e-02       8.486906158883e+03 
       1.886651051189e-02       8.486171290238e+03 
       1.887373345125e-02       8.485435098027e+03 
       1.888095732353e-02       8.484697628642e+03 
       1.888818212987e-02       8.483958862618e+03 
       1.889540787141e-02       8.483218800730e+03 
       1.890263454929e-02       8.482477443748e+03 
       1.890986216466e-02       8.481734792437e+03 
       1.891709071866e-02       8.480990847577e+03 
       1.892432021243e-02       8.480245609951e+03 
       1.893155064713e-02       8.479499080204e+03 
       1.893878202389e-02       8.478751259379e+03 
       1.894601434388e-02       8.478002143518e+03 
       1.895324760824e-02       8.477251723046e+03 
       1.896048181813e-02       8.476500031355e+03 
       1.896771697471e-02       8.475747051297e+03 
       1.897495307913e-02       8.474992783644e+03 
       1.898219013255e-02       8.474237219769e+03 
       1.898942813614e-02       8.473480380034e+03 
       1.899666709106e-02       8.472722253474e+03 
       1.900390699847e-02       8.471962842271e+03 
       1.901114785954e-02       8.471202147186e+03 
       1.901838967544e-02       8.470440168985e+03 
       1.902563244734e-02       8.469676908284e+03 
       1.903287617641e-02       8.468912366097e+03 
       1.904012086383e-02       8.468146543085e+03 
       1.904736651077e-02       8.467379440015e+03 
       1.905461311840e-02       8.466611057700e+03 
       1.906186068792e-02       8.465841370132e+03 
       1.906910922049e-02       8.465070429628e+03 
       1.907635871731e-02       8.464298211847e+03 
       1.908360917956e-02       8.463524717540e+03 
       1.909086060842e-02       8.462749947451e+03 
       1.909811300508e-02       8.461973902331e+03 
       1.910536637073e-02       8.461196582937e+03 
       1.911262070657e-02       8.460417990037e+03 
       1.911987601379e-02       8.459638124245e+03 
       1.912713229358e-02       8.458856986585e+03 
       1.913438954715e-02       8.458074562406e+03 
       1.914164777568e-02       8.457290879940e+03 
       1.914890698039e-02       8.456505929350e+03 
       1.915616716247e-02       8.455719709581e+03 
       1.916342832314e-02       8.454932221377e+03 
       1.917069046359e-02       8.454143465475e+03 
       1.917795358503e-02       8.453353442635e+03 
       1.918521768868e-02       8.452562153603e+03 
       1.919248277575e-02       8.451769599139e+03 
       1.919974884745e-02       8.450975780002e+03 
       1.920701590500e-02       8.450180696900e+03 
       1.921428394962e-02       8.449384327061e+03 
       1.922155298252e-02       8.448586716312e+03 
       1.922882300493e-02       8.447787843900e+03 
       1.923609401808e-02       8.446987710285e+03 
       1.924336602317e-02       8.446186315977e+03 
       1.925063902146e-02       8.445383654372e+03 
       1.925791301415e-02       8.444579740989e+03 
       1.926518800249e-02       8.443774569276e+03 
       1.927246398770e-02       8.442968139971e+03 
       1.927974097103e-02       8.442160453805e+03 
       1.928701895371e-02       8.441351511514e+03 
       1.929429793697e-02       8.440541313839e+03 
       1.930157792206e-02       8.439729861529e+03 
       1.930885891022e-02       8.438917155182e+03 
       1.931614090269e-02       8.438103195810e+03 
       1.932342390073e-02       8.437287984061e+03 
       1.933070790557e-02       8.436471530389e+03 
       1.933799291847e-02       8.435653772070e+03 
       1.934527894068e-02       8.434834804906e+03 
       1.935256597346e-02       8.434014587937e+03 
       1.935985401806e-02       8.433193121881e+03 
       1.936714307574e-02       8.432370407463e+03 
       1.937443314776e-02       8.431546445417e+03 
       1.938172423537e-02       8.430721236460e+03 
       1.938901633985e-02       8.429894781330e+03 
       1.939630946246e-02       8.429067080758e+03 
       1.940360360447e-02       8.428238135322e+03 
       1.941089876714e-02       8.427407945774e+03 
       1.941819495176e-02       8.426576496020e+03 
       1.942549215958e-02       8.425743819733e+03 
       1.943279039189e-02       8.424909901330e+03 
       1.944008964997e-02       8.424074741631e+03 
       1.944738993509e-02       8.423238341354e+03 
       1.945469124854e-02       8.422400701215e+03 
       1.946199359159e-02       8.421561821950e+03 
       1.946929696554e-02       8.420721704279e+03 
       1.947660137168e-02       8.419880348933e+03 
       1.948390681128e-02       8.419037756660e+03 
       1.949121328564e-02       8.418193937886e+03 
       1.949852079607e-02       8.417348839485e+03 
       1.950582934384e-02       8.416502538819e+03 
       1.951313893026e-02       8.415655003854e+03 
       1.952044955663e-02       8.414806235299e+03 
       1.952776122425e-02       8.413956226214e+03 
       1.953507393443e-02       8.413104991690e+03 
       1.954238768846e-02       8.412252525943e+03 
       1.954970248766e-02       8.411398829342e+03 
       1.955701833333e-02       8.410543902600e+03 
       1.956433522679e-02       8.409687746419e+03 
       1.957165316936e-02       8.408830361509e+03 
       1.957897216234e-02       8.407971748596e+03 
       1.958629220705e-02       8.407111908279e+03 
       1.959361330482e-02       8.406250841468e+03 
       1.960093545697e-02       8.405388548835e+03 
       1.960825866481e-02       8.404525031315e+03 
       1.961558292968e-02       8.403660255161e+03 
       1.962290825291e-02       8.402794286762e+03 
       1.963023463582e-02       8.401927095022e+03 
       1.963756207975e-02       8.401058680638e+03 
       1.964489058603e-02       8.400189044302e+03 
       1.965222015599e-02       8.399318186713e+03 
       1.965955079098e-02       8.398446108566e+03 
       1.966688249234e-02       8.397572810557e+03 
       1.967421526141e-02       8.396698293391e+03 
       1.968154909953e-02       8.395822557630e+03 
       1.968888400805e-02       8.394945604231e+03 
       1.969621998832e-02       8.394067425918e+03 
       1.970355704170e-02       8.393188028549e+03 
       1.971089516952e-02       8.392307424608e+03 
       1.971823437316e-02       8.391425605503e+03 
       1.972557465396e-02       8.390542571918e+03 
       1.973291601329e-02       8.389658324548e+03 
       1.974025845251e-02       8.388772864088e+03 
       1.974760197298e-02       8.387886191243e+03 
       1.975494657607e-02       8.386998306717e+03 
       1.976229226314e-02       8.386109211215e+03 
       1.976963903557e-02       8.385218904577e+03 
       1.977698689474e-02       8.384327365819e+03 
       1.978433584200e-02       8.383434639690e+03 
       1.979168587874e-02       8.382540705163e+03 
       1.979903700635e-02       8.381645562867e+03 
       1.980638922619e-02       8.380749215586e+03 
       1.981374253966e-02       8.379851649239e+03 
       1.982109694814e-02       8.378952887077e+03 
       1.982845245302e-02       8.378052919778e+03 
       1.983580905568e-02       8.377151748023e+03 
       1.984316675752e-02       8.376249372487e+03 
       1.985052555993e-02       8.375345793854e+03 
       1.985788546432e-02       8.374441012809e+03 
       1.986524647207e-02       8.373535030052e+03 
       1.987260858459e-02       8.372627846131e+03 
       1.987997180328e-02       8.371719462002e+03 
       1.988733612956e-02       8.370809878265e+03 
       1.989470156481e-02       8.369899058402e+03 
       1.990206811046e-02       8.368987078901e+03 
       1.990943576792e-02       8.368073897611e+03 
       1.991680453860e-02       8.367159519059e+03 
       1.992417442392e-02       8.366243943900e+03 
       1.993154542529e-02       8.365327172811e+03 
       1.993891754414e-02       8.364409206458e+03 
       1.994629078189e-02       8.363490045510e+03 
       1.995366513996e-02       8.362569690639e+03 
       1.996104061979e-02       8.361648142527e+03 
       1.996841722280e-02       8.360725401700e+03 
       1.997579495043e-02       8.359801469571e+03 
       1.998317380410e-02       8.358876327211e+03 
       1.999055378527e-02       8.357950011448e+03 
       1.999793489536e-02       8.357022505602e+03 
       2.000531713581e-02       8.356093810325e+03 
       2.001270050808e-02       8.355163926290e+03 
       2.002008501360e-02       8.354232854146e+03 
       2.002747065383e-02       8.353300594576e+03 
       2.003485743022e-02       8.352367148250e+03 
       2.004224534421e-02       8.351432515842e+03 
       2.004963439726e-02       8.350496698045e+03 
       2.005702459084e-02       8.349559695546e+03 
       2.006441592640e-02       8.348621483309e+03 
       2.007180840540e-02       8.347682111318e+03 
       2.007920202931e-02       8.346741556327e+03 
       2.008659679959e-02       8.345799818982e+03 
       2.009399271771e-02       8.344856890224e+03 
       2.010138978515e-02       8.343912790986e+03 
       2.010878800338e-02       8.342967509833e+03 
       2.011618737387e-02       8.342021048846e+03 
       2.012358789811e-02       8.341073408682e+03 
       2.013098957757e-02       8.340124590013e+03 
       2.013839241374e-02       8.339174593422e+03 
       2.014579640810e-02       8.338223419647e+03 
       2.015320156214e-02       8.337271069184e+03 
       2.016060787735e-02       8.336317542943e+03 
       2.016801535523e-02       8.335362841498e+03 
       2.017542399727e-02       8.334406965328e+03 
       2.018283380496e-02       8.333449880840e+03 
       2.019024477981e-02       8.332491655093e+03 
       2.019765692332e-02       8.331532256447e+03 
       2.020507023700e-02       8.330571685492e+03 
       2.021248472234e-02       8.329609942870e+03 
       2.021990038087e-02       8.328647029218e+03 
       2.022731721409e-02       8.327682945265e+03 
       2.023473522352e-02       8.326717691376e+03 
       2.024215441067e-02       8.325751268476e+03 
       2.024957477706e-02       8.324783676977e+03 
       2.025699632423e-02       8.323814917778e+03 
       2.026441905368e-02       8.322844997492e+03 
       2.027184296695e-02       8.321873879676e+03 
       2.027926806556e-02       8.320901619427e+03 
       2.028669435105e-02       8.319928193723e+03 
       2.029412182495e-02       8.318953603196e+03 
       2.030155048880e-02       8.317977848479e+03 
       2.030898034414e-02       8.317000930217e+03 
       2.031641139250e-02       8.316022849052e+03 
       2.032384363544e-02       8.315043605673e+03 
       2.033127707450e-02       8.314063200609e+03 
       2.033871171122e-02       8.313081634631e+03 
       2.034614754717e-02       8.312098883621e+03 
       2.035358458389e-02       8.311114995741e+03 
       2.036102282294e-02       8.310129948611e+03 
       2.036846226587e-02       8.309143742790e+03 
       2.037590291426e-02       8.308156378630e+03 
       2.038334476966e-02       8.307167848986e+03 
       2.039078783365e-02       8.306178170238e+03 
       2.039823210778e-02       8.305187335184e+03 
       2.040567759364e-02       8.304195344467e+03 
       2.041312429279e-02       8.303202198775e+03 
       2.042057220681e-02       8.302207898523e+03 
       2.042802133729e-02       8.301212444551e+03 
       2.043547168581e-02       8.300215837289e+03 
       2.044292325394e-02       8.299218077607e+03 
       2.045037604327e-02       8.298219166048e+03 
       2.045783005541e-02       8.297219103262e+03 
       2.046528529193e-02       8.296217900731e+03 
       2.047274175443e-02       8.295215490545e+03 
       2.048019944452e-02       8.294211975134e+03 
       2.048765836378e-02       8.293207310618e+03 
       2.049511851382e-02       8.292201497608e+03 
       2.050257989626e-02       8.291194536716e+03 
       2.051004251269e-02       8.290186428548e+03 
       2.051750636472e-02       8.289177173711e+03 
       2.052497145398e-02       8.288166772827e+03 
       2.053243778207e-02       8.287155226360e+03 
       2.053990535061e-02       8.286142535182e+03 
       2.054737416123e-02       8.285128699809e+03 
       2.055484421554e-02       8.284113706449e+03 
       2.056231551518e-02       8.283097579538e+03 
       2.056978806177e-02       8.282080313728e+03 
       2.057726185694e-02       8.281061905958e+03 
       2.058473690234e-02       8.280042356828e+03 
       2.059221319959e-02       8.279021666954e+03 
       2.059969075033e-02       8.277999836936e+03 
       2.060716955622e-02       8.276976867389e+03 
       2.061464961888e-02       8.275952758928e+03 
       2.062213093998e-02       8.274927512185e+03 
       2.062961352115e-02       8.273901127310e+03 
       2.063709736406e-02       8.272873580931e+03 
       2.064458247036e-02       8.271844921113e+03 
       2.065206884171e-02       8.270815125184e+03 
       2.065955647977e-02       8.269784193746e+03 
       2.066704538620e-02       8.268752127336e+03 
       2.067453556267e-02       8.267718917928e+03 
       2.068202701084e-02       8.266684582833e+03 
       2.068951973240e-02       8.265649114523e+03 
       2.069701372902e-02       8.264612513568e+03 
       2.070450900237e-02       8.263574780556e+03 
       2.071200555413e-02       8.262535916092e+03 
       2.071950338600e-02       8.261495920630e+03 
       2.072700249964e-02       8.260454795012e+03 
       2.073450289676e-02       8.259412539737e+03 
       2.074200457904e-02       8.258369155425e+03 
       2.074950754818e-02       8.257324642694e+03 
       2.075701180588e-02       8.256279013313e+03 
       2.076451735383e-02       8.255232197851e+03 
       2.077202419374e-02       8.254184300745e+03 
       2.077953232731e-02       8.253135277248e+03 
       2.078704175626e-02       8.252085127903e+03 
       2.079455248228e-02       8.251033853324e+03 
       2.080206450711e-02       8.249981454073e+03 
       2.080957783245e-02       8.248927930738e+03 
       2.081709246002e-02       8.247873283745e+03 
       2.082460839155e-02       8.246817513941e+03 
       2.083212562876e-02       8.245760621797e+03 
       2.083964417338e-02       8.244702607902e+03 
       2.084716402714e-02       8.243643468965e+03 
       2.085468519177e-02       8.242583197641e+03 
       2.086220766902e-02       8.241521820502e+03 
       2.086973146062e-02       8.240459323736e+03 
       2.087725656831e-02       8.239395708029e+03 
       2.088478299384e-02       8.238330973648e+03 
       2.089231073896e-02       8.237265121478e+03 
       2.089983980542e-02       8.236198152004e+03 
       2.090737019497e-02       8.235130065682e+03 
       2.091490190937e-02       8.234060863334e+03 
       2.092243495039e-02       8.232990545456e+03 
       2.092996931977e-02       8.231919086172e+03 
       2.093750501930e-02       8.230846538157e+03 
       2.094504205074e-02       8.229772875017e+03 
       2.095258041585e-02       8.228698098366e+03 
       2.096012011643e-02       8.227622208665e+03 
       2.096766115423e-02       8.226545197994e+03 
       2.097520353105e-02       8.225467083542e+03 
       2.098274724866e-02       8.224387857724e+03 
       2.099029230886e-02       8.223307521144e+03 
       2.099783871344e-02       8.222226074348e+03 
       2.100538646418e-02       8.221143517750e+03 
       2.101293556288e-02       8.220059852176e+03 
       2.102048601134e-02       8.218975078081e+03 
       2.102803781136e-02       8.217889196038e+03 
       2.103559096475e-02       8.216802206646e+03 
       2.104314547332e-02       8.215714110492e+03 
       2.105070133887e-02       8.214624908149e+03 
       2.105825856322e-02       8.213534563714e+03 
       2.106581714819e-02       8.212443148007e+03 
       2.107337709559e-02       8.211350627389e+03 
       2.108093840725e-02       8.210257002501e+03 
       2.108850108500e-02       8.209162273834e+03 
       2.109606513066e-02       8.208066441806e+03 
       2.110363054606e-02       8.206969507191e+03 
       2.111119733305e-02       8.205871470437e+03 
       2.111876549345e-02       8.204772332098e+03 
       2.112633502912e-02       8.203672092728e+03 
       2.113390594189e-02       8.202570752907e+03 
       2.114147823361e-02       8.201468318318e+03 
       2.114905190614e-02       8.200364754666e+03 
       2.115662696132e-02       8.199260115344e+03 
       2.116420340102e-02       8.198154377582e+03 
       2.117178122709e-02       8.197047541920e+03 
       2.117936044140e-02       8.195939608901e+03 
       2.118694104581e-02       8.194830579081e+03 
       2.119452304220e-02       8.193720452854e+03 
       2.120210643243e-02       8.192609231034e+03 
       2.120969121838e-02       8.191496914052e+03 
       2.121727740194e-02       8.190383502495e+03 
       2.122486498498e-02       8.189269006781e+03 
       2.123245396938e-02       8.188153370881e+03 
       2.124004435704e-02       8.187036676822e+03 
       2.124763614985e-02       8.185918890080e+03 
       2.125522934971e-02       8.184800011205e+03 
       2.126282395850e-02       8.183680040043e+03 
       2.127041997814e-02       8.182558969841e+03 
       2.127801741052e-02       8.181436817049e+03 
       2.128561625757e-02       8.180313574028e+03 
       2.129321652117e-02       8.179189241543e+03 
       2.130081820326e-02       8.178063820025e+03 
       2.130842130575e-02       8.176937310017e+03 
       2.131602583055e-02       8.175809712037e+03 
       2.132363177960e-02       8.174681026657e+03 
       2.133123915482e-02       8.173551254414e+03 
       2.133884795815e-02       8.172420395861e+03 
       2.134645819150e-02       8.171288451547e+03 
       2.135406985683e-02       8.170155381820e+03 
       2.136168295608e-02       8.169021269332e+03 
       2.136929749118e-02       8.167886068069e+03 
       2.137691346408e-02       8.166749782803e+03 
       2.138453087674e-02       8.165612413890e+03 
       2.139214973111e-02       8.164473962117e+03 
       2.139977002914e-02       8.163334427899e+03 
       2.140739177280e-02       8.162193811699e+03 
       2.141501496405e-02       8.161052114106e+03 
       2.142263960486e-02       8.159909335623e+03 
       2.143026569720e-02       8.158765476782e+03 
       2.143789324304e-02       8.157620538080e+03 
       2.144552224435e-02       8.156474501093e+03 
       2.145315270313e-02       8.155327402918e+03 
       2.146078462135e-02       8.154179226331e+03 
       2.146841800101e-02       8.153029971796e+03 
       2.147605284408e-02       8.151879639682e+03 
       2.148368915258e-02       8.150728230746e+03 
       2.149132692848e-02       8.149575745397e+03 
       2.149896617381e-02       8.148422184154e+03 
       2.150660689056e-02       8.147267547536e+03 
       2.151424908073e-02       8.146111836084e+03 
       2.152189274635e-02       8.144955049358e+03 
       2.152953788942e-02       8.143797164299e+03 
       2.153718451196e-02       8.142638229591e+03 
       2.154483261600e-02       8.141478221798e+03 
       2.155248220357e-02       8.140317141475e+03 
       2.156013327668e-02       8.139154989663e+03 
       2.156778583738e-02       8.137991756163e+03 
       2.157543988769e-02       8.136827460444e+03 
       2.158309542966e-02       8.135662094243e+03 
       2.159075246534e-02       8.134495657928e+03 
       2.159841099676e-02       8.133328151990e+03 
       2.160607102598e-02       8.132159576946e+03 
       2.161373255506e-02       8.130989933297e+03 
       2.162139558604e-02       8.129819221552e+03 
       2.162906012099e-02       8.128647442223e+03 
       2.163672616198e-02       8.127474595838e+03 
       2.164439371106e-02       8.126300682920e+03 
       2.165206277033e-02       8.125125715662e+03 
       2.165973334183e-02       8.123949621841e+03 
       2.166740542767e-02       8.122772509449e+03 
       2.167507902992e-02       8.121594332269e+03 
       2.168275415066e-02       8.120415090667e+03 
       2.169043079198e-02       8.119234785122e+03 
       2.169810895599e-02       8.118053416130e+03 
       2.170578864476e-02       8.116870984176e+03 
       2.171346986042e-02       8.115687489751e+03 
       2.172115260505e-02       8.114502933344e+03 
       2.172883688077e-02       8.113317315460e+03 
       2.173652268968e-02       8.112130636610e+03 
       2.174421003391e-02       8.110942897210e+03 
       2.175189891558e-02       8.109754077773e+03 
       2.175958933679e-02       8.108564217265e+03 
       2.176728129969e-02       8.107373297627e+03 
       2.177497480640e-02       8.106181319231e+03 
       2.178266985906e-02       8.104988282566e+03 
       2.179036645979e-02       8.103794188101e+03 
       2.179806461075e-02       8.102599036337e+03 
       2.180576431408e-02       8.101402827759e+03 
       2.181346557192e-02       8.100205562865e+03 
       2.182116838643e-02       8.099007242164e+03 
       2.182887275976e-02       8.097807836687e+03 
       2.183657869408e-02       8.096607407329e+03 
       2.184428619155e-02       8.095405919956e+03 
       2.185199525434e-02       8.094203378424e+03 
       2.185970588461e-02       8.092999782995e+03 
       2.186741808454e-02       8.091795125710e+03 
       2.187513185632e-02       8.090589423662e+03 
       2.188284720211e-02       8.089382669388e+03 
       2.189056412412e-02       8.088174863213e+03 
       2.189828262453e-02       8.086966005590e+03 
       2.190600270554e-02       8.085756096993e+03 
       2.191372436934e-02       8.084545137893e+03 
       2.192144761813e-02       8.083333128773e+03 
       2.192917245413e-02       8.082120070108e+03 
       2.193689887953e-02       8.080905962381e+03 
       2.194462689656e-02       8.079690806098e+03 
       2.195235650744e-02       8.078474603115e+03 
       2.196008771437e-02       8.077257312260e+03 
       2.196782051960e-02       8.076039010345e+03 
       2.197555492534e-02       8.074819661429e+03 
       2.198329093384e-02       8.073599265948e+03 
       2.199102854733e-02       8.072377824233e+03 
       2.199876776804e-02       8.071155336849e+03 
       2.200650859823e-02       8.069931804209e+03 
       2.201425104015e-02       8.068707226776e+03 
       2.202199509604e-02       8.067481605005e+03 
       2.202974076817e-02       8.066254939360e+03 
       2.203748805880e-02       8.065027230314e+03 
       2.204523697019e-02       8.063798485498e+03 
       2.205298750460e-02       8.062568663692e+03 
       2.206073966433e-02       8.061337825670e+03 
       2.206849345163e-02       8.060105945857e+03 
       2.207624886879e-02       8.058873024777e+03 
       2.208400591811e-02       8.057639062653e+03 
       2.209176460185e-02       8.056404060164e+03 
       2.209952492233e-02       8.055168017679e+03 
       2.210728688184e-02       8.053930935664e+03 
       2.211505048268e-02       8.052692814577e+03 
       2.212281572715e-02       8.051453654890e+03 
       2.213058261757e-02       8.050213438525e+03 
       2.213835115625e-02       8.048972193727e+03 
       2.214612134551e-02       8.047729918666e+03 
       2.215389318766e-02       8.046486606644e+03 
       2.216166668505e-02       8.045242257969e+03 
       2.216944183999e-02       8.043996862575e+03 
       2.217721865482e-02       8.042750442760e+03 
       2.218499713188e-02       8.041502986016e+03 
       2.219277727352e-02       8.040254494268e+03 
       2.220055908208e-02       8.039004967953e+03 
       2.220834255991e-02       8.037754407510e+03 
       2.221612770936e-02       8.036502813376e+03 
       2.222391453281e-02       8.035250186080e+03 
       2.223170303261e-02       8.033996525806e+03 
       2.223949321113e-02       8.032741833108e+03 
       2.224728507075e-02       8.031486108638e+03 
       2.225507861384e-02       8.030229351658e+03 
       2.226287384277e-02       8.028971528227e+03 
       2.227067075995e-02       8.027712708304e+03 
       2.227846936776e-02       8.026452857615e+03 
       2.228626966858e-02       8.025191976817e+03 
       2.229407166483e-02       8.023930066320e+03 
       2.230187535890e-02       8.022667126549e+03 
       2.230968075320e-02       8.021403157923e+03 
       2.231748785014e-02       8.020138160862e+03 
       2.232529665214e-02       8.018872135796e+03 
       2.233310716161e-02       8.017605083005e+03 
       2.234091938099e-02       8.016337003182e+03 
       2.234873331270e-02       8.015067901518e+03 
       2.235654895918e-02       8.013797743842e+03 
       2.236436632285e-02       8.012526583671e+03 
       2.237218540618e-02       8.011254397839e+03 
       2.238000621159e-02       8.009981186759e+03 
       2.238782874154e-02       8.008706950839e+03 
       2.239565299849e-02       8.007431690500e+03 
       2.240347898490e-02       8.006155406156e+03 
       2.241130670323e-02       8.004878098223e+03 
       2.241913615596e-02       8.003599767135e+03 
       2.242696734554e-02       8.002320413169e+03 
       2.243480027447e-02       8.001040041775e+03 
       2.244263494522e-02       7.999758611205e+03 
       2.245047136028e-02       7.998476189585e+03 
       2.245830952215e-02       7.997192746618e+03 
       2.246614943331e-02       7.995908282733e+03 
       2.247399109628e-02       7.994622790595e+03 
       2.248183451354e-02       7.993336284011e+03 
       2.248967968762e-02       7.992048758960e+03 
       2.249752662103e-02       7.990760214477e+03 
       2.250537531628e-02       7.989470650962e+03 
       2.251322577591e-02       7.988180068821e+03 
       2.252107800243e-02       7.986888468309e+03 
       2.252893199838e-02       7.985595850084e+03 
       2.253678776630e-02       7.984302214443e+03 
       2.254464530873e-02       7.983007561795e+03 
       2.255250462822e-02       7.981711892566e+03 
       2.256036572731e-02       7.980415207044e+03 
       2.256822860857e-02       7.979117468949e+03 
       2.257609327455e-02       7.977818749556e+03 
       2.258395972782e-02       7.976519015075e+03 
       2.259182797095e-02       7.975218265631e+03 
       2.259969800651e-02       7.973916501604e+03 
       2.260756983709e-02       7.972613723381e+03 
       2.261544346526e-02       7.971309931203e+03 
       2.262331889362e-02       7.970005125703e+03 
       2.263119612476e-02       7.968699307164e+03 
       2.263907516128e-02       7.967392475977e+03 
       2.264695600578e-02       7.966084632535e+03 
       2.265483866088e-02       7.964775778541e+03 
       2.266272312917e-02       7.963465890580e+03 
       2.267060941329e-02       7.962155011274e+03 
       2.267849751584e-02       7.960843121097e+03 
       2.268638743947e-02       7.959530220399e+03 
       2.269427918681e-02       7.958216309545e+03 
       2.270217276048e-02       7.956901388917e+03 
       2.271006816313e-02       7.955585458757e+03 
       2.271796539742e-02       7.954268519687e+03 
       2.272586446598e-02       7.952950571988e+03 
       2.273376537148e-02       7.951631616056e+03 
       2.274166811658e-02       7.950311662915e+03 
       2.274957270395e-02       7.948990653356e+03 
       2.275747913625e-02       7.947668672995e+03 
       2.276538741617e-02       7.946345685642e+03 
       2.277329754638e-02       7.945021691679e+03 
       2.278120952957e-02       7.943696693338e+03 
       2.278912336844e-02       7.942370675739e+03 
       2.279703906567e-02       7.941043663420e+03 
       2.280495662398e-02       7.939715645859e+03 
       2.281287604606e-02       7.938386623236e+03 
       2.282079733463e-02       7.937056596235e+03 
       2.282872049241e-02       7.935725565072e+03 
       2.283664552212e-02       7.934393530114e+03 
       2.284457242648e-02       7.933060491744e+03 
       2.285250120822e-02       7.931726450332e+03 
       2.286043187009e-02       7.930391406259e+03 
       2.286836441482e-02       7.929055359907e+03 
       2.287629884516e-02       7.927718268013e+03 
       2.288423516387e-02       7.926380222035e+03 
       2.289217337370e-02       7.925041168107e+03 
       2.290011347741e-02       7.923701112968e+03 
       2.290805547778e-02       7.922360056784e+03 
       2.291599937757e-02       7.921018000209e+03 
       2.292394517956e-02       7.919674943460e+03 
       2.293189288654e-02       7.918330886872e+03 
       2.293984250130e-02       7.916985830816e+03 
       2.294779402662e-02       7.915639775639e+03 
       2.295574746532e-02       7.914292721699e+03 
       2.296370282019e-02       7.912944668961e+03 
       2.297166009403e-02       7.911595599187e+03 
       2.297961928968e-02       7.910245549604e+03 
       2.298758040995e-02       7.908894502545e+03 
       2.299554345765e-02       7.907542458268e+03 
       2.300350843564e-02       7.906189416930e+03 
       2.301147534673e-02       7.904835379183e+03 
       2.301944419378e-02       7.903480345229e+03 
       2.302741497962e-02       7.902124315409e+03 
       2.303538770712e-02       7.900767290089e+03 
       2.304336237912e-02       7.899409269613e+03 
       2.305133899850e-02       7.898050259616e+03 
       2.305931756812e-02       7.896690217057e+03 
       2.306729809086e-02       7.895329211248e+03 
       2.307528056959e-02       7.893967211369e+03 
       2.308326500720e-02       7.892604217772e+03 
       2.309125140658e-02       7.891240233815e+03 
       2.309923977062e-02       7.889875240992e+03 
       2.310723010224e-02       7.888509267484e+03 
       2.311522240433e-02       7.887142301472e+03 
       2.312321667980e-02       7.885774343299e+03 
       2.313121293158e-02       7.884405393230e+03 
       2.313921116259e-02       7.883035451655e+03 
       2.314721137575e-02       7.881664518881e+03 
       2.315521357401e-02       7.880292595248e+03 
       2.316321776030e-02       7.878919681087e+03 
       2.317122393757e-02       7.877545776754e+03 
       2.317923210877e-02       7.876170882594e+03 
       2.318724227686e-02       7.874795008058e+03 
       2.319525444479e-02       7.873418086348e+03 
       2.320326861555e-02       7.872040221735e+03 
       2.321128479209e-02       7.870661368199e+03 
       2.321930297741e-02       7.869281526040e+03 
       2.322732317449e-02       7.867900695579e+03 
       2.323534538632e-02       7.866518877119e+03 
       2.324336961589e-02       7.865136070967e+03 
       2.325139586621e-02       7.863752277442e+03 
       2.325942414029e-02       7.862367496858e+03 
       2.326745444114e-02       7.860981729534e+03 
       2.327548677178e-02       7.859594975789e+03 
       2.328352113525e-02       7.858207212638e+03 
       2.329155753455e-02       7.856818489039e+03 
       2.329959597275e-02       7.855428776301e+03 
       2.330763645288e-02       7.854038078168e+03 
       2.331567897799e-02       7.852646394938e+03 
       2.332372355113e-02       7.851253726918e+03 
       2.333177017536e-02       7.849860074406e+03 
       2.333981885376e-02       7.848465437707e+03 
       2.334786958940e-02       7.847069817137e+03 
       2.335592238535e-02       7.845673213006e+03 
       2.336397724470e-02       7.844275625103e+03 
       2.337203417053e-02       7.842877028264e+03 
       2.338009316596e-02       7.841477473055e+03 
       2.338815423407e-02       7.840076935554e+03 
       2.339621737798e-02       7.838675415725e+03 
       2.340428260081e-02       7.837272913683e+03 
       2.341234990566e-02       7.835869420765e+03 
       2.342041929568e-02       7.834464955040e+03 
       2.342849077399e-02       7.833059508050e+03 
       2.343656434373e-02       7.831653080081e+03 
       2.344464000805e-02       7.830245671426e+03 
       2.345271777009e-02       7.828837282370e+03 
       2.346079763302e-02       7.827427913204e+03 
       2.346887960000e-02       7.826017564227e+03 
       2.347696367420e-02       7.824606235565e+03 
       2.348504985879e-02       7.823193927817e+03 
       2.349313815696e-02       7.821780641146e+03 
       2.350122857189e-02       7.820366384380e+03 
       2.350932110678e-02       7.818951093109e+03 
       2.351741576483e-02       7.817534868686e+03 
       2.352551254925e-02       7.816117666065e+03 
       2.353361146325e-02       7.814699485563e+03 
       2.354171251004e-02       7.813280327441e+03 
       2.354981569286e-02       7.811860191966e+03 
       2.355792101494e-02       7.810439079405e+03 
       2.356602847951e-02       7.809016990036e+03 
       2.357413808982e-02       7.807593923966e+03 
       2.358224984912e-02       7.806169881750e+03 
       2.359036376067e-02       7.804744863549e+03 
       2.359847982773e-02       7.803318878013e+03 
       2.360659805358e-02       7.801891879481e+03 
       2.361471844148e-02       7.800463933450e+03 
       2.362284099473e-02       7.799035012293e+03 
       2.363096571661e-02       7.797605116305e+03 
       2.363909261041e-02       7.796174245715e+03 
       2.364722167945e-02       7.794742400792e+03 
       2.365535292703e-02       7.793309581798e+03 
       2.366348635647e-02       7.791875789007e+03 
       2.367162197108e-02       7.790441022516e+03 
       2.367975977420e-02       7.789005282894e+03 
       2.368789976916e-02       7.787568552389e+03 
       2.369604195931e-02       7.786130856202e+03 
       2.370418634799e-02       7.784692196260e+03 
       2.371233293856e-02       7.783252563819e+03 
       2.372048173437e-02       7.781811959131e+03 
       2.372863273881e-02       7.780370371982e+03 
       2.373678595524e-02       7.778927824543e+03 
       2.374494138705e-02       7.777484303898e+03 
       2.375309903762e-02       7.776039811901e+03 
       2.376125891034e-02       7.774594348803e+03 
       2.376942100864e-02       7.773147914670e+03 
       2.377758533590e-02       7.771700510061e+03 
       2.378575189554e-02       7.770252135089e+03 
       2.379392069100e-02       7.768802790001e+03 
       2.380209172569e-02       7.767352475072e+03 
       2.381026500306e-02       7.765901190578e+03 
       2.381844052655e-02       7.764448936693e+03 
       2.382661829960e-02       7.762995675856e+03 
       2.383479832568e-02       7.761541481315e+03 
       2.384298060824e-02       7.760086317785e+03 
       2.385116515076e-02       7.758630185495e+03 
       2.385935195671e-02       7.757173084526e+03 
       2.386754102959e-02       7.755715015354e+03 
       2.387573237288e-02       7.754255978098e+03 
       2.388392599007e-02       7.752795972983e+03 
       2.389212188468e-02       7.751335000250e+03 
       2.390032006022e-02       7.749873060141e+03 
       2.390852052021e-02       7.748410160563e+03 
       2.391672326817e-02       7.746946258987e+03 
       2.392492830764e-02       7.745481416697e+03 
       2.393313564215e-02       7.744015607751e+03 
       2.394134527526e-02       7.742548832364e+03 
       2.394955721052e-02       7.741081090764e+03 
       2.395777145150e-02       7.739612383009e+03 
       2.396598800176e-02       7.738142709599e+03 
       2.397420686488e-02       7.736672070637e+03 
       2.398242804444e-02       7.735200466461e+03 
       2.399065154404e-02       7.733727906075e+03 
       2.399887736727e-02       7.732254336128e+03 
       2.400710551774e-02       7.730779835314e+03 
       2.401533599905e-02       7.729304369804e+03 
       2.402356881485e-02       7.727827939821e+03 
       2.403180396873e-02       7.726350529271e+03 
       2.404004146436e-02       7.724872171827e+03 
       2.404828130536e-02       7.723392848452e+03 
       2.405652349539e-02       7.721912561078e+03 
       2.406476803809e-02       7.720431310201e+03 
       2.407301493715e-02       7.718949095884e+03 
       2.408126419623e-02       7.717465918318e+03 
       2.408951581900e-02       7.715981777778e+03 
       2.409776980916e-02       7.714496674255e+03 
       2.410602617041e-02       7.713010608146e+03 
       2.411428490643e-02       7.711523579584e+03 
       2.412254602095e-02       7.710035588764e+03 
       2.413080951767e-02       7.708546635885e+03 
       2.413907540033e-02       7.707056721154e+03 
       2.414734367265e-02       7.705565844639e+03 
       2.415561433838e-02       7.704074006806e+03 
       2.416388740126e-02       7.702581207772e+03 
       2.417216286505e-02       7.701087447778e+03 
       2.418044073352e-02       7.699592751650e+03 
       2.418872101042e-02       7.698096983423e+03 
       2.419700369954e-02       7.696600337193e+03 
       2.420528880467e-02       7.695102730294e+03 
       2.421357632961e-02       7.693604162809e+03 
       2.422186627814e-02       7.692104640314e+03 
       2.423015865408e-02       7.690604152398e+03 
       2.423845346125e-02       7.689102704449e+03 
       2.424675070348e-02       7.687600296472e+03 
       2.425505038459e-02       7.686096928921e+03 
       2.426335250843e-02       7.684592601846e+03 
       2.427165707885e-02       7.683087315421e+03 
       2.427996409970e-02       7.681581069839e+03 
       2.428827357485e-02       7.680073865278e+03 
       2.429658550817e-02       7.678565701926e+03 
       2.430489990354e-02       7.677056558065e+03 
       2.431321676485e-02       7.675546469447e+03 
       2.432153609600e-02       7.674035428564e+03 
       2.432985790089e-02       7.672523429278e+03 
       2.433818218343e-02       7.671010471750e+03 
       2.434650894755e-02       7.669496555954e+03 
       2.435483819718e-02       7.667981682351e+03 
       2.436316993625e-02       7.666465850961e+03 
       2.437150416870e-02       7.664949061934e+03 
       2.437984089850e-02       7.663431315441e+03 
       2.438818012960e-02       7.661912611638e+03 
       2.439652186597e-02       7.660392950691e+03 
       2.440486611160e-02       7.658872332776e+03 
       2.441321287047e-02       7.657350758071e+03 
       2.442156214657e-02       7.655828226762e+03 
       2.442991394390e-02       7.654304753360e+03 
       2.443826826649e-02       7.652780254506e+03 
       2.444662511834e-02       7.651254851404e+03 
       2.445498450349e-02       7.649728491937e+03 
       2.446334642598e-02       7.648201176244e+03 
       2.447171088985e-02       7.646672904473e+03 
       2.448007789915e-02       7.645143676766e+03 
       2.448844745794e-02       7.643613491262e+03 
       2.449681957030e-02       7.642082344113e+03 
       2.450519424031e-02       7.640550248688e+03 
       2.451357147206e-02       7.639017197773e+03 
       2.452195126963e-02       7.637483191496e+03 
       2.453033363714e-02       7.635948229998e+03 
       2.453871857870e-02       7.634412313235e+03 
       2.454710609843e-02       7.632875441647e+03 
       2.455549620046e-02       7.631337615243e+03 
       2.456388888894e-02       7.629798834166e+03 
       2.457228416800e-02       7.628259098586e+03 
       2.458068204182e-02       7.626718408623e+03 
       2.458908251455e-02       7.625176723923e+03 
       2.459748559037e-02       7.623634125340e+03 
       2.460589127346e-02       7.622090570123e+03 
       2.461429956802e-02       7.620546060725e+03 
       2.462271047825e-02       7.619000597232e+03 
       2.463112400835e-02       7.617454179603e+03 
       2.463954016255e-02       7.615906808216e+03 
       2.464795894507e-02       7.614358483072e+03 
       2.465638036016e-02       7.612809204281e+03 
       2.466480441205e-02       7.611258971969e+03 
       2.467323110500e-02       7.609707786255e+03 
       2.468166044329e-02       7.608155648523e+03 
       2.469009243117e-02       7.606602534630e+03 
       2.469852707293e-02       7.605048487905e+03 
       2.470696437287e-02       7.603493488168e+03 
       2.471540433528e-02       7.601937535171e+03 
       2.472384696448e-02       7.600380629331e+03 
       2.473229226478e-02       7.598822770471e+03 
       2.474074024051e-02       7.597263959010e+03 
       2.474919089601e-02       7.595704194925e+03 
       2.475764423563e-02       7.594143478329e+03 
       2.476610026372e-02       7.592581809357e+03 
       2.477455898464e-02       7.591019199557e+03 
       2.478302040277e-02       7.589455586290e+03 
       2.479148452250e-02       7.587891058771e+03 
       2.479995134822e-02       7.586325579011e+03 
       2.480842088433e-02       7.584759147108e+03 
       2.481689313524e-02       7.583191760779e+03 
       2.482536810538e-02       7.581623417013e+03 
       2.483384579918e-02       7.580054128402e+03 
       2.484232622107e-02       7.578483887874e+03 
       2.485080937551e-02       7.576912695501e+03 
       2.485929526696e-02       7.575340551378e+03 
       2.486778389989e-02       7.573767455581e+03 
       2.487627527877e-02       7.572193408200e+03 
       2.488476940810e-02       7.570618409327e+03 
       2.489326629237e-02       7.569042459067e+03 
       2.490176593610e-02       7.567465557523e+03 
       2.491026834379e-02       7.565887704804e+03 
       2.491877351999e-02       7.564308855724e+03 
       2.492728146922e-02       7.562729104860e+03 
       2.493579219603e-02       7.561148396080e+03 
       2.494430570499e-02       7.559566736055e+03 
       2.495282200065e-02       7.557984124844e+03 
       2.496134108759e-02       7.556400562512e+03 
       2.496986297041e-02       7.554816049117e+03 
       2.497838765370e-02       7.553230584719e+03 
       2.498691514206e-02       7.551644169384e+03 
       2.499544544012e-02       7.550056803175e+03 
       2.500397855250e-02       7.548468486157e+03 
       2.501251448383e-02       7.546879218161e+03 
       2.502105323877e-02       7.545288979723e+03 
       2.502959482198e-02       7.543697808815e+03 
       2.503813923811e-02       7.542105687517e+03 
       2.504668649185e-02       7.540512615487e+03 
       2.505523658788e-02       7.538918592790e+03 
       2.506378953091e-02       7.537323619475e+03 
       2.507234532564e-02       7.535727695610e+03 
       2.508090397680e-02       7.534130821258e+03 
       2.508946548910e-02       7.532532996473e+03 
       2.509802986729e-02       7.530934221326e+03 
       2.510659711613e-02       7.529334499743e+03 
       2.511516724037e-02       7.527733791800e+03 
       2.512374024477e-02       7.526132163853e+03 
       2.513231613414e-02       7.524529585458e+03 
       2.514089491324e-02       7.522926056652e+03 
       2.514947658690e-02       7.521321580402e+03 
       2.515806115991e-02       7.519716138298e+03 
       2.516664863711e-02       7.518109757762e+03 
       2.517523902333e-02       7.516502426842e+03 
       2.518383232342e-02       7.514894145566e+03 
       2.519242854222e-02       7.513284913962e+03 
       2.520102768461e-02       7.511674732065e+03 
       2.520962975547e-02       7.510063599909e+03 
       2.521823475967e-02       7.508451517343e+03 
       2.522684270213e-02       7.506838484739e+03 
       2.523545358774e-02       7.505224502006e+03 
       2.524406742144e-02       7.503609569195e+03 
       2.525268420815e-02       7.501993645315e+03 
       2.526130395282e-02       7.500376812900e+03 
       2.526992666040e-02       7.498759027035e+03 
       2.527855233584e-02       7.497140290806e+03 
       2.528718098414e-02       7.495520604216e+03 
       2.529581261028e-02       7.493899967272e+03 
       2.530444721924e-02       7.492278379981e+03 
       2.531308481605e-02       7.490655842172e+03 
       2.532172540572e-02       7.489032354157e+03 
       2.533036899329e-02       7.487407915812e+03 
       2.533901558380e-02       7.485782527157e+03 
       2.534766518229e-02       7.484156195354e+03 
       2.535631779384e-02       7.482528878277e+03 
       2.536497342352e-02       7.480900637217e+03 
       2.537363207643e-02       7.479271445657e+03 
       2.538229375765e-02       7.477641303592e+03 
       2.539095847230e-02       7.476010211020e+03 
       2.539962622551e-02       7.474378167946e+03 
       2.540829702240e-02       7.472745174200e+03 
       2.541697086813e-02       7.471111230101e+03 
       2.542564776784e-02       7.469476335455e+03 
       2.543432772672e-02       7.467840490156e+03 
       2.544301074993e-02       7.466203668037e+03 
       2.545169684267e-02       7.464565919603e+03 
       2.546038601014e-02       7.462927220803e+03 
       2.546907825756e-02       7.461287571260e+03 
       2.547777359016e-02       7.459646971850e+03 
       2.548647201318e-02       7.458005410003e+03 
       2.549517353186e-02       7.456362907177e+03 
       2.550387815147e-02       7.454719453199e+03 
       2.551258587728e-02       7.453075048306e+03 
       2.552129671458e-02       7.451429692348e+03 
       2.553001066867e-02       7.449783385293e+03 
       2.553872774486e-02       7.448136127127e+03 
       2.554744794847e-02       7.446487917827e+03 
       2.555617128484e-02       7.444838757376e+03 
       2.556489775932e-02       7.443188645770e+03 
       2.557362737725e-02       7.441537582994e+03 
       2.558236014403e-02       7.439885525859e+03 
       2.559109606502e-02       7.438232563740e+03 
       2.559983514562e-02       7.436578644207e+03 
       2.560857739125e-02       7.434923773101e+03 
       2.561732280732e-02       7.433267950252e+03 
       2.562607139926e-02       7.431611175605e+03 
       2.563482317253e-02       7.429953449291e+03 
       2.564357813258e-02       7.428294770732e+03 
       2.565233628488e-02       7.426635140403e+03 
       2.566109763491e-02       7.424974558087e+03 
       2.566986218817e-02       7.423313023737e+03 
       2.567862995017e-02       7.421650543593e+03 
       2.568740092642e-02       7.419987078231e+03 
       2.569617512247e-02       7.418322685834e+03 
       2.570495254385e-02       7.416657341085e+03 
       2.571373319613e-02       7.414991043805e+03 
       2.572251708488e-02       7.413323793928e+03 
       2.573130421569e-02       7.411655591394e+03 
       2.574009459414e-02       7.409986436144e+03 
       2.574888822586e-02       7.408316328120e+03 
       2.575768511647e-02       7.406645267269e+03 
       2.576648527159e-02       7.404973253259e+03 
       2.577528869689e-02       7.403300260326e+03 
       2.578409539802e-02       7.401626338252e+03 
       2.579290538066e-02       7.399951463332e+03 
       2.580171865051e-02       7.398275634784e+03 
       2.581053521325e-02       7.396598854669e+03 
       2.581935507461e-02       7.394921107823e+03 
       2.582817824032e-02       7.393242417942e+03 
       2.583700471611e-02       7.391562774184e+03 
       2.584583450775e-02       7.389882176461e+03 
       2.585466762100e-02       7.388200624683e+03 
       2.586350406165e-02       7.386518118766e+03 
       2.587234383549e-02       7.384834658621e+03 
       2.588118694833e-02       7.383150244165e+03 
       2.589003340599e-02       7.381464875325e+03 
       2.589888321431e-02       7.379778551838e+03 
       2.590773637914e-02       7.378091273969e+03 
       2.591659290634e-02       7.376402999993e+03 
       2.592545280180e-02       7.374713813933e+03 
       2.593431607140e-02       7.373023668891e+03 
       2.594318272104e-02       7.371332568533e+03 
       2.595205275666e-02       7.369640512792e+03 
       2.596092618417e-02       7.367947501421e+03 
       2.596980300954e-02       7.366253534439e+03 
       2.597868323871e-02       7.364558611688e+03 
       2.598756687767e-02       7.362862733063e+03 
       2.599645393239e-02       7.361165898265e+03 
       2.600534440890e-02       7.359468107512e+03 
       2.601423831320e-02       7.357769368612e+03 
       2.602313565132e-02       7.356069636616e+03 
       2.603203642932e-02       7.354368975357e+03 
       2.604094065325e-02       7.352667357312e+03 
       2.604984832918e-02       7.350964782350e+03 
       2.605875946321e-02       7.349261250346e+03 
       2.606767406144e-02       7.347556761171e+03 
       2.607659212998e-02       7.345851314702e+03 
       2.608551367498e-02       7.344144910818e+03 
       2.609443870257e-02       7.342437549209e+03 
       2.610336721892e-02       7.340729230084e+03 
       2.611229923020e-02       7.339019925955e+03 
       2.612123474261e-02       7.337309689115e+03 
       2.613017376235e-02       7.335598493978e+03 
       2.613911629564e-02       7.333886340395e+03 
       2.614806234871e-02       7.332173231884e+03 
       2.615701192783e-02       7.330459147532e+03 
       2.616596503925e-02       7.328744116908e+03 
       2.617492168925e-02       7.327028127110e+03 
       2.618388188413e-02       7.325311177836e+03 
       2.619284563020e-02       7.323593269176e+03 
       2.620181293378e-02       7.321874400867e+03 
       2.621078380122e-02       7.320154572751e+03 
       2.621975823887e-02       7.318433784685e+03 
       2.622873625310e-02       7.316712036524e+03 
       2.623771785030e-02       7.314989328129e+03 
       2.624670303687e-02       7.313265658027e+03 
       2.625569181923e-02       7.311540991727e+03 
       2.626468420381e-02       7.309815399241e+03 
       2.627368019706e-02       7.308088845290e+03 
       2.628267980544e-02       7.306361329755e+03 
       2.629168303543e-02       7.304632852713e+03 
       2.630068989354e-02       7.302903413868e+03 
       2.630970038626e-02       7.301173013033e+03 
       2.631871452012e-02       7.299441650037e+03 
       2.632773230168e-02       7.297709324698e+03 
       2.633675373748e-02       7.295976036840e+03 
       2.634577883410e-02       7.294241786287e+03 
       2.635480759813e-02       7.292506550154e+03 
       2.636384003618e-02       7.290770375448e+03 
       2.637287615487e-02       7.289033234152e+03 
       2.638191596083e-02       7.287295129041e+03 
       2.639095946073e-02       7.285556060187e+03 
       2.640000666123e-02       7.283816027264e+03 
       2.640905756902e-02       7.282075030084e+03 
       2.641811219080e-02       7.280333068446e+03 
       2.642717053330e-02       7.278590142161e+03 
       2.643623260325e-02       7.276846251041e+03 
       2.644529840740e-02       7.275101405598e+03 
       2.645436795252e-02       7.273355545803e+03 
       2.646344124540e-02       7.271608756967e+03 
       2.647251829284e-02       7.269861002216e+03 
       2.648159910166e-02       7.268112281161e+03 
       2.649068367869e-02       7.266362583261e+03 
       2.649977203080e-02       7.264611930196e+03 
       2.650886416484e-02       7.262860308793e+03 
       2.651796008770e-02       7.261107720268e+03 
       2.652705980630e-02       7.259354164395e+03 
       2.653616332754e-02       7.257599640943e+03 
       2.654527065837e-02       7.255844149690e+03 
       2.655438180573e-02       7.254087690411e+03 
       2.656349677662e-02       7.252330262884e+03 
       2.657261557800e-02       7.250571866903e+03 
       2.658173821689e-02       7.248812502075e+03 
       2.659086470032e-02       7.247052183490e+03 
       2.659999503531e-02       7.245290826859e+03 
       2.660912922895e-02       7.243528551915e+03 
       2.661826728829e-02       7.241765306965e+03 
       2.662740922043e-02       7.240001091748e+03 
       2.663655503249e-02       7.238235906019e+03 
       2.664570473159e-02       7.236469749513e+03 
       2.665485832488e-02       7.234702621979e+03 
       2.666401581953e-02       7.232934523162e+03 
       2.667317722271e-02       7.231165452667e+03 
       2.668234254164e-02       7.229395410495e+03 
       2.669151178352e-02       7.227624397355e+03 
       2.670068495559e-02       7.225852389788e+03 
       2.670986206512e-02       7.224079429244e+03 
       2.671904311936e-02       7.222305495701e+03 
       2.672822812563e-02       7.220530588849e+03 
       2.673741709121e-02       7.218754708418e+03 
       2.674661002344e-02       7.216977854117e+03 
       2.675580692967e-02       7.215200025693e+03 
       2.676500781726e-02       7.213421222871e+03 
       2.677421269360e-02       7.211641445223e+03 
       2.678342156609e-02       7.209860692764e+03 
       2.679263444214e-02       7.208078937725e+03 
       2.680185132920e-02       7.206296233480e+03 
       2.681107223472e-02       7.204512552394e+03 
       2.682029716618e-02       7.202727894968e+03 
       2.682952613109e-02       7.200942262359e+03 
       2.683875913694e-02       7.199155640526e+03 
       2.684799619128e-02       7.197368051632e+03 
       2.685723730166e-02       7.195579485104e+03 
       2.686648247565e-02       7.193789940651e+03 
       2.687573172085e-02       7.191999417783e+03 
       2.688498504485e-02       7.190207916505e+03 
       2.689424245530e-02       7.188415436379e+03 
       2.690350395985e-02       7.186621977101e+03 
       2.691276956615e-02       7.184827538384e+03 
       2.692203928191e-02       7.183032119933e+03 
       2.693131311482e-02       7.181235720734e+03 
       2.694059107262e-02       7.179438305348e+03 
       2.694987316305e-02       7.177639943129e+03 
       2.695915939388e-02       7.175840599651e+03 
       2.696844977290e-02       7.174040274334e+03 
       2.697774430791e-02       7.172238967093e+03 
       2.698704300674e-02       7.170436677481e+03 
       2.699634587725e-02       7.168633405158e+03 
       2.700565292729e-02       7.166829149796e+03 
       2.701496416475e-02       7.165023911081e+03 
       2.702427959755e-02       7.163217688618e+03 
       2.703359923361e-02       7.161410482153e+03 
       2.704292308087e-02       7.159602269901e+03 
       2.705225114731e-02       7.157793094992e+03 
       2.706158344092e-02       7.155982932810e+03 
       2.707091996971e-02       7.154171784838e+03 
       2.708026074171e-02       7.152359651010e+03 
       2.708960576497e-02       7.150546530813e+03 
       2.709895504756e-02       7.148732423954e+03 
       2.710830859758e-02       7.146917330053e+03 
       2.711766642315e-02       7.145101248804e+03 
       2.712702853238e-02       7.143284179740e+03 
       2.713639493346e-02       7.141466108679e+03 
       2.714576563454e-02       7.139647049353e+03 
       2.715514064384e-02       7.137827012874e+03 
       2.716451996957e-02       7.136005986776e+03 
       2.717390361997e-02       7.134183970648e+03 
       2.718329160332e-02       7.132360955655e+03 
       2.719268392788e-02       7.130536958351e+03 
       2.720208060197e-02       7.128711969884e+03 
       2.721148163393e-02       7.126885989927e+03 
       2.722088703209e-02       7.125059018092e+03 
       2.723029680483e-02       7.123231053994e+03 
       2.723971096054e-02       7.121402097250e+03 
       2.724912950765e-02       7.119572147474e+03 
       2.725855245459e-02       7.117741204292e+03 
       2.726797980981e-02       7.115909267154e+03 
       2.727741158181e-02       7.114076335525e+03 
       2.728684777908e-02       7.112242373951e+03 
       2.729628841016e-02       7.110407450159e+03 
       2.730573348359e-02       7.108571531068e+03 
       2.731518300795e-02       7.106734615834e+03 
       2.732463699183e-02       7.104896703948e+03 
       2.733409544385e-02       7.103057795032e+03 
       2.734355837265e-02       7.101217888664e+03 
       2.735302578689e-02       7.099376984420e+03 
       2.736249769526e-02       7.097535081730e+03 
       2.737197410647e-02       7.095692180430e+03 
       2.738145502926e-02       7.093848279792e+03 
       2.739094047237e-02       7.092003361036e+03 
       2.740043044458e-02       7.090157459369e+03 
       2.740992495471e-02       7.088310557384e+03 
       2.741942401157e-02       7.086462654320e+03 
       2.742892762402e-02       7.084613749746e+03 
       2.743843580092e-02       7.082763843217e+03 
       2.744794855117e-02       7.080912934288e+03 
       2.745746588370e-02       7.079061022520e+03 
       2.746698780745e-02       7.077208107287e+03 
       2.747651433139e-02       7.075354188348e+03 
       2.748604546450e-02       7.073499239970e+03 
       2.749558121582e-02       7.071643310055e+03 
       2.750512159436e-02       7.069786375235e+03 
       2.751466660921e-02       7.067928434517e+03 
       2.752421626945e-02       7.066069490534e+03 
       2.753377058419e-02       7.064209524581e+03 
       2.754332956257e-02       7.062348562910e+03 
       2.755289321376e-02       7.060486593453e+03 
       2.756246154694e-02       7.058623615485e+03 
       2.757203457133e-02       7.056759628882e+03 
       2.758161229616e-02       7.054894633021e+03 
       2.759119473069e-02       7.053028627423e+03 
       2.760078188422e-02       7.051161611619e+03 
       2.761037376605e-02       7.049293585106e+03 
       2.761997038552e-02       7.047424547460e+03 
       2.762957175199e-02       7.045554513070e+03 
       2.763917787487e-02       7.043683399448e+03 
       2.764878876354e-02       7.041811322683e+03 
       2.765840442747e-02       7.039938232262e+03 
       2.766802487611e-02       7.038064128017e+03 
       2.767765011895e-02       7.036189009018e+03 
       2.768728016552e-02       7.034312875048e+03 
       2.769691502535e-02       7.032435725493e+03 
       2.770655470801e-02       7.030557559833e+03 
       2.771619922310e-02       7.028678377555e+03 
       2.772584858024e-02       7.026798178158e+03 
       2.773550278908e-02       7.024916962611e+03 
       2.774516185930e-02       7.023034706149e+03 
       2.775482580058e-02       7.021151450767e+03 
       2.776449462267e-02       7.019267175764e+03 
       2.777416833532e-02       7.017381880917e+03 
       2.778384694830e-02       7.015495565535e+03 
       2.779353047142e-02       7.013608229088e+03 
       2.780321891453e-02       7.011719871025e+03 
       2.781291228748e-02       7.009830490815e+03 
       2.782261060016e-02       7.007940087938e+03 
       2.783231386249e-02       7.006048645457e+03 
       2.784202208441e-02       7.004156185137e+03 
       2.785173527590e-02       7.002262708908e+03 
       2.786145344695e-02       7.000368207354e+03 
       2.787117660760e-02       6.998472680812e+03 
       2.788090476789e-02       6.996576117832e+03 
       2.789063793791e-02       6.994678536873e+03 
       2.790037612778e-02       6.992779928398e+03 
       2.791011934762e-02       6.990880291792e+03 
       2.791986760762e-02       6.988979626475e+03 
       2.792962091795e-02       6.987077931865e+03 
       2.793937928886e-02       6.985175207377e+03 
       2.794914273058e-02       6.983271452443e+03 
       2.795891125341e-02       6.981366666315e+03 
       2.796868486766e-02       6.979460848714e+03 
       2.797846358365e-02       6.977554010214e+03 
       2.798824741176e-02       6.975646079775e+03 
       2.799803636240e-02       6.973737161140e+03 
       2.800783044597e-02       6.971827208165e+03 
       2.801762967295e-02       6.969916220238e+03 
       2.802743405381e-02       6.968004196744e+03 
       2.803724359907e-02       6.966091137066e+03 
       2.804705831928e-02       6.964177040581e+03 
       2.805687822500e-02       6.962261906487e+03 
       2.806670332685e-02       6.960345734481e+03 
       2.807653363546e-02       6.958428523779e+03 
       2.808636916148e-02       6.956510269816e+03 
       2.809620991562e-02       6.954590964232e+03 
       2.810605590860e-02       6.952670632171e+03 
       2.811590715117e-02       6.950749258674e+03 
       2.812576365413e-02       6.948826843098e+03 
       2.813562542828e-02       6.946903384796e+03 
       2.814549248447e-02       6.944978883129e+03 
       2.815536483359e-02       6.943053337301e+03 
       2.816524248653e-02       6.941126746940e+03 
       2.817512545425e-02       6.939199111297e+03 
       2.818501374770e-02       6.937270401494e+03 
       2.819490737790e-02       6.935340674896e+03 
       2.820480635588e-02       6.933409897433e+03 
       2.821471069270e-02       6.931478071777e+03 
       2.822462039947e-02       6.929545200113e+03 
       2.823453548730e-02       6.927611264203e+03 
       2.824445596737e-02       6.925676289203e+03 
       2.825438185086e-02       6.923740263020e+03 
       2.826431314900e-02       6.921803185224e+03 
       2.827424987304e-02       6.919865055006e+03 
       2.828419203429e-02       6.917925871664e+03 
       2.829413964405e-02       6.915985634537e+03 
       2.830409271370e-02       6.914044342915e+03 
       2.831405125460e-02       6.912101996131e+03 
       2.832401527819e-02       6.910158593528e+03 
       2.833398479593e-02       6.908214108333e+03 
       2.834395981929e-02       6.906268581124e+03 
       2.835394035979e-02       6.904322003826e+03 
       2.836392642900e-02       6.902374367591e+03 
       2.837391803850e-02       6.900425671573e+03 
       2.838391519991e-02       6.898475915034e+03 
       2.839391792489e-02       6.896525097242e+03 
       2.840392622512e-02       6.894573217461e+03 
       2.841394011233e-02       6.892620274958e+03 
       2.842395959828e-02       6.890666269001e+03 
       2.843398469476e-02       6.888711198365e+03 
       2.844401541359e-02       6.886755045187e+03 
       2.845405176664e-02       6.884797843063e+03 
       2.846409376580e-02       6.882839574241e+03 
       2.847414142301e-02       6.880880238044e+03 
       2.848419475022e-02       6.878919833687e+03 
       2.849425375945e-02       6.876958360412e+03 
       2.850431846272e-02       6.874995817455e+03 
       2.851438887210e-02       6.873032204052e+03 
       2.852446499971e-02       6.871067519453e+03 
       2.853454685769e-02       6.869101770110e+03 
       2.854463445822e-02       6.867134908203e+03 
       2.855472781351e-02       6.865167003301e+03 
       2.856482693580e-02       6.863198023951e+03 
       2.857493183740e-02       6.861227969266e+03 
       2.858504253062e-02       6.859256829922e+03 
       2.859515902783e-02       6.857284621319e+03 
       2.860528134141e-02       6.855311334988e+03 
       2.861540948381e-02       6.853336969989e+03 
       2.862554346750e-02       6.851361525515e+03 
       2.863568330497e-02       6.849385000761e+03 
       2.864582900878e-02       6.847407394921e+03 
       2.865598059152e-02       6.845428707007e+03 
       2.866613806579e-02       6.843448936503e+03 
       2.867630144427e-02       6.841468082479e+03 
       2.868647073963e-02       6.839486154786e+03 
       2.869664596463e-02       6.837503085078e+03 
       2.870682713202e-02       6.835518972839e+03 
       2.871701425463e-02       6.833533773377e+03 
       2.872720734529e-02       6.831547485843e+03 
       2.873740641690e-02       6.829560109381e+03 
       2.874761148239e-02       6.827571643149e+03 
       2.875782255471e-02       6.825582086092e+03 
       2.876803964688e-02       6.823591437672e+03 
       2.877826277193e-02       6.821599696898e+03 
       2.878849194295e-02       6.819606862925e+03 
       2.879872717306e-02       6.817612915248e+03 
       2.880896847543e-02       6.815617892641e+03 
       2.881921586325e-02       6.813621772324e+03 
       2.882946934977e-02       6.811624555102e+03 
       2.883972894827e-02       6.809626240080e+03 
       2.884999467207e-02       6.807626826209e+03 
       2.886026653454e-02       6.805626312838e+03 
       2.887054454909e-02       6.803624698963e+03 
       2.888082872914e-02       6.801621983705e+03 
       2.889111908820e-02       6.799618170146e+03 
       2.890141563979e-02       6.797613220690e+03 
       2.891171839748e-02       6.795607194040e+03 
       2.892202737487e-02       6.793600062126e+03 
       2.893234258563e-02       6.791591824037e+03 
       2.894266404343e-02       6.789582470483e+03 
       2.895299176202e-02       6.787572016475e+03 
       2.896332575518e-02       6.785560453551e+03 
       2.897366603673e-02       6.783547780637e+03 
       2.898401262053e-02       6.781533996790e+03 
       2.899436552048e-02       6.779519101061e+03 
       2.900472475053e-02       6.777503092499e+03 
       2.901509032468e-02       6.775485970158e+03 
       2.902546225695e-02       6.773467733092e+03 
       2.903584056144e-02       6.771448380366e+03 
       2.904622525225e-02       6.769427923421e+03 
       2.905661634356e-02       6.767406288907e+03 
       2.906701384957e-02       6.765383580689e+03 
       2.907741778453e-02       6.763359752564e+03 
       2.908782816276e-02       6.761334803633e+03 
       2.909824499858e-02       6.759308732637e+03 
       2.910866830639e-02       6.757281538854e+03 
       2.911909810061e-02       6.755253221209e+03 
       2.912953439573e-02       6.753223778716e+03 
       2.913997720626e-02       6.751193210416e+03 
       2.915042654678e-02       6.749161514879e+03 
       2.916088243190e-02       6.747128674191e+03 
       2.917134487627e-02       6.745094720940e+03 
       2.918181389461e-02       6.743059637566e+03 
       2.919228950166e-02       6.741023423051e+03 
       2.920277171222e-02       6.738986076360e+03 
       2.921326054113e-02       6.736947596462e+03 
       2.922375600329e-02       6.734907982327e+03 
       2.923425811364e-02       6.732867232930e+03 
       2.924476688716e-02       6.730825347248e+03 
       2.925528233888e-02       6.728782333490e+03 
       2.926580448388e-02       6.726738137860e+03 
       2.927633333730e-02       6.724692835058e+03 
       2.928686891430e-02       6.722646391506e+03 
       2.929741123011e-02       6.720598806953e+03 
       2.930796030001e-02       6.718550069443e+03 
       2.931851613931e-02       6.716500196588e+03 
       2.932907876339e-02       6.714449178590e+03 
       2.933964818766e-02       6.712397014362e+03 
       2.935022442759e-02       6.710343702664e+03 
       2.936080749869e-02       6.708289242637e+03 
       2.937139741655e-02       6.706233633082e+03 
       2.938199419676e-02       6.704176872908e+03 
       2.939259785501e-02       6.702118961019e+03 
       2.940320840700e-02       6.700059896349e+03 
       2.941382586851e-02       6.697999641832e+03 
       2.942445025535e-02       6.695938268748e+03 
       2.943508158339e-02       6.693875736206e+03 
       2.944571986855e-02       6.691812046026e+03 
       2.945636512680e-02       6.689747196889e+03 
       2.946701737417e-02       6.687681187941e+03 
       2.947767662673e-02       6.685614017914e+03 
       2.948834290060e-02       6.683545685662e+03 
       2.949901621197e-02       6.681476190031e+03 
       2.950969657707e-02       6.679405529908e+03 
       2.952038401219e-02       6.677333710016e+03 
       2.953107853365e-02       6.675260693283e+03 
       2.954178015784e-02       6.673186531169e+03 
       2.955248890123e-02       6.671111199492e+03 
       2.956320478028e-02       6.669034697313e+03 
       2.957392781157e-02       6.666957023333e+03 
       2.958465801170e-02       6.664878176365e+03 
       2.959539539731e-02       6.662798155225e+03 
       2.960613998514e-02       6.660716958732e+03 
       2.961689179194e-02       6.658634585316e+03 
       2.962765083453e-02       6.656551011298e+03 
       2.963841712981e-02       6.654466279715e+03 
       2.964919069469e-02       6.652380367726e+03 
       2.965997154617e-02       6.650293273887e+03 
       2.967075970130e-02       6.648204997373e+03 
       2.968155517718e-02       6.646115533810e+03 
       2.969235799096e-02       6.644024878878e+03 
       2.970316815987e-02       6.641933045224e+03 
       2.971398570116e-02       6.639840023559e+03 
       2.972481063218e-02       6.637745812619e+03 
       2.973564297030e-02       6.635650411142e+03 
       2.974648273297e-02       6.633553817865e+03 
       2.975732993770e-02       6.631456031353e+03 
       2.976818460204e-02       6.629357050639e+03 
       2.977904674361e-02       6.627256878676e+03 
       2.978991638009e-02       6.625155472071e+03 
       2.980079352921e-02       6.623052898461e+03 
       2.981167820877e-02       6.620949125063e+03 
       2.982257043663e-02       6.618844150580e+03 
       2.983347023070e-02       6.616737973699e+03 
       2.984437760896e-02       6.614630593104e+03 
       2.985529258943e-02       6.612522007322e+03 
       2.986621519021e-02       6.610412215287e+03 
       2.987714542947e-02       6.608301215331e+03 
       2.988808332542e-02       6.606188991523e+03 
       2.989902889633e-02       6.604075571288e+03 
       2.990998216055e-02       6.601960939118e+03 
       2.992094313648e-02       6.599845093694e+03 
       2.993191184258e-02       6.597728033652e+03 
       2.994288829738e-02       6.595609757632e+03 
       2.995387251947e-02       6.593490264131e+03 
       2.996486452751e-02       6.591369552011e+03 
       2.997586434020e-02       6.589247624030e+03 
       2.998687197633e-02       6.587124444955e+03 
       2.999788745475e-02       6.585000066860e+03 
       3.000891079435e-02       6.582874464308e+03 
       3.001994201411e-02       6.580747636690e+03 
       3.003098113307e-02       6.578619572143e+03 
       3.004202817034e-02       6.576490287183e+03 
       3.005308314506e-02       6.574359772029e+03 
       3.006414607649e-02       6.572228025055e+03 
       3.007521698392e-02       6.570095045139e+03 
       3.008629588671e-02       6.567960830735e+03 
       3.009738280429e-02       6.565825380366e+03 
       3.010847775617e-02       6.563688692599e+03 
       3.011958076190e-02       6.561550765993e+03 
       3.013069184113e-02       6.559411599107e+03 
       3.014181101355e-02       6.557271200779e+03 
       3.015293829893e-02       6.555129505915e+03 
       3.016407371711e-02       6.552986606791e+03 
       3.017521728799e-02       6.550842461312e+03 
       3.018636903155e-02       6.548697067848e+03 
       3.019752896784e-02       6.546550424898e+03 
       3.020869711696e-02       6.544402530955e+03 
       3.021987349910e-02       6.542253384510e+03 
       3.023105813451e-02       6.540102984048e+03 
       3.024225104353e-02       6.537951328059e+03 
       3.025345224653e-02       6.535798415034e+03 
       3.026466176400e-02       6.533644235972e+03 
       3.027587961647e-02       6.531488793977e+03 
       3.028710582455e-02       6.529332099175e+03 
       3.029834040893e-02       6.527174140961e+03 
       3.030958339035e-02       6.525014917769e+03 
       3.032083478965e-02       6.522854428032e+03 
       3.033209462772e-02       6.520692670179e+03 
       3.034336292555e-02       6.518529642647e+03 
       3.035463970418e-02       6.516365343875e+03 
       3.036592498474e-02       6.514199772133e+03 
       3.037721878842e-02       6.512032903693e+03 
       3.038852113650e-02       6.509864780319e+03 
       3.039983205032e-02       6.507695378843e+03 
       3.041115155131e-02       6.505524697920e+03 
       3.042247966097e-02       6.503352739124e+03 
       3.043381640088e-02       6.501179483244e+03 
       3.044516179269e-02       6.499004953616e+03 
       3.045651585813e-02       6.496829137933e+03 
       3.046787861901e-02       6.494652034356e+03 
       3.047925009721e-02       6.492473641539e+03 
       3.049063031470e-02       6.490293957854e+03 
       3.050201929353e-02       6.488112981135e+03 
       3.051341705580e-02       6.485930710220e+03 
       3.052482362374e-02       6.483747143286e+03 
       3.053623901961e-02       6.481562278662e+03 
       3.054766326578e-02       6.479376083589e+03 
       3.055909638468e-02       6.477188616708e+03 
       3.057053839885e-02       6.474999846233e+03 
       3.058198933089e-02       6.472809771018e+03 
       3.059344920348e-02       6.470618389272e+03 
       3.060491803939e-02       6.468425699260e+03 
       3.061639586146e-02       6.466231699276e+03 
       3.062788269265e-02       6.464036387502e+03 
       3.063937855595e-02       6.461839762282e+03 
       3.065088347447e-02       6.459641821852e+03 
       3.066239747139e-02       6.457442569401e+03 
       3.067392056998e-02       6.455241971538e+03 
       3.068545279361e-02       6.453040073549e+03 
       3.069699416569e-02       6.450836853065e+03 
       3.070854470977e-02       6.448632308286e+03 
       3.072010444944e-02       6.446426437417e+03 
       3.073167340841e-02       6.444219238644e+03 
       3.074325161046e-02       6.442010710210e+03 
       3.075483907947e-02       6.439800850277e+03 
       3.076643583938e-02       6.437589656892e+03 
       3.077804191426e-02       6.435377103903e+03 
       3.078965732823e-02       6.433163240343e+03 
       3.080128210552e-02       6.430948034377e+03 
       3.081291627045e-02       6.428731487523e+03 
       3.082455984741e-02       6.426513600988e+03 
       3.083621286092e-02       6.424294356065e+03 
       3.084787533554e-02       6.422073774775e+03 
       3.085954729597e-02       6.419851844966e+03 
       3.087122876697e-02       6.417628564789e+03 
       3.088291977340e-02       6.415403932403e+03 
       3.089462034021e-02       6.413177945850e+03 
       3.090633049245e-02       6.410950603375e+03 
       3.091805025527e-02       6.408721902597e+03 
       3.092977965390e-02       6.406491842095e+03 
       3.094151871367e-02       6.404260422885e+03 
       3.095326746000e-02       6.402027603880e+03 
       3.096502591841e-02       6.399793449790e+03 
       3.097679411453e-02       6.397557927714e+03 
       3.098857207405e-02       6.395321035724e+03 
       3.100035982280e-02       6.393082771798e+03 
       3.101215738668e-02       6.390843133951e+03 
       3.102396479168e-02       6.388602120200e+03 
       3.103578206393e-02       6.386359728559e+03 
       3.104760922961e-02       6.384115957039e+03 
       3.105944631504e-02       6.381870803281e+03 
       3.107129334660e-02       6.379624250665e+03 
       3.108315035081e-02       6.377376326292e+03 
       3.109501735426e-02       6.375127013642e+03 
       3.110689438366e-02       6.372876310764e+03 
       3.111878146582e-02       6.370624215601e+03 
       3.113067862764e-02       6.368370726095e+03 
       3.114258589614e-02       6.366115840177e+03 
       3.115450329842e-02       6.363859555750e+03 
       3.116643086172e-02       6.361601870766e+03 
       3.117836861334e-02       6.359342759338e+03 
       3.119031658073e-02       6.357082269118e+03 
       3.120227479141e-02       6.354820368143e+03 
       3.121424327302e-02       6.352557057973e+03 
       3.122622205332e-02       6.350292337018e+03 
       3.123821116015e-02       6.348026194114e+03 
       3.125021062148e-02       6.345758642987e+03 
       3.126222046537e-02       6.343489673962e+03 
       3.127424072001e-02       6.341219284938e+03 
       3.128627141369e-02       6.338947473759e+03 
       3.129831257479e-02       6.336674238214e+03 
       3.131036423184e-02       6.334399576119e+03 
       3.132242641346e-02       6.332123485274e+03 
       3.133449914836e-02       6.329845963549e+03 
       3.134658246541e-02       6.327567018421e+03 
       3.135867639355e-02       6.325286589029e+03 
       3.137078096186e-02       6.323004758845e+03 
       3.138289619952e-02       6.320721488485e+03 
       3.139502213583e-02       6.318436775722e+03 
       3.140715880020e-02       6.316150618274e+03 
       3.141930622217e-02       6.313863013875e+03 
       3.143146443139e-02       6.311573960265e+03 
       3.144363345761e-02       6.309283455178e+03 
       3.145581333073e-02       6.306991496282e+03 
       3.146800408073e-02       6.304698084627e+03 
       3.148020573774e-02       6.302403192590e+03 
       3.149241833200e-02       6.300106857298e+03 
       3.150464189386e-02       6.297809058774e+03 
       3.151687645382e-02       6.295509794662e+03 
       3.152912204246e-02       6.293209062607e+03 
       3.154137869051e-02       6.290906860248e+03 
       3.155364642882e-02       6.288603185180e+03 
       3.156592528835e-02       6.286298035077e+03 
       3.157821530021e-02       6.283991415521e+03 
       3.159051649560e-02       6.281683279834e+03 
       3.160282890588e-02       6.279373688580e+03 
       3.161515256251e-02       6.277062612450e+03 
       3.162748749709e-02       6.274750051340e+03 
       3.163983374134e-02       6.272435988822e+03 
       3.165219132712e-02       6.270120442912e+03 
       3.166456028641e-02       6.267803402306e+03 
       3.167694065131e-02       6.265484864521e+03 
       3.168933245407e-02       6.263164827065e+03 
       3.170173572706e-02       6.260843287467e+03 
       3.171415050279e-02       6.258520243222e+03 
       3.172657681388e-02       6.256195691826e+03 
       3.173901469311e-02       6.253869630783e+03 
       3.175146417337e-02       6.251542065922e+03 
       3.176392528772e-02       6.249212941312e+03 
       3.177639806931e-02       6.246882333768e+03 
       3.178888255145e-02       6.244550206057e+03 
       3.180137876760e-02       6.242216555613e+03 
       3.181388675132e-02       6.239881379847e+03 
       3.182640653635e-02       6.237544676168e+03 
       3.183893815654e-02       6.235206441997e+03 
       3.185148164589e-02       6.232866674717e+03 
       3.186403703854e-02       6.230525371752e+03 
       3.187660436877e-02       6.228182514024e+03 
       3.188918367100e-02       6.225838133160e+03 
       3.190177497979e-02       6.223492206007e+03 
       3.191437832986e-02       6.221144732372e+03 
       3.192699375606e-02       6.218795709564e+03 
       3.193962129339e-02       6.216445134878e+03 
       3.195226097699e-02       6.214093005624e+03 
       3.196491284215e-02       6.211739319094e+03 
       3.197757692431e-02       6.209384072591e+03 
       3.199025325906e-02       6.207027244756e+03 
       3.200294188213e-02       6.204668868568e+03 
       3.201564282941e-02       6.202308923969e+03 
       3.202835613695e-02       6.199947408183e+03 
       3.204108184091e-02       6.197584311833e+03 
       3.205381997766e-02       6.195219644924e+03 
       3.206657058368e-02       6.192853398322e+03 
       3.207933369562e-02       6.190485569307e+03 
       3.209210935029e-02       6.188116155049e+03 
       3.210489758465e-02       6.185745152711e+03 
       3.211769843581e-02       6.183372559443e+03 
       3.213051194105e-02       6.180998372383e+03 
       3.214333813781e-02       6.178622588679e+03 
       3.215617706367e-02       6.176245206927e+03 
       3.216902875640e-02       6.173866193458e+03 
       3.218189325391e-02       6.171485600346e+03 
       3.219477059427e-02       6.169103398693e+03 
       3.220766081573e-02       6.166719585528e+03 
       3.222056395670e-02       6.164334157919e+03 
       3.223348005573e-02       6.161947112919e+03 
       3.224640915158e-02       6.159558447576e+03 
       3.225935128314e-02       6.157168158940e+03 
       3.227230648949e-02       6.154776244037e+03 
       3.228527480986e-02       6.152382695917e+03 
       3.229825628367e-02       6.149987509169e+03 
       3.231125095050e-02       6.147590696166e+03 
       3.232425885010e-02       6.145192244640e+03 
       3.233728002240e-02       6.142792151489e+03 
       3.235031450749e-02       6.140390413654e+03 
       3.236336234566e-02       6.137987028057e+03 
       3.237642357736e-02       6.135581991611e+03 
       3.238949824320e-02       6.133175301232e+03 
       3.240258638400e-02       6.130766936312e+03 
       3.241568804075e-02       6.128356926892e+03 
       3.242880325460e-02       6.125945254266e+03 
       3.244193206691e-02       6.123531914886e+03 
       3.245507451920e-02       6.121116899420e+03 
       3.246823065318e-02       6.118700216746e+03 
       3.248140051075e-02       6.116281857783e+03 
       3.249458413399e-02       6.113861819242e+03 
       3.250778156517e-02       6.111440098007e+03 
       3.252099284674e-02       6.109016690793e+03 
       3.253421802134e-02       6.106591594352e+03 
       3.254745713181e-02       6.104164805424e+03 
       3.256071022118e-02       6.101736320757e+03 
       3.257397733265e-02       6.099306146196e+03 
       3.258725850965e-02       6.096874225262e+03 
       3.260055379577e-02       6.094440631354e+03 
       3.261386323481e-02       6.092005328191e+03 
       3.262718687077e-02       6.089568312247e+03 
       3.264052474784e-02       6.087129580340e+03 
       3.265387691042e-02       6.084689129040e+03 
       3.266724340309e-02       6.082246954988e+03 
       3.268062427066e-02       6.079803054796e+03 
       3.269401955812e-02       6.077357424605e+03 
       3.270742931067e-02       6.074910049264e+03 
       3.272085357372e-02       6.072460948982e+03 
       3.273429239287e-02       6.070010108602e+03 
       3.274774581395e-02       6.067557524645e+03 
       3.276121388299e-02       6.065103193615e+03 
       3.277469664623e-02       6.062647111996e+03 
       3.278819415011e-02       6.060189276273e+03 
       3.280170644130e-02       6.057729682932e+03 
       3.281523356667e-02       6.055268323997e+03 
       3.282877557332e-02       6.052805191304e+03 
       3.284233250855e-02       6.050340302158e+03 
       3.285590441990e-02       6.047873640889e+03 
       3.286949135510e-02       6.045405197045e+03 
       3.288309336212e-02       6.042934981269e+03 
       3.289671048915e-02       6.040462981437e+03 
       3.291034278460e-02       6.037989194894e+03 
       3.292399029711e-02       6.035513617946e+03 
       3.293765307553e-02       6.033036246891e+03 
       3.295133116896e-02       6.030557078025e+03 
       3.296502462671e-02       6.028076107618e+03 
       3.297873349833e-02       6.025593331971e+03 
       3.299245783361e-02       6.023108756182e+03 
       3.300619768255e-02       6.020622325528e+03 
       3.301995309540e-02       6.018134109397e+03 
       3.303372412265e-02       6.015644072584e+03 
       3.304751081501e-02       6.013152211292e+03 
       3.306131322345e-02       6.010658521693e+03 
       3.307513139916e-02       6.008162999920e+03 
       3.308896539359e-02       6.005665642142e+03 
       3.310281525842e-02       6.003166444428e+03 
       3.311668104559e-02       6.000665406292e+03 
       3.313056280728e-02       5.998162501077e+03 
       3.314446059590e-02       5.995657759103e+03 
       3.315837446413e-02       5.993151161657e+03 
       3.317230446490e-02       5.990642704412e+03 
       3.318625065139e-02       5.988132383364e+03 
       3.320021307703e-02       5.985620194827e+03 
       3.321419179552e-02       5.983106134616e+03 
       3.322818686080e-02       5.980590198398e+03 
       3.324219832708e-02       5.978072366607e+03 
       3.325622624882e-02       5.975552665185e+03 
       3.327027068076e-02       5.973031075530e+03 
       3.328433167789e-02       5.970507594637e+03 
       3.329840929548e-02       5.967982209317e+03 
       3.331250358905e-02       5.965454929716e+03 
       3.332661461440e-02       5.962925745244e+03 
       3.334074242761e-02       5.960394651690e+03 
       3.335488708501e-02       5.957861644846e+03 
       3.336904864323e-02       5.955326720482e+03 
       3.338322715915e-02       5.952789874345e+03 
       3.339742268996e-02       5.950251102179e+03 
       3.341163529310e-02       5.947710405282e+03 
       3.342586502632e-02       5.945167740260e+03 
       3.344011194762e-02       5.942623162281e+03 
       3.345437611532e-02       5.940076640755e+03 
       3.346865758800e-02       5.937528171403e+03 
       3.348295642456e-02       5.934977749762e+03 
       3.349727268415e-02       5.932425371486e+03 
       3.351160642626e-02       5.929871032135e+03 
       3.352595771063e-02       5.927314727343e+03 
       3.354032659734e-02       5.924756456355e+03 
       3.355471314673e-02       5.922196191852e+03 
       3.356911741948e-02       5.919633962861e+03 
       3.358353947653e-02       5.917069750271e+03 
       3.359797937916e-02       5.914503549542e+03 
       3.361243718895e-02       5.911935356084e+03 
       3.362691296777e-02       5.909365165365e+03 
       3.364140677782e-02       5.906792972889e+03 
       3.365591868162e-02       5.904218758869e+03 
       3.367044874198e-02       5.901642547305e+03 
       3.368499702205e-02       5.899064319835e+03 
       3.369956358529e-02       5.896484068387e+03 
       3.371414849549e-02       5.893901792891e+03 
       3.372875181674e-02       5.891317488958e+03 
       3.374337361349e-02       5.888731150224e+03 
       3.375801395049e-02       5.886142771877e+03 
       3.377267289285e-02       5.883552349148e+03 
       3.378735050598e-02       5.880959877211e+03 
       3.380204685565e-02       5.878365351246e+03 
       3.381676200796e-02       5.875768772814e+03 
       3.383149602934e-02       5.873170096366e+03 
       3.384624898657e-02       5.870569376903e+03 
       3.386102094678e-02       5.867966583527e+03 
       3.387581197745e-02       5.865361711337e+03 
       3.389062214639e-02       5.862754755374e+03 
       3.390545152178e-02       5.860145710682e+03 
       3.392030017213e-02       5.857534572283e+03 
       3.393516816635e-02       5.854921339247e+03 
       3.395005557366e-02       5.852305983002e+03 
       3.396496246367e-02       5.849688531996e+03 
       3.397988890635e-02       5.847068966820e+03 
       3.399483497203e-02       5.844447282313e+03 
       3.400980073142e-02       5.841823473304e+03 
       3.402478625559e-02       5.839197534617e+03 
       3.403979161599e-02       5.836569461157e+03 
       3.405481688444e-02       5.833939233310e+03 
       3.406986213315e-02       5.831306872881e+03 
       3.408492743471e-02       5.828672361671e+03 
       3.410001286209e-02       5.826035689509e+03 
       3.411511848865e-02       5.823396860391e+03 
       3.413024438814e-02       5.820755864469e+03 
       3.414539063470e-02       5.818112696368e+03 
       3.416055730286e-02       5.815467350762e+03 
       3.417574446758e-02       5.812819822083e+03 
       3.419095220419e-02       5.810170105042e+03 
       3.420618058842e-02       5.807518194059e+03 
       3.422142969643e-02       5.804864064754e+03 
       3.423669960479e-02       5.802207747540e+03 
       3.425199039046e-02       5.799549219470e+03 
       3.426730213083e-02       5.796888474983e+03 
       3.428263490372e-02       5.794225508525e+03 
       3.429798878735e-02       5.791560314460e+03 
       3.431336386038e-02       5.788892887158e+03 
       3.432876020189e-02       5.786223221647e+03 
       3.434417789141e-02       5.783551300072e+03 
       3.435961700887e-02       5.780877137886e+03 
       3.437507763466e-02       5.778200719406e+03 
       3.439055984962e-02       5.775522038872e+03 
       3.440606373502e-02       5.772841090423e+03 
       3.442158937257e-02       5.770157868199e+03 
       3.443713684444e-02       5.767472365885e+03 
       3.445270623327e-02       5.764784565943e+03 
       3.446829762212e-02       5.762094485615e+03 
       3.448391109453e-02       5.759402107617e+03 
       3.449954673453e-02       5.756707421488e+03 
       3.451520462656e-02       5.754010429733e+03 
       3.453088485559e-02       5.751311122217e+03 
       3.454658750702e-02       5.748609492880e+03 
       3.456231266675e-02       5.745905535623e+03 
       3.457806042116e-02       5.743199244248e+03 
       3.459383085710e-02       5.740490612653e+03 
       3.460962406193e-02       5.737779638261e+03 
       3.462544012349e-02       5.735066286052e+03 
       3.464127913012e-02       5.732350594533e+03 
       3.465714117065e-02       5.729632537491e+03 
       3.467302633442e-02       5.726912108566e+03 
       3.468893471129e-02       5.724189301393e+03 
       3.470486639160e-02       5.721464109667e+03 
       3.472082146624e-02       5.718736526971e+03 
       3.473680002659e-02       5.716006536839e+03 
       3.475280216458e-02       5.713274153070e+03 
       3.476882797264e-02       5.710539357628e+03 
       3.478487754374e-02       5.707802145053e+03 
       3.480095097139e-02       5.705062508778e+03 
       3.481704834964e-02       5.702320442248e+03 
       3.483316977308e-02       5.699575938807e+03 
       3.484931533684e-02       5.696828980272e+03 
       3.486548513661e-02       5.694079581613e+03 
       3.488167926863e-02       5.691327725766e+03 
       3.489789782970e-02       5.688573401531e+03 
       3.491414091720e-02       5.685816610599e+03 
       3.493040862905e-02       5.683057341786e+03 
       3.494670106377e-02       5.680295588174e+03 
       3.496301832044e-02       5.677531343171e+03 
       3.497936049873e-02       5.674764599747e+03 
       3.499572769889e-02       5.671995350887e+03 
       3.501212002177e-02       5.669223595055e+03 
       3.502853756881e-02       5.666449292442e+03 
       3.504498044205e-02       5.663672483218e+03 
       3.506144874413e-02       5.660893139990e+03 
       3.507794257833e-02       5.658111255595e+03 
       3.509446204849e-02       5.655326822857e+03 
       3.511100725913e-02       5.652539834417e+03 
       3.512757831535e-02       5.649750282954e+03 
       3.514417532289e-02       5.646958153561e+03 
       3.516079838814e-02       5.644163453817e+03 
       3.517744761812e-02       5.641366169093e+03 
       3.519412312049e-02       5.638566291963e+03 
       3.521082500355e-02       5.635763814914e+03 
       3.522755337629e-02       5.632958730448e+03 
       3.524430834833e-02       5.630151025903e+03 
       3.526109002997e-02       5.627340698079e+03 
       3.527789853217e-02       5.624527744731e+03 
       3.529473396656e-02       5.621712149704e+03 
       3.531159644549e-02       5.618893912086e+03 
       3.532848608195e-02       5.616073021094e+03 
       3.534540298966e-02       5.613249468910e+03 
       3.536234728301e-02       5.610423247682e+03 
       3.537931907712e-02       5.607594349594e+03 
       3.539631848780e-02       5.604762766769e+03 
       3.541334563158e-02       5.601928491320e+03 
       3.543040062573e-02       5.599091499873e+03 
       3.544748358822e-02       5.596251813201e+03 
       3.546459463778e-02       5.593409409439e+03 
       3.548173389386e-02       5.590564280442e+03 
       3.549890147666e-02       5.587716418054e+03 
       3.551609750715e-02       5.584865814100e+03 
       3.553332210703e-02       5.582012460221e+03 
       3.555057539879e-02       5.579156348362e+03 
       3.556785750568e-02       5.576297461377e+03 
       3.558516855173e-02       5.573435808219e+03 
       3.560250866174e-02       5.570571371073e+03 
       3.561987796133e-02       5.567704142200e+03 
       3.563727657689e-02       5.564834112939e+03 
       3.565470463563e-02       5.561961274892e+03 
       3.567216226557e-02       5.559085619371e+03 
       3.568964959555e-02       5.556207137710e+03 
       3.570716675521e-02       5.553325810972e+03 
       3.572471387506e-02       5.550441649598e+03 
       3.574229108643e-02       5.547554635682e+03 
       3.575989852148e-02       5.544664760467e+03 
       3.577753631326e-02       5.541772011303e+03 
       3.579520459566e-02       5.538876386301e+03 
       3.581290350343e-02       5.535977873119e+03 
       3.583063317220e-02       5.533076462753e+03 
       3.584839373851e-02       5.530172145978e+03 
       3.586618533975e-02       5.527264913861e+03 
       3.588400811423e-02       5.524354757136e+03 
       3.590186220118e-02       5.521441666521e+03 
       3.591974774071e-02       5.518525632757e+03 
       3.593766487389e-02       5.515606633254e+03 
       3.595561374269e-02       5.512684683215e+03 
       3.597359449003e-02       5.509759761945e+03 
       3.599160725978e-02       5.506831859649e+03 
       3.600965219676e-02       5.503900966787e+03 
       3.602772944677e-02       5.500967073791e+03 
       3.604583915655e-02       5.498030171051e+03 
       3.606398147385e-02       5.495090248726e+03 
       3.608215654739e-02       5.492147293749e+03 
       3.610036452691e-02       5.489201302963e+03 
       3.611860556314e-02       5.486252263162e+03 
       3.613687980782e-02       5.483300164420e+03 
       3.615518741374e-02       5.480344996795e+03 
       3.617352853470e-02       5.477386741601e+03 
       3.619190332556e-02       5.474425404715e+03 
       3.621031194223e-02       5.471460968671e+03 
       3.622875454168e-02       5.468493423438e+03 
       3.624723128195e-02       5.465522754750e+03 
       3.626574232216e-02       5.462548959090e+03 
       3.628428782254e-02       5.459572022805e+03 
       3.630286794441e-02       5.456591935864e+03 
       3.632148285019e-02       5.453608687170e+03 
       3.634013270344e-02       5.450622266630e+03 
       3.635881766885e-02       5.447632665493e+03 
       3.637753791225e-02       5.444639855483e+03 
       3.639629360062e-02       5.441643853347e+03 
       3.641508490211e-02       5.438644636141e+03 
       3.643391198604e-02       5.435642192998e+03 
       3.645277502293e-02       5.432636510706e+03 
       3.647167418447e-02       5.429627582685e+03 
       3.649060964358e-02       5.426615395616e+03 
       3.650958157441e-02       5.423599938605e+03 
       3.652859015231e-02       5.420581200349e+03 
       3.654763555388e-02       5.417559169605e+03 
       3.656671795700e-02       5.414533828135e+03 
       3.658583754080e-02       5.411505177244e+03 
       3.660499448567e-02       5.408473199933e+03 
       3.662418897331e-02       5.405437880981e+03 
       3.664342118673e-02       5.402399214649e+03 
       3.666269131025e-02       5.399357186690e+03 
       3.668199952949e-02       5.396311785400e+03 
       3.670134603144e-02       5.393262998853e+03 
       3.672073100445e-02       5.390210812035e+03 
       3.674015463820e-02       5.387155219697e+03 
       3.675961712379e-02       5.384096206504e+03 
       3.677911865368e-02       5.381033752093e+03 
       3.679865942176e-02       5.377967858902e+03 
       3.681823962332e-02       5.374898508269e+03 
       3.683785945510e-02       5.371825687719e+03 
       3.685751911528e-02       5.368749384923e+03 
       3.687721880350e-02       5.365669583087e+03 
       3.689695872088e-02       5.362586277606e+03 
       3.691673907003e-02       5.359499452161e+03 
       3.693656005507e-02       5.356409094245e+03 
       3.695642188163e-02       5.353315191019e+03 
       3.697632475688e-02       5.350217724095e+03 
       3.699626888955e-02       5.347116690585e+03 
       3.701625448991e-02       5.344012070788e+03 
       3.703628176985e-02       5.340903855207e+03 
       3.705635094281e-02       5.337792029153e+03 
       3.707646222390e-02       5.334676579415e+03 
       3.709661582981e-02       5.331557492664e+03 
       3.711681197890e-02       5.328434758342e+03 
       3.713705089119e-02       5.325308346488e+03 
       3.715733278837e-02       5.322178266512e+03 
       3.717765789384e-02       5.319044495233e+03 
       3.719802643272e-02       5.315907018905e+03 
       3.721843863183e-02       5.312765823715e+03 
       3.723889471977e-02       5.309620891685e+03 
       3.725939492689e-02       5.306472216099e+03 
       3.727993948534e-02       5.303319779461e+03 
       3.730052862905e-02       5.300163567631e+03 
       3.732116259380e-02       5.297003566368e+03 
       3.734184161719e-02       5.293839756745e+03 
       3.736256593870e-02       5.290672132505e+03 
       3.738333579966e-02       5.287500674463e+03 
       3.740415144332e-02       5.284325369496e+03 
       3.742501311486e-02       5.281146202345e+03 
       3.744592106137e-02       5.277963157947e+03 
       3.746687553192e-02       5.274776217452e+03 
       3.748787677755e-02       5.271585372954e+03 
       3.750892505131e-02       5.268390605999e+03 
       3.753002060828e-02       5.265191901393e+03 
       3.755116370555e-02       5.261989243670e+03 
       3.757235460230e-02       5.258782617646e+03 
       3.759359355981e-02       5.255572004860e+03 
       3.761488084145e-02       5.252357395175e+03 
       3.763621671273e-02       5.249138770047e+03 
       3.765760144130e-02       5.245916113947e+03 
       3.767903529702e-02       5.242689410904e+03 
       3.770051855192e-02       5.239458644747e+03 
       3.772205148028e-02       5.236223796264e+03 
       3.774363435863e-02       5.232984854522e+03 
       3.776526746575e-02       5.229741800563e+03 
       3.778695108275e-02       5.226494617974e+03 
       3.780868549305e-02       5.223243289384e+03 
       3.783047098243e-02       5.219987799904e+03 
       3.785230783903e-02       5.216728131192e+03 
       3.787419635340e-02       5.213464267501e+03 
       3.789613681854e-02       5.210196191309e+03 
       3.791812952988e-02       5.206923884150e+03 
       3.794017478535e-02       5.203647330984e+03 
       3.796227288538e-02       5.200366514056e+03 
       3.798442413295e-02       5.197081409857e+03 
       3.800662883360e-02       5.193792009852e+03 
       3.802888729548e-02       5.190498292353e+03 
       3.805119982936e-02       5.187200239564e+03 
       3.807356674866e-02       5.183897833533e+03 
       3.809598836950e-02       5.180591056024e+03 
       3.811846501071e-02       5.177279888969e+03 
       3.814099699387e-02       5.173964313848e+03 
       3.816358464333e-02       5.170644312100e+03 
       3.818622828627e-02       5.167319865048e+03 
       3.820892825270e-02       5.163990953755e+03 
       3.823168487552e-02       5.160657559551e+03 
       3.825449849053e-02       5.157319663345e+03 
       3.827736943648e-02       5.153977246015e+03 
       3.830029805510e-02       5.150630288187e+03 
       3.832328469113e-02       5.147278770610e+03 
       3.834632969236e-02       5.143922673638e+03 
       3.836943340965e-02       5.140561977537e+03 
       3.839259619702e-02       5.137196662402e+03 
       3.841581841161e-02       5.133826708046e+03 
       3.843910041377e-02       5.130452094518e+03 
       3.846244256708e-02       5.127072801544e+03 
       3.848584523840e-02       5.123688808389e+03 
       3.850930879790e-02       5.120300094738e+03 
       3.853283361909e-02       5.116906639876e+03 
       3.855642007888e-02       5.113508422918e+03 
       3.858006855761e-02       5.110105422841e+03 
       3.860377943910e-02       5.106697618448e+03 
       3.862755311067e-02       5.103284988210e+03 
       3.865138996322e-02       5.099867510788e+03 
       3.867529039124e-02       5.096445164426e+03 
       3.869925479285e-02       5.093017927299e+03 
       3.872328356990e-02       5.089585777360e+03 
       3.874737712794e-02       5.086148692568e+03 
       3.877153587633e-02       5.082706650576e+03 
       3.879576022824e-02       5.079259628946e+03 
       3.882005060073e-02       5.075807605064e+03 
       3.884440741476e-02       5.072350555952e+03 
       3.886883109531e-02       5.068888458789e+03 
       3.889332207135e-02       5.065421290300e+03 
       3.891788077593e-02       5.061949027142e+03 
       3.894250764624e-02       5.058471645746e+03 
       3.896720312363e-02       5.054989122373e+03 
       3.899196765369e-02       5.051501433268e+03 
       3.901680168631e-02       5.048008554332e+03 
       3.904170567570e-02       5.044510461267e+03 
       3.906668008048e-02       5.041007129759e+03 
       3.909172536371e-02       5.037498535142e+03 
       3.911684199297e-02       5.033984652562e+03 
       3.914203044041e-02       5.030465457000e+03 
       3.916729118281e-02       5.026940923080e+03 
       3.919262470162e-02       5.023411025617e+03 
       3.921803148305e-02       5.019875738933e+03 
       3.924351201814e-02       5.016335037248e+03 
       3.926906680278e-02       5.012788894432e+03 
       3.929469633781e-02       5.009237284565e+03 
       3.932040112907e-02       5.005680180909e+03 
       3.934618168747e-02       5.002117557072e+03 
       3.937203852908e-02       4.998549385975e+03 
       3.939797217514e-02       4.994975640688e+03 
       3.942398315220e-02       4.991396293857e+03 
       3.945007199214e-02       4.987811318012e+03 
       3.947623923228e-02       4.984220685371e+03 
       3.950248541539e-02       4.980624368113e+03 
       3.952881108987e-02       4.977022338022e+03 
       3.955521680971e-02       4.973414566730e+03 
       3.958170313465e-02       4.969801025504e+03 
       3.960827063022e-02       4.966181685541e+03 
       3.963491986785e-02       4.962556517652e+03 
       3.966165142489e-02       4.958925492438e+03 
       3.968846588477e-02       4.955288580298e+03 
       3.971536383703e-02       4.951645751493e+03 
       3.974234587744e-02       4.947996975900e+03 
       3.976941260804e-02       4.944342223242e+03 
       3.979656463729e-02       4.940681462856e+03 
       3.982380258010e-02       4.937014663960e+03 
       3.985112705798e-02       4.933341795343e+03 
       3.987853869908e-02       4.929662825610e+03 
       3.990603813832e-02       4.925977723006e+03 
       3.993362601747e-02       4.922286455712e+03 
       3.996130298525e-02       4.918588991518e+03 
       3.998906969745e-02       4.914885298004e+03 
       4.001692681698e-02       4.911175342382e+03 
       4.004487501405e-02       4.907459091768e+03 
       4.007291496621e-02       4.903736512768e+03 
       4.010104735849e-02       4.900007571742e+03 
       4.012927288349e-02       4.896272234788e+03 
       4.015759224152e-02       4.892530467301e+03 
       4.018600614067e-02       4.888782235244e+03 
       4.021451529699e-02       4.885027503685e+03 
       4.024312043453e-02       4.881266237421e+03 
       4.027182228552e-02       4.877498401260e+03 
       4.030062159047e-02       4.873723959422e+03 
       4.032951909829e-02       4.869942875852e+03 
       4.035851556642e-02       4.866155113926e+03 
       4.038761176098e-02       4.862360637070e+03 
       4.041680845685e-02       4.858559408166e+03 
       4.044610643787e-02       4.854751389687e+03 
       4.047550649692e-02       4.850936544139e+03 
       4.050500943609e-02       4.847114833361e+03 
       4.053461606682e-02       4.843286219106e+03 
       4.056432721003e-02       4.839450662493e+03 
       4.059414369628e-02       4.835608124503e+03 
       4.062406636592e-02       4.831758565478e+03 
       4.065409606922e-02       4.827901945550e+03 
       4.068423366657e-02       4.824038224286e+03 
       4.071448002860e-02       4.820167361283e+03 
       4.074483603636e-02       4.816289315535e+03 
       4.077530258149e-02       4.812404045663e+03 
       4.080588056636e-02       4.808511510079e+03 
       4.083657090429e-02       4.804611666569e+03 
       4.086737451966e-02       4.800704472502e+03 
       4.089829234817e-02       4.796789884710e+03 
       4.092932533696e-02       4.792867859791e+03 
       4.096047444481e-02       4.788938354003e+03 
       4.099174064234e-02       4.785001323040e+03 
       4.102312491221e-02       4.781056722376e+03 
       4.105462824930e-02       4.777104506973e+03 
       4.108625166091e-02       4.773144631348e+03 
       4.111799616699e-02       4.769177049301e+03 
       4.114986280034e-02       4.765201714453e+03 
       4.118185260680e-02       4.761218579757e+03 
       4.121396664551e-02       4.757227597789e+03 
       4.124620598910e-02       4.753228720777e+03 
       4.127857172395e-02       4.749221900422e+03 
       4.131106495038e-02       4.745207087964e+03 
       4.134368678294e-02       4.741184234202e+03 
       4.137643835061e-02       4.737153289234e+03 
       4.140932079707e-02       4.733114202667e+03 
       4.144233528094e-02       4.729066923466e+03 
       4.147548297608e-02       4.725011400413e+03 
       4.150876507178e-02       4.720947581586e+03 
       4.154218277310e-02       4.716875414526e+03 
       4.157573730111e-02       4.712794846496e+03 
       4.160942989320e-02       4.708705823946e+03 
       4.164326180333e-02       4.704608292657e+03 
       4.167723430235e-02       4.700502197953e+03 
       4.171134867831e-02       4.696387484508e+03 
       4.174560623675e-02       4.692264096435e+03 
       4.178000830102e-02       4.688131977390e+03 
       4.181455621260e-02       4.683991070428e+03 
       4.184925133145e-02       4.679841318027e+03 
       4.188409503630e-02       4.675682661769e+03 
       4.191908872506e-02       4.671515042799e+03 
       4.195423381512e-02       4.667338401478e+03 
       4.198953174372e-02       4.663152677470e+03 
       4.202498396834e-02       4.658957810042e+03 
       4.206059196706e-02       4.654753737694e+03 
       4.209635723896e-02       4.650540398213e+03 
       4.213228130449e-02       4.646317728890e+03 
       4.216836570590e-02       4.642085666077e+03 
       4.220461200764e-02       4.637844144890e+03 
       4.224102179679e-02       4.633593100745e+03 
       4.227759668350e-02       4.629332467675e+03 
       4.231433830142e-02       4.625062179058e+03 
       4.235124830814e-02       4.620782167836e+03 
       4.238832838572e-02       4.616492366076e+03 
       4.242558024110e-02       4.612192704338e+03 
       4.246300560659e-02       4.607883113367e+03 
       4.250060624045e-02       4.603563522419e+03 
       4.253838392729e-02       4.599233860108e+03 
       4.257634047868e-02       4.594894054459e+03 
       4.261447773366e-02       4.590544032514e+03 
       4.265279755929e-02       4.586183720344e+03 
       4.269130185121e-02       4.581813043256e+03 
       4.272999253423e-02       4.577431925367e+03 
       4.276887156295e-02       4.573040290049e+03 
       4.280794092229e-02       4.568638059795e+03 
       4.284720262822e-02       4.564225156196e+03 
       4.288665872831e-02       4.559801499972e+03 
       4.292631130245e-02       4.555367010753e+03 
       4.296616246350e-02       4.550921607018e+03 
       4.300621435797e-02       4.546465206270e+03 
       4.304646916676e-02       4.541997724976e+03 
       4.308692910585e-02       4.537519078573e+03 
       4.312759642710e-02       4.533029181716e+03 
       4.316847341897e-02       4.528527947784e+03 
       4.320956240734e-02       4.524015289080e+03 
       4.325086575630e-02       4.519491116573e+03 
       4.329238586899e-02       4.514955340027e+03 
       4.333412518845e-02       4.510407868241e+03 
       4.337608619851e-02       4.505848608876e+03 
       4.341827142467e-02       4.501277468412e+03 
       4.346068343505e-02       4.496694352041e+03 
       4.350332484133e-02       4.492099163687e+03 
       4.354619829970e-02       4.487491805745e+03 
       4.358930651192e-02       4.482872179394e+03 
       4.363265222632e-02       4.478240184574e+03 
       4.367623823887e-02       4.473595720075e+03 
       4.372006739425e-02       4.468938683221e+03 
       4.376414258702e-02       4.464268969761e+03 
       4.380846676273e-02       4.459586473979e+03 
       4.385304291915e-02       4.454891088534e+03 
       4.389787410746e-02       4.450182704916e+03 
       4.394296343352e-02       4.445461213012e+03 
       4.398831405918e-02       4.440726501297e+03 
       4.403392920360e-02       4.435978456577e+03 
       4.407981214462e-02       4.431216963704e+03 
       4.412596622019e-02       4.426441906022e+03 
       4.417239482983e-02       4.421653165255e+03 
       4.421910143610e-02       4.416850621567e+03 
       4.426608956618e-02       4.412034153294e+03 
       4.431336281345e-02       4.407203636926e+03 
       4.436092483914e-02       4.402358947019e+03 
       4.440877937400e-02       4.397499956109e+03 
       4.445693022007e-02       4.392626535173e+03 
       4.450538125250e-02       4.387738553056e+03 
       4.455413642134e-02       4.382835876759e+03 
       4.460319975351e-02       4.377918371204e+03 
       4.465257535478e-02       4.372985898879e+03 
       4.470226741175e-02       4.368038320452e+03 
       4.475228019402e-02       4.363075494327e+03 
       4.480261805633e-02       4.358097276753e+03 
       4.485328544082e-02       4.353103521689e+03 
       4.490428687932e-02       4.348094080729e+03 
       4.495562699575e-02       4.343068802916e+03 
       4.500731050861e-02       4.338027535115e+03 
       4.505934223353e-02       4.332970121471e+03 
       4.511172708589e-02       4.327896403731e+03 
       4.516447008355e-02       4.322806220979e+03 
       4.521757634969e-02       4.317699409499e+03 
       4.527105111572e-02       4.312575803019e+03 
       4.532489972429e-02       4.307435232277e+03 
       4.537912763241e-02       4.302277525239e+03 
       4.543374041469e-02       4.297102506858e+03 
       4.548874376667e-02       4.291909999056e+03 
       4.554414350830e-02       4.286699820663e+03 
       4.559994558749e-02       4.281471787470e+03 
       4.565615608386e-02       4.276225711712e+03 
       4.571278121255e-02       4.270961402520e+03 
       4.576982732825e-02       4.265678665376e+03 
       4.582730092927e-02       4.260377302468e+03 
       4.588520866186e-02       4.255057112302e+03 
       4.594355732462e-02       4.249717889624e+03 
       4.600235387313e-02       4.244359425271e+03 
       4.606160542472e-02       4.238981506269e+03 
       4.612131926341e-02       4.233583915612e+03 
       4.618150284505e-02       4.228166432324e+03 
       4.624216380268e-02       4.222728830975e+03 
       4.630330995203e-02       4.217270881669e+03 
       4.636494929736e-02       4.211792350264e+03 
       4.642709003734e-02       4.206292997925e+03 
       4.648974057134e-02       4.200772581051e+03 
       4.655290950586e-02       4.195230851035e+03 
       4.661660566127e-02       4.189667554410e+03 
       4.668083807879e-02       4.184082432576e+03 
       4.674561602774e-02       4.178475221321e+03 
       4.681094901315e-02       4.172845651055e+03 
       4.687684678359e-02       4.167193446635e+03 
       4.694331933943e-02       4.161518327209e+03 
       4.701037694132e-02       4.155820005540e+03 
       4.707803011913e-02       4.150098188182e+03 
       4.714628968123e-02       4.144352575484e+03 
       4.721516672414e-02       4.138582861292e+03 
       4.728467264262e-02       4.132788732622e+03 
       4.735481914021e-02       4.126969868962e+03 
       4.742561824019e-02       4.121125942742e+03 
       4.749708229703e-02       4.115256619292e+03 
       4.756922400839e-02       4.109361555854e+03 
       4.764205642760e-02       4.103440401399e+03 
       4.771559297669e-02       4.097492796659e+03 
       4.778984746008e-02       4.091518374018e+03 
       4.786483407886e-02       4.085516756972e+03 
       4.794056744565e-02       4.079487559388e+03 
       4.801706260029e-02       4.073430385589e+03 
       4.809433502614e-02       4.067344830312e+03 
       4.817240066723e-02       4.061230477970e+03 
       4.825127594614e-02       4.055086902040e+03 
       4.833097778283e-02       4.048913664830e+03 
       4.841152361430e-02       4.042710317501e+03 
       4.849293141524e-02       4.036476399303e+03 
       4.857521971968e-02       4.030211436662e+03 
       4.865840764375e-02       4.023914943175e+03 
       4.874251490948e-02       4.017586419301e+03 
       4.882756186991e-02       4.011225351625e+03 
       4.891356953537e-02       4.004831211088e+03 
       4.900055960119e-02       3.998403454765e+03 
       4.908855447675e-02       3.991941523491e+03 
       4.917757731613e-02       3.985444841434e+03 
       4.926765205028e-02       3.978912815517e+03 
       4.935880342095e-02       3.972344834668e+03 
       4.945105701639e-02       3.965740269628e+03 
       4.954443930899e-02       3.959098470670e+03 
       4.963897769498e-02       3.952418768055e+03 
       4.973470053623e-02       3.945700470623e+03 
       4.983163720443e-02       3.938942864239e+03 
       4.992981812767e-02       3.932145211539e+03 
       5.002927483970e-02       3.925306750662e+03 
       5.013004003190e-02       3.918426693139e+03 
       5.023214760825e-02       3.911504223635e+03 
       5.033563274350e-02       3.904538498624e+03 
       5.044053194465e-02       3.897528643619e+03 
       5.054688311610e-02       3.890473752688e+03 
       5.065472562858e-02       3.883372887370e+03 
       5.076410039223e-02       3.876225072911e+03 
       5.087504993406e-02       3.869029297782e+03 
       5.098761848015e-02       3.861784512094e+03 
       5.110185204274e-02       3.854489623485e+03 
       5.121779851286e-02       3.847143496319e+03 
       5.133550775859e-02       3.839744949269e+03 
       5.145503172951e-02       3.832292750883e+03 
       5.157642456778e-02       3.824785618495e+03 
       5.169974272625e-02       3.817222214562e+03 
       5.182504509416e-02       3.809601141888e+03 
       5.195239313100e-02       3.801920942183e+03 
       5.208185100900e-02       3.794180090581e+03 
       5.221348576509e-02       3.786376991030e+03 
       5.234736746281e-02       3.778509973388e+03 
       5.248356936502e-02       3.770577286273e+03 
       5.262216811824e-02       3.762577092902e+03 
       5.276324394928e-02       3.754507465137e+03 
       5.290688087533e-02       3.746366375666e+03 
       5.305316692829e-02       3.738151693086e+03 
       5.320219439450e-02       3.729861171918e+03 
       5.335406007097e-02       3.721492446233e+03 
       5.350886553925e-02       3.713043018993e+03 
       5.366671745836e-02       3.704510252890e+03 
       5.382772787796e-02       3.695891359238e+03 
       5.399201457338e-02       3.687183385557e+03 
       5.415970140391e-02       3.678383203086e+03 
       5.433091869600e-02       3.669487491642e+03 
       5.450580365301e-02       3.660492724296e+03 
       5.468450079332e-02       3.651395149400e+03 
       5.486716241845e-02       3.642190771636e+03 
       5.505394911317e-02       3.632875330905e+03 
       5.524503027926e-02       3.623444278128e+03 
       5.544058470476e-02       3.613892750814e+03 
       5.564080117054e-02       3.604215542310e+03 
       5.584587909551e-02       3.594407072697e+03 
       5.605602922203e-02       3.584461351229e+03 
       5.627147434255e-02       3.574371939564e+03 
       5.649245006788e-02       3.564131907000e+03 
       5.671920563738e-02       3.553733784224e+03 
       5.695200476998e-02       3.543169508937e+03 
       5.719112655444e-02       3.532430368243e+03 
       5.743686637547e-02       3.521506933174e+03 
       5.768953687093e-02       3.510388985226e+03 
       5.794946891298e-02       3.499065438498e+03 
       5.821701260344e-02       3.487524249744e+03 
       5.849253827011e-02       3.475752319720e+03 
       5.877643744705e-02       3.463735386960e+03 
       5.906912381612e-02       3.451457908123e+03 
       5.937103408180e-02       3.438902927526e+03 
       5.968262874345e-02       3.426051935009e+03 
       6.000439272096e-02       3.412884711661e+03 
       6.033683577970e-02       3.399379163744e+03 
       6.068049268946e-02       3.385511143997e+03 
       6.103592303924e-02       3.371254264094e+03 
       6.140371061617e-02       3.356579698329e+03 
       6.178446224216e-02       3.341455983736e+03 
       6.217880594771e-02       3.325848820237e+03 
       6.258738834909e-02       3.309720879834e+03 
       6.301087108453e-02       3.293031632890e+03 
       6.344992616044e-02       3.275737205362e+03 
       6.390523006071e-02       3.257790282133e+03 
       6.437745648697e-02       3.239140077030e+03 
       6.486726762698e-02       3.219732392087e+03 
       6.537530389763e-02       3.199509794138e+03 
       6.590217218128e-02       3.178411937409e+03 
       6.644843267191e-02       3.156376064380e+03 
       6.701458457026e-02       3.133337715323e+03 
       6.760105101094e-02       3.109231673026e+03 
       6.820816375998e-02       3.083993161241e+03 
       6.883614837289e-02       3.057559307413e+03 
       6.948511063161e-02       3.029870855920e+03 
       7.015502515751e-02       3.000874103449e+03 
       7.084572710392e-02       2.970523002243e+03 
       7.155690774502e-02       2.938781357889e+03 
       7.228811458973e-02       2.905625018942e+03 
       7.303875636743e-02       2.871043946172e+03 
       7.380811288065e-02       2.835044031774e+03 
       7.459534934060e-02       2.797648558773e+03 
       7.539953444423e-02       2.758899192251e+03 
       7.621966116613e-02       2.718856431718e+03 
       7.705466906398e-02       2.677599479537e+03 
       7.790346685187e-02       2.635225529756e+03 
       7.876495407842e-02       2.591848505475e+03 
       7.963804093351e-02       2.547597317284e+03 
       8.052166546212e-02       2.502613730547e+03 
       8.141480774457e-02       2.457049945180e+03 
       8.231650087357e-02       2.411065997594e+03 
       8.322583879000e-02       2.364827084391e+03 
       8.414198121675e-02       2.318500905536e+03 
       8.506415604794e-02       2.272255103805e+03 
       8.599165961224e-02       2.226254864318e+03 
       8.692385524551e-02       2.180660722392e+03 
       8.786017058883e-02       2.135626611739e+03 
       8.880009398709e-02       2.091298173919e+03 
       8.974317031009e-02       2.047811334596e+03 
       9.068899646010e-02       2.005291147209e+03 
       9.163721677429e-02       1.963850895559e+03 
       9.258751847893e-02       1.923591440153e+03 
       9.353962730859e-02       1.884600790957e+03 
       9.449330336656e-02       1.846953887048e+03 
       9.544833727388e-02       1.810712558191e+03 
       9.640454663138e-02       1.775925649224e+03 
       9.736177280244e-02       1.742629281348e+03 
       9.831987801212e-02       1.710847231153e+03 
       9.927874274979e-02       1.680591404454e+03 
       1.002382634571e-01       1.651862387924e+03 
       1.011983504804e-01       1.624650060378e+03 
       1.021589262645e-01       1.598934248639e+03 
       1.031199237652e-01       1.574685415349e+03 
       1.040812850585e-01       1.551865368972e+03 
       1.050429601248e-01       1.530427984028e+03 
       1.060049057887e-01       1.510319930289e+03 
       1.069670847961e-01       1.491481399707e+03 
       1.079294650120e-01       1.473846834385e+03 
       1.088920187244e-01       1.457345647770e+03 
       1.098547220410e-01       1.441902937698e+03 
       1.108175543666e-01       1.427440201990e+03 
       1.117804979504e-01       1.413876037571e+03 
       1.127435374956e-01       1.401126842357e+03 
       1.137066598215e-01       1.389107505112e+03 
       1.146698535711e-01       1.377732093003e+03 
       1.156331089599e-01       1.366914524996e+03 
       1.165964175585e-01       1.356569242824e+03 
       1.175597721047e-01       1.346611865397e+03 
       1.185231663422e-01       1.336959831607e+03 
       1.194865948813e-01       1.327533021717e+03 
       1.204500530784e-01       1.318254363704e+03 
       1.214135369329e-01       1.309050407355e+03 
       1.223770429978e-01       1.299851868256e+03 
       1.233405683028e-01       1.290594131013e+03 
       1.243041102885e-01       1.281217703926e+03 
       1.252676667487e-01       1.271668621571e+03 
       1.262312357820e-01       1.261898787220e+03 
       1.271948157491e-01       1.251866252659e+03 
       1.281584052366e-01       1.241535432848e+03 
       1.291220030255e-01       1.230877253986e+03 
       1.300856080643e-01       1.219869229460e+03 
       1.310492194456e-01       1.208495468228e+03 
       1.320128363864e-01       1.196746607030e+03 
       1.329764582106e-01       1.184619673137e+03 
       1.339400843342e-01       1.172117875676e+03 
       1.349037142525e-01       1.159250330351e+03 
       1.358673475293e-01       1.146031723402e+03 
       1.368309837873e-01       1.132481919532e+03 
       1.377946226999e-01       1.118625522812e+03 
       1.387582639841e-01       1.104491396307e+03 
       1.397219073949e-01       1.090112150043e+03 
       1.406855527195e-01       1.075523604105e+03 
       1.416491997731e-01       1.060764235621e+03 
       1.426128483952e-01       1.045874618763e+03 
       1.435764984462e-01       1.030896863793e+03 
       1.445401498041e-01       1.015874065249e+03 
       1.455038023627e-01       1.000849764810e+03 
       1.464674560292e-01       9.858674365878e+02 
       1.474311107220e-01       9.709699997023e+02 
       1.483947663699e-01       9.561993642808e+02 
       1.493584229101e-01       9.415960137395e+02 
       1.503220802872e-01       9.271986276665e+02 
       1.512857384525e-01       9.130437468807e+02 
       1.522493973625e-01       8.991654819387e+02 
       1.532130569788e-01       8.855952662359e+02 
       1.541767172671e-01       8.723616527898e+02 
       1.551403781969e-01       8.594901537073e+02 
       1.561040397405e-01       8.470031214590e+02 
       1.570677018732e-01       8.349196689073e+02 
       1.580313645726e-01       8.232556262405e+02 
       1.589950278185e-01       8.120235320531e+02 
       1.599586915924e-01       8.012326553483e+02 
       1.609223558773e-01       7.908890460836e+02 
       1.618860206577e-01       7.809956107721e+02 
       1.628496859193e-01       7.715522102734e+02 
       1.638133516489e-01       7.625557774882e+02 
       1.647770178341e-01       7.540004511080e+02 
       1.657406844635e-01       7.458777245978e+02 
       1.667043515263e-01       7.381766067946e+02 
       1.676680190124e-01       7.308837933624e+02 
       1.686316869123e-01       7.239838468996e+02 
       1.695953552171e-01       7.174593844327e+02 
       1.705590239181e-01       7.112912710194e+02 
       1.715226930072e-01       7.054588188164e+02 
       1.724863624766e-01       6.999399896230e+02 
       1.734500323191e-01       6.947116006505e+02 
       1.744137025273e-01       6.897495319929e+02 
       1.753773730946e-01       6.850289358018e+02 
       1.763410440142e-01       6.805244451220e+02 
       1.773047152799e-01       6.762103823280e+02 
       1.782683868856e-01       6.720609665317e+02 
       1.792320588252e-01       6.680505173640e+02 
       1.801957310931e-01       6.641536558069e+02 
       1.811594036837e-01       6.603454998817e+02 
       1.821230765916e-01       6.566018532152e+02 
       1.830867498115e-01       6.528993856690e+02 
       1.840504233382e-01       6.492158047084e+02 
       1.850140971669e-01       6.455300153642e+02 
       1.859777712926e-01       6.418222685213e+02 
       1.869414457106e-01       6.380742945550e+02 
       1.879051204163e-01       6.342694219465e+02 
       1.888687954052e-01       6.303926795074e+02 
       1.898324706728e-01       6.264308804104e+02 
       1.907961462149e-01       6.223726880150e+02 
       1.917598220272e-01       6.182086614830e+02 
       1.927234981057e-01       6.139312830111e+02 
       1.936871744463e-01       6.095349646648e+02 
       1.946508510450e-01       6.050160366103e+02 
       1.956145278981e-01       6.003727156103e+02 
       1.965782050016e-01       5.956050561708e+02 
       1.975418823520e-01       5.907148831711e+02 
       1.985055599456e-01       5.857057084796e+02 
       1.994692377788e-01       5.805826319532e+02 
       2.004329158482e-01       5.753522289400e+02 
       2.013965941504e-01       5.700224257294e+02 
       2.023602726820e-01       5.646023644256e+02 
       2.033239514396e-01       5.591022610786e+02 
       2.042876304202e-01       5.535332562418e+02 
       2.052513096206e-01       5.479072625977e+02 
       2.062149890376e-01       5.422368104779e+02 
       2.071786686683e-01       5.365348934372e+02 
       2.081423485096e-01       5.308148153000e+02 
       2.091060285586e-01       5.250900410200e+02 
       2.100697088125e-01       5.193740535141e+02 
       2.110333892684e-01       5.136802150774e+02 
       2.119970699236e-01       5.080216384177e+02 
       2.129607507753e-01       5.024110647142e+02 
       2.139244318210e-01       4.968607528399e+02 
       2.148881130579e-01       4.913823783877e+02 
       2.158517944835e-01       4.859869423717e+02 
       2.168154760954e-01       4.806846922365e+02 
       2.177791578909e-01       4.754850545220e+02 
       2.187428398678e-01       4.703965777083e+02 
       2.197065220235e-01       4.654268860312e+02 
       2.206702043557e-01       4.605826454608e+02 
       2.216338868622e-01       4.558695380824e+02 
       2.225975695406e-01       4.512922487748e+02 
       2.235612523888e-01       4.468544597244e+02 
       2.245249354045e-01       4.425588548963e+02 
       2.254886185856e-01       4.384071322183e+02 
       2.264523019300e-01       4.344000242001e+02 
       2.274159854355e-01       4.305373251021e+02 
       2.283796691002e-01       4.268179242922e+02 
       2.293433529221e-01       4.232398464729e+02 
       2.303070368991e-01       4.198002948000e+02 
       2.312707210293e-01       4.164957008365e+02 
       2.322344053108e-01       4.133217772259e+02 
       2.331980897418e-01       4.102735742018e+02 
       2.341617743203e-01       4.073455389961e+02 
       2.351254590446e-01       4.045315782133e+02 
       2.360891439129e-01       4.018251220221e+02 
       2.370528289233e-01       3.992191902713e+02 
       2.380165140743e-01       3.967064584853e+02 
       2.389801993640e-01       3.942793258680e+02 
       2.399438847908e-01       3.919299833635e+02 
       2.409075703531e-01       3.896504794749e+02 
       2.418712560492e-01       3.874327888282e+02 
       2.428349418775e-01       3.852688759267e+02 
       2.437986278365e-01       3.831507611242e+02 
       2.447623139246e-01       3.810705816449e+02 
       2.457260001403e-01       3.790206522929e+02 
       2.466896864821e-01       3.769935224046e+02 
       2.476533729486e-01       3.749820301926e+02 
       2.486170595382e-01       3.729793527821e+02 
       2.495807462495e-01       3.709790529412e+02 
       2.505444330812e-01       3.689751208059e+02 
       2.515081200318e-01       3.669620115272e+02 
       2.524718071000e-01       3.649346775252e+02 
       2.534354942844e-01       3.628885959018e+02 
       2.543991815838e-01       3.608197902345e+02 
       2.553628689967e-01       3.587248469593e+02 
       2.563265565220e-01       3.566009261518e+02 
       2.572902441584e-01       3.544457665460e+02 
       2.582539319045e-01       3.522576854307e+02 
       2.592176197593e-01       3.500355726626e+02 
       2.601813077214e-01       3.477788801388e+02 
       2.611449957898e-01       3.454876057260e+02 
       2.621086839631e-01       3.431622729862e+02 
       2.630723722403e-01       3.408039063989e+02 
       2.640360606202e-01       3.384140022777e+02 
       2.649997491018e-01       3.359944966853e+02 
       2.659634376838e-01       3.335477298687e+02 
       2.669271263652e-01       3.310764077029e+02 
       2.678908151450e-01       3.285835615945e+02 
       2.688545040220e-01       3.260725063430e+02 
       2.698181929952e-01       3.235467967039e+02 
       2.707818820637e-01       3.210101836036e+02 
       2.717455712263e-01       3.184665698005e+02 
       2.727092604821e-01       3.159199669243e+02 
       2.736729498301e-01       3.133744506592e+02 
       2.746366392693e-01       3.108341210247e+02 
       2.756003287988e-01       3.083030609109e+02 
       2.765640184176e-01       3.057852977836e+02 
       2.775277081248e-01       3.032847675381e+02 
       2.784913979194e-01       3.008052803067e+02 
       2.794550878006e-01       2.983504893997e+02 
       2.804187777675e-01       2.959238625363e+02 
       2.813824678192e-01       2.935286564848e+02 
       2.823461579548e-01       2.911678943277e+02 
       2.833098481734e-01       2.888443462469e+02 
       2.842735384743e-01       2.865605129747e+02 
       2.852372288565e-01       2.843186127341e+02 
       2.862009193193e-01       2.821205707506e+02 
       2.871646098618e-01       2.799680121408e+02 
       2.881283004833e-01       2.778622572993e+02 
       2.890919911829e-01       2.758043203955e+02 
       2.900556819599e-01       2.737949103205e+02 
       2.910193728135e-01       2.718344344401e+02 
       2.919830637429e-01       2.699230044790e+02 
       2.929467547474e-01       2.680604451216e+02 
       2.939104458263e-01       2.662463040997e+02 
       2.948741369788e-01       2.644798647504e+02 
       2.958378282041e-01       2.627601597526e+02 
       2.968015195017e-01       2.610859867533e+02 
       2.977652108708e-01       2.594559249973e+02 
       2.987289023106e-01       2.578683534499e+02 
       2.996925938206e-01       2.563214695209e+02 
       3.006562854000e-01       2.548133090516e+02 
       3.016199770481e-01       2.533417665431e+02 
       3.025836687644e-01       2.519046163010e+02 
       3.035473605481e-01       2.504995335657e+02 
       3.045110523987e-01       2.491241160392e+02 
       3.054747443154e-01       2.477759052206e+02 
       3.064384362977e-01       2.464524076683e+02 
       3.074021283449e-01       2.451511158788e+02 
       3.083658204565e-01       2.438695285584e+02 
       3.093295126318e-01       2.426051704934e+02 
       3.102932048702e-01       2.413556113582e+02 
       3.112568971712e-01       2.401184837495e+02 
       3.122205895342e-01       2.388915000465e+02 
       3.131842819585e-01       2.376724683601e+02 
       3.141479744437e-01       2.364593068206e+02 
       3.151116669891e-01       2.352500570394e+02 
       3.160753595943e-01       2.340428956626e+02 
       3.170390522586e-01       2.328361449103e+02 
       3.180027449816e-01       2.316282813212e+02 
       3.189664377626e-01       2.304179430190e+02 
       3.199301306013e-01       2.292039354399e+02 
       3.208938234970e-01       2.279852351593e+02 
       3.218575164492e-01       2.267609925199e+02 
       3.228212094575e-01       2.255305321053e+02 
       3.237849025213e-01       2.242933521046e+02 
       3.247485956402e-01       2.230491217517e+02 
       3.257122888136e-01       2.217976776983e+02 
       3.266759820410e-01       2.205390186010e+02 
       3.276396753221e-01       2.192732988025e+02 
       3.286033686563e-01       2.180008206845e+02 
       3.295670620431e-01       2.167220258558e+02 
       3.305307554821e-01       2.154374857376e+02 
       3.314944489728e-01       2.141478908310e+02 
       3.324581425149e-01       2.128540397627e+02 
       3.334218361077e-01       2.115568273500e+02 
       3.343855297510e-01       2.102572325343e+02 
       3.353492234442e-01       2.089563058166e+02 
       3.363129171870e-01       2.076551565799e+02 
       3.372766109789e-01       2.063549404518e+02 
       3.382403048194e-01       2.050568465275e+02 
       3.392039987083e-01       2.037620850010e+02 
       3.401676926449e-01       2.024718748205e+02 
       3.411313866291e-01       2.011874319598e+02 
       3.420950806603e-01       1.999099579527e+02 
       3.430587747381e-01       1.986406291190e+02 
       3.440224688622e-01       1.973805864336e+02 
       3.449861630322e-01       1.961309260899e+02 
       3.459498572477e-01       1.948926908820e+02 
       3.469135515083e-01       1.936668623750e+02 
       3.478772458136e-01       1.924543540043e+02 
       3.488409401633e-01       1.912560048655e+02 
       3.498046345570e-01       1.900725745967e+02 
       3.507683289943e-01       1.889047389347e+02 
       3.517320234749e-01       1.877530862878e+02 
       3.526957179984e-01       1.866181152040e+02 
       3.536594125645e-01       1.855002325283e+02 
       3.546231071728e-01       1.843997527285e+02 
       3.555868018230e-01       1.833168977380e+02 
       3.565504965147e-01       1.822517978258e+02 
       3.575141912476e-01       1.812044931621e+02 
       3.584778860214e-01       1.801749359368e+02 
       3.594415808357e-01       1.791629934620e+02 
       3.604052756903e-01       1.781684514352e+02 
       3.613689705847e-01       1.771910181404e+02 
       3.623326655187e-01       1.762303289561e+02 
       3.632963604920e-01       1.752859511920e+02 
       3.642600555042e-01       1.743573896888e+02 
       3.652237505550e-01       1.734440922763e+02 
       3.661874456442e-01       1.725454559215e+02 
       3.671511407714e-01       1.716608329747e+02 
       3.681148359363e-01       1.707895373720e+02 
       3.690785311387e-01       1.699308514303e+02 
       3.700422263782e-01       1.690840321666e+02 
       3.710059216545e-01       1.682483179559e+02 
       3.719696169675e-01       1.674229351266e+02 
       3.729333123167e-01       1.666071041317e+02 
       3.738970077019e-01       1.658000460529e+02 
       3.748607031228e-01       1.650009885093e+02 
       3.758243985792e-01       1.642091713878e+02 
       3.767880940707e-01       1.634238525794e+02 
       3.777517895972e-01       1.626443128676e+02 
       3.787154851582e-01       1.618698609311e+02 
       3.796791807537e-01       1.610998377650e+02 
       3.806428763833e-01       1.603336204877e+02 
       3.816065720467e-01       1.595706262354e+02 
       3.825702677437e-01       1.588103151105e+02 
       3.835339634741e-01       1.580521928632e+02 
       3.844976592376e-01       1.572958133506e+02 
       3.854613550339e-01       1.565407799861e+02 
       3.864250508628e-01       1.557867472266e+02 
       3.873887467240e-01       1.550334213608e+02 
       3.883524426174e-01       1.542805606421e+02 
       3.893161385427e-01       1.535279754087e+02 
       3.902798344995e-01       1.527755273664e+02 
       3.912435304878e-01       1.520231285335e+02 
       3.922072265073e-01       1.512707400388e+02 
       3.931709225577e-01       1.505183701222e+02 
       3.941346186388e-01       1.497660720907e+02 
       3.950983147504e-01       1.490139419626e+02 
       3.960620108923e-01       1.482621155501e+02 
       3.970257070642e-01       1.475107656646e+02 
       3.979894032660e-01       1.467600989544e+02 
       3.989530994974e-01       1.460103523970e+02 
       3.999167957581e-01       1.452617900452e+02 
       4.008804920481e-01       1.445146992969e+02 
       4.018441883670e-01       1.437693871999e+02 
       4.028078847147e-01       1.430261768794e+02 
       4.037715810910e-01       1.422854036781e+02 
       4.047352774956e-01       1.415474115040e+02 
       4.056989739284e-01       1.408125493056e+02 
       4.066626703891e-01       1.400811674232e+02 
       4.076263668776e-01       1.393536142738e+02 
       4.085900633936e-01       1.386302331235e+02 
       4.095537599370e-01       1.379113589163e+02 
       4.105174565076e-01       1.371973154654e+02 
       4.114811531051e-01       1.364884127168e+02 
       4.124448497295e-01       1.357849442090e+02 
       4.134085463804e-01       1.350871848982e+02 
       4.143722430578e-01       1.343953890990e+02 
       4.153359397614e-01       1.337097886767e+02 
       4.162996364910e-01       1.330305916553e+02 
       4.172633332466e-01       1.323579809156e+02 
       4.182270300278e-01       1.316921132169e+02 
       4.191907268345e-01       1.310331185835e+02 
       4.201544236666e-01       1.303810997938e+02 
       4.211181205238e-01       1.297361321820e+02 
       4.220818174060e-01       1.290982637384e+02 
       4.230455143130e-01       1.284675153294e+02 
       4.240092112447e-01       1.278438811745e+02 
       4.249729082009e-01       1.272273295819e+02 
       4.259366051814e-01       1.266178037920e+02 
       4.269003021860e-01       1.260152230305e+02 
       4.278639992147e-01       1.254194837779e+02 
       4.288276962671e-01       1.248304611163e+02 
       4.297913933432e-01       1.242480102425e+02 
       4.307550904429e-01       1.236719681426e+02 
       4.317187875658e-01       1.231021553012e+02 
       4.326824847120e-01       1.225383775124e+02 
       4.336461818812e-01       1.219804277931e+02 
       4.346098790733e-01       1.214280882725e+02 
       4.355735762882e-01       1.208811321280e+02 
       4.365372735256e-01       1.203393255705e+02 
       4.375009707854e-01       1.198024297414e+02 
       4.384646680675e-01       1.192702026445e+02 
       4.394283653718e-01       1.187424010674e+02 
       4.403920626981e-01       1.182187823622e+02 
       4.413557600462e-01       1.176991062378e+02 
       4.423194574160e-01       1.171831365004e+02 
       4.432831548074e-01       1.166706425820e+02 
       4.442468522202e-01       1.161614010800e+02 
       4.452105496542e-01       1.156551971871e+02 
       4.461742471095e-01       1.151518258889e+02 
       4.471379445857e-01       1.146510931621e+02 
       4.481016420828e-01       1.141528170318e+02 
       4.490653396007e-01       1.136568284005e+02 
       4.500290371391e-01       1.131629718469e+02 
       4.509927346981e-01       1.126711062740e+02 
       4.519564322773e-01       1.121811053435e+02 
       4.529201298768e-01       1.116928578184e+02 
       4.538838274964e-01       1.112062678002e+02 
       4.548475251359e-01       1.107212547505e+02 
       4.558112227953e-01       1.102377534169e+02 
       4.567749204743e-01       1.097557136690e+02 
       4.577386181729e-01       1.092751001926e+02 
       4.587023158910e-01       1.087958920221e+02 
       4.596660136284e-01       1.083180820634e+02 
       4.606297113851e-01       1.078416764811e+02 
       4.615934091608e-01       1.073666939177e+02 
       4.625571069555e-01       1.068931647403e+02 
       4.635208047690e-01       1.064211302041e+02 
       4.644845026013e-01       1.059506414421e+02 
       4.654482004522e-01       1.054817585503e+02 
       4.664118983216e-01       1.050145495859e+02 
       4.673755962094e-01       1.045490895039e+02 
       4.683392941155e-01       1.040854591068e+02 
       4.693029920397e-01       1.036237439944e+02 
       4.702666899820e-01       1.031640335223e+02 
       4.712303879422e-01       1.027064196649e+02 
       4.721940859202e-01       1.022509960264e+02 
       4.731577839160e-01       1.017978568318e+02 
       4.741214819294e-01       1.013470958411e+02 
       4.750851799603e-01       1.008988054859e+02 
       4.760488780086e-01       1.004530759403e+02 
       4.770125760741e-01       1.000099942364e+02 
       4.779762741569e-01       9.956964353171e+01 
       4.789399722568e-01       9.913210233790e+01 
       4.799036703736e-01       9.869744393272e+01 
       4.808673685073e-01       9.826573569036e+01 
       4.818310666578e-01       9.783703862713e+01 
       4.827947648250e-01       9.741140697151e+01 
       4.837584630087e-01       9.698888771919e+01 
       4.847221612089e-01       9.656952041499e+01 
       4.856858594255e-01       9.615333688776e+01 
       4.866495576584e-01       9.574036110972e+01 
       4.876132559075e-01       9.533060911865e+01 
       4.885769541727e-01       9.492408901107e+01 
       4.895406524538e-01       9.452080102924e+01 
       4.905043507509e-01       9.412073763768e+01 
       4.914680490638e-01       9.372388377951e+01 
       4.924317473924e-01       9.333021708397e+01 
       4.933954457366e-01       9.293970818457e+01 
       4.943591440963e-01       9.255232107241e+01 
       4.953228424715e-01       9.216801349041e+01 
       4.962865408620e-01       9.178673737970e+01 
       4.972502392678e-01       9.140843931189e+01 
       4.982139376888e-01       9.103306106063e+01 
       4.991776361248e-01       9.066054002861e+01 
       5.001413345759e-01       9.029080984864e+01 
       5.011050330418e-01       8.992380092057e+01 
       5.020687315226e-01       8.955944094364e+01 
       5.030324300181e-01       8.919765550531e+01 
       5.039961285283e-01       8.883836862030e+01 
       5.049598270530e-01       8.848150333174e+01 
       5.059235255922e-01       8.812698219516e+01 
       5.068872241459e-01       8.777472788980e+01 
       5.078509227138e-01       8.742466369583e+01 
       5.088146212960e-01       8.707671401192e+01 
       5.097783198924e-01       8.673080479841e+01 
       5.107420185028e-01       8.638686405749e+01 
       5.117057171273e-01       8.604482223859e+01 
       5.126694157656e-01       8.570461256020e+01 
       5.136331144178e-01       8.536617140517e+01 
       5.145968130838e-01       8.502943859290e+01 
       5.155605117634e-01       8.469435765932e+01 
       5.165242104567e-01       8.436087604806e+01 
       5.174879091635e-01       8.402894533142e+01 
       5.184516078838e-01       8.369852136774e+01 
       5.194153066174e-01       8.336956437376e+01 
       5.203790053644e-01       8.304203898903e+01 
       5.213427041246e-01       8.271590197305e+01 
       5.223064028979e-01       8.239114744535e+01 
       5.232701016844e-01       8.206775868956e+01 
       5.242338004838e-01       8.174571403339e+01 
       5.251974992962e-01       8.142499380380e+01 
       5.261611981215e-01       8.110558166626e+01 
       5.271248969596e-01       8.078746597342e+01 
       5.280885958104e-01       8.047064105914e+01 
       5.290522946739e-01       8.015510788810e+01 
       5.300159935500e-01       7.984087407036e+01 
       5.309796924386e-01       7.952795316147e+01 
       5.319433913397e-01       7.921636329830e+01 
       5.329070902531e-01       7.890612546493e+01 
       5.338707891789e-01       7.859726154185e+01 
       5.348344881169e-01       7.828979267226e+01 
       5.357981870671e-01       7.798373804618e+01 
       5.367618860295e-01       7.767911438448e+01 
       5.377255850039e-01       7.737593603838e+01 
       5.386892839903e-01       7.707421589337e+01 
       5.396529829887e-01       7.677396656728e+01 
       5.406166819989e-01       7.647520181587e+01 
       5.415803810209e-01       7.617793766716e+01 
       5.425440800546e-01       7.588219326313e+01 
       5.435077791000e-01       7.558799093170e+01 
       5.444714781571e-01       7.529535562061e+01 
       5.454351772257e-01       7.500431362947e+01 
       5.463988763058e-01       7.471489102080e+01 
       5.473625753973e-01       7.442711177528e+01 
       5.483262745002e-01       7.414099611139e+01 
       5.492899736144e-01       7.385655922485e+01 
       5.502536727398e-01       7.357381068652e+01 
       5.512173718765e-01       7.329275451578e+01 
       5.521810710243e-01       7.301338988133e+01 
       5.531447701831e-01       7.273571234326e+01 
       5.541084693530e-01       7.245971531578e+01 
       5.550721685339e-01       7.218539150230e+01 
       5.560358677256e-01       7.191273394271e+01 
       5.569995669282e-01       7.164173664947e+01 
       5.579632661416e-01       7.137239456372e+01 
       5.589269653657e-01       7.110470301246e+01 
       5.598906646005e-01       7.083865660784e+01 
       5.608543638459e-01       7.057424809227e+01 
       5.618180631019e-01       7.031146711770e+01 
       5.627817623684e-01       7.005029943671e+01 
       5.637454616454e-01       6.979072643815e+01 
       5.647091609328e-01       6.953272541103e+01 
       5.656728602305e-01       6.927627025570e+01 
       5.666365595386e-01       6.902133269560e+01 
       5.676002588569e-01       6.876788358062e+01 
       5.685639581853e-01       6.851589428462e+01 
       5.695276575240e-01       6.826533772692e+01 
       5.704913568727e-01       6.801618902580e+01 
       5.714550562315e-01       6.776842548000e+01 
       5.724187556002e-01       6.752202616818e+01 
       5.733824549789e-01       6.727697104923e+01 
       5.743461543675e-01       6.703323994422e+01 
       5.753098537660e-01       6.679081145803e+01 
       5.762735531742e-01       6.654966227150e+01 
       5.772372525922e-01       6.630976680087e+01 
       5.782009520198e-01       6.607109746685e+01 
       5.791646514572e-01       6.583362536257e+01 
       5.801283509041e-01       6.559732133867e+01 
       5.810920503605e-01       6.536215759357e+01 
       5.820557498265e-01       6.512810848386e+01 
       5.830194493019e-01       6.489515190928e+01 
       5.839831487867e-01       6.466326971304e+01 
       5.849468482809e-01       6.443244774661e+01 
       5.859105477844e-01       6.420267532175e+01 
       5.868742472972e-01       6.397394437941e+01 
       5.878379468192e-01       6.374624815172e+01 
       5.888016463504e-01       6.351958000181e+01 
       5.897653458907e-01       6.329393253265e+01 
       5.907290454401e-01       6.306929692858e+01 
       5.916927449986e-01       6.284566282128e+01 
       5.926564445660e-01       6.262301875080e+01 
       5.936201441425e-01       6.240135293302e+01 
       5.945838437278e-01       6.218065444904e+01 
       5.955475433220e-01       6.196091419034e+01 
       5.965112429250e-01       6.174212575715e+01 
       5.974749425368e-01       6.152428620544e+01 
       5.984386421573e-01       6.130739595343e+01 
       5.994023417866e-01       6.109145837418e+01 
       6.003660414245e-01       6.087647893698e+01 
       6.013297410710e-01       6.066246427550e+01 
       6.022934407261e-01       6.044942084908e+01 
       6.032571403897e-01       6.023735401701e+01 
       6.042208400619e-01       6.002626737745e+01 
       6.051845397424e-01       5.981616236664e+01 
       6.061482394314e-01       5.960703873356e+01 
       6.071119391288e-01       5.939889491871e+01 
       6.080756388345e-01       5.919172885491e+01 
       6.090393385485e-01       5.898553914845e+01 
       6.100030382707e-01       5.878032562065e+01 
       6.109667380011e-01       5.857608986220e+01 
       6.119304377398e-01       5.837283543492e+01 
       6.128941374865e-01       5.817056742200e+01 
       6.138578372414e-01       5.796929179675e+01 
       6.148215370043e-01       5.776901440151e+01 
       6.157852367752e-01       5.756974015184e+01 
       6.167489365542e-01       5.737147199171e+01 
       6.177126363410e-01       5.717421039793e+01 
       6.186763361358e-01       5.697795314317e+01 
       6.196400359385e-01       5.678269565214e+01 
       6.206037357490e-01       5.658843146981e+01 
       6.215674355673e-01       5.639515326960e+01 
       6.225311353933e-01       5.620285355965e+01 
       6.234948352271e-01       5.601152572445e+01 
       6.244585350686e-01       5.582116442171e+01 
       6.254222349177e-01       5.563176590796e+01 
       6.263859347744e-01       5.544332767734e+01 
       6.273496346388e-01       5.525584801165e+01 
       6.283133345107e-01       5.506932503688e+01 
       6.292770343901e-01       5.488375602889e+01 
       6.302407342769e-01       5.469913647479e+01 
       6.312044341713e-01       5.451545956971e+01 
       6.321681340730e-01       5.433271608320e+01 
       6.331318339821e-01       5.415089447494e+01 
       6.340955338986e-01       5.396998168598e+01 
       6.350592338224e-01       5.378996376995e+01 
       6.360229337535e-01       5.361082691007e+01 
       6.369866336918e-01       5.343255831821e+01 
       6.379503336373e-01       5.325514681016e+01 
       6.389140335900e-01       5.307858306358e+01 
       6.398777335498e-01       5.290285967662e+01 
       6.408414335168e-01       5.272797059778e+01 
       6.418051334908e-01       5.255391045040e+01 
       6.427688334719e-01       5.238067375010e+01 
       6.437325334600e-01       5.220825415523e+01 
       6.446962334551e-01       5.203664387090e+01 
       6.456599334572e-01       5.186583347352e+01 
       6.466236334662e-01       5.169581189438e+01 
       6.475873334821e-01       5.152656709485e+01 
       6.485510335048e-01       5.135808654883e+01 
       6.495147335344e-01       5.119035816391e+01 
       6.504784335708e-01       5.102337105348e+01 
       6.514421336139e-01       5.085711611595e+01 
       6.524058336638e-01       5.069158634670e+01 
       6.533695337205e-01       5.052677678307e+01 
       6.543332337838e-01       5.036268414741e+01 
       6.552969338537e-01       5.019930612025e+01 
       6.562606339303e-01       5.003664078115e+01 
       6.572243340135e-01       4.987468572521e+01 
       6.581880341032e-01       4.971343751784e+01 
       6.591517341995e-01       4.955289146859e+01 
       6.601154343022e-01       4.939304159668e+01 
       6.610791344115e-01       4.923388100292e+01 
       6.620428345272e-01       4.907540246072e+01 
       6.630065346494e-01       4.891759907675e+01 
       6.639702347779e-01       4.876046504823e+01 
       6.649339349128e-01       4.860399612327e+01 
       6.658976350540e-01       4.844818989702e+01 
       6.668613352016e-01       4.829304576153e+01 
       6.678250353554e-01       4.813856457288e+01 
       6.687887355155e-01       4.798474803538e+01 
       6.697524356819e-01       4.783159795807e+01 
       6.707161358544e-01       4.767911560118e+01 
       6.716798360331e-01       4.752730106005e+01 
       6.726435362180e-01       4.737615296873e+01 
       6.736072364090e-01       4.722566846045e+01 
       6.745709366061e-01       4.707584348483e+01 
       6.755346368092e-01       4.692667329649e+01 
       6.764983370185e-01       4.677815311916e+01 
       6.774620372337e-01       4.663027882614e+01 
       6.784257374549e-01       4.648304740941e+01 
       6.793894376821e-01       4.633645737201e+01 
       6.803531379152e-01       4.619050862156e+01 
       6.813168381543e-01       4.604520226280e+01 
       6.822805383992e-01       4.590054003698e+01 
       6.832442386501e-01       4.575652367133e+01 
       6.842079389067e-01       4.561315422028e+01 
       6.851716391692e-01       4.547043147139e+01 
       6.861353394375e-01       4.532835364187e+01 
       6.870990397115e-01       4.518691732620e+01 
       6.880627399913e-01       4.504611769051e+01 
       6.890264402768e-01       4.490594898804e+01 
       6.899901405681e-01       4.476640517958e+01 
       6.909538408649e-01       4.462748047505e+01 
       6.919175411675e-01       4.448917003510e+01 
       6.928812414756e-01       4.435147019246e+01 
       6.938449417894e-01       4.421437859804e+01 
       6.948086421088e-01       4.407789393968e+01 
       6.957723424337e-01       4.394201562911e+01 
       6.967360427641e-01       4.380674316732e+01 
       6.976997431000e-01       4.367207550374e+01 
       6.986634434415e-01       4.353801056514e+01 
       6.996271437884e-01       4.340454493893e+01 
       7.005908441407e-01       4.327167370556e+01 
       7.015545444985e-01       4.313939070495e+01 
       7.025182448617e-01       4.300768892491e+01 
       7.034819452302e-01       4.287656107690e+01 
       7.044456456041e-01       4.274600014166e+01 
       7.054093459833e-01       4.261599995159e+01 
       7.063730463678e-01       4.248655556629e+01 
       7.073367467577e-01       4.235766329165e+01 
       7.083004471528e-01       4.222932064800e+01 
       7.092641475531e-01       4.210152591877e+01 
       7.102278479586e-01       4.197427772595e+01 
       7.111915483694e-01       4.184757439852e+01 
       7.121552487853e-01       4.172141352881e+01 
       7.131189492064e-01       4.159579160801e+01 
       7.140826496327e-01       4.147070393019e+01 
       7.150463500640e-01       4.134614478175e+01 
       7.160100505005e-01       4.122210768096e+01 
       7.169737509420e-01       4.109858601835e+01 
       7.179374513886e-01       4.097557353118e+01 
       7.189011518403e-01       4.085306476012e+01 
       7.198648522969e-01       4.073105552070e+01 
       7.208285527585e-01       4.060954292800e+01 
       7.217922532252e-01       4.048852528668e+01 
       7.227559536967e-01       4.036800187716e+01 
       7.237196541732e-01       4.024797229860e+01 
       7.246833546547e-01       4.012843611573e+01 
       7.256470551410e-01       4.000939226321e+01 
       7.266107556322e-01       3.989083869517e+01 
       7.275744561282e-01       3.977277235317e+01 
       7.285381566291e-01       3.965518911876e+01 
       7.295018571349e-01       3.953808420420e+01 
       7.304655576454e-01       3.942145254253e+01 
       7.314292581607e-01       3.930528938221e+01 
       7.323929586807e-01       3.918959065848e+01 
       7.333566592055e-01       3.907435343533e+01 
       7.343203597351e-01       3.895957594454e+01 
       7.352840602693e-01       3.884525759676e+01 
       7.362477608082e-01       3.873139866901e+01 
       7.372114613518e-01       3.861799984946e+01 
       7.381751619001e-01       3.850506174041e+01 
       7.391388624530e-01       3.839258438716e+01 
       7.401025630105e-01       3.828056689431e+01 
       7.410662635725e-01       3.816900733028e+01 
       7.420299641392e-01       3.805790266323e+01 
       7.429936647105e-01       3.794724912764e+01 
       7.439573652862e-01       3.783704252461e+01 
       7.449210658665e-01       3.772727875736e+01 
       7.458847664513e-01       3.761795427643e+01 
       7.468484670406e-01       3.750906639259e+01 
       7.478121676344e-01       3.740061350078e+01 
       7.487758682327e-01       3.729259501718e+01 
       7.497395688353e-01       3.718501113630e+01 
       7.507032694424e-01       3.707786243563e+01 
       7.516669700539e-01       3.697114947536e+01 
       7.526306706698e-01       3.686487226399e+01 
       7.535943712901e-01       3.675902996769e+01 
       7.545580719147e-01       3.665362069011e+01 
       7.555217725436e-01       3.654864153300e+01 
       7.564854731769e-01       3.644408872206e+01 
       7.574491738145e-01       3.633995807675e+01 
       7.584128744563e-01       3.623624533712e+01 
       7.593765751025e-01       3.613294670636e+01 
       7.603402757529e-01       3.603005909566e+01 
       7.613039764075e-01       3.592758039353e+01 
       7.622676770663e-01       3.582550944664e+01 
       7.632313777294e-01       3.572384582750e+01 
       7.641950783967e-01       3.562258954188e+01 
       7.651587790681e-01       3.552174060098e+01 
       7.661224797437e-01       3.542129858329e+01 
       7.670861804234e-01       3.532126230847e+01 
       7.680498811073e-01       3.522162962160e+01 
       7.690135817952e-01       3.512239742915e+01 
       7.699772824873e-01       3.502356183082e+01 
       7.709409831835e-01       3.492511846536e+01 
       7.719046838837e-01       3.482706291272e+01 
       7.728683845880e-01       3.472939112740e+01 
       7.738320852963e-01       3.463209973721e+01 
       7.747957860086e-01       3.453518628939e+01 
       7.757594867249e-01       3.443864924623e+01 
       7.767231874453e-01       3.434248788494e+01 
       7.776868881696e-01       3.424670191648e+01 
       7.786505888979e-01       3.415129116473e+01 
       7.796142896301e-01       3.405625517579e+01 
       7.805779903662e-01       3.396159280957e+01 
       7.815416911063e-01       3.386730211766e+01 
       7.825053918502e-01       3.377338027833e+01 
       7.834690925981e-01       3.367982372569e+01 
       7.844327933498e-01       3.358662845367e+01 
       7.853964941054e-01       3.349379040589e+01 
       7.863601948649e-01       3.340130579990e+01 
       7.873238956281e-01       3.330917156958e+01 
       7.882875963952e-01       3.321738546540e+01 
       7.892512971661e-01       3.312594617463e+01 
       7.902149979408e-01       3.303485317590e+01 
       7.911786987193e-01       3.294410648456e+01 
       7.921423995015e-01       3.285370625260e+01 
       7.931061002875e-01       3.276365243956e+01 
       7.940698010772e-01       3.267394446567e+01 
       7.950335018706e-01       3.258458095419e+01 
       7.959972026678e-01       3.249555975611e+01 
       7.969609034686e-01       3.240687796546e+01 
       7.979246042731e-01       3.231853220641e+01 
       7.988883050813e-01       3.223051900315e+01 
       7.998520058931e-01       3.214283510030e+01 
       8.008157067086e-01       3.205547778832e+01 
       8.017794075277e-01       3.196844518266e+01 
       8.027431083504e-01       3.188173619641e+01 
       8.037068091767e-01       3.179535053475e+01 
       8.046705100067e-01       3.170928841372e+01 
       8.056342108401e-01       3.162355024211e+01 
       8.065979116772e-01       3.153813627465e+01 
       8.075616125178e-01       3.145304627112e+01 
       8.085253133619e-01       3.136827928800e+01 
       8.094890142096e-01       3.128383359996e+01 
       8.104527150608e-01       3.119970675813e+01 
       8.114164159155e-01       3.111589581623e+01 
       8.123801167736e-01       3.103239765374e+01 
       8.133438176353e-01       3.094920930306e+01 
       8.143075185004e-01       3.086632824130e+01 
       8.152712193689e-01       3.078375267955e+01 
       8.162349202409e-01       3.070148158835e+01 
       8.171986211164e-01       3.061951464038e+01 
       8.181623219952e-01       3.053785204201e+01 
       8.191260228774e-01       3.045649420525e+01 
       8.200897237631e-01       3.037544142480e+01 
       8.210534246521e-01       3.029469356025e+01 
       8.220171255444e-01       3.021424980075e+01 
       8.229808264402e-01       3.013410859990e+01 
       8.239445273392e-01       3.005426770311e+01 
       8.249082282416e-01       2.997472431182e+01 
       8.258719291474e-01       2.989547541289e+01 
       8.268356300564e-01       2.981651808909e+01 
       8.277993309687e-01       2.973784979898e+01 
       8.287630318843e-01       2.965946860874e+01 
       8.297267328032e-01       2.958137332572e+01 
       8.306904337254e-01       2.950356342734e+01 
       8.316541346508e-01       2.942603890310e+01 
       8.326178355794e-01       2.934879999721e+01 
       8.335815365113e-01       2.927184685425e+01 
       8.345452374463e-01       2.919517926597e+01 
       8.355089383846e-01       2.911879644987e+01 
       8.364726393261e-01       2.904269688617e+01 
       8.374363402708e-01       2.896687842415e+01 
       8.384000412186e-01       2.889133838211e+01 
       8.393637421696e-01       2.881607380755e+01 
       8.403274431237e-01       2.874108182626e+01 
       8.412911440810e-01       2.866635990276e+01 
       8.422548450414e-01       2.859190604796e+01 
       8.432185460050e-01       2.851771898163e+01 
       8.441822469716e-01       2.844379807976e+01 
       8.451459479414e-01       2.837014323253e+01 
       8.461096489142e-01       2.829675464168e+01 
       8.470733498901e-01       2.822363245388e+01 
       8.480370508691e-01       2.815077655784e+01 
       8.490007518511e-01       2.807818629782e+01 
       8.499644528362e-01       2.800586036379e+01 
       8.509281538243e-01       2.793379683215e+01 
       8.518918548154e-01       2.786199325004e+01 
       8.528555558095e-01       2.779044690407e+01 
       8.538192568067e-01       2.771915509771e+01 
       8.547829578068e-01       2.764811539903e+01 
       8.557466588099e-01       2.757732591725e+01 
       8.567103598160e-01       2.750678538492e+01 
       8.576740608251e-01       2.743649318812e+01 
       8.586377618371e-01       2.736644922770e+01 
       8.596014628520e-01       2.729665373434e+01 
       8.605651638699e-01       2.722710696644e+01 
       8.615288648907e-01       2.715780893536e+01 
       8.624925659145e-01       2.708875919536e+01 
       8.634562669411e-01       2.701995671261e+01 
       8.644199679706e-01       2.695139984992e+01 
       8.653836690030e-01       2.688308646632e+01 
       8.663473700383e-01       2.681501414081e+01 
       8.673110710764e-01       2.674718041582e+01 
       8.682747721174e-01       2.667958305843e+01 
       8.692384731613e-01       2.661222031257e+01 
       8.702021742080e-01       2.654509100605e+01 
       8.711658752575e-01       2.647819458249e+01 
       8.721295763098e-01       2.641153100653e+01 
       8.730932773649e-01       2.634510055524e+01 
       8.740569784229e-01       2.627890358365e+01 
       8.750206794836e-01       2.621294023016e+01 
       8.759843805471e-01       2.614721025304e+01 
       8.769480816134e-01       2.608171283319e+01 
       8.779117826824e-01       2.601644657388e+01 
       8.788754837542e-01       2.595140958716e+01 
       8.798391848288e-01       2.588659964584e+01 
       8.808028859061e-01       2.582201447098e+01 
       8.817665869861e-01       2.575765196918e+01 
       8.827302880688e-01       2.569351042645e+01 
       8.836939891542e-01       2.562958868759e+01 
       8.846576902423e-01       2.556588617287e+01 
       8.856213913331e-01       2.550240280026e+01 
       8.865850924266e-01       2.543913881099e+01 
       8.875487935228e-01       2.537609455394e+01 
       8.885124946217e-01       2.531327023610e+01 
       8.894761957232e-01       2.525066567227e+01 
       8.904398968273e-01       2.518828018579e+01 
       8.914035979341e-01       2.512611253333e+01 
       8.923672990435e-01       2.506416097896e+01 
       8.933310001555e-01       2.500242346139e+01 
       8.942947012702e-01       2.494089781542e+01 
       8.952584023874e-01       2.487958200326e+01 
       8.962221035073e-01       2.481847434217e+01 
       8.971858046297e-01       2.475757363569e+01 
       8.981495057547e-01       2.469687925780e+01 
       8.991132068823e-01       2.463639103274e+01 
       9.000769080125e-01       2.457610914700e+01 
       9.010406091452e-01       2.451603390333e+01 
       9.020043102804e-01       2.445616549854e+01 
       9.029680114182e-01       2.439650379392e+01 
       9.039317125585e-01       2.433704820801e+01 
       9.048954137014e-01       2.427779758634e+01 
       9.058591148467e-01       2.421875033272e+01 
       9.068228159946e-01       2.415990451780e+01 
       9.077865171450e-01       2.410125805439e+01 
       9.087502182978e-01       2.404280895986e+01 
       9.097139194531e-01       2.398455556255e+01 
       9.106776206109e-01       2.392649665595e+01 
       9.116413217712e-01       2.386863152196e+01 
       9.126050229340e-01       2.381095995470e+01 
       9.135687240991e-01       2.375348207844e+01 
       9.145324252668e-01       2.369619817713e+01 
       9.154961264368e-01       2.363910845861e+01 
       9.164598276093e-01       2.358221286426e+01 
       9.174235287842e-01       2.352551089821e+01 
       9.183872299616e-01       2.346900158298e+01 
       9.193509311413e-01       2.341268347271e+01 
       9.203146323234e-01       2.335655478301e+01 
       9.212783335079e-01       2.330061355996e+01 
       9.222420346948e-01       2.324485793281e+01 
       9.232057358841e-01       2.318928628258e+01 
       9.241694370758e-01       2.313389740303e+01 
       9.251331382698e-01       2.307869058226e+01 
       9.260968394661e-01       2.302366557844e+01 
       9.270605406648e-01       2.296882248634e+01 
       9.280242418659e-01       2.291416159838e+01 
       9.289879430692e-01       2.285968316387e+01 
       9.299516442749e-01       2.280538719482e+01 
       9.309153454829e-01       2.275127332119e+01 
       9.318790466932e-01       2.269734071277e+01 
       9.328427479059e-01       2.264358809224e+01 
       9.338064491208e-01       2.259001383539e+01 
       9.347701503380e-01       2.253661614841e+01 
       9.357338515575e-01       2.248339326266e+01 
       9.366975527792e-01       2.243034363427e+01 
       9.376612540033e-01       2.237746608893e+01 
       9.386249552295e-01       2.232475993408e+01 
       9.395886564581e-01       2.227222489872e+01 
       9.405523576889e-01       2.221986109341e+01 
       9.415160589219e-01       2.216766879870e+01 
       9.424797601571e-01       2.211564830310e+01 
       9.434434613946e-01       2.206379970506e+01 
       9.444071626343e-01       2.201212273390e+01 
       9.453708638762e-01       2.196061669858e+01 
       9.463345651203e-01       2.190928047902e+01 
       9.472982663667e-01       2.185811259324e+01 
       9.482619676152e-01       2.180711138624e+01 
       9.492256688658e-01       2.175627517349e+01 
       9.501893701187e-01       2.170560248098e+01 
       9.511530713737e-01       2.165509215400e+01 
       9.521167726310e-01       2.160474348556e+01 
       9.530804738903e-01       2.155455617512e+01 
       9.540441751518e-01       2.150453029972e+01 
       9.550078764155e-01       2.145466613106e+01 
       9.559715776813e-01       2.140496396016e+01 
       9.569352789492e-01       2.135542392067e+01 
       9.578989802193e-01       2.130604584151e+01 
       9.588626814914e-01       2.125682913066e+01 
       9.598263827657e-01       2.120777278717e+01 
       9.607900840421e-01       2.115887546841e+01 
       9.617537853206e-01       2.111013561464e+01 
       9.627174866012e-01       2.106155164528e+01 
       9.636811878839e-01       2.101312211397e+01 
       9.646448891686e-01       2.096484589521e+01 
       9.656085904555e-01       2.091672224988e+01 
       9.665722917444e-01       2.086875084485e+01 
       9.675359930353e-01       2.082093171496e+01 
       9.684996943283e-01       2.077326509318e+01 
       9.694633956234e-01       2.072575127231e+01 
       9.704270969205e-01       2.067839041228e+01 
       9.713907982197e-01       2.063118239519e+01 
       9.723544995209e-01       2.058412672388e+01 
       9.733182008241e-01       2.053722249990e+01 
       9.742819021293e-01       2.049046849838e+01 
       9.752456034366e-01       2.044386325105e+01 
       9.762093047458e-01       2.039740525290e+01 
       9.771730060571e-01       2.035109310785e+01 
       9.781367073703e-01       2.030492569615e+01 
       9.791004086856e-01       2.025890225715e+01 
       9.800641100028e-01       2.021302243140e+01 
       9.810278113220e-01       2.016728621061e+01 
       9.819915126432e-01       2.012169380181e+01 
       9.829552139663e-01       2.007624549044e+01 
       9.839189152915e-01       2.003094147236e+01 
       9.848826166185e-01       1.998578167675e+01 
       9.858463179475e-01       1.994076570744e+01 
       9.868100192785e-01       1.989589277062e+01 
       9.877737206114e-01       1.985116174257e+01 
       9.887374219462e-01       1.980657127124e+01 
       9.897011232830e-01       1.976211992963e+01 
       9.906648246217e-01       1.971780637612e+01 
       9.916285259622e-01       1.967362950526e+01 
       9.925922273048e-01       1.962958855725e+01 
       9.935559286492e-01       1.958568314587e+01 
       9.945196299955e-01       1.954191322522e+01 
       9.954833313437e-01       1.949827898650e+01 
       9.964470326938e-01       1.945478071336e+01 
       9.974107340457e-01       1.941141861844e+01 
       9.983744353996e-01       1.936819270057e+01 
       9.993381367553e-01       1.932510263496e+01 
       1.000301838113e+00       1.928214775661e+01 
       1.001265539472e+00       1.923932702936e+01 
       1.002229240834e+00       1.919663921691e+01 
       1.003192942197e+00       1.915408297583e+01 
       1.004156643562e+00       1.911165702456e+01 
       1.005120344929e+00       1.906936029049e+01 
       1.006084046297e+00       1.902719201545e+01 
       1.007047747668e+00       1.898515179562e+01 
       1.008011449040e+00       1.894323956044e+01 
       1.008975150414e+00       1.890145548102e+01 
       1.009938851790e+00       1.885979984059e+01 
       1.010902553168e+00       1.881827287381e+01 
       1.011866254548e+00       1.877687462953e+01 
       1.012829955929e+00       1.873560486559e+01 
       1.013793657312e+00       1.869446299602e+01 
       1.014757358697e+00       1.865344811280e+01 
       1.015721060084e+00       1.861255906779e+01 
       1.016684761472e+00       1.857179460198e+01 
       1.017648462863e+00       1.853115349023e+01 
       1.018612164255e+00       1.849063468740e+01 
       1.019575865648e+00       1.845023743754e+01 
       1.020539567044e+00       1.840996131942e+01 
       1.021503268441e+00       1.836980623302e+01 
       1.022466969840e+00       1.832977232722e+01 
       1.023430671241e+00       1.828985987559e+01 
       1.024394372644e+00       1.825006912847e+01 
       1.025358074048e+00       1.821040017456e+01 
       1.026321775454e+00       1.817085283936e+01 
       1.027285476862e+00       1.813142662505e+01 
       1.028249178271e+00       1.809212071815e+01 
       1.029212879682e+00       1.805293406294e+01 
       1.030176581095e+00       1.801386547819e+01 
       1.031140282510e+00       1.797491379495e+01 
       1.032103983926e+00       1.793607799335e+01 
       1.033067685344e+00       1.789735731706e+01 
       1.034031386764e+00       1.785875132701e+01 
       1.034995088185e+00       1.782025989349e+01 
       1.035958789608e+00       1.778188313745e+01 
       1.036922491033e+00       1.774362131681e+01 
       1.037886192459e+00       1.770547469115e+01 
       1.038849893887e+00       1.766744338134e+01 
       1.039813595317e+00       1.762952726752e+01 
       1.040777296748e+00       1.759172593013e+01 
       1.041740998181e+00       1.755403864357e+01 
       1.042704699616e+00       1.751646443602e+01 
       1.043668401052e+00       1.747900219944e+01 
       1.044632102490e+00       1.744165081794e+01 
       1.045595803930e+00       1.740440930130e+01 
       1.046559505371e+00       1.736727689232e+01 
       1.047523206814e+00       1.733025313487e+01 
       1.048486908258e+00       1.729333787490e+01 
       1.049450609704e+00       1.725653120363e+01 
       1.050414311152e+00       1.721983336328e+01 
       1.051378012601e+00       1.718324461654e+01 
       1.052341714052e+00       1.714676511442e+01 
       1.053305415505e+00       1.711039478815e+01 
       1.054269116959e+00       1.707413328514e+01 
       1.055232818414e+00       1.703797996463e+01 
       1.056196519872e+00       1.700193393675e+01 
       1.057160221330e+00       1.696599416229e+01 
       1.058123922791e+00       1.693015957872e+01 
       1.059087624253e+00       1.689442922509e+01 
       1.060051325716e+00       1.685880235232e+01 
       1.061015027181e+00       1.682327848555e+01 
       1.061978728648e+00       1.678785744554e+01 
       1.062942430116e+00       1.675253930095e+01 
       1.063906131586e+00       1.671732427408e+01 
       1.064869833057e+00       1.668221262833e+01 
       1.065833534530e+00       1.664720453872e+01 
       1.066797236005e+00       1.661229998470e+01 
       1.067760937481e+00       1.657749867904e+01 
       1.068724638958e+00       1.654280005358e+01 
       1.069688340437e+00       1.650820329974e+01 
       1.070652041918e+00       1.647370744927e+01 
       1.071615743400e+00       1.643931148986e+01 
       1.072579444883e+00       1.640501449211e+01 
       1.073543146368e+00       1.637081571504e+01 
       1.074506847855e+00       1.633671467479e+01 
       1.075470549343e+00       1.630271116489e+01 
       1.076434250832e+00       1.626880522736e+01 
       1.077397952323e+00       1.623499706966e+01 
       1.078361653816e+00       1.620128695040e+01 
       1.079325355310e+00       1.616767506187e+01 
       1.080289056805e+00       1.613416142345e+01 
       1.081252758302e+00       1.610074580927e+01 
       1.082216459801e+00       1.606742772324e+01 
       1.083180161301e+00       1.603420642717e+01 
       1.084143862802e+00       1.600108102231e+01 
       1.085107564305e+00       1.596805055001e+01 
       1.086071265809e+00       1.593511411052e+01 
       1.087034967315e+00       1.590227097148e+01 
       1.087998668822e+00       1.586952063969e+01 
       1.088962370331e+00       1.583686288941e+01 
       1.089926071841e+00       1.580429773400e+01 
       1.090889773353e+00       1.577182535826e+01 
       1.091853474866e+00       1.573944601723e+01 
       1.092817176380e+00       1.570715991644e+01 
       1.093780877896e+00       1.567496710821e+01 
       1.094744579413e+00       1.564286741912e+01 
       1.095708280932e+00       1.561086041842e+01 
       1.096671982452e+00       1.557894544021e+01 
       1.097635683973e+00       1.554712164528e+01 
       1.098599385496e+00       1.551538812505e+01 
       1.099563087021e+00       1.548374401328e+01 
       1.100526788546e+00       1.545218858717e+01 
       1.101490490074e+00       1.542072134467e+01 
       1.102454191602e+00       1.538934203781e+01 
       1.103417893132e+00       1.535805065613e+01 
       1.104381594663e+00       1.532684736499e+01 
       1.105345296196e+00       1.529573240730e+01 
       1.106308997730e+00       1.526470599899e+01 
       1.107272699265e+00       1.523376822366e+01 
       1.108236400802e+00       1.520291895472e+01 
       1.109200102340e+00       1.517215782150e+01 
       1.110163803880e+00       1.514148422139e+01 
       1.111127505421e+00       1.511089737889e+01 
       1.112091206963e+00       1.508039643476e+01 
       1.113054908507e+00       1.504998055124e+01 
       1.114018610052e+00       1.501964901845e+01 
       1.114982311598e+00       1.498940132881e+01 
       1.115946013145e+00       1.495923721425e+01 
       1.116909714694e+00       1.492915663877e+01 
       1.117873416245e+00       1.489915974440e+01 
       1.118837117796e+00       1.486924676608e+01 
       1.119800819349e+00       1.483941792555e+01 
       1.120764520904e+00       1.480967332925e+01 
       1.121728222459e+00       1.478001289436e+01 
       1.122691924016e+00       1.475043630666e+01 
       1.123655625575e+00       1.472094302506e+01 
       1.124619327134e+00       1.469153233171e+01 
       1.125583028695e+00       1.466220341444e+01 
       1.126546730257e+00       1.463295547036e+01 
       1.127510431821e+00       1.460378780277e+01 
       1.128474133386e+00       1.457469989818e+01 
       1.129437834952e+00       1.454569147191e+01 
       1.130401536519e+00       1.451676246447e+01 
       1.131365238088e+00       1.448791299655e+01 
       1.132328939658e+00       1.445914328931e+01 
       1.133292641229e+00       1.443045356601e+01 
       1.134256342801e+00       1.440184395658e+01 
       1.135220044375e+00       1.437331441629e+01 
       1.136183745950e+00       1.434486468086e+01 
       1.137147447527e+00       1.431649426724e+01 
       1.138111149104e+00       1.428820251416e+01 
       1.139074850683e+00       1.425998865733e+01 
       1.140038552263e+00       1.423185192475e+01 
       1.141002253845e+00       1.420379163335e+01 
       1.141965955427e+00       1.417580726881e+01 
       1.142929657011e+00       1.414789853113e+01 
       1.143893358596e+00       1.412006533684e+01 
       1.144857060183e+00       1.409230778406e+01 
       1.145820761770e+00       1.406462608036e+01 
       1.146784463359e+00       1.403702044961e+01 
       1.147748164949e+00       1.400949103722e+01 
       1.148711866541e+00       1.398203783096e+01 
       1.149675568133e+00       1.395466061463e+01 
       1.150639269727e+00       1.392735896055e+01 
       1.151602971322e+00       1.390013226046e+01 
       1.152566672918e+00       1.387297979560e+01 
       1.153530374516e+00       1.384590082696e+01 
       1.154494076114e+00       1.381889468754e+01 
       1.155457777714e+00       1.379196086121e+01 
       1.156421479315e+00       1.376509903188e+01 
       1.157385180918e+00       1.373830909420e+01 
       1.158348882521e+00       1.371159112561e+01 
       1.159312584126e+00       1.368494531751e+01 
       1.160276285732e+00       1.365837189036e+01 
       1.161239987339e+00       1.363187100285e+01 
       1.162203688947e+00       1.360544267272e+01 
       1.163167390556e+00       1.357908672605e+01 
       1.164131092167e+00       1.355280278369e+01 
       1.165094793779e+00       1.352659028781e+01 
       1.166058495392e+00       1.350044856574e+01 
       1.167022197006e+00       1.347437691076e+01 
       1.167985898621e+00       1.344837467178e+01 
       1.168949600238e+00       1.342244133298e+01 
       1.169913301855e+00       1.339657656584e+01 
       1.170877003474e+00       1.337078024496e+01 
       1.171840705094e+00       1.334505242409e+01 
       1.172804406715e+00       1.331939327807e+01 
       1.173768108338e+00       1.329380302356e+01 
       1.174731809961e+00       1.326828183083e+01 
       1.175695511586e+00       1.324282974340e+01 
       1.176659213211e+00       1.321744662587e+01 
       1.177622914838e+00       1.319213214619e+01 
       1.178586616466e+00       1.316688579618e+01 
       1.179550318096e+00       1.314170694537e+01 
       1.180514019726e+00       1.311659491839e+01 
       1.181477721357e+00       1.309154908170e+01 
       1.182441422990e+00       1.306656892335e+01 
       1.183405124623e+00       1.304165410410e+01 
       1.184368826258e+00       1.301680447867e+01 
       1.185332527894e+00       1.299202007902e+01 
       1.186296229531e+00       1.296730106391e+01 
       1.187259931169e+00       1.294264764363e+01 
       1.188223632809e+00       1.291805999478e+01 
       1.189187334449e+00       1.289353818305e+01 
       1.190151036091e+00       1.286908210974e+01 
       1.191114737733e+00       1.284469148848e+01 
       1.192078439377e+00       1.282036585715e+01 
       1.193042141022e+00       1.279610462712e+01 
       1.194005842668e+00       1.277190715576e+01 
       1.194969544315e+00       1.274777282900e+01 
       1.195933245963e+00       1.272370113780e+01 
       1.196896947612e+00       1.269969173345e+01 
       1.197860649262e+00       1.267574445285e+01 
       1.198824350913e+00       1.265185930933e+01 
       1.199788052566e+00       1.262803644517e+01 
       1.200751754219e+00       1.260427606240e+01 
       1.201715455874e+00       1.258057834270e+01 
       1.202679157530e+00       1.255694337240e+01 
       1.203642859186e+00       1.253337108551e+01 
       1.204606560844e+00       1.250986123608e+01 
       1.205570262503e+00       1.248641340637e+01 
       1.206533964163e+00       1.246302704995e+01 
       1.207497665824e+00       1.243970155843e+01 
       1.208461367486e+00       1.241643633770e+01 
       1.209425069149e+00       1.239323088367e+01 
       1.210388770813e+00       1.237008484042e+01 
       1.211352472478e+00       1.234699802928e+01 
       1.212316174145e+00       1.232397044293e+01 
       1.213279875812e+00       1.230100220556e+01 
       1.214243577480e+00       1.227809351017e+01 
       1.215207279150e+00       1.225524454288e+01 
       1.216170980820e+00       1.223245540775e+01 
       1.217134682491e+00       1.220972606767e+01 
       1.218098384164e+00       1.218705631511e+01 
       1.219062085837e+00       1.216444577521e+01 
       1.220025787512e+00       1.214189394179e+01 
       1.220989489188e+00       1.211940023804e+01 
       1.221953190864e+00       1.209696409031e+01 
       1.222916892542e+00       1.207458500179e+01 
       1.223880594220e+00       1.205226261273e+01 
       1.224844295900e+00       1.202999673015e+01 
       1.225807997581e+00       1.200778732735e+01 
       1.226771699262e+00       1.198563451120e+01 
       1.227735400945e+00       1.196353846512e+01 
       1.228699102629e+00       1.194149937604e+01 
       1.229662804313e+00       1.191951736216e+01 
       1.230626505999e+00       1.189759241253e+01 
       1.231590207686e+00       1.187572435558e+01 
       1.232553909373e+00       1.185391285776e+01 
       1.233517611062e+00       1.183215745187e+01 
       1.234481312752e+00       1.181045759230e+01 
       1.235445014442e+00       1.178881272594e+01 
       1.236408716134e+00       1.176722236489e+01 
       1.237372417827e+00       1.174568614455e+01 
       1.238336119520e+00       1.172420385920e+01 
       1.239299821215e+00       1.170277546266e+01 
       1.240263522910e+00       1.168140104635e+01 
       1.241227224607e+00       1.166008078365e+01 
       1.242190926304e+00       1.163881486123e+01 
       1.243154628003e+00       1.161760340772e+01 
       1.244118329702e+00       1.159644643666e+01 
       1.245082031403e+00       1.157534380931e+01 
       1.246045733104e+00       1.155429523094e+01 
       1.247009434807e+00       1.153330027101e+01 
       1.247973136510e+00       1.151235841517e+01 
       1.248936838214e+00       1.149146913235e+01 
       1.249900539919e+00       1.147063194588e+01 
       1.250864241626e+00       1.144984648840e+01 
       1.251827943333e+00       1.142911254117e+01 
       1.252791645041e+00       1.140843004122e+01 
       1.253755346750e+00       1.138779906341e+01 
       1.254719048460e+00       1.136721976907e+01 
       1.255682750171e+00       1.134669234268e+01 
       1.256646451883e+00       1.132621692237e+01 
       1.257610153595e+00       1.130579354389e+01 
       1.258573855309e+00       1.128542210015e+01 
       1.259537557024e+00       1.126510233112e+01 
       1.260501258739e+00       1.124483384259e+01 
       1.261464960456e+00       1.122461615143e+01 
       1.262428662173e+00       1.120444874946e+01 
       1.263392363892e+00       1.118433116922e+01 
       1.264356065611e+00       1.116426304270e+01 
       1.265319767331e+00       1.114424414022e+01 
       1.266283469052e+00       1.112427438442e+01 
       1.267247170774e+00       1.110435383308e+01 
       1.268210872497e+00       1.108448263543e+01 
       1.269174574221e+00       1.106466097157e+01 
       1.270138275946e+00       1.104488898789e+01 
       1.271101977672e+00       1.102516673838e+01 
       1.272065679398e+00       1.100549414479e+01 
       1.273029381126e+00       1.098587098071e+01 
       1.273993082854e+00       1.096629688639e+01 
       1.274956784584e+00       1.094677141036e+01 
       1.275920486314e+00       1.092729406731e+01 
       1.276884188045e+00       1.090786440157e+01 
       1.277847889777e+00       1.088848204499e+01 
       1.278811591510e+00       1.086914675871e+01 
       1.279775293244e+00       1.084985845057e+01 
       1.280738994978e+00       1.083061716190e+01 
       1.281702696714e+00       1.081142302889e+01 
       1.282666398450e+00       1.079227622661e+01 
       1.283630100188e+00       1.077317690717e+01 
       1.284593801926e+00       1.075412514190e+01 
       1.285557503665e+00       1.073512087772e+01 
       1.286521205405e+00       1.071616392002e+01 
       1.287484907146e+00       1.069725394242e+01 
       1.288448608888e+00       1.067839052350e+01 
       1.289412310630e+00       1.065957320036e+01 
       1.290376012374e+00       1.064080152950e+01 
       1.291339714118e+00       1.062207514420e+01 
       1.292303415863e+00       1.060339379819e+01 
       1.293267117609e+00       1.058475738580e+01 
       1.294230819356e+00       1.056616593208e+01 
       1.295194521104e+00       1.054761956042e+01 
       1.296158222853e+00       1.052911843984e+01 
       1.297121924602e+00       1.051066272614e+01 
       1.298085626352e+00       1.049225250450e+01 
       1.299049328104e+00       1.047388774562e+01 
       1.300013029856e+00       1.045556828397e+01 
       1.300976731609e+00       1.043729382490e+01 
       1.301940433362e+00       1.041906397653e+01 
       1.302904135117e+00       1.040087829813e+01 
       1.303867836872e+00       1.038273635900e+01 
       1.304831538629e+00       1.036463779518e+01 
       1.305795240386e+00       1.034658235374e+01 
       1.306758942144e+00       1.032856991517e+01 
       1.307722643902e+00       1.031060048936e+01 
       1.308686345662e+00       1.029267418567e+01 
       1.309650047422e+00       1.027479116596e+01 
       1.310613749184e+00       1.025695158838e+01 
       1.311577450946e+00       1.023915555001e+01 
       1.312541152709e+00       1.022140304216e+01 
       1.313504854472e+00       1.020369392756e+01 
       1.314468556237e+00       1.018602794179e+01 
       1.315432258002e+00       1.016840472057e+01 
       1.316395959768e+00       1.015082384554e+01 
       1.317359661536e+00       1.013328489947e+01 
       1.318323363303e+00       1.011578752152e+01 
       1.319287065072e+00       1.009833145313e+01 
       1.320250766841e+00       1.008091656261e+01 
       1.321214468612e+00       1.006354284396e+01 
       1.322178170383e+00       1.004621039402e+01 
       1.323141872155e+00       1.002891936648e+01 
       1.324105573927e+00       1.001166991889e+01 
       1.325069275701e+00       9.994462158235e+00 
       1.326032977475e+00       9.977296095281e+00 
       1.326996679250e+00       9.960171617533e+00 
       1.327960381026e+00       9.943088489238e+00 
       1.328924082803e+00       9.926046373852e+00 
       1.329887784580e+00       9.909044874497e+00 
       1.330851486358e+00       9.892083588089e+00 
       1.331815188137e+00       9.875162158748e+00 
       1.332778889917e+00       9.858280322673e+00 
       1.333742591698e+00       9.841437936754e+00 
       1.334706293479e+00       9.824634980599e+00 
       1.335669995261e+00       9.807871536006e+00 
       1.336633697044e+00       9.791147747918e+00 
       1.337597398828e+00       9.774463772783e+00 
       1.338561100613e+00       9.757819725117e+00 
       1.339524802398e+00       9.741215632139e+00 
       1.340488504184e+00       9.724651406407e+00 
       1.341452205971e+00       9.708126838838e+00 
       1.342415907759e+00       9.691641618588e+00 
       1.343379609547e+00       9.675195371176e+00 
       1.344343311336e+00       9.658787707897e+00 
       1.345307013126e+00       9.642418277589e+00 
       1.346270714917e+00       9.626086813317e+00 
       1.347234416708e+00       9.609793160838e+00 
       1.348198118500e+00       9.593537285263e+00 
       1.349161820293e+00       9.577319255349e+00 
       1.350125522087e+00       9.561139206683e+00 
       1.351089223882e+00       9.544997292482e+00 
       1.352052925677e+00       9.528893633445e+00 
       1.353016627473e+00       9.512828271917e+00 
       1.353980329270e+00       9.496801141409e+00 
       1.354944031067e+00       9.480812058571e+00 
       1.355907732865e+00       9.464860738078e+00 
       1.356871434664e+00       9.448946826338e+00 
       1.357835136464e+00       9.433069948915e+00 
       1.358798838265e+00       9.417229762085e+00 
       1.359762540066e+00       9.401425996164e+00 
       1.360726241868e+00       9.385658486879e+00 
       1.361689943670e+00       9.369927186291e+00 
       1.362653645474e+00       9.354232149333e+00 
       1.363617347278e+00       9.338573500923e+00 
       1.364581049083e+00       9.322951391050e+00 
       1.365544750889e+00       9.307365944650e+00 
       1.366508452695e+00       9.291817216558e+00 
       1.367472154502e+00       9.276305160689e+00 
       1.368435856310e+00       9.260829618672e+00 
       1.369399558119e+00       9.245390329143e+00 
       1.370363259928e+00       9.229986959511e+00 
       1.371326961738e+00       9.214619150574e+00 
       1.372290663549e+00       9.199286564795e+00 
       1.373254365360e+00       9.183988931006e+00 
       1.374218067172e+00       9.168726076596e+00 
       1.375181768985e+00       9.153497939986e+00 
       1.376145470799e+00       9.138304562317e+00 
       1.377109172613e+00       9.123146058747e+00 
       1.378072874428e+00       9.108022575098e+00 
       1.379036576244e+00       9.092934239200e+00 
       1.380000278060e+00       9.077881117040e+00 
       1.380963979877e+00       9.062863180973e+00 
       1.381927681695e+00       9.047880294567e+00 
       1.382891383514e+00       9.032932220485e+00 
       1.383855085333e+00       9.018018646818e+00 
       1.384818787153e+00       9.003139228594e+00 
       1.385782488974e+00       8.988293635866e+00 
       1.386746190795e+00       8.973481597586e+00 
       1.387709892617e+00       8.958702934017e+00 
       1.388673594440e+00       8.943957571276e+00 
       1.389637296264e+00       8.929245537055e+00 
       1.390600998088e+00       8.914566935374e+00 
       1.391564699913e+00       8.899921906210e+00 
       1.392528401738e+00       8.885310579709e+00 
       1.393492103564e+00       8.870733031338e+00 
       1.394455805391e+00       8.856189249397e+00 
       1.395419507219e+00       8.841679119064e+00 
       1.396383209047e+00       8.827202426199e+00 
       1.397346910876e+00       8.812758879984e+00 
       1.398310612706e+00       8.798348150591e+00 
       1.399274314536e+00       8.783969916098e+00 
       1.400238016367e+00       8.769623905471e+00 
       1.401201718199e+00       8.755309932048e+00 
       1.402165420031e+00       8.741027911076e+00 
       1.403129121864e+00       8.726777857003e+00 
       1.404092823698e+00       8.712559861892e+00 
       1.405056525532e+00       8.698374059417e+00 
       1.406020227368e+00       8.684220581243e+00 
       1.406983929203e+00       8.670099511579e+00 
       1.407947631040e+00       8.656010853618e+00 
       1.408911332877e+00       8.641954512332e+00 
       1.409875034715e+00       8.627930294845e+00 
       1.410838736553e+00       8.613937930414e+00 
       1.411802438392e+00       8.599977105340e+00 
       1.412766140232e+00       8.586047506158e+00 
       1.413729842072e+00       8.572148862234e+00 
       1.414693543913e+00       8.558280981723e+00 
       1.415657245755e+00       8.544443769990e+00 
       1.416620947597e+00       8.530637229396e+00 
       1.417584649440e+00       8.516861440766e+00 
       1.418548351284e+00       8.503116531044e+00 
       1.419512053128e+00       8.489402630434e+00 
       1.420475754973e+00       8.475719830171e+00 
       1.421439456819e+00       8.462068147732e+00 
       1.422403158665e+00       8.448447506176e+00 
       1.423366860512e+00       8.434857732819e+00 
       1.424330562360e+00       8.421298576613e+00 
       1.425294264208e+00       8.407769740191e+00 
       1.426257966057e+00       8.394270919513e+00 
       1.427221667906e+00       8.380801846828e+00 
       1.428185369756e+00       8.367362324612e+00 
       1.429149071607e+00       8.353952248931e+00 
       1.430112773459e+00       8.340571609393e+00 
       1.431076475311e+00       8.327220476811e+00 
       1.432040177163e+00       8.313898970237e+00 
       1.433003879017e+00       8.300607217790e+00 
       1.433967580871e+00       8.287345316767e+00 
       1.434931282725e+00       8.274113297321e+00 
       1.435894984580e+00       8.260911100334e+00 
       1.436858686436e+00       8.247738573428e+00 
       1.437822388293e+00       8.234595484573e+00 
       1.438786090150e+00       8.221481551021e+00 
       1.439749792008e+00       8.208396479097e+00 
       1.440713493866e+00       8.195340003805e+00 
       1.441677195725e+00       8.182311924859e+00 
       1.442640897585e+00       8.169312128072e+00 
       1.443604599445e+00       8.156340592376e+00 
       1.444568301306e+00       8.143397376872e+00 
       1.445532003167e+00       8.130482594422e+00 
       1.446495705029e+00       8.117596371344e+00 
       1.447459406892e+00       8.104738808684e+00 
       1.448423108755e+00       8.091909947191e+00 
       1.449386810619e+00       8.079109744227e+00 
       1.450350512483e+00       8.066338066202e+00 
       1.451314214349e+00       8.053594700318e+00 
       1.452277916214e+00       8.040879378962e+00 
       1.453241618081e+00       8.028191818742e+00 
       1.454205319948e+00       8.015531758441e+00 
       1.455169021815e+00       8.002898995466e+00 
       1.456132723683e+00       7.990293408430e+00 
       1.457096425552e+00       7.977714965059e+00 
       1.458060127422e+00       7.965163713675e+00 
       1.459023829291e+00       7.952639757991e+00 
       1.459987531162e+00       7.940143221874e+00 
       1.460951233033e+00       7.927674210217e+00 
       1.461914934905e+00       7.915232773617e+00 
       1.462878636777e+00       7.902818883860e+00 
       1.463842338650e+00       7.890432425711e+00 
       1.464806040524e+00       7.878073204669e+00 
       1.465769742398e+00       7.865740970080e+00 
       1.466733444273e+00       7.853435449124e+00 
       1.467697146148e+00       7.841156384946e+00 
       1.468660848024e+00       7.828903572495e+00 
       1.469624549900e+00       7.816676883443e+00 
       1.470588251778e+00       7.804476275634e+00 
       1.471551953655e+00       7.792301786590e+00 
       1.472515655533e+00       7.780153511425e+00 
       1.473479357412e+00       7.768031570173e+00 
       1.474443059292e+00       7.755936070277e+00 
       1.475406761172e+00       7.743867071514e+00 
       1.476370463052e+00       7.731824560243e+00 
       1.477334164933e+00       7.719808438213e+00 
       1.478297866815e+00       7.707818528156e+00 
       1.479261568697e+00       7.695854594805e+00 
       1.480225270580e+00       7.683916376705e+00 
       1.481188972464e+00       7.672003622590e+00 
       1.482152674348e+00       7.660116126290e+00 
       1.483116376232e+00       7.648253752848e+00 
       1.484080078118e+00       7.636416450503e+00 
       1.485043780003e+00       7.624604246764e+00 
       1.486007481890e+00       7.612817229056e+00 
       1.486971183777e+00       7.601055513347e+00 
       1.487934885664e+00       7.589319208144e+00 
       1.488898587552e+00       7.577608380290e+00 
       1.489862289441e+00       7.565923029036e+00 
       1.490825991330e+00       7.554263072704e+00 
       1.491789693219e+00       7.542628351229e+00 
       1.492753395110e+00       7.531018644469e+00 
       1.493717097001e+00       7.519433702146e+00 
       1.494680798892e+00       7.507873278767e+00 
       1.495644500784e+00       7.496337168744e+00 
       1.496608202676e+00       7.484825231911e+00 
       1.497571904569e+00       7.473337407609e+00 
       1.498535606463e+00       7.461873712929e+00 
       1.499499308357e+00       7.450434226193e+00 
       1.500463010252e+00       7.439019058958e+00 
       1.501426712147e+00       7.427628320570e+00 
       1.502390414043e+00       7.416262084391e+00 
       1.503354115939e+00       7.404920361102e+00 
       1.504317817836e+00       7.393603083807e+00 
       1.505281519734e+00       7.382310109389e+00 
       1.506245221632e+00       7.371041233639e+00 
       1.507208923530e+00       7.359796217710e+00 
       1.508172625429e+00       7.348574822763e+00 
       1.509136327329e+00       7.337376842930e+00 
       1.510100029229e+00       7.326202133618e+00 
       1.511063731130e+00       7.315050625893e+00 
       1.512027433031e+00       7.303922327176e+00 
       1.512991134933e+00       7.292817307329e+00 
       1.513954836835e+00       7.281735672082e+00 
       1.514918538738e+00       7.270677530417e+00 
       1.515882240642e+00       7.259642961570e+00 
       1.516845942546e+00       7.248631987202e+00 
       1.517809644450e+00       7.237644555411e+00 
       1.518773346355e+00       7.226680538365e+00 
       1.519737048261e+00       7.215739746297e+00 
       1.520700750167e+00       7.204821952466e+00 
       1.521664452073e+00       7.193926924556e+00 
       1.522628153980e+00       7.183054458442e+00 
       1.523591855888e+00       7.172204405080e+00 
       1.524555557796e+00       7.161376687656e+00 
       1.525519259705e+00       7.150571303882e+00 
       1.526482961614e+00       7.139788315148e+00 
       1.527446663524e+00       7.129027822090e+00 
       1.528410365434e+00       7.118289932837e+00 
       1.529374067345e+00       7.107574730619e+00 
       1.530337769256e+00       7.096882246319e+00 
       1.531301471168e+00       7.086212441408e+00 
       1.532265173080e+00       7.075565203702e+00 
       1.533228874993e+00       7.064940358095e+00 
       1.534192576907e+00       7.054337689363e+00 
       1.535156278821e+00       7.043756969946e+00 
       1.536119980735e+00       7.033198002171e+00 
       1.537083682650e+00       7.022660631821e+00 
       1.538047384565e+00       7.012144774771e+00 
       1.539011086481e+00       7.001650420363e+00 
       1.539974788398e+00       6.991177620528e+00 
       1.540938490315e+00       6.980726469430e+00 
       1.541902192232e+00       6.970297073154e+00 
       1.542865894150e+00       6.959889518712e+00 
       1.543829596069e+00       6.949503846456e+00 
       1.544793297988e+00       6.939140028757e+00 
       1.545756999907e+00       6.928797968607e+00 
       1.546720701827e+00       6.918477504143e+00 
       1.547684403748e+00       6.908178433403e+00 
       1.548648105669e+00       6.897900538320e+00 
       1.549611807590e+00       6.887643619319e+00 
       1.550575509512e+00       6.877407521245e+00 
       1.551539211435e+00       6.867192153474e+00 
       1.552502913358e+00       6.856997496248e+00 
       1.553466615281e+00       6.846823592561e+00 
       1.554430317205e+00       6.836670530975e+00 
       1.555394019130e+00       6.826538415260e+00 
       1.556357721055e+00       6.816427334229e+00 
       1.557321422980e+00       6.806337334494e+00 
       1.558285124906e+00       6.796268402420e+00 
       1.559248826833e+00       6.786220453367e+00 
       1.560212528760e+00       6.776193340784e+00 
       1.561176230687e+00       6.766186872656e+00 
       1.562139932615e+00       6.756200838861e+00 
       1.563103634544e+00       6.746235042963e+00 
       1.564067336473e+00       6.736289327176e+00 
       1.565031038402e+00       6.726363597028e+00 
       1.565994740332e+00       6.716457822074e+00 
       1.566958442262e+00       6.706572037849e+00 
       1.567922144193e+00       6.696706325060e+00 
       1.568885846125e+00       6.686860784327e+00 
       1.569849548056e+00       6.677035507397e+00 
       1.570813249989e+00       6.667230547761e+00 
       1.571776951922e+00       6.657445900338e+00 
       1.572740653855e+00       6.647681495106e+00 
       1.573704355789e+00       6.637937197606e+00 
       1.574668057723e+00       6.628212827474e+00 
       1.982244844950e+00       3.802651439173e+00 
       2.495497614103e+00       2.163385038138e+00 
       3.141645360800e+00       1.221640720472e+00 
       3.955097179557e+00       6.851836975696e-01 
       4.979172345459e+00       3.819294242842e-01 
       6.268406595402e+00       2.116904593165e-01 
       7.891456354409e+00       1.167252454829e-01 
       9.934754940630e+00       6.405504818906e-02 
       1.250711545471e+01       3.499649780017e-02 
       1.574552547417e+01       1.904210088457e-02 
       1.982244214149e+01       1.032140942667e-02 
       2.495497613574e+01       5.574272102317e-03 
       3.141645360800e+01       3.000028293672e-03 
       3.955097179557e+01       1.609078954007e-03 
       4.979172345459e+01       8.600447797672e-04 
       6.268406595402e+01       4.579958734260e-04 
