# Matter power spectrum P(k) at redshift z=1
# for k=2.09784e-07 to 62.6566 h/Mpc,
# number of wavenumbers equal to 7328
#    1:k (h/Mpc)              2:P (Mpc/h)^3        
       2.097837747762e-07       1.891117649530e-01 
       8.597233459333e-07       7.830279238523e-01 
       1.509667011122e-06       1.380653488149e+00 
       2.159619211976e-06       1.980230798639e+00 
       2.809584390291e-06       2.581159333489e+00 
       3.459566988122e-06       3.183128795776e+00 
       4.109571447888e-06       3.785949471665e+00 
       4.759602212468e-06       4.389493742092e+00 
       5.409663725310e-06       4.993670269338e+00 
       6.059760430526e-06       5.598410785534e+00 
       6.709896772994e-06       6.203662614895e+00 
       7.360077198464e-06       6.809384118642e+00 
       8.010306153652e-06       7.415541759827e+00 
       8.660588086348e-06       8.022108125880e+00 
       9.310927445513e-06       8.629060547296e+00 
       9.961328681383e-06       9.236380103335e+00 
       1.061179624557e-05       9.844050887957e+00 
       1.126233459116e-05       1.045205945601e+01 
       1.191294817282e-05       1.106039439752e+01 
       1.256364144689e-05       1.166904600498e+01 
       1.321441887152e-05       1.227800600970e+01 
       1.386528490670e-05       1.288726736992e+01 
       1.451624401444e-05       1.349682409889e+01 
       1.516730065882e-05       1.410667112360e+01 
       1.581845930612e-05       1.471680416787e+01 
       1.646972442490e-05       1.532721965461e+01 
       1.712110048612e-05       1.593791462355e+01 
       1.777259196324e-05       1.654888666149e+01 
       1.842420333232e-05       1.716013384270e+01 
       1.907593907210e-05       1.777165467785e+01 
       1.972780366414e-05       1.838344806984e+01 
       2.037980159291e-05       1.899551327546e+01 
       2.103193734588e-05       1.960784987197e+01 
       2.168421541363e-05       2.022045772785e+01 
       2.233664028995e-05       2.083333697701e+01 
       2.298921647197e-05       2.144648799607e+01 
       2.364194846020e-05       2.205991138417e+01 
       2.429484075872e-05       2.267360794503e+01 
       2.494789787519e-05       2.328757867096e+01 
       2.560112432105e-05       2.390182472852e+01 
       2.625452461153e-05       2.451634744566e+01 
       2.690810326582e-05       2.513114830011e+01 
       2.756186480716e-05       2.574622890899e+01 
       2.821581376290e-05       2.636159101926e+01 
       2.886995466469e-05       2.697723649922e+01 
       2.952429204850e-05       2.759316733067e+01 
       3.017883045476e-05       2.820938560185e+01 
       3.083357442848e-05       2.882589350088e+01 
       3.148852851932e-05       2.944269330994e+01 
       3.214369728175e-05       3.005978739974e+01 
       3.279908527507e-05       3.067717822462e+01 
       3.345469706359e-05       3.129486831791e+01 
       3.411053721672e-05       3.191286028776e+01 
       3.476661030905e-05       3.253115681321e+01 
       3.542292092047e-05       3.314976064065e+01 
       3.607947363630e-05       3.376867458047e+01 
       3.673627304733e-05       3.438790150401e+01 
       3.739332375002e-05       3.500744434068e+01 
       3.805063034654e-05       3.562730607538e+01 
       3.870819744487e-05       3.624748974597e+01 
       3.936602965897e-05       3.686799844106e+01 
       4.002413160882e-05       3.748883529784e+01 
       4.068250792057e-05       3.811000350013e+01 
       4.134116322664e-05       3.873150627651e+01 
       4.200010216581e-05       3.935334689860e+01 
       4.265932938335e-05       3.997552867947e+01 
       4.331884953110e-05       4.059805497214e+01 
       4.397866726762e-05       4.122092916811e+01 
       4.463878725828e-05       4.184415469614e+01 
       4.529921417534e-05       4.246773502091e+01 
       4.595995269810e-05       4.309167364196e+01 
       4.662100751301e-05       4.371597409251e+01 
       4.728238331374e-05       4.434063993853e+01 
       4.794408480134e-05       4.496567477769e+01 
       4.860611668429e-05       4.559108223855e+01 
       4.926848367869e-05       4.621686597964e+01 
       4.993119050830e-05       4.684302968871e+01 
       5.059424190468e-05       4.746957708198e+01 
       5.125764260732e-05       4.809651190339e+01 
       5.192139736371e-05       4.872383792400e+01 
       5.258551092949e-05       4.935155894132e+01 
       5.324998806854e-05       4.997967877874e+01 
       5.391483355310e-05       5.060820128498e+01 
       5.458005216389e-05       5.123713033356e+01 
       5.524564869021e-05       5.186646982231e+01 
       5.591162793006e-05       5.249622367293e+01 
       5.657799469026e-05       5.312639583049e+01 
       5.724475378655e-05       5.375699026311e+01 
       5.791191004372e-05       5.438801096150e+01 
       5.857946829571e-05       5.501946193863e+01 
       5.924743338575e-05       5.565134722938e+01 
       5.991581016644e-05       5.628367089023e+01 
       6.058460349989e-05       5.691643699892e+01 
       6.125381825784e-05       5.754964965420e+01 
       6.192345932176e-05       5.818331297557e+01 
       6.259353158298e-05       5.881743110297e+01 
       6.326403994279e-05       5.945200819661e+01 
       6.393498931259e-05       6.008704843670e+01 
       6.460638461396e-05       6.072255602330e+01 
       6.527823077884e-05       6.135853517603e+01 
       6.595053274958e-05       6.199499013400e+01 
       6.662329547913e-05       6.263192515554e+01 
       6.729652393110e-05       6.326934451810e+01 
       6.797022307990e-05       6.390725251811e+01 
       6.864439791089e-05       6.454565347078e+01 
       6.931905342044e-05       6.518455171004e+01 
       6.999419461611e-05       6.582395158837e+01 
       7.066982651675e-05       6.646385747675e+01 
       7.134595415261e-05       6.710427376448e+01 
       7.202258256545e-05       6.774520485915e+01 
       7.269971680874e-05       6.838665518655e+01 
       7.337736194766e-05       6.902862919055e+01 
       7.405552305935e-05       6.967113133309e+01 
       7.473420523294e-05       7.031416609405e+01 
       7.541341356971e-05       7.095773797126e+01 
       7.609315318323e-05       7.160185148041e+01 
       7.677342919946e-05       7.224651115501e+01 
       7.745424675690e-05       7.289172154637e+01 
       7.813561100666e-05       7.353748722355e+01 
       7.881752711268e-05       7.418381277333e+01 
       7.950000025177e-05       7.483070280022e+01 
       8.018303561378e-05       7.547816192641e+01 
       8.086663840173e-05       7.612619479176e+01 
       8.155081383192e-05       7.677480605383e+01 
       8.223556713406e-05       7.742400038782e+01 
       8.292090355143e-05       7.807378248662e+01 
       8.360682834096e-05       7.872415706081e+01 
       8.429334677341e-05       7.937512883863e+01 
       8.498046413346e-05       8.002670256604e+01 
       8.566818571988e-05       8.067888300674e+01 
       8.635651684561e-05       8.133167494214e+01 
       8.704546283795e-05       8.198508317143e+01 
       8.773502903867e-05       8.263911251161e+01 
       8.842522080411e-05       8.329376779748e+01 
       8.911604350537e-05       8.394905388174e+01 
       8.980750252840e-05       8.460497563497e+01 
       9.049960327417e-05       8.526153794569e+01 
       9.119235115878e-05       8.591874572041e+01 
       9.188575161360e-05       8.657660388369e+01 
       9.257981008541e-05       8.723511737816e+01 
       9.327453203655e-05       8.789429116458e+01 
       9.396992294503e-05       8.855413022192e+01 
       9.466598830469e-05       8.921463954739e+01 
       9.536273362533e-05       8.987582415651e+01 
       9.606016443285e-05       9.053768908316e+01 
       9.675828626940e-05       9.120023937969e+01 
       9.745710469350e-05       9.186348011691e+01 
       9.815662528019e-05       9.252741638425e+01 
       9.885685362119e-05       9.319205328974e+01 
       9.955779532500e-05       9.385739596016e+01 
       1.002594560171e-04       9.452344954109e+01 
       1.009618413400e-04       9.519021919695e+01 
       1.016649569536e-04       9.585771011113e+01 
       1.023688085349e-04       9.652592748608e+01 
       1.030734017788e-04       9.719487654331e+01 
       1.037787423974e-04       9.786456252360e+01 
       1.044848361211e-04       9.853499068696e+01 
       1.051916886980e-04       9.920616631282e+01 
       1.058993058943e-04       9.987809470007e+01 
       1.066076934946e-04       1.005507811672e+02 
       1.073168573017e-04       1.012242310522e+02 
       1.080268031371e-04       1.018984497131e+02 
       1.087375368411e-04       1.025734425275e+02 
       1.094490642726e-04       1.032492148930e+02 
       1.101613913098e-04       1.039257722275e+02 
       1.108745238497e-04       1.046031199688e+02 
       1.115884678091e-04       1.052812635750e+02 
       1.123032291237e-04       1.059602085246e+02 
       1.130188137493e-04       1.066399603166e+02 
       1.137352276613e-04       1.073205244704e+02 
       1.144524768549e-04       1.080019065264e+02 
       1.151705673455e-04       1.086841120456e+02 
       1.158895051689e-04       1.093671466098e+02 
       1.166092963810e-04       1.100510158221e+02 
       1.173299470585e-04       1.107357253065e+02 
       1.180514632986e-04       1.114212807084e+02 
       1.187738512196e-04       1.121076876945e+02 
       1.194971169607e-04       1.127949519530e+02 
       1.202212666823e-04       1.134830791939e+02 
       1.209463065662e-04       1.141720751485e+02 
       1.216722428158e-04       1.148619455705e+02 
       1.223990816559e-04       1.155526962351e+02 
       1.231268293335e-04       1.162443329400e+02 
       1.238554921174e-04       1.169368615047e+02 
       1.245850762986e-04       1.176302877716e+02 
       1.253155881905e-04       1.183246176050e+02 
       1.260470341289e-04       1.190198568924e+02 
       1.267794204725e-04       1.197160115436e+02 
       1.275127536026e-04       1.204130874916e+02 
       1.282470399235e-04       1.211110906921e+02 
       1.289822858630e-04       1.218100271242e+02 
       1.297184978719e-04       1.225099027903e+02 
       1.304556824248e-04       1.232107237160e+02 
       1.311938460197e-04       1.239124959507e+02 
       1.319329951787e-04       1.246152255675e+02 
       1.326731364479e-04       1.253189186631e+02 
       1.334142763976e-04       1.260235813583e+02 
       1.341564216224e-04       1.267292197982e+02 
       1.348995787417e-04       1.274358401521e+02 
       1.356437543993e-04       1.281434486134e+02 
       1.363889552642e-04       1.288520514005e+02 
       1.371351880304e-04       1.295616547563e+02 
       1.378824594172e-04       1.302722649486e+02 
       1.386307761694e-04       1.309838882700e+02 
       1.393801450573e-04       1.316965310387e+02 
       1.401305728771e-04       1.324101995978e+02 
       1.408820664511e-04       1.331249003160e+02 
       1.416346326276e-04       1.338406395876e+02 
       1.423882782813e-04       1.345574238328e+02 
       1.431430103137e-04       1.352752594974e+02 
       1.438988356527e-04       1.359941530536e+02 
       1.446557612534e-04       1.367141109997e+02 
       1.454137940978e-04       1.374351398604e+02 
       1.461729411953e-04       1.381572461868e+02 
       1.469332095828e-04       1.388804365571e+02 
       1.476946063249e-04       1.396047175759e+02 
       1.484571385140e-04       1.403300958752e+02 
       1.492208132705e-04       1.410565781141e+02 
       1.499856377434e-04       1.417841709789e+02 
       1.507516191096e-04       1.425128811836e+02 
       1.515187645752e-04       1.432427154698e+02 
       1.522870813748e-04       1.439736806070e+02 
       1.530565767720e-04       1.447057833928e+02 
       1.538272580598e-04       1.454390306528e+02 
       1.545991325606e-04       1.461734292412e+02 
       1.553722076265e-04       1.469089860405e+02 
       1.561464906391e-04       1.476457079621e+02 
       1.569219890104e-04       1.483836019462e+02 
       1.576987101824e-04       1.491226749621e+02 
       1.584766616277e-04       1.498629340083e+02 
       1.592558508494e-04       1.506043861126e+02 
       1.600362853814e-04       1.513470383326e+02 
       1.608179727888e-04       1.520908977555e+02 
       1.616009206678e-04       1.528359714984e+02 
       1.623851366462e-04       1.535822667088e+02 
       1.631706283833e-04       1.543297905640e+02 
       1.639574035704e-04       1.550785502724e+02 
       1.647454699309e-04       1.558285530725e+02 
       1.655348352203e-04       1.565798062340e+02 
       1.663255072267e-04       1.573323170575e+02 
       1.671174937711e-04       1.580860928748e+02 
       1.679108027072e-04       1.588411410492e+02 
       1.687054419219e-04       1.595974689755e+02 
       1.695014193354e-04       1.603550840802e+02 
       1.702987429016e-04       1.611139938219e+02 
       1.710974206081e-04       1.618742056914e+02 
       1.718974604766e-04       1.626357272116e+02 
       1.726988705630e-04       1.633985659383e+02 
       1.735016589575e-04       1.641627294597e+02 
       1.743058337851e-04       1.649282253970e+02 
       1.751114032057e-04       1.656950614047e+02 
       1.759183754143e-04       1.664632451704e+02 
       1.767267586412e-04       1.672327844152e+02 
       1.775365611522e-04       1.680036868942e+02 
       1.783477912491e-04       1.687759603960e+02 
       1.791604572695e-04       1.695496127436e+02 
       1.799745675874e-04       1.703246517942e+02 
       1.807901306131e-04       1.711010854395e+02 
       1.816071547936e-04       1.718789216059e+02 
       1.824256486132e-04       1.726581682547e+02 
       1.832456205928e-04       1.734388333823e+02 
       1.840670792911e-04       1.742209250205e+02 
       1.848900333042e-04       1.750044512365e+02 
       1.857144912663e-04       1.757894201334e+02 
       1.865404618494e-04       1.765758398500e+02 
       1.873679537640e-04       1.773637185613e+02 
       1.881969757593e-04       1.781530644789e+02 
       1.890275366230e-04       1.789438858507e+02 
       1.898596451821e-04       1.797361909614e+02 
       1.906933103027e-04       1.805299881327e+02 
       1.915285408905e-04       1.813252857236e+02 
       1.923653458911e-04       1.821220921303e+02 
       1.932037342900e-04       1.829204157868e+02 
       1.940437151128e-04       1.837202651648e+02 
       1.948852974258e-04       1.845216487742e+02 
       1.957284903361e-04       1.853245751631e+02 
       1.965733029917e-04       1.861290529179e+02 
       1.974197445817e-04       1.869350906640e+02 
       1.982678243369e-04       1.877426970656e+02 
       1.991175515298e-04       1.885518808259e+02 
       1.999689354748e-04       1.893626506877e+02 
       2.008219855286e-04       1.901750154331e+02 
       2.016767110904e-04       1.909889838843e+02 
       2.025331216022e-04       1.918045649034e+02 
       2.033912265489e-04       1.926217673925e+02 
       2.042510354586e-04       1.934406002947e+02 
       2.051125579031e-04       1.942610725933e+02 
       2.059758034980e-04       1.950831933127e+02 
       2.068407819026e-04       1.959069715186e+02 
       2.077075028208e-04       1.967324163179e+02 
       2.085759760010e-04       1.975595368592e+02 
       2.094462112362e-04       1.983883423327e+02 
       2.103182183648e-04       1.992188419710e+02 
       2.111920072703e-04       2.000510450488e+02 
       2.120675878819e-04       2.008849608834e+02 
       2.129449701745e-04       2.017205988347e+02 
       2.138241641694e-04       2.025579683058e+02 
       2.147051799340e-04       2.033970787430e+02 
       2.155880275826e-04       2.042379396358e+02 
       2.164727172762e-04       2.050805605177e+02 
       2.173592592233e-04       2.059249509659e+02 
       2.182476636796e-04       2.067711206019e+02 
       2.191379409487e-04       2.076190790916e+02 
       2.200301013820e-04       2.084688361454e+02 
       2.209241553795e-04       2.093204015187e+02 
       2.218201133894e-04       2.101737850120e+02 
       2.227179859090e-04       2.110289964709e+02 
       2.236177834846e-04       2.118860457871e+02 
       2.245195167119e-04       2.127449428976e+02 
       2.254231962361e-04       2.136056977857e+02 
       2.263288327527e-04       2.144683204811e+02 
       2.272364370071e-04       2.153328210600e+02 
       2.281460197952e-04       2.161992096451e+02 
       2.290575919638e-04       2.170674964065e+02 
       2.299711644106e-04       2.179376915616e+02 
       2.308867480848e-04       2.188098053749e+02 
       2.318043539872e-04       2.196838481591e+02 
       2.327239931703e-04       2.205598302747e+02 
       2.336456767390e-04       2.214377621306e+02 
       2.345694158504e-04       2.223176541840e+02 
       2.354952217147e-04       2.231995169409e+02 
       2.364231055948e-04       2.240833609565e+02 
       2.373530788071e-04       2.249691968350e+02 
       2.382851527216e-04       2.258570352301e+02 
       2.392193387621e-04       2.267468868454e+02 
       2.401556484066e-04       2.276387624344e+02 
       2.410940931876e-04       2.285326728007e+02 
       2.420346846924e-04       2.294286287987e+02 
       2.429774345632e-04       2.303266413331e+02 
       2.439223544977e-04       2.312267213599e+02 
       2.448694562492e-04       2.321288798862e+02 
       2.458187516267e-04       2.330331279706e+02 
       2.467702524957e-04       2.339394767234e+02 
       2.477239707780e-04       2.348479373069e+02 
       2.486799184524e-04       2.357585209356e+02 
       2.496381075545e-04       2.366712388765e+02 
       2.505985501775e-04       2.375861024494e+02 
       2.515612584723e-04       2.385031230268e+02 
       2.525262446475e-04       2.394223120348e+02 
       2.534935209703e-04       2.403436809527e+02 
       2.544630997662e-04       2.412672413136e+02 
       2.554349934197e-04       2.421930047045e+02 
       2.564092143744e-04       2.431209827669e+02 
       2.573857751334e-04       2.440511871964e+02 
       2.583646882594e-04       2.449836297437e+02 
       2.593459663753e-04       2.459183222141e+02 
       2.603296221642e-04       2.468552764685e+02 
       2.613156683700e-04       2.477945044229e+02 
       2.623041177974e-04       2.487360180494e+02 
       2.632949833123e-04       2.496798293758e+02 
       2.642882778423e-04       2.506259504863e+02 
       2.652840143766e-04       2.515743935214e+02 
       2.662822059667e-04       2.525251706785e+02 
       2.672828657264e-04       2.534782942118e+02 
       2.682860068324e-04       2.544337764329e+02 
       2.692916425241e-04       2.553916297108e+02 
       2.702997861046e-04       2.563518664721e+02 
       2.713104509402e-04       2.573144992016e+02 
       2.723236504615e-04       2.582795404421e+02 
       2.733393981631e-04       2.592470027948e+02 
       2.743577076040e-04       2.602168989199e+02 
       2.753785924083e-04       2.611892415364e+02 
       2.764020662649e-04       2.621640434223e+02 
       2.774281429283e-04       2.631413174152e+02 
       2.784568362187e-04       2.641210764125e+02 
       2.794881600220e-04       2.651033333713e+02 
       2.805221282908e-04       2.660881013090e+02 
       2.815587550440e-04       2.670753933033e+02 
       2.825980543674e-04       2.680652224925e+02 
       2.836400404141e-04       2.690576020760e+02 
       2.846847274046e-04       2.700525453141e+02 
       2.857321296271e-04       2.710500655286e+02 
       2.867822614379e-04       2.720501761027e+02 
       2.878351372617e-04       2.730528904816e+02 
       2.888907715917e-04       2.740582221725e+02 
       2.899491789902e-04       2.750661847449e+02 
       2.910103740885e-04       2.760767918308e+02 
       2.920743715877e-04       2.770900571249e+02 
       2.931411862584e-04       2.781059943850e+02 
       2.942108329416e-04       2.791246174320e+02 
       2.952833265482e-04       2.801459401504e+02 
       2.963586820603e-04       2.811699764881e+02 
       2.974369145307e-04       2.821967404570e+02 
       2.985180390832e-04       2.832262461332e+02 
       2.996020709136e-04       2.842585076571e+02 
       3.006890252890e-04       2.852935392334e+02 
       3.017789175490e-04       2.863313551319e+02 
       3.028717631053e-04       2.873719696871e+02 
       3.039675774422e-04       2.884153972990e+02 
       3.050663761171e-04       2.894616524326e+02 
       3.061681747604e-04       2.905107496187e+02 
       3.072729890762e-04       2.915627034541e+02 
       3.083808348420e-04       2.926175286013e+02 
       3.094917279096e-04       2.936752397893e+02 
       3.106056842049e-04       2.947358518132e+02 
       3.117227197284e-04       2.957993795351e+02 
       3.128428505554e-04       2.968658378836e+02 
       3.139660928362e-04       2.979352418545e+02 
       3.150924627967e-04       2.990076065108e+02 
       3.162219767380e-04       3.000829469828e+02 
       3.173546510373e-04       3.011612784685e+02 
       3.184905021478e-04       3.022426162336e+02 
       3.196295465992e-04       3.033269756116e+02 
       3.207718009978e-04       3.044143720045e+02 
       3.219172820265e-04       3.055048208823e+02 
       3.230660064456e-04       3.065983377835e+02 
       3.242179910926e-04       3.076949383154e+02 
       3.253732528828e-04       3.087946381540e+02 
       3.265318088091e-04       3.098974530444e+02 
       3.276936759426e-04       3.110033988005e+02 
       3.288588714326e-04       3.121124913060e+02 
       3.300274125071e-04       3.132247465137e+02 
       3.311993164729e-04       3.143401804461e+02 
       3.323746007155e-04       3.154588091955e+02 
       3.335532827000e-04       3.165806489239e+02 
       3.347353799707e-04       3.177057158637e+02 
       3.359209101517e-04       3.188340263171e+02 
       3.371098909468e-04       3.199655966568e+02 
       3.383023401400e-04       3.211004433259e+02 
       3.394982755957e-04       3.222385828380e+02 
       3.406977152587e-04       3.233800317775e+02 
       3.419006771543e-04       3.245248067995e+02 
       3.431071793891e-04       3.256729246301e+02 
       3.443172401504e-04       3.268244020662e+02 
       3.455308777070e-04       3.279792559760e+02 
       3.467481104091e-04       3.291375032990e+02 
       3.479689566886e-04       3.302991610457e+02 
       3.491934350592e-04       3.314642462984e+02 
       3.504215641164e-04       3.326327762105e+02 
       3.516533625383e-04       3.338047680073e+02 
       3.528888490848e-04       3.349802389856e+02 
       3.541280425987e-04       3.361592065137e+02 
       3.553709620053e-04       3.373416880321e+02 
       3.566176263126e-04       3.385277010528e+02 
       3.578680546118e-04       3.397172631598e+02 
       3.591222660768e-04       3.409103920091e+02 
       3.603802799651e-04       3.421071053286e+02 
       3.616421156173e-04       3.433074209182e+02 
       3.629077924576e-04       3.445113566499e+02 
       3.641773299937e-04       3.457189304678e+02 
       3.654507478171e-04       3.469301603880e+02 
       3.667280656032e-04       3.481450644987e+02 
       3.680093031111e-04       3.493636609604e+02 
       3.692944801840e-04       3.505859680056e+02 
       3.705836167494e-04       3.518120039387e+02 
       3.718767328188e-04       3.530417871365e+02 
       3.731738484880e-04       3.542753360478e+02 
       3.744749839374e-04       3.555126691933e+02 
       3.757801594314e-04       3.567538051658e+02 
       3.770893953194e-04       3.579987626303e+02 
       3.784027120348e-04       3.592475603233e+02 
       3.797201300961e-04       3.605002170535e+02 
       3.810416701062e-04       3.617567517008e+02 
       3.823673527525e-04       3.630171832181e+02 
       3.836971988075e-04       3.642815306290e+02 
       3.850312291281e-04       3.655498130287e+02 
       3.863694646561e-04       3.668220495841e+02 
       3.877119264180e-04       3.680982595334e+02 
       3.890586355250e-04       3.693784621862e+02 
       3.904096131731e-04       3.706626769231e+02 
       3.917648806429e-04       3.719509231957e+02 
       3.931244592998e-04       3.732432205267e+02 
       3.944883705938e-04       3.745395885094e+02 
       3.958566360597e-04       3.758400468076e+02 
       3.972292773165e-04       3.771446151557e+02 
       3.986063160681e-04       3.784533133584e+02 
       3.999877741025e-04       3.797661612902e+02 
       4.013736732924e-04       3.810831788959e+02 
       4.027640355945e-04       3.824043861895e+02 
       4.041588830498e-04       3.837298032550e+02 
       4.055582377836e-04       3.850594502452e+02 
       4.069621220048e-04       3.863933473822e+02 
       4.083705580064e-04       3.877315149570e+02 
       4.097835681651e-04       3.890739733287e+02 
       4.112011749411e-04       3.904207429252e+02 
       4.126234008782e-04       3.917718442421e+02 
       4.140502686033e-04       3.931272978428e+02 
       4.154818008266e-04       3.944871243582e+02 
       4.169180203409e-04       3.958513444863e+02 
       4.183589500222e-04       3.972199789920e+02 
       4.198046128287e-04       3.985930487065e+02 
       4.212550318011e-04       3.999705745274e+02 
       4.227102300619e-04       4.013525774180e+02 
       4.241702308159e-04       4.027390784071e+02 
       4.256350573492e-04       4.041300985885e+02 
       4.271047330294e-04       4.055256591208e+02 
       4.285792813053e-04       4.069257812266e+02 
       4.300587257061e-04       4.083304861933e+02 
       4.315430898420e-04       4.097397953707e+02 
       4.330323974033e-04       4.111537301722e+02 
       4.345266721599e-04       4.125723120737e+02 
       4.360259379617e-04       4.139955626132e+02 
       4.375302187375e-04       4.154235033904e+02 
       4.390395384952e-04       4.168561560662e+02 
       4.405539213211e-04       4.182935423621e+02 
       4.420733913797e-04       4.197356840600e+02 
       4.435979729132e-04       4.211826030011e+02 
       4.451276902411e-04       4.226343210860e+02 
       4.466625677600e-04       4.240908602737e+02 
       4.482026299426e-04       4.255522425812e+02 
       4.497479013381e-04       4.270184900830e+02 
       4.512984065709e-04       4.284896249102e+02 
       4.528541703408e-04       4.299656692504e+02 
       4.544152174220e-04       4.314466453464e+02 
       4.559815726629e-04       4.329325754963e+02 
       4.575532609855e-04       4.344234820521e+02 
       4.591303073848e-04       4.359193874198e+02 
       4.607127369283e-04       4.374203140580e+02 
       4.623005747557e-04       4.389262844777e+02 
       4.638938460777e-04       4.404373212407e+02 
       4.654925761760e-04       4.419534469612e+02 
       4.670967904024e-04       4.434746843020e+02 
       4.687065141784e-04       4.450010559755e+02 
       4.703217729942e-04       4.465325847425e+02 
       4.719425924083e-04       4.480692934118e+02 
       4.735689980470e-04       4.496112048388e+02 
       4.752010156031e-04       4.511583419248e+02 
       4.768386708359e-04       4.527107276166e+02 
       4.784819895701e-04       4.542683849052e+02 
       4.801309976951e-04       4.558313368249e+02 
       4.817857211643e-04       4.573996064527e+02 
       4.834461859943e-04       4.589732169071e+02 
       4.851124182641e-04       4.605521913474e+02 
       4.867844441142e-04       4.621365529726e+02 
       4.884622897462e-04       4.637263250205e+02 
       4.901459814213e-04       4.653215307665e+02 
       4.918355454600e-04       4.669221935229e+02 
       4.935310082410e-04       4.685283366380e+02 
       4.952323962002e-04       4.701399834944e+02 
       4.969397358300e-04       4.717571575086e+02 
       4.986530536783e-04       4.733798821298e+02 
       5.003723763474e-04       4.750081808380e+02 
       5.020977304933e-04       4.766420771448e+02 
       5.038291428246e-04       4.782815945901e+02 
       5.055666401012e-04       4.799267567421e+02 
       5.073102491338e-04       4.815775871960e+02 
       5.090599967825e-04       4.832341095727e+02 
       5.108159099560e-04       4.848963475177e+02 
       5.125780156101e-04       4.865643246996e+02 
       5.143463407470e-04       4.882380648094e+02 
       5.161209124141e-04       4.899175915586e+02 
       5.179017577026e-04       4.916029286784e+02 
       5.196889037469e-04       4.932940999179e+02 
       5.214823777226e-04       4.949911290435e+02 
       5.232822068462e-04       4.966940398369e+02 
       5.250884183731e-04       4.984028560939e+02 
       5.269010395970e-04       5.001176016234e+02 
       5.287200978481e-04       5.018383002453e+02 
       5.305456204924e-04       5.035649757897e+02 
       5.323776349296e-04       5.052976520953e+02 
       5.342161685928e-04       5.070363530078e+02 
       5.360612489463e-04       5.087811023783e+02 
       5.379129034845e-04       5.105319240622e+02 
       5.397711597309e-04       5.122888419175e+02 
       5.416360452360e-04       5.140518798031e+02 
       5.435075875766e-04       5.158210615774e+02 
       5.453858143538e-04       5.175964110967e+02 
       5.472707531920e-04       5.193779522135e+02 
       5.491624317369e-04       5.211657087752e+02 
       5.510608776544e-04       5.229597046219e+02 
       5.529661186290e-04       5.247599635853e+02 
       5.548781823622e-04       5.265665094867e+02 
       5.567970965709e-04       5.283793661354e+02 
       5.587228889859e-04       5.301985573269e+02 
       5.606555873502e-04       5.320241068414e+02 
       5.625952194175e-04       5.338560384415e+02 
       5.645418129504e-04       5.356943758713e+02 
       5.664953957190e-04       5.375391428536e+02 
       5.684559954988e-04       5.393903630888e+02 
       5.704236400693e-04       5.412480602528e+02 
       5.723983572123e-04       5.431122579951e+02 
       5.743801747098e-04       5.449829799372e+02 
       5.763691203427e-04       5.468602496701e+02 
       5.783652218888e-04       5.487440907532e+02 
       5.803685071206e-04       5.506345267117e+02 
       5.823790038043e-04       5.525315810350e+02 
       5.843967396972e-04       5.544352771744e+02 
       5.864217425462e-04       5.563456385416e+02 
       5.884540400858e-04       5.582626885062e+02 
       5.904936600362e-04       5.601864503941e+02 
       5.925406301014e-04       5.621169474851e+02 
       5.945949779673e-04       5.640542030109e+02 
       5.966567312995e-04       5.659982401532e+02 
       5.987259177416e-04       5.679490820415e+02 
       6.008025649131e-04       5.699067517509e+02 
       6.028867004070e-04       5.718712723001e+02 
       6.049783517886e-04       5.738426666492e+02 
       6.070775465925e-04       5.758209576973e+02 
       6.091843123211e-04       5.778061682808e+02 
       6.112986764423e-04       5.797983211708e+02 
       6.134206663875e-04       5.817974390709e+02 
       6.155503095492e-04       5.838035446152e+02 
       6.176876332793e-04       5.858166603659e+02 
       6.198326648862e-04       5.878368088110e+02 
       6.219854316335e-04       5.898640123621e+02 
       6.241459607370e-04       5.918982933519e+02 
       6.263142793630e-04       5.939396740322e+02 
       6.284904146259e-04       5.959881765715e+02 
       6.306743935858e-04       5.980438230523e+02 
       6.328662432463e-04       6.001066354694e+02 
       6.350659905524e-04       6.021766357267e+02 
       6.372736623879e-04       6.042538456356e+02 
       6.394892855733e-04       6.063382869122e+02 
       6.417128868633e-04       6.084299811749e+02 
       6.439444929447e-04       6.105289499421e+02 
       6.461841304335e-04       6.126352146297e+02 
       6.484318258733e-04       6.147487965486e+02 
       6.506876057321e-04       6.168697169025e+02 
       6.529514964007e-04       6.189979967850e+02 
       6.552235241895e-04       6.211336571775e+02 
       6.575037153266e-04       6.232767189466e+02 
       6.597920959550e-04       6.254272028415e+02 
       6.620886921306e-04       6.275851294917e+02 
       6.643935298192e-04       6.297505194042e+02 
       6.667066348944e-04       6.319233929615e+02 
       6.690280331349e-04       6.341037704182e+02 
       6.713577502221e-04       6.362916718995e+02 
       6.736958117377e-04       6.384871173977e+02 
       6.760422431609e-04       6.406901267705e+02 
       6.783970698659e-04       6.429007197376e+02 
       6.807603171198e-04       6.451189158789e+02 
       6.831320100796e-04       6.473447346296e+02 
       6.855121737895e-04       6.495781952854e+02 
       6.879008331791e-04       6.518193169882e+02 
       6.902980130600e-04       6.540681187316e+02 
       6.927037381236e-04       6.563246193564e+02 
       6.951180329387e-04       6.585888375475e+02 
       6.975409219486e-04       6.608607918318e+02 
       6.999724294686e-04       6.631405005754e+02 
       7.024125796834e-04       6.654279819810e+02 
       7.048613966446e-04       6.677232540855e+02 
       7.073189042680e-04       6.700263347573e+02 
       7.097851263310e-04       6.723372416936e+02 
       7.122600864702e-04       6.746559924181e+02 
       7.147438081783e-04       6.769826042779e+02 
       7.172363148022e-04       6.793170944418e+02 
       7.197376295397e-04       6.816594798967e+02 
       7.222477754373e-04       6.840097774458e+02 
       7.247667753876e-04       6.863680037057e+02 
       7.272946521264e-04       6.887341751039e+02 
       7.298314282304e-04       6.911083078762e+02 
       7.323771261146e-04       6.934904180644e+02 
       7.349317680293e-04       6.958805215132e+02 
       7.374953760582e-04       6.982786338685e+02 
       7.400679721150e-04       7.006847705740e+02 
       7.426495779416e-04       7.030989468693e+02 
       7.452402151049e-04       7.055211777871e+02 
       7.478399049946e-04       7.079514781510e+02 
       7.504486688206e-04       7.103898625728e+02 
       7.530665276103e-04       7.128363454478e+02 
       7.556935022061e-04       7.152909409600e+02 
       7.583296132630e-04       7.177536630694e+02 
       7.609748812458e-04       7.202245255161e+02 
       7.636293264269e-04       7.227035418160e+02 
       7.662929688837e-04       7.251907252586e+02 
       7.689658284958e-04       7.276860889047e+02 
       7.716479249430e-04       7.301896455840e+02 
       7.743392777026e-04       7.327014078937e+02 
       7.770399060468e-04       7.352213881905e+02 
       7.797498290405e-04       7.377495985996e+02 
       7.824690655389e-04       7.402860510023e+02 
       7.851976341848e-04       7.428307570372e+02 
       7.879355534064e-04       7.453837280982e+02 
       7.906828414151e-04       7.479449753321e+02 
       7.934395162029e-04       7.505145096362e+02 
       7.962055955399e-04       7.530923416562e+02 
       7.989810969724e-04       7.556784817840e+02 
       8.017660378204e-04       7.582729401557e+02 
       8.045604351753e-04       7.608757266493e+02 
       8.073643058976e-04       7.634868508825e+02 
       8.101776666149e-04       7.661063222106e+02 
       8.130005337193e-04       7.687341497261e+02 
       8.158329233656e-04       7.713703422536e+02 
       8.186748514689e-04       7.740149083502e+02 
       8.215263337025e-04       7.766678563027e+02 
       8.243873854959e-04       7.793291941258e+02 
       8.272580220325e-04       7.819989295603e+02 
       8.301382582478e-04       7.846770700710e+02 
       8.330281088270e-04       7.873636228452e+02 
       8.359275882035e-04       7.900585947905e+02 
       8.388367105564e-04       7.927619925334e+02 
       8.417554898088e-04       7.954738224173e+02 
       8.446839396261e-04       7.981940905010e+02 
       8.476220734136e-04       8.009228025569e+02 
       8.505699043149e-04       8.036599640693e+02 
       8.535274452104e-04       8.064055802329e+02 
       8.564947087149e-04       8.091596559515e+02 
       8.594717071761e-04       8.119221958360e+02 
       8.624584526731e-04       8.146932042030e+02 
       8.654549570143e-04       8.174726850737e+02 
       8.684612317361e-04       8.202606421722e+02 
       8.714772881011e-04       8.230570789241e+02 
       8.745031370963e-04       8.258619984554e+02 
       8.775387894319e-04       8.286754035908e+02 
       8.805842555398e-04       8.314972968529e+02 
       8.836395455718e-04       8.343276804607e+02 
       8.867046693981e-04       8.371665563285e+02 
       8.897796366066e-04       8.400139260648e+02 
       8.928644565006e-04       8.428697909709e+02 
       8.959591380982e-04       8.457341520406e+02 
       8.990636901305e-04       8.486070099584e+02 
       9.021781210408e-04       8.514883650987e+02 
       9.053024389829e-04       8.543782175255e+02 
       9.084366518205e-04       8.572765669904e+02 
       9.115807671254e-04       8.601834129331e+02 
       9.147347921771e-04       8.630987544793e+02 
       9.178987339613e-04       8.660225904409e+02 
       9.210725991691e-04       8.689549193150e+02 
       9.242563941958e-04       8.718957392830e+02 
       9.274501251403e-04       8.748450482103e+02 
       9.306537978041e-04       8.778028436457e+02 
       9.338674176905e-04       8.807691228207e+02 
       9.370909900035e-04       8.837438826493e+02 
       9.403245196476e-04       8.867271197271e+02 
       9.435680112267e-04       8.897188303317e+02 
       9.468214690436e-04       8.927190104216e+02 
       9.500848970994e-04       8.957276556361e+02 
       9.533582990928e-04       8.987447612956e+02 
       9.566416784198e-04       9.017703224005e+02 
       9.599350381731e-04       9.048043336320e+02 
       9.632383811416e-04       9.078467893511e+02 
       9.665517098101e-04       9.108976835994e+02 
       9.698750263591e-04       9.139570100985e+02 
       9.732083326643e-04       9.170247622501e+02 
       9.765516302963e-04       9.201009331366e+02 
       9.799049205209e-04       9.231855155205e+02 
       9.832682042981e-04       9.262785018451e+02 
       9.866414822830e-04       9.293798842347e+02 
       9.900247548247e-04       9.324896544946e+02 
       9.934180219673e-04       9.356078041118e+02 
       9.968212834491e-04       9.387343242551e+02 
       1.000234538703e-03       9.418692057756e+02 
       1.003657786857e-03       9.450124392072e+02 
       1.007091026734e-03       9.481640147671e+02 
       1.010534256852e-03       9.513239223564e+02 
       1.013987475424e-03       9.544921515607e+02 
       1.017450680358e-03       9.576686916507e+02 
       1.020923869261e-03       9.608535315831e+02 
       1.024407039434e-03       9.640466600011e+02 
       1.027900187875e-03       9.672480652354e+02 
       1.031403311281e-03       9.704577353050e+02 
       1.034916406044e-03       9.736756579178e+02 
       1.038439468259e-03       9.769018204735e+02 
       1.041972493716e-03       9.801362100513e+02 
       1.045515477907e-03       9.833788134479e+02 
       1.049068416024e-03       9.866296171311e+02 
       1.052631302961e-03       9.898886072698e+02 
       1.056204133314e-03       9.931557697281e+02 
       1.059786901381e-03       9.964310900673e+02 
       1.063379601164e-03       9.997145535461e+02 
       1.066982226372e-03       1.003006145123e+03 
       1.070594770417e-03       1.006305849455e+03 
       1.074217226420e-03       1.009613650905e+03 
       1.077849587209e-03       1.012929533536e+03 
       1.081491845321e-03       1.016253481115e+03 
       1.085143993002e-03       1.019585477120e+03 
       1.088806022212e-03       1.022925504731e+03 
       1.092477924622e-03       1.026273546841e+03 
       1.096159691617e-03       1.029629586055e+03 
       1.099851314297e-03       1.032993604686e+03 
       1.103552783479e-03       1.036365584766e+03 
       1.107264089698e-03       1.039745508041e+03 
       1.110985223207e-03       1.043133355976e+03 
       1.114716173982e-03       1.046529109753e+03 
       1.118456931720e-03       1.049932750280e+03 
       1.122207485841e-03       1.053344258184e+03 
       1.125967825492e-03       1.056763613821e+03 
       1.129737939546e-03       1.060190797271e+03 
       1.133517816606e-03       1.063625788345e+03 
       1.137307445005e-03       1.067068566586e+03 
       1.141106812805e-03       1.070519111269e+03 
       1.144915907807e-03       1.073977401405e+03 
       1.148734717543e-03       1.077443415741e+03 
       1.152563229286e-03       1.080917132766e+03 
       1.156401430045e-03       1.084398530713e+03 
       1.160249306574e-03       1.087887587553e+03 
       1.164106845365e-03       1.091384281008e+03 
       1.167974032660e-03       1.094888588546e+03 
       1.171850854445e-03       1.098400487388e+03 
       1.175737296456e-03       1.101919954506e+03 
       1.179633344179e-03       1.105446966629e+03 
       1.183538982854e-03       1.108981500245e+03 
       1.187454197476e-03       1.112523531599e+03 
       1.191378972797e-03       1.116073036702e+03 
       1.195313293328e-03       1.119629991329e+03 
       1.199257143343e-03       1.123194371022e+03 
       1.203210506877e-03       1.126766151094e+03 
       1.207173367733e-03       1.130345306631e+03 
       1.211145709481e-03       1.133931812494e+03 
       1.215127515464e-03       1.137525643320e+03 
       1.219118768793e-03       1.141126773529e+03 
       1.223119452357e-03       1.144735177317e+03 
       1.227129548822e-03       1.148350828682e+03 
       1.231149040634e-03       1.151973701395e+03 
       1.235177910019e-03       1.155603769023e+03 
       1.239216138989e-03       1.159241004925e+03 
       1.243263709341e-03       1.162885382259e+03 
       1.247320602663e-03       1.166536873979e+03 
       1.251386800334e-03       1.170195452842e+03 
       1.255462283527e-03       1.173861091410e+03 
       1.259547033209e-03       1.177533762052e+03 
       1.263641030149e-03       1.181213436943e+03 
       1.267744254916e-03       1.184900088079e+03 
       1.271856687883e-03       1.188593687264e+03 
       1.275978309230e-03       1.192294206123e+03 
       1.280109098943e-03       1.196001616102e+03 
       1.284249036824e-03       1.199715888471e+03 
       1.288398102484e-03       1.203436994325e+03 
       1.292556275354e-03       1.207164904591e+03 
       1.296723534683e-03       1.210899590026e+03 
       1.300899859540e-03       1.214641021224e+03 
       1.305085228821e-03       1.218389168616e+03 
       1.309279621246e-03       1.222144002473e+03 
       1.313483015366e-03       1.225905492913e+03 
       1.317695389564e-03       1.229673609896e+03 
       1.321916722055e-03       1.233448323236e+03 
       1.326146990894e-03       1.237229602595e+03 
       1.330386173974e-03       1.241017417493e+03 
       1.334634249031e-03       1.244811737307e+03 
       1.338891193646e-03       1.248612531276e+03 
       1.343156985247e-03       1.252419768501e+03 
       1.347431601112e-03       1.256233417951e+03 
       1.351715018372e-03       1.260053448463e+03 
       1.356007214014e-03       1.263879828749e+03 
       1.360308164881e-03       1.267712527394e+03 
       1.364617847679e-03       1.271551512862e+03 
       1.368936238974e-03       1.275396753497e+03 
       1.373263315202e-03       1.279248217527e+03 
       1.377599052664e-03       1.283105873070e+03 
       1.381943427533e-03       1.286969688128e+03 
       1.386296415856e-03       1.290839630599e+03 
       1.390657993555e-03       1.294715668275e+03 
       1.395028136432e-03       1.298597768848e+03 
       1.399406820170e-03       1.302485899907e+03 
       1.403794020336e-03       1.306380028948e+03 
       1.408189712382e-03       1.310280123372e+03 
       1.412593871651e-03       1.314186150490e+03 
       1.417006473377e-03       1.318098077524e+03 
       1.421427492688e-03       1.322015871612e+03 
       1.425856904608e-03       1.325939499809e+03 
       1.430294684061e-03       1.329868929090e+03 
       1.434740805873e-03       1.333804126354e+03 
       1.439195244773e-03       1.337745058425e+03 
       1.443657975399e-03       1.341691692057e+03 
       1.448128972296e-03       1.345643993933e+03 
       1.452608209921e-03       1.349601930672e+03 
       1.457095662646e-03       1.353565468830e+03 
       1.461591304759e-03       1.357534574899e+03 
       1.466095110469e-03       1.361509215317e+03 
       1.470607053904e-03       1.365489356465e+03 
       1.475127109116e-03       1.369474964670e+03 
       1.479655250085e-03       1.373466006211e+03 
       1.484191450719e-03       1.377462447319e+03 
       1.488735684857e-03       1.381464254180e+03 
       1.493287926272e-03       1.385471392936e+03 
       1.497848148672e-03       1.389483829692e+03 
       1.502416325704e-03       1.393501530514e+03 
       1.506992430954e-03       1.397524461434e+03 
       1.511576437953e-03       1.401552588451e+03 
       1.516168320175e-03       1.405585877534e+03 
       1.520768051043e-03       1.409624294630e+03 
       1.525375603929e-03       1.413667805644e+03 
       1.529990952156e-03       1.417716376472e+03 
       1.534614069003e-03       1.421769973010e+03 
       1.539244927703e-03       1.425828561103e+03 
       1.543883501450e-03       1.429892106593e+03 
       1.548529763395e-03       1.433960575309e+03 
       1.553183686656e-03       1.438033933071e+03 
       1.557845244314e-03       1.442112145689e+03 
       1.562514409415e-03       1.446195178969e+03 
       1.567191154979e-03       1.450282998710e+03 
       1.571875453992e-03       1.454375570713e+03 
       1.576567279417e-03       1.458472860778e+03 
       1.581266604191e-03       1.462574834708e+03 
       1.585973401227e-03       1.466681458313e+03 
       1.590687643421e-03       1.470792697407e+03 
       1.595409303646e-03       1.474908517818e+03 
       1.600138354762e-03       1.479028885381e+03 
       1.604874769612e-03       1.483153765948e+03 
       1.609618521026e-03       1.487283125385e+03 
       1.614369581826e-03       1.491416929577e+03 
       1.619127924821e-03       1.495555144428e+03 
       1.623893522815e-03       1.499697735864e+03 
       1.628666348608e-03       1.503844669836e+03 
       1.633446374993e-03       1.507995912320e+03 
       1.638233574764e-03       1.512151429319e+03 
       1.643027920715e-03       1.516311186867e+03 
       1.647829385641e-03       1.520475151028e+03 
       1.652637942341e-03       1.524643287902e+03 
       1.657453563618e-03       1.528815563623e+03 
       1.662276222285e-03       1.532991944360e+03 
       1.667105891162e-03       1.537172396325e+03 
       1.671942543078e-03       1.541356885768e+03 
       1.676786150876e-03       1.545545378982e+03 
       1.681636687412e-03       1.549737842304e+03 
       1.686494125558e-03       1.553934242117e+03 
       1.691358438201e-03       1.558134544853e+03 
       1.696229598249e-03       1.562338716992e+03 
       1.701107578628e-03       1.566546725064e+03 
       1.705992352285e-03       1.570758535654e+03 
       1.710883892192e-03       1.574974115384e+03 
       1.715782171344e-03       1.579193430974e+03 
       1.720687162762e-03       1.583416449162e+03 
       1.725598839494e-03       1.587643136757e+03 
       1.730517174618e-03       1.591873460629e+03 
       1.735442141242e-03       1.596107387708e+03 
       1.740373712503e-03       1.600344884988e+03 
       1.745311861574e-03       1.604585919529e+03 
       1.750256561660e-03       1.608830458455e+03 
       1.755207786003e-03       1.613078468957e+03 
       1.760165507881e-03       1.617329918297e+03 
       1.765129700610e-03       1.621584773806e+03 
       1.770100337546e-03       1.625843002884e+03 
       1.775077392083e-03       1.630104573007e+03 
       1.780060837662e-03       1.634369451723e+03 
       1.785050647761e-03       1.638637606656e+03 
       1.790046795905e-03       1.642909005506e+03 
       1.795049255666e-03       1.647183616049e+03 
       1.800058000659e-03       1.651461406142e+03 
       1.805073004548e-03       1.655742343722e+03 
       1.810094241046e-03       1.660026396804e+03 
       1.815121683915e-03       1.664313533488e+03 
       1.820155306968e-03       1.668603721954e+03 
       1.825195084070e-03       1.672896930454e+03 
       1.830240989138e-03       1.677193127372e+03 
       1.835292996144e-03       1.681492281129e+03 
       1.840351079114e-03       1.685794360250e+03 
       1.845415212130e-03       1.690099333349e+03 
       1.850485369330e-03       1.694407169128e+03 
       1.855561524910e-03       1.698717836379e+03 
       1.860643653126e-03       1.703031303986e+03 
       1.865731728291e-03       1.707347540926e+03 
       1.870825724779e-03       1.711666516254e+03 
       1.875925617027e-03       1.715988199152e+03 
       1.881031379530e-03       1.720312558868e+03 
       1.886142986851e-03       1.724639564752e+03 
       1.891260413611e-03       1.728969186253e+03 
       1.896383634500e-03       1.733301392914e+03 
       1.901512624271e-03       1.737636154378e+03 
       1.906647357743e-03       1.741973440385e+03 
       1.911787809801e-03       1.746313220773e+03 
       1.916933955399e-03       1.750655465481e+03 
       1.922085769557e-03       1.755000144549e+03 
       1.927243227366e-03       1.759347228117e+03 
       1.932406303985e-03       1.763696686426e+03 
       1.937574974643e-03       1.768048489820e+03 
       1.942749214639e-03       1.772402608745e+03 
       1.947928999346e-03       1.776759013753e+03 
       1.953114304205e-03       1.781117675498e+03 
       1.958305104733e-03       1.785478564737e+03 
       1.963501376518e-03       1.789841652334e+03 
       1.968703095223e-03       1.794206909259e+03 
       1.973910236583e-03       1.798574306587e+03 
       1.979122776410e-03       1.802943815500e+03 
       1.984340690589e-03       1.807315407287e+03 
       1.989563955084e-03       1.811689053342e+03 
       1.994792545931e-03       1.816064725172e+03 
       2.000026439246e-03       1.820442394387e+03 
       2.005265611220e-03       1.824822032708e+03 
       2.010510038123e-03       1.829203611966e+03 
       2.015759696302e-03       1.833587104100e+03 
       2.021014562183e-03       1.837972481158e+03 
       2.026274612270e-03       1.842359715299e+03 
       2.031539823148e-03       1.846748778793e+03 
       2.036810171479e-03       1.851139644020e+03 
       2.042085634007e-03       1.855532283471e+03 
       2.047366187556e-03       1.859926669748e+03 
       2.052651809028e-03       1.864322775565e+03 
       2.057942475410e-03       1.868720573747e+03 
       2.063238163768e-03       1.873120037231e+03 
       2.068538851250e-03       1.877521139068e+03 
       2.073844515085e-03       1.881923852420e+03 
       2.079155132586e-03       1.886328150560e+03 
       2.084470681146e-03       1.890734006877e+03 
       2.089791138243e-03       1.895141394871e+03 
       2.095116481436e-03       1.899550288156e+03 
       2.100446688368e-03       1.903960660458e+03 
       2.105781736766e-03       1.908372485617e+03 
       2.111121604439e-03       1.912785737587e+03 
       2.116466269281e-03       1.917200390436e+03 
       2.121815709270e-03       1.921616418344e+03 
       2.127169902466e-03       1.926033795606e+03 
       2.132528827017e-03       1.930452496630e+03 
       2.137892461152e-03       1.934872495955e+03 
       2.143260783186e-03       1.939293768132e+03 
       2.148633771520e-03       1.943716288038e+03 
       2.154011404637e-03       1.948140030481e+03 
       2.159393661108e-03       1.952564970441e+03 
       2.164780519586e-03       1.956991083011e+03 
       2.170171958813e-03       1.961418343398e+03 
       2.175567957613e-03       1.965846726924e+03 
       2.180968494896e-03       1.970276209025e+03 
       2.186373549659e-03       1.974706765249e+03 
       2.191783100984e-03       1.979138371262e+03 
       2.197197128036e-03       1.983571002840e+03 
       2.202615610070e-03       1.988004635876e+03 
       2.208038526423e-03       1.992439246374e+03 
       2.213465856520e-03       1.996874810456e+03 
       2.218897579870e-03       2.001311304353e+03 
       2.224333676068e-03       2.005748704414e+03 
       2.229774124797e-03       2.010186987099e+03 
       2.235218905823e-03       2.014626128983e+03 
       2.240667998999e-03       2.019066106753e+03 
       2.246121384263e-03       2.023506897210e+03 
       2.251579041641e-03       2.027948477269e+03 
       2.257040951240e-03       2.032390823957e+03 
       2.262507093258e-03       2.036833914416e+03 
       2.267977447975e-03       2.041277725896e+03 
       2.273451995758e-03       2.045722235766e+03 
       2.278930717059e-03       2.050167421503e+03 
       2.284413592415e-03       2.054613260698e+03 
       2.289900602451e-03       2.059059731054e+03 
       2.295391727874e-03       2.063506810387e+03 
       2.300886949478e-03       2.067954476622e+03 
       2.306386248141e-03       2.072402707800e+03 
       2.311889604827e-03       2.076851482070e+03 
       2.317397000586e-03       2.081300777694e+03 
       2.322908416549e-03       2.085750573044e+03 
       2.328423833937e-03       2.090200846604e+03 
       2.333943234051e-03       2.094651576968e+03 
       2.339466598279e-03       2.099102742841e+03 
       2.344993908093e-03       2.103554323038e+03 
       2.350525145049e-03       2.108006296484e+03 
       2.356060290788e-03       2.112458642214e+03 
       2.361599327032e-03       2.116911339373e+03 
       2.367142235591e-03       2.121364367214e+03 
       2.372688998356e-03       2.125817705100e+03 
       2.378239597302e-03       2.130271332504e+03 
       2.383794014488e-03       2.134725229006e+03 
       2.389352232056e-03       2.139179374303e+03 
       2.394914232230e-03       2.143633748133e+03 
       2.400479997318e-03       2.148088294157e+03 
       2.406049509712e-03       2.152543027344e+03 
       2.411622751883e-03       2.156997929066e+03 
       2.417199706387e-03       2.161452979608e+03 
       2.422780355862e-03       2.165908159298e+03 
       2.428364683028e-03       2.170363448575e+03 
       2.433952670685e-03       2.174818827907e+03 
       2.439544301716e-03       2.179274278057e+03 
       2.445139559085e-03       2.183729779745e+03 
       2.450738425839e-03       2.188185313788e+03 
       2.456340885103e-03       2.192640861224e+03 
       2.461946920084e-03       2.197096403056e+03 
       2.467556514071e-03       2.201551920511e+03 
       2.473169650431e-03       2.206007394868e+03 
       2.478786312612e-03       2.210462807507e+03 
       2.484406484142e-03       2.214918139854e+03 
       2.490030148630e-03       2.219373373593e+03 
       2.495657289761e-03       2.223828490386e+03 
       2.501287891304e-03       2.228283471994e+03 
       2.506921937102e-03       2.232738300371e+03 
       2.512559411080e-03       2.237192957503e+03 
       2.518200297240e-03       2.241647425423e+03 
       2.523844579663e-03       2.246101686418e+03 
       2.529492242509e-03       2.250555722784e+03 
       2.535143270013e-03       2.255009516923e+03 
       2.540797646490e-03       2.259463051243e+03 
       2.546455356331e-03       2.263916308490e+03 
       2.552116384005e-03       2.268369271318e+03 
       2.557780714056e-03       2.272821922479e+03 
       2.563448331107e-03       2.277274244955e+03 
       2.569119219856e-03       2.281726221671e+03 
       2.574793365075e-03       2.286177835794e+03 
       2.580470751616e-03       2.290629070484e+03 
       2.586151364403e-03       2.295079909017e+03 
       2.591835188437e-03       2.299530334835e+03 
       2.597522208793e-03       2.303980331382e+03 
       2.603212410621e-03       2.308429882279e+03 
       2.608905779145e-03       2.312878971155e+03 
       2.614602299665e-03       2.317327581809e+03 
       2.620301957552e-03       2.321775698141e+03 
       2.626004738252e-03       2.326223304099e+03 
       2.631710627286e-03       2.330670383751e+03 
       2.637419610245e-03       2.335116921135e+03 
       2.643131672795e-03       2.339562900665e+03 
       2.648846800673e-03       2.344008306619e+03 
       2.654564979689e-03       2.348453123433e+03 
       2.660286195726e-03       2.352897335638e+03 
       2.666010434736e-03       2.357340927770e+03 
       2.671737682745e-03       2.361783884662e+03 
       2.677467925849e-03       2.366226191071e+03 
       2.683201150214e-03       2.370667831898e+03 
       2.688937342078e-03       2.375108792009e+03 
       2.694676487749e-03       2.379549056653e+03 
       2.700418573604e-03       2.383988610896e+03 
       2.706163586090e-03       2.388427440036e+03 
       2.711911511725e-03       2.392865529405e+03 
       2.717662337094e-03       2.397302864327e+03 
       2.723416048851e-03       2.401739430478e+03 
       2.729172633720e-03       2.406175213407e+03 
       2.734932078492e-03       2.410610198762e+03 
       2.740694370027e-03       2.415044372393e+03 
       2.746459495251e-03       2.419477720148e+03 
       2.752227441160e-03       2.423910227912e+03 
       2.757998194814e-03       2.428341881830e+03 
       2.763771743342e-03       2.432772667954e+03 
       2.769548073938e-03       2.437202572549e+03 
       2.775327173865e-03       2.441631581897e+03 
       2.781109030449e-03       2.446059682260e+03 
       2.786893631082e-03       2.450486860279e+03 
       2.792680963223e-03       2.454913102433e+03 
       2.798471014395e-03       2.459338395306e+03 
       2.804263772185e-03       2.463762725684e+03 
       2.810059224246e-03       2.468186080338e+03 
       2.815857358296e-03       2.472608446079e+03 
       2.821658162113e-03       2.477029809970e+03 
       2.827461623542e-03       2.481450158978e+03 
       2.833267730491e-03       2.485869480278e+03 
       2.839076470931e-03       2.490287761058e+03 
       2.844887832894e-03       2.494704988479e+03 
       2.850701804476e-03       2.499121150081e+03 
       2.856518373835e-03       2.503536233238e+03 
       2.862337529190e-03       2.507950225415e+03 
       2.868159258825e-03       2.512363114288e+03 
       2.873983551079e-03       2.516774887507e+03 
       2.879810394359e-03       2.521185532751e+03 
       2.885639777128e-03       2.525595037964e+03 
       2.891471687910e-03       2.530003390973e+03 
       2.897306115292e-03       2.534410579816e+03 
       2.903143047917e-03       2.538816592541e+03 
       2.908982474491e-03       2.543221417153e+03 
       2.914824383777e-03       2.547625042052e+03 
       2.920668764598e-03       2.552027455453e+03 
       2.926515605836e-03       2.556428645659e+03 
       2.932364896431e-03       2.560828601184e+03 
       2.938216625380e-03       2.565227310510e+03 
       2.944070781741e-03       2.569624762140e+03 
       2.949927354626e-03       2.574020944843e+03 
       2.955786333207e-03       2.578415847264e+03 
       2.961647706712e-03       2.582809458258e+03 
       2.967511464426e-03       2.587201766678e+03 
       2.973377595690e-03       2.591592761336e+03 
       2.979246089901e-03       2.595982431439e+03 
       2.985116936513e-03       2.600370765992e+03 
       2.990990125034e-03       2.604757754096e+03 
       2.996865645031e-03       2.609143385050e+03 
       3.002743486121e-03       2.613527648123e+03 
       3.008623637979e-03       2.617910532708e+03 
       3.014506090335e-03       2.622292028018e+03 
       3.020390832971e-03       2.626672123804e+03 
       3.026277855725e-03       2.631050809574e+03 
       3.032167148487e-03       2.635428074946e+03 
       3.038058701201e-03       2.639803909502e+03 
       3.043952503866e-03       2.644178303186e+03 
       3.049848546532e-03       2.648551245764e+03 
       3.055746819301e-03       2.652922727140e+03 
       3.061647312329e-03       2.657292737193e+03 
       3.067550015823e-03       2.661661266085e+03 
       3.073454920044e-03       2.666028303867e+03 
       3.079362015301e-03       2.670393840585e+03 
       3.085271291958e-03       2.674757866608e+03 
       3.091182740426e-03       2.679120372199e+03 
       3.097096351171e-03       2.683481347697e+03 
       3.103012114707e-03       2.687840783526e+03 
       3.108930021598e-03       2.692198669990e+03 
       3.114850062460e-03       2.696554997894e+03 
       3.120772227956e-03       2.700909757736e+03 
       3.126696508801e-03       2.705262940114e+03 
       3.132622895758e-03       2.709614535858e+03 
       3.138551379639e-03       2.713964535717e+03 
       3.144481951305e-03       2.718312930542e+03 
       3.150414601665e-03       2.722659711109e+03 
       3.156349321677e-03       2.727004868562e+03 
       3.162286102345e-03       2.731348393901e+03 
       3.168224934723e-03       2.735690278193e+03 
       3.174165809911e-03       2.740030512659e+03 
       3.180108719058e-03       2.744369088112e+03 
       3.186053653356e-03       2.748705996318e+03 
       3.192000604049e-03       2.753041228414e+03 
       3.197949562423e-03       2.757374775759e+03 
       3.203900519811e-03       2.761706629717e+03 
       3.209853467595e-03       2.766036781944e+03 
       3.215808397199e-03       2.770365223866e+03 
       3.221765300095e-03       2.774691947178e+03 
       3.227724167797e-03       2.779016943517e+03 
       3.233684991868e-03       2.783340204441e+03 
       3.239647763913e-03       2.787661721977e+03 
       3.245612475583e-03       2.791981487854e+03 
       3.251579118571e-03       2.796299493972e+03 
       3.257547684617e-03       2.800615732147e+03 
       3.263518165502e-03       2.804930194560e+03 
       3.269490553053e-03       2.809242873194e+03 
       3.275464839138e-03       2.813553760009e+03 
       3.281441015669e-03       2.817862847346e+03 
       3.287419074602e-03       2.822170127382e+03 
       3.293399007934e-03       2.826475592361e+03 
       3.299380807705e-03       2.830779234610e+03 
       3.305364465997e-03       2.835081046286e+03 
       3.311349974933e-03       2.839381020126e+03 
       3.317337326681e-03       2.843679148479e+03 
       3.323326513445e-03       2.847975423786e+03 
       3.329317527475e-03       2.852269838739e+03 
       3.335310361061e-03       2.856562385922e+03 
       3.341305006531e-03       2.860853058019e+03 
       3.347301456257e-03       2.865141847586e+03 
       3.353299702650e-03       2.869428747613e+03 
       3.359299738160e-03       2.873713750889e+03 
       3.365301555279e-03       2.877996850265e+03 
       3.371305146537e-03       2.882278038674e+03 
       3.377310504504e-03       2.886557308863e+03 
       3.383317621790e-03       2.890834654201e+03 
       3.389326491042e-03       2.895110067617e+03 
       3.395337104948e-03       2.899383542145e+03 
       3.401349456234e-03       2.903655071082e+03 
       3.407363537663e-03       2.907924647588e+03 
       3.413379342038e-03       2.912192264934e+03 
       3.419396862199e-03       2.916457916255e+03 
       3.425416091024e-03       2.920721595129e+03 
       3.431437021428e-03       2.924983294911e+03 
       3.437459646364e-03       2.929243009023e+03 
       3.443483958823e-03       2.933500730972e+03 
       3.449509951831e-03       2.937756454077e+03 
       3.455537618451e-03       2.942010172253e+03 
       3.461566951783e-03       2.946261878993e+03 
       3.467597944965e-03       2.950511567982e+03 
       3.473630591168e-03       2.954759232803e+03 
       3.479664883601e-03       2.959004867423e+03 
       3.485700815508e-03       2.963248465572e+03 
       3.491738380168e-03       2.967490020952e+03 
       3.497777570897e-03       2.971729527693e+03 
       3.503818381045e-03       2.975966979570e+03 
       3.509860803996e-03       2.980202370669e+03 
       3.515904833171e-03       2.984435694979e+03 
       3.521950462022e-03       2.988666946383e+03 
       3.527997684040e-03       2.992896119266e+03 
       3.534046492747e-03       2.997123207674e+03 
       3.540096881699e-03       3.001348205800e+03 
       3.546148844487e-03       3.005571107771e+03 
       3.552202374735e-03       3.009791908029e+03 
       3.558257466100e-03       3.014010600831e+03 
       3.564314112274e-03       3.018227180542e+03 
       3.570372306978e-03       3.022441641359e+03 
       3.576432043972e-03       3.026653977988e+03 
       3.582493317042e-03       3.030864184856e+03 
       3.588556120011e-03       3.035072256454e+03 
       3.594620446733e-03       3.039278187350e+03 
       3.600686291094e-03       3.043481971917e+03 
       3.606753647012e-03       3.047683605148e+03 
       3.612822508436e-03       3.051883081575e+03 
       3.618892869348e-03       3.056080395920e+03 
       3.624964723760e-03       3.060275542813e+03 
       3.631038065717e-03       3.064468517246e+03 
       3.637112889293e-03       3.068659313973e+03 
       3.643189188594e-03       3.072847927833e+03 
       3.649266957757e-03       3.077034353634e+03 
       3.655346190949e-03       3.081218586497e+03 
       3.661426882367e-03       3.085400621384e+03 
       3.667509026239e-03       3.089580453286e+03 
       3.673592616822e-03       3.093758077271e+03 
       3.679677648403e-03       3.097933488169e+03 
       3.685764115301e-03       3.102106681517e+03 
       3.691852011862e-03       3.106277652317e+03 
       3.697941332461e-03       3.110446395779e+03 
       3.704032071503e-03       3.114612906993e+03 
       3.710124223424e-03       3.118777181462e+03 
       3.716217782686e-03       3.122939214408e+03 
       3.722312743781e-03       3.127099001019e+03 
       3.728409101230e-03       3.131256536924e+03 
       3.734506849580e-03       3.135411817372e+03 
       3.740605983409e-03       3.139564837913e+03 
       3.746706497322e-03       3.143715593995e+03 
       3.752808385951e-03       3.147864081148e+03 
       3.758911643958e-03       3.152010294626e+03 
       3.765016266030e-03       3.156154230479e+03 
       3.771122246883e-03       3.160295884136e+03 
       3.777229581261e-03       3.164435251255e+03 
       3.783338263932e-03       3.168572327362e+03 
       3.789448289695e-03       3.172707108431e+03 
       3.795559653372e-03       3.176839590114e+03 
       3.801672349815e-03       3.180969768022e+03 
       3.807786373900e-03       3.185097638248e+03 
       3.813901720531e-03       3.189223196424e+03 
       3.820018384638e-03       3.193346438592e+03 
       3.826136361176e-03       3.197467360597e+03 
       3.832255645127e-03       3.201585958387e+03 
       3.838376231498e-03       3.205702227945e+03 
       3.844498115322e-03       3.209816165292e+03 
       3.850621291658e-03       3.213927766056e+03 
       3.856745755590e-03       3.218037026951e+03 
       3.862871502227e-03       3.222143943806e+03 
       3.868998526704e-03       3.226248512752e+03 
       3.875126824178e-03       3.230350729951e+03 
       3.881256389835e-03       3.234450591600e+03 
       3.887387218883e-03       3.238548093715e+03 
       3.893519306555e-03       3.242643232871e+03 
       3.899652648108e-03       3.246736005212e+03 
       3.905787238824e-03       3.250826407050e+03 
       3.911923074010e-03       3.254914434729e+03 
       3.918060148994e-03       3.259000084634e+03 
       3.924198459130e-03       3.263083352795e+03 
       3.930337999796e-03       3.267164236216e+03 
       3.936478766393e-03       3.271242731046e+03 
       3.942620754345e-03       3.275318833868e+03 
       3.948763959099e-03       3.279392541152e+03 
       3.954908376127e-03       3.283463849443e+03 
       3.961054000921e-03       3.287532755330e+03 
       3.967200829000e-03       3.291599255003e+03 
       3.973348855903e-03       3.295663345712e+03 
       3.979498077191e-03       3.299725023846e+03 
       3.985648488450e-03       3.303784286084e+03 
       3.991800085286e-03       3.307841128960e+03 
       3.997952863330e-03       3.311895549481e+03 
       4.004106818232e-03       3.315947544291e+03 
       4.010261945667e-03       3.319997110182e+03 
       4.016418241330e-03       3.324044243709e+03 
       4.022575700938e-03       3.328088942137e+03 
       4.028734320230e-03       3.332131202017e+03 
       4.034894094967e-03       3.336171020431e+03 
       4.041055020931e-03       3.340208394222e+03 
       4.047217093925e-03       3.344243320342e+03 
       4.053380309774e-03       3.348275795409e+03 
       4.059544664323e-03       3.352305816965e+03 
       4.065710153438e-03       3.356333381794e+03 
       4.071876773007e-03       3.360358486941e+03 
       4.078044518939e-03       3.364381129323e+03 
       4.084213387161e-03       3.368401306269e+03 
       4.090383373623e-03       3.372419014795e+03 
       4.096554474294e-03       3.376434252047e+03 
       4.102726685165e-03       3.380447014953e+03 
       4.108900002244e-03       3.384457301119e+03 
       4.115074421563e-03       3.388465107461e+03 
       4.121249939170e-03       3.392470431360e+03 
       4.127426551136e-03       3.396473270029e+03 
       4.133604253551e-03       3.400473620756e+03 
       4.139783042522e-03       3.404471480861e+03 
       4.145962914179e-03       3.408466847260e+03 
       4.152143864669e-03       3.412459717971e+03 
       4.158325890160e-03       3.416450090087e+03 
       4.164508986838e-03       3.420437961012e+03 
       4.170693150909e-03       3.424423327989e+03 
       4.176878378596e-03       3.428406188752e+03 
       4.183064666143e-03       3.432386540648e+03 
       4.189252009811e-03       3.436364381172e+03 
       4.195440405882e-03       3.440339707584e+03 
       4.201629850655e-03       3.444312517829e+03 
       4.207820340446e-03       3.448282809197e+03 
       4.214011871593e-03       3.452250579410e+03 
       4.220204440448e-03       3.456215826008e+03 
       4.226398043385e-03       3.460178546621e+03 
       4.232592676793e-03       3.464138738537e+03 
       4.238788337081e-03       3.468096400042e+03 
       4.244985020674e-03       3.472051528488e+03 
       4.251182724017e-03       3.476004121621e+03 
       4.257381443571e-03       3.479954177176e+03 
       4.263581175814e-03       3.483901692693e+03 
       4.269781917244e-03       3.487846666269e+03 
       4.275983664374e-03       3.491789095555e+03 
       4.282186413734e-03       3.495728978371e+03 
       4.288390161874e-03       3.499666312265e+03 
       4.294594905358e-03       3.503601095543e+03 
       4.300800640768e-03       3.507533325777e+03 
       4.307007364704e-03       3.511463001020e+03 
       4.313215073781e-03       3.515390119115e+03 
       4.319423764632e-03       3.519314678002e+03 
       4.325633433906e-03       3.523236675698e+03 
       4.331844078268e-03       3.527156109490e+03 
       4.338055694401e-03       3.531072978359e+03 
       4.344268279003e-03       3.534987279904e+03 
       4.350481828788e-03       3.538899012156e+03 
       4.356696340488e-03       3.542808172953e+03 
       4.362911810849e-03       3.546714760690e+03 
       4.369128236633e-03       3.550618773313e+03 
       4.375345614621e-03       3.554520208931e+03 
       4.381563941605e-03       3.558419065389e+03 
       4.387783214397e-03       3.562315341267e+03 
       4.394003429822e-03       3.566209034441e+03 
       4.400224584721e-03       3.570100143237e+03 
       4.406446675952e-03       3.573988665784e+03 
       4.412669700386e-03       3.577874600297e+03 
       4.418893654911e-03       3.581757945016e+03 
       4.425118536430e-03       3.585638697736e+03 
       4.431344341860e-03       3.589516857458e+03 
       4.437571068134e-03       3.593392422144e+03 
       4.443798712201e-03       3.597265390096e+03 
       4.450027271023e-03       3.601135759633e+03 
       4.456256741576e-03       3.605003528841e+03 
       4.462487120855e-03       3.608868696485e+03 
       4.468718405865e-03       3.612731260755e+03 
       4.474950593627e-03       3.616591220046e+03 
       4.481183681179e-03       3.620448572425e+03 
       4.487417665569e-03       3.624303316861e+03 
       4.493652543863e-03       3.628155451437e+03 
       4.499888313139e-03       3.632004974788e+03 
       4.506124970491e-03       3.635851885306e+03 
       4.512362513025e-03       3.639696181483e+03 
       4.518600937864e-03       3.643537861834e+03 
       4.524840242141e-03       3.647376924347e+03 
       4.531080423006e-03       3.651213368409e+03 
       4.537321477621e-03       3.655047192201e+03 
       4.543563403164e-03       3.658878394293e+03 
       4.549806196823e-03       3.662706973348e+03 
       4.556049855803e-03       3.666532927433e+03 
       4.562294377322e-03       3.670356255871e+03 
       4.568539758608e-03       3.674176957009e+03 
       4.574785996908e-03       3.677995029500e+03 
       4.581033089477e-03       3.681810471645e+03 
       4.587281033586e-03       3.685623282697e+03 
       4.593529826518e-03       3.689433460975e+03 
       4.599779465571e-03       3.693241005374e+03 
       4.606029948055e-03       3.697045914530e+03 
       4.612281271290e-03       3.700848187179e+03 
       4.618533432614e-03       3.704647822078e+03 
       4.624786429374e-03       3.708444817470e+03 
       4.631040258931e-03       3.712239172982e+03 
       4.637294918658e-03       3.716030887034e+03 
       4.643550405943e-03       3.719819958431e+03 
       4.649806718183e-03       3.723606385997e+03 
       4.656063852791e-03       3.727390168286e+03 
       4.662321807188e-03       3.731171304601e+03 
       4.668580578812e-03       3.734949793609e+03 
       4.674840165110e-03       3.738725634186e+03 
       4.681100563543e-03       3.742498824893e+03 
       4.687361771583e-03       3.746269365274e+03 
       4.693623786714e-03       3.750037253859e+03 
       4.699886606434e-03       3.753802489652e+03 
       4.706150228250e-03       3.757565070984e+03 
       4.712414649683e-03       3.761324997818e+03 
       4.718679868265e-03       3.765082268688e+03 
       4.724945881540e-03       3.768836882582e+03 
       4.731212687063e-03       3.772588838242e+03 
       4.737480282402e-03       3.776338135082e+03 
       4.743748665135e-03       3.780084771950e+03 
       4.750017832853e-03       3.783828747886e+03 
       4.756287783157e-03       3.787570062095e+03 
       4.762558513660e-03       3.791308712737e+03 
       4.768830021987e-03       3.795044700078e+03 
       4.775102305772e-03       3.798778022568e+03 
       4.781375362664e-03       3.802508679567e+03 
       4.787649190320e-03       3.806236670077e+03 
       4.793923786409e-03       3.809961993227e+03 
       4.800199148611e-03       3.813684647647e+03 
       4.806475274617e-03       3.817404633307e+03 
       4.812752162130e-03       3.821121949006e+03 
       4.819029808861e-03       3.824836593916e+03 
       4.825308212534e-03       3.828548567223e+03 
       4.831587370885e-03       3.832257867830e+03 
       4.837867281657e-03       3.835964495414e+03 
       4.844147942607e-03       3.839668448990e+03 
       4.850429351501e-03       3.843369727793e+03 
       4.856711506114e-03       3.847068330705e+03 
       4.862994404236e-03       3.850764257566e+03 
       4.869278043663e-03       3.854457507261e+03 
       4.875562422202e-03       3.858148079262e+03 
       4.881847537674e-03       3.861835972769e+03 
       4.888133387905e-03       3.865521187082e+03 
       4.894419970734e-03       3.869203721518e+03 
       4.900707284011e-03       3.872883574836e+03 
       4.906995325595e-03       3.876560747287e+03 
       4.913284093353e-03       3.880235237810e+03 
       4.919573585166e-03       3.883907045755e+03 
       4.925863798922e-03       3.887576170488e+03 
       4.932154732520e-03       3.891242611067e+03 
       4.938446383867e-03       3.894906367393e+03 
       4.944738750884e-03       3.898567438640e+03 
       4.951031831497e-03       3.902225824216e+03 
       4.957325623645e-03       3.905881523144e+03 
       4.963620125275e-03       3.909534535494e+03 
       4.969915334343e-03       3.913184860291e+03 
       4.976211248817e-03       3.916832497195e+03 
       4.982507866672e-03       3.920477445569e+03 
       4.988805185893e-03       3.924119704878e+03 
       4.995103204476e-03       3.927759274608e+03 
       5.001401920424e-03       3.931396153664e+03 
       5.007701331752e-03       3.935030342511e+03 
       5.014001436480e-03       3.938661840228e+03 
       5.020302232642e-03       3.942290646328e+03 
       5.026603718278e-03       3.945916760340e+03 
       5.032905891439e-03       3.949540181480e+03 
       5.039208750183e-03       3.953160909825e+03 
       5.045512292578e-03       3.956778944699e+03 
       5.051816516702e-03       3.960394285669e+03 
       5.058121420641e-03       3.964006931869e+03 
       5.064427002489e-03       3.967616883675e+03 
       5.070733260349e-03       3.971224140174e+03 
       5.077040192336e-03       3.974828701077e+03 
       5.083347796569e-03       3.978430566049e+03 
       5.089656071179e-03       3.982029734661e+03 
       5.095965014303e-03       3.985626206552e+03 
       5.102274624090e-03       3.989219980796e+03 
       5.108584898695e-03       3.992811057983e+03 
       5.114895836281e-03       3.996399437351e+03 
       5.121207435023e-03       3.999985118563e+03 
       5.127519693100e-03       4.003568101297e+03 
       5.133832608702e-03       4.007148384936e+03 
       5.140146180027e-03       4.010725969673e+03 
       5.146460405281e-03       4.014300854988e+03 
       5.152775282679e-03       4.017873040592e+03 
       5.159090810442e-03       4.021442526211e+03 
       5.165406986803e-03       4.025009311064e+03 
       5.171723809999e-03       4.028573395742e+03 
       5.178041278277e-03       4.032134779441e+03 
       5.184359389894e-03       4.035693462192e+03 
       5.190678143110e-03       4.039249443629e+03 
       5.196997536199e-03       4.042802723533e+03 
       5.203317567438e-03       4.046353301699e+03 
       5.209638235115e-03       4.049901177190e+03 
       5.215959537524e-03       4.053446350992e+03 
       5.222281472967e-03       4.056988822377e+03 
       5.228604039756e-03       4.060528591159e+03 
       5.234927236207e-03       4.064065657167e+03 
       5.241251060647e-03       4.067600019852e+03 
       5.247575511409e-03       4.071131679667e+03 
       5.253900586835e-03       4.074660636180e+03 
       5.260226285271e-03       4.078186889248e+03 
       5.266552605076e-03       4.081710438909e+03 
       5.272879544612e-03       4.085231283929e+03 
       5.279207102250e-03       4.088749425716e+03 
       5.285535276369e-03       4.092264863259e+03 
       5.291864065355e-03       4.095777596857e+03 
       5.298193467601e-03       4.099287626240e+03 
       5.304523481508e-03       4.102794951323e+03 
       5.310854105484e-03       4.106299572033e+03 
       5.317185337943e-03       4.109801487466e+03 
       5.323517177309e-03       4.113300698914e+03 
       5.329849622010e-03       4.116797205711e+03 
       5.336182670484e-03       4.120291007803e+03 
       5.342516321174e-03       4.123782105149e+03 
       5.348850572531e-03       4.127270497287e+03 
       5.355185423012e-03       4.130756184871e+03 
       5.361520871084e-03       4.134239167569e+03 
       5.367856915217e-03       4.137719445369e+03 
       5.374193553891e-03       4.141197017905e+03 
       5.380530785591e-03       4.144671885615e+03 
       5.386868608810e-03       4.148144048532e+03 
       5.393207022047e-03       4.151613506220e+03 
       5.399546023809e-03       4.155080259162e+03 
       5.405885612608e-03       4.158544307190e+03 
       5.412225786964e-03       4.162005650340e+03 
       5.418566545404e-03       4.165464288664e+03 
       5.424907886460e-03       4.168920221348e+03 
       5.431249808673e-03       4.172373449864e+03 
       5.437592310589e-03       4.175823973642e+03 
       5.443935390760e-03       4.179271792746e+03 
       5.450279047746e-03       4.182716907253e+03 
       5.456623280113e-03       4.186159316819e+03 
       5.462968086434e-03       4.189599022223e+03 
       5.469313465287e-03       4.193036023248e+03 
       5.475659415258e-03       4.196470319998e+03 
       5.482005934938e-03       4.199901912589e+03 
       5.488353022925e-03       4.203330800484e+03 
       5.494700677824e-03       4.206756984881e+03 
       5.501048898245e-03       4.210180465223e+03 
       5.507397682805e-03       4.213601241972e+03 
       5.513747030128e-03       4.217019315118e+03 
       5.520096938842e-03       4.220434684810e+03 
       5.526447407583e-03       4.223847351206e+03 
       5.532798434993e-03       4.227257313652e+03 
       5.539150019720e-03       4.230664573667e+03 
       5.545502160417e-03       4.234069130814e+03 
       5.551854855745e-03       4.237470985265e+03 
       5.558208104368e-03       4.240870137204e+03 
       5.564561904960e-03       4.244266586426e+03 
       5.570916256197e-03       4.247660333773e+03 
       5.577271156764e-03       4.251051379156e+03 
       5.583626605351e-03       4.254439722778e+03 
       5.589982600653e-03       4.257825364857e+03 
       5.596339141371e-03       4.261208305036e+03 
       5.602696226213e-03       4.264588544508e+03 
       5.609053853892e-03       4.267966083189e+03 
       5.615412023127e-03       4.271340920598e+03 
       5.621770732642e-03       4.274713057924e+03 
       5.628129981168e-03       4.278082495027e+03 
       5.634489767440e-03       4.281449232155e+03 
       5.640850090201e-03       4.284813269567e+03 
       5.647210948197e-03       4.288174607531e+03 
       5.653572340182e-03       4.291533246326e+03 
       5.659934264913e-03       4.294889186255e+03 
       5.666296721156e-03       4.298242426112e+03 
       5.672659707679e-03       4.301592968678e+03 
       5.679023223258e-03       4.304940813132e+03 
       5.685387266673e-03       4.308285959763e+03 
       5.691751836711e-03       4.311628408871e+03 
       5.698116932162e-03       4.314968160760e+03 
       5.704482551823e-03       4.318305215747e+03 
       5.710848694497e-03       4.321639574159e+03 
       5.717215358991e-03       4.324971235595e+03 
       5.723582544118e-03       4.328300201601e+03 
       5.729950248697e-03       4.331626471963e+03 
       5.736318471550e-03       4.334950047017e+03 
       5.742687211506e-03       4.338270927108e+03 
       5.749056467400e-03       4.341589112590e+03 
       5.755426238070e-03       4.344904603828e+03 
       5.761796522361e-03       4.348217400134e+03 
       5.768167319122e-03       4.351527503870e+03 
       5.774538627208e-03       4.354834914235e+03 
       5.780910445478e-03       4.358139631768e+03 
       5.787282772797e-03       4.361441656616e+03 
       5.793655608036e-03       4.364740989554e+03 
       5.800028950068e-03       4.368037630794e+03 
       5.806402797774e-03       4.371331580731e+03 
       5.812777150039e-03       4.374622839772e+03 
       5.819152005752e-03       4.377911408320e+03 
       5.825527363808e-03       4.381197285767e+03 
       5.831903223107e-03       4.384480474296e+03 
       5.838279582554e-03       4.387760973522e+03 
       5.844656441058e-03       4.391038783867e+03 
       5.851033797532e-03       4.394313905762e+03 
       5.857411650898e-03       4.397586339429e+03 
       5.863790000077e-03       4.400856085372e+03 
       5.870168843999e-03       4.404123144383e+03 
       5.876548181598e-03       4.407387516674e+03 
       5.882928011812e-03       4.410649202701e+03 
       5.889308333584e-03       4.413908202929e+03 
       5.895689145860e-03       4.417164517049e+03 
       5.902070447595e-03       4.420418146850e+03 
       5.908452237744e-03       4.423669091973e+03 
       5.914834515269e-03       4.426917353288e+03 
       5.921217279137e-03       4.430162931090e+03 
       5.927600528318e-03       4.433405825863e+03 
       5.933984261787e-03       4.436646038103e+03 
       5.940368478526e-03       4.439883568317e+03 
       5.946753177517e-03       4.443118415987e+03 
       5.953138357750e-03       4.446350583345e+03 
       5.959524018219e-03       4.449580070112e+03 
       5.965910157921e-03       4.452806876793e+03 
       5.972296775859e-03       4.456031003908e+03 
       5.978683871040e-03       4.459252451982e+03 
       5.985071442474e-03       4.462471220995e+03 
       5.991459489178e-03       4.465687312390e+03 
       5.997848010171e-03       4.468900726281e+03 
       6.004237004478e-03       4.472111463204e+03 
       6.010626471127e-03       4.475319523706e+03 
       6.017016409151e-03       4.478524908628e+03 
       6.023406817588e-03       4.481727616773e+03 
       6.029797695479e-03       4.484927651069e+03 
       6.036189041869e-03       4.488125010842e+03 
       6.042580855810e-03       4.491319697086e+03 
       6.048973136354e-03       4.494511710168e+03 
       6.055365882561e-03       4.497701050662e+03 
       6.061759093492e-03       4.500887719144e+03 
       6.068152768216e-03       4.504071716199e+03 
       6.074546905801e-03       4.507253041280e+03 
       6.080941505325e-03       4.510431696894e+03 
       6.087336565865e-03       4.513607682762e+03 
       6.093732086504e-03       4.516780999474e+03 
       6.100128066331e-03       4.519951647627e+03 
       6.106524504436e-03       4.523119627821e+03 
       6.112921399915e-03       4.526284940050e+03 
       6.119318751867e-03       4.529447585951e+03 
       6.125716559395e-03       4.532607565670e+03 
       6.132114821606e-03       4.535764879824e+03 
       6.138513537613e-03       4.538919529039e+03 
       6.144912706529e-03       4.542071513169e+03 
       6.151312327475e-03       4.545220834153e+03 
       6.157712399573e-03       4.548367492016e+03 
       6.164112921950e-03       4.551511487106e+03 
       6.170513893737e-03       4.554652820551e+03 
       6.176915314068e-03       4.557791492768e+03 
       6.183317182083e-03       4.560927504399e+03 
       6.189719496922e-03       4.564060856093e+03 
       6.196122257734e-03       4.567191548630e+03 
       6.202525463666e-03       4.570319581030e+03 
       6.208929113874e-03       4.573444956499e+03 
       6.215333207514e-03       4.576567674588e+03 
       6.221737743748e-03       4.579687735959e+03 
       6.228142721740e-03       4.582805141274e+03 
       6.234548140659e-03       4.585919891328e+03 
       6.240953999677e-03       4.589031985754e+03 
       6.247360297971e-03       4.592141426746e+03 
       6.253767034720e-03       4.595248214344e+03 
       6.260174209107e-03       4.598352349233e+03 
       6.266581820319e-03       4.601453832103e+03 
       6.272989867546e-03       4.604552662806e+03 
       6.279398349983e-03       4.607648843475e+03 
       6.285807266828e-03       4.610742374229e+03 
       6.292216617281e-03       4.613833255212e+03 
       6.298626400547e-03       4.616921487909e+03 
       6.305036615834e-03       4.620007072696e+03 
       6.311447262356e-03       4.623090010276e+03 
       6.317858339326e-03       4.626170301368e+03 
       6.324269845963e-03       4.629247946694e+03 
       6.330681781490e-03       4.632322945643e+03 
       6.337094145133e-03       4.635395301235e+03 
       6.343506936121e-03       4.638465013147e+03 
       6.349920153686e-03       4.641532082101e+03 
       6.356333797065e-03       4.644596508822e+03 
       6.362747865496e-03       4.647658294046e+03 
       6.369162358224e-03       4.650717437821e+03 
       6.375577274493e-03       4.653773942064e+03 
       6.381992613553e-03       4.656827806979e+03 
       6.388408374658e-03       4.659879033308e+03 
       6.394824557064e-03       4.662927621801e+03 
       6.401241160029e-03       4.665973572367e+03 
       6.407658182818e-03       4.669016887214e+03 
       6.414075624695e-03       4.672057566428e+03 
       6.420493484931e-03       4.675095610447e+03 
       6.426911762798e-03       4.678131020575e+03 
       6.433330457572e-03       4.681163797320e+03 
       6.439749568531e-03       4.684193941444e+03 
       6.446169094960e-03       4.687221453719e+03 
       6.452589036142e-03       4.690246334925e+03 
       6.459009391366e-03       4.693268584557e+03 
       6.465430159926e-03       4.696288205606e+03 
       6.471851341115e-03       4.699305197834e+03 
       6.478272934231e-03       4.702319562018e+03 
       6.484694938577e-03       4.705331298935e+03 
       6.491117353457e-03       4.708340409372e+03 
       6.497540178177e-03       4.711346893482e+03 
       6.503963412050e-03       4.714350753150e+03 
       6.510387054388e-03       4.717351988665e+03 
       6.516811104509e-03       4.720350600818e+03 
       6.523235561732e-03       4.723346590404e+03 
       6.529660425381e-03       4.726339958232e+03 
       6.536085694780e-03       4.729330704136e+03 
       6.542511369260e-03       4.732318830599e+03 
       6.548937448153e-03       4.735304337739e+03 
       6.555363930792e-03       4.738287225765e+03 
       6.561790816517e-03       4.741267496341e+03 
       6.568218104669e-03       4.744245149917e+03 
       6.574645794590e-03       4.747220187307e+03 
       6.581073885628e-03       4.750192609333e+03 
       6.587502377133e-03       4.753162416825e+03 
       6.593931268458e-03       4.756129609199e+03 
       6.600360558958e-03       4.759094189721e+03 
       6.606790247991e-03       4.762056158099e+03 
       6.613220334919e-03       4.765015515157e+03 
       6.619650819107e-03       4.767972261722e+03 
       6.626081699921e-03       4.770926398627e+03 
       6.632512976732e-03       4.773877926030e+03 
       6.638944648912e-03       4.776826845941e+03 
       6.645376715837e-03       4.779773158652e+03 
       6.651809176886e-03       4.782716865003e+03 
       6.658242031439e-03       4.785657965839e+03 
       6.664675278881e-03       4.788596462009e+03 
       6.671108918599e-03       4.791532353370e+03 
       6.677542949982e-03       4.794465642496e+03 
       6.683977372423e-03       4.797396329444e+03 
       6.690412185317e-03       4.800324414699e+03 
       6.696847388061e-03       4.803249899744e+03 
       6.703282980057e-03       4.806172785145e+03 
       6.709718960707e-03       4.809093071757e+03 
       6.716155329418e-03       4.812010760438e+03 
       6.722592085599e-03       4.814925852059e+03 
       6.729029228660e-03       4.817838346119e+03 
       6.735466758016e-03       4.820748245880e+03 
       6.741904673083e-03       4.823655551096e+03 
       6.748342973282e-03       4.826560262637e+03 
       6.754781658034e-03       4.829462381369e+03 
       6.761220726763e-03       4.832361908161e+03 
       6.767660178897e-03       4.835258843887e+03 
       6.774100013866e-03       4.838153188628e+03 
       6.780540231102e-03       4.841044944643e+03 
       6.786980830041e-03       4.843934112179e+03 
       6.793421810119e-03       4.846820692115e+03 
       6.799863170778e-03       4.849704685334e+03 
       6.806304911459e-03       4.852586092723e+03 
       6.812747031609e-03       4.855464914051e+03 
       6.819189530675e-03       4.858341152158e+03 
       6.825632408107e-03       4.861214807037e+03 
       6.832075663358e-03       4.864085879187e+03 
       6.838519295885e-03       4.866954370187e+03 
       6.844963305144e-03       4.869820280608e+03 
       6.851407690595e-03       4.872683611339e+03 
       6.857852451703e-03       4.875544363280e+03 
       6.864297587932e-03       4.878402537333e+03 
       6.870743098750e-03       4.881258132702e+03 
       6.877188983627e-03       4.884111153617e+03 
       6.883635242035e-03       4.886961599019e+03 
       6.890081873451e-03       4.889809470069e+03 
       6.896528877351e-03       4.892654767663e+03 
       6.902976253215e-03       4.895497492704e+03 
       6.909424000527e-03       4.898337646103e+03 
       6.915872118769e-03       4.901175227977e+03 
       6.922320607430e-03       4.904010240827e+03 
       6.928769465999e-03       4.906842684208e+03 
       6.935218693967e-03       4.909672559862e+03 
       6.941668290830e-03       4.912499868378e+03 
       6.948118256083e-03       4.915324610675e+03 
       6.954568589225e-03       4.918146787681e+03 
       6.961019289758e-03       4.920966400338e+03 
       6.967470357185e-03       4.923783447945e+03 
       6.973921791012e-03       4.926597934261e+03 
       6.980373590746e-03       4.929409858905e+03 
       6.986825755900e-03       4.932219222791e+03 
       6.993278285984e-03       4.935026026847e+03 
       6.999731180514e-03       4.937830272005e+03 
       7.006184439007e-03       4.940631958888e+03 
       7.012638060983e-03       4.943431088390e+03 
       7.019092045964e-03       4.946227662212e+03 
       7.025546393473e-03       4.949021680818e+03 
       7.032001103037e-03       4.951813145143e+03 
       7.038456174183e-03       4.954602056128e+03 
       7.044911606444e-03       4.957388413572e+03 
       7.051367399350e-03       4.960172220424e+03 
       7.057823552439e-03       4.962953476697e+03 
       7.064280065246e-03       4.965732182915e+03 
       7.070736937312e-03       4.968508340746e+03 
       7.077194168177e-03       4.971281950800e+03 
       7.083651757385e-03       4.974053014019e+03 
       7.090109704483e-03       4.976821531352e+03 
       7.096568009019e-03       4.979587503757e+03 
       7.103026670542e-03       4.982350931727e+03 
       7.109485688605e-03       4.985111815627e+03 
       7.115945062762e-03       4.987870158488e+03 
       7.122404792571e-03       4.990625960141e+03 
       7.128864877588e-03       4.993379221539e+03 
       7.135325317377e-03       4.996129943634e+03 
       7.141786111498e-03       4.998878127384e+03 
       7.148247259517e-03       5.001623772811e+03 
       7.154708761002e-03       5.004366882499e+03 
       7.161170615520e-03       5.007107456663e+03 
       7.167632822644e-03       5.009845496266e+03 
       7.174095381947e-03       5.012581002277e+03 
       7.180558293003e-03       5.015313975672e+03 
       7.187021555390e-03       5.018044416073e+03 
       7.193485168688e-03       5.020772326788e+03 
       7.199949132477e-03       5.023497707813e+03 
       7.206413446340e-03       5.026220559307e+03 
       7.212878109865e-03       5.028940883404e+03 
       7.219343122637e-03       5.031658680585e+03 
       7.225808484245e-03       5.034373951824e+03 
       7.232274194282e-03       5.037086698097e+03 
       7.238740252341e-03       5.039796920386e+03 
       7.245206658016e-03       5.042504617857e+03 
       7.251673410906e-03       5.045209794654e+03 
       7.258140510609e-03       5.047912450295e+03 
       7.264607956726e-03       5.050612585757e+03 
       7.271075748860e-03       5.053310202019e+03 
       7.277543886617e-03       5.056005300064e+03 
       7.284012369604e-03       5.058697881122e+03 
       7.290481197429e-03       5.061387944366e+03 
       7.296950369703e-03       5.064075493371e+03 
       7.303419886038e-03       5.066760528020e+03 
       7.309889746050e-03       5.069443049302e+03 
       7.316359949355e-03       5.072123058210e+03 
       7.322830495571e-03       5.074800556265e+03 
       7.329301384318e-03       5.077475541383e+03 
       7.335772615219e-03       5.080148018770e+03 
       7.342244187897e-03       5.082817987237e+03 
       7.348716101979e-03       5.085485448526e+03 
       7.355188357091e-03       5.088150403276e+03 
       7.361660952865e-03       5.090812852478e+03 
       7.368133888930e-03       5.093472797129e+03 
       7.374607164920e-03       5.096130238234e+03 
       7.381080780471e-03       5.098785176807e+03 
       7.387554735218e-03       5.101437611797e+03 
       7.394029028801e-03       5.104087547790e+03 
       7.400503660861e-03       5.106734984126e+03 
       7.406978631039e-03       5.109379921801e+03 
       7.413453938979e-03       5.112022361811e+03 
       7.419929584328e-03       5.114662305161e+03 
       7.426405566733e-03       5.117299751908e+03 
       7.432881885843e-03       5.119934704725e+03 
       7.439358541310e-03       5.122567163841e+03 
       7.445835532787e-03       5.125197130250e+03 
       7.452312859928e-03       5.127824604957e+03 
       7.458790522389e-03       5.130449588971e+03 
       7.465268519830e-03       5.133072081948e+03 
       7.471746851909e-03       5.135692087301e+03 
       7.478225518289e-03       5.138309604918e+03 
       7.484704518633e-03       5.140924635331e+03 
       7.491183852605e-03       5.143537180396e+03 
       7.497663519874e-03       5.146147240725e+03 
       7.504143520107e-03       5.148754817322e+03 
       7.510623852974e-03       5.151359911199e+03 
       7.517104518148e-03       5.153962523378e+03 
       7.523585515303e-03       5.156562655384e+03 
       7.530066844112e-03       5.159160304520e+03 
       7.536548504254e-03       5.161755477226e+03 
       7.543030495407e-03       5.164348172209e+03 
       7.549512817252e-03       5.166938390480e+03 
       7.555995469470e-03       5.169526133047e+03 
       7.562478451744e-03       5.172111400929e+03 
       7.568961763762e-03       5.174694194112e+03 
       7.575445405208e-03       5.177274515453e+03 
       7.581929375772e-03       5.179852365113e+03 
       7.588413675144e-03       5.182427744111e+03 
       7.594898303016e-03       5.185000653472e+03 
       7.601383259081e-03       5.187571094229e+03 
       7.607868543034e-03       5.190139065969e+03 
       7.614354154573e-03       5.192704572270e+03 
       7.620840093394e-03       5.195267612969e+03 
       7.627326359199e-03       5.197828188572e+03 
       7.633812951688e-03       5.200386301007e+03 
       7.640299870565e-03       5.202941950881e+03 
       7.646787115535e-03       5.205495139220e+03 
       7.653274686302e-03       5.208045867060e+03 
       7.659762582577e-03       5.210594135438e+03 
       7.666250804066e-03       5.213139945724e+03 
       7.672739350483e-03       5.215683295623e+03 
       7.679228221538e-03       5.218224191280e+03 
       7.685717416946e-03       5.220762631494e+03 
       7.692206936424e-03       5.223298617295e+03 
       7.698696779687e-03       5.225832149716e+03 
       7.705186946454e-03       5.228363229797e+03 
       7.711677436446e-03       5.230891857501e+03 
       7.718168249384e-03       5.233418035751e+03 
       7.724659384992e-03       5.235941764693e+03 
       7.731150842994e-03       5.238463045364e+03 
       7.737642623117e-03       5.240981878804e+03 
       7.744134725088e-03       5.243498266060e+03 
       7.750627148636e-03       5.246012206450e+03 
       7.757119893493e-03       5.248523704395e+03 
       7.763612959391e-03       5.251032758944e+03 
       7.770106346063e-03       5.253539370866e+03 
       7.776600053244e-03       5.256043542119e+03 
       7.783094080672e-03       5.258545273313e+03 
       7.789588428084e-03       5.261044565491e+03 
       7.796083095220e-03       5.263541419698e+03 
       7.802578081821e-03       5.266035836984e+03 
       7.809073387629e-03       5.268527818407e+03 
       7.815569012390e-03       5.271017362685e+03 
       7.822064955847e-03       5.273504474978e+03 
       7.828561217749e-03       5.275989154424e+03 
       7.835057797843e-03       5.278471402065e+03 
       7.841554695878e-03       5.280951218946e+03 
       7.848051911608e-03       5.283428606118e+03 
       7.854549444783e-03       5.285903564597e+03 
       7.861047295157e-03       5.288376094242e+03 
       7.867545462488e-03       5.290846198267e+03 
       7.874043946530e-03       5.293313876705e+03 
       7.880542747043e-03       5.295779130604e+03 
       7.887041863786e-03       5.298241961018e+03 
       7.893541296521e-03       5.300702369014e+03 
       7.900041045009e-03       5.303160353903e+03 
       7.906541109014e-03       5.305615919821e+03 
       7.913041488302e-03       5.308069066373e+03 
       7.919542182640e-03       5.310519794043e+03 
       7.926043191795e-03       5.312968104914e+03 
       7.932544515536e-03       5.315413999553e+03 
       7.939046153635e-03       5.317857479013e+03 
       7.945548105864e-03       5.320298544352e+03 
       7.952050371995e-03       5.322737196634e+03 
       7.958552951804e-03       5.325173437833e+03 
       7.965055845067e-03       5.327607263628e+03 
       7.971559051561e-03       5.330038682511e+03 
       7.978062571065e-03       5.332467692450e+03 
       7.984566403360e-03       5.334894294499e+03 
       7.991070548226e-03       5.337318489712e+03 
       7.997575005447e-03       5.339740279147e+03 
       8.004079774807e-03       5.342159662490e+03 
       8.010584856091e-03       5.344576643487e+03 
       8.017090249086e-03       5.346991221616e+03 
       8.023595953580e-03       5.349403398134e+03 
       8.030101969363e-03       5.351813174100e+03 
       8.036608296224e-03       5.354220550579e+03 
       8.043114933957e-03       5.356625528624e+03 
       8.049621882354e-03       5.359028107439e+03 
       8.056129141211e-03       5.361428291430e+03 
       8.062636710322e-03       5.363826080341e+03 
       8.069144589486e-03       5.366221473846e+03 
       8.075652778500e-03       5.368614474904e+03 
       8.082161277164e-03       5.371005083789e+03 
       8.088670085279e-03       5.373393301561e+03 
       8.095179202648e-03       5.375779129285e+03 
       8.101688629074e-03       5.378162568035e+03 
       8.108198364362e-03       5.380543619626e+03 
       8.114708408318e-03       5.382922280069e+03 
       8.121218760748e-03       5.385298557697e+03 
       8.127729421463e-03       5.387672450498e+03 
       8.134240390270e-03       5.390043959530e+03 
       8.140751666983e-03       5.392413085855e+03 
       8.147263251412e-03       5.394779830537e+03 
       8.153775143371e-03       5.397144194321e+03 
       8.160287342675e-03       5.399506177741e+03 
       8.166799849139e-03       5.401865783562e+03 
       8.173312662582e-03       5.404223011938e+03 
       8.179825782822e-03       5.406577863934e+03 
       8.186339209677e-03       5.408930340619e+03 
       8.192852942969e-03       5.411280443072e+03 
       8.199366982520e-03       5.413628170398e+03 
       8.205881328154e-03       5.415973527160e+03 
       8.212395979693e-03       5.418316512798e+03 
       8.218910936965e-03       5.420657128011e+03 
       8.225426199796e-03       5.422995374529e+03 
       8.231941768014e-03       5.425331253114e+03 
       8.238457641448e-03       5.427664764836e+03 
       8.244973819929e-03       5.429995909158e+03 
       8.251490303288e-03       5.432324690018e+03 
       8.258007091358e-03       5.434651107149e+03 
       8.264524183973e-03       5.436975161621e+03 
       8.271041580967e-03       5.439296853666e+03 
       8.277559282178e-03       5.441616185845e+03 
       8.284077287442e-03       5.443933158535e+03 
       8.290595596599e-03       5.446247772807e+03 
       8.297114209487e-03       5.448560028540e+03 
       8.303633125948e-03       5.450869929253e+03 
       8.310152345824e-03       5.453177473011e+03 
       8.316671868958e-03       5.455482663735e+03 
       8.323191695195e-03       5.457785501283e+03 
       8.329711824379e-03       5.460085986716e+03 
       8.336232256357e-03       5.462384121099e+03 
       8.342752990978e-03       5.464679905499e+03 
       8.349274028089e-03       5.466973340983e+03 
       8.355795367542e-03       5.469264428624e+03 
       8.362317009186e-03       5.471553169498e+03 
       8.368838952875e-03       5.473839564693e+03 
       8.375361198462e-03       5.476123615931e+03 
       8.381883745801e-03       5.478405317884e+03 
       8.388406594747e-03       5.480684681627e+03 
       8.394929745158e-03       5.482961703824e+03 
       8.401453196891e-03       5.485236385536e+03 
       8.407976949805e-03       5.487508727827e+03 
       8.414501003760e-03       5.489778731757e+03 
       8.421025358617e-03       5.492046398390e+03 
       8.427550014239e-03       5.494311728791e+03 
       8.434074970488e-03       5.496574724025e+03 
       8.440600227229e-03       5.498835385169e+03 
       8.447125784328e-03       5.501093713303e+03 
       8.453651641651e-03       5.503349707195e+03 
       8.460177799065e-03       5.505603372058e+03 
       8.466704256439e-03       5.507854707026e+03 
       8.473231013643e-03       5.510103713160e+03 
       8.479758070548e-03       5.512350391521e+03 
       8.486285427025e-03       5.514594743172e+03 
       8.492813082948e-03       5.516836769182e+03 
       8.499341038191e-03       5.519076470621e+03 
       8.505869292628e-03       5.521313848571e+03 
       8.512397846136e-03       5.523548904116e+03 
       8.518926698592e-03       5.525781635249e+03 
       8.525455849874e-03       5.528012048642e+03 
       8.531985299861e-03       5.530240142707e+03 
       8.538515048434e-03       5.532465918521e+03 
       8.545045095474e-03       5.534689377150e+03 
       8.551575440863e-03       5.536910518940e+03 
       8.558106084485e-03       5.539129346257e+03 
       8.564637026224e-03       5.541345859567e+03 
       8.571168265966e-03       5.543560059928e+03 
       8.577699803597e-03       5.545771948416e+03 
       8.584231639005e-03       5.547981526094e+03 
       8.590763772078e-03       5.550188794035e+03 
       8.597296202706e-03       5.552393753312e+03 
       8.603828930779e-03       5.554596401835e+03 
       8.610361956189e-03       5.556796746411e+03 
       8.616895278829e-03       5.558994785425e+03 
       8.623428898592e-03       5.561190519946e+03 
       8.629962815372e-03       5.563383951035e+03 
       8.636497029066e-03       5.565575079756e+03 
       8.643031539570e-03       5.567763907175e+03 
       8.649566346782e-03       5.569950434884e+03 
       8.656101450600e-03       5.572134660628e+03 
       8.662636850923e-03       5.574316590200e+03 
       8.669172547653e-03       5.576496222675e+03 
       8.675708540691e-03       5.578673559123e+03 
       8.682244829940e-03       5.580848600613e+03 
       8.688781415302e-03       5.583021348216e+03 
       8.695318296683e-03       5.585191803047e+03 
       8.701855473988e-03       5.587359963642e+03 
       8.708392947123e-03       5.589525835538e+03 
       8.714930715997e-03       5.591689417730e+03 
       8.721468780516e-03       5.593850710487e+03 
       8.728007140592e-03       5.596009716317e+03 
       8.734545796133e-03       5.598166435610e+03 
       8.741084747052e-03       5.600320869431e+03 
       8.747623993260e-03       5.602473018839e+03 
       8.754163534671e-03       5.604622884901e+03 
       8.760703371199e-03       5.606770468686e+03 
       8.767243502759e-03       5.608915771275e+03 
       8.773783929267e-03       5.611058790377e+03 
       8.780324650640e-03       5.613199533152e+03 
       8.786865666797e-03       5.615337997809e+03 
       8.793406977655e-03       5.617474185417e+03 
       8.799948583135e-03       5.619608097033e+03 
       8.806490483158e-03       5.621739733715e+03 
       8.813032677646e-03       5.623869096525e+03 
       8.819575166520e-03       5.625996186527e+03 
       8.826117949705e-03       5.628121003018e+03 
       8.832661027124e-03       5.630243550262e+03 
       8.839204398705e-03       5.632363827824e+03 
       8.845748064372e-03       5.634481836769e+03 
       8.852292024053e-03       5.636597578161e+03 
       8.858836277677e-03       5.638711053066e+03 
       8.865380825172e-03       5.640822262551e+03 
       8.871925666468e-03       5.642931205345e+03 
       8.878470801497e-03       5.645037886745e+03 
       8.885016230191e-03       5.647142305837e+03 
       8.891561952481e-03       5.649244463898e+03 
       8.898107968302e-03       5.651344360440e+03 
       8.904654277588e-03       5.653441998780e+03 
       8.911200880275e-03       5.655537379017e+03 
       8.917747776300e-03       5.657630502209e+03 
       8.924294965598e-03       5.659721369413e+03 
       8.930842448109e-03       5.661809981693e+03 
       8.937390223772e-03       5.663896340116e+03 
       8.943938292526e-03       5.665980446892e+03 
       8.950486654313e-03       5.668062295961e+03 
       8.957035309074e-03       5.670141898540e+03 
       8.963584256752e-03       5.672219251401e+03 
       8.970133497290e-03       5.674294355601e+03 
       8.976683030632e-03       5.676367212194e+03 
       8.983232856725e-03       5.678437822236e+03 
       8.989782975513e-03       5.680506186784e+03 
       8.996333386945e-03       5.682572305465e+03 
       9.002884090967e-03       5.684636181651e+03 
       9.009435087529e-03       5.686697815700e+03 
       9.015986376581e-03       5.688757208423e+03 
       9.022537958072e-03       5.690814360883e+03 
       9.029089831954e-03       5.692869274140e+03 
       9.035641998180e-03       5.694921949258e+03 
       9.042194456702e-03       5.696972387587e+03 
       9.048747207474e-03       5.699020586657e+03 
       9.055300250452e-03       5.701066553230e+03 
       9.061853585590e-03       5.703110285803e+03 
       9.068407212846e-03       5.705151784573e+03 
       9.074961132176e-03       5.707191052161e+03 
       9.081515343539e-03       5.709228088889e+03 
       9.088069846894e-03       5.711262895814e+03 
       9.094624642200e-03       5.713295473989e+03 
       9.101179729419e-03       5.715325824469e+03 
       9.107735108513e-03       5.717353948313e+03 
       9.114290779442e-03       5.719379846589e+03 
       9.120846742172e-03       5.721403516729e+03 
       9.127402996665e-03       5.723424966397e+03 
       9.133959542887e-03       5.725444193545e+03 
       9.140516380804e-03       5.727461199228e+03 
       9.147073510381e-03       5.729475984498e+03 
       9.153630931587e-03       5.731488550404e+03 
       9.160188644390e-03       5.733498897997e+03 
       9.166746648759e-03       5.735507028332e+03 
       9.173304944664e-03       5.737512940551e+03 
       9.179863532074e-03       5.739516639177e+03 
       9.186422410963e-03       5.741518123632e+03 
       9.192981581302e-03       5.743517394969e+03 
       9.199541043065e-03       5.745514454247e+03 
       9.206100796225e-03       5.747509302520e+03 
       9.212660840757e-03       5.749501940847e+03 
       9.219221176638e-03       5.751492367677e+03 
       9.225781803842e-03       5.753480588911e+03 
       9.232342722348e-03       5.755466603189e+03 
       9.238903932133e-03       5.757450411796e+03 
       9.245465433177e-03       5.759432014339e+03 
       9.252027225459e-03       5.761411414098e+03 
       9.258589308959e-03       5.763388611147e+03 
       9.265151683659e-03       5.765363606528e+03 
       9.271714349540e-03       5.767336401297e+03 
       9.278277306586e-03       5.769306996502e+03 
       9.284840554780e-03       5.771275393197e+03 
       9.291404094107e-03       5.773241592373e+03 
       9.297967924551e-03       5.775205591357e+03 
       9.304532046099e-03       5.777167398180e+03 
       9.311096458738e-03       5.779127010582e+03 
       9.317661162454e-03       5.781084429608e+03 
       9.324226157237e-03       5.783039656305e+03 
       9.330791443076e-03       5.784992691716e+03 
       9.337357019960e-03       5.786943536889e+03 
       9.343922887880e-03       5.788892192871e+03 
       9.350489046828e-03       5.790838658682e+03 
       9.357055496796e-03       5.792782939069e+03 
       9.363622237777e-03       5.794725033334e+03 
       9.370189269764e-03       5.796664942524e+03 
       9.376756592753e-03       5.798602667686e+03 
       9.383324206739e-03       5.800538209871e+03 
       9.389892111717e-03       5.802471570133e+03 
       9.396460307684e-03       5.804402747110e+03 
       9.403028794639e-03       5.806331746000e+03 
       9.409597572580e-03       5.808258566250e+03 
       9.416166641505e-03       5.810183208660e+03 
       9.422736001415e-03       5.812105673310e+03 
       9.429305652311e-03       5.814025963021e+03 
       9.435875594194e-03       5.815944077997e+03 
       9.442445827065e-03       5.817860019281e+03 
       9.449016350929e-03       5.819773787916e+03 
       9.455587165788e-03       5.821685384946e+03 
       9.462158271648e-03       5.823594811420e+03 
       9.468729668513e-03       5.825502068395e+03 
       9.475301356389e-03       5.827407152945e+03 
       9.481873335284e-03       5.829310073404e+03 
       9.488445605204e-03       5.831210827365e+03 
       9.495018166158e-03       5.833109415873e+03 
       9.501591018155e-03       5.835005839965e+03 
       9.508164161204e-03       5.836900100681e+03 
       9.514737595316e-03       5.838792199060e+03 
       9.521311320502e-03       5.840682136147e+03 
       9.527885336774e-03       5.842569912068e+03 
       9.534459644145e-03       5.844455528290e+03 
       9.541034242627e-03       5.846338987346e+03 
       9.547609132236e-03       5.848220289195e+03 
       9.554184312986e-03       5.850099434879e+03 
       9.560759784892e-03       5.851976425440e+03 
       9.567335547971e-03       5.853851261922e+03 
       9.573911602240e-03       5.855723945376e+03 
       9.580487947716e-03       5.857594473895e+03 
       9.587064584419e-03       5.859462853933e+03 
       9.593641512367e-03       5.861329083967e+03 
       9.600218731581e-03       5.863193165388e+03 
       9.606796242080e-03       5.865055097082e+03 
       9.613374043887e-03       5.866914883137e+03 
       9.619952137023e-03       5.868772523300e+03 
       9.626530521512e-03       5.870628018604e+03 
       9.633109197376e-03       5.872481370089e+03 
       9.639688164640e-03       5.874332578792e+03 
       9.646267423330e-03       5.876181645757e+03 
       9.652846973470e-03       5.878028572033e+03 
       9.659426815088e-03       5.879873354426e+03 
       9.666006948209e-03       5.881716001766e+03 
       9.672587372863e-03       5.883556511400e+03 
       9.679168089077e-03       5.885394884360e+03 
       9.685749096882e-03       5.887231121682e+03 
       9.692330396306e-03       5.889065224395e+03 
       9.698911987380e-03       5.890897193533e+03 
       9.705493870136e-03       5.892727030129e+03 
       9.712076044606e-03       5.894554735766e+03 
       9.718658510823e-03       5.896380307457e+03 
       9.725241268819e-03       5.898203752247e+03 
       9.731824318630e-03       5.900025068560e+03 
       9.738407660290e-03       5.901844257426e+03 
       9.744991293834e-03       5.903661319881e+03 
       9.751575219299e-03       5.905476256961e+03 
       9.758159436722e-03       5.907289069705e+03 
       9.764743946140e-03       5.909099760209e+03 
       9.771328747592e-03       5.910908322925e+03 
       9.777913841116e-03       5.912714768322e+03 
       9.784499226753e-03       5.914519093424e+03 
       9.791084904543e-03       5.916321298189e+03 
       9.797670874526e-03       5.918121385615e+03 
       9.804257136745e-03       5.919919355799e+03 
       9.810843691242e-03       5.921715209769e+03 
       9.817430538060e-03       5.923508948551e+03 
       9.824017677243e-03       5.925300573178e+03 
       9.830605108836e-03       5.927090084679e+03 
       9.837192832883e-03       5.928877484093e+03 
       9.843780849431e-03       5.930662772757e+03 
       9.850369158526e-03       5.932445946070e+03 
       9.856957760215e-03       5.934227014694e+03 
       9.863546654546e-03       5.936005975236e+03 
       9.870135841568e-03       5.937782828707e+03 
       9.876725321329e-03       5.939557576144e+03 
       9.883315093881e-03       5.941330218564e+03 
       9.889905159272e-03       5.943100756994e+03 
       9.896495517556e-03       5.944869192461e+03 
       9.903086168783e-03       5.946635523337e+03 
       9.909677113006e-03       5.948399755982e+03 
       9.916268350278e-03       5.950161888298e+03 
       9.922859880654e-03       5.951921920963e+03 
       9.929451704188e-03       5.953679856395e+03 
       9.936043820935e-03       5.955435694935e+03 
       9.942636230951e-03       5.957189436996e+03 
       9.949228934292e-03       5.958941084188e+03 
       9.955821931017e-03       5.960690637977e+03 
       9.962415221182e-03       5.962438098919e+03 
       9.969008804847e-03       5.964183468035e+03 
       9.975602682070e-03       5.965926746351e+03 
       9.982196852912e-03       5.967667934898e+03 
       9.988791317433e-03       5.969407034714e+03 
       9.995386075693e-03       5.971144046774e+03 
       1.000198112776e-02       5.972878967373e+03 
       1.000857647368e-02       5.974611806404e+03 
       1.001517211354e-02       5.976342560669e+03 
       1.002176804739e-02       5.978071231181e+03 
       1.002836427529e-02       5.979797818954e+03 
       1.003496079731e-02       5.981522325007e+03 
       1.004155761352e-02       5.983244750363e+03 
       1.004815472399e-02       5.984965096050e+03 
       1.005475212877e-02       5.986683360631e+03 
       1.006134982794e-02       5.988399549658e+03 
       1.006794782157e-02       5.990113662004e+03 
       1.007454610972e-02       5.991825698684e+03 
       1.008114469247e-02       5.993535660713e+03 
       1.008774356989e-02       5.995243549108e+03 
       1.009434274204e-02       5.996949364892e+03 
       1.010094220900e-02       5.998653109088e+03 
       1.010754197083e-02       6.000354779118e+03 
       1.011414202762e-02       6.002054382644e+03 
       1.012074237944e-02       6.003751917548e+03 
       1.012734302636e-02       6.005447383512e+03 
       1.013394396845e-02       6.007140784212e+03 
       1.014054520579e-02       6.008832119114e+03 
       1.014714673846e-02       6.010521389406e+03 
       1.015374856654e-02       6.012208596097e+03 
       1.016035069009e-02       6.013893740202e+03 
       1.016695310920e-02       6.015576822740e+03 
       1.017355582395e-02       6.017257844739e+03 
       1.018015883441e-02       6.018936807218e+03 
       1.018676214067e-02       6.020613706037e+03 
       1.019336574281e-02       6.022288551750e+03 
       1.019996964091e-02       6.023961340855e+03 
       1.020657383504e-02       6.025632074356e+03 
       1.021317832530e-02       6.027300753258e+03 
       1.021978311176e-02       6.028967378568e+03 
       1.022638819450e-02       6.030631951295e+03 
       1.023299357362e-02       6.032294472452e+03 
       1.023959924920e-02       6.033954940042e+03 
       1.024620522132e-02       6.035613361171e+03 
       1.025281149007e-02       6.037269733226e+03 
       1.025941805554e-02       6.038924057678e+03 
       1.026602491780e-02       6.040576335534e+03 
       1.027263207696e-02       6.042226566721e+03 
       1.027923953310e-02       6.043874754400e+03 
       1.028584728630e-02       6.045520896920e+03 
       1.029245533667e-02       6.047164998064e+03 
       1.029906368428e-02       6.048807057571e+03 
       1.030567232923e-02       6.050447076446e+03 
       1.031228127162e-02       6.052085055700e+03 
       1.031889051152e-02       6.053720996345e+03 
       1.032550004905e-02       6.055354899400e+03 
       1.033210988428e-02       6.056986765888e+03 
       1.033872001732e-02       6.058616591618e+03 
       1.034533044825e-02       6.060244387182e+03 
       1.035194117718e-02       6.061870149044e+03 
       1.035855220420e-02       6.063493878193e+03 
       1.036516352941e-02       6.065115575626e+03 
       1.037177515290e-02       6.066735242345e+03 
       1.037838707477e-02       6.068352879354e+03 
       1.038499929513e-02       6.069968487663e+03 
       1.039161181406e-02       6.071582068942e+03 
       1.039822463167e-02       6.073193619250e+03 
       1.040483774805e-02       6.074803147016e+03 
       1.041145116332e-02       6.076410650001e+03 
       1.041806487757e-02       6.078016129201e+03 
       1.042467889090e-02       6.079619585611e+03 
       1.043129320342e-02       6.081221020235e+03 
       1.043790781522e-02       6.082820434082e+03 
       1.044452272642e-02       6.084417824372e+03 
       1.045113793711e-02       6.086013199199e+03 
       1.045775344741e-02       6.087606556081e+03 
       1.046436925741e-02       6.089197896090e+03 
       1.047098536723e-02       6.090787218868e+03 
       1.047760177696e-02       6.092374527890e+03 
       1.048421848673e-02       6.093959822971e+03 
       1.049083549663e-02       6.095543105096e+03 
       1.049745280677e-02       6.097124375260e+03 
       1.050407041727e-02       6.098703634460e+03 
       1.051068832824e-02       6.100280883699e+03 
       1.051730653977e-02       6.101856124003e+03 
       1.052392505199e-02       6.103429351437e+03 
       1.053054386501e-02       6.105000575697e+03 
       1.053716297894e-02       6.106569794219e+03 
       1.054378239388e-02       6.108137007623e+03 
       1.055040210997e-02       6.109702216892e+03 
       1.055702212730e-02       6.111265423009e+03 
       1.056364244599e-02       6.112826626960e+03 
       1.057026306616e-02       6.114385829738e+03 
       1.057688398793e-02       6.115943032337e+03 
       1.058350521141e-02       6.117498232765e+03 
       1.059012673671e-02       6.119051437523e+03 
       1.059674856396e-02       6.120602644991e+03 
       1.060337069327e-02       6.122151856157e+03 
       1.060999312476e-02       6.123699072008e+03 
       1.061661585855e-02       6.125244293533e+03 
       1.062323889477e-02       6.126787521726e+03 
       1.062986223352e-02       6.128328758531e+03 
       1.063648587494e-02       6.129867997768e+03 
       1.064310981914e-02       6.131405251242e+03 
       1.064973406624e-02       6.132940515222e+03 
       1.065635861637e-02       6.134473789326e+03 
       1.066298346966e-02       6.136005077065e+03 
       1.066960862622e-02       6.137534378219e+03 
       1.067623408618e-02       6.139061693771e+03 
       1.068285984967e-02       6.140587024702e+03 
       1.068948591680e-02       6.142110371995e+03 
       1.069611228772e-02       6.143631736636e+03 
       1.070273896253e-02       6.145151119618e+03 
       1.070936594138e-02       6.146668522568e+03 
       1.071599322439e-02       6.148183938477e+03 
       1.072262081168e-02       6.149697381493e+03 
       1.072924870339e-02       6.151208846630e+03 
       1.073587689965e-02       6.152718334864e+03 
       1.074250540059e-02       6.154225847170e+03 
       1.074913420633e-02       6.155731384528e+03 
       1.075576331701e-02       6.157234947916e+03 
       1.076239273276e-02       6.158736538316e+03 
       1.076902245372e-02       6.160236153702e+03 
       1.077565248001e-02       6.161733800615e+03 
       1.078228281177e-02       6.163229477366e+03 
       1.078891344914e-02       6.164723184937e+03 
       1.079554439225e-02       6.166214924305e+03 
       1.080217564123e-02       6.167704696451e+03 
       1.080880719623e-02       6.169192502358e+03 
       1.081543905737e-02       6.170678343017e+03 
       1.082207122479e-02       6.172162215104e+03 
       1.082870369864e-02       6.173644127556e+03 
       1.083533647905e-02       6.175124077565e+03 
       1.084196956616e-02       6.176602066654e+03 
       1.084860296011e-02       6.178078092569e+03 
       1.085523666103e-02       6.179552160817e+03 
       1.086187066908e-02       6.181024270450e+03 
       1.086850498439e-02       6.182494422442e+03 
       1.087513960710e-02       6.183962617764e+03 
       1.088177453735e-02       6.185428857392e+03 
       1.088840977530e-02       6.186893142310e+03 
       1.089504532107e-02       6.188355473505e+03 
       1.090168117482e-02       6.189815845935e+03 
       1.090831733669e-02       6.191274271715e+03 
       1.091495380682e-02       6.192730746520e+03 
       1.092159058536e-02       6.194185271302e+03 
       1.092822767246e-02       6.195637847023e+03 
       1.093486506826e-02       6.197088474648e+03 
       1.094150277291e-02       6.198537155145e+03 
       1.094814078657e-02       6.199983889486e+03 
       1.095477910936e-02       6.201428678625e+03 
       1.096141774146e-02       6.202871520227e+03 
       1.096805668300e-02       6.204312421410e+03 
       1.097469593413e-02       6.205751380209e+03 
       1.098133549502e-02       6.207188397580e+03 
       1.098797536580e-02       6.208623474483e+03 
       1.099461554663e-02       6.210056611883e+03 
       1.100125603766e-02       6.211487810753e+03 
       1.100789683905e-02       6.212917073403e+03 
       1.101453795094e-02       6.214344392034e+03 
       1.102117937350e-02       6.215769780442e+03 
       1.102782110687e-02       6.217193234081e+03 
       1.103446315122e-02       6.218614752363e+03 
       1.104110550670e-02       6.220034339097e+03 
       1.104774817346e-02       6.221451993867e+03 
       1.105439115166e-02       6.222867717632e+03 
       1.106103444146e-02       6.224281511346e+03 
       1.106767804302e-02       6.225693375971e+03 
       1.107432195649e-02       6.227103312471e+03 
       1.108096618204e-02       6.228511321820e+03 
       1.108761071982e-02       6.229917404971e+03 
       1.109425556999e-02       6.231321556375e+03 
       1.110090073273e-02       6.232723789140e+03 
       1.110754620817e-02       6.234124098439e+03 
       1.111419199650e-02       6.235522485231e+03 
       1.112083809786e-02       6.236918950426e+03 
       1.112748451243e-02       6.238313495010e+03 
       1.113413124037e-02       6.239706119921e+03 
       1.114077828184e-02       6.241096826117e+03 
       1.114742563700e-02       6.242485615944e+03 
       1.115407330603e-02       6.243872482571e+03 
       1.116072128908e-02       6.245257437833e+03 
       1.116736958632e-02       6.246640478110e+03 
       1.117401819793e-02       6.248021604352e+03 
       1.118066712406e-02       6.249400817510e+03 
       1.118731636489e-02       6.250778118539e+03 
       1.119396592058e-02       6.252153508398e+03 
       1.120061579130e-02       6.253526989182e+03 
       1.120726597723e-02       6.254898553325e+03 
       1.121391647853e-02       6.256268214651e+03 
       1.122056729537e-02       6.257635968492e+03 
       1.122721842793e-02       6.259001814184e+03 
       1.123386987637e-02       6.260365755666e+03 
       1.124052164088e-02       6.261727792461e+03 
       1.124717372161e-02       6.263087925512e+03 
       1.125382611875e-02       6.264446155764e+03 
       1.126047883247e-02       6.265802484165e+03 
       1.126713186294e-02       6.267156911664e+03 
       1.127378521034e-02       6.268509439217e+03 
       1.128043887484e-02       6.269860067775e+03 
       1.128709285663e-02       6.271208791391e+03 
       1.129374715587e-02       6.272555623860e+03 
       1.130040177275e-02       6.273900560013e+03 
       1.130705670744e-02       6.275243600794e+03 
       1.131371196012e-02       6.276584747140e+03 
       1.132036753097e-02       6.277923999992e+03 
       1.132702342017e-02       6.279261360293e+03 
       1.133367962790e-02       6.280596828985e+03 
       1.134033615433e-02       6.281930407770e+03 
       1.134699299966e-02       6.283262091559e+03 
       1.135365016406e-02       6.284591890536e+03 
       1.136030764772e-02       6.285919801571e+03 
       1.136696545081e-02       6.287245825603e+03 
       1.137362357353e-02       6.288569963576e+03 
       1.138028201604e-02       6.289892216435e+03 
       1.138694077855e-02       6.291212585133e+03 
       1.139359986123e-02       6.292531071139e+03 
       1.140025926427e-02       6.293847668623e+03 
       1.140691898786e-02       6.295162389773e+03 
       1.141357903217e-02       6.296475230402e+03 
       1.142023939741e-02       6.297786189546e+03 
       1.142690008375e-02       6.299095271945e+03 
       1.143356109139e-02       6.300402476325e+03 
       1.144022242051e-02       6.301707803866e+03 
       1.144688407130e-02       6.303011255509e+03 
       1.145354604396e-02       6.304312832189e+03 
       1.146020833867e-02       6.305612534850e+03 
       1.146687095562e-02       6.306910364439e+03 
       1.147353389500e-02       6.308206321909e+03 
       1.148019715702e-02       6.309500401279e+03 
       1.148686074185e-02       6.310792616323e+03 
       1.149352464970e-02       6.312082961933e+03 
       1.150018888075e-02       6.313371438975e+03 
       1.150685343520e-02       6.314658048374e+03 
       1.151351831325e-02       6.315942791061e+03 
       1.152018351509e-02       6.317225667968e+03 
       1.152684904091e-02       6.318506680031e+03 
       1.153351489092e-02       6.319785828193e+03 
       1.154018106530e-02       6.321063109646e+03 
       1.154684756426e-02       6.322338532297e+03 
       1.155351438800e-02       6.323612093728e+03 
       1.156018153671e-02       6.324883794872e+03 
       1.156684901059e-02       6.326153636655e+03 
       1.157351680984e-02       6.327421620004e+03 
       1.158018493467e-02       6.328687745852e+03 
       1.158685338526e-02       6.329952015143e+03 
       1.159352216183e-02       6.331214423223e+03 
       1.160019126458e-02       6.332474982008e+03 
       1.160686069370e-02       6.333733686426e+03 
       1.161353044940e-02       6.334990537886e+03 
       1.162020053189e-02       6.336245535493e+03 
       1.162687094136e-02       6.337498683553e+03 
       1.163354167802e-02       6.338749981371e+03 
       1.164021274208e-02       6.339999429866e+03 
       1.164688413375e-02       6.341247029961e+03 
       1.165355585322e-02       6.342492782575e+03 
       1.166022790070e-02       6.343736688643e+03 
       1.166690027641e-02       6.344978749104e+03 
       1.167357298054e-02       6.346218964908e+03 
       1.168024601332e-02       6.347457329394e+03 
       1.168691937494e-02       6.348693857647e+03 
       1.169359306561e-02       6.349928543837e+03 
       1.170026708555e-02       6.351161388876e+03 
       1.170694143497e-02       6.352392393677e+03 
       1.171361611407e-02       6.353621559154e+03 
       1.172029112307e-02       6.354848886225e+03 
       1.172696646218e-02       6.356074375810e+03 
       1.173364213161e-02       6.357298028838e+03 
       1.174031813157e-02       6.358519842230e+03 
       1.174699446229e-02       6.359739824370e+03 
       1.175367112396e-02       6.360957972614e+03 
       1.176034811682e-02       6.362174287883e+03 
       1.176702544107e-02       6.363388771094e+03 
       1.177370309692e-02       6.364601423164e+03 
       1.178038108460e-02       6.365812245017e+03 
       1.178705940432e-02       6.367021237577e+03 
       1.179373805630e-02       6.368228395808e+03 
       1.180041704076e-02       6.369433732401e+03 
       1.180709635791e-02       6.370637241763e+03 
       1.181377600797e-02       6.371838925371e+03 
       1.182045599117e-02       6.373038782224e+03 
       1.182713630772e-02       6.374236816811e+03 
       1.183381695785e-02       6.375433028336e+03 
       1.184049794177e-02       6.376627417713e+03 
       1.184717925970e-02       6.377819985851e+03 
       1.185386091187e-02       6.379010733665e+03 
       1.186054289851e-02       6.380199662070e+03 
       1.186722521983e-02       6.381386771988e+03 
       1.187390787605e-02       6.382572064351e+03 
       1.188059086741e-02       6.383755532284e+03 
       1.188727419413e-02       6.384937191208e+03 
       1.189395785643e-02       6.386117035185e+03 
       1.190064185454e-02       6.387295065068e+03 
       1.190732618868e-02       6.388471281763e+03 
       1.191401085908e-02       6.389645686179e+03 
       1.192069586597e-02       6.390818279221e+03 
       1.192738120959e-02       6.391989061801e+03 
       1.193406689014e-02       6.393158034832e+03 
       1.194075290787e-02       6.394325194436e+03 
       1.194743926301e-02       6.395490551276e+03 
       1.195412595578e-02       6.396654100468e+03 
       1.196081298642e-02       6.397815843628e+03 
       1.196750035515e-02       6.398975781657e+03 
       1.197418806221e-02       6.400133915466e+03 
       1.198087610784e-02       6.401290245969e+03 
       1.198756449225e-02       6.402444774083e+03 
       1.199425321570e-02       6.403597501162e+03 
       1.200094227841e-02       6.404748420703e+03 
       1.200763168061e-02       6.405897546324e+03 
       1.201432142254e-02       6.407044873056e+03 
       1.202101150444e-02       6.408190402620e+03 
       1.202770192654e-02       6.409334131282e+03 
       1.203439268908e-02       6.410476066433e+03 
       1.204108379230e-02       6.411616206232e+03 
       1.204777523643e-02       6.412754551575e+03 
       1.205446702171e-02       6.413891103370e+03 
       1.206115914838e-02       6.415025862526e+03 
       1.206785161669e-02       6.416158829942e+03 
       1.207454442686e-02       6.417290006552e+03 
       1.208123757915e-02       6.418419393003e+03 
       1.208793107379e-02       6.419546982309e+03 
       1.209462491101e-02       6.420672790809e+03 
       1.210131909108e-02       6.421796811912e+03 
       1.210801361422e-02       6.422919046506e+03 
       1.211470848068e-02       6.424039495482e+03 
       1.212140369071e-02       6.425158159731e+03 
       1.212809924455e-02       6.426275040157e+03 
       1.213479514244e-02       6.427390137644e+03 
       1.214149138462e-02       6.428503453120e+03 
       1.214818797135e-02       6.429614983041e+03 
       1.215488490287e-02       6.430724736591e+03 
       1.216158217943e-02       6.431832710713e+03 
       1.216827980128e-02       6.432938906287e+03 
       1.217497776865e-02       6.434043324201e+03 
       1.218167608181e-02       6.435145965346e+03 
       1.218837474100e-02       6.436246830616e+03 
       1.219507374647e-02       6.437345920916e+03 
       1.220177309846e-02       6.438443239441e+03 
       1.220847279724e-02       6.439538773638e+03 
       1.221517284305e-02       6.440632543562e+03 
       1.222187323614e-02       6.441724541964e+03 
       1.222857397677e-02       6.442814769378e+03 
       1.223527506518e-02       6.443903226520e+03 
       1.224197650164e-02       6.444989915521e+03 
       1.224867828639e-02       6.446074836528e+03 
       1.225538041970e-02       6.447157990436e+03 
       1.226208290181e-02       6.448239380101e+03 
       1.226878573297e-02       6.449318995386e+03 
       1.227548891346e-02       6.450396852652e+03 
       1.228219244351e-02       6.451472946256e+03 
       1.228889632340e-02       6.452547277087e+03 
       1.229560055338e-02       6.453619846098e+03 
       1.230230513370e-02       6.454690651339e+03 
       1.230901006462e-02       6.455759698847e+03 
       1.231571534641e-02       6.456826987078e+03 
       1.232242097932e-02       6.457892516922e+03 
       1.232912696362e-02       6.458956290183e+03 
       1.233583329956e-02       6.460018301241e+03 
       1.234253998740e-02       6.461078560746e+03 
       1.234924702742e-02       6.462137061957e+03 
       1.235595441987e-02       6.463193812070e+03 
       1.236266216501e-02       6.464248808921e+03 
       1.236937026310e-02       6.465302053391e+03 
       1.237607871442e-02       6.466353546353e+03 
       1.238278751922e-02       6.467403288684e+03 
       1.238949667778e-02       6.468451281260e+03 
       1.239620619035e-02       6.469497524955e+03 
       1.240291605721e-02       6.470542020648e+03 
       1.240962627862e-02       6.471584769215e+03 
       1.241633685484e-02       6.472625771534e+03 
       1.242304778615e-02       6.473665028490e+03 
       1.242975907282e-02       6.474702540974e+03 
       1.243647071510e-02       6.475738309885e+03 
       1.244318271328e-02       6.476772336110e+03 
       1.244989506763e-02       6.477804606313e+03 
       1.245660777840e-02       6.478835148172e+03 
       1.246332084588e-02       6.479863949730e+03 
       1.247003427034e-02       6.480891011851e+03 
       1.247674805204e-02       6.481916335399e+03 
       1.248346219127e-02       6.482939921238e+03 
       1.249017668829e-02       6.483961770231e+03 
       1.249689154338e-02       6.484981883239e+03 
       1.250360675682e-02       6.486000261122e+03 
       1.251032232887e-02       6.487016904745e+03 
       1.251703825982e-02       6.488031814977e+03 
       1.252375454993e-02       6.489044992671e+03 
       1.253047119949e-02       6.490056438716e+03 
       1.253718820878e-02       6.491066153986e+03 
       1.254390557807e-02       6.492074139370e+03 
       1.255062330763e-02       6.493080388432e+03 
       1.255734139776e-02       6.494084915661e+03 
       1.256405984872e-02       6.495087715593e+03 
       1.257077866081e-02       6.496088788953e+03 
       1.257749783429e-02       6.497088136598e+03 
       1.258421736944e-02       6.498085759380e+03 
       1.259093726656e-02       6.499081658162e+03 
       1.259765752593e-02       6.500075833795e+03 
       1.260437814782e-02       6.501068287144e+03 
       1.261109913251e-02       6.502059019070e+03 
       1.261782048030e-02       6.503048030446e+03 
       1.262454219147e-02       6.504035322145e+03 
       1.263126426630e-02       6.505020895048e+03 
       1.263798670508e-02       6.506004750039e+03 
       1.264470950808e-02       6.506986881830e+03 
       1.265143267561e-02       6.507967298315e+03 
       1.265815620795e-02       6.508946003432e+03 
       1.266488010538e-02       6.509922993887e+03 
       1.267160436819e-02       6.510898270531e+03 
       1.267832899668e-02       6.511871834219e+03 
       1.268505399112e-02       6.512843685797e+03 
       1.269177935181e-02       6.513813823774e+03 
       1.269850507905e-02       6.514782253447e+03 
       1.270523117311e-02       6.515748973543e+03 
       1.271195763430e-02       6.516713984916e+03 
       1.271868446291e-02       6.517677288422e+03 
       1.272541165922e-02       6.518638884920e+03 
       1.273213922353e-02       6.519598775267e+03 
       1.273886715614e-02       6.520556960325e+03 
       1.274559545733e-02       6.521513440966e+03 
       1.275232412741e-02       6.522468218041e+03 
       1.275905316667e-02       6.523421282659e+03 
       1.276578257540e-02       6.524372654099e+03 
       1.277251235390e-02       6.525322324370e+03 
       1.277924250247e-02       6.526270294314e+03 
       1.278597302141e-02       6.527216564779e+03 
       1.279270391101e-02       6.528161136616e+03 
       1.279943517157e-02       6.529104010678e+03 
       1.280616680339e-02       6.530045187815e+03 
       1.281289880678e-02       6.530984668881e+03 
       1.281963118202e-02       6.531922454734e+03 
       1.282636392943e-02       6.532858541138e+03 
       1.283309704930e-02       6.533792938531e+03 
       1.283983054194e-02       6.534725643163e+03 
       1.284656440765e-02       6.535656655862e+03 
       1.285329864672e-02       6.536585977473e+03 
       1.286003325948e-02       6.537513608841e+03 
       1.286676824621e-02       6.538439550821e+03 
       1.287350360722e-02       6.539363804268e+03 
       1.288023934283e-02       6.540286370045e+03 
       1.288697545333e-02       6.541207251873e+03 
       1.289371193903e-02       6.542126434384e+03 
       1.290044880024e-02       6.543043941395e+03 
       1.290718603727e-02       6.543959763998e+03 
       1.291392365042e-02       6.544873903245e+03 
       1.292066164001e-02       6.545786356732e+03 
       1.292740000634e-02       6.546697130848e+03 
       1.293413874972e-02       6.547606223859e+03 
       1.294087787046e-02       6.548513636601e+03 
       1.294761736887e-02       6.549419369929e+03 
       1.295435724528e-02       6.550323424652e+03 
       1.296109749997e-02       6.551225801655e+03 
       1.296783813328e-02       6.552126501777e+03 
       1.297457914551e-02       6.553025525872e+03 
       1.298132053698e-02       6.553922874801e+03 
       1.298806230800e-02       6.554818538424e+03 
       1.299480445888e-02       6.555712539067e+03 
       1.300154698994e-02       6.556604866248e+03 
       1.300828990151e-02       6.557495521427e+03 
       1.301503319388e-02       6.558384505428e+03 
       1.302177686739e-02       6.559271819085e+03 
       1.302852092234e-02       6.560157463230e+03 
       1.303526535907e-02       6.561041438701e+03 
       1.304201017787e-02       6.561923746341e+03 
       1.304875537909e-02       6.562804386992e+03 
       1.305550096302e-02       6.563683361841e+03 
       1.306224693001e-02       6.564560664950e+03 
       1.306899328036e-02       6.565436309037e+03 
       1.307574001439e-02       6.566310289382e+03 
       1.308248713244e-02       6.567182606812e+03 
       1.308923463482e-02       6.568053262158e+03 
       1.309598252186e-02       6.568922256246e+03 
       1.310273079388e-02       6.569789589909e+03 
       1.310947945120e-02       6.570655263986e+03 
       1.311622849416e-02       6.571519279322e+03 
       1.312297792307e-02       6.572381634010e+03 
       1.312972773826e-02       6.573242328840e+03 
       1.313647794006e-02       6.574101372067e+03 
       1.314322852879e-02       6.574958759763e+03 
       1.314997950479e-02       6.575814492703e+03 
       1.315673086839e-02       6.576668569204e+03 
       1.316348261990e-02       6.577520994982e+03 
       1.317023475967e-02       6.578371768488e+03 
       1.317698728801e-02       6.579220890544e+03 
       1.318374020527e-02       6.580068361970e+03 
       1.319049351177e-02       6.580914183593e+03 
       1.319724720785e-02       6.581758356242e+03 
       1.320400129383e-02       6.582600880752e+03 
       1.321075577006e-02       6.583441757970e+03 
       1.321751063686e-02       6.584280988737e+03 
       1.322426589457e-02       6.585118562939e+03 
       1.323102154353e-02       6.585954502439e+03 
       1.323777758406e-02       6.586788797545e+03 
       1.324453401651e-02       6.587621449327e+03 
       1.325129084120e-02       6.588452458603e+03 
       1.325804805849e-02       6.589281826190e+03 
       1.326480566871e-02       6.590109552903e+03 
       1.327156367218e-02       6.590935639561e+03 
       1.327832206927e-02       6.591760086987e+03 
       1.328508086029e-02       6.592582896007e+03 
       1.329184004560e-02       6.593404068982e+03 
       1.329859962553e-02       6.594223596160e+03 
       1.330535960042e-02       6.595041494276e+03 
       1.331211997062e-02       6.595857757182e+03 
       1.331888073648e-02       6.596672385699e+03 
       1.332564189832e-02       6.597485380645e+03 
       1.333240345649e-02       6.598296742843e+03 
       1.333916541135e-02       6.599106473114e+03 
       1.334592776323e-02       6.599914572284e+03 
       1.335269051248e-02       6.600721041179e+03 
       1.335945365944e-02       6.601525872336e+03 
       1.336621720446e-02       6.602329082742e+03 
       1.337298114790e-02       6.603130664783e+03 
       1.337974549008e-02       6.603930619689e+03 
       1.338651023138e-02       6.604728949249e+03 
       1.339327537212e-02       6.605525648493e+03 
       1.340004091267e-02       6.606320726586e+03 
       1.340680685337e-02       6.607114180760e+03 
       1.341357319457e-02       6.607906011828e+03 
       1.342033993662e-02       6.608696220608e+03 
       1.342710707988e-02       6.609484807904e+03 
       1.343387462469e-02       6.610271774542e+03 
       1.344064257142e-02       6.611057121334e+03 
       1.344741092041e-02       6.611840849105e+03 
       1.345417967202e-02       6.612622958692e+03 
       1.346094882660e-02       6.613403439742e+03 
       1.346771838450e-02       6.614182314064e+03 
       1.347448834609e-02       6.614959572628e+03 
       1.348125871172e-02       6.615735216068e+03 
       1.348802948175e-02       6.616509245191e+03 
       1.349480065653e-02       6.617281660807e+03 
       1.350157223642e-02       6.618052463725e+03 
       1.350834422179e-02       6.618821654756e+03 
       1.351511661298e-02       6.619589234710e+03 
       1.352188941037e-02       6.620355204425e+03 
       1.352866261430e-02       6.621119564689e+03 
       1.353543622515e-02       6.621882310001e+03 
       1.354221024327e-02       6.622643453093e+03 
       1.354898466903e-02       6.623402989043e+03 
       1.355575950278e-02       6.624160918658e+03 
       1.356253474490e-02       6.624917242745e+03 
       1.356931039575e-02       6.625671962110e+03 
       1.357608645568e-02       6.626425077567e+03 
       1.358286292508e-02       6.627176589932e+03 
       1.358963980429e-02       6.627926500025e+03 
       1.359641709369e-02       6.628674812145e+03 
       1.360319479366e-02       6.629421507792e+03 
       1.360997290454e-02       6.630166615010e+03 
       1.361675142672e-02       6.630910123045e+03 
       1.362353036055e-02       6.631652032692e+03 
       1.363030970642e-02       6.632392341842e+03 
       1.363708946469e-02       6.633131056821e+03 
       1.364386963573e-02       6.633868175770e+03 
       1.365065021991e-02       6.634603699484e+03 
       1.365743121761e-02       6.635337628763e+03 
       1.366421262919e-02       6.636069964413e+03 
       1.367099445503e-02       6.636800707239e+03 
       1.367777669551e-02       6.637529858051e+03 
       1.368455935100e-02       6.638257417661e+03 
       1.369134242187e-02       6.638983386891e+03 
       1.369812590850e-02       6.639707766470e+03 
       1.370490981126e-02       6.640430545011e+03 
       1.371169413053e-02       6.641151746656e+03 
       1.371847886670e-02       6.641871360926e+03 
       1.372526402013e-02       6.642589388612e+03 
       1.373204959120e-02       6.643305830507e+03 
       1.373883558030e-02       6.644020687407e+03 
       1.374562198781e-02       6.644733960105e+03 
       1.375240881410e-02       6.645445649399e+03 
       1.375919605955e-02       6.646155756091e+03 
       1.376598372456e-02       6.646864280985e+03 
       1.377277180949e-02       6.647571226561e+03 
       1.377956031474e-02       6.648276581940e+03 
       1.378634924068e-02       6.648980365559e+03 
       1.379313858770e-02       6.649682570457e+03 
       1.379992835619e-02       6.650383197421e+03 
       1.380671854653e-02       6.651082247242e+03 
       1.381350915910e-02       6.651779720710e+03 
       1.382030019430e-02       6.652475618621e+03 
       1.382709165251e-02       6.653169941775e+03 
       1.383388353411e-02       6.653862690976e+03 
       1.384067583950e-02       6.654553869511e+03 
       1.384746856907e-02       6.655243461462e+03 
       1.385426172320e-02       6.655931492672e+03 
       1.386105530229e-02       6.656617952981e+03 
       1.386784930672e-02       6.657302843181e+03 
       1.387464373689e-02       6.657986160940e+03 
       1.388143859318e-02       6.658667913055e+03 
       1.388823387601e-02       6.659348097285e+03 
       1.389502958574e-02       6.660026714490e+03 
       1.390182572279e-02       6.660703765454e+03 
       1.390862228754e-02       6.661379250961e+03 
       1.391541928039e-02       6.662053171799e+03 
       1.392221670173e-02       6.662725528762e+03 
       1.392901455197e-02       6.663396322641e+03 
       1.393581283149e-02       6.664065554239e+03 
       1.394261154071e-02       6.664733224367e+03 
       1.394941068000e-02       6.665399319817e+03 
       1.395621024978e-02       6.666063869661e+03 
       1.396301025045e-02       6.666726858755e+03 
       1.396981068239e-02       6.667388289333e+03 
       1.397661154603e-02       6.668048162171e+03 
       1.398341284175e-02       6.668706478044e+03 
       1.399021456995e-02       6.669363237730e+03 
       1.399701673105e-02       6.670018442007e+03 
       1.400381932544e-02       6.670672091657e+03 
       1.401062235353e-02       6.671324187462e+03 
       1.401742581572e-02       6.671974730219e+03 
       1.402422971243e-02       6.672623722813e+03 
       1.403103404404e-02       6.673271152551e+03 
       1.403783881098e-02       6.673917040140e+03 
       1.404464401364e-02       6.674561377706e+03 
       1.405144965244e-02       6.675204166028e+03 
       1.405825572779e-02       6.675845405894e+03 
       1.406506224008e-02       6.676485098073e+03 
       1.407186918974e-02       6.677123243340e+03 
       1.407867657718e-02       6.677759842479e+03 
       1.408548440279e-02       6.678394896274e+03 
       1.409229266701e-02       6.679028408018e+03 
       1.409910137023e-02       6.679660363098e+03 
       1.410591051287e-02       6.680290784714e+03 
       1.411272009535e-02       6.680919663990e+03 
       1.411953011808e-02       6.681547001706e+03 
       1.412634058147e-02       6.682172798650e+03 
       1.413315148594e-02       6.682797055611e+03 
       1.413996283191e-02       6.683419773388e+03 
       1.414677461978e-02       6.684040952779e+03 
       1.415358684999e-02       6.684660581040e+03 
       1.416039952294e-02       6.685278684736e+03 
       1.416721263907e-02       6.685895252065e+03 
       1.417402619877e-02       6.686510283880e+03 
       1.418084020248e-02       6.687123780949e+03 
       1.418765465062e-02       6.687735744042e+03 
       1.419446954361e-02       6.688346173922e+03 
       1.420128488187e-02       6.688955071367e+03 
       1.420810066581e-02       6.689562437148e+03 
       1.421491689588e-02       6.690168272048e+03 
       1.422173357248e-02       6.690772578039e+03 
       1.422855069605e-02       6.691375344979e+03 
       1.423536826700e-02       6.691976591157e+03 
       1.424218628577e-02       6.692576309437e+03 
       1.424900475279e-02       6.693174500582e+03 
       1.425582366847e-02       6.693771165355e+03 
       1.426264303324e-02       6.694366304556e+03 
       1.426946284755e-02       6.694959918870e+03 
       1.427628311180e-02       6.695552009159e+03 
       1.428310382644e-02       6.696142576176e+03 
       1.428992499190e-02       6.696731623014e+03 
       1.429674660860e-02       6.697319133034e+03 
       1.430356867697e-02       6.697905133794e+03 
       1.431039119746e-02       6.698489614209e+03 
       1.431721417049e-02       6.699072574983e+03 
       1.432403759649e-02       6.699654013649e+03 
       1.433086147591e-02       6.700233937291e+03 
       1.433768580917e-02       6.700812343607e+03 
       1.434451059671e-02       6.701389233309e+03 
       1.435133583897e-02       6.701964607205e+03 
       1.435816153638e-02       6.702538466044e+03 
       1.436498768939e-02       6.703110810592e+03 
       1.437181429843e-02       6.703681641616e+03 
       1.437864136394e-02       6.704250959891e+03 
       1.438546888636e-02       6.704818766196e+03 
       1.439229686613e-02       6.705385066737e+03 
       1.439912530369e-02       6.705949831282e+03 
       1.440595419948e-02       6.706513104820e+03 
       1.441278355395e-02       6.707074869240e+03 
       1.441961336753e-02       6.707635125295e+03 
       1.442644364068e-02       6.708193873742e+03 
       1.443327437384e-02       6.708751115334e+03 
       1.444010556744e-02       6.709306850827e+03 
       1.444693722195e-02       6.709861080983e+03 
       1.445376933779e-02       6.710413806562e+03 
       1.446060191543e-02       6.710965028333e+03 
       1.446743495531e-02       6.711514739224e+03 
       1.447426845787e-02       6.712062955415e+03 
       1.448110242357e-02       6.712609669449e+03 
       1.448793685286e-02       6.713154882569e+03 
       1.449477174618e-02       6.713698595531e+03 
       1.450160710399e-02       6.714240809096e+03 
       1.450844292674e-02       6.714781524022e+03 
       1.451527921488e-02       6.715320741076e+03 
       1.452211596886e-02       6.715858461019e+03 
       1.452895318915e-02       6.716394684604e+03 
       1.453579087619e-02       6.716929402271e+03 
       1.454262903043e-02       6.717462634437e+03 
       1.454946765235e-02       6.717994372389e+03 
       1.455630674238e-02       6.718524616857e+03 
       1.456314630099e-02       6.719053367802e+03 
       1.456998632864e-02       6.719580624581e+03 
       1.457682682578e-02       6.720106392696e+03 
       1.458366779288e-02       6.720630670258e+03 
       1.459050923039e-02       6.721153458031e+03 
       1.459735113878e-02       6.721674756727e+03 
       1.460419351851e-02       6.722194567143e+03 
       1.461103637003e-02       6.722712890019e+03 
       1.461787969382e-02       6.723229726115e+03 
       1.462472349033e-02       6.723745076200e+03 
       1.463156776003e-02       6.724258941044e+03 
       1.463841250339e-02       6.724771306651e+03 
       1.464525772086e-02       6.725282201950e+03 
       1.465210341293e-02       6.725791613936e+03 
       1.465894958004e-02       6.726299543447e+03 
       1.466579622268e-02       6.726805991193e+03 
       1.467264334130e-02       6.727310957941e+03 
       1.467949093639e-02       6.727814444427e+03 
       1.468633900840e-02       6.728316451396e+03 
       1.469318755781e-02       6.728816979600e+03 
       1.470003658509e-02       6.729316029791e+03 
       1.470688609071e-02       6.729813603842e+03 
       1.471373607514e-02       6.730309691137e+03 
       1.472058653887e-02       6.730804310993e+03 
       1.472743748235e-02       6.731297455698e+03 
       1.473428890607e-02       6.731789125989e+03 
       1.474114081051e-02       6.732279322607e+03 
       1.474799319613e-02       6.732768046292e+03 
       1.475484606341e-02       6.733255297786e+03 
       1.476169941284e-02       6.733741077835e+03 
       1.476855324489e-02       6.734225387197e+03 
       1.477540756003e-02       6.734708230241e+03 
       1.478226235876e-02       6.735189585502e+03 
       1.478911764154e-02       6.735669486163e+03 
       1.479597340886e-02       6.736147918951e+03 
       1.480282966121e-02       6.736624884550e+03 
       1.480968639906e-02       6.737100380118e+03 
       1.481654362290e-02       6.737574413359e+03 
       1.482340133321e-02       6.738046981616e+03 
       1.483025953047e-02       6.738518085624e+03 
       1.483711821518e-02       6.738987726116e+03 
       1.484397738782e-02       6.739455903847e+03 
       1.485083704887e-02       6.739922619497e+03 
       1.485769719882e-02       6.740387873863e+03 
       1.486455783816e-02       6.740851667674e+03 
       1.487141896738e-02       6.741314001688e+03 
       1.487828058697e-02       6.741774881273e+03 
       1.488514269742e-02       6.742234277347e+03 
       1.489200529922e-02       6.742692234890e+03 
       1.489886839286e-02       6.743148735364e+03 
       1.490573197884e-02       6.743603779495e+03 
       1.491259605764e-02       6.744057368015e+03 
       1.491946062977e-02       6.744509501657e+03 
       1.492632569571e-02       6.744960181148e+03 
       1.493319125597e-02       6.745409407218e+03 
       1.494005731103e-02       6.745857180604e+03 
       1.494692386140e-02       6.746303502040e+03 
       1.495379090757e-02       6.746748364228e+03 
       1.496065845005e-02       6.747191783304e+03 
       1.496752648932e-02       6.747633752414e+03 
       1.497439502590e-02       6.748074272368e+03 
       1.498126406027e-02       6.748513343892e+03 
       1.498813359295e-02       6.748950967716e+03 
       1.499500362443e-02       6.749387144572e+03 
       1.500187415522e-02       6.749821875196e+03 
       1.500874518583e-02       6.750255160331e+03 
       1.501561671674e-02       6.750687000720e+03 
       1.502248874848e-02       6.751117386115e+03 
       1.502936128154e-02       6.751546337951e+03 
       1.503623431644e-02       6.751973847287e+03 
       1.504310785367e-02       6.752399914621e+03 
       1.504998189376e-02       6.752824542079e+03 
       1.505685643720e-02       6.753247722128e+03 
       1.506373148450e-02       6.753669467395e+03 
       1.507060703618e-02       6.754089773488e+03 
       1.507748309275e-02       6.754508641127e+03 
       1.508435965472e-02       6.754926071036e+03 
       1.509123672260e-02       6.755342063939e+03 
       1.509811429691e-02       6.755756620569e+03 
       1.510499237815e-02       6.756169741662e+03 
       1.511187096684e-02       6.756581427958e+03 
       1.511875006351e-02       6.756991680205e+03 
       1.512562966866e-02       6.757400490095e+03 
       1.513250978281e-02       6.757807868337e+03 
       1.513939040648e-02       6.758213821138e+03 
       1.514627154019e-02       6.758618342538e+03 
       1.515315318446e-02       6.759021433251e+03 
       1.516003533981e-02       6.759423093991e+03 
       1.516691800675e-02       6.759823325473e+03 
       1.517380118582e-02       6.760222128415e+03 
       1.518068487752e-02       6.760619503539e+03 
       1.518756908239e-02       6.761015451568e+03 
       1.519445380095e-02       6.761409973231e+03 
       1.520133903373e-02       6.761803060896e+03 
       1.520822478124e-02       6.762194731108e+03 
       1.521511104402e-02       6.762584977097e+03 
       1.522199782259e-02       6.762973799467e+03 
       1.522888511748e-02       6.763361198934e+03 
       1.523577292922e-02       6.763747176211e+03 
       1.524266125834e-02       6.764131732016e+03 
       1.524955010536e-02       6.764514867069e+03 
       1.525643947082e-02       6.764896582096e+03 
       1.526332935525e-02       6.765276877830e+03 
       1.527021975918e-02       6.765655743065e+03 
       1.527711068315e-02       6.766033201325e+03 
       1.528400212769e-02       6.766409242211e+03 
       1.529089409333e-02       6.766783868279e+03 
       1.529778658060e-02       6.767157076743e+03 
       1.530467959006e-02       6.767528870051e+03 
       1.531157312222e-02       6.767899248927e+03 
       1.531846717763e-02       6.768268214102e+03 
       1.532536175684e-02       6.768635766316e+03 
       1.533225686037e-02       6.769001893700e+03 
       1.533915248876e-02       6.769366616858e+03 
       1.534604864257e-02       6.769729932761e+03 
       1.535294532232e-02       6.770091838305e+03 
       1.535984252857e-02       6.770452334203e+03 
       1.536674026185e-02       6.770811421133e+03 
       1.537363852271e-02       6.771169099829e+03 
       1.538053731169e-02       6.771525370989e+03 
       1.538743662935e-02       6.771880235323e+03 
       1.539433647622e-02       6.772233693544e+03 
       1.540123685285e-02       6.772585746375e+03 
       1.540813775980e-02       6.772936385606e+03 
       1.541503919760e-02       6.773285628998e+03 
       1.542194116682e-02       6.773633468959e+03 
       1.542884366799e-02       6.773979906225e+03 
       1.543574670168e-02       6.774324941506e+03 
       1.544265026842e-02       6.774668575500e+03 
       1.544955436879e-02       6.775010808917e+03 
       1.545645900332e-02       6.775351642472e+03 
       1.546336417258e-02       6.775691076893e+03 
       1.547026987711e-02       6.776029112598e+03 
       1.547717611748e-02       6.776365738656e+03 
       1.548408289424e-02       6.776700978784e+03 
       1.549099020795e-02       6.777034822421e+03 
       1.549789805916e-02       6.777367270278e+03 
       1.550480644844e-02       6.777698320256e+03 
       1.551171537635e-02       6.778027976949e+03 
       1.551862484344e-02       6.778356241249e+03 
       1.552553485029e-02       6.778683112513e+03 
       1.553244539744e-02       6.779008591439e+03 
       1.553935648547e-02       6.779332678727e+03 
       1.554626811493e-02       6.779655375079e+03 
       1.555318028640e-02       6.779976681201e+03 
       1.556009300044e-02       6.780296597806e+03 
       1.556700625761e-02       6.780615125615e+03 
       1.557392005849e-02       6.780932265360e+03 
       1.558083440363e-02       6.781247999364e+03 
       1.558774929361e-02       6.781562364418e+03 
       1.559466472901e-02       6.781875342342e+03 
       1.560158071038e-02       6.782186934738e+03 
       1.560849723830e-02       6.782497142299e+03 
       1.561541431335e-02       6.782805965718e+03 
       1.562233193609e-02       6.783113405697e+03 
       1.562925010710e-02       6.783419462923e+03 
       1.563616882696e-02       6.783724138102e+03 
       1.564308809624e-02       6.784027431934e+03 
       1.565000791551e-02       6.784329345126e+03 
       1.565692828536e-02       6.784629868958e+03 
       1.566384920636e-02       6.784929022149e+03 
       1.567077067909e-02       6.785226796604e+03 
       1.567769270413e-02       6.785523193058e+03 
       1.568461528206e-02       6.785818212201e+03 
       1.569153841347e-02       6.786111854729e+03 
       1.569846209892e-02       6.786404121337e+03 
       1.570538633902e-02       6.786695012727e+03 
       1.571231113433e-02       6.786984529608e+03 
       1.571923648546e-02       6.787272672570e+03 
       1.572616239297e-02       6.787559429633e+03 
       1.573308885746e-02       6.787844825997e+03 
       1.574001587952e-02       6.788128850488e+03 
       1.574694345972e-02       6.788411503772e+03 
       1.575387159868e-02       6.788692787561e+03 
       1.576080029696e-02       6.788972694769e+03 
       1.576772955516e-02       6.789251238118e+03 
       1.577465937388e-02       6.789528412944e+03 
       1.578158975371e-02       6.789804219933e+03 
       1.578852069523e-02       6.790078659770e+03 
       1.579545219905e-02       6.790351733147e+03 
       1.580238426575e-02       6.790623440760e+03 
       1.580931689594e-02       6.790893783305e+03 
       1.581625009021e-02       6.791162761491e+03 
       1.582318384916e-02       6.791430376032e+03 
       1.583011817339e-02       6.791696625208e+03 
       1.583705306349e-02       6.791961497363e+03 
       1.584398852006e-02       6.792225023308e+03 
       1.585092454371e-02       6.792487188103e+03 
       1.585786113504e-02       6.792747992427e+03 
       1.586479829465e-02       6.793007436959e+03 
       1.587173602314e-02       6.793265522381e+03 
       1.587867432113e-02       6.793522249376e+03 
       1.588561318920e-02       6.793777618623e+03 
       1.589255262798e-02       6.794031630820e+03 
       1.589949263806e-02       6.794284286652e+03 
       1.590643322006e-02       6.794535580200e+03 
       1.591337437458e-02       6.794785521550e+03 
       1.592031610223e-02       6.795034111435e+03 
       1.592725840363e-02       6.795281347552e+03 
       1.593420127938e-02       6.795527230579e+03 
       1.594114473009e-02       6.795771761197e+03 
       1.594808875639e-02       6.796014940094e+03 
       1.595503335888e-02       6.796256767406e+03 
       1.596197853818e-02       6.796497244089e+03 
       1.596892429490e-02       6.796736371117e+03 
       1.597587062967e-02       6.796974143627e+03 
       1.598281754309e-02       6.797210564614e+03 
       1.598976503579e-02       6.797445645489e+03 
       1.599671310839e-02       6.797679379255e+03 
       1.600366176150e-02       6.797911766457e+03 
       1.601061099575e-02       6.798142803361e+03 
       1.601756081175e-02       6.798372499408e+03 
       1.602451121014e-02       6.798600850976e+03 
       1.603146219154e-02       6.798827858740e+03 
       1.603841375656e-02       6.799053523369e+03 
       1.604536590585e-02       6.799277845541e+03 
       1.605231864001e-02       6.799500825937e+03 
       1.605927195968e-02       6.799722465239e+03 
       1.606622586549e-02       6.799942764136e+03 
       1.607318035807e-02       6.800161723330e+03 
       1.608013543804e-02       6.800379343490e+03 
       1.608709110605e-02       6.800595605904e+03 
       1.609404736271e-02       6.800810548415e+03 
       1.610100420866e-02       6.801024153660e+03 
       1.610796164454e-02       6.801236422319e+03 
       1.611491967098e-02       6.801447355057e+03 
       1.612187828862e-02       6.801656952543e+03 
       1.612883749808e-02       6.801865215443e+03 
       1.613579730002e-02       6.802072144427e+03 
       1.614275769506e-02       6.802277740168e+03 
       1.614971868385e-02       6.802482003344e+03 
       1.615668026703e-02       6.802684934646e+03 
       1.616364244524e-02       6.802886524594e+03 
       1.617060521911e-02       6.803086793208e+03 
       1.617756858930e-02       6.803285731848e+03 
       1.618453255644e-02       6.803483341137e+03 
       1.619149712118e-02       6.803679621662e+03 
       1.619846228417e-02       6.803874574232e+03 
       1.620542804605e-02       6.804068199450e+03 
       1.621239440748e-02       6.804260497992e+03 
       1.621936136908e-02       6.804451470535e+03 
       1.622632893153e-02       6.804641117769e+03 
       1.623329709546e-02       6.804829425002e+03 
       1.624026586154e-02       6.805016423936e+03 
       1.624723523040e-02       6.805202097861e+03 
       1.625420520271e-02       6.805386448958e+03 
       1.626117577911e-02       6.805569477837e+03 
       1.626814696027e-02       6.805751180383e+03 
       1.627511874683e-02       6.805931566527e+03 
       1.628209113946e-02       6.806110632347e+03 
       1.628906413882e-02       6.806288378630e+03 
       1.629603774555e-02       6.806464805980e+03 
       1.630301196032e-02       6.806639915053e+03 
       1.630998678380e-02       6.806813706524e+03 
       1.631696221663e-02       6.806986181056e+03 
       1.632393825950e-02       6.807157339325e+03 
       1.633091491305e-02       6.807327182010e+03 
       1.633789217795e-02       6.807495709770e+03 
       1.634487005487e-02       6.807662903209e+03 
       1.635184854448e-02       6.807828801583e+03 
       1.635882764743e-02       6.807993386651e+03 
       1.636580736441e-02       6.808156659189e+03 
       1.637278769607e-02       6.808318619781e+03 
       1.637976864309e-02       6.808479269205e+03 
       1.638675020614e-02       6.808638608060e+03 
       1.639373238589e-02       6.808796636997e+03 
       1.640071518302e-02       6.808953356685e+03 
       1.640769859819e-02       6.809108767778e+03 
       1.641468263209e-02       6.809262870952e+03 
       1.642166728538e-02       6.809415655335e+03 
       1.642865255875e-02       6.809567144884e+03 
       1.643563845287e-02       6.809717327184e+03 
       1.644262496843e-02       6.809866204037e+03 
       1.644961210609e-02       6.810013776088e+03 
       1.645659986655e-02       6.810160043988e+03 
       1.646358825048e-02       6.810305008389e+03 
       1.647057725856e-02       6.810448669872e+03 
       1.647756689149e-02       6.810591029250e+03 
       1.648455714994e-02       6.810732087126e+03 
       1.649154803460e-02       6.810871848234e+03 
       1.649853954616e-02       6.811010285845e+03 
       1.650553168530e-02       6.811147441820e+03 
       1.651252445271e-02       6.811283298733e+03 
       1.651951784909e-02       6.811417857224e+03 
       1.652651187511e-02       6.811551113108e+03 
       1.653350653148e-02       6.811683076192e+03 
       1.654050181889e-02       6.811813742817e+03 
       1.654749773803e-02       6.811943113540e+03 
       1.655449428958e-02       6.812071189002e+03 
       1.656149147426e-02       6.812197969772e+03 
       1.656848929276e-02       6.812323456637e+03 
       1.657548774577e-02       6.812447650190e+03 
       1.658248683399e-02       6.812570551087e+03 
       1.658948655812e-02       6.812692160004e+03 
       1.659648691886e-02       6.812812477612e+03 
       1.660348791691e-02       6.812931489268e+03 
       1.661048955298e-02       6.813049219903e+03 
       1.661749182777e-02       6.813165665567e+03 
       1.662449474198e-02       6.813280822243e+03 
       1.663149829632e-02       6.813394690579e+03 
       1.663850249150e-02       6.813507271203e+03 
       1.664550732822e-02       6.813618564752e+03 
       1.665251280718e-02       6.813728571799e+03 
       1.665951892911e-02       6.813837293114e+03 
       1.666652569471e-02       6.813944729283e+03 
       1.667353310470e-02       6.814050880953e+03 
       1.668054115977e-02       6.814155753147e+03 
       1.668754986066e-02       6.814259322216e+03 
       1.669455920807e-02       6.814361623291e+03 
       1.670156920272e-02       6.814462642300e+03 
       1.670857984532e-02       6.814562379878e+03 
       1.671559113660e-02       6.814660836665e+03 
       1.672260307727e-02       6.814758013307e+03 
       1.672961566805e-02       6.814853910447e+03 
       1.673662890966e-02       6.814948528732e+03 
       1.674364280283e-02       6.815041868816e+03 
       1.675065734828e-02       6.815133931619e+03 
       1.675767254672e-02       6.815224701815e+03 
       1.676468839889e-02       6.815314209862e+03 
       1.677170490552e-02       6.815402442087e+03 
       1.677872206732e-02       6.815489399121e+03 
       1.678573988503e-02       6.815575083019e+03 
       1.679275835937e-02       6.815659484855e+03 
       1.679977749109e-02       6.815742619652e+03 
       1.680679728090e-02       6.815824481719e+03 
       1.681381772953e-02       6.815905071700e+03 
       1.682083883774e-02       6.815984390223e+03 
       1.682786060624e-02       6.816062437926e+03 
       1.683488303577e-02       6.816139215446e+03 
       1.684190612707e-02       6.816214723349e+03 
       1.684892988088e-02       6.816288962426e+03 
       1.685595429793e-02       6.816361933269e+03 
       1.686297937897e-02       6.816433641485e+03 
       1.687000512473e-02       6.816504051398e+03 
       1.687703153596e-02       6.816573219553e+03 
       1.688405861340e-02       6.816641121747e+03 
       1.689108635779e-02       6.816707758605e+03 
       1.689811476989e-02       6.816773130748e+03 
       1.690514385042e-02       6.816837238805e+03 
       1.691217360016e-02       6.816900083411e+03 
       1.691920401983e-02       6.816961665189e+03 
       1.692623511019e-02       6.817021984774e+03 
       1.693326687199e-02       6.817081042730e+03 
       1.694029930598e-02       6.817138839466e+03 
       1.694733241291e-02       6.817195365538e+03 
       1.695436619354e-02       6.817250641732e+03 
       1.696140064863e-02       6.817304658754e+03 
       1.696843577892e-02       6.817357417219e+03 
       1.697547158517e-02       6.817408917755e+03 
       1.698250806815e-02       6.817459160985e+03 
       1.698954522861e-02       6.817508147536e+03 
       1.699658306731e-02       6.817555878036e+03 
       1.700362158502e-02       6.817602353129e+03 
       1.701066078248e-02       6.817647573450e+03 
       1.701770066048e-02       6.817691524437e+03 
       1.702474121977e-02       6.817734236130e+03 
       1.703178246112e-02       6.817775694416e+03 
       1.703882438529e-02       6.817815900321e+03 
       1.704586699306e-02       6.817854854518e+03 
       1.705291028519e-02       6.817892551996e+03 
       1.705995426245e-02       6.817929003828e+03 
       1.706699892561e-02       6.817964205628e+03 
       1.707404427545e-02       6.817998158004e+03 
       1.708109031273e-02       6.818030861588e+03 
       1.708813703824e-02       6.818062316991e+03 
       1.709518445275e-02       6.818092524846e+03 
       1.710223255703e-02       6.818121485775e+03 
       1.710928135186e-02       6.818149200406e+03 
       1.711633083803e-02       6.818175669385e+03 
       1.712338101631e-02       6.818200893256e+03 
       1.713043188748e-02       6.818224851414e+03 
       1.713748345232e-02       6.818247585526e+03 
       1.714453571163e-02       6.818269076129e+03 
       1.715158866617e-02       6.818289323928e+03 
       1.715864231675e-02       6.818308329534e+03 
       1.716569666414e-02       6.818326093558e+03 
       1.717275170914e-02       6.818342616614e+03 
       1.717980745252e-02       6.818357899319e+03 
       1.718686389509e-02       6.818371942304e+03 
       1.719392103764e-02       6.818384746164e+03 
       1.720097888095e-02       6.818396311550e+03 
       1.720803742582e-02       6.818406625988e+03 
       1.721509667305e-02       6.818415717285e+03 
       1.722215662343e-02       6.818423569834e+03 
       1.722921727775e-02       6.818430186202e+03 
       1.723627863682e-02       6.818435566995e+03 
       1.724334070144e-02       6.818439712835e+03 
       1.725040347241e-02       6.818442624334e+03 
       1.725746695052e-02       6.818444302114e+03 
       1.726453113658e-02       6.818444746795e+03 
       1.727159603140e-02       6.818443959016e+03 
       1.727866163577e-02       6.818441945730e+03 
       1.728572795052e-02       6.818438672434e+03 
       1.729279497643e-02       6.818434189590e+03 
       1.729986271433e-02       6.818428476549e+03 
       1.730693116502e-02       6.818421533915e+03 
       1.731400032932e-02       6.818413356671e+03 
       1.732107020803e-02       6.818403956523e+03 
       1.732814080197e-02       6.818393328242e+03 
       1.733521211195e-02       6.818381472719e+03 
       1.734228413879e-02       6.818368390562e+03 
       1.734935688331e-02       6.818354082398e+03 
       1.735643034632e-02       6.818338548785e+03 
       1.736350452864e-02       6.818321790388e+03 
       1.737057943110e-02       6.818303807800e+03 
       1.737765505451e-02       6.818284601660e+03 
       1.738473139970e-02       6.818264172600e+03 
       1.739180846749e-02       6.818242527445e+03 
       1.739888625871e-02       6.818219625308e+03 
       1.740596477419e-02       6.818195529127e+03 
       1.741304401474e-02       6.818170212244e+03 
       1.742012398121e-02       6.818143675197e+03 
       1.742720467441e-02       6.818115918577e+03 
       1.743428609519e-02       6.818086942991e+03 
       1.744136824436e-02       6.818056749033e+03 
       1.744845112278e-02       6.818025337308e+03 
       1.745553473127e-02       6.817992708424e+03 
       1.746261907066e-02       6.817958862992e+03 
       1.746970414180e-02       6.817923803600e+03 
       1.747678994553e-02       6.817887513131e+03 
       1.748387648267e-02       6.817850020692e+03 
       1.749096375409e-02       6.817811313975e+03 
       1.749805176060e-02       6.817771393499e+03 
       1.750514050307e-02       6.817730259999e+03 
       1.751222998233e-02       6.817687914010e+03 
       1.751932019923e-02       6.817644356132e+03 
       1.752641115462e-02       6.817599586982e+03 
       1.753350284934e-02       6.817553607166e+03 
       1.754059528425e-02       6.817506417294e+03 
       1.754768846019e-02       6.817458002273e+03 
       1.755478237802e-02       6.817408392746e+03 
       1.756187703859e-02       6.817357574855e+03 
       1.756897244275e-02       6.817305549126e+03 
       1.757606859136e-02       6.817252317010e+03 
       1.758316548528e-02       6.817197870941e+03 
       1.759026312537e-02       6.817142224771e+03 
       1.759736151248e-02       6.817085372973e+03 
       1.760446064747e-02       6.817027316299e+03 
       1.761156053121e-02       6.816968055266e+03 
       1.761866116457e-02       6.816907590469e+03 
       1.762576254839e-02       6.816845922504e+03 
       1.763286468356e-02       6.816783051977e+03 
       1.763996757093e-02       6.816718979497e+03 
       1.764707121138e-02       6.816653705672e+03 
       1.765417560578e-02       6.816587231122e+03 
       1.766128075499e-02       6.816519534524e+03 
       1.766838665988e-02       6.816450658107e+03 
       1.767549332134e-02       6.816380582882e+03 
       1.768260074023e-02       6.816309309023e+03 
       1.768970891743e-02       6.816236837030e+03 
       1.769681785382e-02       6.816163167641e+03 
       1.770392755028e-02       6.816088301376e+03 
       1.771103800768e-02       6.816012238821e+03 
       1.771814922691e-02       6.815934980570e+03 
       1.772526120884e-02       6.815856527214e+03 
       1.773237395437e-02       6.815776879352e+03 
       1.773948746438e-02       6.815696039920e+03 
       1.774660173974e-02       6.815613990124e+03 
       1.775371678136e-02       6.815530761236e+03 
       1.776083259012e-02       6.815446340044e+03 
       1.776794916691e-02       6.815360727139e+03 
       1.777506651261e-02       6.815273923098e+03 
       1.778218462813e-02       6.815185928435e+03 
       1.778930351436e-02       6.815096743880e+03 
       1.779642317218e-02       6.815006369960e+03 
       1.780354360251e-02       6.814914807274e+03 
       1.781066480623e-02       6.814822056518e+03 
       1.781778678424e-02       6.814728101528e+03 
       1.782490953745e-02       6.814632974788e+03 
       1.783203306675e-02       6.814536661435e+03 
       1.783915737306e-02       6.814439162065e+03 
       1.784628245727e-02       6.814340479554e+03 
       1.785340832029e-02       6.814240601785e+03 
       1.786053496302e-02       6.814139547353e+03 
       1.786766238638e-02       6.814037309146e+03 
       1.787479059128e-02       6.813933887743e+03 
       1.788191957862e-02       6.813829283629e+03 
       1.788904934932e-02       6.813723497605e+03 
       1.789617990428e-02       6.813616530039e+03 
       1.790331124444e-02       6.813508381654e+03 
       1.791044337070e-02       6.813399053000e+03 
       1.791757628397e-02       6.813288544682e+03 
       1.792470998519e-02       6.813176857075e+03 
       1.793184447527e-02       6.813063968216e+03 
       1.793897975512e-02       6.812949922714e+03 
       1.794611582569e-02       6.812834699488e+03 
       1.795325268788e-02       6.812718299229e+03 
       1.796039034262e-02       6.812600722508e+03 
       1.796752879084e-02       6.812481969890e+03 
       1.797466803348e-02       6.812362041855e+03 
       1.798180807145e-02       6.812240939142e+03 
       1.798894890570e-02       6.812118662254e+03 
       1.799609053715e-02       6.811995211773e+03 
       1.800323296673e-02       6.811870588286e+03 
       1.801037619539e-02       6.811744792421e+03 
       1.801752022406e-02       6.811617811898e+03 
       1.802466505367e-02       6.811489671776e+03 
       1.803181068518e-02       6.811360360791e+03 
       1.803895711950e-02       6.811229879528e+03 
       1.804610435760e-02       6.811098228531e+03 
       1.805325240041e-02       6.810965408394e+03 
       1.806040124888e-02       6.810831419683e+03 
       1.806755090395e-02       6.810696262897e+03 
       1.807470136658e-02       6.810559938767e+03 
       1.808185263771e-02       6.810422447200e+03 
       1.808900471828e-02       6.810283773776e+03 
       1.809615760927e-02       6.810143949496e+03 
       1.810331131161e-02       6.810002959923e+03 
       1.811046582626e-02       6.809860805607e+03 
       1.811762115417e-02       6.809717488403e+03 
       1.812477729632e-02       6.809573000599e+03 
       1.813193425364e-02       6.809427355088e+03 
       1.813909202712e-02       6.809280547044e+03 
       1.814625061770e-02       6.809132577044e+03 
       1.815341002634e-02       6.808983445651e+03 
       1.816057025403e-02       6.808833153357e+03 
       1.816773130171e-02       6.808681700888e+03 
       1.817489317036e-02       6.808529088755e+03 
       1.818205586094e-02       6.808375298775e+03 
       1.818921937444e-02       6.808220369164e+03 
       1.819638371181e-02       6.808064279888e+03 
       1.820354887403e-02       6.807907032997e+03 
       1.821071486208e-02       6.807748629053e+03 
       1.821788167693e-02       6.807589068618e+03 
       1.822504931957e-02       6.807428352252e+03 
       1.823221779096e-02       6.807266480531e+03 
       1.823938709209e-02       6.807103456799e+03 
       1.824655722394e-02       6.806939263877e+03 
       1.825372818749e-02       6.806773928701e+03 
       1.826089998374e-02       6.806607440214e+03 
       1.826807261366e-02       6.806439799149e+03 
       1.827524607824e-02       6.806271005993e+03 
       1.828242037847e-02       6.806101061320e+03 
       1.828959551535e-02       6.805929965704e+03 
       1.829677148986e-02       6.805757706544e+03 
       1.830394830300e-02       6.805584310671e+03 
       1.831112595577e-02       6.805409764479e+03 
       1.831830444915e-02       6.805234070835e+03 
       1.832548378415e-02       6.805057217112e+03 
       1.833266396177e-02       6.804879225282e+03 
       1.833984498300e-02       6.804700086149e+03 
       1.834702684886e-02       6.804519800260e+03 
       1.835420956034e-02       6.804338368058e+03 
       1.836139311845e-02       6.804155790279e+03 
       1.836857752419e-02       6.803972067388e+03 
       1.837576277858e-02       6.803787199939e+03 
       1.838294888262e-02       6.803601188483e+03 
       1.839013583733e-02       6.803414033580e+03 
       1.839732364372e-02       6.803225735785e+03 
       1.840451230280e-02       6.803036295658e+03 
       1.841170181560e-02       6.802845713760e+03 
       1.841889218311e-02       6.802653990669e+03 
       1.842608340637e-02       6.802461126956e+03 
       1.843327548640e-02       6.802267123212e+03 
       1.844046842421e-02       6.802071979546e+03 
       1.844766222084e-02       6.801875661184e+03 
       1.845485687730e-02       6.801678237969e+03 
       1.846205239462e-02       6.801479676412e+03 
       1.846924877384e-02       6.801279977182e+03 
       1.847644601597e-02       6.801079140824e+03 
       1.848364412205e-02       6.800877167878e+03 
       1.849084309312e-02       6.800674058881e+03 
       1.849804293021e-02       6.800469814373e+03 
       1.850524363434e-02       6.800264434891e+03 
       1.851244520657e-02       6.800057920989e+03 
       1.851964764793e-02       6.799850273203e+03 
       1.852685095945e-02       6.799641492081e+03 
       1.853405514219e-02       6.799431578143e+03 
       1.854126019719e-02       6.799220531872e+03 
       1.854846612548e-02       6.799008353971e+03 
       1.855567292812e-02       6.798795044926e+03 
       1.856288060615e-02       6.798580605298e+03 
       1.857008916063e-02       6.798365017544e+03 
       1.857729859260e-02       6.798148316099e+03 
       1.858450890312e-02       6.797930486291e+03 
       1.859172009324e-02       6.797711527843e+03 
       1.859893216402e-02       6.797491441284e+03 
       1.860614511652e-02       6.797270227154e+03 
       1.861335895179e-02       6.797047885987e+03 
       1.862057367090e-02       6.796824418321e+03 
       1.862778927490e-02       6.796599824694e+03 
       1.863500576487e-02       6.796374105558e+03 
       1.864222314187e-02       6.796147261608e+03 
       1.864944140695e-02       6.795919293315e+03 
       1.865666056121e-02       6.795690201230e+03 
       1.866388060569e-02       6.795459985898e+03 
       1.867110154148e-02       6.795228647891e+03 
       1.867832336965e-02       6.794996187783e+03 
       1.868554609127e-02       6.794762580314e+03 
       1.869276970743e-02       6.794527875319e+03 
       1.869999421919e-02       6.794292049809e+03 
       1.870721962764e-02       6.794055104042e+03 
       1.871444593386e-02       6.793817038546e+03 
       1.872167313893e-02       6.793577853853e+03 
       1.872890124394e-02       6.793337550411e+03 
       1.873613024998e-02       6.793096130980e+03 
       1.874336015813e-02       6.792853583536e+03 
       1.875059096948e-02       6.792609926894e+03 
       1.875782268512e-02       6.792365153575e+03 
       1.876505530615e-02       6.792119264203e+03 
       1.877228883366e-02       6.791872259279e+03 
       1.877952326875e-02       6.791624139336e+03 
       1.878675861252e-02       6.791374904910e+03 
       1.879399486606e-02       6.791124556532e+03 
       1.880123203047e-02       6.790873094752e+03 
       1.880847010687e-02       6.790620520116e+03 
       1.881570909634e-02       6.790366833189e+03 
       1.882294900001e-02       6.790112011530e+03 
       1.883018981897e-02       6.789856098185e+03 
       1.883743155435e-02       6.789599075392e+03 
       1.884467420724e-02       6.789340942139e+03 
       1.885191777876e-02       6.789081698946e+03 
       1.885916227002e-02       6.788821346334e+03 
       1.886640768215e-02       6.788559884831e+03 
       1.887365401626e-02       6.788297314965e+03 
       1.888090127347e-02       6.788033637237e+03 
       1.888814945490e-02       6.787768852195e+03 
       1.889539856167e-02       6.787502960378e+03 
       1.890264859491e-02       6.787235962158e+03 
       1.890989955574e-02       6.786967845319e+03 
       1.891715144530e-02       6.786698635407e+03 
       1.892440426471e-02       6.786428320470e+03 
       1.893165801510e-02       6.786156901309e+03 
       1.893891269762e-02       6.785884378353e+03 
       1.894616831338e-02       6.785610752132e+03 
       1.895342486353e-02       6.785336023163e+03 
       1.896068234921e-02       6.785060191975e+03 
       1.896794077156e-02       6.784783259159e+03 
       1.897520013172e-02       6.784505225087e+03 
       1.898246043083e-02       6.784226095031e+03 
       1.898972167004e-02       6.783945837336e+03 
       1.899698385049e-02       6.783664501603e+03 
       1.900424697334e-02       6.783382066624e+03 
       1.901151103973e-02       6.783098532918e+03 
       1.901877605082e-02       6.782813903498e+03 
       1.902604200775e-02       6.782528164747e+03 
       1.903330891170e-02       6.782241337405e+03 
       1.904057676381e-02       6.781953413322e+03 
       1.904784556524e-02       6.781664393009e+03 
       1.905511531715e-02       6.781374276984e+03 
       1.906238602072e-02       6.781083065794e+03 
       1.906965767709e-02       6.780790759854e+03 
       1.907693028744e-02       6.780497359783e+03 
       1.908420385294e-02       6.780202866084e+03 
       1.909147837475e-02       6.779907279291e+03 
       1.909875385405e-02       6.779610599946e+03 
       1.910603029202e-02       6.779312839115e+03 
       1.911330768981e-02       6.779013938736e+03 
       1.912058604862e-02       6.778713982694e+03 
       1.912786536963e-02       6.778412935869e+03 
       1.913514565400e-02       6.778110798774e+03 
       1.914242690293e-02       6.777807571911e+03 
       1.914970911760e-02       6.777503255790e+03 
       1.915699229920e-02       6.777197850907e+03 
       1.916427644890e-02       6.776891357787e+03 
       1.917156156791e-02       6.776583776933e+03 
       1.917884765742e-02       6.776275108870e+03 
       1.918613471861e-02       6.775965354110e+03 
       1.919342275268e-02       6.775654517379e+03 
       1.920071176083e-02       6.775342572381e+03 
       1.920800174427e-02       6.775029563169e+03 
       1.921529270418e-02       6.774715465659e+03 
       1.922258464177e-02       6.774400283876e+03 
       1.922987755824e-02       6.774084018345e+03 
       1.923717145481e-02       6.773766669583e+03 
       1.924446633268e-02       6.773448238117e+03 
       1.925176219305e-02       6.773128730920e+03 
       1.925905903715e-02       6.772808109761e+03 
       1.926635686618e-02       6.772486431688e+03 
       1.927365568137e-02       6.772163672744e+03 
       1.928095548391e-02       6.771839833422e+03 
       1.928825627505e-02       6.771514910868e+03 
       1.929555805599e-02       6.771188909106e+03 
       1.930286082796e-02       6.770861831041e+03 
       1.931016459219e-02       6.770533674618e+03 
       1.931746934989e-02       6.770204440248e+03 
       1.932477510231e-02       6.769874128434e+03 
       1.933208185067e-02       6.769542739675e+03 
       1.933938959620e-02       6.769210274481e+03 
       1.934669834013e-02       6.768876733364e+03 
       1.935400808371e-02       6.768542116841e+03 
       1.936131882817e-02       6.768206425429e+03 
       1.936863057475e-02       6.767869658745e+03 
       1.937594332469e-02       6.767531794131e+03 
       1.938325707923e-02       6.767192879072e+03 
       1.939057183963e-02       6.766852890915e+03 
       1.939788760713e-02       6.766511829997e+03 
       1.940520438297e-02       6.766169696996e+03 
       1.941252216842e-02       6.765826492316e+03 
       1.941984096472e-02       6.765482216459e+03 
       1.942716077312e-02       6.765136869919e+03 
       1.943448159489e-02       6.764790453195e+03 
       1.944180343129e-02       6.764442966787e+03 
       1.944912628357e-02       6.764094411198e+03 
       1.945645015299e-02       6.763744785223e+03 
       1.946377504084e-02       6.763394080310e+03 
       1.947110094836e-02       6.763042319020e+03 
       1.947842787683e-02       6.762689490364e+03 
       1.948575582752e-02       6.762335594835e+03 
       1.949308480170e-02       6.761980632817e+03 
       1.950041480065e-02       6.761624605002e+03 
       1.950774582565e-02       6.761267511809e+03 
       1.951507787797e-02       6.760909353721e+03 
       1.952241095889e-02       6.760550131250e+03 
       1.952974506969e-02       6.760189844361e+03 
       1.953708021167e-02       6.759828476555e+03 
       1.954441638610e-02       6.759466062514e+03 
       1.955175359428e-02       6.759102585876e+03 
       1.955909183750e-02       6.758738047139e+03 
       1.956643111705e-02       6.758372448159e+03 
       1.957377143422e-02       6.758005778795e+03 
       1.958111279031e-02       6.757638056132e+03 
       1.958845518662e-02       6.757269273115e+03 
       1.959579862445e-02       6.756899430422e+03 
       1.960314310510e-02       6.756528528439e+03 
       1.961048862987e-02       6.756156567665e+03 
       1.961783520009e-02       6.755783548578e+03 
       1.962518281704e-02       6.755409471683e+03 
       1.963253148205e-02       6.755034337477e+03 
       1.963988119642e-02       6.754658146464e+03 
       1.964723196148e-02       6.754280899147e+03 
       1.965458377853e-02       6.753902565933e+03 
       1.966193664890e-02       6.753523210040e+03 
       1.966929057391e-02       6.753142794572e+03 
       1.967664555488e-02       6.752761324371e+03 
       1.968400159314e-02       6.752378800073e+03 
       1.969135869001e-02       6.751995222079e+03 
       1.969871684682e-02       6.751610590874e+03 
       1.970607606491e-02       6.751224906909e+03 
       1.971343634560e-02       6.750838170692e+03 
       1.972079769024e-02       6.750450382684e+03 
       1.972816010016e-02       6.750061543394e+03 
       1.973552357670e-02       6.749671655295e+03 
       1.974288812120e-02       6.749280698896e+03 
       1.975025373501e-02       6.748888707523e+03 
       1.975762041947e-02       6.748495666617e+03 
       1.976498817593e-02       6.748101576654e+03 
       1.977235700574e-02       6.747706438018e+03 
       1.977972691025e-02       6.747310251352e+03 
       1.978709789082e-02       6.746913017068e+03 
       1.979446994881e-02       6.746514735641e+03 
       1.980184308557e-02       6.746115407572e+03 
       1.980921730246e-02       6.745715033354e+03 
       1.981659260085e-02       6.745313595874e+03 
       1.982396898210e-02       6.744911128564e+03 
       1.983134644758e-02       6.744507617161e+03 
       1.983872499865e-02       6.744103061296e+03 
       1.984610463670e-02       6.743697461434e+03 
       1.985348536309e-02       6.743290811740e+03 
       1.986086717920e-02       6.742883124697e+03 
       1.986825008640e-02       6.742474395009e+03 
       1.987563408609e-02       6.742064623199e+03 
       1.988301917963e-02       6.741653809656e+03 
       1.989040536842e-02       6.741241954846e+03 
       1.989779265384e-02       6.740829059251e+03 
       1.990518103728e-02       6.740415123347e+03 
       1.991257052013e-02       6.740000147614e+03 
       1.991996110378e-02       6.739584132534e+03 
       1.992735278964e-02       6.739167078614e+03 
       1.993474557909e-02       6.738748993777e+03 
       1.994213947353e-02       6.738329828941e+03 
       1.994953447438e-02       6.737909659216e+03 
       1.995693058303e-02       6.737488452232e+03 
       1.996432780090e-02       6.737066208345e+03 
       1.997172612938e-02       6.736642928188e+03 
       1.997912556989e-02       6.736218612138e+03 
       1.998652612384e-02       6.735793260655e+03 
       1.999392779265e-02       6.735366874207e+03 
       2.000133057774e-02       6.734939453256e+03 
       2.000873448052e-02       6.734510998268e+03 
       2.001613950242e-02       6.734081509711e+03 
       2.002354564487e-02       6.733650971946e+03 
       2.003095290928e-02       6.733219419023e+03 
       2.003836129709e-02       6.732786831399e+03 
       2.004577080973e-02       6.732353211908e+03 
       2.005318144864e-02       6.731918561004e+03 
       2.006059321524e-02       6.731482879043e+03 
       2.006800611097e-02       6.731046166674e+03 
       2.007542013729e-02       6.730608424274e+03 
       2.008283529562e-02       6.730169652307e+03 
       2.009025158742e-02       6.729729851249e+03 
       2.009766901413e-02       6.729289023541e+03 
       2.010508757720e-02       6.728847144311e+03 
       2.011250727808e-02       6.728404257296e+03 
       2.011992811823e-02       6.727960342802e+03 
       2.012735009910e-02       6.727515401312e+03 
       2.013477322215e-02       6.727069435645e+03 
       2.014219748884e-02       6.726622432353e+03 
       2.014962290065e-02       6.726174412042e+03 
       2.015704945902e-02       6.725725366356e+03 
       2.016447716543e-02       6.725275295940e+03 
       2.017190602135e-02       6.724824201153e+03 
       2.017933602825e-02       6.724372082456e+03 
       2.018676718761e-02       6.723918940299e+03 
       2.019419950091e-02       6.723464775144e+03 
       2.020163296962e-02       6.723009587453e+03 
       2.020906759523e-02       6.722553377697e+03 
       2.021650337922e-02       6.722096146332e+03 
       2.022394032307e-02       6.721637862444e+03 
       2.023137842829e-02       6.721178592120e+03 
       2.023881769635e-02       6.720718296459e+03 
       2.024625812876e-02       6.720256980607e+03 
       2.025369972700e-02       6.719794645197e+03 
       2.026114249258e-02       6.719331290570e+03 
       2.026858642701e-02       6.718866917172e+03 
       2.027603153177e-02       6.718401525458e+03 
       2.028347780838e-02       6.717935115871e+03 
       2.029092525836e-02       6.717467688860e+03 
       2.029837388319e-02       6.716999244878e+03 
       2.030582368442e-02       6.716529784694e+03 
       2.031327466353e-02       6.716059293433e+03 
       2.032072682206e-02       6.715587800131e+03 
       2.032818016153e-02       6.715115291485e+03 
       2.033563468346e-02       6.714641767928e+03 
       2.034309038937e-02       6.714167229798e+03 
       2.035054728079e-02       6.713691677726e+03 
       2.035800535926e-02       6.713215112063e+03 
       2.036546462630e-02       6.712737533259e+03 
       2.037292508345e-02       6.712258941772e+03 
       2.038038673224e-02       6.711779338056e+03 
       2.038784957423e-02       6.711298728236e+03 
       2.039531361095e-02       6.710817075516e+03 
       2.040277884394e-02       6.710334436205e+03 
       2.041024527476e-02       6.709850786227e+03 
       2.041771290495e-02       6.709366126016e+03 
       2.042518173607e-02       6.708880449184e+03 
       2.043265176967e-02       6.708393769559e+03 
       2.044012300731e-02       6.707906080580e+03 
       2.044759545055e-02       6.707417383104e+03 
       2.045506910095e-02       6.706927677479e+03 
       2.046254396008e-02       6.706436964138e+03 
       2.047002002951e-02       6.705945243534e+03 
       2.047749731080e-02       6.705452516055e+03 
       2.048497580553e-02       6.704958782198e+03 
       2.049245551528e-02       6.704464042395e+03 
       2.049993644161e-02       6.703968297096e+03 
       2.050741858612e-02       6.703471546277e+03 
       2.051490195039e-02       6.702973764110e+03 
       2.052238653600e-02       6.702475003127e+03 
       2.052987234453e-02       6.701975237925e+03 
       2.053735937759e-02       6.701474468991e+03 
       2.054484763676e-02       6.700972696953e+03 
       2.055233712365e-02       6.700469922137e+03 
       2.055982783984e-02       6.699966144973e+03 
       2.056731978694e-02       6.699461365911e+03 
       2.057481296655e-02       6.698955585301e+03 
       2.058230738028e-02       6.698448803656e+03 
       2.058980302974e-02       6.697941021384e+03 
       2.059729991655e-02       6.697432243057e+03 
       2.060479804230e-02       6.696922441871e+03 
       2.061229740863e-02       6.696411659163e+03 
       2.061979801715e-02       6.695899877382e+03 
       2.062729986948e-02       6.695387096849e+03 
       2.063480296725e-02       6.694873318157e+03 
       2.064230731209e-02       6.694358541652e+03 
       2.064981290562e-02       6.693842767754e+03 
       2.065731974948e-02       6.693325996901e+03 
       2.066482784530e-02       6.692808229521e+03 
       2.067233719472e-02       6.692289466062e+03 
       2.067984779939e-02       6.691769695213e+03 
       2.068735966094e-02       6.691248931827e+03 
       2.069487278102e-02       6.690727181038e+03 
       2.070238716129e-02       6.690204435641e+03 
       2.070990280339e-02       6.689680696058e+03 
       2.071741970897e-02       6.689155955009e+03 
       2.072493787970e-02       6.688630228643e+03 
       2.073245731723e-02       6.688103508395e+03 
       2.073997802322e-02       6.687575795542e+03 
       2.074749999935e-02       6.687047090498e+03 
       2.075502324728e-02       6.686517393708e+03 
       2.076254776867e-02       6.685986705505e+03 
       2.077007356521e-02       6.685455026391e+03 
       2.077760063856e-02       6.684922356762e+03 
       2.078512899041e-02       6.684388697041e+03 
       2.079265862244e-02       6.683854047675e+03 
       2.080018953634e-02       6.683318408359e+03 
       2.080772173378e-02       6.682781753464e+03 
       2.081525521646e-02       6.682244135794e+03 
       2.082278998608e-02       6.681705529555e+03 
       2.083032604433e-02       6.681165935540e+03 
       2.083786339290e-02       6.680625354054e+03 
       2.084540203350e-02       6.680083785511e+03 
       2.085294196783e-02       6.679541230310e+03 
       2.086048319759e-02       6.678997688865e+03 
       2.086802572451e-02       6.678453161585e+03 
       2.087556955029e-02       6.677907648882e+03 
       2.088311467664e-02       6.677361151175e+03 
       2.089066110528e-02       6.676813672468e+03 
       2.089820883794e-02       6.676265187378e+03 
       2.090575787633e-02       6.675715735981e+03 
       2.091330822219e-02       6.675165300946e+03 
       2.092085987724e-02       6.674613882859e+03 
       2.092841284322e-02       6.674061482040e+03 
       2.093596712186e-02       6.673508098889e+03 
       2.094352271489e-02       6.672953733819e+03 
       2.095107962407e-02       6.672398387238e+03 
       2.095863785113e-02       6.671842059560e+03 
       2.096619739782e-02       6.671284751206e+03 
       2.097375826589e-02       6.670726467146e+03 
       2.098132045709e-02       6.670167173169e+03 
       2.098888397317e-02       6.669606923624e+03 
       2.099644881590e-02       6.669045694806e+03 
       2.100401498704e-02       6.668483487130e+03 
       2.101158248835e-02       6.667920295775e+03 
       2.101915132160e-02       6.667356129310e+03 
       2.102672148855e-02       6.666790986802e+03 
       2.103429299099e-02       6.666224866933e+03 
       2.104186583068e-02       6.665657770092e+03 
       2.104944000941e-02       6.665089696681e+03 
       2.105701552895e-02       6.664520647096e+03 
       2.106459239110e-02       6.663950621737e+03 
       2.107217059763e-02       6.663379621002e+03 
       2.107975015035e-02       6.662807645312e+03 
       2.108733105104e-02       6.662234695070e+03 
       2.109491330150e-02       6.661660770720e+03 
       2.110249690353e-02       6.661085841853e+03 
       2.111008185893e-02       6.660509970843e+03 
       2.111766816952e-02       6.659933124101e+03 
       2.112525583709e-02       6.659355304499e+03 
       2.113284486346e-02       6.658776512421e+03 
       2.114043525045e-02       6.658196748258e+03 
       2.114802699986e-02       6.657616012395e+03 
       2.115562011353e-02       6.657034305222e+03 
       2.116321459328e-02       6.656451627121e+03 
       2.117081044093e-02       6.655867978499e+03 
       2.117840765832e-02       6.655283359747e+03 
       2.118600624728e-02       6.654697770933e+03 
       2.119360620963e-02       6.654111198351e+03 
       2.120120754724e-02       6.653523670448e+03 
       2.120881026192e-02       6.652935173806e+03 
       2.121641435554e-02       6.652345708809e+03 
       2.122401982994e-02       6.651755275837e+03 
       2.123162668697e-02       6.651163875285e+03 
       2.123923492848e-02       6.650571507528e+03 
       2.124684455634e-02       6.649978172958e+03 
       2.125445557241e-02       6.649383871968e+03 
       2.126206797854e-02       6.648788604952e+03 
       2.126968177661e-02       6.648192375071e+03 
       2.127729696849e-02       6.647595153655e+03 
       2.128491355605e-02       6.646996989400e+03 
       2.129253154117e-02       6.646397860344e+03 
       2.130015092573e-02       6.645797767063e+03 
       2.130777171160e-02       6.645196711694e+03 
       2.131539390069e-02       6.644594681895e+03 
       2.132301749487e-02       6.643991697423e+03 
       2.133064249605e-02       6.643387750080e+03 
       2.133826890610e-02       6.642782840241e+03 
       2.134589672695e-02       6.642176968280e+03 
       2.135352596048e-02       6.641570134568e+03 
       2.136115660861e-02       6.640962339492e+03 
       2.136878867323e-02       6.640353583431e+03 
       2.137642215628e-02       6.639743866770e+03 
       2.138405705965e-02       6.639133189901e+03 
       2.139169338527e-02       6.638521553110e+03 
       2.139933113506e-02       6.637908968648e+03 
       2.140697031094e-02       6.637295372045e+03 
       2.141461091485e-02       6.636680855953e+03 
       2.142225294872e-02       6.636065381255e+03 
       2.142989641447e-02       6.635448948320e+03 
       2.143754131405e-02       6.634831557513e+03 
       2.144518764941e-02       6.634213209200e+03 
       2.145283542247e-02       6.633593903745e+03 
       2.146048463520e-02       6.632973641548e+03 
       2.146813528955e-02       6.632352422919e+03 
       2.147578738747e-02       6.631730248290e+03 
       2.148344093091e-02       6.631107117919e+03 
       2.149109592184e-02       6.630483030745e+03 
       2.149875236223e-02       6.629857976056e+03 
       2.150641025403e-02       6.629231979825e+03 
       2.151406959924e-02       6.628605029254e+03 
       2.152173039981e-02       6.627977124701e+03 
       2.152939265773e-02       6.627348266528e+03 
       2.153705637497e-02       6.626718455098e+03 
       2.154472155353e-02       6.626087690773e+03 
       2.155238819540e-02       6.625455973936e+03 
       2.156005630255e-02       6.624823304953e+03 
       2.156772587700e-02       6.624189684216e+03 
       2.157539692074e-02       6.623555087956e+03 
       2.158306943576e-02       6.622919566956e+03 
       2.159074342409e-02       6.622283091446e+03 
       2.159841888771e-02       6.621645665417e+03 
       2.160609582866e-02       6.621007289238e+03 
       2.161377424894e-02       6.620367955897e+03 
       2.162145415057e-02       6.619727680298e+03 
       2.162913553558e-02       6.619086455204e+03 
       2.163681840599e-02       6.618444281296e+03 
       2.164450276384e-02       6.617801158927e+03 
       2.165218861115e-02       6.617157088455e+03 
       2.165987594996e-02       6.616512070236e+03 
       2.166756478232e-02       6.615866104627e+03 
       2.167525511026e-02       6.615219191884e+03 
       2.168294693584e-02       6.614571332565e+03 
       2.169064026111e-02       6.613922526959e+03 
       2.169833508811e-02       6.613272774478e+03 
       2.170603141891e-02       6.612622049065e+03 
       2.171372925558e-02       6.611970404855e+03 
       2.172142860016e-02       6.611317815327e+03 
       2.172912945475e-02       6.610664281002e+03 
       2.173683182139e-02       6.610009802221e+03 
       2.174453570218e-02       6.609354379340e+03 
       2.175224109920e-02       6.608698012699e+03 
       2.175994801451e-02       6.608040702646e+03 
       2.176765645022e-02       6.607382449530e+03 
       2.177536640841e-02       6.606723253574e+03 
       2.178307789118e-02       6.606063115356e+03 
       2.179079090062e-02       6.605402038495e+03 
       2.179850543884e-02       6.604739997718e+03 
       2.180622150794e-02       6.604077033335e+03 
       2.181393911002e-02       6.603413127834e+03 
       2.182165824721e-02       6.602748281533e+03 
       2.182937892162e-02       6.602082494769e+03 
       2.183710113536e-02       6.601415767895e+03 
       2.184482489056e-02       6.600748101254e+03 
       2.185255018935e-02       6.600079495194e+03 
       2.186027703385e-02       6.599409950069e+03 
       2.186800542621e-02       6.598739466127e+03 
       2.187573536856e-02       6.598068052067e+03 
       2.188346686304e-02       6.597395662146e+03 
       2.189119991180e-02       6.596722362641e+03 
       2.189893451699e-02       6.596048125586e+03 
       2.190667068076e-02       6.595372951345e+03 
       2.191440840526e-02       6.594696838961e+03 
       2.192214769267e-02       6.594019785095e+03 
       2.192988854514e-02       6.593341800655e+03 
       2.193763096484e-02       6.592662880270e+03 
       2.194537495394e-02       6.591983024267e+03 
       2.195312051462e-02       6.591302232977e+03 
       2.196086764906e-02       6.590620506627e+03 
       2.196861635945e-02       6.589937845742e+03 
       2.197636664796e-02       6.589254250577e+03 
       2.198411851679e-02       6.588569721478e+03 
       2.199187196815e-02       6.587884258802e+03 
       2.199962700421e-02       6.587197862914e+03 
       2.200738362720e-02       6.586510502235e+03 
       2.201514183931e-02       6.585822241822e+03 
       2.202290164275e-02       6.585133045912e+03 
       2.203066303975e-02       6.584442917816e+03 
       2.203842603251e-02       6.583751857851e+03 
       2.204619062327e-02       6.583059866338e+03 
       2.205395681424e-02       6.582366943597e+03 
       2.206172460766e-02       6.581673089826e+03 
       2.206949400576e-02       6.580978305578e+03 
       2.207726501078e-02       6.580282591078e+03 
       2.208503762496e-02       6.579585946662e+03 
       2.209281185054e-02       6.578888372112e+03 
       2.210058768978e-02       6.578189853911e+03 
       2.210836514494e-02       6.577490420608e+03 
       2.211614421826e-02       6.576790058489e+03 
       2.212392491201e-02       6.576088767913e+03 
       2.213170722846e-02       6.575386549195e+03 
       2.213949116988e-02       6.574683402656e+03 
       2.214727673854e-02       6.573979328616e+03 
       2.215506393671e-02       6.573274327286e+03 
       2.216285276669e-02       6.572568399203e+03 
       2.217064323075e-02       6.571861544611e+03 
       2.217843533119e-02       6.571153770071e+03 
       2.218622907029e-02       6.570445035754e+03 
       2.219402445037e-02       6.569735401997e+03 
       2.220182147372e-02       6.569024842808e+03 
       2.220962014265e-02       6.568313358498e+03 
       2.221742045946e-02       6.567600952375e+03 
       2.222522242648e-02       6.566887608319e+03 
       2.223302604602e-02       6.566173349966e+03 
       2.224083132041e-02       6.565458167657e+03 
       2.224863825197e-02       6.564742061592e+03 
       2.225644684303e-02       6.564025032273e+03 
       2.226425709593e-02       6.563307079928e+03 
       2.227206901301e-02       6.562588204868e+03 
       2.227988259661e-02       6.561868407415e+03 
       2.228769784908e-02       6.561147687889e+03 
       2.229551477278e-02       6.560426046620e+03 
       2.230333337005e-02       6.559703483938e+03 
       2.231115364326e-02       6.558979973552e+03 
       2.231897559478e-02       6.558255564679e+03 
       2.232679922697e-02       6.557530237326e+03 
       2.233462454221e-02       6.556803989499e+03 
       2.234245154287e-02       6.556076821388e+03 
       2.235028023134e-02       6.555348733505e+03 
       2.235811061000e-02       6.554619725996e+03 
       2.236594268125e-02       6.553889799229e+03 
       2.237377644747e-02       6.553158953489e+03 
       2.238161191107e-02       6.552427189079e+03 
       2.238944907445e-02       6.551694506305e+03 
       2.239728794002e-02       6.550960905319e+03 
       2.240512851019e-02       6.550226371703e+03 
       2.241297078737e-02       6.549490934317e+03 
       2.242081477399e-02       6.548754579871e+03 
       2.242866047248e-02       6.548017308407e+03 
       2.243650788526e-02       6.547279120219e+03 
       2.244435701476e-02       6.546540015528e+03 
       2.245220786342e-02       6.545799994703e+03 
       2.246006043370e-02       6.545059058096e+03 
       2.246791472803e-02       6.544317205966e+03 
       2.247577074886e-02       6.543574438618e+03 
       2.248362849865e-02       6.542830759876e+03 
       2.249148797987e-02       6.542086138022e+03 
       2.249934919498e-02       6.541340625293e+03 
       2.250721214644e-02       6.540594198322e+03 
       2.251507683673e-02       6.539846857413e+03 
       2.252294326833e-02       6.539098605126e+03 
       2.253081144372e-02       6.538349427470e+03 
       2.253868136539e-02       6.537599345796e+03 
       2.254655303583e-02       6.536848351351e+03 
       2.255442645754e-02       6.536096444317e+03 
       2.256230163301e-02       6.535343624985e+03 
       2.257017856476e-02       6.534589893639e+03 
       2.257805725530e-02       6.533835250571e+03 
       2.258593770713e-02       6.533079696074e+03 
       2.259381992278e-02       6.532323230526e+03 
       2.260170390477e-02       6.531565853972e+03 
       2.260958965564e-02       6.530807566993e+03 
       2.261747717790e-02       6.530048371565e+03 
       2.262536647411e-02       6.529288231664e+03 
       2.263325754680e-02       6.528527212434e+03 
       2.264115039852e-02       6.527765283616e+03 
       2.264904503182e-02       6.527002445389e+03 
       2.265694144926e-02       6.526238698032e+03 
       2.266483965340e-02       6.525474041817e+03 
       2.267273964680e-02       6.524708477023e+03 
       2.268064143204e-02       6.523942003928e+03 
       2.268854501169e-02       6.523174622812e+03 
       2.269645038834e-02       6.522406333952e+03 
       2.270435756455e-02       6.521637137658e+03 
       2.271226654293e-02       6.520867017056e+03 
       2.272017732607e-02       6.520096007256e+03 
       2.272808991657e-02       6.519324088891e+03 
       2.273600431702e-02       6.518551264096e+03 
       2.274392053005e-02       6.517777533046e+03 
       2.275183855826e-02       6.517002896013e+03 
       2.275975840427e-02       6.516227353270e+03 
       2.276768007070e-02       6.515450905094e+03 
       2.277560356019e-02       6.514673551765e+03 
       2.278352887536e-02       6.513895293570e+03 
       2.279145601885e-02       6.513116130129e+03 
       2.279938499330e-02       6.512336042234e+03 
       2.280731580137e-02       6.511555069604e+03 
       2.281524844570e-02       6.510773192971e+03 
       2.282318292895e-02       6.509990412514e+03 
       2.283111925378e-02       6.509206729866e+03 
       2.283905742286e-02       6.508422134246e+03 
       2.284699743886e-02       6.507636643754e+03 
       2.285493930446e-02       6.506850250540e+03 
       2.286288302234e-02       6.506062954845e+03 
       2.287082859518e-02       6.505274756928e+03 
       2.287877602568e-02       6.504485657049e+03 
       2.288672531654e-02       6.503695655465e+03 
       2.289467647045e-02       6.502904752455e+03 
       2.290262949013e-02       6.502112948280e+03 
       2.291058437828e-02       6.501320243219e+03 
       2.291854113762e-02       6.500526637444e+03 
       2.292649977087e-02       6.499732143216e+03 
       2.293446028077e-02       6.498936694411e+03 
       2.294242267003e-02       6.498140386231e+03 
       2.295038694141e-02       6.497343178205e+03 
       2.295835309764e-02       6.496545070565e+03 
       2.296632114147e-02       6.495746063563e+03 
       2.297429107565e-02       6.494946157453e+03 
       2.298226290294e-02       6.494145352479e+03 
       2.299023662610e-02       6.493343648906e+03 
       2.299821224790e-02       6.492541046983e+03 
       2.300618977111e-02       6.491737546965e+03 
       2.301416919852e-02       6.490933149004e+03 
       2.302215053290e-02       6.490127843990e+03 
       2.303013377705e-02       6.489321644226e+03 
       2.303811893375e-02       6.488514553092e+03 
       2.304610600582e-02       6.487706564947e+03 
       2.305409499604e-02       6.486897680034e+03 
       2.306208590724e-02       6.486087898595e+03 
       2.307007874222e-02       6.485277220879e+03 
       2.307807350381e-02       6.484465647131e+03 
       2.308607019483e-02       6.483653177614e+03 
       2.309406881812e-02       6.482839812585e+03 
       2.310206937651e-02       6.482025552230e+03 
       2.311007187284e-02       6.481210375577e+03 
       2.311807630995e-02       6.480394323957e+03 
       2.312608269071e-02       6.479577377648e+03 
       2.313409101797e-02       6.478759536844e+03 
       2.314210129460e-02       6.477940801570e+03 
       2.315011352345e-02       6.477121165238e+03 
       2.315812770741e-02       6.476300641896e+03 
       2.316614384935e-02       6.475479224887e+03 
       2.317416195217e-02       6.474656914478e+03 
       2.318218201874e-02       6.473833710912e+03 
       2.319020405197e-02       6.473009614439e+03 
       2.319822805476e-02       6.472184625227e+03 
       2.320625403002e-02       6.471358743472e+03 
       2.321428198065e-02       6.470531969584e+03 
       2.322231190957e-02       6.469704303731e+03 
       2.323034381971e-02       6.468875746160e+03 
       2.323837771401e-02       6.468046301506e+03 
       2.324641359538e-02       6.467215926122e+03 
       2.325445146677e-02       6.466384692680e+03 
       2.326249133114e-02       6.465552568160e+03 
       2.327053319142e-02       6.464719552792e+03 
       2.327857705058e-02       6.463885646810e+03 
       2.328662291158e-02       6.463050850430e+03 
       2.329467077739e-02       6.462215163871e+03 
       2.330272065098e-02       6.461378587260e+03 
       2.331077253533e-02       6.460541120999e+03 
       2.331882643343e-02       6.459702765234e+03 
       2.332688234826e-02       6.458863520194e+03 
       2.333494028283e-02       6.458023392374e+03 
       2.334300024014e-02       6.457182346816e+03 
       2.335106222320e-02       6.456340434103e+03 
       2.335912623501e-02       6.455497632839e+03 
       2.336719227860e-02       6.454653943233e+03 
       2.337526035700e-02       6.453809365513e+03 
       2.338333047324e-02       6.452963899893e+03 
       2.339140263035e-02       6.452117546595e+03 
       2.339947683138e-02       6.451270305731e+03 
       2.340755307938e-02       6.450422177726e+03 
       2.341563137740e-02       6.449573162730e+03 
       2.342371172850e-02       6.448723249498e+03 
       2.343179413575e-02       6.447872449954e+03 
       2.343987860222e-02       6.447020773616e+03 
       2.344796513099e-02       6.446168210936e+03 
       2.345605372514e-02       6.445314762126e+03 
       2.346414438777e-02       6.444460418693e+03 
       2.347223712197e-02       6.443605199039e+03 
       2.348033193085e-02       6.442749092484e+03 
       2.348842881750e-02       6.441892100542e+03 
       2.349652778506e-02       6.441034223303e+03 
       2.350462883663e-02       6.440175461172e+03 
       2.351273197534e-02       6.439315814264e+03 
       2.352083720433e-02       6.438455282788e+03 
       2.352894452674e-02       6.437593866956e+03 
       2.353705394570e-02       6.436731566990e+03 
       2.354516546437e-02       6.435868383123e+03 
       2.355327908591e-02       6.435004315384e+03 
       2.356139481348e-02       6.434139334437e+03 
       2.356951265025e-02       6.433273497636e+03 
       2.357763259939e-02       6.432406777818e+03 
       2.358575466409e-02       6.431539174821e+03 
       2.359387884753e-02       6.430670688717e+03 
       2.360200515291e-02       6.429801319906e+03 
       2.361013358343e-02       6.428931068484e+03 
       2.361826414229e-02       6.428059934645e+03 
       2.362639683271e-02       6.427187918586e+03 
       2.363453165790e-02       6.426315020504e+03 
       2.364266862110e-02       6.425441240601e+03 
       2.365080772553e-02       6.424566579019e+03 
       2.365894897443e-02       6.423691019954e+03 
       2.366709237104e-02       6.422814594588e+03 
       2.367523791862e-02       6.421937288027e+03 
       2.368338562042e-02       6.421059100438e+03 
       2.369153547971e-02       6.420180031887e+03 
       2.369968749975e-02       6.419300082774e+03 
       2.370784168383e-02       6.418419253192e+03 
       2.371599803522e-02       6.417537543338e+03 
       2.372415655721e-02       6.416654953406e+03 
       2.373231725310e-02       6.415771483598e+03 
       2.374048012619e-02       6.414887140296e+03 
       2.374864517979e-02       6.414001882794e+03 
       2.375681241722e-02       6.413115772898e+03 
       2.376498184179e-02       6.412228783650e+03 
       2.377315345683e-02       6.411340915252e+03 
       2.378132726569e-02       6.410452170762e+03 
       2.378950327169e-02       6.409562534080e+03 
       2.379768147820e-02       6.408672028689e+03 
       2.380586188855e-02       6.407780644760e+03 
       2.381404450612e-02       6.406888382472e+03 
       2.382222933427e-02       6.405995241994e+03 
       2.383041637638e-02       6.405101223506e+03 
       2.383860563582e-02       6.404206327185e+03 
       2.384679711599e-02       6.403310553209e+03 
       2.385499082027e-02       6.402413901795e+03 
       2.386318675208e-02       6.401516373072e+03 
       2.387138491482e-02       6.400617966212e+03 
       2.387958531190e-02       6.399718654758e+03 
       2.388778794674e-02       6.398818493308e+03 
       2.389599282278e-02       6.397917454911e+03 
       2.390419994345e-02       6.397015539813e+03 
       2.391240931219e-02       6.396112748178e+03 
       2.392062093245e-02       6.395209080167e+03 
       2.392883480769e-02       6.394304535942e+03 
       2.393705094136e-02       6.393399115670e+03 
       2.394526933694e-02       6.392492819514e+03 
       2.395348999791e-02       6.391585647651e+03 
       2.396171292774e-02       6.390677600246e+03 
       2.396993812994e-02       6.389768659441e+03 
       2.397816560799e-02       6.388858863050e+03 
       2.398639536540e-02       6.387948188751e+03 
       2.399462740568e-02       6.387036639388e+03 
       2.400286173235e-02       6.386124215114e+03 
       2.401109834894e-02       6.385210916080e+03 
       2.401933725898e-02       6.384296742476e+03 
       2.402757846601e-02       6.383381694430e+03 
       2.403582197358e-02       6.382465772117e+03 
       2.404406778523e-02       6.381548975706e+03 
       2.405231590453e-02       6.380631313200e+03 
       2.406056633506e-02       6.379712739506e+03 
       2.406881908038e-02       6.378793320181e+03 
       2.407707414407e-02       6.377873027064e+03 
       2.408533152974e-02       6.376951860509e+03 
       2.409359124096e-02       6.376029808608e+03 
       2.410185328136e-02       6.375106895237e+03 
       2.411011765454e-02       6.374183108049e+03 
       2.411838436412e-02       6.373258447793e+03 
       2.412665341372e-02       6.372332914591e+03 
       2.413492480699e-02       6.371406508589e+03 
       2.414319854755e-02       6.370479229926e+03 
       2.415147463907e-02       6.369551078739e+03 
       2.415975308519e-02       6.368622055167e+03 
       2.416803388957e-02       6.367692159345e+03 
       2.417631705590e-02       6.366761391281e+03 
       2.418460258785e-02       6.365829751345e+03 
       2.419289048909e-02       6.364897239574e+03 
       2.420118076334e-02       6.363963856128e+03 
       2.420947341428e-02       6.363029601151e+03 
       2.421776844562e-02       6.362094474803e+03 
       2.422606586109e-02       6.361158477258e+03 
       2.423436566440e-02       6.360221608659e+03 
       2.424266785928e-02       6.359283822555e+03 
       2.425097244948e-02       6.358345208959e+03 
       2.425927943873e-02       6.357405724500e+03 
       2.426758883080e-02       6.356465368999e+03 
       2.427590062944e-02       6.355524142764e+03 
       2.428421483843e-02       6.354582045828e+03 
       2.429253146154e-02       6.353639078304e+03 
       2.430085050255e-02       6.352695240315e+03 
       2.430917196526e-02       6.351750531978e+03 
       2.431749585346e-02       6.350804953407e+03 
       2.432582217097e-02       6.349858504716e+03 
       2.433415092161e-02       6.348911186017e+03 
       2.434248210918e-02       6.347962997433e+03 
       2.435081573754e-02       6.347013945530e+03 
       2.435915181051e-02       6.346064018123e+03 
       2.436749033194e-02       6.345113195219e+03 
       2.437583130569e-02       6.344161530854e+03 
       2.438417473561e-02       6.343208993688e+03 
       2.439252062560e-02       6.342255587207e+03 
       2.440086897951e-02       6.341301311521e+03 
       2.440921980124e-02       6.340346166742e+03 
       2.441757309468e-02       6.339390152980e+03 
       2.442592886374e-02       6.338433270342e+03 
       2.443428711233e-02       6.337475518943e+03 
       2.444264784436e-02       6.336516898893e+03 
       2.445101106376e-02       6.335557410307e+03 
       2.445937677448e-02       6.334597053298e+03 
       2.446774498045e-02       6.333635827853e+03 
       2.447611568562e-02       6.332673734328e+03 
       2.448448889396e-02       6.331710772760e+03 
       2.449286460943e-02       6.330746943157e+03 
       2.450124283601e-02       6.329782213510e+03 
       2.450962357769e-02       6.328816646087e+03 
       2.451800683845e-02       6.327850210743e+03 
       2.452639262231e-02       6.326882907571e+03 
       2.453478093326e-02       6.325914736679e+03 
       2.454317177533e-02       6.324945698161e+03 
       2.455156515254e-02       6.323975785334e+03 
       2.455996106893e-02       6.323005010527e+03 
       2.456835952855e-02       6.322033369106e+03 
       2.457676053543e-02       6.321060860363e+03 
       2.458516409365e-02       6.320087484393e+03 
       2.459357020728e-02       6.319113241288e+03 
       2.460197888038e-02       6.318138131143e+03 
       2.461039011705e-02       6.317162154053e+03 
       2.461880392138e-02       6.316185310116e+03 
       2.462722029747e-02       6.315207599435e+03 
       2.463563924943e-02       6.314229022125e+03 
       2.464406078139e-02       6.313249578013e+03 
       2.465248489748e-02       6.312269237772e+03 
       2.466091160182e-02       6.311288058327e+03 
       2.466934089858e-02       6.310306012989e+03 
       2.467777279189e-02       6.309323101165e+03 
       2.468620728593e-02       6.308339322940e+03 
       2.469464438487e-02       6.307354678386e+03 
       2.470308409289e-02       6.306369167587e+03 
       2.471152641418e-02       6.305382790620e+03 
       2.471997135294e-02       6.304395547565e+03 
       2.472841891338e-02       6.303407438515e+03 
       2.473686909971e-02       6.302418463637e+03 
       2.474532191616e-02       6.301428625656e+03 
       2.475377736696e-02       6.300437899618e+03 
       2.476223545636e-02       6.299446326205e+03 
       2.477069618861e-02       6.298453887010e+03 
       2.477915956797e-02       6.297460582107e+03 
       2.478762559872e-02       6.296466411572e+03 
       2.479609428513e-02       6.295471375473e+03 
       2.480456563149e-02       6.294475473883e+03 
       2.481303964210e-02       6.293478706880e+03 
       2.482151632126e-02       6.292481074539e+03 
       2.482999567330e-02       6.291482576956e+03 
       2.483847770254e-02       6.290483221007e+03 
       2.484696241331e-02       6.289482963542e+03 
       2.485544980995e-02       6.288481868798e+03 
       2.486393989683e-02       6.287479909018e+03 
       2.487243267830e-02       6.286477084105e+03 
       2.488092815873e-02       6.285473388436e+03 
       2.488942634251e-02       6.284468831063e+03 
       2.489792723403e-02       6.283463410514e+03 
       2.490643083768e-02       6.282457124985e+03 
       2.491493715788e-02       6.281449974525e+03 
       2.492344619904e-02       6.280441959198e+03 
       2.493195796560e-02       6.279433079058e+03 
       2.494047246199e-02       6.278423334163e+03 
       2.494898969265e-02       6.277412724522e+03 
       2.495750966205e-02       6.276401250211e+03 
       2.496603237466e-02       6.275388911405e+03 
       2.497455783494e-02       6.274375708121e+03 
       2.498308604739e-02       6.273361605150e+03 
       2.499161701649e-02       6.272346675182e+03 
       2.500015074676e-02       6.271330876315e+03 
       2.500868724271e-02       6.270314212852e+03 
       2.501722650887e-02       6.269296684832e+03 
       2.502576854976e-02       6.268278292297e+03 
       2.503431336994e-02       6.267259035283e+03 
       2.504286097395e-02       6.266238913827e+03 
       2.505141136637e-02       6.265217927837e+03 
       2.505996455176e-02       6.264196077588e+03 
       2.506852053471e-02       6.263173363021e+03 
       2.507707931982e-02       6.262149783797e+03 
       2.508564091168e-02       6.261125324733e+03 
       2.509420531491e-02       6.260100016261e+03 
       2.510277253413e-02       6.259073843527e+03 
       2.511134257398e-02       6.258046806497e+03 
       2.511991543911e-02       6.257018905213e+03 
       2.512849113416e-02       6.255990139701e+03 
       2.513706966380e-02       6.254960509993e+03 
       2.514565103270e-02       6.253930016002e+03 
       2.515423524556e-02       6.252898657977e+03 
       2.516282230706e-02       6.251866435869e+03 
       2.517141222190e-02       6.250833352936e+03 
       2.518000499481e-02       6.249799376920e+03 
       2.518860063051e-02       6.248764561154e+03 
       2.519719913374e-02       6.247728881204e+03 
       2.520580050924e-02       6.246692337086e+03 
       2.521440476176e-02       6.245654930881e+03 
       2.522301189609e-02       6.244616648727e+03 
       2.523162191699e-02       6.243577511678e+03 
       2.524023482925e-02       6.242537510345e+03 
       2.524885063767e-02       6.241496644932e+03 
       2.525746934706e-02       6.240454915370e+03 
       2.526609096224e-02       6.239412321673e+03 
       2.527471548804e-02       6.238368863867e+03 
       2.528334292930e-02       6.237324541973e+03 
       2.529197329088e-02       6.236279356014e+03 
       2.530060657763e-02       6.235233306023e+03 
       2.530924279444e-02       6.234186392037e+03 
       2.531788194617e-02       6.233138578652e+03 
       2.532652403774e-02       6.232089939651e+03 
       2.533516907404e-02       6.231040431330e+03 
       2.534381705999e-02       6.229990058601e+03 
       2.535246800052e-02       6.228938821691e+03 
       2.536112190056e-02       6.227886720488e+03 
       2.536977876507e-02       6.226833754995e+03 
       2.537843859901e-02       6.225779925197e+03 
       2.538710140735e-02       6.224725231103e+03 
       2.539576719506e-02       6.223669672715e+03 
       2.540443596715e-02       6.222613250035e+03 
       2.541310772862e-02       6.221555967811e+03 
       2.542178248448e-02       6.220497795333e+03 
       2.543046023977e-02       6.219438778596e+03 
       2.543914099951e-02       6.218378897282e+03 
       2.544782476876e-02       6.217318151587e+03 
       2.545651155259e-02       6.216256541403e+03 
       2.546520135605e-02       6.215194066728e+03 
       2.547389418424e-02       6.214130727546e+03 
       2.548259004225e-02       6.213066523857e+03 
       2.549128893519e-02       6.212001455682e+03 
       2.549999086817e-02       6.210935522933e+03 
       2.550869584632e-02       6.209868702902e+03 
       2.551740387479e-02       6.208801040724e+03 
       2.552611495872e-02       6.207732512655e+03 
       2.553482910329e-02       6.206663119667e+03 
       2.554354631366e-02       6.205592861896e+03 
       2.555226659502e-02       6.204521731753e+03 
       2.556098995258e-02       6.203449743727e+03 
       2.556971639153e-02       6.202376890729e+03 
       2.557844591712e-02       6.201303172716e+03 
       2.558717853456e-02       6.200228589666e+03 
       2.559591424910e-02       6.199153141548e+03 
       2.560465306601e-02       6.198076828344e+03 
       2.561339499054e-02       6.196999650033e+03 
       2.562214002800e-02       6.195921606595e+03 
       2.563088818365e-02       6.194842698018e+03 
       2.563963946282e-02       6.193762924148e+03 
       2.564839387083e-02       6.192682264583e+03 
       2.565715141299e-02       6.191600748948e+03 
       2.566591209465e-02       6.190518377159e+03 
       2.567467592117e-02       6.189435139926e+03 
       2.568344289791e-02       6.188351036713e+03 
       2.569221303025e-02       6.187266067953e+03 
       2.570098632358e-02       6.186180233434e+03 
       2.570976278330e-02       6.185093533114e+03 
       2.571854241483e-02       6.184005966948e+03 
       2.572732522360e-02       6.182917534893e+03 
       2.573611121505e-02       6.181828236771e+03 
       2.574490039462e-02       6.180738076402e+03 
       2.575369276779e-02       6.179647026386e+03 
       2.576248834003e-02       6.178555129131e+03 
       2.577128711683e-02       6.177462365586e+03 
       2.578008910369e-02       6.176368735702e+03 
       2.578889430613e-02       6.175274239425e+03 
       2.579770272968e-02       6.174178876692e+03 
       2.580651437988e-02       6.173082647455e+03 
       2.581532926228e-02       6.171985551664e+03 
       2.582414738244e-02       6.170887589267e+03 
       2.583296874595e-02       6.169788760082e+03 
       2.584179335840e-02       6.168689041271e+03 
       2.585062122538e-02       6.167588478600e+03 
       2.585945235253e-02       6.166487047457e+03 
       2.586828674547e-02       6.165384749187e+03 
       2.587712440984e-02       6.164281583867e+03 
       2.588596535130e-02       6.163177543385e+03 
       2.589480957552e-02       6.162072642736e+03 
       2.590365708819e-02       6.160966874614e+03 
       2.591250789499e-02       6.159860238925e+03 
       2.592136200164e-02       6.158752735592e+03 
       2.593021941386e-02       6.157644364414e+03 
       2.593908013739e-02       6.156535125547e+03 
       2.594794417797e-02       6.155425018819e+03 
       2.595681154137e-02       6.154314044166e+03 
       2.596568223337e-02       6.153202201525e+03 
       2.597455625975e-02       6.152089490826e+03 
       2.598343362631e-02       6.150975879851e+03 
       2.599231433887e-02       6.149861432969e+03 
       2.600119840327e-02       6.148746115163e+03 
       2.601008582535e-02       6.147629928794e+03 
       2.601897661095e-02       6.146512873641e+03 
       2.602787076596e-02       6.145394949480e+03 
       2.603676829626e-02       6.144276156434e+03 
       2.604566920775e-02       6.143156494307e+03 
       2.605457350634e-02       6.142035963010e+03 
       2.606348119795e-02       6.140914562446e+03 
       2.607239228852e-02       6.139792292537e+03 
       2.608130678402e-02       6.138669158362e+03 
       2.609022469041e-02       6.137545127833e+03 
       2.609914601366e-02       6.136420248109e+03 
       2.610807075978e-02       6.135294498488e+03 
       2.611699893478e-02       6.134167878860e+03 
       2.612593054467e-02       6.133040388994e+03 
       2.613486559551e-02       6.131912029004e+03 
       2.614380409334e-02       6.130782798688e+03 
       2.615274604423e-02       6.129652697947e+03 
       2.616169145426e-02       6.128521726683e+03 
       2.617064032953e-02       6.127389884391e+03 
       2.617959267614e-02       6.126257150567e+03 
       2.618854850023e-02       6.125123565446e+03 
       2.619750780793e-02       6.123989109286e+03 
       2.620647060540e-02       6.122853781839e+03 
       2.621543689880e-02       6.121717584875e+03 
       2.622440669432e-02       6.120580504777e+03 
       2.623337999815e-02       6.119442562133e+03 
       2.624235681652e-02       6.118303747621e+03 
       2.625133715564e-02       6.117164061118e+03 
       2.626032102176e-02       6.116023502496e+03 
       2.626930842114e-02       6.114882071632e+03 
       2.627829936004e-02       6.113739768400e+03 
       2.628729384476e-02       6.112596592687e+03 
       2.629629188160e-02       6.111452544358e+03 
       2.630529347688e-02       6.110307623326e+03 
       2.631429863692e-02       6.109161829333e+03 
       2.632330736808e-02       6.108015132438e+03 
       2.633231967672e-02       6.106867590055e+03 
       2.634133556921e-02       6.105719174445e+03 
       2.635035505196e-02       6.104569885157e+03 
       2.635937813137e-02       6.103419722038e+03 
       2.636840481385e-02       6.102268684942e+03 
       2.637743510587e-02       6.101116773719e+03 
       2.638646901386e-02       6.099963988219e+03 
       2.639550654430e-02       6.098810328292e+03 
       2.640454770368e-02       6.097655793821e+03 
       2.641359249849e-02       6.096500384642e+03 
       2.642264093526e-02       6.095344099594e+03 
       2.643169302052e-02       6.094186924694e+03 
       2.644074876083e-02       6.093028889237e+03 
       2.644980816273e-02       6.091869978249e+03 
       2.645887123282e-02       6.090710191641e+03 
       2.646793797770e-02       6.089549529230e+03 
       2.647700840397e-02       6.088387990858e+03 
       2.648608251826e-02       6.087225576367e+03 
       2.649516032723e-02       6.086062285613e+03 
       2.650424183753e-02       6.084898118443e+03 
       2.651332705584e-02       6.083733079370e+03 
       2.652241598885e-02       6.082567131997e+03 
       2.653150864328e-02       6.081400332998e+03 
       2.654060502585e-02       6.080232656696e+03 
       2.654970514331e-02       6.079064102932e+03 
       2.655880900241e-02       6.077894672041e+03 
       2.656791660993e-02       6.076724354474e+03 
       2.657702797266e-02       6.075553166663e+03 
       2.658614309742e-02       6.074381100587e+03 
       2.659526199102e-02       6.073208156070e+03 
       2.660438466032e-02       6.072034332928e+03 
       2.661351111217e-02       6.070859630980e+03 
       2.662264135344e-02       6.069684049897e+03 
       2.663177539104e-02       6.068507589760e+03 
       2.664091323187e-02       6.067330250282e+03 
       2.665005488286e-02       6.066152031303e+03 
       2.665920035095e-02       6.064972938511e+03 
       2.666834964311e-02       6.063792923140e+03 
       2.667750276632e-02       6.062612062347e+03 
       2.668665972756e-02       6.061430320980e+03 
       2.669582053386e-02       6.060247698856e+03 
       2.670498519225e-02       6.059064195772e+03 
       2.671415370976e-02       6.057879811402e+03 
       2.672332609348e-02       6.056694545745e+03 
       2.673250235048e-02       6.055508398505e+03 
       2.674168248786e-02       6.054321369479e+03 
       2.675086651274e-02       6.053133458467e+03 
       2.676005443226e-02       6.051944665089e+03 
       2.676924625357e-02       6.050754973989e+03 
       2.677844198384e-02       6.049564414409e+03 
       2.678764163026e-02       6.048372972064e+03 
       2.679684520005e-02       6.047180646539e+03 
       2.680605270042e-02       6.045987437591e+03 
       2.681526413862e-02       6.044793344875e+03 
       2.682447952191e-02       6.043598368397e+03 
       2.683369885757e-02       6.042402507846e+03 
       2.684292215289e-02       6.041205763013e+03 
       2.685214941521e-02       6.040008133696e+03 
       2.686138065184e-02       6.038809605149e+03 
       2.687061587014e-02       6.037610198084e+03 
       2.687985507749e-02       6.036409912282e+03 
       2.688909828127e-02       6.035208740884e+03 
       2.689834548889e-02       6.034006683493e+03 
       2.690759670779e-02       6.032803732876e+03 
       2.691685194540e-02       6.031599902581e+03 
       2.692611120919e-02       6.030395185751e+03 
       2.693537450665e-02       6.029189582036e+03 
       2.694464184527e-02       6.027983091226e+03 
       2.695391323258e-02       6.026775712978e+03 
       2.696318867612e-02       6.025567447148e+03 
       2.697246818345e-02       6.024358293463e+03 
       2.698175176215e-02       6.023148251688e+03 
       2.699103941981e-02       6.021937321599e+03 
       2.700033116405e-02       6.020725502959e+03 
       2.700962700252e-02       6.019512760409e+03 
       2.701892694286e-02       6.018299167098e+03 
       2.702823099275e-02       6.017084678915e+03 
       2.703753915989e-02       6.015869300864e+03 
       2.704685145199e-02       6.014653032683e+03 
       2.705616787679e-02       6.013435874103e+03 
       2.706548844203e-02       6.012217824870e+03 
       2.707481315550e-02       6.010998884703e+03 
       2.708414202499e-02       6.009779053345e+03 
       2.709347505831e-02       6.008558330529e+03 
       2.710281226329e-02       6.007336715996e+03 
       2.711215364779e-02       6.006114210340e+03 
       2.712149921968e-02       6.004890794020e+03 
       2.713084898686e-02       6.003666501403e+03 
       2.714020295725e-02       6.002441315790e+03 
       2.714956113876e-02       6.001215236896e+03 
       2.715892353937e-02       5.999988264438e+03 
       2.716829016705e-02       5.998760398135e+03 
       2.717766102979e-02       5.997531637688e+03 
       2.718703613561e-02       5.996301982871e+03 
       2.719641549255e-02       5.995071433392e+03 
       2.720579910866e-02       5.993839996100e+03 
       2.721518699203e-02       5.992607627207e+03 
       2.722457915075e-02       5.991374390374e+03 
       2.723397559296e-02       5.990140257500e+03 
       2.724337632678e-02       5.988905228289e+03 
       2.725278136038e-02       5.987669293981e+03 
       2.726219070195e-02       5.986432471902e+03 
       2.727160435969e-02       5.985194751277e+03 
       2.728102234183e-02       5.983956133021e+03 
       2.729044465661e-02       5.982716616820e+03 
       2.729987131232e-02       5.981476202365e+03 
       2.730930231723e-02       5.980234889221e+03 
       2.731873767967e-02       5.978992677296e+03 
       2.732817740796e-02       5.977749566299e+03 
       2.733762151047e-02       5.976505555609e+03 
       2.734706999557e-02       5.975260645266e+03 
       2.735652287166e-02       5.974014814701e+03 
       2.736598014717e-02       5.972768092817e+03 
       2.737544183054e-02       5.971520478920e+03 
       2.738490793023e-02       5.970271963671e+03 
       2.739437845474e-02       5.969022546736e+03 
       2.740385341257e-02       5.967772227780e+03 
       2.741333281227e-02       5.966521006322e+03 
       2.742281666238e-02       5.965268882277e+03 
       2.743230497149e-02       5.964015855204e+03 
       2.744179774819e-02       5.962761924769e+03 
       2.745129500111e-02       5.961507090653e+03 
       2.746079673890e-02       5.960251345657e+03 
       2.747030297023e-02       5.958994693648e+03 
       2.747981370378e-02       5.957737145136e+03 
       2.748932894829e-02       5.956478691426e+03 
       2.749884871247e-02       5.955219332135e+03 
       2.750837300510e-02       5.953959066780e+03 
       2.751790183496e-02       5.952697895227e+03 
       2.752743521086e-02       5.951435817028e+03 
       2.753697314163e-02       5.950172831838e+03 
       2.754651563612e-02       5.948908939311e+03 
       2.755606270322e-02       5.947644139767e+03 
       2.756561435183e-02       5.946378408881e+03 
       2.757517059088e-02       5.945111790549e+03 
       2.758473142931e-02       5.943844263231e+03 
       2.759429687609e-02       5.942575826363e+03 
       2.760386694024e-02       5.941306472709e+03 
       2.761344163077e-02       5.940036215680e+03 
       2.762302095672e-02       5.938765048040e+03 
       2.763260492717e-02       5.937492969456e+03 
       2.764219355121e-02       5.936219979547e+03 
       2.765178683796e-02       5.934946077933e+03 
       2.766138479657e-02       5.933671264235e+03 
       2.767098743621e-02       5.932395538069e+03 
       2.768059476606e-02       5.931118899067e+03 
       2.769020679535e-02       5.929841346856e+03 
       2.769982353332e-02       5.928562879986e+03 
       2.770944498923e-02       5.927283471561e+03 
       2.771907117239e-02       5.926003175302e+03 
       2.772870209211e-02       5.924721963890e+03 
       2.773833775772e-02       5.923439836988e+03 
       2.774797817861e-02       5.922156794193e+03 
       2.775762336417e-02       5.920872835095e+03 
       2.776727332381e-02       5.919587959285e+03 
       2.777692806698e-02       5.918302166378e+03 
       2.778658760316e-02       5.917015455944e+03 
       2.779625194183e-02       5.915727827580e+03 
       2.780592109252e-02       5.914439282154e+03 
       2.781559506478e-02       5.913149799666e+03 
       2.782527386819e-02       5.911859413846e+03 
       2.783495751234e-02       5.910568108266e+03 
       2.784464600687e-02       5.909275882513e+03 
       2.785433936142e-02       5.907982736142e+03 
       2.786403758568e-02       5.906688668728e+03 
       2.787374068935e-02       5.905393679837e+03 
       2.788344868217e-02       5.904097769047e+03 
       2.789316157389e-02       5.902800935932e+03 
       2.790287937430e-02       5.901503184137e+03 
       2.791260209322e-02       5.900204479721e+03 
       2.792232974048e-02       5.898904875435e+03 
       2.793206232596e-02       5.897604346851e+03 
       2.794179985955e-02       5.896302893533e+03 
       2.795154235116e-02       5.895000506728e+03 
       2.796128981076e-02       5.893697203331e+03 
       2.797104224831e-02       5.892392972536e+03 
       2.798079967383e-02       5.891087815131e+03 
       2.799056209734e-02       5.889781730658e+03 
       2.800032952891e-02       5.888474718651e+03 
       2.801010197862e-02       5.887166778509e+03 
       2.801987945659e-02       5.885857910015e+03 
       2.802966197296e-02       5.884548112598e+03 
       2.803944953791e-02       5.883237385807e+03 
       2.804924216163e-02       5.881925729076e+03 
       2.805903985436e-02       5.880613113975e+03 
       2.806884262636e-02       5.879299593682e+03 
       2.807865048791e-02       5.877985142365e+03 
       2.808846344932e-02       5.876669759018e+03 
       2.809828152094e-02       5.875353443154e+03 
       2.810810471315e-02       5.874036194247e+03 
       2.811793303634e-02       5.872718011742e+03 
       2.812776650095e-02       5.871398895352e+03 
       2.813760511743e-02       5.870078844485e+03 
       2.814744889628e-02       5.868757858654e+03 
       2.815729784802e-02       5.867435937900e+03 
       2.816715198320e-02       5.866113064790e+03 
       2.817701131239e-02       5.864789269924e+03 
       2.818687584620e-02       5.863464537947e+03 
       2.819674559528e-02       5.862138868329e+03 
       2.820662057029e-02       5.860812260425e+03 
       2.821650078192e-02       5.859484713945e+03 
       2.822638624092e-02       5.858156228343e+03 
       2.823627695803e-02       5.856826802931e+03 
       2.824617294405e-02       5.855496437391e+03 
       2.825607420981e-02       5.854165137113e+03 
       2.826598076614e-02       5.852832862769e+03 
       2.827589262393e-02       5.851499672009e+03 
       2.828580979410e-02       5.850165538774e+03 
       2.829573228759e-02       5.848830462521e+03 
       2.830566011538e-02       5.847494435553e+03 
       2.831559328847e-02       5.846157471110e+03 
       2.832553181790e-02       5.844819561928e+03 
       2.833547571474e-02       5.843480707542e+03 
       2.834542499010e-02       5.842140907208e+03 
       2.835537965510e-02       5.840800160579e+03 
       2.836533972091e-02       5.839458467044e+03 
       2.837530519872e-02       5.838115826060e+03 
       2.838527609978e-02       5.836772237106e+03 
       2.839525243534e-02       5.835427699611e+03 
       2.840523421669e-02       5.834082214628e+03 
       2.841522145516e-02       5.832735747860e+03 
       2.842521416211e-02       5.831388359331e+03 
       2.843521234893e-02       5.830040019765e+03 
       2.844521602704e-02       5.828690728573e+03 
       2.845522520791e-02       5.827340485174e+03 
       2.846523990303e-02       5.825989288983e+03 
       2.847526012392e-02       5.824637139417e+03 
       2.848528588214e-02       5.823284035892e+03 
       2.849531718927e-02       5.821929977829e+03 
       2.850535405695e-02       5.820574964572e+03 
       2.851539649683e-02       5.819219000933e+03 
       2.852544452061e-02       5.817862054862e+03 
       2.853549814002e-02       5.816504171564e+03 
       2.854555736680e-02       5.815145330619e+03 
       2.855562221277e-02       5.813785531430e+03 
       2.856569268974e-02       5.812424773397e+03 
       2.857576880959e-02       5.811063055924e+03 
       2.858585058421e-02       5.809700378414e+03 
       2.859593802554e-02       5.808336740271e+03 
       2.860603114554e-02       5.806972140764e+03 
       2.861612995623e-02       5.805606556601e+03 
       2.862623446963e-02       5.804240034433e+03 
       2.863634469782e-02       5.802872545935e+03 
       2.864646065292e-02       5.801504093502e+03 
       2.865658234707e-02       5.800134679026e+03 
       2.866670979245e-02       5.798764287113e+03 
       2.867684300128e-02       5.797392938526e+03 
       2.868698198581e-02       5.796020623389e+03 
       2.869712675833e-02       5.794647341062e+03 
       2.870727733118e-02       5.793273090775e+03 
       2.871743371670e-02       5.791897872113e+03 
       2.872759592731e-02       5.790521684344e+03 
       2.873776397544e-02       5.789144526831e+03 
       2.874793787355e-02       5.787766398953e+03 
       2.875811763417e-02       5.786387300063e+03 
       2.876830326984e-02       5.785007197094e+03 
       2.877849479314e-02       5.783626156906e+03 
       2.878869221670e-02       5.782244138742e+03 
       2.879889555318e-02       5.780861146625e+03 
       2.880910481527e-02       5.779477179736e+03 
       2.881932001571e-02       5.778092237630e+03 
       2.882954116728e-02       5.776706319527e+03 
       2.883976828279e-02       5.775319424747e+03 
       2.885000137508e-02       5.773931552610e+03 
       2.886024045705e-02       5.772542702441e+03 
       2.887048554163e-02       5.771152876058e+03 
       2.888073664179e-02       5.769762050279e+03 
       2.889099377052e-02       5.768370260781e+03 
       2.890125694088e-02       5.766977490339e+03 
       2.891152616594e-02       5.765583738104e+03 
       2.892180145884e-02       5.764189003621e+03 
       2.893208283274e-02       5.762793286074e+03 
       2.894237030084e-02       5.761396584758e+03 
       2.895266387639e-02       5.759998898974e+03 
       2.896296357267e-02       5.758600228030e+03 
       2.897326940299e-02       5.757200564626e+03 
       2.898358138074e-02       5.755799907058e+03 
       2.899389951931e-02       5.754398274713e+03 
       2.900422383215e-02       5.752995654002e+03 
       2.901455433275e-02       5.751592045882e+03 
       2.902489103463e-02       5.750187438020e+03 
       2.903523395137e-02       5.748781847679e+03 
       2.904558309657e-02       5.747375266054e+03 
       2.905593848389e-02       5.745967692406e+03 
       2.906630012702e-02       5.744559125992e+03 
       2.907666803970e-02       5.743149566064e+03 
       2.908704223571e-02       5.741739011875e+03 
       2.909742272887e-02       5.740327462677e+03 
       2.910780953303e-02       5.738914917599e+03 
       2.911820266212e-02       5.737501376100e+03 
       2.912860213007e-02       5.736086805130e+03 
       2.913900795089e-02       5.734671271423e+03 
       2.914942013859e-02       5.733254733462e+03 
       2.915983870727e-02       5.731837195725e+03 
       2.917026367104e-02       5.730418657337e+03 
       2.918069504407e-02       5.728999117515e+03 
       2.919113284057e-02       5.727578575478e+03 
       2.920157707479e-02       5.726157030431e+03 
       2.921202776103e-02       5.724734481459e+03 
       2.922248491364e-02       5.723310928013e+03 
       2.923294854699e-02       5.721886373162e+03 
       2.924341867553e-02       5.720460789365e+03 
       2.925389531373e-02       5.719034216244e+03 
       2.926437847610e-02       5.717606635166e+03 
       2.927486817722e-02       5.716178045305e+03 
       2.928536443171e-02       5.714748445843e+03 
       2.929586725421e-02       5.713317835963e+03 
       2.930637665943e-02       5.711886214737e+03 
       2.931689266213e-02       5.710453581545e+03 
       2.932741527710e-02       5.709019935499e+03 
       2.933794451919e-02       5.707585254283e+03 
       2.934848040328e-02       5.706149580880e+03 
       2.935902294431e-02       5.704712889659e+03 
       2.936957215727e-02       5.703275182050e+03 
       2.938012805718e-02       5.701836459722e+03 
       2.939069065913e-02       5.700396707266e+03 
       2.940125997824e-02       5.698955944864e+03 
       2.941183602969e-02       5.697514162458e+03 
       2.942241882870e-02       5.696071359400e+03 
       2.943300839054e-02       5.694627534727e+03 
       2.944360473053e-02       5.693182687563e+03 
       2.945420786404e-02       5.691736817041e+03 
       2.946481780648e-02       5.690289922299e+03 
       2.947543457332e-02       5.688842002481e+03 
       2.948605818008e-02       5.687393055839e+03 
       2.949668864231e-02       5.685943056805e+03 
       2.950732597565e-02       5.684492054260e+03 
       2.951797019574e-02       5.683040022964e+03 
       2.952862131831e-02       5.681586961872e+03 
       2.953927935911e-02       5.680132870081e+03 
       2.954994433397e-02       5.678677746677e+03 
       2.956061625876e-02       5.677221590788e+03 
       2.957129514938e-02       5.675764401478e+03 
       2.958198102180e-02       5.674306177851e+03 
       2.959267389206e-02       5.672846918995e+03 
       2.960337377621e-02       5.671386607604e+03 
       2.961408069039e-02       5.669925276707e+03 
       2.962479465077e-02       5.668462905357e+03 
       2.963551567357e-02       5.666999494880e+03 
       2.964624377508e-02       5.665535044328e+03 
       2.965697897163e-02       5.664069552758e+03 
       2.966772127960e-02       5.662603019233e+03 
       2.967847071544e-02       5.661135442813e+03 
       2.968922729564e-02       5.659666822566e+03 
       2.969999103675e-02       5.658197163725e+03 
       2.971076195536e-02       5.656726427060e+03 
       2.972154006814e-02       5.655254668173e+03 
       2.973232539178e-02       5.653781861156e+03 
       2.974311794306e-02       5.652308005418e+03 
       2.975391773880e-02       5.650833100059e+03 
       2.976472479586e-02       5.649357140712e+03 
       2.977553913118e-02       5.647880125522e+03 
       2.978636076174e-02       5.646402063886e+03 
       2.979718970458e-02       5.644922948386e+03 
       2.980802597680e-02       5.643442778024e+03 
       2.981886959555e-02       5.641961551650e+03 
       2.982972057804e-02       5.640479268498e+03 
       2.984057894154e-02       5.638995927463e+03 
       2.985144470337e-02       5.637511527552e+03 
       2.986231788091e-02       5.636026073092e+03 
       2.987319849160e-02       5.634539523699e+03 
       2.988408655294e-02       5.633051939217e+03 
       2.989498208248e-02       5.631563291535e+03 
       2.990588509783e-02       5.630073579610e+03 
       2.991679561666e-02       5.628582802273e+03 
       2.992771365671e-02       5.627090958695e+03 
       2.993863923576e-02       5.625598047743e+03 
       2.994957237166e-02       5.624104068375e+03 
       2.996051308231e-02       5.622609021043e+03 
       2.997146138570e-02       5.621112887777e+03 
       2.998241729984e-02       5.619615695875e+03 
       2.999338084282e-02       5.618117431168e+03 
       3.000435203280e-02       5.616618092587e+03 
       3.001533088797e-02       5.615117678933e+03 
       3.002631742662e-02       5.613616189317e+03 
       3.003731166708e-02       5.612113622577e+03 
       3.004831362774e-02       5.610609977638e+03 
       3.005932332705e-02       5.609105250725e+03 
       3.007034078354e-02       5.607599431322e+03 
       3.008136601579e-02       5.606092543834e+03 
       3.009239904244e-02       5.604584573574e+03 
       3.010343988220e-02       5.603075518478e+03 
       3.011448855384e-02       5.601565373475e+03 
       3.012554507619e-02       5.600054147520e+03 
       3.013660946816e-02       5.598541834345e+03 
       3.014768174871e-02       5.597028432705e+03 
       3.015876193687e-02       5.595513941471e+03 
       3.016985005172e-02       5.593998359504e+03 
       3.018094611242e-02       5.592481685664e+03 
       3.019205013821e-02       5.590963918807e+03 
       3.020316214837e-02       5.589445057795e+03 
       3.021428216224e-02       5.587925101481e+03 
       3.022541019927e-02       5.586404018739e+03 
       3.023654627892e-02       5.584881870645e+03 
       3.024769042077e-02       5.583358619300e+03 
       3.025884264442e-02       5.581834267692e+03 
       3.027000296958e-02       5.580308814657e+03 
       3.028117141599e-02       5.578782258983e+03 
       3.029234800350e-02       5.577254599479e+03 
       3.030353275198e-02       5.575725834949e+03 
       3.031472568140e-02       5.574195964198e+03 
       3.032592681181e-02       5.572664985886e+03 
       3.033713616329e-02       5.571132898845e+03 
       3.034835375602e-02       5.569599688781e+03 
       3.035957961025e-02       5.568065379985e+03 
       3.037081374628e-02       5.566529958826e+03 
       3.038205618450e-02       5.564993423987e+03 
       3.039330694537e-02       5.563455774256e+03 
       3.040456604941e-02       5.561917008383e+03 
       3.041583351721e-02       5.560377125130e+03 
       3.042710936946e-02       5.558836123114e+03 
       3.043839362688e-02       5.557294001321e+03 
       3.044968631030e-02       5.555750760541e+03 
       3.046098744060e-02       5.554206374602e+03 
       3.047229703875e-02       5.552660884261e+03 
       3.048361512578e-02       5.551114268788e+03 
       3.049494172280e-02       5.549566526911e+03 
       3.050627685099e-02       5.548017649991e+03 
       3.051762053161e-02       5.546467652113e+03 
       3.052897278601e-02       5.544916522631e+03 
       3.054033363557e-02       5.543364261596e+03 
       3.055170310181e-02       5.541810867606e+03 
       3.056308120626e-02       5.540256339350e+03 
       3.057446797058e-02       5.538700675516e+03 
       3.058586341647e-02       5.537143874790e+03 
       3.059726756573e-02       5.535585935856e+03 
       3.060868044024e-02       5.534026857404e+03 
       3.062010206193e-02       5.532466638731e+03 
       3.063153245284e-02       5.530905251023e+03 
       3.064297163507e-02       5.529342744024e+03 
       3.065441963080e-02       5.527779091909e+03 
       3.066587646231e-02       5.526214293270e+03 
       3.067734215193e-02       5.524648346740e+03 
       3.068881672209e-02       5.523081250937e+03 
       3.070030019529e-02       5.521513004488e+03 
       3.071179259412e-02       5.519943606014e+03 
       3.072329394126e-02       5.518373054145e+03 
       3.073480425944e-02       5.516801347359e+03 
       3.074632357150e-02       5.515228482291e+03 
       3.075785190035e-02       5.513654450241e+03 
       3.076938926900e-02       5.512079269727e+03 
       3.078093570052e-02       5.510502928654e+03 
       3.079249121808e-02       5.508925425633e+03 
       3.080405584493e-02       5.507346759209e+03 
       3.081562960440e-02       5.505766927967e+03 
       3.082721251991e-02       5.504185930424e+03 
       3.083880461497e-02       5.502603765169e+03 
       3.085040591316e-02       5.501020430533e+03 
       3.086201643816e-02       5.499435908229e+03 
       3.087363621374e-02       5.497850230060e+03 
       3.088526526375e-02       5.496263378104e+03 
       3.089690361212e-02       5.494675350987e+03 
       3.090855128287e-02       5.493086142868e+03 
       3.092020830014e-02       5.491495759005e+03 
       3.093187468811e-02       5.489904196916e+03 
       3.094355047109e-02       5.488311453736e+03 
       3.095523567344e-02       5.486717527888e+03 
       3.096693031966e-02       5.485122417861e+03 
       3.097863443429e-02       5.483526122149e+03 
       3.099034804199e-02       5.481928639239e+03 
       3.100207116752e-02       5.480329967627e+03 
       3.101380383570e-02       5.478730105805e+03 
       3.102554607147e-02       5.477129060007e+03 
       3.103729789986e-02       5.475526780547e+03 
       3.104905934597e-02       5.473923336914e+03 
       3.106083043501e-02       5.472318696626e+03 
       3.107261119230e-02       5.470712858109e+03 
       3.108440164323e-02       5.469105819780e+03 
       3.109620181330e-02       5.467497580086e+03 
       3.110801172809e-02       5.465888137429e+03 
       3.111983141330e-02       5.464277490237e+03 
       3.113166089470e-02       5.462665636879e+03 
       3.114350019818e-02       5.461052576068e+03 
       3.115534934971e-02       5.459438292712e+03 
       3.116720837536e-02       5.457822810441e+03 
       3.117907730133e-02       5.456206115488e+03 
       3.119095615387e-02       5.454588206220e+03 
       3.120284495936e-02       5.452969081106e+03 
       3.121474374427e-02       5.451348738221e+03 
       3.122665253518e-02       5.449727176218e+03 
       3.123857135876e-02       5.448104393251e+03 
       3.125050024179e-02       5.446480387856e+03 
       3.126243921115e-02       5.444855141328e+03 
       3.127438829381e-02       5.443228684985e+03 
       3.128634751687e-02       5.441601000591e+03 
       3.129831690750e-02       5.439972086813e+03 
       3.131029649301e-02       5.438341937716e+03 
       3.132228630079e-02       5.436710558213e+03 
       3.133428635834e-02       5.435077945575e+03 
       3.134629669327e-02       5.433444096685e+03 
       3.135831733330e-02       5.431809009853e+03 
       3.137034830624e-02       5.430172683325e+03 
       3.138238964002e-02       5.428535115505e+03 
       3.139444136269e-02       5.426896304257e+03 
       3.140650350238e-02       5.425256248263e+03 
       3.141857608736e-02       5.423614945653e+03 
       3.143065914598e-02       5.421972395064e+03 
       3.144275270671e-02       5.420328569278e+03 
       3.145485679816e-02       5.418683514240e+03 
       3.146697144900e-02       5.417037205264e+03 
       3.147909668805e-02       5.415389640526e+03 
       3.149123254423e-02       5.413740818229e+03 
       3.150337904658e-02       5.412090736576e+03 
       3.151553622424e-02       5.410439393768e+03 
       3.152770410648e-02       5.408786787966e+03 
       3.153988272267e-02       5.407132917392e+03 
       3.155207210230e-02       5.405477780582e+03 
       3.156427227498e-02       5.403821361902e+03 
       3.157648327044e-02       5.402163684950e+03 
       3.158870511853e-02       5.400504735701e+03 
       3.160093784919e-02       5.398844512290e+03 
       3.161318149252e-02       5.397183012848e+03 
       3.162543607870e-02       5.395520235600e+03 
       3.163770163806e-02       5.393856178318e+03 
       3.164997820104e-02       5.392190839483e+03 
       3.166226579819e-02       5.390524223653e+03 
       3.167456446020e-02       5.388856292583e+03 
       3.168687421787e-02       5.387187096005e+03 
       3.169919510213e-02       5.385516609954e+03 
       3.171152714402e-02       5.383844834312e+03 
       3.172387037473e-02       5.382171755957e+03 
       3.173622482555e-02       5.380497389404e+03 
       3.174859052790e-02       5.378821725576e+03 
       3.176096751334e-02       5.377144762480e+03 
       3.177335581356e-02       5.375466498174e+03 
       3.178575546034e-02       5.373786930662e+03 
       3.179816648563e-02       5.372106057959e+03 
       3.181058892150e-02       5.370423878068e+03 
       3.182302280013e-02       5.368740389053e+03 
       3.183546815385e-02       5.367055597951e+03 
       3.184792501511e-02       5.365369452332e+03 
       3.186039341650e-02       5.363682021832e+03 
       3.187287339074e-02       5.361993273845e+03 
       3.188536497069e-02       5.360303206314e+03 
       3.189786818932e-02       5.358611817184e+03 
       3.191038307977e-02       5.356919104404e+03 
       3.192290967528e-02       5.355225065924e+03 
       3.193544800925e-02       5.353529699719e+03 
       3.194799811522e-02       5.351833003544e+03 
       3.196056002684e-02       5.350134966003e+03 
       3.197313377792e-02       5.348435601159e+03 
       3.198571940241e-02       5.346734901910e+03 
       3.199831693439e-02       5.345032864241e+03 
       3.201092640810e-02       5.343329486015e+03 
       3.202354785789e-02       5.341624765096e+03 
       3.203618131827e-02       5.339918699305e+03 
       3.204882682391e-02       5.338211286541e+03 
       3.206148440959e-02       5.336502524635e+03 
       3.207415411025e-02       5.334792393552e+03 
       3.208683596099e-02       5.333080928422e+03 
       3.209952999703e-02       5.331368104711e+03 
       3.211223625375e-02       5.329653922977e+03 
       3.212495476669e-02       5.327938374860e+03 
       3.213768557152e-02       5.326221470909e+03 
       3.215042870405e-02       5.324503201381e+03 
       3.216318420028e-02       5.322783564905e+03 
       3.217595209633e-02       5.321062559225e+03 
       3.218873242847e-02       5.319340182093e+03 
       3.220152523313e-02       5.317616431234e+03 
       3.221433054691e-02       5.315891304382e+03 
       3.222714840655e-02       5.314164799253e+03 
       3.223997884893e-02       5.312436913223e+03 
       3.225282191112e-02       5.310707623639e+03 
       3.226567763031e-02       5.308976968298e+03 
       3.227854604389e-02       5.307244925172e+03 
       3.229142718936e-02       5.305511491999e+03 
       3.230432110443e-02       5.303776666437e+03 
       3.231722782694e-02       5.302040446143e+03 
       3.233014739489e-02       5.300302828780e+03 
       3.234307984646e-02       5.298563812008e+03 
       3.235602521999e-02       5.296823393459e+03 
       3.236898355396e-02       5.295081574947e+03 
       3.238195488706e-02       5.293338329974e+03 
       3.239493925810e-02       5.291593690759e+03 
       3.240793670609e-02       5.289847639996e+03 
       3.242094727019e-02       5.288100175240e+03 
       3.243397098973e-02       5.286351294059e+03 
       3.244700790424e-02       5.284600994005e+03 
       3.246005805338e-02       5.282849272621e+03 
       3.247312147700e-02       5.281096127466e+03 
       3.248619821512e-02       5.279341542635e+03 
       3.249928830794e-02       5.277585540381e+03 
       3.251239179584e-02       5.275828107671e+03 
       3.252550871936e-02       5.274069241073e+03 
       3.253863911923e-02       5.272308932125e+03 
       3.255178303635e-02       5.270547190717e+03 
       3.256494051180e-02       5.268784006902e+03 
       3.257811158685e-02       5.267019379030e+03 
       3.259129630295e-02       5.265253304527e+03 
       3.260449470171e-02       5.263485780811e+03 
       3.261770682495e-02       5.261716805285e+03 
       3.263093271466e-02       5.259946375360e+03 
       3.264417241303e-02       5.258174488448e+03 
       3.265742596242e-02       5.256401144477e+03 
       3.267069340539e-02       5.254626312543e+03 
       3.268397478469e-02       5.252850037164e+03 
       3.269727014324e-02       5.251072294053e+03 
       3.271057952417e-02       5.249293080519e+03 
       3.272390297081e-02       5.247512393895e+03 
       3.273724052665e-02       5.245730231517e+03 
       3.275059223542e-02       5.243946590719e+03 
       3.276395814100e-02       5.242161468812e+03 
       3.277733828751e-02       5.240374863090e+03 
       3.279073271923e-02       5.238586759622e+03 
       3.280414148066e-02       5.236797178012e+03 
       3.281756461650e-02       5.235006103311e+03 
       3.283100217165e-02       5.233213533709e+03 
       3.284445419121e-02       5.231419466345e+03 
       3.285792072048e-02       5.229623898432e+03 
       3.287140180498e-02       5.227826827166e+03 
       3.288489749042e-02       5.226028249758e+03 
       3.289840782272e-02       5.224228165812e+03 
       3.291193284803e-02       5.222426550973e+03 
       3.292547261269e-02       5.220623437031e+03 
       3.293902716325e-02       5.218818805268e+03 
       3.295259654648e-02       5.217012654784e+03 
       3.296618080937e-02       5.215204972511e+03 
       3.297977999911e-02       5.213395770320e+03 
       3.299339416312e-02       5.211585038855e+03 
       3.300702334904e-02       5.209772775270e+03 
       3.302066760472e-02       5.207958976600e+03 
       3.303432697823e-02       5.206143639883e+03 
       3.304800151787e-02       5.204326762156e+03 
       3.306169127216e-02       5.202508340461e+03 
       3.307539628984e-02       5.200688371127e+03 
       3.308911661989e-02       5.198866833744e+03 
       3.310285231151e-02       5.197043760461e+03 
       3.311660341412e-02       5.195219131082e+03 
       3.313036997738e-02       5.193392942557e+03 
       3.314415205119e-02       5.191565191729e+03 
       3.315794968566e-02       5.189735875555e+03 
       3.317176293116e-02       5.187904991464e+03 
       3.318559183828e-02       5.186072535907e+03 
       3.319943645786e-02       5.184238505816e+03 
       3.321329684097e-02       5.182402888202e+03 
       3.322717303892e-02       5.180565698498e+03 
       3.324106510326e-02       5.178726924864e+03 
       3.325497308580e-02       5.176886563946e+03 
       3.326889703859e-02       5.175044612599e+03 
       3.328283701391e-02       5.173201067609e+03 
       3.329679306430e-02       5.171355925776e+03 
       3.331076524256e-02       5.169509183909e+03 
       3.332475360172e-02       5.167660841291e+03 
       3.333875819509e-02       5.165810873398e+03 
       3.335277907620e-02       5.163959310791e+03 
       3.336681629888e-02       5.162106135018e+03 
       3.338086991718e-02       5.160251337768e+03 
       3.339493998542e-02       5.158394926026e+03 
       3.340902655820e-02       5.156536890668e+03 
       3.342312969036e-02       5.154677228904e+03 
       3.343724943701e-02       5.152815937393e+03 
       3.345138585354e-02       5.150953012760e+03 
       3.346553899560e-02       5.149088451634e+03 
       3.347970891909e-02       5.147222250622e+03 
       3.349389568022e-02       5.145354406355e+03 
       3.350809933543e-02       5.143484895734e+03 
       3.352231994149e-02       5.141613755123e+03 
       3.353655755538e-02       5.139740958736e+03 
       3.355081223442e-02       5.137866505075e+03 
       3.356508403618e-02       5.135990390680e+03 
       3.357937301850e-02       5.134112612064e+03 
       3.359367923954e-02       5.132233165746e+03 
       3.360800275772e-02       5.130352048220e+03 
       3.362234363176e-02       5.128469255965e+03 
       3.363670192066e-02       5.126584776325e+03 
       3.365107768371e-02       5.124698622924e+03 
       3.366547098051e-02       5.122810784106e+03 
       3.367988187094e-02       5.120921256080e+03 
       3.369431041519e-02       5.119030035201e+03 
       3.370875667374e-02       5.117137117946e+03 
       3.372322070737e-02       5.115242500364e+03 
       3.373770257717e-02       5.113346179167e+03 
       3.375220234454e-02       5.111448138588e+03 
       3.376672007117e-02       5.109548397622e+03 
       3.378125581908e-02       5.107646941740e+03 
       3.379580965059e-02       5.105743768882e+03 
       3.381038162833e-02       5.103838865548e+03 
       3.382497181525e-02       5.101932241798e+03 
       3.383958027464e-02       5.100023887975e+03 
       3.385420707006e-02       5.098113800290e+03 
       3.386885226545e-02       5.096201974907e+03 
       3.388351592503e-02       5.094288408131e+03 
       3.389819811336e-02       5.092373095707e+03 
       3.391289889534e-02       5.090456038339e+03 
       3.392761833620e-02       5.088537202215e+03 
       3.394235650148e-02       5.086616628754e+03 
       3.395711345708e-02       5.084694294087e+03 
       3.397188926923e-02       5.082770194266e+03 
       3.398668400450e-02       5.080844325339e+03 
       3.400149772980e-02       5.078916683354e+03 
       3.401633051239e-02       5.076987264317e+03 
       3.403118241987e-02       5.075056065561e+03 
       3.404605352020e-02       5.073123070126e+03 
       3.406094388167e-02       5.071188294943e+03 
       3.407585357296e-02       5.069251726406e+03 
       3.409078266308e-02       5.067313360404e+03 
       3.410573122140e-02       5.065373192833e+03 
       3.412069931766e-02       5.063431219557e+03 
       3.413568702197e-02       5.061487436460e+03 
       3.415069440480e-02       5.059541828040e+03 
       3.416572153698e-02       5.057594411643e+03 
       3.418076848972e-02       5.055645172721e+03 
       3.419583533460e-02       5.053694103198e+03 
       3.421092214360e-02       5.051741206148e+03 
       3.422602898905e-02       5.049786473828e+03 
       3.424115594368e-02       5.047829901936e+03 
       3.425630308060e-02       5.045871486157e+03 
       3.427147047330e-02       5.043911222184e+03 
       3.428665819567e-02       5.041949105663e+03 
       3.430186632200e-02       5.039985132232e+03 
       3.431709492696e-02       5.038019280404e+03 
       3.433234408563e-02       5.036051580377e+03 
       3.434761387349e-02       5.034082007981e+03 
       3.436290436642e-02       5.032110560774e+03 
       3.437821564071e-02       5.030137234298e+03 
       3.439354777307e-02       5.028162024066e+03 
       3.440890084060e-02       5.026184925589e+03 
       3.442427492084e-02       5.024205934358e+03 
       3.443967009175e-02       5.022225037737e+03 
       3.445508643169e-02       5.020242246513e+03 
       3.447052401946e-02       5.018257548618e+03 
       3.448598293428e-02       5.016270939481e+03 
       3.450146325583e-02       5.014282414419e+03 
       3.451696506419e-02       5.012291968771e+03 
       3.453248843988e-02       5.010299597873e+03 
       3.454803346390e-02       5.008305286874e+03 
       3.456360021764e-02       5.006309050012e+03 
       3.457918878298e-02       5.004310873716e+03 
       3.459479924223e-02       5.002310751725e+03 
       3.461043167816e-02       5.000308679356e+03 
       3.462608617399e-02       4.998304655191e+03 
       3.464176281342e-02       4.996298672188e+03 
       3.465746168059e-02       4.994290725441e+03 
       3.467318286012e-02       4.992280810068e+03 
       3.468892643711e-02       4.990268921181e+03 
       3.470469249712e-02       4.988255053845e+03 
       3.472048112619e-02       4.986239188807e+03 
       3.473629241085e-02       4.984221348147e+03 
       3.475212643810e-02       4.982201513693e+03 
       3.476798329545e-02       4.980179680446e+03 
       3.478386307089e-02       4.978155843382e+03 
       3.479976585290e-02       4.976129997464e+03 
       3.481569173047e-02       4.974102137592e+03 
       3.483164079309e-02       4.972072259714e+03 
       3.484761313076e-02       4.970040347820e+03 
       3.486360883400e-02       4.968006414430e+03 
       3.487962799382e-02       4.965970446249e+03 
       3.489567070177e-02       4.963932438054e+03 
       3.491173704991e-02       4.961892384603e+03 
       3.492782713085e-02       4.959850280570e+03 
       3.494394103770e-02       4.957806123408e+03 
       3.496007886413e-02       4.955759889518e+03 
       3.497624070433e-02       4.953711600601e+03 
       3.499242665306e-02       4.951661239702e+03 
       3.500863680558e-02       4.949608797237e+03 
       3.502487125776e-02       4.947554275105e+03 
       3.504113010599e-02       4.945497664430e+03 
       3.505741344722e-02       4.943438959740e+03 
       3.507372137897e-02       4.941378155511e+03 
       3.509005399934e-02       4.939315246151e+03 
       3.510641140700e-02       4.937250226102e+03 
       3.512279370117e-02       4.935183077166e+03 
       3.513920098170e-02       4.933113817394e+03 
       3.515563334898e-02       4.931042429676e+03 
       3.517209090403e-02       4.928968908435e+03 
       3.518857374844e-02       4.926893247847e+03 
       3.520508198440e-02       4.924815442070e+03 
       3.522161571473e-02       4.922735485480e+03 
       3.523817504284e-02       4.920653373868e+03 
       3.525476007275e-02       4.918569089332e+03 
       3.527137090913e-02       4.916482644382e+03 
       3.528800765723e-02       4.914394025044e+03 
       3.530467042298e-02       4.912303225334e+03 
       3.532135931290e-02       4.910210239332e+03 
       3.533807443417e-02       4.908115060992e+03 
       3.535481589462e-02       4.906017675811e+03 
       3.537158380273e-02       4.903918093769e+03 
       3.538837826761e-02       4.901816301013e+03 
       3.540519939907e-02       4.899712288249e+03 
       3.542204730755e-02       4.897606055243e+03 
       3.543892210419e-02       4.895497593093e+03 
       3.545582390079e-02       4.893386895543e+03 
       3.547275280982e-02       4.891273956311e+03 
       3.548970894448e-02       4.889158769201e+03 
       3.550669241861e-02       4.887041327887e+03 
       3.552370334680e-02       4.884921625927e+03 
       3.554074184431e-02       4.882799644391e+03 
       3.555780802711e-02       4.880675400611e+03 
       3.557490201192e-02       4.878548876740e+03 
       3.559202391614e-02       4.876420066285e+03 
       3.560917385793e-02       4.874288962722e+03 
       3.562635195616e-02       4.872155559407e+03 
       3.564355833045e-02       4.870019849891e+03 
       3.566079310119e-02       4.867881828612e+03 
       3.567805638948e-02       4.865741478836e+03 
       3.569534831720e-02       4.863598809971e+03 
       3.571266900700e-02       4.861453808069e+03 
       3.573001858230e-02       4.859306466314e+03 
       3.574739716729e-02       4.857156777889e+03 
       3.576480488694e-02       4.855004736012e+03 
       3.578224186702e-02       4.852850333763e+03 
       3.579970823411e-02       4.850693556028e+03 
       3.581720411557e-02       4.848534411448e+03 
       3.583472963959e-02       4.846372885336e+03 
       3.585228493516e-02       4.844208970788e+03 
       3.586987013211e-02       4.842042657818e+03 
       3.588748536110e-02       4.839873944963e+03 
       3.590513075363e-02       4.837702822395e+03 
       3.592280644203e-02       4.835529282928e+03 
       3.594051255951e-02       4.833353319344e+03 
       3.595824924012e-02       4.831174924223e+03 
       3.597601661879e-02       4.828994090450e+03 
       3.599381483131e-02       4.826810810588e+03 
       3.601164401438e-02       4.824625077269e+03 
       3.602950430557e-02       4.822436871988e+03 
       3.604739584335e-02       4.820246208296e+03 
       3.606531876711e-02       4.818053068448e+03 
       3.608327321713e-02       4.815857445137e+03 
       3.610125933464e-02       4.813659330695e+03 
       3.611927726179e-02       4.811458717539e+03 
       3.613732714166e-02       4.809255598001e+03 
       3.615540911829e-02       4.807049964375e+03 
       3.617352333666e-02       4.804841808740e+03 
       3.619166994272e-02       4.802631125824e+03 
       3.620984908341e-02       4.800417894671e+03 
       3.622806090662e-02       4.798202125780e+03 
       3.624630556125e-02       4.795983803430e+03 
       3.626458319719e-02       4.793762923128e+03 
       3.628289396535e-02       4.791539463261e+03 
       3.630123801764e-02       4.789313432217e+03 
       3.631961550699e-02       4.787084815530e+03 
       3.633802658739e-02       4.784853602595e+03 
       3.635647141386e-02       4.782619790111e+03 
       3.637495014247e-02       4.780383367116e+03 
       3.639346293035e-02       4.778144325634e+03 
       3.641200993571e-02       4.775902657216e+03 
       3.643059131784e-02       4.773658353470e+03 
       3.644920723712e-02       4.771411405976e+03 
       3.646785785504e-02       4.769161796485e+03 
       3.648654333419e-02       4.766909536249e+03 
       3.650526383829e-02       4.764654605101e+03 
       3.652401953218e-02       4.762396995829e+03 
       3.654281058187e-02       4.760136699796e+03 
       3.656163715449e-02       4.757873708296e+03 
       3.658049941836e-02       4.755608012585e+03 
       3.659939754296e-02       4.753339598827e+03 
       3.661833169897e-02       4.751068467990e+03 
       3.663730205824e-02       4.748794605577e+03 
       3.665630879385e-02       4.746518003123e+03 
       3.667535208010e-02       4.744238649106e+03 
       3.669443209252e-02       4.741956538937e+03 
       3.671354900786e-02       4.739671661781e+03 
       3.673270300415e-02       4.737384005303e+03 
       3.675189426068e-02       4.735093565174e+03 
       3.677112295801e-02       4.732800329954e+03 
       3.679038927799e-02       4.730504290296e+03 
       3.680969340379e-02       4.728205436689e+03 
       3.682903551986e-02       4.725903759801e+03 
       3.684841581201e-02       4.723599242903e+03 
       3.686783446738e-02       4.721291889943e+03 
       3.688729167445e-02       4.718981684356e+03 
       3.690678762307e-02       4.716668616659e+03 
       3.692632250449e-02       4.714352677207e+03 
       3.694589651132e-02       4.712033854542e+03 
       3.696550983760e-02       4.709712142049e+03 
       3.698516267878e-02       4.707387528215e+03 
       3.700485523174e-02       4.705060003249e+03 
       3.702458769481e-02       4.702729552690e+03 
       3.704436026777e-02       4.700396174092e+03 
       3.706417315191e-02       4.698059853771e+03 
       3.708402654996e-02       4.695720581492e+03 
       3.710392066619e-02       4.693378342713e+03 
       3.712385570639e-02       4.691033134552e+03 
       3.714383187785e-02       4.688684941776e+03 
       3.716384938946e-02       4.686333756636e+03 
       3.718390845163e-02       4.683979567005e+03 
       3.720400927637e-02       4.681622362510e+03 
       3.722415207729e-02       4.679262132487e+03 
       3.724433706961e-02       4.676898860010e+03 
       3.726456447017e-02       4.674532546424e+03 
       3.728483449746e-02       4.672163173905e+03 
       3.730514737163e-02       4.669790732313e+03 
       3.732550331452e-02       4.667415210582e+03 
       3.734590254964e-02       4.665036597523e+03 
       3.736634530225e-02       4.662654879093e+03 
       3.738683179930e-02       4.660270049519e+03 
       3.740736226951e-02       4.657882094969e+03 
       3.742793694336e-02       4.655491004055e+03 
       3.744855605312e-02       4.653096765268e+03 
       3.746921983285e-02       4.650699363745e+03 
       3.748992851845e-02       4.648298794105e+03 
       3.751068234763e-02       4.645895041252e+03 
       3.753148155998e-02       4.643488094459e+03 
       3.755232639697e-02       4.641077941338e+03 
       3.757321710196e-02       4.638664567774e+03 
       3.759415392021e-02       4.636247965940e+03 
       3.761513709896e-02       4.633828121780e+03 
       3.763616688737e-02       4.631405023272e+03 
       3.765724353658e-02       4.628978656406e+03 
       3.767836729976e-02       4.626549012320e+03 
       3.769953843207e-02       4.624116076743e+03 
       3.772075719073e-02       4.621679837464e+03 
       3.774202383500e-02       4.619240281982e+03 
       3.776333862625e-02       4.616797397669e+03 
       3.778470182794e-02       4.614351171682e+03 
       3.780611370568e-02       4.611901592280e+03 
       3.782757452722e-02       4.609448641653e+03 
       3.784908456249e-02       4.606992313648e+03 
       3.787064408361e-02       4.604532592468e+03 
       3.789225336494e-02       4.602069464907e+03 
       3.791391268307e-02       4.599602917686e+03 
       3.793562231688e-02       4.597132934386e+03 
       3.795738254754e-02       4.594659508148e+03 
       3.797919365855e-02       4.592182622065e+03 
       3.800105593573e-02       4.589702262599e+03 
       3.802296966732e-02       4.587218416247e+03 
       3.804493514391e-02       4.584731069148e+03 
       3.806695265856e-02       4.582240207585e+03 
       3.808902250675e-02       4.579745817231e+03 
       3.811114498646e-02       4.577247884502e+03 
       3.813332039818e-02       4.574746395151e+03 
       3.815554904492e-02       4.572241335017e+03 
       3.817783123228e-02       4.569732689804e+03 
       3.820016726842e-02       4.567220445038e+03 
       3.822255746416e-02       4.564704586272e+03 
       3.824500213295e-02       4.562185098791e+03 
       3.826750159092e-02       4.559661967855e+03 
       3.829005615693e-02       4.557135178646e+03 
       3.831266615257e-02       4.554604716152e+03 
       3.833533190223e-02       4.552070565521e+03 
       3.835805373307e-02       4.549532711601e+03 
       3.838083197511e-02       4.546991139224e+03 
       3.840366696126e-02       4.544445833087e+03 
       3.842655902731e-02       4.541896777638e+03 
       3.844950851200e-02       4.539343957470e+03 
       3.847251575704e-02       4.536787356773e+03 
       3.849558110715e-02       4.534226959748e+03 
       3.851870491010e-02       4.531662750402e+03 
       3.854188751674e-02       4.529094712848e+03 
       3.856512928102e-02       4.526522830994e+03 
       3.858843056005e-02       4.523947088639e+03 
       3.861179171415e-02       4.521367469470e+03 
       3.863521310684e-02       4.518783956991e+03 
       3.865869510493e-02       4.516196534773e+03 
       3.868223807851e-02       4.513605186025e+03 
       3.870584240103e-02       4.511009893896e+03 
       3.872950844932e-02       4.508410641306e+03 
       3.875323660366e-02       4.505807411247e+03 
       3.877702724775e-02       4.503200186544e+03 
       3.880088076884e-02       4.500588949894e+03 
       3.882479755771e-02       4.497973683886e+03 
       3.884877800875e-02       4.495354370916e+03 
       3.887282251998e-02       4.492730993446e+03 
       3.889693149311e-02       4.490103533617e+03 
       3.892110533356e-02       4.487471973451e+03 
       3.894534445056e-02       4.484836294744e+03 
       3.896964925712e-02       4.482196479300e+03 
       3.899402017016e-02       4.479552508688e+03 
       3.901845761049e-02       4.476904364430e+03 
       3.904296200290e-02       4.474252027900e+03 
       3.906753377618e-02       4.471595480259e+03 
       3.909217336321e-02       4.468934702744e+03 
       3.911688120097e-02       4.466269676263e+03 
       3.914165773062e-02       4.463600381662e+03 
       3.916650339753e-02       4.460926799475e+03 
       3.919141865136e-02       4.458248910265e+03 
       3.921640394610e-02       4.455566694280e+03 
       3.924145974011e-02       4.452880131710e+03 
       3.926658649621e-02       4.450189202588e+03 
       3.929178468172e-02       4.447493886705e+03 
       3.931705476850e-02       4.444794163978e+03 
       3.934239723305e-02       4.442090013968e+03 
       3.936781255654e-02       4.439381416122e+03 
       3.939330122486e-02       4.436668349625e+03 
       3.941886372873e-02       4.433950793689e+03 
       3.944450056371e-02       4.431228727141e+03 
       3.947021223030e-02       4.428502128709e+03 
       3.949599923398e-02       4.425770976894e+03 
       3.952186208531e-02       4.423035250229e+03 
       3.954780129995e-02       4.420294926925e+03 
       3.957381739877e-02       4.417549985149e+03 
       3.959991090790e-02       4.414800402661e+03 
       3.962608235880e-02       4.412046157427e+03 
       3.965233228835e-02       4.409287226917e+03 
       3.967866123889e-02       4.406523588481e+03 
       3.970506975833e-02       4.403755219182e+03 
       3.973155840019e-02       4.400982096095e+03 
       3.975812772372e-02       4.398204195977e+03 
       3.978477829394e-02       4.395421495474e+03 
       3.981151068173e-02       4.392633970952e+03 
       3.983832546391e-02       4.389841598774e+03 
       3.986522322336e-02       4.387044354986e+03 
       3.989220454902e-02       4.384242215476e+03 
       3.991927003606e-02       4.381435155762e+03 
       3.994642028593e-02       4.378623151334e+03 
       3.997365590644e-02       4.375806177364e+03 
       4.000097751185e-02       4.372984208880e+03 
       4.002838572299e-02       4.370157220659e+03 
       4.005588116732e-02       4.367325187366e+03 
       4.008346447906e-02       4.364488083391e+03 
       4.011113629923e-02       4.361645882969e+03 
       4.013889727580e-02       4.358798560000e+03 
       4.016674806378e-02       4.355946088279e+03 
       4.019468932529e-02       4.353088441230e+03 
       4.022272172971e-02       4.350225592119e+03 
       4.025084595373e-02       4.347357513902e+03 
       4.027906268153e-02       4.344484179498e+03 
       4.030737260481e-02       4.341605561448e+03 
       4.033577642295e-02       4.338721632149e+03 
       4.036427484311e-02       4.335832363706e+03 
       4.039286858035e-02       4.332937727912e+03 
       4.042155835774e-02       4.330037696490e+03 
       4.045034490646e-02       4.327132240680e+03 
       4.047922896598e-02       4.324221331477e+03 
       4.050821128412e-02       4.321304939841e+03 
       4.053729261722e-02       4.318383036317e+03 
       4.056647373022e-02       4.315455591263e+03 
       4.059575539686e-02       4.312522574648e+03 
       4.062513839975e-02       4.309583956447e+03 
       4.065462353054e-02       4.306639706127e+03 
       4.068421159005e-02       4.303689792807e+03 
       4.071390338839e-02       4.300734185455e+03 
       4.074369974516e-02       4.297772852723e+03 
       4.077360148953e-02       4.294805762974e+03 
       4.080360946043e-02       4.291832884246e+03 
       4.083372450669e-02       4.288854184483e+03 
       4.086394748719e-02       4.285869631198e+03 
       4.089427927104e-02       4.282879191622e+03 
       4.092472073772e-02       4.279882832504e+03 
       4.095527277724e-02       4.276880520500e+03 
       4.098593629034e-02       4.273872221790e+03 
       4.101671218860e-02       4.270857902221e+03 
       4.104760139470e-02       4.267837527570e+03 
       4.107860484252e-02       4.264811063018e+03 
       4.110972347737e-02       4.261778473711e+03 
       4.114095825614e-02       4.258739724207e+03 
       4.117231014752e-02       4.255694778913e+03 
       4.120378013218e-02       4.252643601673e+03 
       4.123536920297e-02       4.249586155929e+03 
       4.126707836510e-02       4.246522404980e+03 
       4.129890863637e-02       4.243452311687e+03 
       4.133086104737e-02       4.240375838608e+03 
       4.136293664170e-02       4.237292947858e+03 
       4.139513647617e-02       4.234203601421e+03 
       4.142746162106e-02       4.231107760684e+03 
       4.145991316027e-02       4.228005386498e+03 
       4.149249219165e-02       4.224896439492e+03 
       4.152519982718e-02       4.221780879816e+03 
       4.155803719319e-02       4.218658667244e+03 
       4.159100543067e-02       4.215529761302e+03 
       4.162410569548e-02       4.212394121051e+03 
       4.165733915862e-02       4.209251705172e+03 
       4.169070700647e-02       4.206102471775e+03 
       4.172421044111e-02       4.202946378633e+03 
       4.175785068052e-02       4.199783382907e+03 
       4.179162895896e-02       4.196613441325e+03 
       4.182554652714e-02       4.193436510399e+03 
       4.185960465261e-02       4.190252546086e+03 
       4.189380462002e-02       4.187061503897e+03 
       4.192814773142e-02       4.183863339057e+03 
       4.196263530657e-02       4.180658006096e+03 
       4.199726868329e-02       4.177445458917e+03 
       4.203204921777e-02       4.174225651045e+03 
       4.206697828487e-02       4.170998535492e+03 
       4.210205727854e-02       4.167764064800e+03 
       4.213728761209e-02       4.164522191130e+03 
       4.217267071860e-02       4.161272866118e+03 
       4.220820805126e-02       4.158016040868e+03 
       4.224390108375e-02       4.154751665732e+03 
       4.227975131063e-02       4.151479690631e+03 
       4.231576024772e-02       4.148200064808e+03 
       4.235192943254e-02       4.144912736970e+03 
       4.238826042464e-02       4.141617655498e+03 
       4.242475480611e-02       4.138314768124e+03 
       4.246141418196e-02       4.135004021941e+03 
       4.249824018056e-02       4.131685363548e+03 
       4.253523445410e-02       4.128358738704e+03 
       4.257239867908e-02       4.125024092438e+03 
       4.260973455672e-02       4.121681369438e+03 
       4.264724381352e-02       4.118330513680e+03 
       4.268492820169e-02       4.114971468483e+03 
       4.272278949970e-02       4.111604176766e+03 
       4.276082951277e-02       4.108228580481e+03 
       4.279905007345e-02       4.104844620925e+03 
       4.283745304211e-02       4.101452238614e+03 
       4.287604030754e-02       4.098051373373e+03 
       4.291481378752e-02       4.094641964469e+03 
       4.295377542940e-02       4.091223950466e+03 
       4.299292721070e-02       4.087797269190e+03 
       4.303227113974e-02       4.084361857717e+03 
       4.307180925627e-02       4.080917652165e+03 
       4.311154363214e-02       4.077464587846e+03 
       4.315147637193e-02       4.074002599444e+03 
       4.319160961367e-02       4.070531620799e+03 
       4.323194552954e-02       4.067051584987e+03 
       4.327248632655e-02       4.063562424383e+03 
       4.331323424736e-02       4.060064070331e+03 
       4.335419157097e-02       4.056556453109e+03 
       4.339536061352e-02       4.053039502364e+03 
       4.343674372911e-02       4.049513146722e+03 
       4.347834331062e-02       4.045977314063e+03 
       4.352016179053e-02       4.042431931501e+03 
       4.356220164182e-02       4.038876924580e+03 
       4.360446537883e-02       4.035312218640e+03 
       4.364695555820e-02       4.031737737435e+03 
       4.368967477982e-02       4.028153403801e+03 
       4.373262568776e-02       4.024559139859e+03 
       4.377581097131e-02       4.020954866553e+03 
       4.381923336596e-02       4.017340504010e+03 
       4.386289565450e-02       4.013715970723e+03 
       4.390680066803e-02       4.010081184452e+03 
       4.395095128716e-02       4.006436061683e+03 
       4.399535044308e-02       4.002780517835e+03 
       4.404000111877e-02       3.999114467486e+03 
       4.408490635020e-02       3.995437823452e+03 
       4.413006922761e-02       3.991750497938e+03 
       4.417549289671e-02       3.988052401390e+03 
       4.422118056010e-02       3.984343443014e+03 
       4.426713547856e-02       3.980623530998e+03 
       4.431336097246e-02       3.976892572306e+03 
       4.435986042322e-02       3.973150472471e+03 
       4.440663727479e-02       3.969397135689e+03 
       4.445369503515e-02       3.965632464369e+03 
       4.450103727793e-02       3.961856359767e+03 
       4.454866764400e-02       3.958068721699e+03 
       4.459658984315e-02       3.954269448758e+03 
       4.464480765581e-02       3.950458437920e+03 
       4.469332493486e-02       3.946635584386e+03 
       4.474214560742e-02       3.942800781742e+03 
       4.479127367676e-02       3.938953921938e+03 
       4.484071322426e-02       3.935094895569e+03 
       4.489046841142e-02       3.931223591514e+03 
       4.494054348190e-02       3.927339897018e+03 
       4.499094276375e-02       3.923443697221e+03 
       4.504167067152e-02       3.919534875417e+03 
       4.509273170862e-02       3.915613313268e+03 
       4.514413046967e-02       3.911678890619e+03 
       4.519587164291e-02       3.907731485467e+03 
       4.524796001274e-02       3.903770973732e+03 
       4.530040046232e-02       3.899797229081e+03 
       4.535319797625e-02       3.895810123155e+03 
       4.540635764339e-02       3.891809525871e+03 
       4.545988465969e-02       3.887795304459e+03 
       4.551378433119e-02       3.883767324679e+03 
       4.556806207710e-02       3.879725449297e+03 
       4.562272343296e-02       3.875669538880e+03 
       4.567777405397e-02       3.871599451785e+03 
       4.573321971838e-02       3.867515043939e+03 
       4.578906633101e-02       3.863416168759e+03 
       4.584531992696e-02       3.859302677045e+03 
       4.590198667531e-02       3.855174416772e+03 
       4.595907288314e-02       3.851031233473e+03 
       4.601658499951e-02       3.846872969853e+03 
       4.607452961976e-02       3.842699465808e+03 
       4.613291348980e-02       3.838510558199e+03 
       4.619174351069e-02       3.834306080863e+03 
       4.625102674335e-02       3.830085864677e+03 
       4.631077041338e-02       3.825849737440e+03 
       4.637098191619e-02       3.821597523531e+03 
       4.643166882219e-02       3.817329043983e+03 
       4.649283888230e-02       3.813044116336e+03 
       4.655450003359e-02       3.808742555036e+03 
       4.661666040514e-02       3.804424170394e+03 
       4.667932832419e-02       3.800088769245e+03 
       4.674251232251e-02       3.795736154364e+03 
       4.680622114294e-02       3.791366124921e+03 
       4.687046374634e-02       3.786978475888e+03 
       4.693524931867e-02       3.782572997833e+03 
       4.700058727848e-02       3.778149477174e+03 
       4.706648728463e-02       3.773707695942e+03 
       4.713295924433e-02       3.769247431573e+03 
       4.720001332157e-02       3.764768456602e+03 
       4.726765994582e-02       3.760270538870e+03 
       4.733590982117e-02       3.755753441181e+03 
       4.740477393584e-02       3.751216921027e+03 
       4.747426357204e-02       3.746660730767e+03 
       4.754439031631e-02       3.742084616881e+03 
       4.761516607030e-02       3.737488320482e+03 
       4.768660306204e-02       3.732871576667e+03 
       4.775871385761e-02       3.728234114258e+03 
       4.783151137346e-02       3.723575655951e+03 
       4.790500888919e-02       3.718895918007e+03 
       4.797922006095e-02       3.714194609643e+03 
       4.805415893538e-02       3.709471433173e+03 
       4.812983996432e-02       3.704726083729e+03 
       4.820627802002e-02       3.699958249076e+03 
       4.828348841123e-02       3.695167608892e+03 
       4.836148689993e-02       3.690353834811e+03 
       4.844028971888e-02       3.685516590204e+03 
       4.851991359002e-02       3.680655529895e+03 
       4.860037574373e-02       3.675770299430e+03 
       4.868169393906e-02       3.670860534843e+03 
       4.876388648491e-02       3.665925862633e+03 
       4.884697226223e-02       3.660965899384e+03 
       4.893097074740e-02       3.655980250700e+03 
       4.901590203670e-02       3.650968511149e+03 
       4.910178687205e-02       3.645930264162e+03 
       4.918864666807e-02       3.640865081331e+03 
       4.927650354048e-02       3.635772521411e+03 
       4.936538033602e-02       3.630652130178e+03 
       4.945530066391e-02       3.625503440269e+03 
       4.954628892894e-02       3.620325970074e+03 
       4.963837036634e-02       3.615119222782e+03 
       4.973157107856e-02       3.609882686330e+03 
       4.982591807390e-02       3.604615832995e+03 
       4.992143930740e-02       3.599318117313e+03 
       5.001816372387e-02       3.593988976325e+03 
       5.011612130331e-02       3.588627828919e+03 
       5.021534310894e-02       3.583234073993e+03 
       5.031586133784e-02       3.577807089832e+03 
       5.041770937454e-02       3.572346233757e+03 
       5.052092184763e-02       3.566850840122e+03 
       5.062553468964e-02       3.561320219197e+03 
       5.073158520047e-02       3.555753656825e+03 
       5.083911211452e-02       3.550150412051e+03 
       5.094815567172e-02       3.544509715879e+03 
       5.105875769296e-02       3.538830770495e+03 
       5.117096165994e-02       3.533112746577e+03 
       5.128481279993e-02       3.527354781953e+03 
       5.140035817575e-02       3.521555980252e+03 
       5.151764678124e-02       3.515715407599e+03 
       5.163672964281e-02       3.509832091569e+03 
       5.175765992720e-02       3.503905018596e+03 
       5.188049305627e-02       3.497933130371e+03 
       5.200528682895e-02       3.491915322748e+03 
       5.213210155113e-02       3.485850441667e+03 
       5.226100017397e-02       3.479737279383e+03 
       5.239204844123e-02       3.473574573089e+03 
       5.252531504632e-02       3.467360998575e+03 
       5.266087179973e-02       3.461095167725e+03 
       5.279879380765e-02       3.454775623947e+03 
       5.293915966261e-02       3.448400836086e+03 
       5.308205164698e-02       3.441969195010e+03 
       5.322755595027e-02       3.435479006108e+03 
       5.337576290132e-02       3.428928483912e+03 
       5.352676721644e-02       3.422315745395e+03 
       5.368066826458e-02       3.415638801196e+03 
       5.383757035088e-02       3.408895549489e+03 
       5.399758301992e-02       3.402083764352e+03 
       5.416082138001e-02       3.395201088408e+03 
       5.432740644998e-02       3.388245019932e+03 
       5.449746553017e-02       3.381212902184e+03 
       5.467113259918e-02       3.374101909190e+03 
       5.484854873801e-02       3.366909032328e+03 
       5.502986258351e-02       3.359631063107e+03 
       5.521523081282e-02       3.352264576498e+03 
       5.540481866074e-02       3.344805910116e+03 
       5.559880047172e-02       3.337251144098e+03 
       5.579736028833e-02       3.329596075282e+03 
       5.600069247786e-02       3.321836192124e+03 
       5.620900239849e-02       3.313966644030e+03 
       5.642250710632e-02       3.305982208794e+03 
       5.664143610411e-02       3.297877256712e+03 
       5.686603213204e-02       3.289645708563e+03 
       5.709655200024e-02       3.281280992010e+03 
       5.733326746176e-02       3.272775990441e+03 
       5.757646612370e-02       3.264122986953e+03 
       5.782645239237e-02       3.255313603091e+03 
       5.808354844690e-02       3.246338728838e+03 
       5.834809523287e-02       3.237188446405e+03 
       5.862045346478e-02       3.227851944884e+03 
       5.890100462245e-02       3.218317425801e+03 
       5.919015192180e-02       3.208571999388e+03 
       5.948832123509e-02       3.198601569404e+03 
       5.979596192895e-02       3.188390706554e+03 
       6.011354758092e-02       3.177922510720e+03 
       6.044157652573e-02       3.167178461034e+03 
       6.078057217222e-02       3.156138253736e+03 
       6.113108301964e-02       3.144779628514e+03 
       6.149368228896e-02       3.133078184758e+03 
       6.186896707035e-02       3.121007190252e+03 
       6.225755687372e-02       3.108537385209e+03 
       6.266009145474e-02       3.095636787027e+03 
       6.307722777702e-02       3.082270502603e+03 
       6.350963596227e-02       3.068400558075e+03 
       6.395799407865e-02       3.053985757492e+03 
       6.442298162446e-02       3.038981587247e+03 
       6.490527158556e-02       3.023340183869e+03 
       6.540552098231e-02       3.007010389383e+03 
       6.592435988177e-02       2.989937919564e+03 
       6.646237893425e-02       2.972065673751e+03 
       6.702011560337e-02       2.953334217397e+03 
       6.759803939182e-02       2.933682465618e+03 
       6.819653651674e-02       2.913048592326e+03 
       6.881589464496e-02       2.891371182290e+03 
       6.945628844339e-02       2.868590631001e+03 
       7.011776680961e-02       2.844650775377e+03 
       7.080024269744e-02       2.819500728772e+03 
       7.150348641893e-02       2.793096861720e+03 
       7.222712317204e-02       2.765404854380e+03 
       7.297063531017e-02       2.736401719068e+03 
       7.373336955131e-02       2.706077684157e+03 
       7.451454895305e-02       2.674437823095e+03 
       7.531328910162e-02       2.641503324324e+03 
       7.612861763116e-02       2.607312323269e+03 
       7.695949594775e-02       2.571920230809e+03 
       7.780484191513e-02       2.535399528280e+03 
       7.866355227211e-02       2.497839031646e+03 
       7.953452368594e-02       2.459342674011e+03 
       8.041667156839e-02       2.420027871059e+03 
       8.130894605433e-02       2.380023554894e+03 
       8.221034482439e-02       2.339467969706e+03 
       8.311992271082e-02       2.298506321308e+03 
       8.403679823554e-02       2.257288372862e+03 
       8.496015738074e-02       2.215966063219e+03 
       8.588925498522e-02       2.174691220707e+03 
       8.682341419946e-02       2.133613424568e+03 
       8.776202443174e-02       2.092878053777e+03 
       8.870453818744e-02       2.052624554008e+03 
       8.965046715542e-02       2.012984931699e+03 
       9.059937783927e-02       1.974082482839e+03 
       9.155088697359e-02       1.936030755285e+03 
       9.250465691053e-02       1.898932739755e+03 
       9.346039111413e-02       1.862880272141e+03 
       9.441782985862e-02       1.827953630973e+03 
       9.537674619350e-02       1.794221320024e+03 
       9.633694221195e-02       1.761740014186e+03 
       9.729824563906e-02       1.730554645884e+03 
       9.826050674162e-02       1.700698614425e+03 
       9.922359555086e-02       1.672194100064e+03 
       1.001873993826e-01       1.645052464017e+03 
       1.011518206351e-01       1.619274720530e+03 
       1.021167748420e-01       1.594852067751e+03 
       1.030821889587e-01       1.571766461712e+03 
       1.040479998570e-01       1.549991221608e+03 
       1.050141530091e-01       1.529491657811e+03 
       1.059806013374e-01       1.510225717786e+03 
       1.069473042129e-01       1.492144642593e+03 
       1.079142265837e-01       1.475193630917e+03 
       1.088813382183e-01       1.459312506015e+03 
       1.098486130489e-01       1.444436378917e+03 
       1.108160286029e-01       1.430496320904e+03 
       1.117835655099e-01       1.417420024223e+03 
       1.127512070764e-01       1.405132465179e+03 
       1.137189389171e-01       1.393556564954e+03 
       1.146867486371e-01       1.382613845988e+03 
       1.156546255571e-01       1.372225087173e+03 
       1.166225604767e-01       1.362310965898e+03 
       1.175905454695e-01       1.352792699443e+03 
       1.185585737070e-01       1.343592668765e+03 
       1.195266393065e-01       1.334635034235e+03 
       1.204947372001e-01       1.325846325788e+03 
       1.214628630214e-01       1.317156013556e+03 
       1.224310130086e-01       1.308497046408e+03 
       1.233991839203e-01       1.299806358707e+03 
       1.243673729634e-01       1.291025337327e+03 
       1.253355777309e-01       1.282100244255e+03 
       1.263037961482e-01       1.272982584126e+03 
       1.272720264269e-01       1.263629420896e+03 
       1.282402670252e-01       1.254003631821e+03 
       1.292085166137e-01       1.244074097335e+03 
       1.301767740457e-01       1.233815827399e+03 
       1.311450383318e-01       1.223210016954e+03 
       1.321133086185e-01       1.212244034659e+03 
       1.330815841689e-01       1.200911341180e+03 
       1.340498643467e-01       1.189211342287e+03 
       1.350181486022e-01       1.177149177097e+03 
       1.359864364604e-01       1.164735447131e+03 
       1.369547275105e-01       1.151985887681e+03 
       1.379230213971e-01       1.138920991381e+03 
       1.388913178125e-01       1.125565588310e+03 
       1.398596164903e-01       1.111948389523e+03 
       1.408279171992e-01       1.098101500815e+03 
       1.417962197387e-01       1.084059915856e+03 
       1.427645239347e-01       1.069860995938e+03 
       1.437328296356e-01       1.055543944087e+03 
       1.447011367094e-01       1.041149280892e+03 
       1.456694450411e-01       1.026718329282e+03 
       1.466377545303e-01       1.012292714992e+03 
       1.476060650892e-01       9.979138876204e+02 
       1.485743766406e-01       9.836226687384e+02 
       1.495426891170e-01       9.694588316073e+02 
       1.505110024589e-01       9.554607154047e+02 
       1.514793166139e-01       9.416648761954e+02 
       1.524476315354e-01       9.281057781394e+02 
       1.534159471824e-01       9.148155251328e+02 
       1.543842635182e-01       9.018236326718e+02 
       1.553525805101e-01       8.891568412956e+02 
       1.563208981290e-01       8.768389691008e+02 
       1.572892163485e-01       8.648908026881e+02 
       1.582575351450e-01       8.533300250841e+02 
       1.592258544970e-01       8.421711774347e+02 
       1.601941743851e-01       8.314256522865e+02 
       1.611624947915e-01       8.211017159424e+02 
       1.621308156998e-01       8.112045579571e+02 
       1.630991370953e-01       8.017363640035e+02 
       1.640674589640e-01       7.926964100742e+02 
       1.650357812931e-01       7.840811747356e+02 
       1.660041040708e-01       7.758844682897e+02 
       1.669724272859e-01       7.680975759833e+02 
       1.679407509280e-01       7.607094135713e+02 
       1.689090749872e-01       7.537066931859e+02 
       1.698773994544e-01       7.470740981604e+02 
       1.708457243207e-01       7.407944653281e+02 
       1.718140495778e-01       7.348489735458e+02 
       1.727823752177e-01       7.292173374541e+02 
       1.737507012330e-01       7.238780052575e+02 
       1.747190276163e-01       7.188083599745e+02 
       1.756873543606e-01       7.139849224512e+02 
       1.766556814594e-01       7.093835562518e+02 
       1.776240089060e-01       7.049796722493e+02 
       1.785923366944e-01       7.007484331468e+02 
       1.795606648184e-01       6.966649554808e+02 
       1.805289932723e-01       6.927045088826e+02 
       1.814973220504e-01       6.888427113405e+02 
       1.824656511472e-01       6.850557188591e+02 
       1.834339805575e-01       6.813204073282e+02 
       1.844023102760e-01       6.776145467773e+02 
       1.853706402976e-01       6.739169652034e+02 
       1.863389706176e-01       6.702077009971e+02 
       1.873073012311e-01       6.664681433448e+02 
       1.882756321334e-01       6.626811572606e+02 
       1.892439633201e-01       6.588311939301e+02 
       1.902122947866e-01       6.549043840128e+02 
       1.911806265286e-01       6.508886139049e+02 
       1.921489585418e-01       6.467735838674e+02 
       1.931172908222e-01       6.425508465742e+02 
       1.940856233657e-01       6.382138275509e+02 
       1.950539561682e-01       6.337578257590e+02 
       1.960222892260e-01       6.291799961847e+02 
       1.969906225351e-01       6.244793127311e+02 
       1.979589560919e-01       6.196565147737e+02 
       1.989272898928e-01       6.147140359584e+02 
       1.998956239341e-01       6.096559183774e+02 
       2.008639582123e-01       6.044877118777e+02 
       2.018322927240e-01       5.992163611484e+02 
       2.028006274659e-01       5.938500819064e+02 
       2.037689624347e-01       5.883982279499e+02 
       2.047372976270e-01       5.828711514738e+02 
       2.057056330398e-01       5.772800576651e+02 
       2.066739686699e-01       5.716368558173e+02 
       2.076423045143e-01       5.659540090700e+02 
       2.086106405699e-01       5.602443861173e+02 
       2.095789768339e-01       5.545211121323e+02 
       2.105473133033e-01       5.487974260774e+02 
       2.115156499754e-01       5.430865416349e+02 
       2.124839868473e-01       5.374015154564e+02 
       2.134523239162e-01       5.317551234700e+02 
       2.144206611797e-01       5.261597438706e+02 
       2.153889986349e-01       5.206272526919e+02 
       2.163573362794e-01       5.151689267191e+02 
       2.173256741105e-01       5.097953577890e+02 
       2.182940121258e-01       5.045163793560e+02 
       2.192623503229e-01       4.993410014572e+02 
       2.202306886993e-01       4.942773582340e+02 
       2.211990272527e-01       4.893326656768e+02 
       2.221673659807e-01       4.845131902946e+02 
       2.231357048811e-01       4.798242264020e+02 
       2.241040439517e-01       4.752700856331e+02 
       2.250723831902e-01       4.708540926218e+02 
       2.260407225945e-01       4.665785918400e+02 
       2.270090621625e-01       4.624449608103e+02 
       2.279774018920e-01       4.584536317387e+02 
       2.289457417810e-01       4.546041188258e+02 
       2.299140818275e-01       4.508950534327e+02 
       2.308824220295e-01       4.473242237589e+02 
       2.318507623850e-01       4.438886193981e+02 
       2.328191028922e-01       4.405844812497e+02 
       2.337874435491e-01       4.374073547532e+02 
       2.347557843539e-01       4.343521468676e+02 
       2.357241253048e-01       4.314131860013e+02 
       2.366924663999e-01       4.285842834027e+02 
       2.376608076375e-01       4.258587990840e+02 
       2.386291490159e-01       4.232297052666e+02 
       2.395974905333e-01       4.206896549078e+02 
       2.405658321881e-01       4.182310484407e+02 
       2.415341739786e-01       4.158461007900e+02 
       2.425025159031e-01       4.135269089864e+02 
       2.434708579602e-01       4.112655181641e+02 
       2.444392001481e-01       4.090539871795e+02 
       2.454075424654e-01       4.068844514102e+02 
       2.463758849105e-01       4.047491847580e+02 
       2.473442274819e-01       4.026406579695e+02 
       2.483125701782e-01       4.005515947274e+02 
       2.492809129978e-01       3.984750242142e+02 
       2.502492559394e-01       3.964043294506e+02 
       2.512175990015e-01       3.943332923159e+02 
       2.521859421827e-01       3.922561331542e+02 
       2.531542854817e-01       3.901675465323e+02 
       2.541226288972e-01       3.880627312488e+02 
       2.550909724277e-01       3.859374155650e+02 
       2.560593160720e-01       3.837878769413e+02 
       2.570276598288e-01       3.816109561011e+02 
       2.579960036968e-01       3.794040659374e+02 
       2.589643476748e-01       3.771651945776e+02 
       2.599326917615e-01       3.748929032278e+02 
       2.609010359558e-01       3.725863185947e+02 
       2.618693802564e-01       3.702451205563e+02 
       2.628377246621e-01       3.678695242479e+02 
       2.638060691719e-01       3.654602586144e+02 
       2.647744137845e-01       3.630185399104e+02 
       2.657427584988e-01       3.605460418834e+02 
       2.667111033138e-01       3.580448624177e+02 
       2.676794482283e-01       3.555174872291e+02 
       2.686477932412e-01       3.529667512812e+02 
       2.696161383515e-01       3.503957978670e+02 
       2.705844835582e-01       3.478080366837e+02 
       2.715528288601e-01       3.452071007563e+02 
       2.725211742564e-01       3.425968026709e+02 
       2.734895197459e-01       3.399810907278e+02 
       2.744578653277e-01       3.373640057754e+02 
       2.754262110009e-01       3.347496392333e+02 
       2.763945567644e-01       3.321420915788e+02 
       2.773629026173e-01       3.295454327112e+02 
       2.783312485586e-01       3.269636643917e+02 
       2.792995945876e-01       3.244006848346e+02 
       2.802679407032e-01       3.218602555799e+02 
       2.812362869045e-01       3.193459712248e+02 
       2.822046331907e-01       3.168612317541e+02 
       2.831729795608e-01       3.144092181488e+02 
       2.841413260141e-01       3.119928704886e+02 
       2.851096725497e-01       3.096148696739e+02 
       2.860780191668e-01       3.072776217933e+02 
       2.870463658644e-01       3.049832459554e+02 
       2.880147126419e-01       3.027335648129e+02 
       2.889830594984e-01       3.005300982257e+02 
       2.899514064330e-01       2.983740597820e+02 
       2.909197534451e-01       2.962663560995e+02 
       2.918881005339e-01       2.942075885681e+02 
       2.928564476985e-01       2.921980580301e+02 
       2.938247949383e-01       2.902377712596e+02 
       2.947931422525e-01       2.883264501511e+02 
       2.957614896404e-01       2.864635423768e+02 
       2.967298371012e-01       2.846482346144e+02 
       2.976981846342e-01       2.828794666398e+02 
       2.986665322388e-01       2.811559476667e+02 
       2.996348799142e-01       2.794761733651e+02 
       3.006032276597e-01       2.778384445703e+02 
       3.015715754747e-01       2.762408865344e+02 
       3.025399233586e-01       2.746814691922e+02 
       3.035082713105e-01       2.731580279983e+02 
       3.044766193300e-01       2.716682851582e+02 
       3.054449674163e-01       2.702098710455e+02 
       3.064133155688e-01       2.687803459042e+02 
       3.073816637870e-01       2.673772212951e+02 
       3.083500120700e-01       2.659979814129e+02 
       3.093183604175e-01       2.646401039441e+02 
       3.102867088287e-01       2.633010802669e+02 
       3.112550573030e-01       2.619784353586e+02 
       3.122234058400e-01       2.606697462695e+02 
       3.131917544389e-01       2.593726601461e+02 
       3.141601030992e-01       2.580849108362e+02 
       3.151284518204e-01       2.568043345552e+02 
       3.160968006019e-01       2.555288839496e+02 
       3.170651494431e-01       2.542566409970e+02 
       3.180334983435e-01       2.529858284032e+02 
       3.190018473025e-01       2.517148193233e+02 
       3.199701963197e-01       2.504421457127e+02 
       3.209385453944e-01       2.491665048250e+02 
       3.219068945262e-01       2.478867643361e+02 
       3.228752437146e-01       2.466019655630e+02 
       3.238435929590e-01       2.453113253656e+02 
       3.248119422590e-01       2.440142360288e+02 
       3.257802916140e-01       2.427102640881e+02 
       3.267486410235e-01       2.413991472374e+02 
       3.277169904872e-01       2.400807900343e+02 
       3.286853400044e-01       2.387552582600e+02 
       3.296536895747e-01       2.374227717981e+02 
       3.306220391977e-01       2.360836967665e+02 
       3.315903888729e-01       2.347385361377e+02 
       3.325587385999e-01       2.333879199358e+02 
       3.335270883781e-01       2.320325941168e+02 
       3.344954382071e-01       2.306734093218e+02 
       3.354637880866e-01       2.293113086885e+02 
       3.364321380160e-01       2.279473154099e+02 
       3.374004879950e-01       2.265825201600e+02 
       3.383688380230e-01       2.252180680277e+02 
       3.393371880998e-01       2.238551459112e+02 
       3.403055382248e-01       2.224949695380e+02 
       3.412738883976e-01       2.211387711161e+02 
       3.422422386179e-01       2.197877870030e+02 
       3.432105888853e-01       2.184432459837e+02 
       3.441789391993e-01       2.171063580535e+02 
       3.451472895596e-01       2.157783036476e+02 
       3.461156399657e-01       2.144602237915e+02 
       3.470839904173e-01       2.131532107390e+02 
       3.480523409140e-01       2.118582995825e+02 
       3.490206914555e-01       2.105764605899e+02 
       3.499890420413e-01       2.093085924095e+02 
       3.509573926711e-01       2.080555162495e+02 
       3.519257433445e-01       2.068179708047e+02 
       3.528940940612e-01       2.055966082654e+02 
       3.538624448208e-01       2.043919910595e+02 
       3.548307956229e-01       2.032045896227e+02 
       3.557991464673e-01       2.020347809557e+02 
       3.567674973535e-01       2.008828480698e+02 
       3.577358482812e-01       1.997489802765e+02 
       3.587041992502e-01       1.986332741800e+02 
       3.596725502599e-01       1.975357355508e+02 
       3.606409013103e-01       1.964562817246e+02 
       3.616092524008e-01       1.953947448378e+02 
       3.625776035312e-01       1.943508755552e+02 
       3.635459547011e-01       1.933243473427e+02 
       3.645143059103e-01       1.923147613717e+02 
       3.654826571584e-01       1.913216516061e+02 
       3.664510084452e-01       1.903444905721e+02 
       3.674193597702e-01       1.893826952391e+02 
       3.683877111333e-01       1.884356331871e+02 
       3.693560625341e-01       1.875026291788e+02 
       3.703244139723e-01       1.865829714953e+02 
       3.712927654476e-01       1.856759187758e+02 
       3.722611169597e-01       1.847807066483e+02 
       3.732294685084e-01       1.838965542904e+02 
       3.741978200934e-01       1.830226712141e+02 
       3.751661717144e-01       1.821582635200e+02 
       3.761345233710e-01       1.813025402748e+02 
       3.771028750631e-01       1.804547196570e+02 
       3.780712267903e-01       1.796140345069e+02 
       3.790395785524e-01       1.787797381076e+02 
       3.800079303492e-01       1.779511091500e+02 
       3.809762821803e-01       1.771274564770e+02 
       3.819446340454e-01       1.763081236803e+02 
       3.829129859445e-01       1.754924927492e+02 
       3.838813378770e-01       1.746799877642e+02 
       3.848496898430e-01       1.738700779458e+02 
       3.858180418420e-01       1.730622799571e+02 
       3.867863938738e-01       1.722561603112e+02 
       3.877547459382e-01       1.714513367251e+02 
       3.887230980349e-01       1.706474792001e+02 
       3.896914501637e-01       1.698443108481e+02 
       3.906598023244e-01       1.690416077660e+02 
       3.916281545166e-01       1.682391988755e+02 
       3.925965067403e-01       1.674369652087e+02 
       3.935648589951e-01       1.666348385023e+02 
       3.945332112809e-01       1.658327998904e+02 
       3.955015635973e-01       1.650308778392e+02 
       3.964699159442e-01       1.642291457501e+02 
       3.974382683213e-01       1.634277196124e+02 
       3.984066207285e-01       1.626267549452e+02 
       3.993749731655e-01       1.618264436835e+02 
       4.003433256321e-01       1.610270110713e+02 
       4.013116781280e-01       1.602287118983e+02 
       4.022800306531e-01       1.594318270500e+02 
       4.032483832071e-01       1.586366598594e+02 
       4.042167357899e-01       1.578435321049e+02 
       4.051850884013e-01       1.570527804609e+02 
       4.061534410410e-01       1.562647526351e+02 
       4.071217937087e-01       1.554798035066e+02 
       4.080901464045e-01       1.546982916845e+02 
       4.090584991279e-01       1.539205758174e+02 
       4.100268518789e-01       1.531470111148e+02 
       4.109952046573e-01       1.523779462568e+02 
       4.119635574628e-01       1.516137201477e+02 
       4.129319102952e-01       1.508546590405e+02 
       4.139002631544e-01       1.501010739781e+02 
       4.148686160402e-01       1.493532582063e+02 
       4.158369689524e-01       1.486114850315e+02 
       4.168053218907e-01       1.478760059285e+02 
       4.177736748552e-01       1.471470487417e+02 
       4.187420278454e-01       1.464248163328e+02 
       4.197103808613e-01       1.457094854487e+02 
       4.206787339027e-01       1.450012057315e+02 
       4.216470869695e-01       1.443000991875e+02 
       4.226154400613e-01       1.436062597934e+02 
       4.235837931782e-01       1.429197533260e+02 
       4.245521463198e-01       1.422406175696e+02 
       4.255204994860e-01       1.415688626447e+02 
       4.264888526767e-01       1.409044715520e+02 
       4.274572058917e-01       1.402474010369e+02 
       4.284255591309e-01       1.395975825321e+02 
       4.293939123940e-01       1.389549233113e+02 
       4.303622656809e-01       1.383193078707e+02 
       4.313306189914e-01       1.376905993655e+02 
       4.322989723254e-01       1.370686412122e+02 
       4.332673256827e-01       1.364532588451e+02 
       4.342356790632e-01       1.358442614833e+02 
       4.352040324668e-01       1.352414440360e+02 
       4.361723858931e-01       1.346445890592e+02 
       4.371407393422e-01       1.340534687032e+02 
       4.381090928139e-01       1.334678467363e+02 
       4.390774463079e-01       1.328874805669e+02 
       4.400457998242e-01       1.323121231953e+02 
       4.410141533627e-01       1.317415252144e+02 
       4.419825069230e-01       1.311754367320e+02 
       4.429508605053e-01       1.306136091971e+02 
       4.439192141092e-01       1.300557972266e+02 
       4.448875677346e-01       1.295017603026e+02 
       4.458559213814e-01       1.289512643660e+02 
       4.468242750495e-01       1.284040833437e+02 
       4.477926287387e-01       1.278600005190e+02 
       4.487609824489e-01       1.273188097956e+02 
       4.497293361799e-01       1.267803168525e+02 
       4.506976899317e-01       1.262443401106e+02 
       4.516660437040e-01       1.257107116255e+02 
       4.526343974968e-01       1.251792777972e+02 
       4.536027513099e-01       1.246498999095e+02 
       4.545711051432e-01       1.241224546378e+02 
       4.555394589965e-01       1.235968342619e+02 
       4.565078128698e-01       1.230729468415e+02 
       4.574761667628e-01       1.225507162758e+02 
       4.584445206756e-01       1.220300821145e+02 
       4.594128746079e-01       1.215109993195e+02 
       4.603812285596e-01       1.209934379897e+02 
       4.613495825307e-01       1.204773827498e+02 
       4.623179365209e-01       1.199628322524e+02 
       4.632862905302e-01       1.194497984882e+02 
       4.642546445584e-01       1.189383059982e+02 
       4.652229986055e-01       1.184283910140e+02 
       4.661913526712e-01       1.179201005849e+02 
       4.671597067556e-01       1.174134915949e+02 
       4.681280608585e-01       1.169086297134e+02 
       4.690964149797e-01       1.164055883613e+02 
       4.700647691191e-01       1.159044476592e+02 
       4.710331232767e-01       1.154052932624e+02 
       4.720014774523e-01       1.149082152900e+02 
       4.729698316459e-01       1.144133072630e+02 
       4.739381858572e-01       1.139206649340e+02 
       4.749065400862e-01       1.134303852634e+02 
       4.758748943329e-01       1.129425653988e+02 
       4.768432485970e-01       1.124573016374e+02 
       4.778116028784e-01       1.119746884694e+02 
       4.787799571772e-01       1.114948176893e+02 
       4.797483114931e-01       1.110177775786e+02 
       4.807166658261e-01       1.105436520158e+02 
       4.816850201760e-01       1.100725198588e+02 
       4.826533745428e-01       1.096044542605e+02 
       4.836217289263e-01       1.091395220562e+02 
       4.845900833265e-01       1.086777833037e+02 
       4.855584377432e-01       1.082192908366e+02 
       4.865267921764e-01       1.077640899341e+02 
       4.874951466260e-01       1.073122180022e+02 
       4.884635010918e-01       1.068637044107e+02 
       4.894318555737e-01       1.064185704177e+02 
       4.904002100718e-01       1.059768290136e+02 
       4.913685645858e-01       1.055384850412e+02 
       4.923369191157e-01       1.051035352604e+02 
       4.933052736613e-01       1.046719684995e+02 
       4.942736282227e-01       1.042437658795e+02 
       4.952419827996e-01       1.038189010948e+02 
       4.962103373921e-01       1.033973407797e+02 
       4.971786920000e-01       1.029790448061e+02 
       4.981470466232e-01       1.025639667969e+02 
       4.991154012616e-01       1.021520545518e+02 
       5.000837559152e-01       1.017432505257e+02 
       5.010521105838e-01       1.013374923936e+02 
       5.020204652675e-01       1.009347135683e+02 
       5.029888199660e-01       1.005348437947e+02 
       5.039571746793e-01       1.001378096734e+02 
       5.049255294073e-01       9.974353531477e+01 
       5.058938841500e-01       9.935194287396e+01 
       5.068622389072e-01       9.896295315165e+01 
       5.078305936788e-01       9.857648617246e+01 
       5.087989484649e-01       9.819246173831e+01 
       5.097673032652e-01       9.781079998799e+01 
       5.107356580798e-01       9.743142188492e+01 
       5.117040129085e-01       9.705424978760e+01 
       5.126723677512e-01       9.667920784649e+01 
       5.136407226080e-01       9.630622250029e+01 
       5.146090774786e-01       9.593522284647e+01 
       5.155774323630e-01       9.556614107099e+01 
       5.165457872612e-01       9.519891271447e+01 
       5.175141421731e-01       9.483347700802e+01 
       5.184824970985e-01       9.446977714712e+01 
       5.194508520375e-01       9.410776047090e+01 
       5.204192069899e-01       9.374737865081e+01 
       5.213875619556e-01       9.338858784266e+01 
       5.223559169347e-01       9.303134875526e+01 
       5.233242719269e-01       9.267562670425e+01 
       5.242926269323e-01       9.232137790335e+01 
       5.252609819508e-01       9.196860073628e+01 
       5.262293369822e-01       9.161727837975e+01 
       5.271976920266e-01       9.126739000121e+01 
       5.281660470838e-01       9.091891683190e+01 
       5.291344021538e-01       9.057184355093e+01 
       5.301027572366e-01       9.022615971516e+01 
       5.310711123319e-01       8.988186104248e+01 
       5.320394674399e-01       8.953895012186e+01 
       5.330078225603e-01       8.919743638634e+01 
       5.339761776932e-01       8.885733528236e+01 
       5.349445328384e-01       8.851866689597e+01 
       5.359128879960e-01       8.818145404935e+01 
       5.368812431658e-01       8.784572034041e+01 
       5.378495983477e-01       8.751148832436e+01 
       5.388179535418e-01       8.717877834596e+01 
       5.397863087479e-01       8.684760797541e+01 
       5.407546639659e-01       8.651799222150e+01 
       5.417230191959e-01       8.618994439099e+01 
       5.426913744377e-01       8.586347745477e+01 
       5.436597296913e-01       8.553860549941e+01 
       5.446280849566e-01       8.521534496477e+01 
       5.455964402336e-01       8.489371544188e+01 
       5.465647955222e-01       8.457373981028e+01 
       5.475331508223e-01       8.425544360387e+01 
       5.485015061339e-01       8.393885367971e+01 
       5.494698614568e-01       8.362399651700e+01 
       5.504382167912e-01       8.331089630660e+01 
       5.514065721368e-01       8.299957321872e+01 
       5.523749274937e-01       8.269004204385e+01 
       5.533432828617e-01       8.238231163097e+01 
       5.543116382408e-01       8.207638495972e+01 
       5.552799936310e-01       8.177225997343e+01 
       5.562483490322e-01       8.146993079801e+01 
       5.572167044444e-01       8.116938939879e+01 
       5.581850598674e-01       8.087062702114e+01 
       5.591534153012e-01       8.057363539315e+01 
       5.601217707458e-01       8.027840726076e+01 
       5.610901262012e-01       7.998493645678e+01 
       5.620584816672e-01       7.969321722298e+01 
       5.630268371438e-01       7.940324317002e+01 
       5.639951926309e-01       7.911500589946e+01 
       5.649635481285e-01       7.882849386598e+01 
       5.659319036366e-01       7.854369140654e+01 
       5.669002591551e-01       7.826057840720e+01 
       5.678686146839e-01       7.797913042068e+01 
       5.688369702230e-01       7.769931957407e+01 
       5.698053257723e-01       7.742111574320e+01 
       5.707736813318e-01       7.714448805879e+01 
       5.717420369014e-01       7.686940623795e+01 
       5.727103924811e-01       7.659584178069e+01 
       5.736787480708e-01       7.632376854372e+01 
       5.746471036705e-01       7.605316285294e+01 
       5.756154592801e-01       7.578400290161e+01 
       5.765838148996e-01       7.551626792985e+01 
       5.775521705289e-01       7.524993703549e+01 
       5.785205261680e-01       7.498498814012e+01 
       5.794888818168e-01       7.472139710799e+01 
       5.804572374752e-01       7.445913749149e+01 
       5.814255931433e-01       7.419818071390e+01 
       5.823939488210e-01       7.393849685041e+01 
       5.833623045082e-01       7.368005589266e+01 
       5.843306602049e-01       7.342282893092e+01 
       5.852990159110e-01       7.316678976613e+01 
       5.862673716266e-01       7.291191570686e+01 
       5.872357273514e-01       7.265818833955e+01 
       5.882040830856e-01       7.240559348933e+01 
       5.891724388290e-01       7.215412061946e+01 
       5.901407945816e-01       7.190376201296e+01 
       5.911091503434e-01       7.165451118367e+01 
       5.920775061143e-01       7.140636190973e+01 
       5.930458618942e-01       7.115930702701e+01 
       5.940142176832e-01       7.091333786420e+01 
       5.949825734812e-01       7.066844407951e+01 
       5.959509292881e-01       7.042461411193e+01 
       5.969192851039e-01       7.018183605186e+01 
       5.978876409286e-01       6.994009873741e+01 
       5.988559967620e-01       6.969939304484e+01 
       5.998243526042e-01       6.945971260722e+01 
       6.007927084552e-01       6.922105462049e+01 
       6.017610643148e-01       6.898341979817e+01 
       6.027294201831e-01       6.874681200714e+01 
       6.036977760600e-01       6.851123728383e+01 
       6.046661319454e-01       6.827670282807e+01 
       6.056344878393e-01       6.804321553354e+01 
       6.066028437417e-01       6.781078132367e+01 
       6.075711996526e-01       6.757940393464e+01 
       6.085395555718e-01       6.734908501608e+01 
       6.095079114994e-01       6.711982417338e+01 
       6.104762674353e-01       6.689161962716e+01 
       6.114446233795e-01       6.666446921835e+01 
       6.124129793319e-01       6.643837110322e+01 
       6.133813352926e-01       6.621332487869e+01 
       6.143496912613e-01       6.598933204114e+01 
       6.153180472382e-01       6.576639604739e+01 
       6.162864032232e-01       6.554452200590e+01 
       6.172547592162e-01       6.532371589409e+01 
       6.182231152172e-01       6.510398367476e+01 
       6.191914712262e-01       6.488533029927e+01 
       6.201598272431e-01       6.466775859149e+01 
       6.211281832679e-01       6.445126876045e+01 
       6.220965393006e-01       6.423585822347e+01 
       6.230648953411e-01       6.402152177760e+01 
       6.240332513893e-01       6.380825234340e+01 
       6.250016074453e-01       6.359604167974e+01 
       6.259699635091e-01       6.338488156445e+01 
       6.269383195805e-01       6.317476464798e+01 
       6.279066756595e-01       6.296568493184e+01 
       6.288750317461e-01       6.275763811266e+01 
       6.298433878403e-01       6.255062123130e+01 
       6.308117439421e-01       6.234463220635e+01 
       6.317801000513e-01       6.213966899579e+01 
       6.327484561680e-01       6.193572850467e+01 
       6.337168122921e-01       6.173280589238e+01 
       6.346851684237e-01       6.153089384125e+01 
       6.356535245626e-01       6.132998249799e+01 
       6.366218807088e-01       6.113005972481e+01 
       6.375902368623e-01       6.093111146955e+01 
       6.385585930231e-01       6.073312296483e+01 
       6.395269491911e-01       6.053607947327e+01 
       6.404953053663e-01       6.033996737199e+01 
       6.414636615486e-01       6.014477471373e+01 
       6.424320177381e-01       5.995049167782e+01 
       6.434003739347e-01       5.975711032143e+01 
       6.443687301384e-01       5.956462434947e+01 
       6.453370863491e-01       5.937302819596e+01 
       6.463054425668e-01       5.918231623557e+01 
       6.472737987915e-01       5.899248190637e+01 
       6.482421550231e-01       5.880351726186e+01 
       6.492105112616e-01       5.861541246566e+01 
       6.501788675070e-01       5.842815614409e+01 
       6.511472237593e-01       5.824173561730e+01 
       6.521155800183e-01       5.805613782051e+01 
       6.530839362842e-01       5.787135006539e+01 
       6.540522925568e-01       5.768736092351e+01 
       6.550206488361e-01       5.750416086560e+01 
       6.559890051222e-01       5.732174252027e+01 
       6.569573614149e-01       5.714010083847e+01 
       6.579257177142e-01       5.695923240559e+01 
       6.588940740202e-01       5.677913510879e+01 
       6.598624303327e-01       5.659980706022e+01 
       6.608307866518e-01       5.642124597783e+01 
       6.617991429774e-01       5.624344851736e+01 
       6.627674993095e-01       5.606640995925e+01 
       6.637358556481e-01       5.589012418155e+01 
       6.647042119931e-01       5.571458403302e+01 
       6.656725683445e-01       5.553978198873e+01 
       6.666409247023e-01       5.536571080519e+01 
       6.676092810664e-01       5.519236433547e+01 
       6.685776374369e-01       5.501973807698e+01 
       6.695459938137e-01       5.484782944936e+01 
       6.705143501967e-01       5.467663781841e+01 
       6.714827065860e-01       5.450616408221e+01 
       6.724510629815e-01       5.433641011098e+01 
       6.734194193832e-01       5.416737789338e+01 
       6.743877757910e-01       5.399906888036e+01 
       6.753561322050e-01       5.383148328613e+01 
       6.763244886251e-01       5.366461973966e+01 
       6.772928450513e-01       5.349847529747e+01 
       6.782612014835e-01       5.333304563910e+01 
       6.792295579218e-01       5.316832570754e+01 
       6.801979143660e-01       5.300431032827e+01 
       6.811662708163e-01       5.284099495655e+01 
       6.821346272725e-01       5.267837625131e+01 
       6.831029837346e-01       5.251645239165e+01 
       6.840713402027e-01       5.235522312979e+01 
       6.850396966766e-01       5.219468948593e+01 
       6.860080531564e-01       5.203485321925e+01 
       6.869764096420e-01       5.187571611158e+01 
       6.879447661334e-01       5.171727926852e+01 
       6.889131226306e-01       5.155954250415e+01 
       6.898814791335e-01       5.140250392797e+01 
       6.908498356422e-01       5.124615991888e+01 
       6.918181921566e-01       5.109050532855e+01 
       6.927865486767e-01       5.093553395474e+01 
       6.937549052024e-01       5.078123922388e+01 
       6.947232617338e-01       5.062761485063e+01 
       6.956916182707e-01       5.047465545756e+01 
       6.966599748133e-01       5.032235692246e+01 
       6.976283313615e-01       5.017071658967e+01 
       6.985966879151e-01       5.001973291301e+01 
       6.995650444743e-01       4.986940517034e+01 
       7.005334010390e-01       4.971973278747e+01 
       7.015017576092e-01       4.957071467075e+01 
       7.024701141848e-01       4.942234869313e+01 
       7.034384707659e-01       4.927463129422e+01 
       7.044068273523e-01       4.912755732531e+01 
       7.053751839442e-01       4.898112028923e+01 
       7.063435405414e-01       4.883531272299e+01 
       7.073118971439e-01       4.869012679944e+01 
       7.082802537518e-01       4.854555502784e+01 
       7.092486103649e-01       4.840159066689e+01 
       7.102169669833e-01       4.825822834324e+01 
       7.111853236070e-01       4.811546402410e+01 
       7.121536802359e-01       4.797329500006e+01 
       7.131220368701e-01       4.783171942547e+01 
       7.140903935094e-01       4.769073588244e+01 
       7.150587501539e-01       4.755034271132e+01 
       7.160271068035e-01       4.741053746706e+01 
       7.169954634583e-01       4.727131659407e+01 
       7.179638201181e-01       4.713267527050e+01 
       7.189321767831e-01       4.699460749535e+01 
       7.199005334531e-01       4.685710649493e+01 
       7.208688901281e-01       4.672016521160e+01 
       7.218372468082e-01       4.658377693983e+01 
       7.228056034933e-01       4.644793587584e+01 
       7.237739601834e-01       4.631263739242e+01 
       7.247423168784e-01       4.617787837384e+01 
       7.257106735784e-01       4.604365698769e+01 
       7.266790302833e-01       4.590997241769e+01 
       7.276473869930e-01       4.577682436928e+01 
       7.286157437077e-01       4.564421241721e+01 
       7.295841004273e-01       4.551213562242e+01 
       7.305524571517e-01       4.538059197032e+01 
       7.315208138809e-01       4.524957835692e+01 
       7.324891706149e-01       4.511909052939e+01 
       7.334575273537e-01       4.498912345055e+01 
       7.344258840973e-01       4.485967175184e+01 
       7.353942408457e-01       4.473073032292e+01 
       7.363625975987e-01       4.460229472496e+01 
       7.373309543565e-01       4.447436170154e+01 
       7.382993111190e-01       4.434692926665e+01 
       7.392676678861e-01       4.421999667954e+01 
       7.402360246579e-01       4.409356420377e+01 
       7.412043814344e-01       4.396763254180e+01 
       7.421727382154e-01       4.384220242010e+01 
       7.431410950011e-01       4.371727397674e+01 
       7.441094517914e-01       4.359284642012e+01 
       7.450778085862e-01       4.346891777981e+01 
       7.460461653856e-01       4.334548495071e+01 
       7.470145221895e-01       4.322254391983e+01 
       7.479828789979e-01       4.310009021028e+01 
       7.489512358108e-01       4.297811937602e+01 
       7.499195926282e-01       4.285662748409e+01 
       7.508879494500e-01       4.273561152542e+01 
       7.518563062763e-01       4.261506958336e+01 
       7.528246631071e-01       4.249500092679e+01 
       7.537930199422e-01       4.237540561628e+01 
       7.547613767817e-01       4.225628427400e+01 
       7.557297336256e-01       4.213763748318e+01 
       7.566980904739e-01       4.201946533669e+01 
       7.576664473265e-01       4.190176702951e+01 
       7.586348041834e-01       4.178454067644e+01 
       7.596031610447e-01       4.166778321997e+01 
       7.605715179102e-01       4.155149071307e+01 
       7.615398747800e-01       4.143565863785e+01 
       7.625082316541e-01       4.132028239559e+01 
       7.634765885324e-01       4.120535779798e+01 
       7.644449454150e-01       4.109088137796e+01 
       7.654133023017e-01       4.097685071277e+01 
       7.663816591927e-01       4.086326440103e+01 
       7.673500160878e-01       4.075012189357e+01 
       7.683183729871e-01       4.063742315124e+01 
       7.692867298906e-01       4.052516820597e+01 
       7.702550867981e-01       4.041335668234e+01 
       7.712234437098e-01       4.030198741830e+01 
       7.721918006256e-01       4.019105824937e+01 
       7.731601575455e-01       4.008056599715e+01 
       7.741285144695e-01       3.997050654990e+01 
       7.750968713975e-01       3.986087526484e+01 
       7.760652283295e-01       3.975166737463e+01 
       7.770335852656e-01       3.964287843322e+01 
       7.780019422057e-01       3.953450472969e+01 
       7.789702991498e-01       3.942654347025e+01 
       7.799386560978e-01       3.931899291305e+01 
       7.809070130499e-01       3.921185214739e+01 
       7.818753700059e-01       3.910512086136e+01 
       7.828437269658e-01       3.899879891965e+01 
       7.838120839296e-01       3.889288587938e+01 
       7.847804408974e-01       3.878738070184e+01 
       7.857487978690e-01       3.868228144238e+01 
       7.867171548445e-01       3.857758519677e+01 
       7.876855118239e-01       3.847328826689e+01 
       7.886538688071e-01       3.836938640542e+01 
       7.896222257942e-01       3.826587523786e+01 
       7.905905827851e-01       3.816275066866e+01 
       7.915589397798e-01       3.806000925210e+01 
       7.925272967783e-01       3.795764848389e+01 
       7.934956537806e-01       3.785566682668e+01 
       7.944640107866e-01       3.775406361894e+01 
       7.954323677964e-01       3.765283884113e+01 
       7.964007248099e-01       3.755199270001e+01 
       7.973690818272e-01       3.745152523108e+01 
       7.983374388481e-01       3.735143593768e+01 
       7.993057958728e-01       3.725172351521e+01 
       8.002741529011e-01       3.715238577809e+01 
       8.012425099331e-01       3.705341973474e+01 
       8.022108669688e-01       3.695482181579e+01 
       8.031792240081e-01       3.685658829498e+01 
       8.041475810511e-01       3.675871558579e+01 
       8.051159380976e-01       3.666120068552e+01 
       8.060842951478e-01       3.656404140563e+01 
       8.070526522016e-01       3.646723646472e+01 
       8.080210092589e-01       3.637078541179e+01 
       8.089893663198e-01       3.627468844732e+01 
       8.099577233843e-01       3.617894599640e+01 
       8.109260804523e-01       3.608355839421e+01 
       8.118944375238e-01       3.598852550477e+01 
       8.128627945989e-01       3.589384644625e+01 
       8.138311516774e-01       3.579951949275e+01 
       8.147995087595e-01       3.570554213132e+01 
       8.157678658450e-01       3.561191125048e+01 
       8.167362229340e-01       3.551862347299e+01 
       8.177045800264e-01       3.542567555728e+01 
       8.186729371223e-01       3.533306466952e+01 
       8.196412942216e-01       3.524078872499e+01 
       8.206096513243e-01       3.514884646778e+01 
       8.215780084304e-01       3.505723742690e+01 
       8.225463655400e-01       3.496596173430e+01 
       8.235147226529e-01       3.487501983557e+01 
       8.244830797691e-01       3.478441206545e+01 
       8.254514368888e-01       3.469413837296e+01 
       8.264197940117e-01       3.460419804104e+01 
       8.273881511380e-01       3.451458950692e+01 
       8.283565082677e-01       3.442531045923e+01 
       8.293248654006e-01       3.433635796899e+01 
       8.302932225368e-01       3.424772878689e+01 
       8.312615796763e-01       3.415941970544e+01 
       8.322299368191e-01       3.407142787958e+01 
       8.331982939652e-01       3.398375109120e+01 
       8.341666511145e-01       3.389638789357e+01 
       8.351350082671e-01       3.380933760762e+01 
       8.361033654228e-01       3.372260011928e+01 
       8.370717225819e-01       3.363617566456e+01 
       8.380400797441e-01       3.355006445465e+01 
       8.390084369095e-01       3.346426634732e+01 
       8.399767940781e-01       3.337878063787e+01 
       8.409451512498e-01       3.329360582180e+01 
       8.419135084248e-01       3.320873970392e+01 
       8.428818656028e-01       3.312417946236e+01 
       8.438502227841e-01       3.303992195627e+01 
       8.448185799684e-01       3.295596402944e+01 
       8.457869371559e-01       3.287230284542e+01 
       8.467552943465e-01       3.278893614222e+01 
       8.477236515402e-01       3.270586237759e+01 
       8.486920087369e-01       3.262308077500e+01 
       8.496603659368e-01       3.254059112518e+01 
       8.506287231397e-01       3.245839359346e+01 
       8.515970803457e-01       3.237648840949e+01 
       8.525654375547e-01       3.229487553262e+01 
       8.535337947667e-01       3.221355436701e+01 
       8.545021519818e-01       3.213252367559e+01 
       8.554705091999e-01       3.205178150634e+01 
       8.564388664210e-01       3.197132529589e+01 
       8.574072236451e-01       3.189115215067e+01 
       8.583755808722e-01       3.181125913412e+01 
       8.593439381022e-01       3.173164355152e+01 
       8.603122953352e-01       3.165230321452e+01 
       8.612806525712e-01       3.157323662894e+01 
       8.622490098101e-01       3.149444299513e+01 
       8.632173670520e-01       3.141592212248e+01 
       8.641857242967e-01       3.133767422652e+01 
       8.651540815444e-01       3.125969959803e+01 
       8.661224387950e-01       3.118199833911e+01 
       8.670907960485e-01       3.110457011349e+01 
       8.680591533049e-01       3.102741393411e+01 
       8.690275105641e-01       3.095052816027e+01 
       8.699958678263e-01       3.087391059061e+01 
       8.709642250912e-01       3.079755863940e+01 
       8.719325823591e-01       3.072146963345e+01 
       8.729009396297e-01       3.064564109859e+01 
       8.738692969032e-01       3.057007100287e+01 
       8.748376541795e-01       3.049475793994e+01 
       8.758060114586e-01       3.041970117584e+01 
       8.767743687405e-01       3.034490057036e+01 
       8.777427260252e-01       3.027035637032e+01 
       8.787110833127e-01       3.019606898196e+01 
       8.796794406030e-01       3.012203862499e+01 
       8.806477978960e-01       3.004826513198e+01 
       8.816161551918e-01       2.997474777690e+01 
       8.825845124903e-01       2.990148516213e+01 
       8.835528697916e-01       2.982847535762e+01 
       8.845212270956e-01       2.975571601556e+01 
       8.854895844023e-01       2.968320465183e+01 
       8.864579417117e-01       2.961093891812e+01 
       8.874262990238e-01       2.953891685918e+01 
       8.883946563386e-01       2.946713707640e+01 
       8.893630136561e-01       2.939559879871e+01 
       8.903313709763e-01       2.932430183041e+01 
       8.912997282991e-01       2.925324638346e+01 
       8.922680856246e-01       2.918243281786e+01 
       8.932364429527e-01       2.911186140865e+01 
       8.942048002835e-01       2.904153207300e+01 
       8.951731576169e-01       2.897144420765e+01 
       8.961415149529e-01       2.890159660060e+01 
       8.971098722916e-01       2.883198747352e+01 
       8.980782296328e-01       2.876261465938e+01 
       8.990465869767e-01       2.869347579737e+01 
       9.000149443231e-01       2.862456862731e+01 
       9.009833016721e-01       2.855589121670e+01 
       9.019516590237e-01       2.848744213205e+01 
       9.029200163778e-01       2.841922055120e+01 
       9.038883737345e-01       2.835122618013e+01 
       9.048567310938e-01       2.828345912790e+01 
       9.058250884556e-01       2.821591974795e+01 
       9.067934458199e-01       2.814860826960e+01 
       9.077618031867e-01       2.808152466818e+01 
       9.087301605561e-01       2.801466841745e+01 
       9.096985179280e-01       2.794803842996e+01 
       9.106668753023e-01       2.788163307095e+01 
       9.116352326792e-01       2.781545030045e+01 
       9.126035900585e-01       2.774948788131e+01 
       9.135719474403e-01       2.768374361051e+01 
       9.145403048246e-01       2.761821557112e+01 
       9.155086622113e-01       2.755290232119e+01 
       9.164770196005e-01       2.748780295863e+01 
       9.174453769921e-01       2.742291712510e+01 
       9.184137343862e-01       2.735824488747e+01 
       9.193820917827e-01       2.729378653705e+01 
       9.203504491816e-01       2.722954234917e+01 
       9.213188065830e-01       2.716551233890e+01 
       9.222871639867e-01       2.710169611650e+01 
       9.232555213928e-01       2.703809273856e+01 
       9.242238788013e-01       2.697470075443e+01 
       9.251922362122e-01       2.691151830157e+01 
       9.261605936255e-01       2.684854329593e+01 
       9.271289510412e-01       2.678577364375e+01 
       9.280973084592e-01       2.672320750995e+01 
       9.290656658795e-01       2.666084346049e+01 
       9.300340233022e-01       2.659868058700e+01 
       9.310023807273e-01       2.653671849125e+01 
       9.319707381547e-01       2.647495722138e+01 
       9.329390955844e-01       2.641339705347e+01 
       9.339074530164e-01       2.635203828626e+01 
       9.348758104507e-01       2.629088103913e+01 
       9.358441678873e-01       2.622992501682e+01 
       9.368125253263e-01       2.616916944381e+01 
       9.377808827675e-01       2.610861306118e+01 
       9.387492402110e-01       2.604825418814e+01 
       9.397175976567e-01       2.598809090190e+01 
       9.406859551047e-01       2.592812124451e+01 
       9.416543125550e-01       2.586834346545e+01 
       9.426226700076e-01       2.580875617241e+01 
       9.435910274624e-01       2.574935846174e+01 
       9.445593849194e-01       2.569014993178e+01 
       9.455277423787e-01       2.563113060247e+01 
       9.464960998401e-01       2.557230074728e+01 
       9.474644573038e-01       2.551366071493e+01 
       9.484328147698e-01       2.545521066548e+01 
       9.494011722379e-01       2.539695043300e+01 
       9.503695297082e-01       2.533887939211e+01 
       9.513378871807e-01       2.528099644760e+01 
       9.523062446554e-01       2.522330008296e+01 
       9.532746021323e-01       2.516578851582e+01 
       9.542429596113e-01       2.510845991688e+01 
       9.552113170925e-01       2.505131259154e+01 
       9.561796745759e-01       2.499434518121e+01 
       9.571480320614e-01       2.493755676476e+01 
       9.581163895490e-01       2.488094691849e+01 
       9.590847470388e-01       2.482451560500e+01 
       9.600531045308e-01       2.476826308807e+01 
       9.610214620248e-01       2.471218969484e+01 
       9.619898195210e-01       2.465629564577e+01 
       9.629581770193e-01       2.460058084388e+01 
       9.639265345197e-01       2.454504478399e+01 
       9.648948920222e-01       2.448968649838e+01 
       9.658632495268e-01       2.443450460759e+01 
       9.668316070335e-01       2.437949747186e+01 
       9.677999645422e-01       2.432466335118e+01 
       9.687683220530e-01       2.427000060660e+01 
       9.697366795659e-01       2.421550789596e+01 
       9.707050370809e-01       2.416118429261e+01 
       9.716733945979e-01       2.410702931401e+01 
       9.726417521170e-01       2.405304288669e+01 
       9.736101096381e-01       2.399922522168e+01 
       9.745784671613e-01       2.394557664170e+01 
       9.755468246864e-01       2.389209737817e+01 
       9.765151822137e-01       2.383878739932e+01 
       9.774835397429e-01       2.378564629539e+01 
       9.784518972741e-01       2.373267321060e+01 
       9.794202548074e-01       2.367986689534e+01 
       9.803886123426e-01       2.362722581368e+01 
       9.813569698799e-01       2.357474831593e+01 
       9.823253274191e-01       2.352243282548e+01 
       9.832936849603e-01       2.347027801692e+01 
       9.842620425035e-01       2.341828294376e+01 
       9.852304000487e-01       2.336644708246e+01 
       9.861987575959e-01       2.331477032154e+01 
       9.871671151450e-01       2.326325283699e+01 
       9.881354726960e-01       2.321189493073e+01 
       9.891038302490e-01       2.316069685719e+01 
       9.900721878040e-01       2.310965864988e+01 
       9.910405453609e-01       2.305877998366e+01 
       9.920089029197e-01       2.300806012435e+01 
       9.929772604804e-01       2.295749794232e+01 
       9.939456180431e-01       2.290709202708e+01 
       9.949139756077e-01       2.285684082239e+01 
       9.958823331742e-01       2.280674282546e+01 
       9.968506907426e-01       2.275679672991e+01 
       9.978190483129e-01       2.270700159573e+01 
       9.987874058850e-01       2.265735686845e+01 
       9.997557634591e-01       2.260786239480e+01 
       1.000724121035e+00       2.255851831922e+01 
       1.001692478613e+00       2.250932494452e+01 
       1.002660836193e+00       2.246028254661e+01 
       1.003629193774e+00       2.241139119492e+01 
       1.004597551358e+00       2.236265066332e+01 
       1.005565908943e+00       2.231406032853e+01 
       1.006534266530e+00       2.226561919110e+01 
       1.007502624119e+00       2.221732595797e+01 
       1.008470981710e+00       2.216917917748e+01 
       1.009439339303e+00       2.212117741329e+01 
       1.010407696897e+00       2.207331940845e+01 
       1.011376054493e+00       2.202560421737e+01 
       1.012344412091e+00       2.197803127735e+01 
       1.013312769691e+00       2.193060040175e+01 
       1.014281127293e+00       2.188331170999e+01 
       1.015249484897e+00       2.183616548634e+01 
       1.016217842502e+00       2.178916202385e+01 
       1.017186200109e+00       2.174230145419e+01 
       1.018154557718e+00       2.169558362125e+01 
       1.019122915329e+00       2.164900800667e+01 
       1.020091272941e+00       2.160257372556e+01 
       1.021059630555e+00       2.155627959683e+01 
       1.022027988172e+00       2.151012426589e+01 
       1.022996345789e+00       2.146410636717e+01 
       1.023964703409e+00       2.141822468123e+01 
       1.024933061030e+00       2.137247826719e+01 
       1.025901418653e+00       2.132686654426e+01 
       1.026869776278e+00       2.128138929537e+01 
       1.027838133904e+00       2.123604660661e+01 
       1.028806491533e+00       2.119083874704e+01 
       1.029774849163e+00       2.114576601707e+01 
       1.030743206794e+00       2.110082858854e+01 
       1.031711564428e+00       2.105602637036e+01 
       1.032679922063e+00       2.101135893797e+01 
       1.033648279700e+00       2.096682551172e+01 
       1.034616637338e+00       2.092242501415e+01 
       1.035584994979e+00       2.087815618216e+01 
       1.036553352620e+00       2.083401771598e+01 
       1.037521710264e+00       2.079000843414e+01 
       1.038490067909e+00       2.074612740125e+01 
       1.039458425556e+00       2.070237401552e+01 
       1.040426783205e+00       2.065874802676e+01 
       1.041395140855e+00       2.061524948745e+01 
       1.042363498507e+00       2.057187864297e+01 
       1.043331856161e+00       2.052863579273e+01 
       1.044300213816e+00       2.048552113731e+01 
       1.045268571473e+00       2.044253464451e+01 
       1.046236929132e+00       2.039967596656e+01 
       1.047205286792e+00       2.035694442099e+01 
       1.048173644454e+00       2.031433902865e+01 
       1.049142002117e+00       2.027185861171e+01 
       1.050110359783e+00       2.022950193520e+01 
       1.051078717449e+00       2.018726785507e+01 
       1.052047075118e+00       2.014515544629e+01 
       1.053015432788e+00       2.010316408896e+01 
       1.053983790459e+00       2.006129350168e+01 
       1.054952148133e+00       2.001954370327e+01 
       1.055920505807e+00       1.997791491517e+01 
       1.056888863484e+00       1.993640743152e+01 
       1.057857221162e+00       1.989502147495e+01 
       1.058825578841e+00       1.985375706615e+01 
       1.059793936523e+00       1.981261393147e+01 
       1.060762294205e+00       1.977159147380e+01 
       1.061730651890e+00       1.973068880708e+01 
       1.062699009576e+00       1.968990484005e+01 
       1.063667367263e+00       1.964923839971e+01 
       1.064635724952e+00       1.960868838170e+01 
       1.065604082643e+00       1.956825387197e+01 
       1.066572440335e+00       1.952793424121e+01 
       1.067540798029e+00       1.948772917711e+01 
       1.068509155724e+00       1.944763866445e+01 
       1.069477513421e+00       1.940766290189e+01 
       1.070445871119e+00       1.936780217712e+01 
       1.071414228819e+00       1.932805672856e+01 
       1.072382586520e+00       1.928842662160e+01 
       1.073350944223e+00       1.924891165253e+01 
       1.074319301928e+00       1.920951130959e+01 
       1.075287659634e+00       1.917022479057e+01 
       1.076256017341e+00       1.913105108662e+01 
       1.077224375050e+00       1.909198909303e+01 
       1.078192732761e+00       1.905303774319e+01 
       1.079161090473e+00       1.901419613793e+01 
       1.080129448186e+00       1.897546363896e+01 
       1.081097805901e+00       1.893683991080e+01 
       1.082066163617e+00       1.889832490497e+01 
       1.083034521335e+00       1.885991879096e+01 
       1.084002879055e+00       1.882162184841e+01 
       1.084971236776e+00       1.878343432940e+01 
       1.085939594498e+00       1.874535633430e+01 
       1.086907952222e+00       1.870738772048e+01 
       1.087876309947e+00       1.866952805419e+01 
       1.088844667674e+00       1.863177661866e+01 
       1.089813025402e+00       1.859413247930e+01 
       1.090781383132e+00       1.855659459408e+01 
       1.091749740863e+00       1.851916194091e+01 
       1.092718098596e+00       1.848183363551e+01 
       1.093686456330e+00       1.844460903131e+01 
       1.094654814065e+00       1.840748776982e+01 
       1.095623171802e+00       1.837046977412e+01 
       1.096591529540e+00       1.833355518697e+01 
       1.097559887280e+00       1.829674426918e+01 
       1.098528245021e+00       1.826003728137e+01 
       1.099496602764e+00       1.822343435790e+01 
       1.100464960508e+00       1.818693540737e+01 
       1.101433318253e+00       1.815054006461e+01 
       1.102401676000e+00       1.811424769121e+01 
       1.103370033748e+00       1.807805742955e+01 
       1.104338391498e+00       1.804196829763e+01 
       1.105306749249e+00       1.800597930997e+01 
       1.106275107001e+00       1.797008960312e+01 
       1.107243464755e+00       1.793429852660e+01 
       1.108211822510e+00       1.789860569786e+01 
       1.109180180267e+00       1.786301100901e+01 
       1.110148538025e+00       1.782751457566e+01 
       1.111116895784e+00       1.779211664577e+01 
       1.112085253545e+00       1.775681747943e+01 
       1.113053611307e+00       1.772161723403e+01 
       1.114021969070e+00       1.768651586937e+01 
       1.114990326835e+00       1.765151308447e+01 
       1.115958684601e+00       1.761660831182e+01 
       1.116927042368e+00       1.758180076447e+01 
       1.117895400137e+00       1.754708952151e+01 
       1.118863757907e+00       1.751247364207e+01 
       1.119832115679e+00       1.747795227798e+01 
       1.120800473452e+00       1.744352477512e+01 
       1.121768831226e+00       1.740919073459e+01 
       1.122737189002e+00       1.737495001923e+01 
       1.123705546778e+00       1.734080271498e+01 
       1.124673904557e+00       1.730674905070e+01 
       1.125642262336e+00       1.727278928720e+01 
       1.126610620117e+00       1.723892360470e+01 
       1.127578977899e+00       1.720515200083e+01 
       1.128547335683e+00       1.717147423308e+01 
       1.129515693467e+00       1.713788980466e+01 
       1.130484051253e+00       1.710439799624e+01 
       1.131452409041e+00       1.707099794456e+01 
       1.132420766829e+00       1.703768874998e+01 
       1.133389124619e+00       1.700446958684e+01 
       1.134357482411e+00       1.697133980303e+01 
       1.135325840203e+00       1.693829897916e+01 
       1.136294197997e+00       1.690534695070e+01 
       1.137262555792e+00       1.687248377816e+01 
       1.138230913588e+00       1.683970966999e+01 
       1.139199271386e+00       1.680702488211e+01 
       1.140167629185e+00       1.677442960970e+01 
       1.141135986985e+00       1.674192388808e+01 
       1.142104344787e+00       1.670950753035e+01 
       1.143072702589e+00       1.667718010035e+01 
       1.144041060393e+00       1.664494094331e+01 
       1.145009418199e+00       1.661278925493e+01 
       1.145977776005e+00       1.658072417753e+01 
       1.146946133813e+00       1.654874490734e+01 
       1.147914491622e+00       1.651685079295e+01 
       1.148882849432e+00       1.648504140094e+01 
       1.149851207244e+00       1.645331654336e+01 
       1.150819565056e+00       1.642167625078e+01 
       1.151787922870e+00       1.639012071004e+01 
       1.152756280685e+00       1.635865017191e+01 
       1.153724638502e+00       1.632726484313e+01 
       1.154692996319e+00       1.629596479052e+01 
       1.155661354138e+00       1.626474987368e+01 
       1.156629711958e+00       1.623361971581e+01 
       1.157598069780e+00       1.620257372581e+01 
       1.158566427602e+00       1.617161115373e+01 
       1.159534785426e+00       1.614073118218e+01 
       1.160503143251e+00       1.610993303224e+01 
       1.161471501077e+00       1.607921605657e+01 
       1.162439858904e+00       1.604857980891e+01 
       1.163408216733e+00       1.601802407517e+01 
       1.164376574562e+00       1.598754885831e+01 
       1.165344932393e+00       1.595715432484e+01 
       1.166313290225e+00       1.592684071552e+01 
       1.167281648059e+00       1.589660824373e+01 
       1.168250005893e+00       1.586645700347e+01 
       1.169218363729e+00       1.583638689815e+01 
       1.170186721565e+00       1.580639760636e+01 
       1.171155079403e+00       1.577648859319e+01 
       1.172123437243e+00       1.574665916173e+01 
       1.173091795083e+00       1.571690853773e+01 
       1.174060152924e+00       1.568723596758e+01 
       1.175028510767e+00       1.565764080878e+01 
       1.175996868611e+00       1.562812260431e+01 
       1.176965226456e+00       1.559868111823e+01 
       1.177933584302e+00       1.556931632759e+01 
       1.178901942149e+00       1.554002837508e+01 
       1.179870299998e+00       1.551081748865e+01 
       1.180838657847e+00       1.548168388672e+01 
       1.181807015698e+00       1.545262768780e+01 
       1.182775373550e+00       1.542364883376e+01 
       1.183743731403e+00       1.539474705365e+01 
       1.184712089257e+00       1.536592186824e+01 
       1.185680447112e+00       1.533717263334e+01 
       1.186648804968e+00       1.530849861611e+01 
       1.187617162826e+00       1.527989908719e+01 
       1.188585520684e+00       1.525137341224e+01 
       1.189553878544e+00       1.522292112715e+01 
       1.190522236405e+00       1.519454197630e+01 
       1.191490594267e+00       1.516623591112e+01 
       1.192458952130e+00       1.513800305087e+01 
       1.193427309994e+00       1.510984361115e+01 
       1.194395667860e+00       1.508175781307e+01 
       1.195364025726e+00       1.505374579231e+01 
       1.196332383593e+00       1.502580752602e+01 
       1.197300741462e+00       1.499794279079e+01 
       1.198269099332e+00       1.497015116177e+01 
       1.199237457202e+00       1.494243204547e+01 
       1.200205815074e+00       1.491478474978e+01 
       1.201174172947e+00       1.488720857268e+01 
       1.202142530821e+00       1.485970289076e+01 
       1.203110888697e+00       1.483226723358e+01 
       1.204079246573e+00       1.480490132650e+01 
       1.205047604450e+00       1.477760509671e+01 
       1.206015962328e+00       1.475037864226e+01 
       1.206984320208e+00       1.472322216556e+01 
       1.207952678088e+00       1.469613588696e+01 
       1.208921035970e+00       1.466911995788e+01 
       1.209889393852e+00       1.464217438770e+01 
       1.210857751736e+00       1.461529899740e+01 
       1.211826109621e+00       1.458849341081e+01 
       1.212794467507e+00       1.456175708322e+01 
       1.213762825394e+00       1.453508936411e+01 
       1.214731183282e+00       1.450848958078e+01 
       1.215699541170e+00       1.448195712283e+01 
       1.216667899060e+00       1.445549151526e+01 
       1.217636256952e+00       1.442909246760e+01 
       1.218604614844e+00       1.440275988494e+01 
       1.219572972737e+00       1.437649384295e+01 
       1.220541330631e+00       1.435029452732e+01 
       1.221509688526e+00       1.432416215590e+01 
       1.222478046422e+00       1.429809689345e+01 
       1.223446404320e+00       1.427209877845e+01 
       1.224414762218e+00       1.424616767268e+01 
       1.225383120117e+00       1.422030324667e+01 
       1.226351478018e+00       1.419450500322e+01 
       1.227319835919e+00       1.416877233336e+01 
       1.228288193821e+00       1.414310459194e+01 
       1.229256551725e+00       1.411750118178e+01 
       1.230224909629e+00       1.409196162631e+01 
       1.231193267535e+00       1.406648562127e+01 
       1.232161625441e+00       1.404107305263e+01 
       1.233129983348e+00       1.401572397298e+01 
       1.234098341257e+00       1.399043855231e+01 
       1.235066699166e+00       1.396521700382e+01 
       1.236035057077e+00       1.394005950176e+01 
       1.237003414988e+00       1.391496610866e+01 
       1.237971772900e+00       1.388993672341e+01 
       1.238940130814e+00       1.386497106061e+01 
       1.239908488728e+00       1.384006867040e+01 
       1.240876846644e+00       1.381522898345e+01 
       1.241845204560e+00       1.379045138516e+01 
       1.242813562477e+00       1.376573529145e+01 
       1.243781920396e+00       1.374108022728e+01 
       1.244750278315e+00       1.371648587596e+01 
       1.245718636235e+00       1.369195210238e+01 
       1.246686994157e+00       1.366747893807e+01 
       1.247655352079e+00       1.364306653516e+01 
       1.248623710002e+00       1.361871510252e+01 
       1.249592067926e+00       1.359442482245e+01 
       1.250560425851e+00       1.357019577798e+01 
       1.251528783777e+00       1.354602790088e+01 
       1.252497141704e+00       1.352192094835e+01 
       1.253465499632e+00       1.349787451383e+01 
       1.254433857561e+00       1.347388806763e+01 
       1.255402215491e+00       1.344996102337e+01 
       1.256370573422e+00       1.342609281434e+01 
       1.257338931354e+00       1.340228296817e+01 
       1.258307289287e+00       1.337853115894e+01 
       1.259275647220e+00       1.335483723254e+01 
       1.260244005155e+00       1.333120119865e+01 
       1.261212363090e+00       1.330762319360e+01 
       1.262180721027e+00       1.328410341694e+01 
       1.263149078964e+00       1.326064205550e+01 
       1.264117436903e+00       1.323723921114e+01 
       1.265085794842e+00       1.321389484693e+01 
       1.266054152782e+00       1.319060875985e+01 
       1.267022510723e+00       1.316738058508e+01 
       1.267990868666e+00       1.314420983175e+01 
       1.268959226609e+00       1.312109594288e+01 
       1.269927584553e+00       1.309803836952e+01 
       1.270895942497e+00       1.307503664275e+01 
       1.271864300443e+00       1.305209042820e+01 
       1.272832658390e+00       1.302919955419e+01 
       1.273801016337e+00       1.300636401081e+01 
       1.274769374286e+00       1.298358391812e+01 
       1.275737732235e+00       1.296085946617e+01 
       1.276706090186e+00       1.293819084416e+01 
       1.277674448137e+00       1.291557816932e+01 
       1.278642806089e+00       1.289302143247e+01 
       1.279611164042e+00       1.287052046732e+01 
       1.280579521996e+00       1.284807494887e+01 
       1.281547879951e+00       1.282568442320e+01 
       1.282516237906e+00       1.280334836353e+01 
       1.283484595863e+00       1.278106624068e+01 
       1.284452953820e+00       1.275883759139e+01 
       1.285421311779e+00       1.273666207400e+01 
       1.286389669738e+00       1.271453950113e+01 
       1.287358027698e+00       1.269246984371e+01 
       1.288326385659e+00       1.267045320389e+01 
       1.289294743621e+00       1.264848976104e+01 
       1.290263101584e+00       1.262657970441e+01 
       1.291231459548e+00       1.260472316451e+01 
       1.292199817512e+00       1.258292015799e+01 
       1.293168175477e+00       1.256117055254e+01 
       1.294136533444e+00       1.253947406089e+01 
       1.295104891411e+00       1.251783026537e+01 
       1.296073249379e+00       1.249623866905e+01 
       1.297041607348e+00       1.247469876178e+01 
       1.298009965317e+00       1.245321008690e+01 
       1.298978323288e+00       1.243177229745e+01 
       1.299946681259e+00       1.241038519192e+01 
       1.300915039232e+00       1.238904872308e+01 
       1.301883397205e+00       1.236776297563e+01 
       1.302851755179e+00       1.234652811712e+01 
       1.303820113154e+00       1.232534433487e+01 
       1.304788471129e+00       1.230421176982e+01 
       1.305756829106e+00       1.228313046084e+01 
       1.306725187083e+00       1.226210030631e+01 
       1.307693545062e+00       1.224112105462e+01 
       1.308661903041e+00       1.222019232345e+01 
       1.309630261021e+00       1.219931364558e+01 
       1.310598619001e+00       1.217848453101e+01 
       1.311566976983e+00       1.215770453077e+01 
       1.312535334965e+00       1.213697329436e+01 
       1.313503692949e+00       1.211629060719e+01 
       1.314472050933e+00       1.209565640382e+01 
       1.315440408918e+00       1.207507075071e+01 
       1.316408766903e+00       1.205453380282e+01 
       1.317377124890e+00       1.203404574443e+01 
       1.318345482877e+00       1.201360672403e+01 
       1.319313840866e+00       1.199321679997e+01 
       1.320282198855e+00       1.197287589944e+01 
       1.321250556844e+00       1.195258380449e+01 
       1.322218914835e+00       1.193234016650e+01 
       1.323187272827e+00       1.191214454723e+01 
       1.324155630819e+00       1.189199647655e+01 
       1.325123988812e+00       1.187189551460e+01 
       1.326092346806e+00       1.185184130812e+01 
       1.327060704800e+00       1.183183363084e+01 
       1.328029062796e+00       1.181187240056e+01 
       1.328997420792e+00       1.179195766630e+01 
       1.329965778789e+00       1.177208956904e+01 
       1.330934136787e+00       1.175226828775e+01 
       1.331902494786e+00       1.173249397723e+01 
       1.332870852786e+00       1.171276671169e+01 
       1.333839210786e+00       1.169308644424e+01 
       1.334807568787e+00       1.167345298890e+01 
       1.335775926789e+00       1.165386602936e+01 
       1.336744284791e+00       1.163432515574e+01 
       1.337712642795e+00       1.161482991851e+01 
       1.338681000799e+00       1.159537988738e+01 
       1.339649358804e+00       1.157597470887e+01 
       1.340617716810e+00       1.155661414634e+01 
       1.341586074817e+00       1.153729810055e+01 
       1.342554432824e+00       1.151802660250e+01 
       1.343522790832e+00       1.149879977979e+01 
       1.344491148841e+00       1.147961780452e+01 
       1.345459506851e+00       1.146048083499e+01 
       1.346427864861e+00       1.144138895984e+01 
       1.347396222872e+00       1.142234215567e+01 
       1.348364580884e+00       1.140334026562e+01 
       1.349332938897e+00       1.138438300545e+01 
       1.350301296911e+00       1.136546999316e+01 
       1.351269654925e+00       1.134660079902e+01 
       1.352238012940e+00       1.132777500405e+01 
       1.353206370956e+00       1.130899225477e+01 
       1.354174728972e+00       1.129025230551e+01 
       1.355143086990e+00       1.127155504176e+01 
       1.356111445008e+00       1.125290047721e+01 
       1.357079803027e+00       1.123428872439e+01 
       1.358048161046e+00       1.121571994844e+01 
       1.359016519067e+00       1.119719430959e+01 
       1.359984877088e+00       1.117871190782e+01 
       1.360953235110e+00       1.116027274073e+01 
       1.361921593132e+00       1.114187667969e+01 
       1.362889951156e+00       1.112352346980e+01 
       1.363858309180e+00       1.110521275630e+01 
       1.364826667204e+00       1.108694413054e+01 
       1.365795025230e+00       1.106871718485e+01 
       1.366763383256e+00       1.105053156699e+01 
       1.367731741283e+00       1.103238702477e+01 
       1.368700099311e+00       1.101428342920e+01 
       1.369668457340e+00       1.099622077618e+01 
       1.370636815369e+00       1.097819916380e+01 
       1.371605173399e+00       1.096021874864e+01 
       1.372573531429e+00       1.094227969049e+01 
       1.373541889461e+00       1.092438209951e+01 
       1.374510247493e+00       1.090652599235e+01 
       1.375478605526e+00       1.088871126526e+01 
       1.376446963559e+00       1.087093769227e+01 
       1.377415321594e+00       1.085320494645e+01 
       1.378383679629e+00       1.083551263949e+01 
       1.379352037665e+00       1.081786037562e+01 
       1.380320395701e+00       1.080024780574e+01 
       1.381288753738e+00       1.078267467108e+01 
       1.382257111776e+00       1.076514082919e+01 
       1.383225469815e+00       1.074764626010e+01 
       1.384193827854e+00       1.073019104650e+01 
       1.385162185894e+00       1.071277533443e+01 
       1.386130543935e+00       1.069539928338e+01 
       1.387098901976e+00       1.067806301222e+01 
       1.388067260018e+00       1.066076655366e+01 
       1.389035618061e+00       1.064350982756e+01 
       1.390003976105e+00       1.062629263551e+01 
       1.390972334149e+00       1.060911467621e+01 
       1.391940692194e+00       1.059197558240e+01 
       1.392909050240e+00       1.057487497189e+01 
       1.393877408286e+00       1.055781249856e+01 
       1.394845766333e+00       1.054078789801e+01 
       1.395814124381e+00       1.052380101718e+01 
       1.396782482429e+00       1.050685182069e+01 
       1.397750840478e+00       1.048994037538e+01 
       1.398719198528e+00       1.047306681706e+01 
       1.399687556578e+00       1.045623130265e+01 
       1.400655914630e+00       1.043943395657e+01 
       1.401624272681e+00       1.042267482709e+01 
       1.402592630734e+00       1.040595385620e+01 
       1.403560988787e+00       1.038927087010e+01 
       1.404529346841e+00       1.037262559278e+01 
       1.405497704896e+00       1.035601767963e+01 
       1.406466062951e+00       1.033944676212e+01 
       1.407434421007e+00       1.032291249831e+01 
       1.408402779063e+00       1.030641462005e+01 
       1.409371137121e+00       1.028995296342e+01 
       1.410339495179e+00       1.027352747768e+01 
       1.411307853237e+00       1.025713821553e+01 
       1.412276211297e+00       1.024078530146e+01 
       1.413244569356e+00       1.022446888727e+01 
       1.414212927417e+00       1.020818910250e+01 
       1.415181285478e+00       1.019194600977e+01 
       1.416149643540e+00       1.017573957126e+01 
       1.417118001603e+00       1.015956963705e+01 
       1.418086359666e+00       1.014343595618e+01 
       1.419054717730e+00       1.012733820442e+01 
       1.420023075795e+00       1.011127602748e+01 
       1.420991433860e+00       1.009524909029e+01 
       1.421959791926e+00       1.007925712145e+01 
       1.422928149992e+00       1.006329994618e+01 
       1.423896508060e+00       1.004737750032e+01 
       1.424864866127e+00       1.003148982292e+01 
       1.425833224196e+00       1.001563702679e+01 
       1.426801582265e+00       9.999819258983e+00 
       1.427769940335e+00       9.984036651919e+00 
       1.428738298405e+00       9.968289279193e+00 
       1.429706656476e+00       9.952577121953e+00 
       1.430675014548e+00       9.936900053909e+00 
       1.431643372621e+00       9.921257847069e+00 
       1.432611730694e+00       9.905650197676e+00 
       1.433580088767e+00       9.890076766722e+00 
       1.434548446841e+00       9.874537226454e+00 
       1.435516804916e+00       9.859031304775e+00 
       1.436485162992e+00       9.843558817796e+00 
       1.437453521068e+00       9.828119688214e+00 
       1.438421879145e+00       9.812713940385e+00 
       1.439390237222e+00       9.797341675883e+00 
       1.440358595301e+00       9.782003035542e+00 
       1.441326953379e+00       9.766698153952e+00 
       1.442295311459e+00       9.751427113653e+00 
       1.443263669539e+00       9.736189912803e+00 
       1.444232027619e+00       9.720986447947e+00 
       1.445200385700e+00       9.705816514447e+00 
       1.446168743782e+00       9.690679829266e+00 
       1.447137101865e+00       9.675576068668e+00 
       1.448105459948e+00       9.660504912277e+00 
       1.449073818032e+00       9.645466087473e+00 
       1.450042176116e+00       9.630459403913e+00 
       1.451010534201e+00       9.615484771540e+00 
       1.451978892286e+00       9.600542200474e+00 
       1.452947250373e+00       9.585631779825e+00 
       1.453915608459e+00       9.570753645007e+00 
       1.454883966547e+00       9.555907931275e+00 
       1.455852324635e+00       9.541094730012e+00 
       1.456820682723e+00       9.526314054759e+00 
       1.457789040813e+00       9.511565822245e+00 
       1.458757398902e+00       9.496849849532e+00 
       1.459725756993e+00       9.482165875029e+00 
       1.460694115084e+00       9.467513590402e+00 
       1.461662473176e+00       9.452892683718e+00 
       1.462630831268e+00       9.438302882781e+00 
       1.463599189361e+00       9.423743991048e+00 
       1.464567547454e+00       9.409215908147e+00 
       1.465535905548e+00       9.394718631311e+00 
       1.466504263643e+00       9.380252237974e+00 
       1.467472621738e+00       9.365816855285e+00 
       1.468440979834e+00       9.351412617543e+00 
       1.469409337930e+00       9.337039623750e+00 
       1.470377696027e+00       9.322697902086e+00 
       1.471346054125e+00       9.308387387477e+00 
       1.472314412223e+00       9.294107918667e+00 
       1.473282770322e+00       9.279859254001e+00 
       1.474251128421e+00       9.265641101670e+00 
       1.475219486521e+00       9.251453159935e+00 
       1.476187844622e+00       9.237295158596e+00 
       1.477156202723e+00       9.223166895694e+00 
       1.478124560825e+00       9.209068260012e+00 
       1.479092918927e+00       9.194999235786e+00 
       1.480061277030e+00       9.180959889531e+00 
       1.481029635133e+00       9.166950340198e+00 
       1.481997993237e+00       9.152970719994e+00 
       1.482966351342e+00       9.139021133398e+00 
       1.483934709447e+00       9.125101621418e+00 
       1.484903067553e+00       9.111212137921e+00 
       1.485871425659e+00       9.097352542705e+00 
       1.486839783766e+00       9.083522613523e+00 
       1.487808141874e+00       9.069722074383e+00 
       1.488776499982e+00       9.055950633171e+00 
       1.489744858090e+00       9.042208023321e+00 
       1.490713216200e+00       9.028494038928e+00 
       1.491681574309e+00       9.014808559079e+00 
       1.492649932420e+00       9.001151555403e+00 
       1.493618290531e+00       8.987523082478e+00 
       1.494586648642e+00       8.973923251639e+00 
       1.495555006754e+00       8.960352193054e+00 
       1.496523364867e+00       8.946810015945e+00 
       1.497491722980e+00       8.933296772100e+00 
       1.498460081094e+00       8.919812431587e+00 
       1.499428439208e+00       8.906356873877e+00 
       1.500396797323e+00       8.892929896607e+00 
       1.501365155438e+00       8.879531240054e+00 
       1.502333513554e+00       8.866160622596e+00 
       1.503301871670e+00       8.852817780688e+00 
       1.504270229788e+00       8.839502505927e+00 
       1.505238587905e+00       8.826214669402e+00 
       1.506206946023e+00       8.812954232088e+00 
       1.507175304142e+00       8.799721236395e+00 
       1.508143662261e+00       8.786515784339e+00 
       1.509112020381e+00       8.773338002650e+00 
       1.510080378501e+00       8.760188003617e+00 
       1.511048736622e+00       8.747065849522e+00 
       1.512017094744e+00       8.733971525669e+00 
       1.512985452866e+00       8.720904929846e+00 
       1.513953810988e+00       8.707865878287e+00 
       1.514922169111e+00       8.694854127720e+00 
       1.515890527235e+00       8.681869408603e+00 
       1.516858885359e+00       8.668911462521e+00 
       1.517827243484e+00       8.655980078340e+00 
       1.518795601609e+00       8.643075119269e+00 
       1.519763959735e+00       8.630196534818e+00 
       1.520732317861e+00       8.617344356794e+00 
       1.521700675988e+00       8.604518677847e+00 
       1.522669034115e+00       8.591719620332e+00 
       1.523637392243e+00       8.578947298480e+00 
       1.524605750371e+00       8.566201782523e+00 
       1.525574108500e+00       8.553483072788e+00 
       1.526542466630e+00       8.540791085093e+00 
       1.527510824760e+00       8.528125654523e+00 
       1.528479182890e+00       8.515486553373e+00 
       1.529447541021e+00       8.502873522967e+00 
       1.530415899153e+00       8.490286310502e+00 
       1.531384257285e+00       8.477724703906e+00 
       1.532352615418e+00       8.465188559779e+00 
       1.533320973551e+00       8.452677817039e+00 
       1.534289331685e+00       8.440192495722e+00 
       1.535257689819e+00       8.427732679153e+00 
       1.536226047954e+00       8.415298485040e+00 
       1.537194406089e+00       8.402890029088e+00 
       1.538162764225e+00       8.390507386591e+00 
       1.539131122361e+00       8.378150574813e+00 
       1.540099480498e+00       8.365819524543e+00 
       1.541067838635e+00       8.353514087229e+00 
       1.542036196773e+00       8.341234052067e+00 
       1.543004554911e+00       8.328979172352e+00 
       1.543972913050e+00       8.316749200362e+00 
       1.544941271189e+00       8.304543924288e+00 
       1.545909629329e+00       8.292363193918e+00 
       1.546877987469e+00       8.280206939628e+00 
       1.547846345610e+00       8.268075169791e+00 
       1.548814703752e+00       8.255967959990e+00 
       1.549783061894e+00       8.243885420568e+00 
       1.550751420036e+00       8.231827666043e+00 
       1.551719778179e+00       8.219794782247e+00 
       1.552688136322e+00       8.207786792465e+00 
       1.553656494466e+00       8.195803644436e+00 
       1.554624852611e+00       8.183845207603e+00 
       1.555593210756e+00       8.171911286211e+00 
       1.556561568901e+00       8.160001645636e+00 
       1.557529927047e+00       8.148116045344e+00 
       1.558498285193e+00       8.136254273722e+00 
       1.559466643340e+00       8.124416177284e+00 
       1.560435001488e+00       8.112601674701e+00 
       1.561403359635e+00       8.100810764860e+00 
       1.562371717784e+00       8.089043511692e+00 
       1.563340075933e+00       8.077300020984e+00 
       1.564308434082e+00       8.065580406442e+00 
       1.565276792232e+00       8.053884757414e+00 
       1.566245150382e+00       8.042213107658e+00 
       1.567213508533e+00       8.030565419913e+00 
       1.568181866684e+00       8.018941579726e+00 
       1.569150224836e+00       8.007341407488e+00 
       1.570118582989e+00       7.995764680643e+00 
       1.571086941141e+00       7.984211165507e+00 
       1.572055299295e+00       7.972680651341e+00 
       1.573023657448e+00       7.961172978889e+00 
       1.573992015603e+00       7.949688061091e+00 
       1.981377808515e+00       4.612166274431e+00 
       2.494405957678e+00       2.652851242733e+00 
       3.140271046646e+00       1.514274355046e+00 
       3.953367020544e+00       8.583936194040e-01 
       4.976994204312e+00       4.835356439425e-01 
       6.265664478160e+00       2.708125946137e-01 
       7.888004233332e+00       1.508751761980e-01 
       9.930408977682e+00       8.364893075334e-02 
       1.250164421151e+01       4.616988669817e-02 
       1.573863758708e+01       2.537776135071e-02 
       1.981377080540e+01       1.389511663298e-02 
       2.494405957038e+01       7.580188755869e-03 
       3.140271046646e+01       4.120723497755e-03 
       3.953367020544e+01       2.232408454258e-03 
       4.976994204312e+01       1.205210828787e-03 
       6.265664478160e+01       6.482676358770e-04 
