# Matter power spectrum P(k) at redshift z=1
# for k=2.18938e-07 to 51.9249 h/Mpc,
# number of wavenumbers equal to 7274
#    1:k (h/Mpc)              2:P (Mpc/h)^3        
       2.189375736546e-07       3.520981703221e-01 
       9.039623085675e-07       1.383178246185e+00 
       1.588991769101e-06       2.383696547232e+00 
       2.274031155726e-06       3.368693699950e+00 
       2.959085669117e-06       4.343187186706e+00 
       3.644160510284e-06       5.309749423962e+00 
       4.329260880708e-06       6.269951627613e+00 
       5.014391982467e-06       7.224854777679e+00 
       5.699559018372e-06       8.175224164414e+00 
       6.384767192096e-06       9.121638337118e+00 
       7.070021708308e-06       1.006455036889e+01 
       7.755327772803e-06       1.100432496770e+01 
       8.440690592633e-06       1.194126227271e+01 
       9.126115376242e-06       1.287561381612e+01 
       9.811607333597e-06       1.380759362916e+01 
       1.049717167632e-05       1.473738620777e+01 
       1.118281361780e-05       1.566515237416e+01 
       1.186853837339e-05       1.659103368564e+01 
       1.255435116044e-05       1.751515581429e+01 
       1.324025719851e-05       1.843763118096e+01 
       1.392626170949e-05       1.935856103838e+01 
       1.461236991767e-05       2.027803714017e+01 
       1.529858704998e-05       2.119614309364e+01 
       1.598491833601e-05       2.211295546790e+01 
       1.667136900822e-05       2.302854471003e+01 
       1.735794430206e-05       2.394297590930e+01 
       1.804464945606e-05       2.485630943949e+01 
       1.873148971201e-05       2.576860150274e+01 
       1.941847031509e-05       2.667990459312e+01 
       2.010559651397e-05       2.759026789413e+01 
       2.079287356098e-05       2.849973762149e+01 
       2.148030671221e-05       2.940835732041e+01 
       2.216790122769e-05       3.031616812447e+01 
       2.285566237146e-05       3.122320898236e+01 
       2.354359541177e-05       3.212951685701e+01 
       2.423170562116e-05       3.303512690149e+01 
       2.491999827665e-05       3.394007261473e+01 
       2.560847865980e-05       3.484438598003e+01 
       2.629715205694e-05       3.574809758858e+01 
       2.698602375920e-05       3.665123675005e+01 
       2.767509906273e-05       3.755383159175e+01 
       2.836438326881e-05       3.845590914805e+01 
       2.905388168395e-05       3.935749544089e+01 
       2.974359962008e-05       4.025861555283e+01 
       3.043354239464e-05       4.115929369319e+01 
       3.112371533077e-05       4.205955325822e+01 
       3.181412375737e-05       4.295941688596e+01 
       3.250477300932e-05       4.385890650630e+01 
       3.319566842755e-05       4.475804338681e+01 
       3.388681535922e-05       4.565684817477e+01 
       3.457821915784e-05       4.655534093575e+01 
       3.526988518340e-05       4.745354118914e+01 
       3.596181880253e-05       4.835146794090e+01 
       3.665402538862e-05       4.924913971377e+01 
       3.734651032196e-05       5.014657457527e+01 
       3.803927898990e-05       5.104379016354e+01 
       3.873233678694e-05       5.194080371142e+01 
       3.942568911494e-05       5.283763206876e+01 
       4.011934138319e-05       5.373429172314e+01 
       4.081329900860e-05       5.463079881925e+01 
       4.150756741581e-05       5.552716917693e+01 
       4.220215203736e-05       5.642341830798e+01 
       4.289705831378e-05       5.731956143192e+01 
       4.359229169379e-05       5.821561349076e+01 
       4.428785763442e-05       5.911158916278e+01 
       4.498376160112e-05       6.000750287548e+01 
       4.568000906796e-05       6.090336881781e+01 
       4.637660551771e-05       6.179920095156e+01 
       4.707355644204e-05       6.269501302213e+01 
       4.777086734163e-05       6.359081856870e+01 
       4.846854372632e-05       6.448663093379e+01 
       4.916659111526e-05       6.538246327228e+01 
       4.986501503704e-05       6.627832855993e+01 
       5.056382102984e-05       6.717423960144e+01 
       5.126301464161e-05       6.807020903811e+01 
       5.196260143016e-05       6.896624935503e+01 
       5.266258696333e-05       6.986237288797e+01 
       5.336297681914e-05       7.075859182980e+01 
       5.406377658594e-05       7.165491823677e+01 
       5.476499186255e-05       7.255136403427e+01 
       5.546662825841e-05       7.344794102244e+01 
       5.616869139371e-05       7.434466088150e+01 
       5.687118689957e-05       7.524153517675e+01 
       5.757412041817e-05       7.613857536340e+01 
       5.827749760291e-05       7.703579279117e+01 
       5.898132411853e-05       7.793319870865e+01 
       5.968560564131e-05       7.883080426748e+01 
       6.039034785917e-05       7.972862052635e+01 
       6.109555647187e-05       8.062665845481e+01 
       6.180123719109e-05       8.152492893694e+01 
       6.250739574069e-05       8.242344277480e+01 
       6.321403785674e-05       8.332221069184e+01 
       6.392116928778e-05       8.422124333605e+01 
       6.462879579489e-05       8.512055128309e+01 
       6.533692315191e-05       8.602014503919e+01 
       6.604555714554e-05       8.692003504404e+01 
       6.675470357554e-05       8.782023167346e+01 
       6.746436825484e-05       8.872074524206e+01 
       6.817455700976e-05       8.962158600573e+01 
       6.888527568009e-05       9.052276416407e+01 
       6.959653011930e-05       9.142428986273e+01 
       7.030832619469e-05       9.232617319566e+01 
       7.102066978752e-05       9.322842420724e+01 
       7.173356679322e-05       9.413105289441e+01 
       7.244702312149e-05       9.503406920865e+01 
       7.316104469650e-05       9.593748305796e+01 
       7.387563745704e-05       9.684130430870e+01 
       7.459080735668e-05       9.774554278742e+01 
       7.530656036392e-05       9.865020828262e+01 
       7.602290246239e-05       9.955531054643e+01 
       7.673983965095e-05       1.004608592963e+02 
       7.745737794392e-05       1.013668642164e+02 
       7.817552337121e-05       1.022733349596e+02 
       7.889428197846e-05       1.031802811483e+02 
       7.961365982728e-05       1.040877123765e+02 
       8.033366299532e-05       1.049956382108e+02 
       8.105429757652e-05       1.059040681921e+02 
       8.177556968123e-05       1.068130118365e+02 
       8.249748543640e-05       1.077224786368e+02 
       8.322005098573e-05       1.086324780640e+02 
       8.394327248984e-05       1.095430195680e+02 
       8.466715612646e-05       1.104541125791e+02 
       8.539170809059e-05       1.113657665091e+02 
       8.611693459467e-05       1.122779907524e+02 
       8.684284186873e-05       1.131907946872e+02 
       8.756943616061e-05       1.141041876762e+02 
       8.829672373610e-05       1.150181790680e+02 
       8.902471087910e-05       1.159327781980e+02 
       8.975340389184e-05       1.168479943892e+02 
       9.048280909503e-05       1.177638369535e+02 
       9.121293282801e-05       1.186803151923e+02 
       9.194378144897e-05       1.195974383977e+02 
       9.267536133512e-05       1.205152158530e+02 
       9.340767888284e-05       1.214336568340e+02 
       9.414074050789e-05       1.223527706097e+02 
       9.487455264557e-05       1.232725664429e+02 
       9.560912175091e-05       1.241930535913e+02 
       9.634445429884e-05       1.251142413082e+02 
       9.708055678439e-05       1.260361388433e+02 
       9.781743572287e-05       1.269587554436e+02 
       9.855509765004e-05       1.278821003536e+02 
       9.929354912228e-05       1.288061828167e+02 
       1.000327967168e-04       1.297310120757e+02 
       1.007728470319e-04       1.306565973733e+02 
       1.015137066870e-04       1.315829479530e+02 
       1.022553823229e-04       1.325100730598e+02 
       1.029978806019e-04       1.334379819406e+02 
       1.037412082083e-04       1.343666838452e+02 
       1.044853718482e-04       1.352961880268e+02 
       1.052303782498e-04       1.362265037427e+02 
       1.059762341638e-04       1.371576402546e+02 
       1.067229463631e-04       1.380896068297e+02 
       1.074705216438e-04       1.390224127409e+02 
       1.082189668245e-04       1.399560672678e+02 
       1.089682887471e-04       1.408905796968e+02 
       1.097184942768e-04       1.418259593220e+02 
       1.104695903024e-04       1.427622154458e+02 
       1.112215837360e-04       1.436993573792e+02 
       1.119744815142e-04       1.446373944427e+02 
       1.127282905972e-04       1.455763359665e+02 
       1.134830179697e-04       1.465161912911e+02 
       1.142386706410e-04       1.474569697682e+02 
       1.149952556448e-04       1.483986807607e+02 
       1.157527800402e-04       1.493413336436e+02 
       1.165112509108e-04       1.502849378044e+02 
       1.172706753661e-04       1.512295026433e+02 
       1.180310605406e-04       1.521750375742e+02 
       1.187924135951e-04       1.531215520251e+02 
       1.195547417157e-04       1.540690554382e+02 
       1.203180521152e-04       1.550175572707e+02 
       1.210823520325e-04       1.559670669954e+02 
       1.218476487330e-04       1.569175941007e+02 
       1.226139495091e-04       1.578691480916e+02 
       1.233812616800e-04       1.588217384898e+02 
       1.241495925921e-04       1.597753748343e+02 
       1.249189496195e-04       1.607300666819e+02 
       1.256893401636e-04       1.616858236075e+02 
       1.264607716539e-04       1.626426552047e+02 
       1.272332515478e-04       1.636005710861e+02 
       1.280067873310e-04       1.645595808840e+02 
       1.287813865179e-04       1.655196942505e+02 
       1.295570566515e-04       1.664809208580e+02 
       1.303338053036e-04       1.674432704000e+02 
       1.311116400755e-04       1.684067525911e+02 
       1.318905685977e-04       1.693713771675e+02 
       1.326705985304e-04       1.703371538876e+02 
       1.334517375635e-04       1.713040925322e+02 
       1.342339934173e-04       1.722722029052e+02 
       1.350173738420e-04       1.732414948337e+02 
       1.358018866188e-04       1.742119781686e+02 
       1.365875395592e-04       1.751836627849e+02 
       1.373743405060e-04       1.761565585823e+02 
       1.381622973332e-04       1.771306754853e+02 
       1.389514179463e-04       1.781060234439e+02 
       1.397417102823e-04       1.790826124339e+02 
       1.405331823103e-04       1.800604524570e+02 
       1.413258420316e-04       1.810395535419e+02 
       1.421196974799e-04       1.820199257438e+02 
       1.429147567215e-04       1.830015791457e+02 
       1.437110278556e-04       1.839845238579e+02 
       1.445085190146e-04       1.849687700193e+02 
       1.453072383642e-04       1.859543277968e+02 
       1.461071941038e-04       1.869412073867e+02 
       1.469083944667e-04       1.879294190143e+02 
       1.477108477202e-04       1.889189729346e+02 
       1.485145621661e-04       1.899098794328e+02 
       1.493195461407e-04       1.909021488245e+02 
       1.501258080152e-04       1.918957914560e+02 
       1.509333561959e-04       1.928908177049e+02 
       1.517421991246e-04       1.938872379804e+02 
       1.525523452786e-04       1.948850627237e+02 
       1.533638031711e-04       1.958843024082e+02 
       1.541765813513e-04       1.968849675400e+02 
       1.549906884052e-04       1.978870686586e+02 
       1.558061329549e-04       1.988906163366e+02 
       1.566229236599e-04       1.998956211807e+02 
       1.574410692165e-04       2.009020938316e+02 
       1.582605783587e-04       2.019100449647e+02 
       1.590814598581e-04       2.029194852903e+02 
       1.599037225242e-04       2.039304255542e+02 
       1.607273752048e-04       2.049428765377e+02 
       1.615524267862e-04       2.059568490582e+02 
       1.623788861935e-04       2.069723539697e+02 
       1.632067623907e-04       2.079894021628e+02 
       1.640360643812e-04       2.090080045654e+02 
       1.648668012080e-04       2.100281721430e+02 
       1.656989819539e-04       2.110499158989e+02 
       1.665326157418e-04       2.120732468748e+02 
       1.673677117351e-04       2.130981761510e+02 
       1.682042791377e-04       2.141247148469e+02 
       1.690423271948e-04       2.151528741211e+02 
       1.698818651925e-04       2.161826651722e+02 
       1.707229024586e-04       2.172140992388e+02 
       1.715654483626e-04       2.182471876001e+02 
       1.724095123161e-04       2.192819415760e+02 
       1.732551037732e-04       2.203183725280e+02 
       1.741022322304e-04       2.213564918587e+02 
       1.749509072275e-04       2.223963110131e+02 
       1.758011383473e-04       2.234378414784e+02 
       1.766529352162e-04       2.244810947844e+02 
       1.775063075043e-04       2.255260825041e+02 
       1.783612649259e-04       2.265728162541e+02 
       1.792178172398e-04       2.276213076945e+02 
       1.800759742494e-04       2.286715685298e+02 
       1.809357458030e-04       2.297236105091e+02 
       1.817971417945e-04       2.307774454262e+02 
       1.826601721630e-04       2.318330851205e+02 
       1.835248468939e-04       2.328905414768e+02 
       1.843911760184e-04       2.339498264262e+02 
       1.852591696146e-04       2.350109519459e+02 
       1.861288378070e-04       2.360739300601e+02 
       1.870001907677e-04       2.371387728402e+02 
       1.878732387157e-04       2.382054924050e+02 
       1.887479919181e-04       2.392741009211e+02 
       1.896244606899e-04       2.403446106037e+02 
       1.905026553944e-04       2.414170337163e+02 
       1.913825864438e-04       2.424913825716e+02 
       1.922642642991e-04       2.435676695317e+02 
       1.931476994705e-04       2.446459070083e+02 
       1.940329025181e-04       2.457261074634e+02 
       1.949198840516e-04       2.468082834095e+02 
       1.958086547311e-04       2.478924474099e+02 
       1.966992252675e-04       2.489786120791e+02 
       1.975916064222e-04       2.500667900835e+02 
       1.984858090080e-04       2.511569941412e+02 
       1.993818438893e-04       2.522492370230e+02 
       2.002797219823e-04       2.533435315521e+02 
       2.011794542554e-04       2.544398906051e+02 
       2.020810517295e-04       2.555383271121e+02 
       2.029845254784e-04       2.566388540571e+02 
       2.038898866291e-04       2.577414844782e+02 
       2.047971463619e-04       2.588462314683e+02 
       2.057063159113e-04       2.599531081754e+02 
       2.066174065658e-04       2.610621278028e+02 
       2.075304296684e-04       2.621733036096e+02 
       2.084453966170e-04       2.632866489111e+02 
       2.093623188647e-04       2.644021770792e+02 
       2.102812079201e-04       2.655199015425e+02 
       2.112020753478e-04       2.666398357873e+02 
       2.121249327684e-04       2.677619933574e+02 
       2.130497918593e-04       2.688863878545e+02 
       2.139766643547e-04       2.700130329391e+02 
       2.149055620461e-04       2.711419423304e+02 
       2.158364967825e-04       2.722731298067e+02 
       2.167694804710e-04       2.734066092061e+02 
       2.177045250768e-04       2.745423944266e+02 
       2.186416426241e-04       2.756804994268e+02 
       2.195808451957e-04       2.768209382256e+02 
       2.205221449339e-04       2.779637249036e+02 
       2.214655540410e-04       2.791088736025e+02 
       2.224110847790e-04       2.802563985261e+02 
       2.233587494704e-04       2.814063139407e+02 
       2.243085604986e-04       2.825586341749e+02 
       2.252605303081e-04       2.837133736207e+02 
       2.262146714049e-04       2.848705467335e+02 
       2.271709963568e-04       2.860301680324e+02 
       2.281295177938e-04       2.871922521010e+02 
       2.290902484087e-04       2.883568135873e+02 
       2.300532009571e-04       2.895238672045e+02 
       2.310183882578e-04       2.906934277311e+02 
       2.319858231936e-04       2.918655100113e+02 
       2.329555187110e-04       2.930401289558e+02 
       2.339274878212e-04       2.942172995415e+02 
       2.349017436000e-04       2.953970368126e+02 
       2.358782991885e-04       2.965793558804e+02 
       2.368571677933e-04       2.977642719240e+02 
       2.378383626867e-04       2.989518001907e+02 
       2.388218972076e-04       3.001419559962e+02 
       2.398077847613e-04       3.013347547253e+02 
       2.407960388203e-04       3.025302118317e+02 
       2.417866729243e-04       3.037283428393e+02 
       2.427797006810e-04       3.049291633416e+02 
       2.437751357660e-04       3.061326890028e+02 
       2.447729919237e-04       3.073389355580e+02 
       2.457732829671e-04       3.085479188132e+02 
       2.467760227789e-04       3.097596546464e+02 
       2.477812253109e-04       3.109741590073e+02 
       2.487889045856e-04       3.121914479182e+02 
       2.497990746953e-04       3.134115374741e+02 
       2.508117498036e-04       3.146344438431e+02 
       2.518269441450e-04       3.158601832669e+02 
       2.528446720256e-04       3.170887720613e+02 
       2.538649478237e-04       3.183202266160e+02 
       2.548877859896e-04       3.195545633958e+02 
       2.559132010466e-04       3.207917989403e+02 
       2.569412075910e-04       3.220319498649e+02 
       2.579718202924e-04       3.232750328604e+02 
       2.590050538947e-04       3.245210646942e+02 
       2.600409232157e-04       3.257700622102e+02 
       2.610794431481e-04       3.270220423291e+02 
       2.621206286594e-04       3.282770220494e+02 
       2.631644947927e-04       3.295350184468e+02 
       2.642110566669e-04       3.307960486756e+02 
       2.652603294771e-04       3.320601299683e+02 
       2.663123284948e-04       3.333272796364e+02 
       2.673670690687e-04       3.345975150707e+02 
       2.684245666248e-04       3.358708537415e+02 
       2.694848366669e-04       3.371473131991e+02 
       2.705478947767e-04       3.384269110742e+02 
       2.716137566147e-04       3.397096650784e+02 
       2.726824379201e-04       3.409955930040e+02 
       2.737539545116e-04       3.422847127252e+02 
       2.748283222874e-04       3.435770421979e+02 
       2.759055572259e-04       3.448725994599e+02 
       2.769856753859e-04       3.461714026320e+02 
       2.780686929070e-04       3.474734699177e+02 
       2.791546260101e-04       3.487788196038e+02 
       2.802434909976e-04       3.500874700607e+02 
       2.813353042540e-04       3.513994397429e+02 
       2.824300822462e-04       3.527147471891e+02 
       2.835278415238e-04       3.540334110228e+02 
       2.846285987195e-04       3.553554499526e+02 
       2.857323705497e-04       3.566808827723e+02 
       2.868391738145e-04       3.580097283615e+02 
       2.879490253984e-04       3.593420056861e+02 
       2.890619422706e-04       3.606777337982e+02 
       2.901779414853e-04       3.620169318366e+02 
       2.912970401820e-04       3.633596190274e+02 
       2.924192555862e-04       3.647058146840e+02 
       2.935446050096e-04       3.660555382075e+02 
       2.946731058502e-04       3.674088090873e+02 
       2.958047755932e-04       3.687656469010e+02 
       2.969396318109e-04       3.701260713150e+02 
       2.980776921633e-04       3.714901020847e+02 
       2.992189743984e-04       3.728577590550e+02 
       3.003634963529e-04       3.742290621603e+02 
       3.015112759519e-04       3.756040314252e+02 
       3.026623312097e-04       3.769826869643e+02 
       3.038166802302e-04       3.783650489832e+02 
       3.049743412071e-04       3.797511377779e+02 
       3.061353324244e-04       3.811409737359e+02 
       3.072996722565e-04       3.825345773363e+02 
       3.084673791689e-04       3.839319691495e+02 
       3.096384717181e-04       3.853331698385e+02 
       3.108129685526e-04       3.867382001582e+02 
       3.119908884125e-04       3.881470809563e+02 
       3.131722501305e-04       3.895598331734e+02 
       3.143570726319e-04       3.909764778431e+02 
       3.155453749348e-04       3.923970360926e+02 
       3.167371761509e-04       3.938215291426e+02 
       3.179324954855e-04       3.952499783077e+02 
       3.191313522377e-04       3.966824049969e+02 
       3.203337658013e-04       3.981188307133e+02 
       3.215397556644e-04       3.995592770548e+02 
       3.227493414104e-04       4.010037657142e+02 
       3.239625427177e-04       4.024523184794e+02 
       3.251793793606e-04       4.039049572336e+02 
       3.263998712091e-04       4.053617039554e+02 
       3.276240382295e-04       4.068225807194e+02 
       3.288519004848e-04       4.082876096961e+02 
       3.300834781347e-04       4.097568131520e+02 
       3.313187914361e-04       4.112302134501e+02 
       3.325578607433e-04       4.127078330499e+02 
       3.338007065083e-04       4.141896945076e+02 
       3.350473492813e-04       4.156758204764e+02 
       3.362978097105e-04       4.171662337063e+02 
       3.375521085431e-04       4.186609570448e+02 
       3.388102666247e-04       4.201600134365e+02 
       3.400723049003e-04       4.216634259239e+02 
       3.413382444142e-04       4.231712176468e+02 
       3.426081063103e-04       4.246834118429e+02 
       3.438819118325e-04       4.262000318479e+02 
       3.451596823247e-04       4.277211010954e+02 
       3.464414392313e-04       4.292466431172e+02 
       3.477272040973e-04       4.307766815433e+02 
       3.490169985685e-04       4.323112401022e+02 
       3.503108443919e-04       4.338503426205e+02 
       3.516087634156e-04       4.353940130236e+02 
       3.529107775894e-04       4.369422753353e+02 
       3.542169089647e-04       4.384951536780e+02 
       3.555271796950e-04       4.400526722728e+02 
       3.568416120357e-04       4.416148554394e+02 
       3.581602283446e-04       4.431817275966e+02 
       3.594830510821e-04       4.447533132614e+02 
       3.608101028111e-04       4.463296370501e+02 
       3.621414061974e-04       4.479107236773e+02 
       3.634769840100e-04       4.494965979567e+02 
       3.648168591206e-04       4.510872848006e+02 
       3.661610545047e-04       4.526828092199e+02 
       3.675095932410e-04       4.542831963245e+02 
       3.688624985116e-04       4.558884713224e+02 
       3.702197936027e-04       4.574986595207e+02 
       3.715815019040e-04       4.591137863247e+02 
       3.729476469092e-04       4.607338772380e+02 
       3.743182522161e-04       4.623589578627e+02 
       3.756933415265e-04       4.639890538990e+02 
       3.770729386465e-04       4.656241911453e+02 
       3.784570674864e-04       4.672643954976e+02 
       3.798457520608e-04       4.689096929500e+02 
       3.812390164887e-04       4.705601095942e+02 
       3.826368849936e-04       4.722156716193e+02 
       3.840393819035e-04       4.738764053117e+02 
       3.854465316506e-04       4.755423370548e+02 
       3.868583587719e-04       4.772134933290e+02 
       3.882748879089e-04       4.788899007113e+02 
       3.896961438074e-04       4.805715858750e+02 
       3.911221513179e-04       4.822585755899e+02 
       3.925529353952e-04       4.839508967212e+02 
       3.939885210987e-04       4.856485762302e+02 
       3.954289335920e-04       4.873516411731e+02 
       3.968741981432e-04       4.890601187013e+02 
       3.983243401245e-04       4.907740360610e+02 
       3.997793850122e-04       4.924934205927e+02 
       4.012393583870e-04       4.942182997298e+02 
       4.027042859333e-04       4.959487010018e+02 
       4.041741934393e-04       4.976846520292e+02 
       4.056491067972e-04       4.994261805260e+02 
       4.071290520023e-04       5.011733142987e+02 
       4.086140551539e-04       5.029260812456e+02 
       4.101041424541e-04       5.046845093566e+02 
       4.115993402082e-04       5.064486267126e+02 
       4.130996748243e-04       5.082184614849e+02 
       4.146051728133e-04       5.099940419350e+02 
       4.161158607885e-04       5.117753964137e+02 
       4.176317654652e-04       5.135625533610e+02 
       4.191529136607e-04       5.153555413051e+02 
       4.206793322942e-04       5.171543888620e+02 
       4.222110483859e-04       5.189591247350e+02 
       4.237480890575e-04       5.207697777138e+02 
       4.252904815310e-04       5.225863766743e+02 
       4.268382531293e-04       5.244089505773e+02 
       4.283914312751e-04       5.262375284686e+02 
       4.299500434908e-04       5.280721394777e+02 
       4.315141173985e-04       5.299128128172e+02 
       4.330836807188e-04       5.317595777821e+02 
       4.346587612713e-04       5.336124637494e+02 
       4.362393869733e-04       5.354715001765e+02 
       4.378255858402e-04       5.373367166014e+02 
       4.394173859842e-04       5.392081426408e+02 
       4.410148156147e-04       5.410858079902e+02 
       4.426179030369e-04       5.429697424224e+02 
       4.442266766521e-04       5.448599757871e+02 
       4.458411649565e-04       5.467565380093e+02 
       4.474613965411e-04       5.486594590891e+02 
       4.490874000910e-04       5.505687691004e+02 
       4.507192043846e-04       5.524844981897e+02 
       4.523568382936e-04       5.544066765751e+02 
       4.540003307814e-04       5.563353345465e+02 
       4.556497109033e-04       5.582705024626e+02 
       4.573050078057e-04       5.602122107509e+02 
       4.589662507248e-04       5.621604899064e+02 
       4.606334689868e-04       5.641153704907e+02 
       4.623066920064e-04       5.660768831306e+02 
       4.639859492865e-04       5.680450585166e+02 
       4.656712704173e-04       5.700199274026e+02 
       4.673626850754e-04       5.720015206036e+02 
       4.690602230233e-04       5.739898689953e+02 
       4.707639141081e-04       5.759850035124e+02 
       4.724737882610e-04       5.779869551470e+02 
       4.741898754965e-04       5.799957549481e+02 
       4.759122059110e-04       5.820114340195e+02 
       4.776408096826e-04       5.840340235185e+02 
       4.793757170693e-04       5.860635546550e+02 
       4.811169584088e-04       5.881000586892e+02 
       4.828645641171e-04       5.901435669311e+02 
       4.846185646876e-04       5.921941107380e+02 
       4.863789906901e-04       5.942517215139e+02 
       4.881458727695e-04       5.963164307071e+02 
       4.899192416451e-04       5.983882698087e+02 
       4.916991281091e-04       6.004672703529e+02 
       4.934855630258e-04       6.025534639121e+02 
       4.952785773302e-04       6.046468820973e+02 
       4.970782020270e-04       6.067475565561e+02 
       4.988844681890e-04       6.088555189706e+02 
       5.006974069566e-04       6.109708010562e+02 
       5.025170495358e-04       6.130934345591e+02 
       5.043434271973e-04       6.152234512552e+02 
       5.061765712751e-04       6.173608829474e+02 
       5.080165131651e-04       6.195057614647e+02 
       5.098632843240e-04       6.216581186595e+02 
       5.117169162675e-04       6.238179864060e+02 
       5.135774405692e-04       6.259853965980e+02 
       5.154448888591e-04       6.281603811474e+02 
       5.173192928220e-04       6.303429719815e+02 
       5.192006841962e-04       6.325332010413e+02 
       5.210890947717e-04       6.347311002796e+02 
       5.229845563890e-04       6.369367016584e+02 
       5.248871009372e-04       6.391500371469e+02 
       5.267967603528e-04       6.413711387190e+02 
       5.287135666176e-04       6.436000383528e+02 
       5.306375517572e-04       6.458367680256e+02 
       5.325687478395e-04       6.480813597135e+02 
       5.345071869730e-04       6.503338453885e+02 
       5.364529013046e-04       6.525942570164e+02 
       5.384059230183e-04       6.548626265541e+02 
       5.403662843334e-04       6.571389859473e+02 
       5.423340175022e-04       6.594233671284e+02 
       5.443091548087e-04       6.617158020132e+02 
       5.462917285665e-04       6.640163224995e+02 
       5.482817711167e-04       6.663249604636e+02 
       5.502793148264e-04       6.686417477582e+02 
       5.522843920863e-04       6.709667162097e+02 
       5.542970353089e-04       6.732998976157e+02 
       5.563172769266e-04       6.756413237421e+02 
       5.583451493892e-04       6.779910263205e+02 
       5.603806851624e-04       6.803490370456e+02 
       5.624239167254e-04       6.827153875723e+02 
       5.644748765686e-04       6.850901095130e+02 
       5.665335971920e-04       6.874732344346e+02 
       5.686001111021e-04       6.898647938561e+02 
       5.706744508107e-04       6.922648192452e+02 
       5.727566488319e-04       6.946733420155e+02 
       5.748467376801e-04       6.970903935240e+02 
       5.769447498677e-04       6.995160050676e+02 
       5.790507179029e-04       7.019502078803e+02 
       5.811646742869e-04       7.043930331303e+02 
       5.832866515120e-04       7.068445119168e+02 
       5.854166820590e-04       7.093046752670e+02 
       5.875547983946e-04       7.117735541328e+02 
       5.897010329691e-04       7.142511793879e+02 
       5.918554182140e-04       7.167375818246e+02 
       5.940179865393e-04       7.192327921504e+02 
       5.961887703308e-04       7.217368409849e+02 
       5.983678019479e-04       7.242497588568e+02 
       6.005551137210e-04       7.267715762002e+02 
       6.027507379482e-04       7.293023233513e+02 
       6.049547068935e-04       7.318420305457e+02 
       6.071670527837e-04       7.343907279143e+02 
       6.093878078057e-04       7.369484454802e+02 
       6.116170041036e-04       7.395152131554e+02 
       6.138546737764e-04       7.420910607374e+02 
       6.161008488750e-04       7.446760179053e+02 
       6.183555613991e-04       7.472701142170e+02 
       6.206188432948e-04       7.498733791052e+02 
       6.228907264515e-04       7.524858418740e+02 
       6.251712426992e-04       7.551075316954e+02 
       6.274604238054e-04       7.577384776057e+02 
       6.297583014722e-04       7.603787085021e+02 
       6.320649073335e-04       7.630282531387e+02 
       6.343802729520e-04       7.656871401233e+02 
       6.367044298160e-04       7.683553979134e+02 
       6.390374093366e-04       7.710330548127e+02 
       6.413792428448e-04       7.737201389675e+02 
       6.437299615881e-04       7.764166783629e+02 
       6.460895967274e-04       7.791227008190e+02 
       6.484581793345e-04       7.818382339873e+02 
       6.508357403883e-04       7.845633053470e+02 
       6.532223107720e-04       7.872979422009e+02 
       6.556179212700e-04       7.900421716722e+02 
       6.580226025645e-04       7.927960207002e+02 
       6.604363852328e-04       7.955595160366e+02 
       6.628592997432e-04       7.983326842420e+02 
       6.652913764530e-04       8.011155516817e+02 
       6.677326456040e-04       8.039081445220e+02 
       6.701831373205e-04       8.067104887263e+02 
       6.726428816049e-04       8.095226100515e+02 
       6.751119083353e-04       8.123445340438e+02 
       6.775902472616e-04       8.151762860350e+02 
       6.800779280029e-04       8.180178911388e+02 
       6.825749800433e-04       8.208693742465e+02 
       6.850814327294e-04       8.237307600235e+02 
       6.875973152664e-04       8.266020729051e+02 
       6.901226567152e-04       8.294833370929e+02 
       6.926574859887e-04       8.323745765509e+02 
       6.952018318487e-04       8.352758150013e+02 
       6.977557229024e-04       8.381870759209e+02 
       7.003191875991e-04       8.411083825372e+02 
       7.028922542268e-04       8.440397578243e+02 
       7.054749509088e-04       8.469812244993e+02 
       7.080673056004e-04       8.499328050182e+02 
       7.106693460854e-04       8.528945215722e+02 
       7.132810999728e-04       8.558663960836e+02 
       7.159025946935e-04       8.588484502022e+02 
       7.185338574967e-04       8.618407053021e+02 
       7.211749154466e-04       8.648431824715e+02 
       7.238257954191e-04       8.678559025263e+02 
       7.264865240983e-04       8.708788859845e+02 
       7.291571279732e-04       8.739121530753e+02 
       7.318376333342e-04       8.769557237324e+02 
       7.345280662700e-04       8.800096175901e+02 
       7.372284526638e-04       8.830738539797e+02 
       7.399388181903e-04       8.861484519258e+02 
       7.426591883122e-04       8.892334301422e+02 
       7.453895882769e-04       8.923288070288e+02 
       7.481300431130e-04       8.954346006672e+02 
       7.508805776274e-04       8.985508288179e+02 
       7.536412164012e-04       9.016775089156e+02 
       7.564119837874e-04       9.048146580667e+02 
       7.591929039067e-04       9.079622930449e+02 
       7.619840006447e-04       9.111204302879e+02 
       7.647852976487e-04       9.142890858941e+02 
       7.675968183239e-04       9.174682756186e+02 
       7.704185858310e-04       9.206580148702e+02 
       7.732506230822e-04       9.238583187077e+02 
       7.760929527384e-04       9.270692018365e+02 
       7.789455972060e-04       9.302906786053e+02 
       7.818085786338e-04       9.335227630028e+02 
       7.846819189094e-04       9.367654686541e+02 
       7.875656396568e-04       9.400188088178e+02 
       7.904597622328e-04       9.432827963825e+02 
       7.933643077241e-04       9.465574438622e+02 
       7.962792969441e-04       9.498427633991e+02 
       7.992047504302e-04       9.531387667518e+02 
       8.021406884406e-04       9.564454652976e+02 
       8.050871309513e-04       9.597628700286e+02 
       8.080440976533e-04       9.630909915484e+02 
       8.110116079495e-04       9.664298400689e+02 
       8.139896809523e-04       9.697794254098e+02 
       8.169783354799e-04       9.731397569886e+02 
       8.199775900546e-04       9.765108438252e+02 
       8.229874628990e-04       9.798926945421e+02 
       8.260079719340e-04       9.832853173498e+02 
       8.290391347756e-04       9.866887200532e+02 
       8.320809687326e-04       9.901029100463e+02 
       8.351334908038e-04       9.935278943099e+02 
       8.381967176754e-04       9.969636794094e+02 
       8.412706657185e-04       1.000410271492e+03 
       8.443553509866e-04       1.003867676285e+03 
       8.474507892131e-04       1.007335899091e+03 
       8.505569958088e-04       1.010814944791e+03 
       8.536739858598e-04       1.014304817836e+03 
       8.568017741249e-04       1.017805522248e+03 
       8.599403750333e-04       1.021317061620e+03 
       8.630898026825e-04       1.024839439108e+03 
       8.662500708360e-04       1.028372657436e+03 
       8.694211929213e-04       1.031916718889e+03 
       8.726031820274e-04       1.035471625313e+03 
       8.757960509034e-04       1.039037378114e+03 
       8.789998119557e-04       1.042613978255e+03 
       8.822144772468e-04       1.046201426254e+03 
       8.854400584930e-04       1.049799722186e+03 
       8.886765670623e-04       1.053408865677e+03 
       8.919240139732e-04       1.057028855904e+03 
       8.951824098925e-04       1.060659691596e+03 
       8.984517651339e-04       1.064301371029e+03 
       9.017320896560e-04       1.067953892028e+03 
       9.050233930611e-04       1.071617251964e+03 
       9.083256845934e-04       1.075291447754e+03 
       9.116389731376e-04       1.078976475858e+03 
       9.149632672177e-04       1.082672332283e+03 
       9.182985749951e-04       1.086379012574e+03 
       9.216449042680e-04       1.090096511822e+03 
       9.250022624696e-04       1.093824824658e+03 
       9.283706566671e-04       1.097563945254e+03 
       9.317500935606e-04       1.101313867320e+03 
       9.351405794823e-04       1.105074584109e+03 
       9.385421203947e-04       1.108846088411e+03 
       9.419547218907e-04       1.112628372557e+03 
       9.453783891918e-04       1.116421428415e+03 
       9.488131271479e-04       1.120225247392e+03 
       9.522589402361e-04       1.124039820434e+03 
       9.557158325605e-04       1.127865138026e+03 
       9.591838078510e-04       1.131701190190e+03 
       9.626628694632e-04       1.135547966489e+03 
       9.661530203774e-04       1.139405456023e+03 
       9.696542631987e-04       1.143273647432e+03 
       9.731666001563e-04       1.147152528896e+03 
       9.766900331032e-04       1.151042088136e+03 
       9.802245635158e-04       1.154942312411e+03 
       9.837701924941e-04       1.158853188524e+03 
       9.873269207613e-04       1.162774702819e+03 
       9.908947486636e-04       1.166706841182e+03 
       9.944736761704e-04       1.170649589044e+03 
       9.980637028746e-04       1.174602931380e+03 
       1.001664827992e-03       1.178566852709e+03 
       1.005277050362e-03       1.182541337099e+03 
       1.008900368449e-03       1.186526368165e+03 
       1.012534780338e-03       1.190521929070e+03 
       1.016180283744e-03       1.194528002527e+03 
       1.019836876001e-03       1.198544570804e+03 
       1.023504554072e-03       1.202571615717e+03 
       1.027183314546e-03       1.206609118640e+03 
       1.030873153636e-03       1.210657060503e+03 
       1.034574067185e-03       1.214715421792e+03 
       1.038286050663e-03       1.218784182555e+03 
       1.042009099169e-03       1.222863322399e+03 
       1.045743207430e-03       1.226952820496e+03 
       1.049488369806e-03       1.231052655583e+03 
       1.053244580288e-03       1.235162805963e+03 
       1.057011832499e-03       1.239283249509e+03 
       1.060790119697e-03       1.243413963666e+03 
       1.064579434773e-03       1.247554925453e+03 
       1.068379770255e-03       1.251706111463e+03 
       1.072191118311e-03       1.255867497869e+03 
       1.076013470744e-03       1.260039060425e+03 
       1.079846818999e-03       1.264220774467e+03 
       1.083691154163e-03       1.268412614918e+03 
       1.087546466966e-03       1.272614556288e+03 
       1.091412747783e-03       1.276826572680e+03 
       1.095289986635e-03       1.281048637791e+03 
       1.099178173191e-03       1.285280724899e+03 
       1.103077296770e-03       1.289522806917e+03 
       1.106987346343e-03       1.293774856331e+03 
       1.110908310535e-03       1.298036845240e+03 
       1.114840177624e-03       1.302308745352e+03 
       1.118782935549e-03       1.306590527985e+03 
       1.122736571906e-03       1.310882164075e+03 
       1.126701073952e-03       1.315183624173e+03 
       1.130676428608e-03       1.319494878452e+03 
       1.134662622463e-03       1.323815896708e+03 
       1.138659641769e-03       1.328146648367e+03 
       1.142667472454e-03       1.332487102485e+03 
       1.146686100112e-03       1.336837227751e+03 
       1.150715510017e-03       1.341196992495e+03 
       1.154755687118e-03       1.345566364686e+03 
       1.158806616043e-03       1.349945311939e+03 
       1.162868281102e-03       1.354333801519e+03 
       1.166940666291e-03       1.358731800340e+03 
       1.171023755291e-03       1.363139274977e+03 
       1.175117531473e-03       1.367556191659e+03 
       1.179221977902e-03       1.371982516285e+03 
       1.183337077335e-03       1.376418214416e+03 
       1.187462812230e-03       1.380863251287e+03 
       1.191599164742e-03       1.385317591809e+03 
       1.195746116730e-03       1.389781200571e+03 
       1.199903649761e-03       1.394254041843e+03 
       1.204071745108e-03       1.398736079587e+03 
       1.208250383756e-03       1.403227277451e+03 
       1.212439546406e-03       1.407727598778e+03 
       1.216639213476e-03       1.412237006621e+03 
       1.220849365102e-03       1.416755463724e+03 
       1.225069981146e-03       1.421282932542e+03 
       1.229301041195e-03       1.425819375245e+03 
       1.233542524567e-03       1.430364753715e+03 
       1.237794410310e-03       1.434919029557e+03 
       1.242056677211e-03       1.439482164097e+03 
       1.246329303791e-03       1.444054118393e+03 
       1.250612268317e-03       1.448634853235e+03 
       1.254905548799e-03       1.453224329148e+03 
       1.259209122996e-03       1.457822506402e+03 
       1.263522968418e-03       1.462429345011e+03 
       1.267847062328e-03       1.467044804738e+03 
       1.272181381750e-03       1.471668845102e+03 
       1.276525903467e-03       1.476301425381e+03 
       1.280880604026e-03       1.480942504615e+03 
       1.285245459743e-03       1.485592041613e+03 
       1.289620446704e-03       1.490249994946e+03 
       1.294005540770e-03       1.494916322988e+03 
       1.298400717579e-03       1.499590983868e+03 
       1.302805952549e-03       1.504273935509e+03 
       1.307221220884e-03       1.508965135623e+03 
       1.311646497575e-03       1.513664541717e+03 
       1.316081757403e-03       1.518372111096e+03 
       1.320526974945e-03       1.523087800867e+03 
       1.324982124573e-03       1.527811567946e+03 
       1.329447180464e-03       1.532543369060e+03 
       1.333922116596e-03       1.537283160748e+03 
       1.338406906756e-03       1.542030899379e+03 
       1.342901524544e-03       1.546786541141e+03 
       1.347405943371e-03       1.551550042050e+03 
       1.351920136469e-03       1.556321357959e+03 
       1.356444076890e-03       1.561100444558e+03 
       1.360977737513e-03       1.565887257378e+03 
       1.365521091041e-03       1.570681751800e+03 
       1.370074110013e-03       1.575483883054e+03 
       1.374636766800e-03       1.580293606228e+03 
       1.379209033614e-03       1.585110876267e+03 
       1.383790882505e-03       1.589935647982e+03 
       1.388382285373e-03       1.594767876054e+03 
       1.392983213962e-03       1.599607515034e+03 
       1.397593639870e-03       1.604454519353e+03 
       1.402213534551e-03       1.609308843322e+03 
       1.406842869316e-03       1.614170441138e+03 
       1.411481615338e-03       1.619039266889e+03 
       1.416129743656e-03       1.623915274557e+03 
       1.420787225177e-03       1.628798418021e+03 
       1.425454030681e-03       1.633688651065e+03 
       1.430130130821e-03       1.638585927378e+03 
       1.434815496130e-03       1.643490200562e+03 
       1.439510097022e-03       1.648401424131e+03 
       1.444213903797e-03       1.653319551520e+03 
       1.448926886642e-03       1.658244536089e+03 
       1.453649015636e-03       1.663176331124e+03 
       1.458380260751e-03       1.668114889840e+03 
       1.463120591860e-03       1.673060165391e+03 
       1.467869978735e-03       1.678012110868e+03 
       1.472628391051e-03       1.682970679307e+03 
       1.477395798393e-03       1.687935823691e+03 
       1.482172170253e-03       1.692907496952e+03 
       1.486957476040e-03       1.697885651980e+03 
       1.491751685078e-03       1.702870241622e+03 
       1.496554766611e-03       1.707861218689e+03 
       1.501366689804e-03       1.712858535957e+03 
       1.506187423749e-03       1.717862146172e+03 
       1.511016937468e-03       1.722872002057e+03 
       1.515855199913e-03       1.727888056309e+03 
       1.520702179971e-03       1.732910261609e+03 
       1.525557846467e-03       1.737938570621e+03 
       1.530422168166e-03       1.742972935998e+03 
       1.535295113776e-03       1.748013310387e+03 
       1.540176651953e-03       1.753059646428e+03 
       1.545066751300e-03       1.758111896762e+03 
       1.549965380373e-03       1.763170014032e+03 
       1.554872507683e-03       1.768233950886e+03 
       1.559788101697e-03       1.773303659983e+03 
       1.564712130845e-03       1.778379093995e+03 
       1.569644563517e-03       1.783460205609e+03 
       1.574585368070e-03       1.788546947531e+03 
       1.579534512830e-03       1.793639272493e+03 
       1.584491966092e-03       1.798737133248e+03 
       1.589457696127e-03       1.803840482583e+03 
       1.594431671179e-03       1.808949273313e+03 
       1.599413859475e-03       1.814063458292e+03 
       1.604404229220e-03       1.819182990417e+03 
       1.609402748603e-03       1.824307822576e+03 
       1.614409385800e-03       1.829437907817e+03 
       1.619424108977e-03       1.834573199128e+03 
       1.624446886288e-03       1.839713649588e+03 
       1.629477685883e-03       1.844859212324e+03 
       1.634516475908e-03       1.850009840522e+03 
       1.639563224505e-03       1.855165487425e+03 
       1.644617899820e-03       1.860326106339e+03 
       1.649680469998e-03       1.865491650633e+03 
       1.654750903192e-03       1.870662073746e+03 
       1.659829167561e-03       1.875837329183e+03 
       1.664915231274e-03       1.881017370525e+03 
       1.670009062512e-03       1.886202151428e+03 
       1.675110629470e-03       1.891391625623e+03 
       1.680219900357e-03       1.896585746924e+03 
       1.685336843404e-03       1.901784469227e+03 
       1.690461426857e-03       1.906987746513e+03 
       1.695593618989e-03       1.912195532849e+03 
       1.700733388095e-03       1.917407782396e+03 
       1.705880702496e-03       1.922624449403e+03 
       1.711035530541e-03       1.927845488216e+03 
       1.716197840611e-03       1.933070853278e+03 
       1.721367601116e-03       1.938300499129e+03 
       1.726544780501e-03       1.943534380413e+03 
       1.731729347249e-03       1.948772451874e+03 
       1.736921269876e-03       1.954014668366e+03 
       1.742120516941e-03       1.959260984846e+03 
       1.747327057042e-03       1.964511356384e+03 
       1.752540858821e-03       1.969765738160e+03 
       1.757761890963e-03       1.975024085466e+03 
       1.762990122199e-03       1.980286353713e+03 
       1.768225521309e-03       1.985552498428e+03 
       1.773468057123e-03       1.990822475255e+03 
       1.778717698519e-03       1.996096239962e+03 
       1.783974414430e-03       2.001373748437e+03 
       1.789238173841e-03       2.006654956695e+03 
       1.794508945795e-03       2.011939820878e+03 
       1.799786699390e-03       2.017228297231e+03 
       1.805071403783e-03       2.022520342194e+03 
       1.810363028190e-03       2.027815912270e+03 
       1.815661541891e-03       2.033114964125e+03 
       1.820966914226e-03       2.038417454553e+03 
       1.826279114600e-03       2.043723340486e+03 
       1.831598112482e-03       2.049032578991e+03 
       1.836923877409e-03       2.054345127276e+03 
       1.842256378987e-03       2.059660942686e+03 
       1.847595586888e-03       2.064979982710e+03 
       1.852941470856e-03       2.070302204977e+03 
       1.858294000708e-03       2.075627567263e+03 
       1.863653146331e-03       2.080956027485e+03 
       1.869018877686e-03       2.086287543711e+03 
       1.874391164812e-03       2.091622074152e+03 
       1.879769977821e-03       2.096959577170e+03 
       1.885155286904e-03       2.102300011278e+03 
       1.890547062328e-03       2.107643335137e+03 
       1.895945274440e-03       2.112989507561e+03 
       1.901349893670e-03       2.118338487518e+03 
       1.906760890525e-03       2.123690234129e+03 
       1.912178235597e-03       2.129044706669e+03 
       1.917601899559e-03       2.134401864582e+03 
       1.923031853170e-03       2.139761667396e+03 
       1.928468067273e-03       2.145124074941e+03 
       1.933910512795e-03       2.150489047087e+03 
       1.939359160753e-03       2.155856543896e+03 
       1.944813982248e-03       2.161226525593e+03 
       1.950274948472e-03       2.166598952562e+03 
       1.955742030704e-03       2.171973785349e+03 
       1.961215200313e-03       2.177350984662e+03 
       1.966694428760e-03       2.182730511377e+03 
       1.972179687595e-03       2.188112326507e+03 
       1.977670948460e-03       2.193496391280e+03 
       1.983168183093e-03       2.198882667048e+03 
       1.988671363320e-03       2.204271115339e+03 
       1.994180461065e-03       2.209661697847e+03 
       1.999695448345e-03       2.215054376434e+03 
       2.005216297271e-03       2.220449113127e+03 
       2.010742980050e-03       2.225845870122e+03 
       2.016275468987e-03       2.231244609782e+03 
       2.021813736483e-03       2.236645294637e+03 
       2.027357755034e-03       2.242047887386e+03 
       2.032907497236e-03       2.247452350899e+03 
       2.038462935783e-03       2.252858648213e+03 
       2.044024043467e-03       2.258266742535e+03 
       2.049590793180e-03       2.263676597242e+03 
       2.055163157912e-03       2.269088175882e+03 
       2.060741110756e-03       2.274501442172e+03 
       2.066324624902e-03       2.279916360001e+03 
       2.071913673644e-03       2.285332893427e+03 
       2.077508230373e-03       2.290751006680e+03 
       2.083108268586e-03       2.296170664163e+03 
       2.088713761880e-03       2.301591830447e+03 
       2.094324683953e-03       2.307014470278e+03 
       2.099941008606e-03       2.312438548570e+03 
       2.105562709745e-03       2.317864030411e+03 
       2.111189761377e-03       2.323290881061e+03 
       2.116822137612e-03       2.328719065950e+03 
       2.122459812664e-03       2.334148550681e+03 
       2.128102760852e-03       2.339579301030e+03 
       2.133750956597e-03       2.345011282943e+03 
       2.139404374426e-03       2.350444462537e+03 
       2.145062988969e-03       2.355878806105e+03 
       2.150726774961e-03       2.361314280108e+03 
       2.156395707243e-03       2.366750851179e+03 
       2.162069760760e-03       2.372188486124e+03 
       2.167748910560e-03       2.377627151921e+03 
       2.173433131800e-03       2.383066815717e+03 
       2.179122399738e-03       2.388507444833e+03 
       2.184816689743e-03       2.393949006759e+03 
       2.190515977283e-03       2.399391469158e+03 
       2.196220237936e-03       2.404834799862e+03 
       2.201929447384e-03       2.410278966875e+03 
       2.207643581416e-03       2.415723938371e+03 
       2.213362615924e-03       2.421169682693e+03 
       2.219086526909e-03       2.426616168357e+03 
       2.224815290475e-03       2.432063364046e+03 
       2.230548882833e-03       2.437511238614e+03 
       2.236287280300e-03       2.442959761083e+03 
       2.242030459299e-03       2.448408900646e+03 
       2.247778396358e-03       2.453858626662e+03 
       2.253531068110e-03       2.459308908682e+03 
       2.259288451296e-03       2.464759716288e+03 
       2.265050522761e-03       2.470211019522e+03 
       2.270817259455e-03       2.475662788329e+03 
       2.276588638435e-03       2.481114992915e+03 
       2.282364636863e-03       2.486567603647e+03 
       2.288145232006e-03       2.492020591060e+03 
       2.293930401237e-03       2.497473925852e+03 
       2.299720122032e-03       2.502927578888e+03 
       2.305514371976e-03       2.508381521201e+03 
       2.311313128754e-03       2.513835723985e+03 
       2.317116370161e-03       2.519290158601e+03 
       2.322924074092e-03       2.524744796574e+03 
       2.328736218550e-03       2.530199609592e+03 
       2.334552781641e-03       2.535654569508e+03 
       2.340373741574e-03       2.541109648336e+03 
       2.346199076665e-03       2.546564818254e+03 
       2.352028765331e-03       2.552020051602e+03 
       2.357862786095e-03       2.557475320880e+03 
       2.363701117582e-03       2.562930598752e+03 
       2.369543738521e-03       2.568385858041e+03 
       2.375390627745e-03       2.573841071730e+03 
       2.381241764187e-03       2.579296212963e+03 
       2.387097126887e-03       2.584751255043e+03 
       2.392956694985e-03       2.590206171430e+03 
       2.398820447722e-03       2.595660935747e+03 
       2.404688364445e-03       2.601115521769e+03 
       2.410560424600e-03       2.606569903433e+03 
       2.416436607734e-03       2.612024054830e+03 
       2.422316893499e-03       2.617477950210e+03 
       2.428201261645e-03       2.622931563977e+03 
       2.434089692023e-03       2.628384870690e+03 
       2.439982164586e-03       2.633837845065e+03 
       2.445878659387e-03       2.639290461969e+03 
       2.451779156579e-03       2.644742696427e+03 
       2.457683636414e-03       2.650194523614e+03 
       2.463592079246e-03       2.655645918858e+03 
       2.469504465526e-03       2.661096857640e+03 
       2.475420775804e-03       2.666547315593e+03 
       2.481340990730e-03       2.671997268500e+03 
       2.487265091051e-03       2.677446692296e+03 
       2.493193057615e-03       2.682895563063e+03 
       2.499124871364e-03       2.688343857037e+03 
       2.505060513341e-03       2.693791550598e+03 
       2.510999964683e-03       2.699238620279e+03 
       2.516943206627e-03       2.704685042759e+03 
       2.522890220505e-03       2.710130794831e+03 
       2.528840987744e-03       2.715575817465e+03 
       2.534795489871e-03       2.721020111547e+03 
       2.540753708505e-03       2.726463666513e+03 
       2.546715625361e-03       2.731906459834e+03 
       2.552681222250e-03       2.737348469058e+03 
       2.558650481077e-03       2.742789671880e+03 
       2.564623383843e-03       2.748230046048e+03 
       2.570599912640e-03       2.753669569673e+03 
       2.576580049656e-03       2.759108220836e+03 
       2.582563777172e-03       2.764545977744e+03 
       2.588551077561e-03       2.769982818887e+03 
       2.594541933289e-03       2.775418722728e+03 
       2.600536326916e-03       2.780853668015e+03 
       2.606534241092e-03       2.786287633558e+03 
       2.612535658559e-03       2.791720598328e+03 
       2.618540562151e-03       2.797152541339e+03 
       2.624548934791e-03       2.802583441946e+03 
       2.630560759496e-03       2.808013279481e+03 
       2.636576019370e-03       2.813442033408e+03 
       2.642594697609e-03       2.818869683443e+03 
       2.648616777496e-03       2.824296209347e+03 
       2.654642242406e-03       2.829721590942e+03 
       2.660671075801e-03       2.835145808383e+03 
       2.666703261232e-03       2.840568841842e+03 
       2.672738782337e-03       2.845990671627e+03 
       2.678777622843e-03       2.851411278045e+03 
       2.684819766565e-03       2.856830641869e+03 
       2.690865197401e-03       2.862248743737e+03 
       2.696913899341e-03       2.867665564400e+03 
       2.702965856457e-03       2.873081084947e+03 
       2.709021052909e-03       2.878495286355e+03 
       2.715079472941e-03       2.883908149935e+03 
       2.721141100884e-03       2.889319657020e+03 
       2.727205921152e-03       2.894729789015e+03 
       2.733273918243e-03       2.900138527613e+03 
       2.739345076741e-03       2.905545854475e+03 
       2.745419381311e-03       2.910951751507e+03 
       2.751496816705e-03       2.916356200607e+03 
       2.757577367753e-03       2.921759183910e+03 
       2.763661019372e-03       2.927160683684e+03 
       2.769747756557e-03       2.932560682246e+03 
       2.775837564388e-03       2.937959162075e+03 
       2.781930428025e-03       2.943356105576e+03 
       2.788026332708e-03       2.948751495721e+03 
       2.794125263759e-03       2.954145315236e+03 
       2.800227206581e-03       2.959537547071e+03 
       2.806332146653e-03       2.964928174222e+03 
       2.812440069538e-03       2.970317179975e+03 
       2.818550960876e-03       2.975704547593e+03 
       2.824664806385e-03       2.981090260501e+03 
       2.830781591862e-03       2.986474302132e+03 
       2.836901303183e-03       2.991856656284e+03 
       2.843023926300e-03       2.997237306641e+03 
       2.849149447242e-03       3.002616237118e+03 
       2.855277852116e-03       3.007993431699e+03 
       2.861409127105e-03       3.013368874524e+03 
       2.867543258469e-03       3.018742549561e+03 
       2.873680232542e-03       3.024114441478e+03 
       2.879820035733e-03       3.029484534593e+03 
       2.885962654529e-03       3.034852813373e+03 
       2.892108075488e-03       3.040219262606e+03 
       2.898256285244e-03       3.045583867024e+03 
       2.904407270505e-03       3.050946611382e+03 
       2.910561018052e-03       3.056307480820e+03 
       2.916717514739e-03       3.061666460412e+03 
       2.922876747492e-03       3.067023535345e+03 
       2.929038703311e-03       3.072378690812e+03 
       2.935203369266e-03       3.077731912400e+03 
       2.941370732502e-03       3.083083185563e+03 
       2.947540780230e-03       3.088432495933e+03 
       2.953713499737e-03       3.093779829141e+03 
       2.959888878377e-03       3.099125171163e+03 
       2.966066903576e-03       3.104468507888e+03 
       2.972247562829e-03       3.109809825214e+03 
       2.978430843701e-03       3.115149109447e+03 
       2.984616733824e-03       3.120486346800e+03 
       2.990805220903e-03       3.125821523598e+03 
       2.996996292706e-03       3.131154626148e+03 
       3.003189937074e-03       3.136485641181e+03 
       3.009386141911e-03       3.141814555260e+03 
       3.015584895192e-03       3.147141355131e+03 
       3.021786184957e-03       3.152466027504e+03 
       3.027989999312e-03       3.157788559485e+03 
       3.034196326432e-03       3.163108937955e+03 
       3.040405154553e-03       3.168427150135e+03 
       3.046616471982e-03       3.173743183176e+03 
       3.052830267088e-03       3.179057024443e+03 
       3.059046528304e-03       3.184368661324e+03 
       3.065265244129e-03       3.189678081166e+03 
       3.071486403127e-03       3.194985271779e+03 
       3.077709993924e-03       3.200290220761e+03 
       3.083936005209e-03       3.205592915821e+03 
       3.090164425735e-03       3.210893344919e+03 
       3.096395244319e-03       3.216191495977e+03 
       3.102628449837e-03       3.221487356949e+03 
       3.108864031231e-03       3.226780916107e+03 
       3.115101977501e-03       3.232072161577e+03 
       3.121342277711e-03       3.237361081740e+03 
       3.127584920984e-03       3.242647664975e+03 
       3.133829896506e-03       3.247931899607e+03 
       3.140077193521e-03       3.253213774451e+03 
       3.146326801334e-03       3.258493278071e+03 
       3.152578709309e-03       3.263770399143e+03 
       3.158832906872e-03       3.269045126600e+03 
       3.165089383504e-03       3.274317449319e+03 
       3.171348128747e-03       3.279587356186e+03 
       3.177609132201e-03       3.284854836478e+03 
       3.183872383525e-03       3.290119879207e+03 
       3.190137872434e-03       3.295382473706e+03 
       3.196405588700e-03       3.300642609283e+03 
       3.202675522154e-03       3.305900275191e+03 
       3.208947662683e-03       3.311155461156e+03 
       3.215222000230e-03       3.316408156656e+03 
       3.221498524795e-03       3.321658351348e+03 
       3.227777226432e-03       3.326906034846e+03 
       3.234058095251e-03       3.332151197135e+03 
       3.240341121420e-03       3.337393828043e+03 
       3.246626295158e-03       3.342633917375e+03 
       3.252913606740e-03       3.347871455371e+03 
       3.259203046495e-03       3.353106432116e+03 
       3.265494604808e-03       3.358338837787e+03 
       3.271788272114e-03       3.363568662660e+03 
       3.278084038903e-03       3.368795896853e+03 
       3.284381895720e-03       3.374020531142e+03 
       3.290681833158e-03       3.379242555881e+03 
       3.296983841868e-03       3.384461961542e+03 
       3.303287912548e-03       3.389678738916e+03 
       3.309594035951e-03       3.394892878666e+03 
       3.315902202881e-03       3.400104371455e+03 
       3.322212404192e-03       3.405313208336e+03 
       3.328524630789e-03       3.410519380108e+03 
       3.334838873630e-03       3.415722877862e+03 
       3.341155123720e-03       3.420923692644e+03 
       3.347473372116e-03       3.426121815419e+03 
       3.353793609925e-03       3.431317237673e+03 
       3.360115828301e-03       3.436509950579e+03 
       3.366440018451e-03       3.441699945499e+03 
       3.372766171628e-03       3.446887213820e+03 
       3.379094279135e-03       3.452071746919e+03 
       3.385424332322e-03       3.457253536546e+03 
       3.391756322587e-03       3.462432574285e+03 
       3.398090241378e-03       3.467608851804e+03 
       3.404426080189e-03       3.472782360873e+03 
       3.410763830560e-03       3.477953093055e+03 
       3.417103484081e-03       3.483121040630e+03 
       3.423445032385e-03       3.488286195395e+03 
       3.429788467154e-03       3.493448549267e+03 
       3.436133780116e-03       3.498608094484e+03 
       3.442480963043e-03       3.503764823132e+03 
       3.448830007755e-03       3.508918727289e+03 
       3.455180906115e-03       3.514069799436e+03 
       3.461533650033e-03       3.519218031759e+03 
       3.467888231462e-03       3.524363416751e+03 
       3.474244642402e-03       3.529505946845e+03 
       3.480602874894e-03       3.534645614365e+03 
       3.486962921026e-03       3.539782412183e+03 
       3.493324772927e-03       3.544916332829e+03 
       3.499688422773e-03       3.550047369011e+03 
       3.506053862780e-03       3.555175513358e+03 
       3.512421085208e-03       3.560300758891e+03 
       3.518790082361e-03       3.565423098423e+03 
       3.525160846584e-03       3.570542524728e+03 
       3.531533370264e-03       3.575659031064e+03 
       3.537907645831e-03       3.580772610289e+03 
       3.544283665757e-03       3.585883255660e+03 
       3.550661422554e-03       3.590990960297e+03 
       3.557040908777e-03       3.596095717206e+03 
       3.563422117020e-03       3.601197520017e+03 
       3.569805039920e-03       3.606296361932e+03 
       3.576189670153e-03       3.611392236351e+03 
       3.582576000436e-03       3.616485136586e+03 
       3.588964023525e-03       3.621575056368e+03 
       3.595353732218e-03       3.626661989175e+03 
       3.601745119349e-03       3.631745928447e+03 
       3.608138177796e-03       3.636826868132e+03 
       3.614532900471e-03       3.641904801769e+03 
       3.620929280330e-03       3.646979723251e+03 
       3.627327310363e-03       3.652051626373e+03 
       3.633726983602e-03       3.657120504795e+03 
       3.640128293115e-03       3.662186352798e+03 
       3.646531232010e-03       3.667249164228e+03 
       3.652935793430e-03       3.672308933137e+03 
       3.659341970557e-03       3.677365653477e+03 
       3.665749756612e-03       3.682419319603e+03 
       3.672159144849e-03       3.687469925629e+03 
       3.678570128564e-03       3.692517465639e+03 
       3.684982701085e-03       3.697561934182e+03 
       3.691396855778e-03       3.702603325425e+03 
       3.697812586047e-03       3.707641633877e+03 
       3.704229885330e-03       3.712676853944e+03 
       3.710648747102e-03       3.717708980131e+03 
       3.717069164871e-03       3.722738006630e+03 
       3.723491132184e-03       3.727763928570e+03 
       3.729914642621e-03       3.732786740369e+03 
       3.736339689797e-03       3.737806436589e+03 
       3.742766267362e-03       3.742823012150e+03 
       3.749194369002e-03       3.747836461761e+03 
       3.755623988435e-03       3.752846780259e+03 
       3.762055119414e-03       3.757853962282e+03 
       3.768487755726e-03       3.762858003053e+03 
       3.774921891192e-03       3.767858897478e+03 
       3.781357519666e-03       3.772856640531e+03 
       3.787794635036e-03       3.777851227278e+03 
       3.794233231223e-03       3.782842652555e+03 
       3.800673302180e-03       3.787830911921e+03 
       3.807114841894e-03       3.792816000392e+03 
       3.813557844384e-03       3.797797913209e+03 
       3.820002303700e-03       3.802776645503e+03 
       3.826448213927e-03       3.807752192826e+03 
       3.832895569180e-03       3.812724550451e+03 
       3.839344363606e-03       3.817693713838e+03 
       3.845794591384e-03       3.822659678046e+03 
       3.852246246724e-03       3.827622439047e+03 
       3.858699323868e-03       3.832581992261e+03 
       3.865153817088e-03       3.837538333229e+03 
       3.871609720687e-03       3.842491457583e+03 
       3.878067029000e-03       3.847441360661e+03 
       3.884525736390e-03       3.852388038658e+03 
       3.890985837254e-03       3.857331487115e+03 
       3.897447326015e-03       3.862271701823e+03 
       3.903910197128e-03       3.867208678420e+03 
       3.910374445079e-03       3.872142413052e+03 
       3.916840064381e-03       3.877072901512e+03 
       3.923307049578e-03       3.882000139546e+03 
       3.929775395243e-03       3.886924123444e+03 
       3.936245095978e-03       3.891844849020e+03 
       3.942716146414e-03       3.896762312458e+03 
       3.949188541211e-03       3.901676509810e+03 
       3.955662275056e-03       3.906587437227e+03 
       3.962137342667e-03       3.911495090503e+03 
       3.968613738788e-03       3.916399466438e+03 
       3.975091458192e-03       3.921300561038e+03 
       3.981570495679e-03       3.926198370597e+03 
       3.988050846079e-03       3.931092891230e+03 
       3.994532504248e-03       3.935984119624e+03 
       4.001015465068e-03       3.940872052048e+03 
       4.007499723451e-03       3.945756684707e+03 
       4.013985274335e-03       3.950638014428e+03 
       4.020472112683e-03       3.955516037432e+03 
       4.026960233489e-03       3.960390750468e+03 
       4.033449631769e-03       3.965262150022e+03 
       4.039940302568e-03       3.970130232708e+03 
       4.046432240958e-03       3.974994995179e+03 
       4.052925442036e-03       3.979856434133e+03 
       4.059419900923e-03       3.984714545740e+03 
       4.065915612769e-03       3.989569327600e+03 
       4.072412572750e-03       3.994420776134e+03 
       4.078910776063e-03       3.999268888160e+03 
       4.085410217936e-03       4.004113660527e+03 
       4.091910893619e-03       4.008955090125e+03 
       4.098412798387e-03       4.013793173592e+03 
       4.104915927541e-03       4.018627908311e+03 
       4.111420276407e-03       4.023459291080e+03 
       4.117925840335e-03       4.028287318912e+03 
       4.124432614699e-03       4.033111988862e+03 
       4.130940594899e-03       4.037933298146e+03 
       4.137449776357e-03       4.042751243012e+03 
       4.143960154521e-03       4.047565821748e+03 
       4.150471724863e-03       4.052377030988e+03 
       4.156984482876e-03       4.057184868069e+03 
       4.163498424080e-03       4.061989330170e+03 
       4.170013544017e-03       4.066790414562e+03 
       4.176529838253e-03       4.071588118204e+03 
       4.183047302376e-03       4.076382438956e+03 
       4.189565931998e-03       4.081173373945e+03 
       4.196085722754e-03       4.085960920556e+03 
       4.202606670302e-03       4.090745076220e+03 
       4.209128770322e-03       4.095525838112e+03 
       4.215652018517e-03       4.100303204119e+03 
       4.222176410613e-03       4.105077171573e+03 
       4.228701942357e-03       4.109847738005e+03 
       4.235228609520e-03       4.114614900650e+03 
       4.241756407893e-03       4.119378657551e+03 
       4.248285333290e-03       4.124139006226e+03 
       4.254815381547e-03       4.128895944263e+03 
       4.261346548521e-03       4.133649469342e+03 
       4.267878830091e-03       4.138399579177e+03 
       4.274412222158e-03       4.143146271003e+03 
       4.280946720642e-03       4.147889543357e+03 
       4.287482321488e-03       4.152629393690e+03 
       4.294019020658e-03       4.157365819818e+03 
       4.300556814138e-03       4.162098819357e+03 
       4.307095697932e-03       4.166828390513e+03 
       4.313635668068e-03       4.171554531034e+03 
       4.320176720592e-03       4.176277238844e+03 
       4.326718851571e-03       4.180996511576e+03 
       4.333262057093e-03       4.185712347691e+03 
       4.339806333265e-03       4.190424744864e+03 
       4.346351676216e-03       4.195133701287e+03 
       4.352898082093e-03       4.199839214934e+03 
       4.359445547065e-03       4.204541283882e+03 
       4.365994067318e-03       4.209239905830e+03 
       4.372543639060e-03       4.213935079534e+03 
       4.379094258517e-03       4.218626802864e+03 
       4.385645921935e-03       4.223315073991e+03 
       4.392198625580e-03       4.227999891110e+03 
       4.398752365736e-03       4.232681252186e+03 
       4.405307138706e-03       4.237359155876e+03 
       4.411862940814e-03       4.242033600271e+03 
       4.418419768401e-03       4.246704583669e+03 
       4.424977617826e-03       4.251372104009e+03 
       4.431536485469e-03       4.256036160171e+03 
       4.438096367726e-03       4.260696750318e+03 
       4.444657261015e-03       4.265353872849e+03 
       4.451219161768e-03       4.270007526151e+03 
       4.457782066438e-03       4.274657708667e+03 
       4.464345971495e-03       4.279304418363e+03 
       4.470910873428e-03       4.283947654489e+03 
       4.477476768743e-03       4.288587415208e+03 
       4.484043653965e-03       4.293223699045e+03 
       4.490611525634e-03       4.297856504338e+03 
       4.497180380311e-03       4.302485829968e+03 
       4.503750214572e-03       4.307111674388e+03 
       4.510321025012e-03       4.311734036210e+03 
       4.516892808242e-03       4.316352914106e+03 
       4.523465560891e-03       4.320968306202e+03 
       4.530039279605e-03       4.325580211851e+03 
       4.536613961048e-03       4.330188629577e+03 
       4.543189601898e-03       4.334793558029e+03 
       4.549766198852e-03       4.339394995946e+03 
       4.556343748624e-03       4.343992942095e+03 
       4.562922247944e-03       4.348587394723e+03 
       4.569501693559e-03       4.353178353471e+03 
       4.576082082231e-03       4.357765816794e+03 
       4.582663410739e-03       4.362349783532e+03 
       4.589245675880e-03       4.366930252546e+03 
       4.595828874465e-03       4.371507222379e+03 
       4.602413003321e-03       4.376080692461e+03 
       4.608998059293e-03       4.380650661487e+03 
       4.615584039241e-03       4.385217128401e+03 
       4.622170940039e-03       4.389780091725e+03 
       4.628758758579e-03       4.394339551147e+03 
       4.635347491767e-03       4.398895505165e+03 
       4.641937136526e-03       4.403447953078e+03 
       4.648527689794e-03       4.407996893797e+03 
       4.655119148524e-03       4.412542326383e+03 
       4.661711509685e-03       4.417084249418e+03 
       4.668304770258e-03       4.421622662776e+03 
       4.674898927245e-03       4.426157565219e+03 
       4.681493977658e-03       4.430688955868e+03 
       4.688089918525e-03       4.435216833870e+03 
       4.694686746891e-03       4.439741198097e+03 
       4.701284459813e-03       4.444262048192e+03 
       4.707883054365e-03       4.448779383146e+03 
       4.714482527634e-03       4.453293202177e+03 
       4.721082876721e-03       4.457803504152e+03 
       4.727684098745e-03       4.462310288915e+03 
       4.734286190834e-03       4.466813555344e+03 
       4.740889150136e-03       4.471313302918e+03 
       4.747492973808e-03       4.475809530850e+03 
       4.754097659024e-03       4.480302238460e+03 
       4.760703202972e-03       4.484791425095e+03 
       4.767309602853e-03       4.489277089518e+03 
       4.773916855882e-03       4.493759232036e+03 
       4.780524959289e-03       4.498237851620e+03 
       4.787133910317e-03       4.502712947671e+03 
       4.793743706221e-03       4.507184519610e+03 
       4.800354344272e-03       4.511652566535e+03 
       4.806965821754e-03       4.516117088420e+03 
       4.813578135964e-03       4.520578084501e+03 
       4.820191284212e-03       4.525035554264e+03 
       4.826805263821e-03       4.529489496803e+03 
       4.833420072129e-03       4.533939912275e+03 
       4.840035706485e-03       4.538386799788e+03 
       4.846652164253e-03       4.542830159093e+03 
       4.853269442809e-03       4.547269989655e+03 
       4.859887539541e-03       4.551706291044e+03 
       4.866506451852e-03       4.556139062853e+03 
       4.873126177156e-03       4.560568304090e+03 
       4.879746712880e-03       4.564994015335e+03 
       4.886368056464e-03       4.569416195797e+03 
       4.892990205362e-03       4.573834845114e+03 
       4.899613157037e-03       4.578249962948e+03 
       4.906236908967e-03       4.582661548648e+03 
       4.912861458642e-03       4.587069602426e+03 
       4.919486803564e-03       4.591474123753e+03 
       4.926112941248e-03       4.595875112345e+03 
       4.932739869219e-03       4.600272567826e+03 
       4.939367585017e-03       4.604666489846e+03 
       4.945996086192e-03       4.609056878548e+03 
       4.952625370307e-03       4.613443733498e+03 
       4.959255434935e-03       4.617827053787e+03 
       4.965886277664e-03       4.622206840361e+03 
       4.972517896092e-03       4.626583092527e+03 
       4.979150287827e-03       4.630955810114e+03 
       4.985783450492e-03       4.635324992660e+03 
       4.992417381720e-03       4.639690640484e+03 
       4.999052079155e-03       4.644052753244e+03 
       5.005687540453e-03       4.648411330820e+03 
       5.012323763281e-03       4.652766373101e+03 
       5.018960745318e-03       4.657117879476e+03 
       5.025598484254e-03       4.661465850731e+03 
       5.032236977790e-03       4.665810286165e+03 
       5.038876223638e-03       4.670151186084e+03 
       5.045516219522e-03       4.674488550289e+03 
       5.052156963176e-03       4.678822378751e+03 
       5.058798452345e-03       4.683152670839e+03 
       5.065440684787e-03       4.687479427521e+03 
       5.072083658267e-03       4.691802648365e+03 
       5.078727370564e-03       4.696122333382e+03 
       5.085371819466e-03       4.700438482597e+03 
       5.092017002773e-03       4.704751095694e+03 
       5.098662918294e-03       4.709060173279e+03 
       5.105309563851e-03       4.713365715167e+03 
       5.111956937273e-03       4.717667721432e+03 
       5.118605036404e-03       4.721966191716e+03 
       5.125253859093e-03       4.726261126824e+03 
       5.131903403204e-03       4.730552526395e+03 
       5.138553666609e-03       4.734840390780e+03 
       5.145204647191e-03       4.739124720001e+03 
       5.151856342843e-03       4.743405514192e+03 
       5.158508751466e-03       4.747682773509e+03 
       5.165161870976e-03       4.751956497426e+03 
       5.171815699293e-03       4.756226687232e+03 
       5.178470234353e-03       4.760493342612e+03 
       5.185125474097e-03       4.764756463753e+03 
       5.191781416478e-03       4.769016050856e+03 
       5.198438059459e-03       4.773272103742e+03 
       5.205095401011e-03       4.777524623267e+03 
       5.211753439118e-03       4.781773609388e+03 
       5.218412171771e-03       4.786019062348e+03 
       5.225071596971e-03       4.790260981912e+03 
       5.231731712728e-03       4.794499369136e+03 
       5.238392517063e-03       4.798734223781e+03 
       5.245054008006e-03       4.802965546392e+03 
       5.251716183596e-03       4.807193337141e+03 
       5.258379041881e-03       4.811417596326e+03 
       5.265042580919e-03       4.815638324270e+03 
       5.271706798777e-03       4.819855520566e+03 
       5.278371693531e-03       4.824069186745e+03 
       5.285037263267e-03       4.828279322617e+03 
       5.291703506078e-03       4.832485928523e+03 
       5.298370420069e-03       4.836689004825e+03 
       5.305038003352e-03       4.840888551488e+03 
       5.311706254049e-03       4.845084569553e+03 
       5.318375170289e-03       4.849277059116e+03 
       5.325044750212e-03       4.853466020573e+03 
       5.331714991966e-03       4.857651453831e+03 
       5.338385893708e-03       4.861833360128e+03 
       5.345057453603e-03       4.866011739357e+03 
       5.351729669826e-03       4.870186592214e+03 
       5.358402540559e-03       4.874357919022e+03 
       5.365076063995e-03       4.878525720225e+03 
       5.371750238332e-03       4.882689996294e+03 
       5.378425061780e-03       4.886850746975e+03 
       5.385100532555e-03       4.891007973937e+03 
       5.391776648883e-03       4.895161677133e+03 
       5.398453408998e-03       4.899311857047e+03 
       5.405130811141e-03       4.903458514186e+03 
       5.411808853563e-03       4.907601648672e+03 
       5.418487534523e-03       4.911741261661e+03 
       5.425166852287e-03       4.915877353396e+03 
       5.431846805131e-03       4.920009924409e+03 
       5.438527391337e-03       4.924138975254e+03 
       5.445208609197e-03       4.928264505823e+03 
       5.451890457010e-03       4.932386517775e+03 
       5.458572933083e-03       4.936505010970e+03 
       5.465256035730e-03       4.940619986336e+03 
       5.471939763277e-03       4.944731444297e+03 
       5.478624114052e-03       4.948839385456e+03 
       5.485309086395e-03       4.952943810431e+03 
       5.491994678652e-03       4.957044718888e+03 
       5.498680889178e-03       4.961142112983e+03 
       5.505367716335e-03       4.965235992653e+03 
       5.512055158492e-03       4.969326358530e+03 
       5.518743214026e-03       4.973413211261e+03 
       5.525431881323e-03       4.977496551001e+03 
       5.532121158775e-03       4.981576379203e+03 
       5.538811044782e-03       4.985652696171e+03 
       5.545501537751e-03       4.989725502579e+03 
       5.552192636097e-03       4.993794798536e+03 
       5.558884338242e-03       4.997860585673e+03 
       5.565576642616e-03       5.001922864072e+03 
       5.572269547657e-03       5.005981634721e+03 
       5.578963051807e-03       5.010036898194e+03 
       5.585657153519e-03       5.014088655203e+03 
       5.592351851252e-03       5.018136906479e+03 
       5.599047143470e-03       5.022181652313e+03 
       5.605743028649e-03       5.026222893696e+03 
       5.612439505266e-03       5.030260631816e+03 
       5.619136571810e-03       5.034294867075e+03 
       5.625834226775e-03       5.038325600232e+03 
       5.632532468663e-03       5.042352832202e+03 
       5.639231295980e-03       5.046376562748e+03 
       5.645930707243e-03       5.050396794001e+03 
       5.652630700974e-03       5.054413526191e+03 
       5.659331275701e-03       5.058426760117e+03 
       5.666032429960e-03       5.062436495945e+03 
       5.672734162294e-03       5.066442735522e+03 
       5.679436471252e-03       5.070445478982e+03 
       5.686139355389e-03       5.074444727470e+03 
       5.692842813270e-03       5.078440481656e+03 
       5.699546843462e-03       5.082432742371e+03 
       5.706251444542e-03       5.086421510456e+03 
       5.712956615093e-03       5.090406786856e+03 
       5.719662353704e-03       5.094388571003e+03 
       5.726368658970e-03       5.098366865915e+03 
       5.733075529493e-03       5.102341671523e+03 
       5.739782963883e-03       5.106312988692e+03 
       5.746490960754e-03       5.110280818290e+03 
       5.753199518727e-03       5.114245160650e+03 
       5.759908636430e-03       5.118206017565e+03 
       5.766618312499e-03       5.122163389518e+03 
       5.773328545572e-03       5.126117277413e+03 
       5.780039334297e-03       5.130067681491e+03 
       5.786750677326e-03       5.134014603806e+03 
       5.793462573320e-03       5.137958044771e+03 
       5.800175020942e-03       5.141898004860e+03 
       5.806888018866e-03       5.145834485648e+03 
       5.813601565767e-03       5.149767487801e+03 
       5.820315660331e-03       5.153697012261e+03 
       5.827030301247e-03       5.157623059984e+03 
       5.833745487210e-03       5.161545630811e+03 
       5.840461216923e-03       5.165464727540e+03 
       5.847177489093e-03       5.169380350308e+03 
       5.853894302434e-03       5.173292500079e+03 
       5.860611655665e-03       5.177201177826e+03 
       5.867329547513e-03       5.181106383984e+03 
       5.874047976709e-03       5.185008120429e+03 
       5.880766941989e-03       5.188906387746e+03 
       5.887486442097e-03       5.192801186931e+03 
       5.894206475781e-03       5.196692518989e+03 
       5.900927041797e-03       5.200580384133e+03 
       5.907648138904e-03       5.204464784700e+03 
       5.914369765868e-03       5.208345720750e+03 
       5.921091921461e-03       5.212223193894e+03 
       5.927814604460e-03       5.216097204883e+03 
       5.934537813649e-03       5.219967754738e+03 
       5.941261547814e-03       5.223834844492e+03 
       5.947985805751e-03       5.227698475184e+03 
       5.954710586259e-03       5.231558647864e+03 
       5.961435888142e-03       5.235415363598e+03 
       5.968161710212e-03       5.239268621951e+03 
       5.974888051284e-03       5.243118426504e+03 
       5.981614910180e-03       5.246964777185e+03 
       5.988342285726e-03       5.250807675054e+03 
       5.995070176754e-03       5.254647121178e+03 
       6.001798582102e-03       5.258483116629e+03 
       6.008527500613e-03       5.262315662488e+03 
       6.015256931134e-03       5.266144759848e+03 
       6.021986872519e-03       5.269970408972e+03 
       6.028717323627e-03       5.273792612470e+03 
       6.035448283321e-03       5.277611370610e+03 
       6.042179750470e-03       5.281426684580e+03 
       6.048911723949e-03       5.285238555487e+03 
       6.055644202636e-03       5.289046984446e+03 
       6.062377185416e-03       5.292851972585e+03 
       6.069110671179e-03       5.296653521043e+03 
       6.075844658819e-03       5.300451629715e+03 
       6.082579147235e-03       5.304246301821e+03 
       6.089314135333e-03       5.308037537559e+03 
       6.096049622022e-03       5.311825337817e+03 
       6.102785606216e-03       5.315609704180e+03 
       6.109522086836e-03       5.319390637575e+03 
       6.116259062805e-03       5.323168139165e+03 
       6.122996533053e-03       5.326942210109e+03 
       6.129734496515e-03       5.330712851583e+03 
       6.136472952129e-03       5.334480063640e+03 
       6.143211898839e-03       5.338243849356e+03 
       6.149951335594e-03       5.342004209041e+03 
       6.156691261348e-03       5.345761143869e+03 
       6.163431675059e-03       5.349514655021e+03 
       6.170172575691e-03       5.353264743691e+03 
       6.176913962210e-03       5.357011410446e+03 
       6.183655833589e-03       5.360754657542e+03 
       6.190398188807e-03       5.364494485699e+03 
       6.197141026843e-03       5.368230896116e+03 
       6.203884346686e-03       5.371963890008e+03 
       6.210628147326e-03       5.375693467770e+03 
       6.217372427759e-03       5.379419632019e+03 
       6.224117186984e-03       5.383142383335e+03 
       6.230862424008e-03       5.386861722632e+03 
       6.237608137839e-03       5.390577651662e+03 
       6.244354327491e-03       5.394290171413e+03 
       6.251100991982e-03       5.397999283122e+03 
       6.257848130336e-03       5.401704988037e+03 
       6.264595741579e-03       5.405407287719e+03 
       6.271343824744e-03       5.409106181075e+03 
       6.278092378866e-03       5.412801672695e+03 
       6.284841402985e-03       5.416493762429e+03 
       6.291590896148e-03       5.420182451533e+03 
       6.298340857402e-03       5.423867741271e+03 
       6.305091285802e-03       5.427549633160e+03 
       6.311842180405e-03       5.431228126960e+03 
       6.318593540273e-03       5.434903225974e+03 
       6.325345364473e-03       5.438574930645e+03 
       6.332097652076e-03       5.442243242255e+03 
       6.338850402155e-03       5.445908162096e+03 
       6.345603613791e-03       5.449569690495e+03 
       6.352357286067e-03       5.453227830382e+03 
       6.359111418070e-03       5.456882581986e+03 
       6.365866008891e-03       5.460533947176e+03 
       6.372621057627e-03       5.464181926925e+03 
       6.379376563377e-03       5.467826522573e+03 
       6.386132525245e-03       5.471467735429e+03 
       6.392888942339e-03       5.475105566809e+03 
       6.399645813771e-03       5.478740016801e+03 
       6.406403138658e-03       5.482371088810e+03 
       6.413160916119e-03       5.485998783199e+03 
       6.419919145279e-03       5.489623101288e+03 
       6.426677825265e-03       5.493244044403e+03 
       6.433436955210e-03       5.496861613868e+03 
       6.440196534250e-03       5.500475810351e+03 
       6.446956561524e-03       5.504086636304e+03 
       6.453717036178e-03       5.507694092551e+03 
       6.460477957357e-03       5.511298180433e+03 
       6.467239324215e-03       5.514898901298e+03 
       6.474001135907e-03       5.518496256739e+03 
       6.480763391591e-03       5.522090246286e+03 
       6.487526090432e-03       5.525680873884e+03 
       6.494289231596e-03       5.529268139471e+03 
       6.501052814254e-03       5.532852044958e+03 
       6.507816837581e-03       5.536432591453e+03 
       6.514581300754e-03       5.540009780316e+03 
       6.521346202957e-03       5.543583612911e+03 
       6.528111543375e-03       5.547154090616e+03 
       6.534877321197e-03       5.550721213398e+03 
       6.541643535616e-03       5.554284985039e+03 
       6.548410185830e-03       5.557845405826e+03 
       6.555177271040e-03       5.561402477129e+03 
       6.561944790448e-03       5.564956200326e+03 
       6.568712743264e-03       5.568506576799e+03 
       6.575481128698e-03       5.572053607189e+03 
       6.582249945966e-03       5.575597294155e+03 
       6.589019194286e-03       5.579137638512e+03 
       6.595788872881e-03       5.582674641654e+03 
       6.602558980976e-03       5.586208304981e+03 
       6.609329517800e-03       5.589738628802e+03 
       6.616100482587e-03       5.593265616592e+03 
       6.622871874573e-03       5.596789268550e+03 
       6.629643692997e-03       5.600309585877e+03 
       6.636415937102e-03       5.603826570596e+03 
       6.643188606136e-03       5.607340223833e+03 
       6.649961699349e-03       5.610850546996e+03 
       6.656735215994e-03       5.614357541502e+03 
       6.663509155328e-03       5.617861208783e+03 
       6.670283516611e-03       5.621361548761e+03 
       6.677058299108e-03       5.624858565440e+03 
       6.683833502086e-03       5.628352259071e+03 
       6.690609124815e-03       5.631842631069e+03 
       6.697385166569e-03       5.635329682859e+03 
       6.704161626625e-03       5.638813415873e+03 
       6.710938504264e-03       5.642293830773e+03 
       6.717715798769e-03       5.645770930315e+03 
       6.724493509428e-03       5.649244715334e+03 
       6.731271635531e-03       5.652715187266e+03 
       6.738050176372e-03       5.656182347552e+03 
       6.744829131246e-03       5.659646197825e+03 
       6.751608499456e-03       5.663106737766e+03 
       6.758388280303e-03       5.666563971470e+03 
       6.765168473094e-03       5.670017898893e+03 
       6.771949077139e-03       5.673468522096e+03 
       6.778730091751e-03       5.676915842244e+03 
       6.785511516246e-03       5.680359860788e+03 
       6.792293349943e-03       5.683800579185e+03 
       6.799075592164e-03       5.687237998903e+03 
       6.805858242235e-03       5.690672119979e+03 
       6.812641299484e-03       5.694102946320e+03 
       6.819424763242e-03       5.697530478301e+03 
       6.826208632845e-03       5.700954717359e+03 
       6.832992907630e-03       5.704375664955e+03 
       6.839777586939e-03       5.707793322557e+03 
       6.846562670114e-03       5.711207691945e+03 
       6.853348156502e-03       5.714618772742e+03 
       6.860134045455e-03       5.718026568941e+03 
       6.866920336323e-03       5.721431080980e+03 
       6.873707028465e-03       5.724832310335e+03 
       6.880494121237e-03       5.728230258489e+03 
       6.887281614002e-03       5.731624925819e+03 
       6.894069506126e-03       5.735016315727e+03 
       6.900857796974e-03       5.738404428816e+03 
       6.907646485919e-03       5.741789266149e+03 
       6.914435572334e-03       5.745170829924e+03 
       6.921225055595e-03       5.748549121297e+03 
       6.928014935081e-03       5.751924141757e+03 
       6.934805210175e-03       5.755295892795e+03 
       6.941595880262e-03       5.758664375915e+03 
       6.948386944729e-03       5.762029590998e+03 
       6.955178402969e-03       5.765391542343e+03 
       6.961970254373e-03       5.768750230159e+03 
       6.968762498339e-03       5.772105655934e+03 
       6.975555134266e-03       5.775457821165e+03 
       6.982348161556e-03       5.778806727349e+03 
       6.989141579614e-03       5.782152376329e+03 
       6.995935387847e-03       5.785494767602e+03 
       7.002729585666e-03       5.788833905396e+03 
       7.009524172484e-03       5.792169790096e+03 
       7.016319147716e-03       5.795502423208e+03 
       7.023114510782e-03       5.798831806246e+03 
       7.029910261103e-03       5.802157939561e+03 
       7.036706398102e-03       5.805480826698e+03 
       7.043502921207e-03       5.808800468208e+03 
       7.050299829846e-03       5.812116865191e+03 
       7.057097123453e-03       5.815430019886e+03 
       7.063894801461e-03       5.818739933471e+03 
       7.070692863307e-03       5.822046607459e+03 
       7.077491308433e-03       5.825350043362e+03 
       7.084290136281e-03       5.828650242707e+03 
       7.091089346295e-03       5.831947207723e+03 
       7.097888937924e-03       5.835240935830e+03 
       7.104688910618e-03       5.838531434138e+03 
       7.111489263831e-03       5.841818701875e+03 
       7.118289997017e-03       5.845102740558e+03 
       7.125091109636e-03       5.848383551704e+03 
       7.131892601147e-03       5.851661136839e+03 
       7.138694471015e-03       5.854935496560e+03 
       7.145496718705e-03       5.858206634005e+03 
       7.152299343685e-03       5.861474549961e+03 
       7.159102345427e-03       5.864739245957e+03 
       7.165905723403e-03       5.868000723519e+03 
       7.172709477090e-03       5.871258984183e+03 
       7.179513605966e-03       5.874514028170e+03 
       7.186318109512e-03       5.877765859299e+03 
       7.193122987210e-03       5.881014478055e+03 
       7.199928238548e-03       5.884259885499e+03 
       7.206733863013e-03       5.887502083984e+03 
       7.213539860096e-03       5.890741074662e+03 
       7.220346229289e-03       5.893976859063e+03 
       7.227152970089e-03       5.897209438721e+03 
       7.233960081993e-03       5.900438815181e+03 
       7.240767564502e-03       5.903664990748e+03 
       7.247575417117e-03       5.906887962591e+03 
       7.254383639346e-03       5.910107738226e+03 
       7.261192230693e-03       5.913324316732e+03 
       7.268001190671e-03       5.916537699639e+03 
       7.274810518790e-03       5.919747888484e+03 
       7.281620214565e-03       5.922954884809e+03 
       7.288430277514e-03       5.926158689220e+03 
       7.295240707154e-03       5.929359305155e+03 
       7.302051503008e-03       5.932556732513e+03 
       7.308862664600e-03       5.935750973856e+03 
       7.315674191455e-03       5.938942030328e+03 
       7.322486083102e-03       5.942129903476e+03 
       7.329298339071e-03       5.945314594861e+03 
       7.336110958896e-03       5.948496106051e+03 
       7.342923942111e-03       5.951674436685e+03 
       7.349737288254e-03       5.954849591659e+03 
       7.356550996865e-03       5.958021570981e+03 
       7.363365067485e-03       5.961190376188e+03 
       7.370179499659e-03       5.964356008827e+03 
       7.376994292932e-03       5.967518470458e+03 
       7.383809446854e-03       5.970677763019e+03 
       7.390624960976e-03       5.973833885766e+03 
       7.397440834850e-03       5.976986843416e+03 
       7.404257068030e-03       5.980136636216e+03 
       7.411073660076e-03       5.983283265719e+03 
       7.417890610545e-03       5.986426733484e+03 
       7.424707919001e-03       5.989567039557e+03 
       7.431525585005e-03       5.992704188361e+03 
       7.438343608126e-03       5.995838179871e+03 
       7.445161987929e-03       5.998969015306e+03 
       7.451980723986e-03       6.002096697090e+03 
       7.458799815869e-03       6.005221226380e+03 
       7.465619263152e-03       6.008342604733e+03 
       7.472439065413e-03       6.011460833711e+03 
       7.479259222228e-03       6.014575914885e+03 
       7.486079733180e-03       6.017687850655e+03 
       7.492900597850e-03       6.020796637739e+03 
       7.499721815824e-03       6.023902284322e+03 
       7.506543386689e-03       6.027004789248e+03 
       7.513365310034e-03       6.030104154076e+03 
       7.520187585448e-03       6.033200380369e+03 
       7.527010212527e-03       6.036293469689e+03 
       7.533833190864e-03       6.039383422483e+03 
       7.540656520057e-03       6.042470242260e+03 
       7.547480199704e-03       6.045553929691e+03 
       7.554304229408e-03       6.048634486346e+03 
       7.561128608771e-03       6.051711913798e+03 
       7.567953337398e-03       6.054786213629e+03 
       7.574778414896e-03       6.057857385799e+03 
       7.581603840875e-03       6.060925434678e+03 
       7.588429614945e-03       6.063990360634e+03 
       7.595255736719e-03       6.067052164383e+03 
       7.602082205813e-03       6.070110848770e+03 
       7.608909021844e-03       6.073166414819e+03 
       7.615736184429e-03       6.076218864101e+03 
       7.622563693191e-03       6.079268198192e+03 
       7.629391547751e-03       6.082314418671e+03 
       7.636219747735e-03       6.085357524934e+03 
       7.643048292768e-03       6.088397522364e+03 
       7.649877182481e-03       6.091434410775e+03 
       7.656706416502e-03       6.094468191738e+03 
       7.663535994464e-03       6.097498866827e+03 
       7.670365916001e-03       6.100526437619e+03 
       7.677196180749e-03       6.103550905976e+03 
       7.684026788347e-03       6.106572271317e+03 
       7.690857738434e-03       6.109590538315e+03 
       7.697689030651e-03       6.112605707225e+03 
       7.704520664642e-03       6.115617779626e+03 
       7.711352640053e-03       6.118626757101e+03 
       7.718184956530e-03       6.121632641888e+03 
       7.725017613723e-03       6.124635431796e+03 
       7.731850611282e-03       6.127635133549e+03 
       7.738683948860e-03       6.130631746071e+03 
       7.745517626112e-03       6.133625271850e+03 
       7.752351642694e-03       6.136615712033e+03 
       7.759185998263e-03       6.139603068193e+03 
       7.766020692480e-03       6.142587341915e+03 
       7.772855725006e-03       6.145568534784e+03 
       7.779691095505e-03       6.148546648395e+03 
       7.786526803642e-03       6.151521681864e+03 
       7.793362849084e-03       6.154493641097e+03 
       7.800199231499e-03       6.157462525670e+03 
       7.807035950559e-03       6.160428337156e+03 
       7.813873005935e-03       6.163391077130e+03 
       7.820710397301e-03       6.166350747176e+03 
       7.827548124334e-03       6.169307347722e+03 
       7.834386186710e-03       6.172260882380e+03 
       7.841224584108e-03       6.175211351785e+03 
       7.848063316210e-03       6.178158757506e+03 
       7.854902382698e-03       6.181103101120e+03 
       7.861741783257e-03       6.184044384214e+03 
       7.868581517572e-03       6.186982606734e+03 
       7.875421585331e-03       6.189917773148e+03 
       7.882261986223e-03       6.192849883712e+03 
       7.889102719940e-03       6.195778939412e+03 
       7.895943786175e-03       6.198704942860e+03 
       7.902785184621e-03       6.201627895148e+03 
       7.909626914975e-03       6.204547797850e+03 
       7.916468976935e-03       6.207464652546e+03 
       7.923311370199e-03       6.210378460827e+03 
       7.930154094470e-03       6.213289225258e+03 
       7.936997149449e-03       6.216196941809e+03 
       7.943840534841e-03       6.219101619762e+03 
       7.950684250352e-03       6.222003257520e+03 
       7.957528295689e-03       6.224901856656e+03 
       7.964372670562e-03       6.227797418743e+03 
       7.971217374682e-03       6.230689945361e+03 
       7.978062407760e-03       6.233579436827e+03 
       7.984907769512e-03       6.236465896970e+03 
       7.991753459652e-03       6.239349326322e+03 
       7.998599477897e-03       6.242229726461e+03 
       8.005445823968e-03       6.245107098973e+03 
       8.012292497583e-03       6.247981445455e+03 
       8.019139498465e-03       6.250852765724e+03 
       8.025986826337e-03       6.253721064490e+03 
       8.032834480925e-03       6.256586341887e+03 
       8.039682461954e-03       6.259448598851e+03 
       8.046530769154e-03       6.262307838078e+03 
       8.053379402254e-03       6.265164060631e+03 
       8.060228360986e-03       6.268017268094e+03 
       8.067077645081e-03       6.270867462057e+03 
       8.073927254275e-03       6.273714644113e+03 
       8.080777188303e-03       6.276558816884e+03 
       8.087627446903e-03       6.279399975994e+03 
       8.094478029814e-03       6.282238131183e+03 
       8.101328936776e-03       6.285073280666e+03 
       8.108180167531e-03       6.287905426025e+03 
       8.115031721823e-03       6.290734568843e+03 
       8.121883599396e-03       6.293560710708e+03 
       8.128735799997e-03       6.296383851888e+03 
       8.135588323374e-03       6.299203996276e+03 
       8.142441169276e-03       6.302021144374e+03 
       8.149294337454e-03       6.304835297764e+03 
       8.156147827661e-03       6.307646458031e+03 
       8.163001639651e-03       6.310454626772e+03 
       8.169855773178e-03       6.313259803750e+03 
       8.176710227999e-03       6.316061993800e+03 
       8.183565003874e-03       6.318861196971e+03 
       8.190420100560e-03       6.321657414204e+03 
       8.197275517820e-03       6.324450648215e+03 
       8.204131255416e-03       6.327240900057e+03 
       8.210987313112e-03       6.330028171311e+03 
       8.217843690673e-03       6.332812463566e+03 
       8.224700387866e-03       6.335593778413e+03 
       8.231557404460e-03       6.338372117453e+03 
       8.238414740224e-03       6.341147479384e+03 
       8.245272394929e-03       6.343919870883e+03 
       8.252130368348e-03       6.346689291179e+03 
       8.258988660254e-03       6.349455741842e+03 
       8.265847270423e-03       6.352219224460e+03 
       8.272706198632e-03       6.354979740618e+03 
       8.279565444658e-03       6.357737292452e+03 
       8.286425008282e-03       6.360491878289e+03 
       8.293284889283e-03       6.363243504176e+03 
       8.300145087445e-03       6.365992169844e+03 
       8.307005602550e-03       6.368737876873e+03 
       8.313866434384e-03       6.371480626853e+03 
       8.320727582734e-03       6.374220421333e+03 
       8.327589047385e-03       6.376957259883e+03 
       8.334450828129e-03       6.379691147762e+03 
       8.341312924754e-03       6.382422085101e+03 
       8.348175337054e-03       6.385150071895e+03 
       8.355038064820e-03       6.387875111887e+03 
       8.361901107848e-03       6.390597205757e+03 
       8.368764465933e-03       6.393316355090e+03 
       8.375628138871e-03       6.396032561469e+03 
       8.382492126463e-03       6.398745826489e+03 
       8.389356428506e-03       6.401456148683e+03 
       8.396221044803e-03       6.404163535493e+03 
       8.403085975156e-03       6.406867985201e+03 
       8.409951219367e-03       6.409569499730e+03 
       8.416816777243e-03       6.412268080657e+03 
       8.423682648589e-03       6.414963729556e+03 
       8.430548833214e-03       6.417656448010e+03 
       8.437415330925e-03       6.420346236136e+03 
       8.444282141533e-03       6.423033098103e+03 
       8.451149264849e-03       6.425717034281e+03 
       8.458016700687e-03       6.428398046242e+03 
       8.464884448860e-03       6.431076135565e+03 
       8.471752509182e-03       6.433751303835e+03 
       8.478620881472e-03       6.436423553055e+03 
       8.485489565546e-03       6.439092881171e+03 
       8.492358561224e-03       6.441759295248e+03 
       8.499227868326e-03       6.444422793797e+03 
       8.506097486674e-03       6.447083379620e+03 
       8.512967416089e-03       6.449741053705e+03 
       8.519837656397e-03       6.452395817629e+03 
       8.526708207423e-03       6.455047672967e+03 
       8.533579068992e-03       6.457696621296e+03 
       8.540450240934e-03       6.460342664205e+03 
       8.547321723076e-03       6.462985800371e+03 
       8.554193515249e-03       6.465626036554e+03 
       8.561065617285e-03       6.468263371913e+03 
       8.567938029016e-03       6.470897808013e+03 
       8.574810750276e-03       6.473529346419e+03 
       8.581683780900e-03       6.476157988702e+03 
       8.588557120725e-03       6.478783736433e+03 
       8.595430769587e-03       6.481406589645e+03 
       8.602304727326e-03       6.484026552652e+03 
       8.609178993782e-03       6.486643625749e+03 
       8.616053568795e-03       6.489257810499e+03 
       8.622928452208e-03       6.491869108475e+03 
       8.629803643865e-03       6.494477521251e+03 
       8.636679143609e-03       6.497083050921e+03 
       8.643554951287e-03       6.499685695058e+03 
       8.650431066746e-03       6.502285461152e+03 
       8.657307489834e-03       6.504882348377e+03 
       8.664184220401e-03       6.507476357370e+03 
       8.671061258296e-03       6.510067491002e+03 
       8.677938603372e-03       6.512655750300e+03 
       8.684816255482e-03       6.515241137549e+03 
       8.691694214478e-03       6.517823650151e+03 
       8.698572480218e-03       6.520403295422e+03 
       8.705451052556e-03       6.522980072540e+03 
       8.712329931351e-03       6.525553983113e+03 
       8.719209116460e-03       6.528125027531e+03 
       8.726088607745e-03       6.530693209356e+03 
       8.732968405064e-03       6.533258529245e+03 
       8.739848508282e-03       6.535820989306e+03 
       8.746728917260e-03       6.538380587971e+03 
       8.753609631863e-03       6.540937330003e+03 
       8.760490651956e-03       6.543491217182e+03 
       8.767371977406e-03       6.546042250116e+03 
       8.774253608081e-03       6.548590430357e+03 
       8.781135543849e-03       6.551135759457e+03 
       8.788017784579e-03       6.553678238968e+03 
       8.794900330144e-03       6.556217870447e+03 
       8.801783180415e-03       6.558754655453e+03 
       8.808666335265e-03       6.561288595545e+03 
       8.815549794569e-03       6.563819692293e+03 
       8.822433558201e-03       6.566347947277e+03 
       8.829317626039e-03       6.568873356472e+03 
       8.836201997960e-03       6.571395932566e+03 
       8.843086673842e-03       6.573915670522e+03 
       8.849971653565e-03       6.576432572748e+03 
       8.856856937010e-03       6.578946640790e+03 
       8.863742524059e-03       6.581457876193e+03 
       8.870628414595e-03       6.583966280498e+03 
       8.877514608502e-03       6.586471855252e+03 
       8.884401105664e-03       6.588974601998e+03 
       8.891287905969e-03       6.591474522286e+03 
       8.898175009303e-03       6.593971617679e+03 
       8.905062415554e-03       6.596465890596e+03 
       8.911950124612e-03       6.598957337086e+03 
       8.918838136368e-03       6.601445966522e+03 
       8.925726450712e-03       6.603931777148e+03 
       8.932615067537e-03       6.606414770502e+03 
       8.939503986737e-03       6.608894948118e+03 
       8.946393208206e-03       6.611372311537e+03 
       8.953282731840e-03       6.613846862304e+03 
       8.960172557535e-03       6.616318601968e+03 
       8.967062685190e-03       6.618787532088e+03 
       8.973953114703e-03       6.621253654238e+03 
       8.980843845973e-03       6.623716966065e+03 
       8.987734878901e-03       6.626177476136e+03 
       8.994626213390e-03       6.628635182707e+03 
       9.001517849342e-03       6.631090087309e+03 
       9.008409786661e-03       6.633542191450e+03 
       9.015302025252e-03       6.635991495845e+03 
       9.022194565020e-03       6.638438003584e+03 
       9.029087405872e-03       6.640881715470e+03 
       9.035980547717e-03       6.643322633038e+03 
       9.042873990463e-03       6.645760757824e+03 
       9.049767734020e-03       6.648196091362e+03 
       9.056661778300e-03       6.650628635198e+03 
       9.063556123213e-03       6.653058391713e+03 
       9.070450768673e-03       6.655485355906e+03 
       9.077345714593e-03       6.657909539109e+03 
       9.084240960889e-03       6.660330938624e+03 
       9.091136507476e-03       6.662749555980e+03 
       9.098032354271e-03       6.665165392703e+03 
       9.104928501193e-03       6.667578450317e+03 
       9.111824948159e-03       6.669988730353e+03 
       9.118721695090e-03       6.672396232471e+03 
       9.125618741905e-03       6.674800961589e+03 
       9.132516088528e-03       6.677202917628e+03 
       9.139413734881e-03       6.679602102125e+03 
       9.146311680887e-03       6.681998516613e+03 
       9.153209926470e-03       6.684392162620e+03 
       9.160108471557e-03       6.686783041679e+03 
       9.167007316075e-03       6.689171152349e+03 
       9.173906459949e-03       6.691556502012e+03 
       9.180805903110e-03       6.693939088793e+03 
       9.187705645486e-03       6.696318914887e+03 
       9.194605687008e-03       6.698695979998e+03 
       9.201506027607e-03       6.701070288283e+03 
       9.208406667215e-03       6.703441840138e+03 
       9.215307605765e-03       6.705810637081e+03 
       9.222208843192e-03       6.708176680627e+03 
       9.229110379430e-03       6.710539972295e+03 
       9.236012214417e-03       6.712900513612e+03 
       9.242914348087e-03       6.715258307387e+03 
       9.249816780380e-03       6.717613347051e+03 
       9.256719511235e-03       6.719965645675e+03 
       9.263622540590e-03       6.722315199892e+03 
       9.270525868387e-03       6.724662011213e+03 
       9.277429494566e-03       6.727006081146e+03 
       9.284333419072e-03       6.729347411194e+03 
       9.291237641846e-03       6.731686002872e+03 
       9.298142162834e-03       6.734021858414e+03 
       9.305046981980e-03       6.736354974913e+03 
       9.311952099231e-03       6.738685360119e+03 
       9.318857514534e-03       6.741013012920e+03 
       9.325763227837e-03       6.743337934826e+03 
       9.332669239088e-03       6.745660127347e+03 
       9.339575548237e-03       6.747979591996e+03 
       9.346482155236e-03       6.750296330287e+03 
       9.353389060034e-03       6.752610340738e+03 
       9.360296262586e-03       6.754921630274e+03 
       9.367203762845e-03       6.757230197862e+03 
       9.374111560764e-03       6.759536044061e+03 
       9.381019656298e-03       6.761839172091e+03 
       9.387928049405e-03       6.764139582638e+03 
       9.394836740040e-03       6.766437277209e+03 
       9.401745728162e-03       6.768732257299e+03 
       9.408655013729e-03       6.771024524408e+03 
       9.415564596700e-03       6.773314080039e+03 
       9.422474477037e-03       6.775600925706e+03 
       9.429384654700e-03       6.777885058905e+03 
       9.436295129652e-03       6.780166488435e+03 
       9.443205901856e-03       6.782445212354e+03 
       9.450116971275e-03       6.784721232170e+03 
       9.457028337874e-03       6.786994549370e+03 
       9.463940001620e-03       6.789265165443e+03 
       9.470851962478e-03       6.791533081879e+03 
       9.477764220416e-03       6.793798300172e+03 
       9.484676775403e-03       6.796060819669e+03 
       9.491589627406e-03       6.798320645754e+03 
       9.498502776397e-03       6.800577778090e+03 
       9.505416222346e-03       6.802832218169e+03 
       9.512329965225e-03       6.805083967486e+03 
       9.519244005006e-03       6.807333027534e+03 
       9.526158341662e-03       6.809579399810e+03 
       9.533072975168e-03       6.811823082961e+03 
       9.539987905500e-03       6.814064083595e+03 
       9.546903132631e-03       6.816302400856e+03 
       9.553818656541e-03       6.818538036528e+03 
       9.560734477205e-03       6.820770989953e+03 
       9.567650594603e-03       6.823001265656e+03 
       9.574567008713e-03       6.825228863840e+03 
       9.581483719516e-03       6.827453785985e+03 
       9.588400726993e-03       6.829676033572e+03 
       9.595318031126e-03       6.831895608082e+03 
       9.602235631896e-03       6.834112511004e+03 
       9.609153529287e-03       6.836326745468e+03 
       9.616071723285e-03       6.838538303412e+03 
       9.622990213872e-03       6.840747199660e+03 
       9.629909001037e-03       6.842953430108e+03 
       9.636828084764e-03       6.845156996229e+03 
       9.643747465042e-03       6.847357899497e+03 
       9.650667141860e-03       6.849556141384e+03 
       9.657587115205e-03       6.851751723360e+03 
       9.664507385068e-03       6.853944647790e+03 
       9.671427951440e-03       6.856134911036e+03 
       9.678348814312e-03       6.858322521674e+03 
       9.685269973678e-03       6.860507478211e+03 
       9.692191429529e-03       6.862689782120e+03 
       9.699113181860e-03       6.864869434879e+03 
       9.706035230665e-03       6.867046437962e+03 
       9.712957575941e-03       6.869220792851e+03 
       9.719880217683e-03       6.871392497765e+03 
       9.726803155889e-03       6.873561560088e+03 
       9.733726390557e-03       6.875727978504e+03 
       9.740649921686e-03       6.877891753424e+03 
       9.747573749274e-03       6.880052888242e+03 
       9.754497873323e-03       6.882211383503e+03 
       9.761422293833e-03       6.884367240679e+03 
       9.768347010807e-03       6.886520461231e+03 
       9.775272024247e-03       6.888671046622e+03 
       9.782197334157e-03       6.890818998317e+03 
       9.789122940541e-03       6.892964317788e+03 
       9.796048843403e-03       6.895107001682e+03 
       9.802975042751e-03       6.897247060883e+03 
       9.809901538590e-03       6.899384491604e+03 
       9.816828330928e-03       6.901519295791e+03 
       9.823755419773e-03       6.903651474918e+03 
       9.830682805134e-03       6.905781030433e+03 
       9.837610487021e-03       6.907907963788e+03 
       9.844538465443e-03       6.910032276440e+03 
       9.851466740414e-03       6.912153970018e+03 
       9.858395311943e-03       6.914273042853e+03 
       9.865324180045e-03       6.916389501662e+03 
       9.872253344733e-03       6.918503345498e+03 
       9.879182806021e-03       6.920614575814e+03 
       9.886112563924e-03       6.922723194067e+03 
       9.893042618458e-03       6.924829201713e+03 
       9.899972969639e-03       6.926932600214e+03 
       9.906903617486e-03       6.929033387633e+03 
       9.913834562016e-03       6.931131571621e+03 
       9.920765803247e-03       6.933227150700e+03 
       9.927697341201e-03       6.935320125067e+03 
       9.934629175896e-03       6.937410498644e+03 
       9.941561307354e-03       6.939498271445e+03 
       9.948493735597e-03       6.941583445080e+03 
       9.955426460648e-03       6.943666020987e+03 
       9.962359482529e-03       6.945746000616e+03 
       9.969292801266e-03       6.947823385412e+03 
       9.976226416882e-03       6.949898176828e+03 
       9.983160329404e-03       6.951970377419e+03 
       9.990094538858e-03       6.954039980246e+03 
       9.997029045270e-03       6.956106999363e+03 
       1.000396384867e-02       6.958171430727e+03 
       1.001089894908e-02       6.960233275776e+03 
       1.001783434654e-02       6.962292535943e+03 
       1.002477004108e-02       6.964349212664e+03 
       1.003170603271e-02       6.966403307378e+03 
       1.003864232149e-02       6.968454821526e+03 
       1.004557890743e-02       6.970503753986e+03 
       1.005251579058e-02       6.972550110872e+03 
       1.005945297096e-02       6.974593891407e+03 
       1.006639044861e-02       6.976635097023e+03 
       1.007332822357e-02       6.978673729155e+03 
       1.008026629587e-02       6.980709789241e+03 
       1.008720466554e-02       6.982743278722e+03 
       1.009414333263e-02       6.984774200116e+03 
       1.010108229717e-02       6.986802547841e+03 
       1.010802155920e-02       6.988828333494e+03 
       1.011496111877e-02       6.990851554161e+03 
       1.012190097590e-02       6.992872210065e+03 
       1.012884113065e-02       6.994890304834e+03 
       1.013578158305e-02       6.996905838854e+03 
       1.014272233315e-02       6.998918813549e+03 
       1.014966338098e-02       7.000929230344e+03 
       1.015660472660e-02       7.002937090664e+03 
       1.016354637005e-02       7.004942395939e+03 
       1.017048831136e-02       7.006945147604e+03 
       1.017743055060e-02       7.008945348788e+03 
       1.018437308780e-02       7.010942990409e+03 
       1.019131592301e-02       7.012938088941e+03 
       1.019825905628e-02       7.014930639411e+03 
       1.020520248766e-02       7.016920643241e+03 
       1.021214621719e-02       7.018908101842e+03 
       1.021909024493e-02       7.020893016634e+03 
       1.022603457094e-02       7.022875389030e+03 
       1.023297919525e-02       7.024855220453e+03 
       1.023992411792e-02       7.026832509675e+03 
       1.024686933901e-02       7.028807262974e+03 
       1.025381485857e-02       7.030779479465e+03 
       1.026076067665e-02       7.032749160559e+03 
       1.026770679330e-02       7.034716307670e+03 
       1.027465320859e-02       7.036680922216e+03 
       1.028159992257e-02       7.038643005625e+03 
       1.028854693530e-02       7.040602559292e+03 
       1.029549424683e-02       7.042559580871e+03 
       1.030244185722e-02       7.044514078738e+03 
       1.030938976654e-02       7.046466051004e+03 
       1.031633797483e-02       7.048415499591e+03 
       1.032328648217e-02       7.050362423000e+03 
       1.033023528861e-02       7.052306826691e+03 
       1.033718439421e-02       7.054248710371e+03 
       1.034413379904e-02       7.056188075444e+03 
       1.035108350316e-02       7.058124923315e+03 
       1.035803350664e-02       7.060059255390e+03 
       1.036498380953e-02       7.061991073081e+03 
       1.037193441190e-02       7.063920377809e+03 
       1.037888531383e-02       7.065847165687e+03 
       1.038583651537e-02       7.067771447897e+03 
       1.039278801659e-02       7.069693221206e+03 
       1.039973981757e-02       7.071612487016e+03 
       1.040669191836e-02       7.073529246720e+03 
       1.041364431905e-02       7.075443501716e+03 
       1.042059701969e-02       7.077355253399e+03 
       1.042755002036e-02       7.079264503163e+03 
       1.043450332113e-02       7.081171252381e+03 
       1.044145692207e-02       7.083075499616e+03 
       1.044841082326e-02       7.084977251564e+03 
       1.045536502476e-02       7.086876509304e+03 
       1.046231952666e-02       7.088773266738e+03 
       1.046927432902e-02       7.090667533575e+03 
       1.047622943192e-02       7.092559308173e+03 
       1.048318483544e-02       7.094448590534e+03 
       1.049014053965e-02       7.096335384588e+03 
       1.049709654464e-02       7.098219690521e+03 
       1.050405285047e-02       7.100101509718e+03 
       1.051100945723e-02       7.101980843569e+03 
       1.051796636500e-02       7.103857693471e+03 
       1.052492357385e-02       7.105732060828e+03 
       1.053188108387e-02       7.107603947053e+03 
       1.053883889513e-02       7.109473348085e+03 
       1.054579700773e-02       7.111340275310e+03 
       1.055275542173e-02       7.113204725458e+03 
       1.055971413723e-02       7.115066699854e+03 
       1.056667315431e-02       7.116926199873e+03 
       1.057363247305e-02       7.118783226894e+03 
       1.058059209354e-02       7.120637782300e+03 
       1.058755201586e-02       7.122489867483e+03 
       1.059451224010e-02       7.124339484666e+03 
       1.060147276635e-02       7.126186629556e+03 
       1.060843359469e-02       7.128031311875e+03 
       1.061539472521e-02       7.129873529414e+03 
       1.062235615801e-02       7.131713283548e+03 
       1.062931789316e-02       7.133550575652e+03 
       1.063627993076e-02       7.135385407106e+03 
       1.064324227091e-02       7.137217779300e+03 
       1.065020491369e-02       7.139047689615e+03 
       1.065716785919e-02       7.140875146761e+03 
       1.066413110751e-02       7.142700148715e+03 
       1.067109465874e-02       7.144522696759e+03 
       1.067805851298e-02       7.146342790918e+03 
       1.068502267032e-02       7.148160435158e+03 
       1.069198713084e-02       7.149975629598e+03 
       1.069895189466e-02       7.151788375601e+03 
       1.070591696187e-02       7.153598674537e+03 
       1.071288233256e-02       7.155406527778e+03 
       1.071984800683e-02       7.157211936706e+03 
       1.072681398479e-02       7.159014902711e+03 
       1.073378026652e-02       7.160815421454e+03 
       1.074074685213e-02       7.162613504738e+03 
       1.074771374172e-02       7.164409149147e+03 
       1.075468093538e-02       7.166202355940e+03 
       1.076164843323e-02       7.167993126470e+03 
       1.076861623537e-02       7.169781462093e+03 
       1.077558434189e-02       7.171567364169e+03 
       1.078255275290e-02       7.173350834061e+03 
       1.078952146850e-02       7.175131873028e+03 
       1.079649048880e-02       7.176910479464e+03 
       1.080345981391e-02       7.178686660477e+03 
       1.081042944392e-02       7.180460414664e+03 
       1.081739937895e-02       7.182231743383e+03 
       1.082436961910e-02       7.184000646758e+03 
       1.083134016449e-02       7.185767128482e+03 
       1.083831101521e-02       7.187531187281e+03 
       1.084528217138e-02       7.189292827253e+03 
       1.085225363311e-02       7.191052048444e+03 
       1.085922540051e-02       7.192808852207e+03 
       1.086619747368e-02       7.194563239898e+03 
       1.087316985275e-02       7.196315212877e+03 
       1.088014253782e-02       7.198064772507e+03 
       1.088711552900e-02       7.199811920160e+03 
       1.089408882641e-02       7.201556659553e+03 
       1.090106243017e-02       7.203298978233e+03 
       1.090803634038e-02       7.205038897025e+03 
       1.091501055716e-02       7.206776409056e+03 
       1.092198508063e-02       7.208511515665e+03 
       1.092895991090e-02       7.210244218195e+03 
       1.093593504810e-02       7.211974517993e+03 
       1.094291049233e-02       7.213702416412e+03 
       1.094988624372e-02       7.215427914803e+03 
       1.095686230239e-02       7.217151011186e+03 
       1.096383866845e-02       7.218871713036e+03 
       1.097081534202e-02       7.220590018786e+03 
       1.097779232323e-02       7.222305929769e+03 
       1.098476961219e-02       7.224019447319e+03 
       1.099174720904e-02       7.225730572779e+03 
       1.099872511388e-02       7.227439307497e+03 
       1.100570332685e-02       7.229145652666e+03 
       1.101268184807e-02       7.230849605286e+03 
       1.101966067766e-02       7.232551175118e+03 
       1.102663981574e-02       7.234250359455e+03 
       1.103361926244e-02       7.235947158097e+03 
       1.104059901790e-02       7.237641575214e+03 
       1.104757908222e-02       7.239333610760e+03 
       1.105455945555e-02       7.241023266074e+03 
       1.106154013801e-02       7.242710542479e+03 
       1.106852112973e-02       7.244395441309e+03 
       1.107550243083e-02       7.246077963901e+03 
       1.108248404145e-02       7.247758111606e+03 
       1.108946596172e-02       7.249435885547e+03 
       1.109644819176e-02       7.251111280904e+03 
       1.110343073171e-02       7.252784310946e+03 
       1.111041358171e-02       7.254454971254e+03 
       1.111739674187e-02       7.256123263141e+03 
       1.112438021235e-02       7.257789187923e+03 
       1.113136399326e-02       7.259452746917e+03 
       1.113834808475e-02       7.261113941444e+03 
       1.114533248694e-02       7.262772772833e+03 
       1.115231719999e-02       7.264429239065e+03 
       1.115930222401e-02       7.266083347607e+03 
       1.116628755915e-02       7.267735096913e+03 
       1.117327320555e-02       7.269384488270e+03 
       1.118025916334e-02       7.271031522993e+03 
       1.118724543266e-02       7.272676202404e+03 
       1.119423201366e-02       7.274318527821e+03 
       1.120121890646e-02       7.275958500577e+03 
       1.120820611121e-02       7.277596117098e+03 
       1.121519362806e-02       7.279231387728e+03 
       1.122218145714e-02       7.280864309502e+03 
       1.122916959859e-02       7.282494884385e+03 
       1.123615805256e-02       7.284123109962e+03 
       1.124314681920e-02       7.285748992765e+03 
       1.125013589863e-02       7.287372531907e+03 
       1.125712529102e-02       7.288993728694e+03 
       1.126411499650e-02       7.290612584436e+03 
       1.127110501522e-02       7.292229100442e+03 
       1.127809534732e-02       7.293843278029e+03 
       1.128508599296e-02       7.295455118527e+03 
       1.129207695227e-02       7.297064616337e+03 
       1.129906822542e-02       7.298671785533e+03 
       1.130605981254e-02       7.300276621376e+03 
       1.131305171378e-02       7.301879125158e+03 
       1.132004392930e-02       7.303479298177e+03 
       1.132703645924e-02       7.305077141732e+03 
       1.133402930376e-02       7.306672657125e+03 
       1.134102246300e-02       7.308265845660e+03 
       1.134801593712e-02       7.309856710094e+03 
       1.135500972628e-02       7.311445243460e+03 
       1.136200383061e-02       7.313031458605e+03 
       1.136899825029e-02       7.314615351971e+03 
       1.137599298546e-02       7.316196924850e+03 
       1.138298803627e-02       7.317776178544e+03 
       1.138998340289e-02       7.319353114357e+03 
       1.139697908546e-02       7.320927733596e+03 
       1.140397508415e-02       7.322500031822e+03 
       1.141097139910e-02       7.324070021976e+03 
       1.141796803049e-02       7.325637698436e+03 
       1.142496497847e-02       7.327203063363e+03 
       1.143196224319e-02       7.328766116265e+03 
       1.143895982482e-02       7.330326861698e+03 
       1.144595772351e-02       7.331885299396e+03 
       1.145295593943e-02       7.333441430643e+03 
       1.145995447274e-02       7.334995256730e+03 
       1.146695332359e-02       7.336546778949e+03 
       1.147395249216e-02       7.338095998596e+03 
       1.148095197860e-02       7.339642916976e+03 
       1.148795178308e-02       7.341187536091e+03 
       1.149495190576e-02       7.342729847284e+03 
       1.150195234680e-02       7.344269868428e+03 
       1.150895310638e-02       7.345807593243e+03 
       1.151595418465e-02       7.347343023001e+03 
       1.152295558178e-02       7.348876158977e+03 
       1.152995729795e-02       7.350407002453e+03 
       1.153695933331e-02       7.351935554711e+03 
       1.154396168804e-02       7.353461817042e+03 
       1.155096436230e-02       7.354985786903e+03 
       1.155796735626e-02       7.356507472645e+03 
       1.156497067009e-02       7.358026872183e+03 
       1.157197430397e-02       7.359543986768e+03 
       1.157897825806e-02       7.361058817683e+03 
       1.158598253253e-02       7.362571366195e+03 
       1.159298712757e-02       7.364081633588e+03 
       1.159999204332e-02       7.365589621156e+03 
       1.160699727999e-02       7.367095324737e+03 
       1.161400283772e-02       7.368598755684e+03 
       1.162100871671e-02       7.370099910488e+03 
       1.162801491712e-02       7.371598790807e+03 
       1.163502143913e-02       7.373095394758e+03 
       1.164202828292e-02       7.374589728419e+03 
       1.164903544866e-02       7.376081790933e+03 
       1.165604293652e-02       7.377571583552e+03 
       1.166305074670e-02       7.379059107546e+03 
       1.167005887935e-02       7.380544364187e+03 
       1.167706733467e-02       7.382027354753e+03 
       1.168407611284e-02       7.383508080535e+03 
       1.169108521402e-02       7.384986535283e+03 
       1.169809463841e-02       7.386462734237e+03 
       1.170510438618e-02       7.387936672001e+03 
       1.171211445752e-02       7.389408349829e+03 
       1.171912485260e-02       7.390877768971e+03 
       1.172613557162e-02       7.392344930677e+03 
       1.173314661474e-02       7.393809836198e+03 
       1.174015798217e-02       7.395272486793e+03 
       1.174716967407e-02       7.396732883667e+03 
       1.175418169064e-02       7.398191024126e+03 
       1.176119403206e-02       7.399646916914e+03 
       1.176820669852e-02       7.401100559705e+03 
       1.177521969020e-02       7.402551953748e+03 
       1.178223300729e-02       7.404001100297e+03 
       1.178924664998e-02       7.405448000604e+03 
       1.179626061845e-02       7.406892655932e+03 
       1.180327491290e-02       7.408335067350e+03 
       1.181028953352e-02       7.409775230856e+03 
       1.181730448049e-02       7.411213157936e+03 
       1.182431975400e-02       7.412648844901e+03 
       1.183133535425e-02       7.414082291024e+03 
       1.183835128143e-02       7.415513501378e+03 
       1.184536753572e-02       7.416942475164e+03 
       1.185238411733e-02       7.418369213768e+03 
       1.185940102644e-02       7.419793718427e+03 
       1.186641826326e-02       7.421215990385e+03 
       1.187343582796e-02       7.422636030890e+03 
       1.188045372075e-02       7.424053841192e+03 
       1.188747194183e-02       7.425469422556e+03 
       1.189449049139e-02       7.426882768289e+03 
       1.190150936962e-02       7.428293894419e+03 
       1.190852857672e-02       7.429702795131e+03 
       1.191554811290e-02       7.431109471671e+03 
       1.192256797834e-02       7.432513925273e+03 
       1.192958817325e-02       7.433916157170e+03 
       1.193660869783e-02       7.435316168601e+03 
       1.194362955228e-02       7.436713960799e+03 
       1.195065073679e-02       7.438109535010e+03 
       1.195767225157e-02       7.439502888154e+03 
       1.196469409682e-02       7.440894029466e+03 
       1.197171627274e-02       7.442282956369e+03 
       1.197873877954e-02       7.443669670095e+03 
       1.198576161741e-02       7.445054171879e+03 
       1.199278478657e-02       7.446436462960e+03 
       1.199980828721e-02       7.447816544581e+03 
       1.200683211954e-02       7.449194417992e+03 
       1.201385628377e-02       7.450570078447e+03 
       1.202088078010e-02       7.451943538297e+03 
       1.202790560874e-02       7.453314793476e+03 
       1.203493076989e-02       7.454683845781e+03 
       1.204195626376e-02       7.456050692561e+03 
       1.204898209057e-02       7.457415340744e+03 
       1.205600825051e-02       7.458777789097e+03 
       1.206303474381e-02       7.460138038818e+03 
       1.207006157066e-02       7.461496091163e+03 
       1.207708873128e-02       7.462851947352e+03 
       1.208411622589e-02       7.464205608626e+03 
       1.209114405468e-02       7.465557076217e+03 
       1.209817221788e-02       7.466906354426e+03 
       1.210520071569e-02       7.468253426228e+03 
       1.211222954833e-02       7.469598318886e+03 
       1.211925871602e-02       7.470941022544e+03 
       1.212628821896e-02       7.472281538410e+03 
       1.213331805737e-02       7.473619867700e+03 
       1.214034823147e-02       7.474956011632e+03 
       1.214737874148e-02       7.476289971428e+03 
       1.215440958760e-02       7.477621748313e+03 
       1.216144077006e-02       7.478951339807e+03 
       1.216847228907e-02       7.480278753377e+03 
       1.217550414486e-02       7.481603988149e+03 
       1.218253633763e-02       7.482927044751e+03 
       1.218956886762e-02       7.484247924392e+03 
       1.219660173503e-02       7.485566628282e+03 
       1.220363494009e-02       7.486883157634e+03 
       1.221066848303e-02       7.488197513677e+03 
       1.221770236405e-02       7.489509700198e+03 
       1.222473658339e-02       7.490819704084e+03 
       1.223177114127e-02       7.492127546600e+03 
       1.223880603790e-02       7.493433220522e+03 
       1.224584127352e-02       7.494736725001e+03 
       1.225287684834e-02       7.496038065022e+03 
       1.225991276260e-02       7.497337240036e+03 
       1.226694901651e-02       7.498634251205e+03 
       1.227398561030e-02       7.499929099728e+03 
       1.228102254420e-02       7.501221786807e+03 
       1.228805981844e-02       7.502512313653e+03 
       1.229509743324e-02       7.503800681486e+03 
       1.230213538883e-02       7.505086891539e+03 
       1.230917368544e-02       7.506370936396e+03 
       1.231621232330e-02       7.507652833271e+03 
       1.232325130264e-02       7.508932575870e+03 
       1.233029062368e-02       7.510210165287e+03 
       1.233733028667e-02       7.511485602711e+03 
       1.234437029182e-02       7.512758889330e+03 
       1.235141063938e-02       7.514030026340e+03 
       1.235845132956e-02       7.515299014938e+03 
       1.236549236262e-02       7.516565856326e+03 
       1.237253373878e-02       7.517830547097e+03 
       1.237957545827e-02       7.519093097066e+03 
       1.238661752133e-02       7.520353503296e+03 
       1.239365992819e-02       7.521611766991e+03 
       1.240070267910e-02       7.522867889343e+03 
       1.240774577428e-02       7.524121871544e+03 
       1.241478921397e-02       7.525373714793e+03 
       1.242183299841e-02       7.526623420290e+03 
       1.242887712784e-02       7.527870991788e+03 
       1.243592160249e-02       7.529116415797e+03 
       1.244296642261e-02       7.530359714254e+03 
       1.245001158844e-02       7.531600879572e+03 
       1.245705710020e-02       7.532839910698e+03 
       1.246410295816e-02       7.534076813050e+03 
       1.247114916254e-02       7.535311585734e+03 
       1.247819571358e-02       7.536544229966e+03 
       1.248524261154e-02       7.537774746932e+03 
       1.249228985665e-02       7.539003137816e+03 
       1.249933744915e-02       7.540229403805e+03 
       1.250638538930e-02       7.541453546092e+03 
       1.251343367733e-02       7.542675565881e+03 
       1.252048231349e-02       7.543895458436e+03 
       1.252753129802e-02       7.545113232525e+03 
       1.253458063117e-02       7.546328890573e+03 
       1.254163031319e-02       7.547542430641e+03 
       1.254868034433e-02       7.548753853902e+03 
       1.255573072482e-02       7.549963161534e+03 
       1.256278145493e-02       7.551170354714e+03 
       1.256983253490e-02       7.552375434635e+03 
       1.257688396497e-02       7.553578402433e+03 
       1.258393574540e-02       7.554779261360e+03 
       1.259098787645e-02       7.555978001193e+03 
       1.259804035835e-02       7.557174639065e+03 
       1.260509319136e-02       7.558369169415e+03 
       1.261214637574e-02       7.559561593413e+03 
       1.261919991173e-02       7.560751912234e+03 
       1.262625379959e-02       7.561940127061e+03 
       1.263330803957e-02       7.563126239077e+03 
       1.264036263194e-02       7.564310249474e+03 
       1.264741757693e-02       7.565492152377e+03 
       1.265447287481e-02       7.566671962137e+03 
       1.266152852583e-02       7.567849673632e+03 
       1.266858453026e-02       7.569025288213e+03 
       1.267564088834e-02       7.570198803991e+03 
       1.268269760033e-02       7.571370227328e+03 
       1.268975466650e-02       7.572539556983e+03 
       1.269681208710e-02       7.573706794120e+03 
       1.270386986239e-02       7.574871939904e+03 
       1.271092799263e-02       7.576034995509e+03 
       1.271798647808e-02       7.577195962110e+03 
       1.272504531900e-02       7.578354840891e+03 
       1.273210451566e-02       7.579511633040e+03 
       1.273916406831e-02       7.580666329691e+03 
       1.274622397721e-02       7.581818950771e+03 
       1.275328424264e-02       7.582969488473e+03 
       1.276034486485e-02       7.584117943942e+03 
       1.276740584411e-02       7.585264318328e+03 
       1.277446718068e-02       7.586408612783e+03 
       1.278152887484e-02       7.587550828462e+03 
       1.278859092683e-02       7.588690966531e+03 
       1.279565333694e-02       7.589829028158e+03 
       1.280271610542e-02       7.590965009273e+03 
       1.280977923255e-02       7.592098920945e+03 
       1.281684271859e-02       7.593230759423e+03 
       1.282390656382e-02       7.594360525955e+03 
       1.283097076849e-02       7.595488221686e+03 
       1.283803533289e-02       7.596613847764e+03 
       1.284510025727e-02       7.597737405344e+03 
       1.285216554192e-02       7.598858895587e+03 
       1.285923118710e-02       7.599978319834e+03 
       1.286629719308e-02       7.601095671108e+03 
       1.287336356015e-02       7.602210965310e+03 
       1.288043028856e-02       7.603324196633e+03 
       1.288749737860e-02       7.604435366657e+03 
       1.289456483053e-02       7.605544473809e+03 
       1.290163264464e-02       7.606651523187e+03 
       1.290870082120e-02       7.607756514240e+03 
       1.291576936048e-02       7.608859448116e+03 
       1.292283826276e-02       7.609960326858e+03 
       1.292990752832e-02       7.611059142996e+03 
       1.293697715743e-02       7.612155911440e+03 
       1.294404715037e-02       7.613250627148e+03 
       1.295111750743e-02       7.614343291263e+03 
       1.295818822887e-02       7.615433904925e+03 
       1.296525931499e-02       7.616522466228e+03 
       1.297233076606e-02       7.617608982043e+03 
       1.297940258235e-02       7.618693450769e+03 
       1.298647476416e-02       7.619775873551e+03 
       1.299354731177e-02       7.620856251381e+03 
       1.300062022545e-02       7.621934581501e+03 
       1.300769350549e-02       7.623010872741e+03 
       1.301476715217e-02       7.624085118571e+03 
       1.302184116578e-02       7.625157327487e+03 
       1.302891554660e-02       7.626227497048e+03 
       1.303599029492e-02       7.627295628426e+03 
       1.304306541102e-02       7.628361722727e+03 
       1.305014089519e-02       7.629425781080e+03 
       1.305721674772e-02       7.630487804609e+03 
       1.306429296890e-02       7.631547794441e+03 
       1.307136955900e-02       7.632605751701e+03 
       1.307844651832e-02       7.633661677517e+03 
       1.308552384716e-02       7.634715573017e+03 
       1.309260154579e-02       7.635767439334e+03 
       1.309967961451e-02       7.636817277609e+03 
       1.310675805361e-02       7.637865088995e+03 
       1.311383686339e-02       7.638910874657e+03 
       1.312091604413e-02       7.639954619171e+03 
       1.312799559612e-02       7.640996354791e+03 
       1.313507551966e-02       7.642036067776e+03 
       1.314215581505e-02       7.643073759210e+03 
       1.314923648257e-02       7.644109430206e+03 
       1.315631752252e-02       7.645143081872e+03 
       1.316339893520e-02       7.646174715315e+03 
       1.317048072091e-02       7.647204331645e+03 
       1.317756287993e-02       7.648231931963e+03 
       1.318464541257e-02       7.649257517378e+03 
       1.319172831912e-02       7.650281089000e+03 
       1.319881159989e-02       7.651302647943e+03 
       1.320589525516e-02       7.652322195323e+03 
       1.321297928525e-02       7.653339732268e+03 
       1.322006369044e-02       7.654355259912e+03 
       1.322714847105e-02       7.655368769255e+03 
       1.323423362736e-02       7.656380282139e+03 
       1.324131915969e-02       7.657389787412e+03 
       1.324840506833e-02       7.658397287654e+03 
       1.325549135359e-02       7.659402783963e+03 
       1.326257801576e-02       7.660406277435e+03 
       1.326966505516e-02       7.661407769168e+03 
       1.327675247209e-02       7.662407260261e+03 
       1.328384026686e-02       7.663404751817e+03 
       1.329092843976e-02       7.664400244941e+03 
       1.329801699110e-02       7.665393740746e+03 
       1.330510592120e-02       7.666385240349e+03 
       1.331219523035e-02       7.667374744876e+03 
       1.331928491887e-02       7.668362255456e+03 
       1.332637498706e-02       7.669347778360e+03 
       1.333346543524e-02       7.670331285926e+03 
       1.334055626371e-02       7.671312819779e+03 
       1.334764747278e-02       7.672292363867e+03 
       1.335473906276e-02       7.673269919280e+03 
       1.336183103397e-02       7.674245487113e+03 
       1.336892338671e-02       7.675219068457e+03 
       1.337601612130e-02       7.676190661658e+03 
       1.338310923805e-02       7.677160272987e+03 
       1.339020273727e-02       7.678127901065e+03 
       1.339729661928e-02       7.679093546982e+03 
       1.340439088439e-02       7.680057211836e+03 
       1.341148553292e-02       7.681018896711e+03 
       1.341858056518e-02       7.681978602714e+03 
       1.342567598149e-02       7.682936330943e+03 
       1.343277178217e-02       7.683892082502e+03 
       1.343986796753e-02       7.684845858506e+03 
       1.344696453789e-02       7.685797648873e+03 
       1.345406149357e-02       7.686747475557e+03 
       1.346115883489e-02       7.687695329952e+03 
       1.346825656217e-02       7.688641212928e+03 
       1.347535467572e-02       7.689585125570e+03 
       1.348245317588e-02       7.690527068965e+03 
       1.348955206295e-02       7.691467044200e+03 
       1.349665133727e-02       7.692405052362e+03 
       1.350375099915e-02       7.693341094539e+03 
       1.351085104892e-02       7.694275171825e+03 
       1.351795148690e-02       7.695207278452e+03 
       1.352505231342e-02       7.696137429474e+03 
       1.353215352880e-02       7.697065617812e+03 
       1.353925513336e-02       7.697991845459e+03 
       1.354635712744e-02       7.698916113492e+03 
       1.355345951136e-02       7.699838422991e+03 
       1.356056228544e-02       7.700758775040e+03 
       1.356766545001e-02       7.701677170733e+03 
       1.357476900540e-02       7.702593611166e+03 
       1.358187295195e-02       7.703508099950e+03 
       1.358897728997e-02       7.704420621738e+03 
       1.359608201981e-02       7.705331201906e+03 
       1.360318714178e-02       7.706239830988e+03 
       1.361029265623e-02       7.707146509968e+03 
       1.361739856348e-02       7.708051237139e+03 
       1.362450486386e-02       7.708954019038e+03 
       1.363161155772e-02       7.709854854065e+03 
       1.363871864537e-02       7.710753743289e+03 
       1.364582612716e-02       7.711650687781e+03 
       1.365293400342e-02       7.712545688618e+03 
       1.366004227449e-02       7.713438746880e+03 
       1.366715094070e-02       7.714329863648e+03 
       1.367426000238e-02       7.715219040008e+03 
       1.368136945988e-02       7.716106277056e+03 
       1.368847931353e-02       7.716991563072e+03 
       1.369558956367e-02       7.717874924151e+03 
       1.370270021064e-02       7.718756348186e+03 
       1.370981125478e-02       7.719635836956e+03 
       1.371692269643e-02       7.720513391513e+03 
       1.372403453592e-02       7.721389012916e+03 
       1.373114677361e-02       7.722262702225e+03 
       1.373825940983e-02       7.723134460507e+03 
       1.374537244491e-02       7.724004288830e+03 
       1.375248587922e-02       7.724872188269e+03 
       1.375959971308e-02       7.725738159687e+03 
       1.376671394685e-02       7.726602198063e+03 
       1.377382858087e-02       7.727464316510e+03 
       1.378094361548e-02       7.728324510208e+03 
       1.378805905102e-02       7.729182780212e+03 
       1.379517488786e-02       7.730039127575e+03 
       1.380229112632e-02       7.730893553352e+03 
       1.380940776676e-02       7.731746058597e+03 
       1.381652480953e-02       7.732596644378e+03 
       1.382364225498e-02       7.733445311765e+03 
       1.383076010345e-02       7.734292065072e+03 
       1.383787835530e-02       7.735136885955e+03 
       1.384499701087e-02       7.735979803488e+03 
       1.385211607052e-02       7.736820806716e+03 
       1.385923553460e-02       7.737659896639e+03 
       1.386635540346e-02       7.738497071356e+03 
       1.387347567745e-02       7.739332337644e+03 
       1.388059635693e-02       7.740165693774e+03 
       1.388771744225e-02       7.740997140789e+03 
       1.389483893376e-02       7.741826679731e+03 
       1.390196083182e-02       7.742654311652e+03 
       1.390908313679e-02       7.743480037598e+03 
       1.391620584902e-02       7.744303858631e+03 
       1.392332896888e-02       7.745125775817e+03 
       1.393045249670e-02       7.745945790234e+03 
       1.393757643287e-02       7.746763888159e+03 
       1.394470077772e-02       7.747580101182e+03 
       1.395182553163e-02       7.748394412091e+03 
       1.395895069496e-02       7.749206824207e+03 
       1.396607626805e-02       7.750017338570e+03 
       1.397320225128e-02       7.750825956216e+03 
       1.398032864501e-02       7.751632678180e+03 
       1.398745544960e-02       7.752437505500e+03 
       1.399458266540e-02       7.753240439217e+03 
       1.400171029280e-02       7.754041480379e+03 
       1.400883833214e-02       7.754840631024e+03 
       1.401596678379e-02       7.755637882250e+03 
       1.402309564813e-02       7.756433251278e+03 
       1.403022492551e-02       7.757226731811e+03 
       1.403735461630e-02       7.758018324885e+03 
       1.404448472087e-02       7.758808031541e+03 
       1.405161523959e-02       7.759595852817e+03 
       1.405874617282e-02       7.760381789755e+03 
       1.406587752094e-02       7.761165843398e+03 
       1.407300928431e-02       7.761948014795e+03 
       1.408014146330e-02       7.762728294103e+03 
       1.408727405829e-02       7.763506704853e+03 
       1.409440706964e-02       7.764283234626e+03 
       1.410154049773e-02       7.765057886139e+03 
       1.410867434293e-02       7.765830661278e+03 
       1.411580860562e-02       7.766601555160e+03 
       1.412294328616e-02       7.767370577730e+03 
       1.413007838493e-02       7.768137726114e+03 
       1.413721390231e-02       7.768903001339e+03 
       1.414434983867e-02       7.769666404451e+03 
       1.415148619440e-02       7.770427936432e+03 
       1.415862296985e-02       7.771187598362e+03 
       1.416576016542e-02       7.771945391256e+03 
       1.417289778148e-02       7.772701316156e+03 
       1.418003581841e-02       7.773455374113e+03 
       1.418717427659e-02       7.774207551882e+03 
       1.419431315639e-02       7.774957878726e+03 
       1.420145245821e-02       7.775706340467e+03 
       1.420859218241e-02       7.776452939154e+03 
       1.421573232939e-02       7.777197675809e+03 
       1.422287289952e-02       7.777940551455e+03 
       1.423001389319e-02       7.778681567113e+03 
       1.423715531078e-02       7.779420723808e+03 
       1.424429715268e-02       7.780158022563e+03 
       1.425143941926e-02       7.780893464429e+03 
       1.425858211092e-02       7.781627050097e+03 
       1.426572522804e-02       7.782358774163e+03 
       1.427286877101e-02       7.783088650626e+03 
       1.428001274022e-02       7.783816674129e+03 
       1.428715713604e-02       7.784542845690e+03 
       1.429430195888e-02       7.785267166326e+03 
       1.430144720912e-02       7.785989637058e+03 
       1.430859288716e-02       7.786710258908e+03 
       1.431573899337e-02       7.787429032908e+03 
       1.432288552815e-02       7.788145960089e+03 
       1.433003249190e-02       7.788861044982e+03 
       1.433717988500e-02       7.789574267744e+03 
       1.434432770786e-02       7.790285659530e+03 
       1.435147596085e-02       7.790995208407e+03 
       1.435862464438e-02       7.791702915387e+03 
       1.436577375885e-02       7.792408778052e+03 
       1.437292330463e-02       7.793112803899e+03 
       1.438007328215e-02       7.793814990817e+03 
       1.438722369178e-02       7.794515339811e+03 
       1.439437453392e-02       7.795213851889e+03 
       1.440152580899e-02       7.795910528064e+03 
       1.440867751736e-02       7.796605369353e+03 
       1.441582965945e-02       7.797298376774e+03 
       1.442298223564e-02       7.797989551350e+03 
       1.443013524635e-02       7.798678894115e+03 
       1.443728869198e-02       7.799366405555e+03 
       1.444444257291e-02       7.800052073734e+03 
       1.445159688957e-02       7.800735925655e+03 
       1.445875164234e-02       7.801417949570e+03 
       1.446590683164e-02       7.802098146473e+03 
       1.447306245787e-02       7.802776517363e+03 
       1.448021852142e-02       7.803453063241e+03 
       1.448737502272e-02       7.804127785108e+03 
       1.449453196216e-02       7.804800683965e+03 
       1.450168934015e-02       7.805471760824e+03 
       1.450884715710e-02       7.806141016699e+03 
       1.451600541342e-02       7.806808454191e+03 
       1.452316410951e-02       7.807474061725e+03 
       1.453032324578e-02       7.808137859874e+03 
       1.453748282265e-02       7.808799840916e+03 
       1.454464284052e-02       7.809460005843e+03 
       1.455180329981e-02       7.810118355647e+03 
       1.455896420093e-02       7.810774891324e+03 
       1.456612554429e-02       7.811429613873e+03 
       1.457328733029e-02       7.812082524302e+03 
       1.458044955937e-02       7.812733623619e+03 
       1.458761223193e-02       7.813382915365e+03 
       1.459477534838e-02       7.814030382101e+03 
       1.460193890915e-02       7.814676053025e+03 
       1.460910291464e-02       7.815319916683e+03 
       1.461626736528e-02       7.815961974072e+03 
       1.462343226149e-02       7.816602222335e+03 
       1.463059760367e-02       7.817240670078e+03 
       1.463776339225e-02       7.817877314166e+03 
       1.464492962766e-02       7.818512155865e+03 
       1.465209631030e-02       7.819145196161e+03 
       1.465926344060e-02       7.819776436039e+03 
       1.466643101899e-02       7.820405876489e+03 
       1.467359904588e-02       7.821033518506e+03 
       1.468076752170e-02       7.821659363085e+03 
       1.468793644687e-02       7.822283411231e+03 
       1.469510582181e-02       7.822905663961e+03 
       1.470227564695e-02       7.823526107778e+03 
       1.470944592272e-02       7.824144771076e+03 
       1.471661664954e-02       7.824761641910e+03 
       1.472378782783e-02       7.825376721053e+03 
       1.473095945804e-02       7.825990009477e+03 
       1.473813154057e-02       7.826601508156e+03 
       1.474530407587e-02       7.827211218068e+03 
       1.475247706435e-02       7.827819140188e+03 
       1.475965050646e-02       7.828425275497e+03 
       1.476682440262e-02       7.829029624977e+03 
       1.477399875327e-02       7.829632189625e+03 
       1.478117355882e-02       7.830232973328e+03 
       1.478834881973e-02       7.830831959955e+03 
       1.479552453642e-02       7.831429175156e+03 
       1.480270070932e-02       7.832024609327e+03 
       1.480987733887e-02       7.832618263444e+03 
       1.481705442551e-02       7.833210138495e+03 
       1.482423196966e-02       7.833800235446e+03 
       1.483140997178e-02       7.834388555266e+03 
       1.483858843229e-02       7.834975098939e+03 
       1.484576735163e-02       7.835559867448e+03 
       1.485294673024e-02       7.836142864566e+03 
       1.486012656857e-02       7.836724073669e+03 
       1.486730686704e-02       7.837303521574e+03 
       1.487448762610e-02       7.837881198086e+03 
       1.488166884620e-02       7.838457104180e+03 
       1.488885052777e-02       7.839031240843e+03 
       1.489603267126e-02       7.839603609062e+03 
       1.490321527711e-02       7.840174209836e+03 
       1.491039834576e-02       7.840743044160e+03 
       1.491758187766e-02       7.841310097157e+03 
       1.492476587326e-02       7.841875400040e+03 
       1.493195033299e-02       7.842438939020e+03 
       1.493913525731e-02       7.843000715168e+03 
       1.494632064667e-02       7.843560729441e+03 
       1.495350650151e-02       7.844118982804e+03 
       1.496069282227e-02       7.844675476213e+03 
       1.496787960942e-02       7.845230210641e+03 
       1.497506686340e-02       7.845783187052e+03 
       1.498225458466e-02       7.846334406425e+03 
       1.498944277365e-02       7.846883871109e+03 
       1.499663143082e-02       7.847431569342e+03 
       1.500382055663e-02       7.847977522560e+03 
       1.501101015154e-02       7.848521722479e+03 
       1.501820021598e-02       7.849064170053e+03 
       1.502539075043e-02       7.849604866236e+03 
       1.503258175533e-02       7.850143812025e+03 
       1.503977323114e-02       7.850681008286e+03 
       1.504696517832e-02       7.851216456085e+03 
       1.505415759732e-02       7.851750156368e+03 
       1.506135048861e-02       7.852282112577e+03 
       1.506854385263e-02       7.852812305983e+03 
       1.507573768986e-02       7.853340768240e+03 
       1.508293200076e-02       7.853867486648e+03 
       1.509012678577e-02       7.854392462082e+03 
       1.509732204537e-02       7.854915691732e+03 
       1.510451778002e-02       7.855437183939e+03 
       1.511171399018e-02       7.855956936073e+03 
       1.511891067631e-02       7.856474949023e+03 
       1.512610783888e-02       7.856991223798e+03 
       1.513330547835e-02       7.857505761334e+03 
       1.514050359519e-02       7.858018562584e+03 
       1.514770218987e-02       7.858529628510e+03 
       1.515490126285e-02       7.859038960074e+03 
       1.516210081460e-02       7.859546558251e+03 
       1.516930084559e-02       7.860052430598e+03 
       1.517650135629e-02       7.860556541037e+03 
       1.518370234716e-02       7.861058943075e+03 
       1.519090381869e-02       7.861559615297e+03 
       1.519810577133e-02       7.862058558644e+03 
       1.520530820557e-02       7.862555774060e+03 
       1.521251112188e-02       7.863051262485e+03 
       1.521971452072e-02       7.863545024863e+03 
       1.522691840258e-02       7.864037062143e+03 
       1.523412276792e-02       7.864527375275e+03 
       1.524132761723e-02       7.865015965215e+03 
       1.524853295097e-02       7.865502823996e+03 
       1.525573876964e-02       7.865987969829e+03 
       1.526294507370e-02       7.866471394852e+03 
       1.527015186363e-02       7.866953100302e+03 
       1.527735913991e-02       7.867433087123e+03 
       1.528456690303e-02       7.867911356258e+03 
       1.529177515345e-02       7.868387908657e+03 
       1.529898389168e-02       7.868862745270e+03 
       1.530619311817e-02       7.869335867052e+03 
       1.531340283343e-02       7.869807274905e+03 
       1.532061303793e-02       7.870276957736e+03 
       1.532782373215e-02       7.870744939525e+03 
       1.533503491658e-02       7.871211210079e+03 
       1.534224659171e-02       7.871675770327e+03 
       1.534945875803e-02       7.872138619281e+03 
       1.535667141601e-02       7.872599759222e+03 
       1.536388456615e-02       7.873059193682e+03 
       1.537109820893e-02       7.873516921492e+03 
       1.537831234485e-02       7.873972943596e+03 
       1.538552697439e-02       7.874427260898e+03 
       1.539274209805e-02       7.874879874371e+03 
       1.539995771632e-02       7.875330784944e+03 
       1.540717382968e-02       7.875779993563e+03 
       1.541439043864e-02       7.876227501181e+03 
       1.542160754367e-02       7.876673308763e+03 
       1.542882514529e-02       7.877117399923e+03 
       1.543604324398e-02       7.877559808647e+03 
       1.544326184024e-02       7.878000519767e+03 
       1.545048093457e-02       7.878439534310e+03 
       1.545770052746e-02       7.878876853134e+03 
       1.546492061941e-02       7.879312477219e+03 
       1.547214121092e-02       7.879746407473e+03 
       1.547936230248e-02       7.880178644823e+03 
       1.548658389461e-02       7.880609190202e+03 
       1.549380598779e-02       7.881038044546e+03 
       1.550102858254e-02       7.881465210638e+03 
       1.550825167935e-02       7.881890674464e+03 
       1.551547527872e-02       7.882314460357e+03 
       1.552269938116e-02       7.882736558779e+03 
       1.552992398718e-02       7.883156970651e+03 
       1.553714909728e-02       7.883575696889e+03 
       1.554437471196e-02       7.883992738415e+03 
       1.555160083173e-02       7.884408096152e+03 
       1.555882745710e-02       7.884821771027e+03 
       1.556605458858e-02       7.885233763974e+03 
       1.557328222668e-02       7.885644077600e+03 
       1.558051037190e-02       7.886052694494e+03 
       1.558773902475e-02       7.886459645921e+03 
       1.559496818576e-02       7.886864918934e+03 
       1.560219785542e-02       7.887268514320e+03 
       1.560942803425e-02       7.887670428979e+03 
       1.561665872277e-02       7.888070671816e+03 
       1.562388992149e-02       7.888469239832e+03 
       1.563112163092e-02       7.888866133936e+03 
       1.563835385158e-02       7.889261355039e+03 
       1.564558658399e-02       7.889654904072e+03 
       1.565281982866e-02       7.890046781896e+03 
       1.566005358611e-02       7.890436989483e+03 
       1.566728785685e-02       7.890825527744e+03 
       1.567452264142e-02       7.891212397620e+03 
       1.568175794033e-02       7.891597606540e+03 
       1.568899375409e-02       7.891981117146e+03 
       1.569623008324e-02       7.892362985572e+03 
       1.570346692829e-02       7.892743189009e+03 
       1.571070428976e-02       7.893121728360e+03 
       1.571794216819e-02       7.893498604531e+03 
       1.572518056409e-02       7.893873818430e+03 
       1.573241947799e-02       7.894247370959e+03 
       1.573965891042e-02       7.894619263029e+03 
       1.574689886190e-02       7.894989495548e+03 
       1.575413933297e-02       7.895358069428e+03 
       1.576138032414e-02       7.895724974528e+03 
       1.576862183595e-02       7.896090234688e+03 
       1.577586386893e-02       7.896453837071e+03 
       1.578310642361e-02       7.896815784287e+03 
       1.579034950052e-02       7.897176077237e+03 
       1.579759310020e-02       7.897534716824e+03 
       1.580483722317e-02       7.897891703955e+03 
       1.581208186998e-02       7.898247039545e+03 
       1.581932704114e-02       7.898600724511e+03 
       1.582657273721e-02       7.898952759780e+03 
       1.583381895872e-02       7.899303133046e+03 
       1.584106570620e-02       7.899651870423e+03 
       1.584831298019e-02       7.899998960587e+03 
       1.585556078123e-02       7.900344404457e+03 
       1.586280910986e-02       7.900688204814e+03 
       1.587005796662e-02       7.901030352136e+03 
       1.587730735205e-02       7.901370862026e+03 
       1.588455726669e-02       7.901709729126e+03 
       1.589180771108e-02       7.902046954331e+03 
       1.589905868577e-02       7.902382538537e+03 
       1.590631019131e-02       7.902716482641e+03 
       1.591356222822e-02       7.903048787546e+03 
       1.592081479707e-02       7.903379454169e+03 
       1.592806789840e-02       7.903708483421e+03 
       1.593532153276e-02       7.904035876228e+03 
       1.594257570068e-02       7.904361613453e+03 
       1.594983040273e-02       7.904685735957e+03 
       1.595708563945e-02       7.905008222853e+03 
       1.596434141139e-02       7.905329076595e+03 
       1.597159771910e-02       7.905648298065e+03 
       1.597885456314e-02       7.905965888146e+03 
       1.598611194405e-02       7.906281847723e+03 
       1.599336986240e-02       7.906596177686e+03 
       1.600062831873e-02       7.906908878925e+03 
       1.600788731359e-02       7.907219952335e+03 
       1.601514684756e-02       7.907529398820e+03 
       1.602240692117e-02       7.907837209338e+03 
       1.602966753500e-02       7.908143403703e+03 
       1.603692868959e-02       7.908447973683e+03 
       1.604419038551e-02       7.908750920140e+03 
       1.605145262332e-02       7.909052243958e+03 
       1.605871540357e-02       7.909351946018e+03 
       1.606597872684e-02       7.909650027206e+03 
       1.607324259367e-02       7.909946488414e+03 
       1.608050700464e-02       7.910241330539e+03 
       1.608777196031e-02       7.910534554401e+03 
       1.609503746124e-02       7.910826147209e+03 
       1.610230350800e-02       7.911116136126e+03 
       1.610957010115e-02       7.911404509343e+03 
       1.611683724126e-02       7.911691269806e+03 
       1.612410492891e-02       7.911976414295e+03 
       1.613137316465e-02       7.912259945725e+03 
       1.613864194906e-02       7.912541864986e+03 
       1.614591128271e-02       7.912822172984e+03 
       1.615318116617e-02       7.913100870631e+03 
       1.616045160001e-02       7.913377936033e+03 
       1.616772258481e-02       7.913653417368e+03 
       1.617499412113e-02       7.913927287213e+03 
       1.618226620956e-02       7.914199549932e+03 
       1.618953885066e-02       7.914470206392e+03 
       1.619681204502e-02       7.914739257465e+03 
       1.620408579321e-02       7.915006704023e+03 
       1.621136009581e-02       7.915272546938e+03 
       1.621863495340e-02       7.915536787087e+03 
       1.622591036655e-02       7.915799425350e+03 
       1.623318633586e-02       7.916060462604e+03 
       1.624046286189e-02       7.916319889326e+03 
       1.624773994523e-02       7.916577726238e+03 
       1.625501758646e-02       7.916833964636e+03 
       1.626229578617e-02       7.917088605370e+03 
       1.626957454494e-02       7.917341649315e+03 
       1.627685386336e-02       7.917593097333e+03 
       1.628413374201e-02       7.917842950299e+03 
       1.629141418149e-02       7.918091209096e+03 
       1.629869518236e-02       7.918337874613e+03 
       1.630597674524e-02       7.918582947433e+03 
       1.631325887070e-02       7.918826414624e+03 
       1.632054155934e-02       7.919068304193e+03 
       1.632782481174e-02       7.919308603770e+03 
       1.633510862851e-02       7.919547314217e+03 
       1.634239301022e-02       7.919784430635e+03 
       1.634967795748e-02       7.920019965863e+03 
       1.635696347088e-02       7.920253913597e+03 
       1.636424955102e-02       7.920486275583e+03 
       1.637153619849e-02       7.920717052684e+03 
       1.637882341389e-02       7.920946245760e+03 
       1.638611119781e-02       7.921173855677e+03 
       1.639339955087e-02       7.921399883305e+03 
       1.640068847364e-02       7.921624329520e+03 
       1.640797796675e-02       7.921847195210e+03 
       1.641526803078e-02       7.922068481262e+03 
       1.642255866634e-02       7.922288168310e+03 
       1.642984987403e-02       7.922506295554e+03 
       1.643714165446e-02       7.922722845743e+03 
       1.644443400823e-02       7.922937819442e+03 
       1.645172693595e-02       7.923151217503e+03 
       1.645902043822e-02       7.923363040782e+03 
       1.646631451566e-02       7.923573290133e+03 
       1.647360916886e-02       7.923781966423e+03 
       1.648090439845e-02       7.923989070501e+03 
       1.648820020502e-02       7.924194603236e+03 
       1.649549658919e-02       7.924398565367e+03 
       1.650279355157e-02       7.924600947114e+03 
       1.651009109278e-02       7.924801769968e+03 
       1.651738921342e-02       7.925001024760e+03 
       1.652468791412e-02       7.925198712331e+03 
       1.653198719549e-02       7.925394833530e+03 
       1.653928705813e-02       7.925589389208e+03 
       1.654658750268e-02       7.925782380231e+03 
       1.655388852975e-02       7.925973807452e+03 
       1.656119013995e-02       7.926163671746e+03 
       1.656849233391e-02       7.926351973430e+03 
       1.657579511225e-02       7.926538699651e+03 
       1.658309847559e-02       7.926723878927e+03 
       1.659040242454e-02       7.926907498503e+03 
       1.659770695974e-02       7.927089559217e+03 
       1.660501208182e-02       7.927270058475e+03 
       1.661231779138e-02       7.927449001903e+03 
       1.661962408906e-02       7.927626390581e+03 
       1.662693097549e-02       7.927802223699e+03 
       1.663423845129e-02       7.927976502101e+03 
       1.664154651710e-02       7.928149226628e+03 
       1.664885517353e-02       7.928320398131e+03 
       1.665616442123e-02       7.928490017464e+03 
       1.666347426082e-02       7.928658085483e+03 
       1.667078469294e-02       7.928824603058e+03 
       1.667809571821e-02       7.928989571066e+03 
       1.668540733728e-02       7.929152967490e+03 
       1.669271955078e-02       7.929314838692e+03 
       1.670003235933e-02       7.929475160930e+03 
       1.670734576359e-02       7.929633936674e+03 
       1.671465976418e-02       7.929791166757e+03 
       1.672197436175e-02       7.929946852014e+03 
       1.672928955694e-02       7.930100993281e+03 
       1.673660535038e-02       7.930253591396e+03 
       1.674392174271e-02       7.930404647198e+03 
       1.675123873459e-02       7.930554161533e+03 
       1.675855632664e-02       7.930702135254e+03 
       1.676587451952e-02       7.930848555992e+03 
       1.677319331387e-02       7.930993451917e+03 
       1.678051271034e-02       7.931136807670e+03 
       1.678783270957e-02       7.931278625995e+03 
       1.679515331221e-02       7.931418907724e+03 
       1.680247451891e-02       7.931557653692e+03 
       1.680979633032e-02       7.931694864741e+03 
       1.681711874708e-02       7.931830540970e+03 
       1.682444176986e-02       7.931964683736e+03 
       1.683176539929e-02       7.932097294130e+03 
       1.683908963605e-02       7.932228354575e+03 
       1.684641448077e-02       7.932357904215e+03 
       1.685373993412e-02       7.932485920941e+03 
       1.686106599674e-02       7.932612408411e+03 
       1.686839266930e-02       7.932737367267e+03 
       1.687571995246e-02       7.932860793235e+03 
       1.688304784688e-02       7.932982697382e+03 
       1.689037635320e-02       7.933103075496e+03 
       1.689770547210e-02       7.933221928407e+03 
       1.690503520423e-02       7.933339256938e+03 
       1.691236555027e-02       7.933455061920e+03 
       1.691969651086e-02       7.933569344184e+03 
       1.692702808668e-02       7.933682104568e+03 
       1.693436027839e-02       7.933793343919e+03 
       1.694169308666e-02       7.933903063086e+03 
       1.694902651215e-02       7.934011262312e+03 
       1.695636055554e-02       7.934117921419e+03 
       1.696369521748e-02       7.934223083009e+03 
       1.697103049866e-02       7.934326727487e+03 
       1.697836639975e-02       7.934428855617e+03 
       1.698570292140e-02       7.934529468207e+03 
       1.699304006431e-02       7.934628566082e+03 
       1.700037782913e-02       7.934726150054e+03 
       1.700771621656e-02       7.934822220949e+03 
       1.701505522725e-02       7.934916779586e+03 
       1.702239486189e-02       7.935009826796e+03 
       1.702973512117e-02       7.935101363324e+03 
       1.703707600574e-02       7.935191378316e+03 
       1.704441751630e-02       7.935279895128e+03 
       1.705175965353e-02       7.935366903668e+03 
       1.705910241810e-02       7.935452404719e+03 
       1.706644581071e-02       7.935536399002e+03 
       1.707378983203e-02       7.935618887503e+03 
       1.708113448274e-02       7.935699870962e+03 
       1.708847976354e-02       7.935779350207e+03 
       1.709582567511e-02       7.935857326065e+03 
       1.710317221813e-02       7.935933799375e+03 
       1.711051939330e-02       7.936008754815e+03 
       1.711786720131e-02       7.936082223895e+03 
       1.712521564284e-02       7.936154192819e+03 
       1.713256471859e-02       7.936224662240e+03 
       1.713991442925e-02       7.936293634215e+03 
       1.714726477550e-02       7.936361099995e+03 
       1.715461575806e-02       7.936427075237e+03 
       1.716196737761e-02       7.936491554039e+03 
       1.716931963484e-02       7.936554537366e+03 
       1.717667253046e-02       7.936616025952e+03 
       1.718402606517e-02       7.936676020605e+03 
       1.719138023965e-02       7.936734522144e+03 
       1.719873505462e-02       7.936791531384e+03 
       1.720609051078e-02       7.936847049148e+03 
       1.721344660882e-02       7.936901076266e+03 
       1.722080334944e-02       7.936953612849e+03 
       1.722816073337e-02       7.937004638285e+03 
       1.723551876129e-02       7.937054196357e+03 
       1.724287743392e-02       7.937102266710e+03 
       1.725023675196e-02       7.937148850155e+03 
       1.725759671612e-02       7.937193947409e+03 
       1.726495732711e-02       7.937237559421e+03 
       1.727231858564e-02       7.937279686921e+03 
       1.727968049242e-02       7.937320330706e+03 
       1.728704304817e-02       7.937359491592e+03 
       1.729440625359e-02       7.937397170379e+03 
       1.730177010940e-02       7.937433367891e+03 
       1.730913461632e-02       7.937468072769e+03 
       1.731649977507e-02       7.937501308977e+03 
       1.732386558635e-02       7.937533066214e+03 
       1.733123205089e-02       7.937563345195e+03 
       1.733859916941e-02       7.937592146711e+03 
       1.734596694263e-02       7.937619471556e+03 
       1.735333537127e-02       7.937645320529e+03 
       1.736070445605e-02       7.937669694338e+03 
       1.736807419770e-02       7.937692593974e+03 
       1.737544459693e-02       7.937714020173e+03 
       1.738281565449e-02       7.937733958635e+03 
       1.739018737108e-02       7.937752437589e+03 
       1.739755974744e-02       7.937769446702e+03 
       1.740493278431e-02       7.937784985326e+03 
       1.741230648240e-02       7.937799054255e+03 
       1.741968084245e-02       7.937811648571e+03 
       1.742705586519e-02       7.937822780060e+03 
       1.743443155136e-02       7.937832444176e+03 
       1.744180790168e-02       7.937840641664e+03 
       1.744918491689e-02       7.937847373349e+03 
       1.745656259774e-02       7.937852639914e+03 
       1.746394094495e-02       7.937856442316e+03 
       1.747131995926e-02       7.937858781277e+03 
       1.747869964141e-02       7.937859657601e+03 
       1.748607999215e-02       7.937859072109e+03 
       1.749346101221e-02       7.937857025618e+03 
       1.750084270234e-02       7.937853493482e+03 
       1.750822506327e-02       7.937848527325e+03 
       1.751560809576e-02       7.937842100296e+03 
       1.752299180055e-02       7.937834215164e+03 
       1.753037617838e-02       7.937824872542e+03 
       1.753776123001e-02       7.937814073368e+03 
       1.754514695618e-02       7.937801818365e+03 
       1.755253335764e-02       7.937788108229e+03 
       1.755992043514e-02       7.937772943898e+03 
       1.756730818944e-02       7.937756326088e+03 
       1.757469662128e-02       7.937738255586e+03 
       1.758208573143e-02       7.937718730832e+03 
       1.758947552063e-02       7.937697746483e+03 
       1.759686598964e-02       7.937675321458e+03 
       1.760425713922e-02       7.937651446709e+03 
       1.761164897013e-02       7.937626123040e+03 
       1.761904148312e-02       7.937599351137e+03 
       1.762643467896e-02       7.937571131880e+03 
       1.763382855841e-02       7.937541466020e+03 
       1.764122312224e-02       7.937510354346e+03 
       1.764861837119e-02       7.937477797654e+03 
       1.765601430605e-02       7.937443801377e+03 
       1.766341092757e-02       7.937408334484e+03 
       1.767080823653e-02       7.937371445883e+03 
       1.767820623368e-02       7.937333115165e+03 
       1.768560491981e-02       7.937293343095e+03 
       1.769300429567e-02       7.937252124649e+03 
       1.770040436205e-02       7.937209471739e+03 
       1.770780511971e-02       7.937165379688e+03 
       1.771520656943e-02       7.937119849285e+03 
       1.772260871198e-02       7.937072881310e+03 
       1.773001154813e-02       7.937024476546e+03 
       1.773741507868e-02       7.936974635722e+03 
       1.774481930438e-02       7.936923359660e+03 
       1.775222422603e-02       7.936870649033e+03 
       1.775962984439e-02       7.936816504801e+03 
       1.776703616027e-02       7.936760927688e+03 
       1.777444317442e-02       7.936703928565e+03 
       1.778185088765e-02       7.936645452655e+03 
       1.778925930073e-02       7.936585579365e+03 
       1.779666841445e-02       7.936524275963e+03 
       1.780407822959e-02       7.936461543205e+03 
       1.781148874695e-02       7.936397381848e+03 
       1.781889996732e-02       7.936331792723e+03 
       1.782631189147e-02       7.936264776409e+03 
       1.783372452022e-02       7.936196333854e+03 
       1.784113785434e-02       7.936126465765e+03 
       1.784855189463e-02       7.936055172834e+03 
       1.785596664189e-02       7.935982458138e+03 
       1.786338209691e-02       7.935908302833e+03 
       1.787079826049e-02       7.935832739174e+03 
       1.787821513342e-02       7.935755753653e+03 
       1.788563271652e-02       7.935677347022e+03 
       1.789305101057e-02       7.935597520043e+03 
       1.790047001638e-02       7.935516273474e+03 
       1.790788973475e-02       7.935433608106e+03 
       1.791531016649e-02       7.935349524610e+03 
       1.792273131240e-02       7.935264023863e+03 
       1.793015317329e-02       7.935177106503e+03 
       1.793757574996e-02       7.935088755911e+03 
       1.794499904322e-02       7.934999006522e+03 
       1.795242305389e-02       7.934907842518e+03 
       1.795984778277e-02       7.934815264909e+03 
       1.796727323067e-02       7.934721276107e+03 
       1.797469939842e-02       7.934625865425e+03 
       1.798212628682e-02       7.934529050735e+03 
       1.798955389668e-02       7.934430825330e+03 
       1.799698222884e-02       7.934331189840e+03 
       1.800441128409e-02       7.934230145141e+03 
       1.801184106327e-02       7.934127691937e+03 
       1.801927156719e-02       7.934023830996e+03 
       1.802670279667e-02       7.933918563086e+03 
       1.803413475255e-02       7.933811888939e+03 
       1.804156743563e-02       7.933703809367e+03 
       1.804900084674e-02       7.933594324132e+03 
       1.805643498672e-02       7.933483411712e+03 
       1.806386985639e-02       7.933371118299e+03 
       1.807130545657e-02       7.933257422148e+03 
       1.807874178810e-02       7.933142324023e+03 
       1.808617885181e-02       7.933025824664e+03 
       1.809361664852e-02       7.932907924814e+03 
       1.810105517908e-02       7.932788625218e+03 
       1.810849444432e-02       7.932667926621e+03 
       1.811593444507e-02       7.932545829838e+03 
       1.812337518217e-02       7.932422335453e+03 
       1.813081665645e-02       7.932297444388e+03 
       1.813825886877e-02       7.932171144451e+03 
       1.814570181995e-02       7.932043460816e+03 
       1.815314551084e-02       7.931914382731e+03 
       1.816058994228e-02       7.931783910707e+03 
       1.816803511512e-02       7.931652045478e+03 
       1.817548103019e-02       7.931518787800e+03 
       1.818292768836e-02       7.931384138413e+03 
       1.819037509046e-02       7.931248098070e+03 
       1.819782323735e-02       7.931110667526e+03 
       1.820527212987e-02       7.930971847573e+03 
       1.821272176887e-02       7.930831625390e+03 
       1.822017215522e-02       7.930690023289e+03 
       1.822762328976e-02       7.930547037847e+03 
       1.823507517334e-02       7.930402665720e+03 
       1.824252780683e-02       7.930256907608e+03 
       1.824998119108e-02       7.930109758019e+03 
       1.825743532694e-02       7.929961229746e+03 
       1.826489021529e-02       7.929811317606e+03 
       1.827234585698e-02       7.929660022368e+03 
       1.827980225287e-02       7.929507344762e+03 
       1.828725940383e-02       7.929353285558e+03 
       1.829471731072e-02       7.929197845406e+03 
       1.830217597441e-02       7.929041025136e+03 
       1.830963539576e-02       7.928882825459e+03 
       1.831709557565e-02       7.928723247150e+03 
       1.832455651495e-02       7.928562290981e+03 
       1.833201821452e-02       7.928399929236e+03 
       1.833948067523e-02       7.928236220981e+03 
       1.834694389797e-02       7.928071133192e+03 
       1.835440788360e-02       7.927904670226e+03 
       1.836187263301e-02       7.927736832728e+03 
       1.836933814707e-02       7.927567621419e+03 
       1.837680442665e-02       7.927397037027e+03 
       1.838427147265e-02       7.927225080278e+03 
       1.839173928593e-02       7.927051751900e+03 
       1.839920786739e-02       7.926877052631e+03 
       1.840667721790e-02       7.926700983205e+03 
       1.841414733836e-02       7.926523549793e+03 
       1.842161822964e-02       7.926344722937e+03 
       1.842908989264e-02       7.926164546256e+03 
       1.843656232824e-02       7.925983002168e+03 
       1.844403553734e-02       7.925800091304e+03 
       1.845150952083e-02       7.925615814550e+03 
       1.845898427959e-02       7.925430172555e+03 
       1.846645981453e-02       7.925243166047e+03 
       1.847393612653e-02       7.925054795769e+03 
       1.848141321650e-02       7.924865062458e+03 
       1.848889108533e-02       7.924673966211e+03 
       1.849636973393e-02       7.924481491044e+03 
       1.850384916319e-02       7.924287671498e+03 
       1.851132937401e-02       7.924092491598e+03 
       1.851881036731e-02       7.923895952083e+03 
       1.852629214397e-02       7.923698056209e+03 
       1.853377470491e-02       7.923498790480e+03 
       1.854125805104e-02       7.923298175839e+03 
       1.854874218326e-02       7.923096204252e+03 
       1.855622710249e-02       7.922892876632e+03 
       1.856371280963e-02       7.922688193602e+03 
       1.857119930559e-02       7.922482155883e+03 
       1.857868659130e-02       7.922274764196e+03 
       1.858617466766e-02       7.922066019271e+03 
       1.859366353560e-02       7.921855921844e+03 
       1.860115319602e-02       7.921644472651e+03 
       1.860864364986e-02       7.921431671635e+03 
       1.861613489802e-02       7.921217495650e+03 
       1.862362694143e-02       7.921001993336e+03 
       1.863111978102e-02       7.920785141887e+03 
       1.863861341770e-02       7.920566941949e+03 
       1.864610785241e-02       7.920347394124e+03 
       1.865360308606e-02       7.920126499305e+03 
       1.866109911960e-02       7.919904258118e+03 
       1.866859595394e-02       7.919680671274e+03 
       1.867609359003e-02       7.919455739486e+03 
       1.868359202879e-02       7.919229463471e+03 
       1.869109127115e-02       7.919001843953e+03 
       1.869859131805e-02       7.918772865669e+03 
       1.870609217043e-02       7.918542562656e+03 
       1.871359382923e-02       7.918310915631e+03 
       1.872109629538e-02       7.918077927760e+03 
       1.872859956982e-02       7.917843599750e+03 
       1.873610365350e-02       7.917607932307e+03 
       1.874360854737e-02       7.917370926048e+03 
       1.875111425235e-02       7.917132581854e+03 
       1.875862076941e-02       7.916892900360e+03 
       1.876612809949e-02       7.916651882292e+03 
       1.877363624353e-02       7.916409534241e+03 
       1.878114520249e-02       7.916165819884e+03 
       1.878865497732e-02       7.915920794779e+03 
       1.879616556897e-02       7.915674435710e+03 
       1.880367697840e-02       7.915426743379e+03 
       1.881118920656e-02       7.915177713895e+03 
       1.881870225441e-02       7.914927354884e+03 
       1.882621612290e-02       7.914675666382e+03 
       1.883373081301e-02       7.914422647325e+03 
       1.884124632568e-02       7.914168298319e+03 
       1.884876266188e-02       7.913912620231e+03 
       1.885627982258e-02       7.913655613713e+03 
       1.886379780874e-02       7.913397279389e+03 
       1.887131662133e-02       7.913137618050e+03 
       1.887883626131e-02       7.912876630382e+03 
       1.888635672966e-02       7.912614317119e+03 
       1.889387802735e-02       7.912350681595e+03 
       1.890140015535e-02       7.912085689418e+03 
       1.890892311463e-02       7.911819401379e+03 
       1.891644690617e-02       7.911551790237e+03 
       1.892397153094e-02       7.911282856672e+03 
       1.893149698993e-02       7.911012601368e+03 
       1.893902328412e-02       7.910741025006e+03 
       1.894655041448e-02       7.910468128164e+03 
       1.895407838200e-02       7.910193911737e+03 
       1.896160718765e-02       7.909918376327e+03 
       1.896913683244e-02       7.909641522642e+03 
       1.897666731734e-02       7.909363351374e+03 
       1.898419864334e-02       7.909083847493e+03 
       1.899173081144e-02       7.908803043907e+03 
       1.899926382262e-02       7.908520922794e+03 
       1.900679767787e-02       7.908237486689e+03 
       1.901433237820e-02       7.907952736342e+03 
       1.902186792459e-02       7.907666672270e+03 
       1.902940431804e-02       7.907379295327e+03 
       1.903694155956e-02       7.907090606151e+03 
       1.904447965014e-02       7.906800605336e+03 
       1.905201859078e-02       7.906509293770e+03 
       1.905955838248e-02       7.906216677211e+03 
       1.906709902626e-02       7.905922721049e+03 
       1.907464052311e-02       7.905627479502e+03 
       1.908218287404e-02       7.905330929651e+03 
       1.908972608007e-02       7.905033072176e+03 
       1.909727014220e-02       7.904733907946e+03 
       1.910481506144e-02       7.904433431870e+03 
       1.911236083881e-02       7.904131655176e+03 
       1.911990747533e-02       7.903828573526e+03 
       1.912745497200e-02       7.903524187602e+03 
       1.913500332984e-02       7.903218498086e+03 
       1.914255254989e-02       7.902911505571e+03 
       1.915010263315e-02       7.902603210934e+03 
       1.915765358064e-02       7.902293614488e+03 
       1.916520539340e-02       7.901982697390e+03 
       1.917275807245e-02       7.901670498694e+03 
       1.918031161881e-02       7.901357000227e+03 
       1.918786603351e-02       7.901042202715e+03 
       1.919542131758e-02       7.900726106829e+03 
       1.920297747206e-02       7.900408713256e+03 
       1.921053449797e-02       7.900090022663e+03 
       1.921809239636e-02       7.899770035742e+03 
       1.922565116825e-02       7.899448752810e+03 
       1.923321081468e-02       7.899126164520e+03 
       1.924077133670e-02       7.898802291652e+03 
       1.924833273533e-02       7.898477125105e+03 
       1.925589501164e-02       7.898150665477e+03 
       1.926345816665e-02       7.897822913443e+03 
       1.927102220141e-02       7.897493869698e+03 
       1.927858711698e-02       7.897163534920e+03 
       1.928615291439e-02       7.896831895541e+03 
       1.929371959470e-02       7.896498979398e+03 
       1.930128715896e-02       7.896164774259e+03 
       1.930885560822e-02       7.895829284836e+03 
       1.931642494354e-02       7.895492488508e+03 
       1.932399516597e-02       7.895154418940e+03 
       1.933156627656e-02       7.894815062719e+03 
       1.933913827639e-02       7.894474420505e+03 
       1.934671116651e-02       7.894132492837e+03 
       1.935428494797e-02       7.893789280591e+03 
       1.936185962185e-02       7.893444784328e+03 
       1.936943518921e-02       7.893099004716e+03 
       1.937701165112e-02       7.892751942414e+03 
       1.938458900865e-02       7.892403598094e+03 
       1.939216726285e-02       7.892053972426e+03 
       1.939974641482e-02       7.891703066080e+03 
       1.940732646562e-02       7.891350879728e+03 
       1.941490741632e-02       7.890997414067e+03 
       1.942248926800e-02       7.890642669784e+03 
       1.943007202174e-02       7.890286647591e+03 
       1.943765567862e-02       7.889929355275e+03 
       1.944524023972e-02       7.889570728996e+03 
       1.945282570612e-02       7.889210873613e+03 
       1.946041207891e-02       7.888849742509e+03 
       1.946799935918e-02       7.888487336328e+03 
       1.947558754800e-02       7.888123655716e+03 
       1.948317664648e-02       7.887758701323e+03 
       1.949076665569e-02       7.887392473792e+03 
       1.949835757674e-02       7.887024973775e+03 
       1.950594941072e-02       7.886656201913e+03 
       1.951354215872e-02       7.886286158873e+03 
       1.952113582183e-02       7.885914845294e+03 
       1.952873040117e-02       7.885542261828e+03 
       1.953632589783e-02       7.885168409125e+03 
       1.954392231291e-02       7.884793287736e+03 
       1.955151964752e-02       7.884416898518e+03 
       1.955911790276e-02       7.884039242050e+03 
       1.956671707974e-02       7.883660319009e+03 
       1.957431717956e-02       7.883280108116e+03 
       1.958191820335e-02       7.882898651732e+03 
       1.958952015220e-02       7.882515930832e+03 
       1.959712302724e-02       7.882131945685e+03 
       1.960472682958e-02       7.881746696925e+03 
       1.961233156033e-02       7.881360185205e+03 
       1.961993722062e-02       7.880972411161e+03 
       1.962754381156e-02       7.880583375439e+03 
       1.963515133429e-02       7.880193078683e+03 
       1.964275978991e-02       7.879801521434e+03 
       1.965036917956e-02       7.879408704527e+03 
       1.965797950437e-02       7.879014628528e+03 
       1.966559076546e-02       7.878619294140e+03 
       1.967320296396e-02       7.878222701886e+03 
       1.968081610101e-02       7.877824852586e+03 
       1.968843017774e-02       7.877425746822e+03 
       1.969604519528e-02       7.877025355089e+03 
       1.970366115478e-02       7.876623735614e+03 
       1.971127805736e-02       7.876220861750e+03 
       1.971889590418e-02       7.875816733688e+03 
       1.972651469638e-02       7.875411352062e+03 
       1.973413443509e-02       7.875004717508e+03 
       1.974175512147e-02       7.874596830567e+03 
       1.974937675666e-02       7.874187688965e+03 
       1.975699934181e-02       7.873777295140e+03 
       1.976462287808e-02       7.873365654630e+03 
       1.977224736661e-02       7.872952764301e+03 
       1.977987280856e-02       7.872538624770e+03 
       1.978749920508e-02       7.872123236677e+03 
       1.979512655734e-02       7.871706600664e+03 
       1.980275486649e-02       7.871288717367e+03 
       1.981038413370e-02       7.870869587434e+03 
       1.981801436013e-02       7.870449211514e+03 
       1.982564554693e-02       7.870027590264e+03 
       1.983327769529e-02       7.869604724302e+03 
       1.984091080637e-02       7.869180585969e+03 
       1.984854488133e-02       7.868755229929e+03 
       1.985617992135e-02       7.868328631248e+03 
       1.986381592761e-02       7.867900790095e+03 
       1.987145290127e-02       7.867471707106e+03 
       1.987909084352e-02       7.867041382902e+03 
       1.988672975554e-02       7.866609818112e+03 
       1.989436963850e-02       7.866177013362e+03 
       1.990201049359e-02       7.865742969268e+03 
       1.990965232200e-02       7.865307686477e+03 
       1.991729512490e-02       7.864871165633e+03 
       1.992493890348e-02       7.864433410039e+03 
       1.993258365895e-02       7.863994396826e+03 
       1.994022939248e-02       7.863554164262e+03 
       1.994787610527e-02       7.863112696057e+03 
       1.995552379852e-02       7.862669992747e+03 
       1.996317247343e-02       7.862226054951e+03 
       1.997082213118e-02       7.861780883300e+03 
       1.997847277298e-02       7.861334478413e+03 
       1.998612440004e-02       7.860886840926e+03 
       1.999377701356e-02       7.860437971479e+03 
       2.000143061474e-02       7.859987870716e+03 
       2.000908520480e-02       7.859536542495e+03 
       2.001674078494e-02       7.859083956040e+03 
       2.002439735636e-02       7.858630163361e+03 
       2.003205492030e-02       7.858175141632e+03 
       2.003971347796e-02       7.857718891378e+03 
       2.004737303055e-02       7.857261405956e+03 
       2.005503357931e-02       7.856802700507e+03 
       2.006269512544e-02       7.856342768106e+03 
       2.007035767017e-02       7.855881609654e+03 
       2.007802121472e-02       7.855419225760e+03 
       2.008568576033e-02       7.854955617041e+03 
       2.009335130821e-02       7.854490784108e+03 
       2.010101785960e-02       7.854024727591e+03 
       2.010868541574e-02       7.853557448098e+03 
       2.011635397784e-02       7.853088946276e+03 
       2.012402354716e-02       7.852619222762e+03 
       2.013169412492e-02       7.852148278200e+03 
       2.013936571237e-02       7.851676078792e+03 
       2.014703831075e-02       7.851202696597e+03 
       2.015471192129e-02       7.850728090013e+03 
       2.016238654526e-02       7.850252264496e+03 
       2.017006218388e-02       7.849775220661e+03 
       2.017773883841e-02       7.849296959101e+03 
       2.018541651011e-02       7.848817480426e+03 
       2.019309520022e-02       7.848336785240e+03 
       2.020077490999e-02       7.847854874156e+03 
       2.020845564070e-02       7.847371747784e+03 
       2.021613739358e-02       7.846887406747e+03 
       2.022382016991e-02       7.846401851666e+03 
       2.023150397094e-02       7.845915065094e+03 
       2.023918879794e-02       7.845427089147e+03 
       2.024687465217e-02       7.844937894415e+03 
       2.025456153491e-02       7.844447487917e+03 
       2.026224944742e-02       7.843955870261e+03 
       2.026993839098e-02       7.843463042075e+03 
       2.027762836685e-02       7.842969003975e+03 
       2.028531937632e-02       7.842473756578e+03 
       2.029301142066e-02       7.841977275726e+03 
       2.030070450114e-02       7.841479613522e+03 
       2.030839861907e-02       7.840980740048e+03 
       2.031609377570e-02       7.840480659475e+03 
       2.032378997234e-02       7.839979372476e+03 
       2.033148721026e-02       7.839476872331e+03 
       2.033918549077e-02       7.838973173243e+03 
       2.034688481514e-02       7.838468269570e+03 
       2.035458518467e-02       7.837962161693e+03 
       2.036228660067e-02       7.837454850204e+03 
       2.036998906441e-02       7.836946335705e+03 
       2.037769257721e-02       7.836436618791e+03 
       2.038539714037e-02       7.835925700070e+03 
       2.039310275519e-02       7.835413580154e+03 
       2.040080942296e-02       7.834900259658e+03 
       2.040851714501e-02       7.834385739205e+03 
       2.041622592264e-02       7.833870028937e+03 
       2.042393575717e-02       7.833353070294e+03 
       2.043164664989e-02       7.832834951156e+03 
       2.043935860214e-02       7.832315634060e+03 
       2.044707161522e-02       7.831795119743e+03 
       2.045478569047e-02       7.831273408704e+03 
       2.046250082918e-02       7.830750501528e+03 
       2.047021703271e-02       7.830226398816e+03 
       2.047793430235e-02       7.829701101153e+03 
       2.048565263946e-02       7.829174609137e+03 
       2.049337204534e-02       7.828646923361e+03 
       2.050109252135e-02       7.828118044428e+03 
       2.050881406880e-02       7.827587957185e+03 
       2.051653668903e-02       7.827056692786e+03 
       2.052426038339e-02       7.826524236483e+03 
       2.053198515322e-02       7.825990589247e+03 
       2.053971099984e-02       7.825455751494e+03 
       2.054743792462e-02       7.824919724003e+03 
       2.055516592889e-02       7.824382507279e+03 
       2.056289501400e-02       7.823844101930e+03 
       2.057062518130e-02       7.823304508527e+03 
       2.057835643215e-02       7.822763727686e+03 
       2.058608876790e-02       7.822221765939e+03 
       2.059382218990e-02       7.821678584091e+03 
       2.060155669952e-02       7.821134242774e+03 
       2.060929229812e-02       7.820588716144e+03 
       2.061702898705e-02       7.820042004788e+03 
       2.062476676768e-02       7.819494110845e+03 
       2.063250564138e-02       7.818945022516e+03 
       2.064024560953e-02       7.818394759692e+03 
       2.064798667348e-02       7.817843314436e+03 
       2.065572883461e-02       7.817290687234e+03 
       2.066347209431e-02       7.816736878653e+03 
       2.067121645394e-02       7.816181889282e+03 
       2.067896191489e-02       7.815625719702e+03 
       2.068670847853e-02       7.815068370507e+03 
       2.069445614626e-02       7.814509842292e+03 
       2.070220491946e-02       7.813950135653e+03 
       2.070995479951e-02       7.813389250707e+03 
       2.071770578781e-02       7.812827159073e+03 
       2.072545788575e-02       7.812263918614e+03 
       2.073321109472e-02       7.811699501544e+03 
       2.074096541613e-02       7.811133908516e+03 
       2.074872085136e-02       7.810567140289e+03 
       2.075647740183e-02       7.809999197339e+03 
       2.076423506894e-02       7.809430080230e+03 
       2.077199385408e-02       7.808859789537e+03 
       2.077975375868e-02       7.808288325826e+03 
       2.078751478414e-02       7.807715689662e+03 
       2.079527693186e-02       7.807141881644e+03 
       2.080304020328e-02       7.806566908224e+03 
       2.081080459979e-02       7.805990735821e+03 
       2.081857012283e-02       7.805413414322e+03 
       2.082633677382e-02       7.804834923054e+03 
       2.083410455416e-02       7.804255262581e+03 
       2.084187346531e-02       7.803674433356e+03 
       2.084964350867e-02       7.803092436152e+03 
       2.085741468568e-02       7.802509271452e+03 
       2.086518699777e-02       7.801924939830e+03 
       2.087296044638e-02       7.801339441871e+03 
       2.088073503295e-02       7.800752777999e+03 
       2.088851075891e-02       7.800164927567e+03 
       2.089628762570e-02       7.799575932380e+03 
       2.090406563477e-02       7.798985772873e+03 
       2.091184478756e-02       7.798394449647e+03 
       2.091962508552e-02       7.797801963780e+03 
       2.092740653011e-02       7.797208306592e+03 
       2.093518912277e-02       7.796613494886e+03 
       2.094297286496e-02       7.796017521448e+03 
       2.095075775814e-02       7.795420387050e+03 
       2.095854380376e-02       7.794822092148e+03 
       2.096633100329e-02       7.794222637304e+03 
       2.097411935819e-02       7.793622023084e+03 
       2.098190886993e-02       7.793020250057e+03 
       2.098969953998e-02       7.792417318793e+03 
       2.099749136980e-02       7.791813229959e+03 
       2.100528436088e-02       7.791207983881e+03 
       2.101307851468e-02       7.790601572395e+03 
       2.102087383269e-02       7.789993990823e+03 
       2.102867031638e-02       7.789385274441e+03 
       2.103646796725e-02       7.788775402869e+03 
       2.104426678676e-02       7.788164376524e+03 
       2.105206677641e-02       7.787552196169e+03 
       2.105986793770e-02       7.786938862246e+03 
       2.106767027210e-02       7.786324375309e+03 
       2.107547378112e-02       7.785708735904e+03 
       2.108327846625e-02       7.785091944584e+03 
       2.109108432900e-02       7.784474001903e+03 
       2.109889137086e-02       7.783854907945e+03 
       2.110669959333e-02       7.783234648474e+03 
       2.111450899793e-02       7.782613253826e+03 
       2.112231958616e-02       7.781990709839e+03 
       2.113013135953e-02       7.781367017064e+03 
       2.113794431956e-02       7.780742176040e+03 
       2.114575846775e-02       7.780116187184e+03 
       2.115357380564e-02       7.779489051277e+03 
       2.116139033474e-02       7.778860768757e+03 
       2.116920805658e-02       7.778231340188e+03 
       2.117702697267e-02       7.777600766124e+03 
       2.118484708454e-02       7.776969055893e+03 
       2.119266839374e-02       7.776336160882e+03 
       2.120049090178e-02       7.775702151784e+03 
       2.120831461021e-02       7.775066999182e+03 
       2.121613952056e-02       7.774430703572e+03 
       2.122396563437e-02       7.773793258432e+03 
       2.123179295319e-02       7.773154677429e+03 
       2.123962147855e-02       7.772514955238e+03 
       2.124745121202e-02       7.771874092173e+03 
       2.125528215512e-02       7.771232088680e+03 
       2.126311430943e-02       7.770588945291e+03 
       2.127094767649e-02       7.769944662551e+03 
       2.127878225786e-02       7.769299240996e+03 
       2.128661805510e-02       7.768652681173e+03 
       2.129445506977e-02       7.768004983633e+03 
       2.130229330344e-02       7.767356148929e+03 
       2.131013275768e-02       7.766706176603e+03 
       2.131797343405e-02       7.766055038844e+03 
       2.132581533412e-02       7.765402793613e+03 
       2.133365845947e-02       7.764749413000e+03 
       2.134150281169e-02       7.764094897452e+03 
       2.134934839234e-02       7.763439247694e+03 
       2.135719520301e-02       7.762782464156e+03 
       2.136504324528e-02       7.762124547361e+03 
       2.137289252075e-02       7.761465497844e+03 
       2.138074303099e-02       7.760805316135e+03 
       2.138859477762e-02       7.760144002762e+03 
       2.139644776221e-02       7.759481558264e+03 
       2.140430198636e-02       7.758817989949e+03 
       2.141215745169e-02       7.758153261057e+03 
       2.142001415978e-02       7.757487425039e+03 
       2.142787211225e-02       7.756820459817e+03 
       2.143573131070e-02       7.756152365907e+03 
       2.144359175674e-02       7.755483143711e+03 
       2.145145345199e-02       7.754812793968e+03 
       2.145931639806e-02       7.754141317108e+03 
       2.146718059657e-02       7.753468713663e+03 
       2.147504604913e-02       7.752794984169e+03 
       2.148291275739e-02       7.752120129172e+03 
       2.149078072295e-02       7.751444125194e+03 
       2.149864994744e-02       7.750767020876e+03 
       2.150652043251e-02       7.750088790593e+03 
       2.151439217978e-02       7.749409436650e+03 
       2.152226519089e-02       7.748728959425e+03 
       2.153013946748e-02       7.748047352014e+03 
       2.153801501119e-02       7.747364629624e+03 
       2.154589182366e-02       7.746680785346e+03 
       2.155376990654e-02       7.745995819983e+03 
       2.156164926148e-02       7.745309733934e+03 
       2.156952989014e-02       7.744622527720e+03 
       2.157741179417e-02       7.743934201848e+03 
       2.158529497522e-02       7.743244756852e+03 
       2.159317943496e-02       7.742554193247e+03 
       2.160106517505e-02       7.741862511571e+03 
       2.160895219715e-02       7.741169712359e+03 
       2.161684050294e-02       7.740475804559e+03 
       2.162473009408e-02       7.739780730968e+03 
       2.163262097225e-02       7.739084579798e+03 
       2.164051313913e-02       7.738387312700e+03 
       2.164840659639e-02       7.737688930370e+03 
       2.165630134572e-02       7.736989433214e+03 
       2.166419738880e-02       7.736288821728e+03 
       2.167209472732e-02       7.735587096422e+03 
       2.167999336296e-02       7.734884257803e+03 
       2.168789329743e-02       7.734180306367e+03 
       2.169579453242e-02       7.733475242637e+03 
       2.170369706962e-02       7.732769067125e+03 
       2.171160091075e-02       7.732061772085e+03 
       2.171950605749e-02       7.731353365295e+03 
       2.172741251156e-02       7.730643856107e+03 
       2.173532027467e-02       7.729933236971e+03 
       2.174322934853e-02       7.729221508258e+03 
       2.175113973485e-02       7.728508670683e+03 
       2.175905143536e-02       7.727794724649e+03 
       2.176696445177e-02       7.727079670658e+03 
       2.177487878581e-02       7.726363509220e+03 
       2.178279443920e-02       7.725646240864e+03 
       2.179071141367e-02       7.724927865895e+03 
       2.179862971096e-02       7.724208362811e+03 
       2.180654933280e-02       7.723487774750e+03 
       2.181447028093e-02       7.722766081773e+03 
       2.182239255708e-02       7.722043284127e+03 
       2.183031616301e-02       7.721319382086e+03 
       2.183824110045e-02       7.720594368871e+03 
       2.184616737116e-02       7.719868259417e+03 
       2.185409497689e-02       7.719141047299e+03 
       2.186202391938e-02       7.718412732873e+03 
       2.186995420042e-02       7.717683316637e+03 
       2.187788582174e-02       7.716952799073e+03 
       2.188581878511e-02       7.716221180680e+03 
       2.189375309231e-02       7.715488461951e+03 
       2.190168874510e-02       7.714754643385e+03 
       2.190962574525e-02       7.714019725489e+03 
       2.191756409453e-02       7.713283708789e+03 
       2.192550379473e-02       7.712546603464e+03 
       2.193344484763e-02       7.711808347857e+03 
       2.194138725501e-02       7.711069035082e+03 
       2.194933101865e-02       7.710328625207e+03 
       2.195727614035e-02       7.709587118617e+03 
       2.196522262190e-02       7.708844515783e+03 
       2.197317046509e-02       7.708100817191e+03 
       2.198111967173e-02       7.707356023319e+03 
       2.198907024361e-02       7.706610134651e+03 
       2.199702218254e-02       7.705863151674e+03 
       2.200497549032e-02       7.705115074870e+03 
       2.201293016877e-02       7.704365904747e+03 
       2.202088621970e-02       7.703615638615e+03 
       2.202884364493e-02       7.702864268703e+03 
       2.203680244627e-02       7.702111820100e+03 
       2.204476262556e-02       7.701358279772e+03 
       2.205272418460e-02       7.700603648422e+03 
       2.206068712524e-02       7.699847926417e+03 
       2.206865144930e-02       7.699091114240e+03 
       2.207661715862e-02       7.698333212368e+03 
       2.208458425503e-02       7.697574221289e+03 
       2.209255274038e-02       7.696814141490e+03 
       2.210052261651e-02       7.696052973471e+03 
       2.210849388527e-02       7.695290693950e+03 
       2.211646654850e-02       7.694527349956e+03 
       2.212444060806e-02       7.693762918198e+03 
       2.213241606581e-02       7.692997399875e+03 
       2.214039292360e-02       7.692230795233e+03 
       2.214837118330e-02       7.691463097254e+03 
       2.215635084676e-02       7.690694321418e+03 
       2.216433191587e-02       7.689924460795e+03 
       2.217231439249e-02       7.689153515855e+03 
       2.218029827849e-02       7.688381487057e+03 
       2.218828357576e-02       7.687608374874e+03 
       2.219627028617e-02       7.686834179773e+03 
       2.220425841160e-02       7.686058902223e+03 
       2.221224795395e-02       7.685282542708e+03 
       2.222023891511e-02       7.684505101710e+03 
       2.222823129696e-02       7.683726579719e+03 
       2.223622510141e-02       7.682946978070e+03 
       2.224422033035e-02       7.682166261380e+03 
       2.225221698569e-02       7.681384496724e+03 
       2.226021506934e-02       7.680601652641e+03 
       2.226821458319e-02       7.679817729547e+03 
       2.227621552917e-02       7.679032727889e+03 
       2.228421790919e-02       7.678246648132e+03 
       2.229222172517e-02       7.677459490729e+03 
       2.230022697902e-02       7.676671256137e+03 
       2.230823367269e-02       7.675881944811e+03 
       2.231624180809e-02       7.675091557228e+03 
       2.232425138715e-02       7.674300093853e+03 
       2.233226241182e-02       7.673507560249e+03 
       2.234027488402e-02       7.672713923894e+03 
       2.234828880571e-02       7.671919234422e+03 
       2.235630417882e-02       7.671123470912e+03 
       2.236432100530e-02       7.670326633693e+03 
       2.237233928711e-02       7.669528723316e+03 
       2.238035902620e-02       7.668729739941e+03 
       2.238838022452e-02       7.667929684313e+03 
       2.239640288404e-02       7.667128556796e+03 
       2.240442700673e-02       7.666326357849e+03 
       2.241245259454e-02       7.665523087949e+03 
       2.242047964946e-02       7.664718754035e+03 
       2.242850817345e-02       7.663913312620e+03 
       2.243653816849e-02       7.663106830735e+03 
       2.244456963657e-02       7.662299279342e+03 
       2.245260257966e-02       7.661490659110e+03 
       2.246063699976e-02       7.660680967092e+03 
       2.246867289886e-02       7.659870205091e+03 
       2.247671027895e-02       7.659058380047e+03 
       2.248474914203e-02       7.658245487743e+03 
       2.249278949010e-02       7.657431528628e+03 
       2.250083132516e-02       7.656616503140e+03 
       2.250887464923e-02       7.655800411715e+03 
       2.251691946431e-02       7.654983254811e+03 
       2.252496577242e-02       7.654165032872e+03 
       2.253301357557e-02       7.653345746358e+03 
       2.254106287580e-02       7.652525395728e+03 
       2.254911367512e-02       7.651703981292e+03 
       2.255716597556e-02       7.650881465041e+03 
       2.256521977916e-02       7.650057928399e+03 
       2.257327508794e-02       7.649233323101e+03 
       2.258133190396e-02       7.648407655568e+03 
       2.258939022924e-02       7.647580926228e+03 
       2.259745006584e-02       7.646753135512e+03 
       2.260551141581e-02       7.645924283847e+03 
       2.261357428119e-02       7.645094371674e+03 
       2.262163866405e-02       7.644263399426e+03 
       2.262970456645e-02       7.643431367545e+03 
       2.263777199044e-02       7.642598276468e+03 
       2.264584093809e-02       7.641764126431e+03 
       2.265391141148e-02       7.640928901253e+03 
       2.266198341268e-02       7.640092633580e+03 
       2.267005694377e-02       7.639255308580e+03 
       2.267813200682e-02       7.638416926352e+03 
       2.268620860392e-02       7.637577487320e+03 
       2.269428673717e-02       7.636736991907e+03 
       2.270236640864e-02       7.635895440544e+03 
       2.271044762044e-02       7.635052833655e+03 
       2.271853037466e-02       7.634209171692e+03 
       2.272661467341e-02       7.633364455139e+03 
       2.273470051880e-02       7.632518683660e+03 
       2.274278791292e-02       7.631671835630e+03 
       2.275087685791e-02       7.630823955912e+03 
       2.275896735586e-02       7.629975023082e+03 
       2.276705940891e-02       7.629125037518e+03 
       2.277515301918e-02       7.628274000529e+03 
       2.278324818879e-02       7.627421901594e+03 
       2.279134491988e-02       7.626568759746e+03 
       2.279944321458e-02       7.625714566745e+03 
       2.280754307503e-02       7.624859323003e+03 
       2.281564450338e-02       7.624003028948e+03 
       2.282374750176e-02       7.623145684989e+03 
       2.283185207233e-02       7.622287291587e+03 
       2.283995821724e-02       7.621427849044e+03 
       2.284806593866e-02       7.620567357770e+03 
       2.285617523873e-02       7.619705818400e+03 
       2.286428611963e-02       7.618843231268e+03 
       2.287239858352e-02       7.617979608370e+03 
       2.288051263258e-02       7.617114881091e+03 
       2.288862826898e-02       7.616249150671e+03 
       2.289674549490e-02       7.615382373822e+03 
       2.290486431253e-02       7.614514550950e+03 
       2.291298472405e-02       7.613645682457e+03 
       2.292110673165e-02       7.612775768757e+03 
       2.292923033753e-02       7.611904810264e+03 
       2.293735554389e-02       7.611032807348e+03 
       2.294548235293e-02       7.610159760334e+03 
       2.295361076685e-02       7.609285669836e+03 
       2.296174078787e-02       7.608410536180e+03 
       2.296987241819e-02       7.607534356457e+03 
       2.297800566005e-02       7.606657122663e+03 
       2.298614051565e-02       7.605778860561e+03 
       2.299427698723e-02       7.604899556725e+03 
       2.300241507701e-02       7.604019211554e+03 
       2.301055478723e-02       7.603137825442e+03 
       2.301869612012e-02       7.602255398809e+03 
       2.302683907792e-02       7.601371932051e+03 
       2.303498366289e-02       7.600487425581e+03 
       2.304312987727e-02       7.599601879817e+03 
       2.305127772330e-02       7.598715295042e+03 
       2.305942720326e-02       7.597827646123e+03 
       2.306757831939e-02       7.596938985253e+03 
       2.307573107397e-02       7.596049284433e+03 
       2.308388546926e-02       7.595158546174e+03 
       2.309204150754e-02       7.594266770565e+03 
       2.310019919107e-02       7.593373950370e+03 
       2.310835852215e-02       7.592480101087e+03 
       2.311651950305e-02       7.591585215910e+03 
       2.312468213607e-02       7.590689295082e+03 
       2.313284642350e-02       7.589792338990e+03 
       2.314101236762e-02       7.588894348020e+03 
       2.314917997076e-02       7.587995322433e+03 
       2.315734923520e-02       7.587095262861e+03 
       2.316552016325e-02       7.586194169595e+03 
       2.317369275724e-02       7.585292043047e+03 
       2.318186701947e-02       7.584388883631e+03 
       2.319004295227e-02       7.583484694386e+03 
       2.319822055796e-02       7.582579433775e+03 
       2.320639983888e-02       7.581673175663e+03 
       2.321458079734e-02       7.580765885931e+03 
       2.322276343570e-02       7.579857564952e+03 
       2.323094775629e-02       7.578948213097e+03 
       2.323913376146e-02       7.578037830740e+03 
       2.324732145356e-02       7.577126418135e+03 
       2.325551083493e-02       7.576213975881e+03 
       2.326370190795e-02       7.575300504265e+03 
       2.327189467497e-02       7.574386003667e+03 
       2.328008913835e-02       7.573470474482e+03 
       2.328828530047e-02       7.572553924152e+03 
       2.329648316370e-02       7.571636313663e+03 
       2.330468273043e-02       7.570717699637e+03 
       2.331288400302e-02       7.569798058343e+03 
       2.332108698388e-02       7.568877390168e+03 
       2.332929167539e-02       7.567955695479e+03 
       2.333749807995e-02       7.567032974655e+03 
       2.334570619996e-02       7.566109227946e+03 
       2.335391603782e-02       7.565184455950e+03 
       2.336212759593e-02       7.564258658962e+03 
       2.337034087673e-02       7.563331837372e+03 
       2.337855588261e-02       7.562403970694e+03 
       2.338677261600e-02       7.561475096605e+03 
       2.339499107933e-02       7.560545201569e+03 
       2.340321127503e-02       7.559614283185e+03 
       2.341143320553e-02       7.558682341818e+03 
       2.341965687326e-02       7.557749368581e+03 
       2.342788228068e-02       7.556815382817e+03 
       2.343610943023e-02       7.555880374023e+03 
       2.344433832437e-02       7.554944343605e+03 
       2.345256896554e-02       7.554007291794e+03 
       2.346080135620e-02       7.553069219192e+03 
       2.346903549883e-02       7.552130126055e+03 
       2.347727139589e-02       7.551190012755e+03 
       2.348550904986e-02       7.550248879660e+03 
       2.349374846321e-02       7.549306727152e+03 
       2.350198963843e-02       7.548363555618e+03 
       2.351023257800e-02       7.547419364257e+03 
       2.351847728441e-02       7.546474122724e+03 
       2.352672376017e-02       7.545527894117e+03 
       2.353497200776e-02       7.544580647395e+03 
       2.354322202970e-02       7.543632383115e+03 
       2.355147382850e-02       7.542683101498e+03 
       2.355972740666e-02       7.541732803126e+03 
       2.356798276671e-02       7.540781488244e+03 
       2.357623991117e-02       7.539829157206e+03 
       2.358449884256e-02       7.538875810366e+03 
       2.359275956343e-02       7.537921448082e+03 
       2.360102207630e-02       7.536966070712e+03 
       2.360928638371e-02       7.536009683482e+03 
       2.361755248822e-02       7.535052253945e+03 
       2.362582039237e-02       7.534093832109e+03 
       2.363409009872e-02       7.533134396413e+03 
       2.364236160982e-02       7.532173947198e+03 
       2.365063492824e-02       7.531212484680e+03 
       2.365891005656e-02       7.530250009423e+03 
       2.366718699733e-02       7.529286521700e+03 
       2.367546575315e-02       7.528322021833e+03 
       2.368374632659e-02       7.527356510194e+03 
       2.369202872024e-02       7.526389987152e+03 
       2.370031293669e-02       7.525422453390e+03 
       2.370859897854e-02       7.524453882928e+03 
       2.371688684839e-02       7.523484325859e+03 
       2.372517654885e-02       7.522513758531e+03 
       2.373346808252e-02       7.521542181272e+03 
       2.374176145203e-02       7.520569586026e+03 
       2.375005665999e-02       7.519595989401e+03 
       2.375835370903e-02       7.518621383679e+03 
       2.376665260178e-02       7.517645769276e+03 
       2.377495334087e-02       7.516669146519e+03 
       2.378325592894e-02       7.515691515746e+03 
       2.379156036864e-02       7.514712877294e+03 
       2.379986666261e-02       7.513733231501e+03 
       2.380817481352e-02       7.512752578709e+03 
       2.381648482401e-02       7.511770919258e+03 
       2.382479669676e-02       7.510788253518e+03 
       2.383311043442e-02       7.509804581595e+03 
       2.384142603968e-02       7.508819871113e+03 
       2.384974351521e-02       7.507834185497e+03 
       2.385806286369e-02       7.506847495088e+03 
       2.386638408782e-02       7.505859799832e+03 
       2.387470719029e-02       7.504871099925e+03 
       2.388303217378e-02       7.503881395698e+03 
       2.389135904102e-02       7.502890687463e+03 
       2.389968779470e-02       7.501898975547e+03 
       2.390801843753e-02       7.500906260276e+03 
       2.391635097224e-02       7.499912541971e+03 
       2.392468540155e-02       7.498917821020e+03 
       2.393302172818e-02       7.497922099746e+03 
       2.394135995487e-02       7.496925353999e+03 
       2.394970008436e-02       7.495927625548e+03 
       2.395804211938e-02       7.494928895357e+03 
       2.396638606269e-02       7.493929163992e+03 
       2.397473191704e-02       7.492928431651e+03 
       2.398307968518e-02       7.491926698656e+03 
       2.399142936988e-02       7.490923965319e+03 
       2.399978097392e-02       7.489920231967e+03 
       2.400813450005e-02       7.488915498927e+03 
       2.401648995106e-02       7.487909766530e+03 
       2.402484732974e-02       7.486903045342e+03 
       2.403320663886e-02       7.485895279712e+03 
       2.404156788123e-02       7.484886549337e+03 
       2.404993105965e-02       7.483876820637e+03 
       2.405829617691e-02       7.482866093782e+03 
       2.406666323583e-02       7.481854369330e+03 
       2.407503223922e-02       7.480841638655e+03 
       2.408340318990e-02       7.479827919032e+03 
       2.409177609070e-02       7.478813202518e+03 
       2.410015094445e-02       7.477797489419e+03 
       2.410852775398e-02       7.476780780034e+03 
       2.411690652213e-02       7.475763074663e+03 
       2.412528725175e-02       7.474744373619e+03 
       2.413366994569e-02       7.473724677213e+03 
       2.414205460680e-02       7.472703985761e+03 
       2.415044123796e-02       7.471682299582e+03 
       2.415882984202e-02       7.470659618874e+03 
       2.416722042186e-02       7.469635904213e+03 
       2.417561298035e-02       7.468611239247e+03 
       2.418400752038e-02       7.467585574603e+03 
       2.419240404484e-02       7.466558916313e+03 
       2.420080255663e-02       7.465531264827e+03 
       2.420920305863e-02       7.464502620381e+03 
       2.421760555376e-02       7.463472983264e+03 
       2.422601004493e-02       7.462442353771e+03 
       2.423441653504e-02       7.461410732201e+03 
       2.424282502704e-02       7.460378118847e+03 
       2.425123552383e-02       7.459344514005e+03 
       2.425964802835e-02       7.458309917279e+03 
       2.426806254355e-02       7.457274312596e+03 
       2.427647907235e-02       7.456237733832e+03 
       2.428489761772e-02       7.455200164441e+03 
       2.429331818261e-02       7.454161604849e+03 
       2.430174076997e-02       7.453122055237e+03 
       2.431016538277e-02       7.452081515992e+03 
       2.431859202398e-02       7.451039987367e+03 
       2.432702069658e-02       7.449997469652e+03 
       2.433545140356e-02       7.448953963152e+03 
       2.434388414789e-02       7.447909468167e+03 
       2.435231893257e-02       7.446863990903e+03 
       2.436075576060e-02       7.445817488600e+03 
       2.436919463499e-02       7.444770028050e+03 
       2.437763555874e-02       7.443721579910e+03 
       2.438607853487e-02       7.442672144462e+03 
       2.439452356641e-02       7.441621725121e+03 
       2.440297065637e-02       7.440570303972e+03 
       2.441141980780e-02       7.439517907600e+03 
       2.441987102374e-02       7.438464524918e+03 
       2.442832430722e-02       7.437410156194e+03 
       2.443677966129e-02       7.436354801704e+03 
       2.444523708902e-02       7.435298461714e+03 
       2.445369659347e-02       7.434241136503e+03 
       2.446215817770e-02       7.433182826206e+03 
       2.447062184479e-02       7.432123531348e+03 
       2.447908759781e-02       7.431063252113e+03 
       2.448755543985e-02       7.430001988809e+03 
       2.449602537401e-02       7.428939742065e+03 
       2.450449740338e-02       7.427876474827e+03 
       2.451297153106e-02       7.426812258270e+03 
       2.452144776016e-02       7.425747058368e+03 
       2.452992609380e-02       7.424680875381e+03 
       2.453840653509e-02       7.423613709573e+03 
       2.454688908717e-02       7.422545561197e+03 
       2.455537375317e-02       7.421476430547e+03 
       2.456386053622e-02       7.420406317635e+03 
       2.457234943947e-02       7.419335223074e+03 
       2.458084046607e-02       7.418263146981e+03 
       2.458933361917e-02       7.417190089630e+03 
       2.459782890195e-02       7.416116030283e+03 
       2.460632631756e-02       7.415041012847e+03 
       2.461482586919e-02       7.413965011797e+03 
       2.462332756001e-02       7.412888030312e+03 
       2.463183139322e-02       7.411810068644e+03 
       2.464033737200e-02       7.410731127047e+03 
       2.464884549955e-02       7.409651205773e+03 
       2.465735577908e-02       7.408570305081e+03 
       2.466586821380e-02       7.407488425149e+03 
       2.467438280692e-02       7.406405566315e+03 
       2.468289956169e-02       7.405321728120e+03 
       2.469141848131e-02       7.404236888021e+03 
       2.469993956903e-02       7.403151092502e+03 
       2.470846282809e-02       7.402064318714e+03 
       2.471698826175e-02       7.400976567049e+03 
       2.472551587324e-02       7.399887838057e+03 
       2.473404566585e-02       7.398798122374e+03 
       2.474257764283e-02       7.397707437874e+03 
       2.475111180746e-02       7.396615776383e+03 
       2.475964816301e-02       7.395523138117e+03 
       2.476818671278e-02       7.394429523243e+03 
       2.477672746006e-02       7.393334932017e+03 
       2.478527040815e-02       7.392239364798e+03 
       2.479381556035e-02       7.391142821757e+03 
       2.480236291998e-02       7.390045303133e+03 
       2.481091249036e-02       7.388946809187e+03 
       2.481946427480e-02       7.387847340181e+03 
       2.482801827664e-02       7.386746905710e+03 
       2.483657449923e-02       7.385645442151e+03 
       2.484513294590e-02       7.384543046842e+03 
       2.485369362000e-02       7.383439677086e+03 
       2.486225652490e-02       7.382335333097e+03 
       2.487082166395e-02       7.381230014948e+03 
       2.487938904053e-02       7.380123723122e+03 
       2.488795865802e-02       7.379016457719e+03 
       2.489653051979e-02       7.377908218970e+03 
       2.490510462925e-02       7.376799007096e+03 
       2.491368098978e-02       7.375688822328e+03 
       2.492225960479e-02       7.374577664901e+03 
       2.493084047769e-02       7.373465542103e+03 
       2.493942361190e-02       7.372352413898e+03 
       2.494800901084e-02       7.371238338430e+03 
       2.495659667794e-02       7.370123290997e+03 
       2.496518661664e-02       7.369007271814e+03 
       2.497377883038e-02       7.367890280938e+03 
       2.498237332262e-02       7.366772318862e+03 
       2.499097009680e-02       7.365653385680e+03 
       2.499956915641e-02       7.364533481622e+03 
       2.500817050490e-02       7.363412606911e+03 
       2.501677414575e-02       7.362290761772e+03 
       2.502538008245e-02       7.361167922277e+03 
       2.503398831850e-02       7.360044134815e+03 
       2.504259885738e-02       7.358919377784e+03 
       2.505121170260e-02       7.357793650949e+03 
       2.505982685769e-02       7.356666954512e+03 
       2.506844432614e-02       7.355539279123e+03 
       2.507706411150e-02       7.354410644657e+03 
       2.508568621730e-02       7.353281039929e+03 
       2.509431064707e-02       7.352150466311e+03 
       2.510293740436e-02       7.351018924007e+03 
       2.511156649273e-02       7.349886413218e+03 
       2.512019791574e-02       7.348752934146e+03 
       2.512883167696e-02       7.347618486999e+03 
       2.513746777995e-02       7.346483071982e+03 
       2.514610622831e-02       7.345346689319e+03 
       2.515474702562e-02       7.344209339249e+03 
       2.516339017548e-02       7.343071035924e+03 
       2.517203568150e-02       7.341931702605e+03 
       2.518068354728e-02       7.340791448926e+03 
       2.518933377644e-02       7.339650228281e+03 
       2.519798637261e-02       7.338508040851e+03 
       2.520664133942e-02       7.337364886826e+03 
       2.521529868051e-02       7.336220766392e+03 
       2.522395839953e-02       7.335075679736e+03 
       2.523262050014e-02       7.333929627047e+03 
       2.524128498598e-02       7.332782608518e+03 
       2.524995186074e-02       7.331634624351e+03 
       2.525862112808e-02       7.330485675948e+03 
       2.526729279170e-02       7.329335741939e+03 
       2.527596685528e-02       7.328184860520e+03 
       2.528464332253e-02       7.327033014158e+03 
       2.529332219714e-02       7.325880202887e+03 
       2.530200348283e-02       7.324726426878e+03 
       2.531068718333e-02       7.323571686343e+03 
       2.531937330235e-02       7.322415981433e+03 
       2.532806184364e-02       7.321259312345e+03 
       2.533675281094e-02       7.320101679264e+03 
       2.534544620800e-02       7.318943082325e+03 
       2.535414203857e-02       7.317783497867e+03 
       2.536284030643e-02       7.316622972382e+03 
       2.537154101534e-02       7.315461483305e+03 
       2.538024416910e-02       7.314299030761e+03 
       2.538894977147e-02       7.313135618013e+03 
       2.539765782628e-02       7.311971223226e+03 
       2.540636833730e-02       7.310805880873e+03 
       2.541508130837e-02       7.309639575718e+03 
       2.542379674329e-02       7.308472307926e+03 
       2.543251464590e-02       7.307304077652e+03 
       2.544123502003e-02       7.306134885049e+03 
       2.544995786952e-02       7.304964730284e+03 
       2.545868319822e-02       7.303793613509e+03 
       2.546741100999e-02       7.302621534884e+03 
       2.547614130869e-02       7.301448494433e+03 
       2.548487409821e-02       7.300274492542e+03 
       2.549360938242e-02       7.299099529273e+03 
       2.550234716521e-02       7.297923604787e+03 
       2.551108745048e-02       7.296746719265e+03 
       2.551983024213e-02       7.295568872880e+03 
       2.552857554408e-02       7.294390065819e+03 
       2.553732336025e-02       7.293210298277e+03 
       2.554607369456e-02       7.292029570436e+03 
       2.555482655097e-02       7.290847827331e+03 
       2.556358193340e-02       7.289665175521e+03 
       2.557233984582e-02       7.288481563363e+03 
       2.558110029218e-02       7.287296990861e+03 
       2.558986327646e-02       7.286111458395e+03 
       2.559862880263e-02       7.284924965986e+03 
       2.560739687468e-02       7.283737513770e+03 
       2.561616749660e-02       7.282549101881e+03 
       2.562494067240e-02       7.281359730454e+03 
       2.563371640608e-02       7.280169399616e+03 
       2.564249470167e-02       7.278978109496e+03 
       2.565127556319e-02       7.277785860229e+03 
       2.566005899468e-02       7.276592651947e+03 
       2.566884500017e-02       7.275398492445e+03 
       2.567763358373e-02       7.274203368407e+03 
       2.568642474941e-02       7.273007257049e+03 
       2.569521850128e-02       7.271810212929e+03 
       2.570401484341e-02       7.270612210476e+03 
       2.571281377990e-02       7.269413249657e+03 
       2.572161531483e-02       7.268213330593e+03 
       2.573041945232e-02       7.267012453412e+03 
       2.573922619646e-02       7.265810618238e+03 
       2.574803555138e-02       7.264607825191e+03 
       2.575684752120e-02       7.263404074407e+03 
       2.576566211007e-02       7.262199366007e+03 
       2.577447932212e-02       7.260993700122e+03 
       2.578329916152e-02       7.259787076752e+03 
       2.579212163241e-02       7.258579496262e+03 
       2.580094673898e-02       7.257370958758e+03 
       2.580977448540e-02       7.256161463485e+03 
       2.581860487586e-02       7.254950977503e+03 
       2.582743791455e-02       7.253739566731e+03 
       2.583627360569e-02       7.252527199329e+03 
       2.584511195348e-02       7.251313875127e+03 
       2.585395296215e-02       7.250099594231e+03 
       2.586279663594e-02       7.248884356764e+03 
       2.587164297907e-02       7.247668162673e+03 
       2.588049199580e-02       7.246451003726e+03 
       2.588934369039e-02       7.245232896435e+03 
       2.589819806711e-02       7.244013833023e+03 
       2.590705513023e-02       7.242793813563e+03 
       2.591591488403e-02       7.241572837921e+03 
       2.592477733282e-02       7.240350906443e+03 
       2.593364248089e-02       7.239128019156e+03 
       2.594251033255e-02       7.237904176168e+03 
       2.595138089214e-02       7.236679377586e+03 
       2.596025416396e-02       7.235453623543e+03 
       2.596913015238e-02       7.234226914159e+03 
       2.597800886172e-02       7.232999260464e+03 
       2.598689029636e-02       7.231770593416e+03 
       2.599577446066e-02       7.230541016011e+03 
       2.600466135899e-02       7.229310483331e+03 
       2.601355099574e-02       7.228078995452e+03 
       2.602244337530e-02       7.226846552463e+03 
       2.603133850208e-02       7.225613154453e+03 
       2.604023638049e-02       7.224378801509e+03 
       2.604913701495e-02       7.223143493723e+03 
       2.605804040989e-02       7.221907231183e+03 
       2.606694656976e-02       7.220670013994e+03 
       2.607585549900e-02       7.219431842258e+03 
       2.608476720207e-02       7.218192708737e+03 
       2.609368168344e-02       7.216952615901e+03 
       2.610259894760e-02       7.215711579550e+03 
       2.611151899902e-02       7.214469588785e+03 
       2.612044184222e-02       7.213226643684e+03 
       2.612936748168e-02       7.211982744321e+03 
       2.613829592194e-02       7.210737890778e+03 
       2.614722716751e-02       7.209492083138e+03 
       2.615616122293e-02       7.208245321482e+03 
       2.616509809276e-02       7.206997605912e+03 
       2.617403778153e-02       7.205748936295e+03 
       2.618298029383e-02       7.204499288660e+03 
       2.619192563422e-02       7.203248709510e+03 
       2.620087380728e-02       7.201997177058e+03 
       2.620982481762e-02       7.200744690825e+03 
       2.621877866983e-02       7.199491250620e+03 
       2.622773536853e-02       7.198236848376e+03 
       2.623669491835e-02       7.196981500586e+03 
       2.624565732391e-02       7.195725199154e+03 
       2.625462258987e-02       7.194467944167e+03 
       2.626359072086e-02       7.193209735677e+03 
       2.627256172157e-02       7.191950573756e+03 
       2.628153559666e-02       7.190690458462e+03 
       2.629051235081e-02       7.189429389861e+03 
       2.629949198872e-02       7.188167367875e+03 
       2.630847451509e-02       7.186904392836e+03 
       2.631745993464e-02       7.185640464710e+03 
       2.632644825210e-02       7.184375590231e+03 
       2.633543947218e-02       7.183109713026e+03 
       2.634443359965e-02       7.181842923499e+03 
       2.635343063924e-02       7.180575180697e+03 
       2.636243059574e-02       7.179306484758e+03 
       2.637143347391e-02       7.178036835706e+03 
       2.638043927854e-02       7.176766233575e+03 
       2.638944801443e-02       7.175494678408e+03 
       2.639845968637e-02       7.174222170111e+03 
       2.640747429920e-02       7.172948708958e+03 
       2.641649185773e-02       7.171674294894e+03 
       2.642551236681e-02       7.170398927969e+03 
       2.643453583127e-02       7.169122615529e+03 
       2.644356225599e-02       7.167845316366e+03 
       2.645259164582e-02       7.166567089724e+03 
       2.646162400566e-02       7.165287910311e+03 
       2.647065934038e-02       7.164007777803e+03 
       2.647969765489e-02       7.162726692593e+03 
       2.648873895411e-02       7.161444654592e+03 
       2.649778324295e-02       7.160161663834e+03 
       2.650683052634e-02       7.158877720201e+03 
       2.651588080924e-02       7.157592824008e+03 
       2.652493409660e-02       7.156306975187e+03 
       2.653399039337e-02       7.155020166904e+03 
       2.654304970455e-02       7.153732393108e+03 
       2.655211203511e-02       7.152443684613e+03 
       2.656117739006e-02       7.151154023342e+03 
       2.657024577440e-02       7.149863409305e+03 
       2.657931719315e-02       7.148571833405e+03 
       2.658839165135e-02       7.147279313961e+03 
       2.659746915404e-02       7.145985841089e+03 
       2.660654970626e-02       7.144691415286e+03 
       2.661563331309e-02       7.143396036813e+03 
       2.662471997960e-02       7.142099705572e+03 
       2.663380971088e-02       7.140802421582e+03 
       2.664290251203e-02       7.139504184863e+03 
       2.665199838815e-02       7.138204995438e+03 
       2.666109734436e-02       7.136904853336e+03 
       2.667019938580e-02       7.135603758583e+03 
       2.667930451762e-02       7.134301716910e+03 
       2.668841274496e-02       7.132998675607e+03 
       2.669752407298e-02       7.131694720409e+03 
       2.670663850688e-02       7.130389812195e+03 
       2.671575605184e-02       7.129083951114e+03 
       2.672487671305e-02       7.127777137055e+03 
       2.673400049573e-02       7.126469370003e+03 
       2.674312740511e-02       7.125160649955e+03 
       2.675225744641e-02       7.123850976900e+03 
       2.676139062489e-02       7.122540350836e+03 
       2.677052694580e-02       7.121228771763e+03 
       2.677966641442e-02       7.119916239679e+03 
       2.678880903602e-02       7.118602733432e+03 
       2.679795481590e-02       7.117288297075e+03 
       2.680710375937e-02       7.115972904506e+03 
       2.681625587174e-02       7.114656558552e+03 
       2.682541115834e-02       7.113339259470e+03 
       2.683456962451e-02       7.112021007122e+03 
       2.684373127560e-02       7.110701801492e+03 
       2.685289611699e-02       7.109381642568e+03 
       2.686206415404e-02       7.108060530342e+03 
       2.687123539216e-02       7.106738464806e+03 
       2.688040983672e-02       7.105415452158e+03 
       2.688958749316e-02       7.104091448224e+03 
       2.689876836690e-02       7.102766520826e+03 
       2.690795246337e-02       7.101440639776e+03 
       2.691713978803e-02       7.100113804900e+03 
       2.692633034633e-02       7.098786018684e+03 
       2.693552414375e-02       7.097457265226e+03 
       2.694472118578e-02       7.096127568547e+03 
       2.695392147791e-02       7.094796917956e+03 
       2.696312502567e-02       7.093465313416e+03 
       2.697233183457e-02       7.092132754896e+03 
       2.698154191014e-02       7.090799242356e+03 
       2.699075525795e-02       7.089464775775e+03 
       2.699997188354e-02       7.088129355120e+03 
       2.700919179250e-02       7.086792980367e+03 
       2.701841499040e-02       7.085455651356e+03 
       2.702764148286e-02       7.084117367312e+03 
       2.703687127548e-02       7.082778095717e+03 
       2.704610437389e-02       7.081437901784e+03 
       2.705534078373e-02       7.080096753166e+03 
       2.706458051064e-02       7.078754649849e+03 
       2.707382356028e-02       7.077411591779e+03 
       2.708306993835e-02       7.076067578876e+03 
       2.709231965052e-02       7.074722611094e+03 
       2.710157270249e-02       7.073376688370e+03 
       2.711082909999e-02       7.072029810651e+03 
       2.712008884874e-02       7.070681977746e+03 
       2.712935195448e-02       7.069333189838e+03 
       2.713861842297e-02       7.067983431041e+03 
       2.714788825997e-02       7.066632729203e+03 
       2.715716147127e-02       7.065281074201e+03 
       2.716643806266e-02       7.063928463664e+03 
       2.717571803995e-02       7.062574897521e+03 
       2.718500140895e-02       7.061220375699e+03 
       2.719428817550e-02       7.059864898134e+03 
       2.720357834546e-02       7.058508464755e+03 
       2.721287192467e-02       7.057151075502e+03 
       2.722216891902e-02       7.055792730182e+03 
       2.723146933440e-02       7.054433435050e+03 
       2.724077317670e-02       7.053073146231e+03 
       2.725008045183e-02       7.051711930930e+03 
       2.725939116574e-02       7.050349759137e+03 
       2.726870532436e-02       7.048986630773e+03 
       2.727802293365e-02       7.047622546949e+03 
       2.728734399958e-02       7.046257494993e+03 
       2.729666852812e-02       7.044891495705e+03 
       2.730599652529e-02       7.043524539395e+03 
       2.731532799709e-02       7.042156625973e+03 
       2.732466294955e-02       7.040787755347e+03 
       2.733400138870e-02       7.039417927261e+03 
       2.734334332061e-02       7.038047141922e+03 
       2.735268875133e-02       7.036675399112e+03 
       2.736203768695e-02       7.035302698755e+03 
       2.737139013357e-02       7.033929040775e+03 
       2.738074609730e-02       7.032554426910e+03 
       2.739010558426e-02       7.031178816302e+03 
       2.739946860058e-02       7.029802282311e+03 
       2.740883515243e-02       7.028424790038e+03 
       2.741820524597e-02       7.027046339291e+03 
       2.742757888738e-02       7.025666929953e+03 
       2.743695608286e-02       7.024286561737e+03 
       2.744633683862e-02       7.022905234816e+03 
       2.745572116089e-02       7.021522948943e+03 
       2.746510905590e-02       7.020139704006e+03 
       2.747450052991e-02       7.018755499903e+03 
       2.748389558919e-02       7.017370336525e+03 
       2.749329424002e-02       7.015984192534e+03 
       2.750269648871e-02       7.014597112075e+03 
       2.751210234156e-02       7.013209068711e+03 
       2.752151180490e-02       7.011820065406e+03 
       2.753092488508e-02       7.010430102030e+03 
       2.754034158846e-02       7.009039178290e+03 
       2.754976192141e-02       7.007647294347e+03 
       2.755918589032e-02       7.006254449946e+03 
       2.756861350159e-02       7.004860644970e+03 
       2.757804476164e-02       7.003465879304e+03 
       2.758747967690e-02       7.002070162763e+03 
       2.759691825383e-02       7.000673439791e+03 
       2.760636049889e-02       6.999275789405e+03 
       2.761580641855e-02       6.997877177547e+03 
       2.762525601932e-02       6.996477604069e+03 
       2.763470930771e-02       6.995077059794e+03 
       2.764416629023e-02       6.993675562462e+03 
       2.765362697344e-02       6.992273102522e+03 
       2.766309136389e-02       6.990869680268e+03 
       2.767255946815e-02       6.989465295553e+03 
       2.768203129281e-02       6.988059948224e+03 
       2.769150684447e-02       6.986653638131e+03 
       2.770098612977e-02       6.985246365125e+03 
       2.771046915532e-02       6.983838129057e+03 
       2.771995592779e-02       6.982428929817e+03 
       2.772944645383e-02       6.981018767249e+03 
       2.773894074015e-02       6.979607651934e+03 
       2.774843879342e-02       6.978195515625e+03 
       2.775794062038e-02       6.976782459525e+03 
       2.776744622775e-02       6.975368439117e+03 
       2.777695562228e-02       6.973953454220e+03 
       2.778646881073e-02       6.972537504657e+03 
       2.779598579989e-02       6.971120590249e+03 
       2.780550659656e-02       6.969702710815e+03 
       2.781503120753e-02       6.968283866176e+03 
       2.782455963966e-02       6.966864056182e+03 
       2.783409189977e-02       6.965443280637e+03 
       2.784362799474e-02       6.964021538683e+03 
       2.785316793144e-02       6.962598813581e+03 
       2.786271171677e-02       6.961175139110e+03 
       2.787225935765e-02       6.959750498067e+03 
       2.788181086100e-02       6.958324890379e+03 
       2.789136623376e-02       6.956898315853e+03 
       2.790092548291e-02       6.955470774303e+03 
       2.791048861542e-02       6.954042265534e+03 
       2.792005563828e-02       6.952612789371e+03 
       2.792962655852e-02       6.951182345631e+03 
       2.793920138316e-02       6.949750934130e+03 
       2.794878011926e-02       6.948318532285e+03 
       2.795836277387e-02       6.946885180931e+03 
       2.796794935408e-02       6.945450863016e+03 
       2.797753986699e-02       6.944015576300e+03 
       2.798713431972e-02       6.942579320339e+03 
       2.799673271940e-02       6.941142086991e+03 
       2.800633507318e-02       6.939703892019e+03 
       2.801594138824e-02       6.938264727269e+03 
       2.802555167176e-02       6.936824592562e+03 
       2.803516593094e-02       6.935383487677e+03 
       2.804478417301e-02       6.933941412398e+03 
       2.805440640521e-02       6.932498366366e+03 
       2.806403263480e-02       6.931054349617e+03 
       2.807366286905e-02       6.929609361827e+03 
       2.808329711526e-02       6.928163402804e+03 
       2.809293538073e-02       6.926716472348e+03 
       2.810257767281e-02       6.925268542626e+03 
       2.811222399883e-02       6.923819659866e+03 
       2.812187436616e-02       6.922369811002e+03 
       2.813152878219e-02       6.920918989511e+03 
       2.814118725432e-02       6.919467195090e+03 
       2.815084978996e-02       6.918014427494e+03 
       2.816051639657e-02       6.916560686327e+03 
       2.817018708160e-02       6.915105971608e+03 
       2.817986185251e-02       6.913650282974e+03 
       2.818954071682e-02       6.912193620189e+03 
       2.819922368203e-02       6.910735983014e+03 
       2.820891075567e-02       6.909277377959e+03 
       2.821860194530e-02       6.907817765755e+03 
       2.822829725848e-02       6.906357202534e+03 
       2.823799670280e-02       6.904895663760e+03 
       2.824770028588e-02       6.903433149136e+03 
       2.825740801533e-02       6.901969658414e+03 
       2.826711989880e-02       6.900505191171e+03 
       2.827683594397e-02       6.899039747472e+03 
       2.828655615850e-02       6.897573326843e+03 
       2.829628055011e-02       6.896105929131e+03 
       2.830600912651e-02       6.894637553650e+03 
       2.831574189545e-02       6.893168176530e+03 
       2.832547886470e-02       6.891697844106e+03 
       2.833522004202e-02       6.890226533315e+03 
       2.834496543522e-02       6.888754243842e+03 
       2.835471505213e-02       6.887280978921e+03 
       2.836446890057e-02       6.885806718795e+03 
       2.837422698842e-02       6.884331490885e+03 
       2.838398932354e-02       6.882855283056e+03 
       2.839375591384e-02       6.881378095022e+03 
       2.840352676724e-02       6.879899926490e+03 
       2.841330189168e-02       6.878420777175e+03 
       2.842308129511e-02       6.876940646790e+03 
       2.843286498551e-02       6.875459535050e+03 
       2.844265297089e-02       6.873977441687e+03 
       2.845244525927e-02       6.872494366429e+03 
       2.846224185868e-02       6.871010313808e+03 
       2.847204277718e-02       6.869525233954e+03 
       2.848184802286e-02       6.868039208730e+03 
       2.849165760382e-02       6.866552200060e+03 
       2.850147152818e-02       6.865064207653e+03 
       2.851128980408e-02       6.863575231194e+03 
       2.852111243969e-02       6.862085270369e+03 
       2.853093944320e-02       6.860594324868e+03 
       2.854077082280e-02       6.859102394368e+03 
       2.855060658672e-02       6.857609478562e+03 
       2.856044674322e-02       6.856115577136e+03 
       2.857029130056e-02       6.854620689279e+03 
       2.858014026702e-02       6.853124797771e+03 
       2.858999365094e-02       6.851627936326e+03 
       2.859985146062e-02       6.850130087664e+03 
       2.860971370443e-02       6.848631251557e+03 
       2.861958039075e-02       6.847131427671e+03 
       2.862945152797e-02       6.845630615751e+03 
       2.863932712451e-02       6.844128815205e+03 
       2.864920718881e-02       6.842626025998e+03 
       2.865909172933e-02       6.841122247701e+03 
       2.866898075456e-02       6.839617480003e+03 
       2.867887427300e-02       6.838111695404e+03 
       2.868877229318e-02       6.836604948956e+03 
       2.869867482365e-02       6.835097208971e+03 
       2.870858187298e-02       6.833588477951e+03 
       2.871849344977e-02       6.832078756638e+03 
       2.872840956263e-02       6.830568032856e+03 
       2.873833022021e-02       6.829056325970e+03 
       2.874825543116e-02       6.827543626518e+03 
       2.875818520417e-02       6.826029934144e+03 
       2.876811954794e-02       6.824515248479e+03 
       2.877805847121e-02       6.822999569159e+03 
       2.878800198273e-02       6.821482895655e+03 
       2.879795009126e-02       6.819965227888e+03 
       2.880790280562e-02       6.818446565377e+03 
       2.881786013462e-02       6.816926907777e+03 
       2.882782208710e-02       6.815406254325e+03 
       2.883778867193e-02       6.813884571695e+03 
       2.884775989800e-02       6.812361924076e+03 
       2.885773577423e-02       6.810838279610e+03 
       2.886771630956e-02       6.809313637828e+03 
       2.887770151293e-02       6.807787998337e+03 
       2.888769139335e-02       6.806261360601e+03 
       2.889768595981e-02       6.804733724465e+03 
       2.890768522134e-02       6.803205089431e+03 
       2.891768918701e-02       6.801675455109e+03 
       2.892769786589e-02       6.800144821100e+03 
       2.893771126709e-02       6.798613186450e+03 
       2.894772939972e-02       6.797080534558e+03 
       2.895775227295e-02       6.795546897827e+03 
       2.896777989595e-02       6.794012259577e+03 
       2.897781227792e-02       6.792476619478e+03 
       2.898784942808e-02       6.790939977076e+03 
       2.899789135569e-02       6.789402331787e+03 
       2.900793807001e-02       6.787863683483e+03 
       2.901798958034e-02       6.786324031626e+03 
       2.902804589602e-02       6.784783375807e+03 
       2.903810702637e-02       6.783241714965e+03 
       2.904817298078e-02       6.781699026379e+03 
       2.905824376865e-02       6.780155354598e+03 
       2.906831939940e-02       6.778610676770e+03 
       2.907839988247e-02       6.777064992626e+03 
       2.908848522733e-02       6.775518305152e+03 
       2.909857544350e-02       6.773970594926e+03 
       2.910867054048e-02       6.772421888515e+03 
       2.911877052784e-02       6.770872173928e+03 
       2.912887541514e-02       6.769321450720e+03 
       2.913898521198e-02       6.767769718443e+03 
       2.914909992800e-02       6.766216976650e+03 
       2.915921957284e-02       6.764663224893e+03 
       2.916934415619e-02       6.763108462724e+03 
       2.917947368774e-02       6.761552689710e+03 
       2.918960817724e-02       6.759995905417e+03 
       2.919974763443e-02       6.758438119242e+03 
       2.920989206909e-02       6.756879266260e+03 
       2.922004149105e-02       6.755319442698e+03 
       2.923019591013e-02       6.753758605653e+03 
       2.924035533621e-02       6.752196754636e+03 
       2.925051977916e-02       6.750633889169e+03 
       2.926068924890e-02       6.749070008760e+03 
       2.927086375538e-02       6.747505112977e+03 
       2.928104330858e-02       6.745939201305e+03 
       2.929122791847e-02       6.744372273266e+03 
       2.930141759511e-02       6.742804328393e+03 
       2.931161234852e-02       6.741235357675e+03 
       2.932181218880e-02       6.739665367592e+03 
       2.933201712605e-02       6.738094367804e+03 
       2.934222717041e-02       6.736522349039e+03 
       2.935244233203e-02       6.734949310769e+03 
       2.936266262111e-02       6.733375252497e+03 
       2.937288804787e-02       6.731800173713e+03 
       2.938311862256e-02       6.730224073917e+03 
       2.939335435544e-02       6.728646952607e+03 
       2.940359525682e-02       6.727068809280e+03 
       2.941384133704e-02       6.725489619443e+03 
       2.942409260644e-02       6.723909429504e+03 
       2.943434907542e-02       6.722328215127e+03 
       2.944461075440e-02       6.720745976423e+03 
       2.945487765382e-02       6.719162714069e+03 
       2.946514978416e-02       6.717578415647e+03 
       2.947542715591e-02       6.715993100215e+03 
       2.948570977962e-02       6.714406758259e+03 
       2.949599766583e-02       6.712819389247e+03 
       2.950629082515e-02       6.711230992644e+03 
       2.951658926819e-02       6.709641567764e+03 
       2.952689300561e-02       6.708051114302e+03 
       2.953720204807e-02       6.706459631613e+03 
       2.954751640630e-02       6.704867119160e+03 
       2.955783609102e-02       6.703273576414e+03 
       2.956816111301e-02       6.701679014224e+03 
       2.957849148306e-02       6.700083363959e+03 
       2.958882721201e-02       6.698486724504e+03 
       2.959916831072e-02       6.696889052199e+03 
       2.960951479006e-02       6.695290346473e+03 
       2.961986666097e-02       6.693690606619e+03 
       2.963022393439e-02       6.692089832289e+03 
       2.964058662130e-02       6.690488022817e+03 
       2.965095473272e-02       6.688885177626e+03 
       2.966132827969e-02       6.687281296144e+03 
       2.967170727328e-02       6.685676377802e+03 
       2.968209172460e-02       6.684070417257e+03 
       2.969248164478e-02       6.682463410099e+03 
       2.970287704499e-02       6.680855376252e+03 
       2.971327793643e-02       6.679246302994e+03 
       2.972368433034e-02       6.677636189725e+03 
       2.973409623797e-02       6.676025035670e+03 
       2.974451367061e-02       6.674412840525e+03 
       2.975493663961e-02       6.672799603562e+03 
       2.976536515630e-02       6.671185324193e+03 
       2.977579923209e-02       6.669570001831e+03 
       2.978623887840e-02       6.667953609399e+03 
       2.979668410668e-02       6.666336201051e+03 
       2.980713492842e-02       6.664717744160e+03 
       2.981759135514e-02       6.663098241582e+03 
       2.982805339840e-02       6.661477695184e+03 
       2.983852106977e-02       6.659856088395e+03 
       2.984899438090e-02       6.658233444276e+03 
       2.985947334341e-02       6.656609751829e+03 
       2.986995796901e-02       6.654985010418e+03 
       2.988044826941e-02       6.653359219405e+03 
       2.989094425636e-02       6.651732378149e+03 
       2.990144594165e-02       6.650104486014e+03 
       2.991195333711e-02       6.648475542366e+03 
       2.992246645458e-02       6.646845546580e+03 
       2.993298530595e-02       6.645214498048e+03 
       2.994350990316e-02       6.643582381721e+03 
       2.995404025815e-02       6.641949205834e+03 
       2.996457638292e-02       6.640314992432e+03 
       2.997511828950e-02       6.638679723289e+03 
       2.998566598994e-02       6.637043397724e+03 
       2.999621949634e-02       6.635406015057e+03 
       3.000677882084e-02       6.633767574600e+03 
       3.001734397560e-02       6.632128075672e+03 
       3.002791497282e-02       6.630487517592e+03 
       3.003849182474e-02       6.628845899682e+03 
       3.004907454363e-02       6.627203220891e+03 
       3.005966314180e-02       6.625559464472e+03 
       3.007025763159e-02       6.623914661572e+03 
       3.008085802539e-02       6.622268795970e+03 
       3.009146433561e-02       6.620621866892e+03 
       3.010207657470e-02       6.618973873637e+03 
       3.011269475516e-02       6.617324815504e+03 
       3.012331888950e-02       6.615674691797e+03 
       3.013394899029e-02       6.614023501815e+03 
       3.014458507013e-02       6.612371244860e+03 
       3.015522714165e-02       6.610717924956e+03 
       3.016587521754e-02       6.609063503578e+03 
       3.017652931049e-02       6.607408039578e+03 
       3.018718943325e-02       6.605751505460e+03 
       3.019785559861e-02       6.604093900496e+03 
       3.020852781940e-02       6.602435215854e+03 
       3.021920610847e-02       6.600775466583e+03 
       3.022989047873e-02       6.599114643950e+03 
       3.024058094310e-02       6.597452747405e+03 
       3.025127751457e-02       6.595789776202e+03 
       3.026198020614e-02       6.594125729418e+03 
       3.027268903087e-02       6.592460606605e+03 
       3.028340400186e-02       6.590794406890e+03 
       3.029412513222e-02       6.589127129536e+03 
       3.030485243513e-02       6.587458773801e+03 
       3.031558592380e-02       6.585789345304e+03 
       3.032632561147e-02       6.584118791557e+03 
       3.033707151143e-02       6.582447193682e+03 
       3.034782363701e-02       6.580774513958e+03 
       3.035858200157e-02       6.579100751538e+03 
       3.036934661851e-02       6.577425905825e+03 
       3.038011750129e-02       6.575749975929e+03 
       3.039089466340e-02       6.574072961056e+03 
       3.040167811835e-02       6.572394860409e+03 
       3.041246787971e-02       6.570715673197e+03 
       3.042326396110e-02       6.569035398631e+03 
       3.043406637616e-02       6.567354019123e+03 
       3.044487513858e-02       6.565671566568e+03 
       3.045569026210e-02       6.563988023737e+03 
       3.046651176048e-02       6.562303390137e+03 
       3.047733964755e-02       6.560617664764e+03 
       3.048817393715e-02       6.558930847105e+03 
       3.049901464319e-02       6.557242936195e+03 
       3.050986177960e-02       6.555553931214e+03 
       3.052071536037e-02       6.553863831343e+03 
       3.053157539952e-02       6.552172634967e+03 
       3.054244191113e-02       6.550480320978e+03 
       3.055331490929e-02       6.548786929717e+03 
       3.056419440817e-02       6.547092440031e+03 
       3.057508042196e-02       6.545396850869e+03 
       3.058597296490e-02       6.543700152659e+03 
       3.059687205127e-02       6.542002363074e+03 
       3.060777769540e-02       6.540303470229e+03 
       3.061868991165e-02       6.538603474508e+03 
       3.062960871445e-02       6.536902375053e+03 
       3.064053411826e-02       6.535200170991e+03 
       3.065146613757e-02       6.533496861450e+03 
       3.066240478692e-02       6.531792445553e+03 
       3.067335008093e-02       6.530086922433e+03 
       3.068430203421e-02       6.528380291051e+03 
       3.069526066146e-02       6.526672556138e+03 
       3.070622597740e-02       6.524963668663e+03 
       3.071719799680e-02       6.523253705359e+03 
       3.072817673448e-02       6.521542630045e+03 
       3.073916220531e-02       6.519830441817e+03 
       3.075015442420e-02       6.518117139757e+03 
       3.076115340609e-02       6.516402722951e+03 
       3.077215916600e-02       6.514687190482e+03 
       3.078317171897e-02       6.512970541296e+03 
       3.079419108011e-02       6.511252774705e+03 
       3.080521726454e-02       6.509533889691e+03 
       3.081625028747e-02       6.507813866694e+03 
       3.082729016413e-02       6.506092743183e+03 
       3.083833690980e-02       6.504370495884e+03 
       3.084939053982e-02       6.502647126200e+03 
       3.086045106956e-02       6.500922633174e+03 
       3.087151851446e-02       6.499197015847e+03 
       3.088259289000e-02       6.497470273270e+03 
       3.089367421170e-02       6.495742404463e+03 
       3.090476249512e-02       6.494013408372e+03 
       3.091585775591e-02       6.492283289505e+03 
       3.092696000972e-02       6.490552008558e+03 
       3.093806927228e-02       6.488819623626e+03 
       3.094918555937e-02       6.487086107449e+03 
       3.096030888679e-02       6.485351458958e+03 
       3.097143927043e-02       6.483615669702e+03 
       3.098257672621e-02       6.481878753284e+03 
       3.099372127008e-02       6.480140701431e+03 
       3.100487291809e-02       6.478401513347e+03 
       3.101603168629e-02       6.476661187927e+03 
       3.102719759082e-02       6.474919724149e+03 
       3.103837064785e-02       6.473177121017e+03 
       3.104955087360e-02       6.471433377496e+03 
       3.106073828436e-02       6.469688492594e+03 
       3.107193289644e-02       6.467942465313e+03 
       3.108313472625e-02       6.466195293463e+03 
       3.109434379020e-02       6.464446947244e+03 
       3.110556010479e-02       6.462697483974e+03 
       3.111678368655e-02       6.460946873957e+03 
       3.112801455208e-02       6.459195116031e+03 
       3.113925271803e-02       6.457442209132e+03 
       3.115049820109e-02       6.455688152238e+03 
       3.116175101802e-02       6.453932944261e+03 
       3.117301118562e-02       6.452176584155e+03 
       3.118427872075e-02       6.450419070863e+03 
       3.119555364033e-02       6.448660406541e+03 
       3.120683596134e-02       6.446900563807e+03 
       3.121812570078e-02       6.445139583167e+03 
       3.122942287575e-02       6.443377444817e+03 
       3.124072750338e-02       6.441614147649e+03 
       3.125203960086e-02       6.439849690560e+03 
       3.126335918543e-02       6.438084072455e+03 
       3.127468627440e-02       6.436317292235e+03 
       3.128602088513e-02       6.434549348811e+03 
       3.129736303502e-02       6.432780241098e+03 
       3.130871274156e-02       6.431009945765e+03 
       3.132007002227e-02       6.429238505034e+03 
       3.133143489474e-02       6.427465895812e+03 
       3.134280737661e-02       6.425692117570e+03 
       3.135418748558e-02       6.423917169087e+03 
       3.136557523942e-02       6.422141047399e+03 
       3.137697065593e-02       6.420363753883e+03 
       3.138837375299e-02       6.418585279917e+03 
       3.139978454855e-02       6.416805638517e+03 
       3.141120306058e-02       6.415024821090e+03 
       3.142262930715e-02       6.413242826326e+03 
       3.143406330637e-02       6.411459653281e+03 
       3.144550507640e-02       6.409675300687e+03 
       3.145695463549e-02       6.407889767399e+03 
       3.146841200192e-02       6.406103052181e+03 
       3.147987719404e-02       6.404315123722e+03 
       3.149135023027e-02       6.402526043911e+03 
       3.150283112909e-02       6.400735773722e+03 
       3.151431990903e-02       6.398944316596e+03 
       3.152581658869e-02       6.397151671322e+03 
       3.153732118672e-02       6.395357836513e+03 
       3.154883372185e-02       6.393562811241e+03 
       3.156035421287e-02       6.391766594170e+03 
       3.157188267861e-02       6.389969184077e+03 
       3.158341913800e-02       6.388170567533e+03 
       3.159496361000e-02       6.386370765320e+03 
       3.160651611365e-02       6.384569767595e+03 
       3.161807666804e-02       6.382767571731e+03 
       3.162964529236e-02       6.380964176487e+03 
       3.164122200581e-02       6.379159580397e+03 
       3.165280682771e-02       6.377353782508e+03 
       3.166439977740e-02       6.375546781435e+03 
       3.167600087431e-02       6.373738575268e+03 
       3.168761013793e-02       6.371929145573e+03 
       3.169922758781e-02       6.370118525877e+03 
       3.171085324359e-02       6.368306697687e+03 
       3.172248712493e-02       6.366493659468e+03 
       3.173412925161e-02       6.364679403206e+03 
       3.174577964344e-02       6.362863941070e+03 
       3.175743832031e-02       6.361047265323e+03 
       3.176910530217e-02       6.359229374309e+03 
       3.178078060906e-02       6.357410266955e+03 
       3.179246426106e-02       6.355589941856e+03 
       3.180415627833e-02       6.353768397683e+03 
       3.181585668112e-02       6.351945633105e+03 
       3.182756548971e-02       6.350121646794e+03 
       3.183928272448e-02       6.348296437424e+03 
       3.185100840586e-02       6.346470008791e+03 
       3.186274255436e-02       6.344642313786e+03 
       3.187448519057e-02       6.342813424859e+03 
       3.188623633513e-02       6.340983307100e+03 
       3.189799600877e-02       6.339151959165e+03 
       3.190976423227e-02       6.337319379653e+03 
       3.192154102651e-02       6.335485567177e+03 
       3.193332641241e-02       6.333650520342e+03 
       3.194512041100e-02       6.331814237756e+03 
       3.195692304334e-02       6.329976717891e+03 
       3.196873433061e-02       6.328137959569e+03 
       3.198055429401e-02       6.326297967703e+03 
       3.199238295486e-02       6.324456705608e+03 
       3.200422033454e-02       6.322614221942e+03 
       3.201606645448e-02       6.320770493887e+03 
       3.202792133623e-02       6.318925519998e+03 
       3.203978500137e-02       6.317079298832e+03 
       3.205165747159e-02       6.315231828944e+03 
       3.206353876864e-02       6.313383108787e+03 
       3.207542891434e-02       6.311533137037e+03 
       3.208732793061e-02       6.309681912246e+03 
       3.209923583941e-02       6.307829415251e+03 
       3.211115266282e-02       6.305975675830e+03 
       3.212307842296e-02       6.304120681305e+03 
       3.213501314205e-02       6.302264427582e+03 
       3.214695684239e-02       6.300406914710e+03 
       3.215890954635e-02       6.298548129229e+03 
       3.217087127637e-02       6.296688088230e+03 
       3.218284205498e-02       6.294826782021e+03 
       3.219482190480e-02       6.292964209123e+03 
       3.220681084852e-02       6.291100367640e+03 
       3.221880890890e-02       6.289235256415e+03 
       3.223081610881e-02       6.287368873799e+03 
       3.224283247116e-02       6.285501218255e+03 
       3.225485801898e-02       6.283632288255e+03 
       3.226689277536e-02       6.281762082285e+03 
       3.227893676348e-02       6.279890585109e+03 
       3.229099000660e-02       6.278017805955e+03 
       3.230305252807e-02       6.276143760281e+03 
       3.231512435132e-02       6.274268432039e+03 
       3.232720549986e-02       6.272391819644e+03 
       3.233929599728e-02       6.270513921464e+03 
       3.235139586728e-02       6.268634735929e+03 
       3.236350513361e-02       6.266754261424e+03 
       3.237562382014e-02       6.264872496349e+03 
       3.238775195080e-02       6.262989438966e+03 
       3.239988954961e-02       6.261105087368e+03 
       3.241203664069e-02       6.259219426295e+03 
       3.242419324824e-02       6.257332481564e+03 
       3.243635939655e-02       6.255444237992e+03 
       3.244853511000e-02       6.253554693891e+03 
       3.246072041304e-02       6.251663847638e+03 
       3.247291533023e-02       6.249771697543e+03 
       3.248511988622e-02       6.247878241957e+03 
       3.249733410574e-02       6.245983479070e+03 
       3.250955801361e-02       6.244087407460e+03 
       3.252179163475e-02       6.242190033025e+03 
       3.253403499416e-02       6.240291310267e+03 
       3.254628811694e-02       6.238391300389e+03 
       3.255855102828e-02       6.236489974671e+03 
       3.257082375346e-02       6.234587331633e+03 
       3.258310631786e-02       6.232683361911e+03 
       3.259539874694e-02       6.230778077830e+03 
       3.260770106626e-02       6.228871470793e+03 
       3.262001330149e-02       6.226963539305e+03 
       3.263233547837e-02       6.225054281647e+03 
       3.264466762275e-02       6.223143695644e+03 
       3.265700976058e-02       6.221231779957e+03 
       3.266936191789e-02       6.219318532690e+03 
       3.268172412082e-02       6.217403952089e+03 
       3.269409639559e-02       6.215488036402e+03 
       3.270647876855e-02       6.213570755882e+03 
       3.271887126612e-02       6.211652163284e+03 
       3.273127391482e-02       6.209732229151e+03 
       3.274368674129e-02       6.207810952399e+03 
       3.275610977224e-02       6.205888331197e+03 
       3.276854303451e-02       6.203964363702e+03 
       3.278098655502e-02       6.202039048106e+03 
       3.279344036080e-02       6.200112382548e+03 
       3.280590447898e-02       6.198184365203e+03 
       3.281837893679e-02       6.196254994108e+03 
       3.283086376157e-02       6.194324259371e+03 
       3.284335898074e-02       6.192392168719e+03 
       3.285586462186e-02       6.190458724387e+03 
       3.286838071257e-02       6.188523918753e+03 
       3.288090728062e-02       6.186587749924e+03 
       3.289344435386e-02       6.184650216003e+03 
       3.290599196026e-02       6.182711315084e+03 
       3.291855012787e-02       6.180771045197e+03 
       3.293111888489e-02       6.178829404478e+03 
       3.294369825958e-02       6.176886396972e+03 
       3.295628828034e-02       6.174941983405e+03 
       3.296888897566e-02       6.172996217102e+03 
       3.298150037416e-02       6.171049071997e+03 
       3.299412250454e-02       6.169100546321e+03 
       3.300675539565e-02       6.167150630848e+03 
       3.301939907640e-02       6.165199336989e+03 
       3.303205357586e-02       6.163246656375e+03 
       3.304471892317e-02       6.161292586971e+03 
       3.305739514763e-02       6.159337126831e+03 
       3.307008227860e-02       6.157380273910e+03 
       3.308278034560e-02       6.155422026199e+03 
       3.309548937823e-02       6.153462381684e+03 
       3.310820940622e-02       6.151501338357e+03 
       3.312094045942e-02       6.149538893263e+03 
       3.313368256779e-02       6.147575020658e+03 
       3.314643576140e-02       6.145609766492e+03 
       3.315920007044e-02       6.143643105064e+03 
       3.317197552524e-02       6.141675034233e+03 
       3.318476215620e-02       6.139705551902e+03 
       3.319755999390e-02       6.137734655980e+03 
       3.321036906898e-02       6.135762344460e+03 
       3.322318941225e-02       6.133788614998e+03 
       3.323602105460e-02       6.131813465684e+03 
       3.324886402707e-02       6.129836893888e+03 
       3.326171836082e-02       6.127858885120e+03 
       3.327458408711e-02       6.125879462298e+03 
       3.328746123735e-02       6.123898610893e+03 
       3.330034984306e-02       6.121916328722e+03 
       3.331324993589e-02       6.119932613612e+03 
       3.332616154760e-02       6.117947463387e+03 
       3.333908471009e-02       6.115960875822e+03 
       3.335201945540e-02       6.113972848786e+03 
       3.336496581568e-02       6.111983379904e+03 
       3.337792382319e-02       6.109992449184e+03 
       3.339089351036e-02       6.108000089099e+03 
       3.340387490972e-02       6.106006280409e+03 
       3.341686805395e-02       6.104011020951e+03 
       3.342987297583e-02       6.102014302140e+03 
       3.344288970830e-02       6.100016133902e+03 
       3.345591828442e-02       6.098016508035e+03 
       3.346895873739e-02       6.096015422267e+03 
       3.348201110054e-02       6.094012874341e+03 
       3.349507540733e-02       6.092008861946e+03 
       3.350815169135e-02       6.090003382772e+03 
       3.352123998635e-02       6.087996434498e+03 
       3.353434032619e-02       6.085988014863e+03 
       3.354745274487e-02       6.083978121294e+03 
       3.356057727656e-02       6.081966726750e+03 
       3.357371395552e-02       6.079953877013e+03 
       3.358686281618e-02       6.077939546128e+03 
       3.360002389311e-02       6.075923731828e+03 
       3.361319722100e-02       6.073906431716e+03 
       3.362638283472e-02       6.071887643407e+03 
       3.363958076923e-02       6.069867364516e+03 
       3.365279105968e-02       6.067845592625e+03 
       3.366601374134e-02       6.065822325357e+03 
       3.367924884963e-02       6.063797560725e+03 
       3.369249642012e-02       6.061771281578e+03 
       3.370575648851e-02       6.059743512494e+03 
       3.371902909067e-02       6.057714238080e+03 
       3.373231426261e-02       6.055683455862e+03 
       3.374561204048e-02       6.053651163359e+03 
       3.375892246058e-02       6.051617358054e+03 
       3.377224555937e-02       6.049582037478e+03 
       3.378558137347e-02       6.047545199165e+03 
       3.379892993962e-02       6.045506843816e+03 
       3.381229129473e-02       6.043466941282e+03 
       3.382566547589e-02       6.041425533062e+03 
       3.383905252030e-02       6.039382596789e+03 
       3.385245246534e-02       6.037338130736e+03 
       3.386586534854e-02       6.035292123513e+03 
       3.387929120760e-02       6.033244587124e+03 
       3.389273008036e-02       6.031195512311e+03 
       3.390618200482e-02       6.029144896464e+03 
       3.391964701915e-02       6.027092736969e+03 
       3.393312516168e-02       6.025039031191e+03 
       3.394661647090e-02       6.022983776490e+03 
       3.396012098546e-02       6.020926970222e+03 
       3.397363874417e-02       6.018868609742e+03 
       3.398716978601e-02       6.016808699224e+03 
       3.400071415012e-02       6.014747190367e+03 
       3.401427187582e-02       6.012684149137e+03 
       3.402784300258e-02       6.010619542690e+03 
       3.404142757004e-02       6.008553368312e+03 
       3.405502561803e-02       6.006485623283e+03 
       3.406863718653e-02       6.004416304870e+03 
       3.408226231568e-02       6.002345410368e+03 
       3.409590104582e-02       6.000272937033e+03 
       3.410955341746e-02       5.998198882110e+03 
       3.412321947125e-02       5.996123230468e+03 
       3.413689924806e-02       5.994046002781e+03 
       3.415059278890e-02       5.991967185149e+03 
       3.416430013498e-02       5.989886774531e+03 
       3.417802132768e-02       5.987804768098e+03 
       3.419175640855e-02       5.985721163013e+03 
       3.420550541934e-02       5.983635956419e+03 
       3.421926840196e-02       5.981549145472e+03 
       3.423304539852e-02       5.979460728058e+03 
       3.424683645130e-02       5.977370682152e+03 
       3.426064160277e-02       5.975279039497e+03 
       3.427446089559e-02       5.973185780754e+03 
       3.428829437258e-02       5.971090903904e+03 
       3.430214207679e-02       5.968994397460e+03 
       3.431600405143e-02       5.966896272500e+03 
       3.432988033990e-02       5.964796519681e+03 
       3.434377098580e-02       5.962695136023e+03 
       3.435767603292e-02       5.960592118523e+03 
       3.437159552524e-02       5.958487464178e+03 
       3.438552950694e-02       5.956381169970e+03 
       3.439947802238e-02       5.954273232890e+03 
       3.441344111613e-02       5.952163649935e+03 
       3.442741883295e-02       5.950052391459e+03 
       3.444141121782e-02       5.947939509725e+03 
       3.445541831588e-02       5.945824968625e+03 
       3.446944017251e-02       5.943708769091e+03 
       3.448347683327e-02       5.941590908020e+03 
       3.449752834393e-02       5.939471382316e+03 
       3.451159475046e-02       5.937350188877e+03 
       3.452567609905e-02       5.935227324598e+03 
       3.453977243607e-02       5.933102786342e+03 
       3.455388380813e-02       5.930976574036e+03 
       3.456801026202e-02       5.928848662906e+03 
       3.458215184477e-02       5.926719082603e+03 
       3.459630860360e-02       5.924587815388e+03 
       3.461048058595e-02       5.922454858033e+03 
       3.462466783948e-02       5.920320207299e+03 
       3.463887041205e-02       5.918183859941e+03 
       3.465308835175e-02       5.916045812701e+03 
       3.466732170690e-02       5.913906062332e+03 
       3.468157052601e-02       5.911764587540e+03 
       3.469583485783e-02       5.909621422201e+03 
       3.471011475134e-02       5.907476541167e+03 
       3.472441025573e-02       5.905329943615e+03 
       3.473872142041e-02       5.903181620807e+03 
       3.475304829504e-02       5.901031579682e+03 
       3.476739092948e-02       5.898879812028e+03 
       3.478174937383e-02       5.896726314360e+03 
       3.479612367844e-02       5.894571083234e+03 
       3.481051389386e-02       5.892414115225e+03 
       3.482492007090e-02       5.890255406913e+03 
       3.483934226059e-02       5.888094954859e+03 
       3.485378051419e-02       5.885932756261e+03 
       3.486823488322e-02       5.883768800694e+03 
       3.488270541943e-02       5.881603080811e+03 
       3.489719217480e-02       5.879435617771e+03 
       3.491169520156e-02       5.877266393319e+03 
       3.492621455219e-02       5.875095403866e+03 
       3.494075027942e-02       5.872922645884e+03 
       3.495530243619e-02       5.870748115821e+03 
       3.496987107574e-02       5.868571810132e+03 
       3.498445625152e-02       5.866393725235e+03 
       3.499905801726e-02       5.864213861590e+03 
       3.501367642692e-02       5.862032191641e+03 
       3.502831153472e-02       5.859848746334e+03 
       3.504296339515e-02       5.857663507079e+03 
       3.505763206295e-02       5.855476470191e+03 
       3.507231759312e-02       5.853287631973e+03 
       3.508702004090e-02       5.851096988710e+03 
       3.510173946184e-02       5.848904536693e+03 
       3.511647591170e-02       5.846710271929e+03 
       3.513122944655e-02       5.844514176542e+03 
       3.514600012271e-02       5.842316274448e+03 
       3.516078799676e-02       5.840116548405e+03 
       3.517559312557e-02       5.837914995709e+03 
       3.519041556627e-02       5.835711603926e+03 
       3.520525537627e-02       5.833506382697e+03 
       3.522011261326e-02       5.831299322151e+03 
       3.523498733519e-02       5.829090418406e+03 
       3.524987960032e-02       5.826879667561e+03 
       3.526478946717e-02       5.824667065693e+03 
       3.527971699454e-02       5.822452608864e+03 
       3.529466224154e-02       5.820236293163e+03 
       3.530962526754e-02       5.818018118926e+03 
       3.532460613222e-02       5.815798048434e+03 
       3.533960489553e-02       5.813576130398e+03 
       3.535462161774e-02       5.811352337249e+03 
       3.536965635939e-02       5.809126664972e+03 
       3.538470918133e-02       5.806899109527e+03 
       3.539978014470e-02       5.804669666846e+03 
       3.541486931096e-02       5.802438332881e+03 
       3.542997674184e-02       5.800205103555e+03 
       3.544510249941e-02       5.797969978218e+03 
       3.546024664602e-02       5.795732931356e+03 
       3.547540924434e-02       5.793493990112e+03 
       3.549059035735e-02       5.791253136729e+03 
       3.550579004834e-02       5.789010366984e+03 
       3.552100838092e-02       5.786765676663e+03 
       3.553624541901e-02       5.784519061528e+03 
       3.555150122686e-02       5.782270517344e+03 
       3.556677586902e-02       5.780020044494e+03 
       3.558206941039e-02       5.777767610742e+03 
       3.559738191616e-02       5.775513252521e+03 
       3.561271345190e-02       5.773256947918e+03 
       3.562806408345e-02       5.770998687733e+03 
       3.564343387703e-02       5.768738476839e+03 
       3.565882289917e-02       5.766476306429e+03 
       3.567423121674e-02       5.764212172089e+03 
       3.568965889695e-02       5.761946069381e+03 
       3.570510600735e-02       5.759677993846e+03 
       3.572057261583e-02       5.757407941025e+03 
       3.573605879064e-02       5.755135906439e+03 
       3.575156460036e-02       5.752861867244e+03 
       3.576709011393e-02       5.750585853387e+03 
       3.578263540064e-02       5.748307844227e+03 
       3.579820053013e-02       5.746027834891e+03 
       3.581378557241e-02       5.743745820703e+03 
       3.582939059784e-02       5.741461797147e+03 
       3.584501567715e-02       5.739175759596e+03 
       3.586066088142e-02       5.736887703375e+03 
       3.587632628210e-02       5.734597613860e+03 
       3.589201195104e-02       5.732305505655e+03 
       3.590771796043e-02       5.730011364267e+03 
       3.592344438283e-02       5.727715185205e+03 
       3.593919129121e-02       5.725416963836e+03 
       3.595495875889e-02       5.723116694981e+03 
       3.597074685959e-02       5.720814374199e+03 
       3.598655566740e-02       5.718510001860e+03 
       3.600238525683e-02       5.716203543849e+03 
       3.601823570274e-02       5.713895036603e+03 
       3.603410708040e-02       5.711584457563e+03 
       3.604999946550e-02       5.709271797685e+03 
       3.606591293408e-02       5.706957060319e+03 
       3.608184756263e-02       5.704640236423e+03 
       3.609780342802e-02       5.702321321024e+03 
       3.611378060753e-02       5.700000309099e+03 
       3.612977917885e-02       5.697677195629e+03 
       3.614579922009e-02       5.695351975536e+03 
       3.616184080977e-02       5.693024645596e+03 
       3.617790402683e-02       5.690695177151e+03 
       3.619398895063e-02       5.688363604669e+03 
       3.621009566097e-02       5.686029904916e+03 
       3.622622423805e-02       5.683694072379e+03 
       3.624237476253e-02       5.681356102206e+03 
       3.625854731550e-02       5.679015989061e+03 
       3.627474197846e-02       5.676673727722e+03 
       3.629095883338e-02       5.674329316338e+03 
       3.630719796266e-02       5.671982729793e+03 
       3.632345944916e-02       5.669633991075e+03 
       3.633974337617e-02       5.667283082741e+03 
       3.635604982745e-02       5.664929999370e+03 
       3.637237888722e-02       5.662574735534e+03 
       3.638873064014e-02       5.660217285810e+03 
       3.640510517135e-02       5.657857647362e+03 
       3.642150256644e-02       5.655495794598e+03 
       3.643792291150e-02       5.653131753009e+03 
       3.645436629307e-02       5.650765503326e+03 
       3.647083279817e-02       5.648397035963e+03 
       3.648732251429e-02       5.646026353144e+03 
       3.650383552944e-02       5.643653445494e+03 
       3.652037193208e-02       5.641278307369e+03 
       3.653693181119e-02       5.638900933038e+03 
       3.655351525621e-02       5.636521316834e+03 
       3.657012235711e-02       5.634139453084e+03 
       3.658675320436e-02       5.631755341613e+03 
       3.660340788892e-02       5.629368942852e+03 
       3.662008650226e-02       5.626980299742e+03 
       3.663678913638e-02       5.624589385521e+03 
       3.665351588379e-02       5.622196194258e+03 
       3.667026683752e-02       5.619800720130e+03 
       3.668704209112e-02       5.617402957254e+03 
       3.670384173867e-02       5.615002899702e+03 
       3.672066587479e-02       5.612600533276e+03 
       3.673751459464e-02       5.610195867456e+03 
       3.675438799391e-02       5.607788888799e+03 
       3.677128616884e-02       5.605379591170e+03 
       3.678820921622e-02       5.602967968484e+03 
       3.680515723339e-02       5.600554014573e+03 
       3.682213031826e-02       5.598137723263e+03 
       3.683912856929e-02       5.595719077591e+03 
       3.685615208551e-02       5.593298091732e+03 
       3.687320096651e-02       5.590874749474e+03 
       3.689027531247e-02       5.588449040825e+03 
       3.690737522415e-02       5.586020966812e+03 
       3.692450080289e-02       5.583590517438e+03 
       3.694165215060e-02       5.581157686430e+03 
       3.695882936982e-02       5.578722467401e+03 
       3.697603256365e-02       5.576284853905e+03 
       3.699326183583e-02       5.573844839360e+03 
       3.701051729066e-02       5.571402421469e+03 
       3.702779903310e-02       5.568957566281e+03 
       3.704510716869e-02       5.566510307892e+03 
       3.706244180361e-02       5.564060621980e+03 
       3.707980304466e-02       5.561608501865e+03 
       3.709719099928e-02       5.559153940827e+03 
       3.711460577552e-02       5.556696932189e+03 
       3.713204748211e-02       5.554237469273e+03 
       3.714951622838e-02       5.551775537647e+03 
       3.716701212436e-02       5.549311145023e+03 
       3.718453528070e-02       5.546844277333e+03 
       3.720208580873e-02       5.544374928015e+03 
       3.721966382042e-02       5.541903089908e+03 
       3.723726942846e-02       5.539428756230e+03 
       3.725490274617e-02       5.536951923297e+03 
       3.727256388757e-02       5.534472563748e+03 
       3.729025296739e-02       5.531990699734e+03 
       3.730797010102e-02       5.529506313006e+03 
       3.732571540456e-02       5.527019388453e+03 
       3.734348899482e-02       5.524529930269e+03 
       3.736129098932e-02       5.522037926426e+03 
       3.737912150631e-02       5.519543369680e+03 
       3.739698066472e-02       5.517046252778e+03 
       3.741486858426e-02       5.514546568402e+03 
       3.743278538533e-02       5.512044309164e+03 
       3.745073118910e-02       5.509539453089e+03 
       3.746870611748e-02       5.507032021260e+03 
       3.748671029312e-02       5.504521990972e+03 
       3.750474383944e-02       5.502009355659e+03 
       3.752280688062e-02       5.499494107755e+03 
       3.754089954160e-02       5.496976239641e+03 
       3.755902194813e-02       5.494455743550e+03 
       3.757717422671e-02       5.491932612023e+03 
       3.759535650464e-02       5.489406830085e+03 
       3.761356891002e-02       5.486878403330e+03 
       3.763181157176e-02       5.484347317791e+03 
       3.765008461957e-02       5.481813565522e+03 
       3.766838818398e-02       5.479277138315e+03 
       3.768672239634e-02       5.476738028575e+03 
       3.770508738883e-02       5.474196228169e+03 
       3.772348329448e-02       5.471651728801e+03 
       3.774191024716e-02       5.469104513632e+03 
       3.776036838157e-02       5.466554591804e+03 
       3.777885783331e-02       5.464001946694e+03 
       3.779737873880e-02       5.461446570990e+03 
       3.781593123537e-02       5.458888450647e+03 
       3.783451546122e-02       5.456327586318e+03 
       3.785313155543e-02       5.453763965794e+03 
       3.787177965799e-02       5.451197580509e+03 
       3.789045990977e-02       5.448628422088e+03 
       3.790917245259e-02       5.446056482141e+03 
       3.792791742915e-02       5.443481752052e+03 
       3.794669498310e-02       5.440904223262e+03 
       3.796550525903e-02       5.438323891826e+03 
       3.798434840245e-02       5.435740721956e+03 
       3.800322455985e-02       5.433154743671e+03 
       3.802213387865e-02       5.430565931830e+03 
       3.804107650726e-02       5.427974277562e+03 
       3.806005259507e-02       5.425379772029e+03 
       3.807906229244e-02       5.422782406393e+03 
       3.809810575073e-02       5.420182171664e+03 
       3.811718312230e-02       5.417579058723e+03 
       3.813629456053e-02       5.414973058706e+03 
       3.815544021982e-02       5.412364155828e+03 
       3.817462025558e-02       5.409752353272e+03 
       3.819383482428e-02       5.407137635983e+03 
       3.821308408344e-02       5.404519998363e+03 
       3.823236819162e-02       5.401899426465e+03 
       3.825168730846e-02       5.399275898775e+03 
       3.827104159467e-02       5.396649428878e+03 
       3.829043121205e-02       5.394019997526e+03 
       3.830985632349e-02       5.391387592065e+03 
       3.832931709299e-02       5.388752208512e+03 
       3.834881368566e-02       5.386113834474e+03 
       3.836834626775e-02       5.383472460455e+03 
       3.838791500663e-02       5.380828076595e+03 
       3.840752007083e-02       5.378180673109e+03 
       3.842716163002e-02       5.375530239795e+03 
       3.844683985504e-02       5.372876757726e+03 
       3.846655491793e-02       5.370220234630e+03 
       3.848630699189e-02       5.367560652001e+03 
       3.850609625134e-02       5.364897999778e+03 
       3.852592287190e-02       5.362232267858e+03 
       3.854578703042e-02       5.359563446074e+03 
       3.856568890496e-02       5.356891524060e+03 
       3.858562867486e-02       5.354216486503e+03 
       3.860560652068e-02       5.351538332543e+03 
       3.862562262429e-02       5.348857047248e+03 
       3.864567716879e-02       5.346172617961e+03 
       3.866577033862e-02       5.343485036926e+03 
       3.868590231948e-02       5.340794293352e+03 
       3.870607329843e-02       5.338100373758e+03 
       3.872628346381e-02       5.335403271502e+03 
       3.874653300534e-02       5.332702973822e+03 
       3.876682211408e-02       5.329999469870e+03 
       3.878715098246e-02       5.327292748646e+03 
       3.880751980427e-02       5.324582799300e+03 
       3.882792877472e-02       5.321869610325e+03 
       3.884837809041e-02       5.319153163237e+03 
       3.886886794937e-02       5.316433461224e+03 
       3.888939855105e-02       5.313710486065e+03 
       3.890997009635e-02       5.310984226279e+03 
       3.893058278765e-02       5.308254670670e+03 
       3.895123682877e-02       5.305521805902e+03 
       3.897193242505e-02       5.302785624099e+03 
       3.899266978332e-02       5.300046111883e+03 
       3.901344911193e-02       5.297303253481e+03 
       3.903427062076e-02       5.294557044634e+03 
       3.905513452125e-02       5.291807470043e+03 
       3.907604102638e-02       5.289054517795e+03 
       3.909699035074e-02       5.286298175826e+03 
       3.911798271049e-02       5.283538427144e+03 
       3.913901832340e-02       5.280775268550e+03 
       3.916009740889e-02       5.278008682350e+03 
       3.918122018800e-02       5.275238658901e+03 
       3.920238688343e-02       5.272465184702e+03 
       3.922359771956e-02       5.269688247326e+03 
       3.924485292246e-02       5.266907834023e+03 
       3.926615271992e-02       5.264123926540e+03 
       3.928749734143e-02       5.261336523174e+03 
       3.930888701825e-02       5.258545606132e+03 
       3.933032198339e-02       5.255751162460e+03 
       3.935180247164e-02       5.252953179211e+03 
       3.937332871957e-02       5.250151639975e+03 
       3.939490096560e-02       5.247346538538e+03 
       3.941651944995e-02       5.244537857953e+03 
       3.943818441471e-02       5.241725585408e+03 
       3.945989610385e-02       5.238909707598e+03 
       3.948165476320e-02       5.236090207225e+03 
       3.950346064052e-02       5.233267078038e+03 
       3.952531398551e-02       5.230440303119e+03 
       3.954721504980e-02       5.227609867568e+03 
       3.956916408700e-02       5.224775759662e+03 
       3.959116135271e-02       5.221937961690e+03 
       3.961320710453e-02       5.219096465588e+03 
       3.963530160211e-02       5.216251253942e+03 
       3.965744510714e-02       5.213402313109e+03 
       3.967963788340e-02       5.210549629115e+03 
       3.970188019675e-02       5.207693185048e+03 
       3.972417231518e-02       5.204832970706e+03 
       3.974651450882e-02       5.201968969808e+03 
       3.976890704995e-02       5.199101167818e+03 
       3.979135021308e-02       5.196229550055e+03 
       3.981384427487e-02       5.193354101646e+03 
       3.983638951427e-02       5.190474807803e+03 
       3.985898621245e-02       5.187591651204e+03 
       3.988163465288e-02       5.184704621172e+03 
       3.990433512134e-02       5.181813700405e+03 
       3.992708790595e-02       5.178918873811e+03 
       3.994989329715e-02       5.176020125590e+03 
       3.997275158781e-02       5.173117441769e+03 
       3.999566307318e-02       5.170210800289e+03 
       4.001862805096e-02       5.167300195005e+03 
       4.004164682130e-02       5.164385605869e+03 
       4.006471968685e-02       5.161467017094e+03 
       4.008784695278e-02       5.158544412579e+03 
       4.011102892680e-02       5.155617776221e+03 
       4.013426591918e-02       5.152687091798e+03 
       4.015755824281e-02       5.149752342905e+03 
       4.018090621322e-02       5.146813513294e+03 
       4.020431014857e-02       5.143870586394e+03 
       4.022777036972e-02       5.140923545599e+03 
       4.025128720027e-02       5.137972374159e+03 
       4.027486096655e-02       5.135017055021e+03 
       4.029849199768e-02       5.132057571326e+03 
       4.032218062559e-02       5.129093905805e+03 
       4.034592718506e-02       5.126126041211e+03 
       4.036973201374e-02       5.123153960084e+03 
       4.039359545221e-02       5.120177645081e+03 
       4.041751784396e-02       5.117197078576e+03 
       4.044149953550e-02       5.114212242907e+03 
       4.046554087632e-02       5.111223120247e+03 
       4.048964221897e-02       5.108229692591e+03 
       4.051380391907e-02       5.105231941893e+03 
       4.053802633539e-02       5.102229849844e+03 
       4.056230982982e-02       5.099223398014e+03 
       4.058665476746e-02       5.096212567856e+03 
       4.061106151662e-02       5.093197340625e+03 
       4.063553044891e-02       5.090177697768e+03 
       4.066006193922e-02       5.087153620354e+03 
       4.068465636579e-02       5.084125089410e+03 
       4.070931411024e-02       5.081092085727e+03 
       4.073403555763e-02       5.078054590135e+03 
       4.075882109646e-02       5.075012583137e+03 
       4.078367111876e-02       5.071966045107e+03 
       4.080858602010e-02       5.068914956226e+03 
       4.083356619965e-02       5.065859296480e+03 
       4.085861206018e-02       5.062799045992e+03 
       4.088372400819e-02       5.059734184546e+03 
       4.090890245387e-02       5.056664691893e+03 
       4.093414781119e-02       5.053590547510e+03 
       4.095946049792e-02       5.050511730928e+03 
       4.098484093571e-02       5.047428221358e+03 
       4.101028955012e-02       5.044339997901e+03 
       4.103580677066e-02       5.041247039407e+03 
       4.106139303083e-02       5.038149324485e+03 
       4.108704876821e-02       5.035046831832e+03 
       4.111277442448e-02       5.031939539806e+03 
       4.113857044546e-02       5.028827426719e+03 
       4.116443728122e-02       5.025710470649e+03 
       4.119037538604e-02       5.022588649650e+03 
       4.121638521855e-02       5.019461941494e+03 
       4.124246724175e-02       5.016330323849e+03 
       4.126862192305e-02       5.013193774157e+03 
       4.129484973434e-02       5.010052269513e+03 
       4.132115115207e-02       5.006905787135e+03 
       4.134752665728e-02       5.003754303797e+03 
       4.137397673564e-02       5.000597796265e+03 
       4.140050187757e-02       4.997436240961e+03 
       4.142710257826e-02       4.994269614429e+03 
       4.145377933771e-02       4.991097892814e+03 
       4.148053266085e-02       4.987921052186e+03 
       4.150736305758e-02       4.984739068330e+03 
       4.153427104280e-02       4.981551916857e+03 
       4.156125713653e-02       4.978359573216e+03 
       4.158832186395e-02       4.975162012570e+03 
       4.161546575545e-02       4.971959209838e+03 
       4.164268934675e-02       4.968751139919e+03 
       4.166999317893e-02       4.965537777448e+03 
       4.169737779850e-02       4.962319096854e+03 
       4.172484375750e-02       4.959095072410e+03 
       4.175239161354e-02       4.955865678051e+03 
       4.178002192992e-02       4.952630887778e+03 
       4.180773527565e-02       4.949390675092e+03 
       4.183553222559e-02       4.946145013316e+03 
       4.186341336048e-02       4.942893875455e+03 
       4.189137926703e-02       4.939637234625e+03 
       4.191943053801e-02       4.936375063438e+03 
       4.194756777236e-02       4.933107334399e+03 
       4.197579157522e-02       4.929834019706e+03 
       4.200410255803e-02       4.926555091588e+03 
       4.203250133868e-02       4.923270521825e+03 
       4.206098854149e-02       4.919980281951e+03 
       4.208956479741e-02       4.916684343162e+03 
       4.211823074402e-02       4.913382676638e+03 
       4.214698702570e-02       4.910075253148e+03 
       4.217583429367e-02       4.906762043274e+03 
       4.220477320611e-02       4.903443017282e+03 
       4.223380442826e-02       4.900118145410e+03 
       4.226292863253e-02       4.896787397495e+03 
       4.229214649857e-02       4.893450743140e+03 
       4.232145871340e-02       4.890108151561e+03 
       4.235086597150e-02       4.886759591915e+03 
       4.238036897495e-02       4.883405032882e+03 
       4.240996843350e-02       4.880044442950e+03 
       4.243966506470e-02       4.876677790246e+03 
       4.246945959402e-02       4.873305042888e+03 
       4.249935275495e-02       4.869926168534e+03 
       4.252934528913e-02       4.866541134543e+03 
       4.255943794647e-02       4.863149908137e+03 
       4.258963148526e-02       4.859752456083e+03 
       4.261992667232e-02       4.856348744871e+03 
       4.265032428308e-02       4.852938740587e+03 
       4.268082510179e-02       4.849522409224e+03 
       4.271142992154e-02       4.846099716355e+03 
       4.274213954451e-02       4.842670627329e+03 
       4.277295478201e-02       4.839235107061e+03 
       4.280387645470e-02       4.835793120386e+03 
       4.283490539265e-02       4.832344631627e+03 
       4.286604243558e-02       4.828889604772e+03 
       4.289728843291e-02       4.825428003360e+03 
       4.292864424397e-02       4.821959790826e+03 
       4.296011073815e-02       4.818484930140e+03 
       4.299168879504e-02       4.815003383920e+03 
       4.302337930458e-02       4.811515114606e+03 
       4.305518316724e-02       4.808020084187e+03 
       4.308710129420e-02       4.804518254362e+03 
       4.311913460748e-02       4.801009586275e+03 
       4.315128404013e-02       4.797494040874e+03 
       4.318355053643e-02       4.793971578566e+03 
       4.321593505201e-02       4.790442159463e+03 
       4.324843855409e-02       4.786905743216e+03 
       4.328106202164e-02       4.783362289383e+03 
       4.331380644557e-02       4.779811756966e+03 
       4.334667282893e-02       4.776254104536e+03 
       4.337966218710e-02       4.772689290425e+03 
       4.341277554799e-02       4.769117272322e+03 
       4.344601395226e-02       4.765538007505e+03 
       4.347937845350e-02       4.761951452757e+03 
       4.351287011849e-02       4.758357564717e+03 
       4.354649002738e-02       4.754756299529e+03 
       4.358023927391e-02       4.751147612762e+03 
       4.361411896567e-02       4.747531459851e+03 
       4.364813022431e-02       4.743907795594e+03 
       4.368227418578e-02       4.740276574209e+03 
       4.371655200056e-02       4.736637749510e+03 
       4.375096483394e-02       4.732991274915e+03 
       4.378551386624e-02       4.729337102941e+03 
       4.382020029308e-02       4.725675186352e+03 
       4.385502532565e-02       4.722005477124e+03 
       4.388999019095e-02       4.718327926801e+03 
       4.392509613211e-02       4.714642486327e+03 
       4.396034440864e-02       4.710949106206e+03 
       4.399573629671e-02       4.707247736208e+03 
       4.403127308948e-02       4.703538325586e+03 
       4.406695609734e-02       4.699820823274e+03 
       4.410278664828e-02       4.696095177603e+03 
       4.413876608816e-02       4.692361336429e+03 
       4.417489578105e-02       4.688619247014e+03 
       4.421117710953e-02       4.684868856244e+03 
       4.424761147508e-02       4.681110110124e+03 
       4.428420029833e-02       4.677342953927e+03 
       4.432094501952e-02       4.673567332586e+03 
       4.435784709875e-02       4.669783190425e+03 
       4.439490801643e-02       4.665990471104e+03 
       4.443212927360e-02       4.662189117929e+03 
       4.446951239234e-02       4.658379073490e+03 
       4.450705891613e-02       4.654560279581e+03 
       4.454477041031e-02       4.650732677491e+03 
       4.458264846240e-02       4.646896207287e+03 
       4.462069468260e-02       4.643050809030e+03 
       4.465891070418e-02       4.639196421921e+03 
       4.469729818392e-02       4.635332984504e+03 
       4.473585880256e-02       4.631460434665e+03 
       4.477459426529e-02       4.627578709673e+03 
       4.481350630214e-02       4.623687745843e+03 
       4.485259666857e-02       4.619787478611e+03 
       4.489186714588e-02       4.615877842878e+03 
       4.493131954173e-02       4.611958772759e+03 
       4.497095569071e-02       4.608030201623e+03 
       4.501077745480e-02       4.604092062276e+03 
       4.505078672395e-02       4.600144286601e+03 
       4.509098541664e-02       4.596186805526e+03 
       4.513137548043e-02       4.592219549071e+03 
       4.517195889256e-02       4.588242446577e+03 
       4.521273766055e-02       4.584255426398e+03 
       4.525371382280e-02       4.580258416266e+03 
       4.529488944923e-02       4.576251343094e+03 
       4.533626664193e-02       4.572234132714e+03 
       4.537784753582e-02       4.568206710130e+03 
       4.541963429930e-02       4.564168999156e+03 
       4.546162913500e-02       4.560120922852e+03 
       4.550383428046e-02       4.556062403304e+03 
       4.554625200885e-02       4.551993361662e+03 
       4.558888462978e-02       4.547913718291e+03 
       4.563173449000e-02       4.543823392365e+03 
       4.567480397423e-02       4.539722301870e+03 
       4.571809550600e-02       4.535610363822e+03 
       4.576161154840e-02       4.531487494183e+03 
       4.580535460505e-02       4.527353607794e+03 
       4.584932722089e-02       4.523208618661e+03 
       4.589353198312e-02       4.519052439526e+03 
       4.593797152213e-02       4.514884981981e+03 
       4.598264851245e-02       4.510706156257e+03 
       4.602756567373e-02       4.506515871391e+03 
       4.607272577175e-02       4.502314035440e+03 
       4.611813161944e-02       4.498100555221e+03 
       4.616378607799e-02       4.493875336245e+03 
       4.620969205788e-02       4.489638282884e+03 
       4.625585252005e-02       4.485389297826e+03 
       4.630227047705e-02       4.481128282553e+03 
       4.634894899421e-02       4.476855137236e+03 
       4.639589119091e-02       4.472569760721e+03 
       4.644310024176e-02       4.468272050643e+03 
       4.649057937799e-02       4.463961902966e+03 
       4.653833188872e-02       4.459639212138e+03 
       4.658636112234e-02       4.455303870993e+03 
       4.663467048794e-02       4.450955770767e+03 
       4.668326345678e-02       4.446594801671e+03 
       4.673214356375e-02       4.442220852094e+03 
       4.678131440892e-02       4.437833808874e+03 
       4.683077965915e-02       4.433433556838e+03 
       4.688054304973e-02       4.429019979121e+03 
       4.693060838604e-02       4.424592957278e+03 
       4.698097954531e-02       4.420152371242e+03 
       4.703166047842e-02       4.415698099287e+03 
       4.708265521170e-02       4.411230017587e+03 
       4.713396784893e-02       4.406748000318e+03 
       4.718560257319e-02       4.402251919595e+03 
       4.723756364900e-02       4.397741645832e+03 
       4.728985542431e-02       4.393217047584e+03 
       4.734248233275e-02       4.388677991314e+03 
       4.739544889578e-02       4.384124341303e+03 
       4.744875972506e-02       4.379555959342e+03 
       4.750241952477e-02       4.374972705192e+03 
       4.755643309410e-02       4.370374436552e+03 
       4.761080532974e-02       4.365761008894e+03 
       4.766554122856e-02       4.361132275271e+03 
       4.772064589024e-02       4.356488086170e+03 
       4.777612452015e-02       4.351828289392e+03 
       4.783198243214e-02       4.347152730548e+03 
       4.788822505163e-02       4.342461252715e+03 
       4.794485791860e-02       4.337753696199e+03 
       4.800188669087e-02       4.333029898767e+03 
       4.805931714735e-02       4.328289694892e+03 
       4.811715519147e-02       4.323532916561e+03 
       4.817540685474e-02       4.318759392864e+03 
       4.823407830041e-02       4.313968949893e+03 
       4.829317582723e-02       4.309161410666e+03 
       4.835270587344e-02       4.304336594861e+03 
       4.841267502077e-02       4.299494318958e+03 
       4.847308999872e-02       4.294634396347e+03 
       4.853395768891e-02       4.289756636843e+03 
       4.859528512959e-02       4.284860846886e+03 
       4.865707952036e-02       4.279946829068e+03 
       4.871934822707e-02       4.275014382501e+03 
       4.878209878680e-02       4.270063302545e+03 
       4.884533891320e-02       4.265093380653e+03 
       4.890907650186e-02       4.260104404192e+03 
       4.897331963600e-02       4.255096156278e+03 
       4.903807659233e-02       4.250068416218e+03 
       4.910335584714e-02       4.245020958749e+03 
       4.916916608266e-02       4.239953554066e+03 
       4.923551619361e-02       4.234865967870e+03 
       4.930241529406e-02       4.229757960806e+03 
       4.936987272455e-02       4.224629289456e+03 
       4.943789805949e-02       4.219479704661e+03 
       4.950650111484e-02       4.214308952185e+03 
       4.957569195617e-02       4.209116772734e+03 
       4.964548090693e-02       4.203902901431e+03 
       4.971587855720e-02       4.198667067642e+03 
       4.978689577272e-02       4.193408994922e+03 
       4.985854370428e-02       4.188128400940e+03 
       4.993083379760e-02       4.182824997076e+03 
       5.000377780353e-02       4.177498488291e+03 
       5.007738778874e-02       4.172148572936e+03 
       5.015167614687e-02       4.166774942468e+03 
       5.022665561014e-02       4.161377281512e+03 
       5.030233926149e-02       4.155955267124e+03 
       5.037874054728e-02       4.150508568886e+03 
       5.045587329045e-02       4.145036848699e+03 
       5.053375170445e-02       4.139539760393e+03 
       5.061239040758e-02       4.134016949130e+03 
       5.069180443821e-02       4.128468051665e+03 
       5.077200927050e-02       4.122892695876e+03 
       5.085302083099e-02       4.117290500247e+03 
       5.093485551589e-02       4.111661073418e+03 
       5.101753020917e-02       4.106004014216e+03 
       5.110106230163e-02       4.100318911201e+03 
       5.118546971069e-02       4.094605342129e+03 
       5.127077090128e-02       4.088862873324e+03 
       5.135698490773e-02       4.083091059537e+03 
       5.144413135665e-02       4.077289443815e+03 
       5.153223049101e-02       4.071457556440e+03 
       5.162130319543e-02       4.065594914299e+03 
       5.171137102267e-02       4.059701020863e+03 
       5.180245622153e-02       4.053775365813e+03 
       5.189458176612e-02       4.047817423713e+03 
       5.198777138673e-02       4.041826653450e+03 
       5.208204960214e-02       4.035802498197e+03 
       5.217744175382e-02       4.029744384589e+03 
       5.227397404175e-02       4.023651721311e+03 
       5.237167356232e-02       4.017523898564e+03 
       5.247056834811e-02       4.011360288075e+03 
       5.257068740994e-02       4.005160241309e+03 
       5.267206078115e-02       3.998923088222e+03 
       5.277471956438e-02       3.992648137443e+03 
       5.287869598089e-02       3.986334674676e+03 
       5.298402342270e-02       3.979981960757e+03 
       5.309073650763e-02       3.973589231750e+03 
       5.319887113754e-02       3.967155697291e+03 
       5.330846455984e-02       3.960680538398e+03 
       5.341955543270e-02       3.954162907031e+03 
       5.353218389392e-02       3.947601924521e+03 
       5.364639163399e-02       3.940996678866e+03 
       5.376222197346e-02       3.934346224164e+03 
       5.387971994496e-02       3.927649578365e+03 
       5.399893238017e-02       3.920905720501e+03 
       5.411990800217e-02       3.914113589795e+03 
       5.424269752337e-02       3.907272082422e+03 
       5.436735374966e-02       3.900380048824e+03 
       5.449393169097e-02       3.893436292306e+03 
       5.462248867886e-02       3.886439564487e+03 
       5.475308449163e-02       3.879388563049e+03 
       5.488578148738e-02       3.872281928956e+03 
       5.502064474573e-02       3.865118241001e+03 
       5.515774221874e-02       3.857896013815e+03 
       5.529714489178e-02       3.850613692736e+03 
       5.543892695498e-02       3.843269648433e+03 
       5.558316598608e-02       3.835862173945e+03 
       5.572994314561e-02       3.828389477077e+03 
       5.587934338513e-02       3.820849675521e+03 
       5.603145566965e-02       3.813240791217e+03 
       5.618637321513e-02       3.805560741294e+03 
       5.634419374236e-02       3.797807333108e+03 
       5.650501974825e-02       3.789978253257e+03 
       5.666895879577e-02       3.782071060691e+03 
       5.683612382416e-02       3.774083175703e+03 
       5.700663348053e-02       3.766011869004e+03 
       5.718061247452e-02       3.757854250748e+03 
       5.735819195778e-02       3.749607255946e+03 
       5.753950992961e-02       3.741267632077e+03 
       5.772471167089e-02       3.732831921140e+03 
       5.791395020791e-02       3.724296444454e+03 
       5.810738680809e-02       3.715657281473e+03 
       5.830519150947e-02       3.706910250388e+03 
       5.850754368589e-02       3.698050883644e+03 
       5.871463264978e-02       3.689074402562e+03 
       5.892665829436e-02       3.679975689249e+03 
       5.914383177691e-02       3.670749253917e+03 
       5.936637624450e-02       3.661389201512e+03 
       5.959452760339e-02       3.651889191367e+03 
       5.982853533262e-02       3.642242395040e+03 
       6.006866334189e-02       3.632441448918e+03 
       6.031519087274e-02       3.622478399970e+03 
       6.056841344135e-02       3.612344648703e+03 
       6.082864381923e-02       3.602030882659e+03 
       6.109621304697e-02       3.591527004490e+03 
       6.137147147334e-02       3.580822052222e+03 
       6.165478980945e-02       3.569904109655e+03 
       6.194656018419e-02       3.558760209294e+03 
       6.224719718243e-02       3.547376223638e+03 
       6.255713884269e-02       3.535736745656e+03 
       6.287684758401e-02       3.523824958729e+03 
       6.320681102447e-02       3.511622494469e+03 
       6.354754264467e-02       3.499109276968e+03 
       6.389958223887e-02       3.486263356039e+03 
       6.426349608465e-02       3.473060728254e+03 
       6.463987674858e-02       3.459475148109e+03 
       6.502934243049e-02       3.445477930580e+03 
       6.543253573399e-02       3.431037748641e+03 
       6.585012173552e-02       3.416120431369e+03 
       6.628278521005e-02       3.400688768846e+03 
       6.673122686104e-02       3.384702333855e+03 
       6.719615839625e-02       3.368117332014e+03 
       6.767829629430e-02       3.350886496031e+03 
       6.817835412150e-02       3.332959043845e+03 
       6.869703329018e-02       3.314280722339e+03 
       6.923501220129e-02       3.294793964864e+03 
       6.979293379100e-02       3.274438191247e+03 
       7.037139160396e-02       3.253150282385e+03 
       7.097091464619e-02       3.230865260634e+03 
       7.159195142247e-02       3.207517203790e+03 
       7.223485372791e-02       3.183040413989e+03 
       7.289986092420e-02       3.157370847698e+03 
       7.358708556666e-02       3.130447803202e+03 
       7.429650133245e-02       3.102215833107e+03 
       7.502793420693e-02       3.072626832841e+03 
       7.578105779384e-02       3.041642233514e+03 
       7.655539341657e-02       3.009235195243e+03 
       7.735031537865e-02       2.975392686412e+03 
       7.816506138028e-02       2.940117328052e+03 
       7.899874768542e-02       2.903428880058e+03 
       7.985038825552e-02       2.865365278075e+03 
       8.071891676333e-02       2.825983145454e+03 
       8.160321021499e-02       2.785357733720e+03 
       8.250211286059e-02       2.743582282023e+03 
       8.341445916089e-02       2.700766831893e+03 
       8.433909477526e-02       2.657036568100e+03 
       8.527489480541e-02       2.612529766866e+03 
       8.622077882715e-02       2.567395455433e+03 
       8.717572252950e-02       2.521790883663e+03 
       8.813876602581e-02       2.475878907251e+03 
       8.910901909014e-02       2.429825375697e+03 
       9.008566369666e-02       2.383796600275e+03 
       9.106795430576e-02       2.337956971700e+03 
       9.205521635770e-02       2.292466771726e+03 
       9.304684341468e-02       2.247480215526e+03 
       9.404229334904e-02       2.203143744045e+03 
       9.504108391846e-02       2.159594569642e+03 
       9.604278800847e-02       2.116959481311e+03 
       9.704702876270e-02       2.075353901247e+03 
       9.805347476765e-02       2.034881180094e+03 
       9.906183541180e-02       1.995632110830e+03 
       1.000718565001e-01       1.957684646695e+03 
       1.010833161738e-01       1.921103807202e+03 
       1.020960211622e-01       1.885941743368e+03 
       1.031098033737e-01       1.852237942898e+03 
       1.041245168221e-01       1.820019554361e+03 
       1.051400348746e-01       1.789301811916e+03 
       1.061562478019e-01       1.760088539313e+03 
       1.071730606085e-01       1.732372723517e+03 
       1.081903911188e-01       1.706137138789e+03 
       1.092081682953e-01       1.681355006775e+03 
       1.102263307642e-01       1.657990682633e+03 
       1.112448255276e-01       1.636000361105e+03 
       1.122636068398e-01       1.615332792791e+03 
       1.132826352297e-01       1.595930010876e+03 
       1.143018766502e-01       1.577728056863e+03 
       1.153213017412e-01       1.560657708281e+03 
       1.163408851900e-01       1.544645202286e+03 
       1.173606051770e-01       1.529612960189e+03 
       1.183804428973e-01       1.515480301360e+03 
       1.194003821458e-01       1.502164157840e+03 
       1.204204089595e-01       1.489579783888e+03 
       1.214405113080e-01       1.477641459582e+03 
       1.224606788271e-01       1.466263185236e+03 
       1.234809025881e-01       1.455359368544e+03 
       1.245011748993e-01       1.444845496616e+03 
       1.255214891347e-01       1.434638800071e+03 
       1.265418395863e-01       1.424658888043e+03 
       1.275622213369e-01       1.414828366981e+03 
       1.285826301503e-01       1.405073423055e+03 
       1.296030623770e-01       1.395324374983e+03 
       1.306235148724e-01       1.385516181862e+03 
       1.316439849272e-01       1.375588910544e+03 
       1.326644702065e-01       1.365488144018e+03 
       1.336849686980e-01       1.355165335260e+03 
       1.347054786672e-01       1.344578098048e+03 
       1.357259986189e-01       1.333690430045e+03 
       1.367465272638e-01       1.322472867072e+03 
       1.377670634900e-01       1.310902565426e+03 
       1.387876063383e-01       1.298963311676e+03 
       1.398081549811e-01       1.286645456629e+03 
       1.408287087040e-01       1.273945780784e+03 
       1.418492668905e-01       1.260867287680e+03 
       1.428698290076e-01       1.247418934590e+03 
       1.438903945951e-01       1.233615299558e+03 
       1.449109632551e-01       1.219476194503e+03 
       1.459315346433e-01       1.205026230256e+03 
       1.469521084616e-01       1.190294340611e+03 
       1.479726844521e-01       1.175313272485e+03 
       1.489932623910e-01       1.160119049702e+03 
       1.500138420842e-01       1.144750421736e+03 
       1.510344233632e-01       1.129248302176e+03 
       1.520550060815e-01       1.113655207881e+03 
       1.530755901114e-01       1.098014704406e+03 
       1.540961753419e-01       1.082370866604e+03 
       1.551167616758e-01       1.066767758871e+03 
       1.561373490285e-01       1.051248943082e+03 
       1.571579373255e-01       1.035857017866e+03 
       1.581785265017e-01       1.020633194469e+03 
       1.591991164998e-01       1.005616911320e+03 
       1.602197072691e-01       9.908454903651e+02 
       1.612402987651e-01       9.763538359122e+02 
       1.622608909482e-01       9.621741782622e+02 
       1.632814837831e-01       9.483358597829e+02 
       1.643020772386e-01       9.348651647655e+02 
       1.653226712866e-01       9.217851899512e+02 
       1.663432659019e-01       9.091157555491e+02 
       1.673638610618e-01       8.968733538364e+02 
       1.683844567459e-01       8.850711313556e+02 
       1.694050529356e-01       8.737189037618e+02 
       1.704256496139e-01       8.628231999979e+02 
       1.714462467653e-01       8.523873329237e+02 
       1.724668443756e-01       8.424114929821e+02 
       1.734874424317e-01       8.328928627256e+02 
       1.745080409213e-01       8.238257491977e+02 
       1.755286398332e-01       8.152017320488e+02 
       1.765492391568e-01       8.070098258154e+02 
       1.775698388823e-01       7.992366531639e+02 
       1.785904390004e-01       7.918666281408e+02 
       1.796110395023e-01       7.848821474740e+02 
       1.806316403797e-01       7.782637892435e+02 
       1.816522416247e-01       7.719905165408e+02 
       1.826728432300e-01       7.660398861486e+02 
       1.836934451882e-01       7.603882604069e+02 
       1.847140474927e-01       7.550110216659e+02 
       1.857346501368e-01       7.498827882397e+02 
       1.867552531142e-01       7.449776310653e+02 
       1.877758564188e-01       7.402692892879e+02 
       1.887964600449e-01       7.357313846038e+02 
       1.898170639867e-01       7.313376323563e+02 
       1.908376682387e-01       7.270620486849e+02 
       1.918582727957e-01       7.228791523487e+02 
       1.928788776526e-01       7.187641591342e+02 
       1.938994828042e-01       7.146931674407e+02 
       1.949200882458e-01       7.106433351713e+02 
       1.959406939726e-01       7.065930438014e+02 
       1.969612999801e-01       7.025220501888e+02 
       1.979819062636e-01       6.984116236291e+02 
       1.990025128189e-01       6.942446669220e+02 
       2.000231196417e-01       6.900058212362e+02 
       2.010437267277e-01       6.856815516511e+02 
       2.020643340730e-01       6.812602148075e+02 
       2.030849416736e-01       6.767321064811e+02 
       2.041055495254e-01       6.720894897488e+02 
       2.051261576248e-01       6.673266025618e+02 
       2.061467659681e-01       6.624396453483e+02 
       2.071673745514e-01       6.574267496941e+02 
       2.081879833714e-01       6.522879276224e+02 
       2.092085924244e-01       6.470250031222e+02 
       2.102292017071e-01       6.416415269333e+02 
       2.112498112161e-01       6.361426760198e+02 
       2.122704209482e-01       6.305351395669e+02 
       2.132910309000e-01       6.248269916989e+02 
       2.143116410684e-01       6.190275561376e+02 
       2.153322514504e-01       6.131472605753e+02 
       2.163528620429e-01       6.071974862108e+02 
       2.173734728429e-01       6.011904122561e+02 
       2.183940838475e-01       5.951388590071e+02 
       2.194146950538e-01       5.890561298840e+02 
       2.204353064590e-01       5.829558558655e+02 
       2.214559180604e-01       5.768518425984e+02 
       2.224765298552e-01       5.707579235914e+02 
       2.234971418408e-01       5.646878178570e+02 
       2.245177540146e-01       5.586549974281e+02 
       2.255383663740e-01       5.526725626674e+02 
       2.265589789165e-01       5.467531267123e+02 
       2.275795916396e-01       5.409087112850e+02 
       2.286002045409e-01       5.351506531293e+02 
       2.296208176180e-01       5.294895210222e+02 
       2.306414308686e-01       5.239350460761e+02 
       2.316620442903e-01       5.184960608767e+02 
       2.326826578810e-01       5.131804522106e+02 
       2.337032716383e-01       5.079951236430e+02 
       2.347238855602e-01       5.029459693521e+02 
       2.357444996445e-01       4.980378582478e+02 
       2.367651138890e-01       4.932746275871e+02 
       2.377857282918e-01       4.886590855054e+02 
       2.388063428507e-01       4.841930242370e+02 
       2.398269575638e-01       4.798772379721e+02 
       2.408475724290e-01       4.757115510090e+02 
       2.418681874446e-01       4.716948511804e+02 
       2.428888026085e-01       4.678251296902e+02 
       2.439094179190e-01       4.640995263329e+02 
       2.449300333741e-01       4.605143803774e+02 
       2.459506489721e-01       4.570652843837e+02 
       2.469712647112e-01       4.537471429619e+02 
       2.479918805897e-01       4.505542338464e+02 
       2.490124966057e-01       4.474802726970e+02 
       2.500331127578e-01       4.445184790154e+02 
       2.510537290441e-01       4.416616447079e+02 
       2.520743454630e-01       4.389022029408e+02 
       2.530949620130e-01       4.362322980486e+02 
       2.541155786925e-01       4.336438565546e+02 
       2.551361954998e-01       4.311286570251e+02 
       2.561568124336e-01       4.286783993630e+02 
       2.571774294921e-01       4.262847726698e+02 
       2.581980466741e-01       4.239395234185e+02 
       2.592186639780e-01       4.216345188995e+02 
       2.602392814024e-01       4.193618096210e+02 
       2.612598989458e-01       4.171136890983e+02 
       2.622805166069e-01       4.148827491076e+02 
       2.633011343843e-01       4.126619322191e+02 
       2.643217522767e-01       4.104445794914e+02 
       2.653423702827e-01       4.082244737523e+02 
       2.663629884010e-01       4.059958784344e+02 
       2.673836066303e-01       4.037535705653e+02 
       2.684042249694e-01       4.014928692193e+02 
       2.694248434170e-01       3.992096576426e+02 
       2.704454619719e-01       3.969004004009e+02 
       2.714660806329e-01       3.945621542338e+02 
       2.724866993987e-01       3.921925736066e+02 
       2.735073182682e-01       3.897899103298e+02 
       2.745279372403e-01       3.873530078099e+02 
       2.755485563137e-01       3.848812897995e+02 
       2.765691754874e-01       3.823747440467e+02 
       2.775897947603e-01       3.798339013036e+02 
       2.786104141313e-01       3.772598095968e+02 
       2.796310335992e-01       3.746540044103e+02 
       2.806516531631e-01       3.720184754099e+02 
       2.816722728219e-01       3.693556299660e+02 
       2.826928925745e-01       3.666682535544e+02 
       2.837135124200e-01       3.639594684133e+02 
       2.847341323573e-01       3.612326904629e+02 
       2.857547523855e-01       3.584915841112e+02 
       2.867753725036e-01       3.557400182547e+02 
       2.877959927106e-01       3.529820199992e+02 
       2.888166130056e-01       3.502217298603e+02 
       2.898372333876e-01       3.474633570816e+02 
       2.908578538558e-01       3.447111373050e+02 
       2.918784744092e-01       3.419692900141e+02 
       2.928990950470e-01       3.392419790379e+02 
       2.939197157682e-01       3.365332748102e+02 
       2.949403365720e-01       3.338471192235e+02 
       2.959609574575e-01       3.311872930847e+02 
       2.969815784240e-01       3.285573865397e+02 
       2.980021994705e-01       3.259607722366e+02 
       2.990228205962e-01       3.234005820194e+02 
       3.000434418003e-01       3.208796863856e+02 
       3.010640630821e-01       3.184006773680e+02 
       3.020846844408e-01       3.159658545926e+02 
       3.031053058754e-01       3.135772144019e+02 
       3.041259273854e-01       3.112364422440e+02 
       3.051465489700e-01       3.089449078311e+02 
       3.061671706283e-01       3.067036635167e+02 
       3.071877923596e-01       3.045134451523e+02 
       3.082084141633e-01       3.023746757945e+02 
       3.092290360387e-01       3.002874718147e+02 
       3.102496579849e-01       2.982516513509e+02 
       3.112702800013e-01       2.962667448634e+02 
       3.122909020872e-01       2.943320077850e+02 
       3.133115242420e-01       2.924464348678e+02 
       3.143321464649e-01       2.906087762127e+02 
       3.153527687554e-01       2.888175546081e+02 
       3.163733911127e-01       2.870710843059e+02 
       3.173940135362e-01       2.853674906836e+02 
       3.184146360252e-01       2.837047308065e+02 
       3.194352585792e-01       2.820806148660e+02 
       3.204558811975e-01       2.804928277072e+02 
       3.214765038795e-01       2.789389512686e+02 
       3.224971266246e-01       2.774164865538e+02 
       3.235177494321e-01       2.759228760746e+02 
       3.245383723016e-01       2.744555257941e+02 
       3.255589952324e-01       2.730118270109e+02 
       3.265796182240e-01       2.715891772284e+02 
       3.276002412757e-01       2.701850010121e+02 
       3.286208643870e-01       2.687967694001e+02 
       3.296414875574e-01       2.674220189023e+02 
       3.306621107864e-01       2.660583690070e+02 
       3.316827340732e-01       2.647035386663e+02 
       3.327033574176e-01       2.633553615878e+02 
       3.337239808188e-01       2.620117997630e+02 
       3.347446042764e-01       2.606709560271e+02 
       3.357652277899e-01       2.593310844490e+02 
       3.367858513588e-01       2.579905997090e+02 
       3.378064749825e-01       2.566480843298e+02 
       3.388270986606e-01       2.553022946155e+02 
       3.398477223926e-01       2.539521645942e+02 
       3.408683461779e-01       2.525968085066e+02 
       3.418889700162e-01       2.512355215254e+02 
       3.429095939069e-01       2.498677788331e+02 
       3.439302178496e-01       2.484932333204e+02 
       3.449508418438e-01       2.471117114409e+02 
       3.459714658890e-01       2.457232081027e+02 
       3.469920899849e-01       2.443278797331e+02 
       3.480127141309e-01       2.429260366255e+02 
       3.490333383266e-01       2.415181337414e+02 
       3.500539625716e-01       2.401047607940e+02 
       3.510745868654e-01       2.386866314293e+02 
       3.520952112077e-01       2.372645714793e+02 
       3.531158355979e-01       2.358395070089e+02 
       3.541364600358e-01       2.344124513922e+02 
       3.551570845208e-01       2.329844926324e+02 
       3.561777090526e-01       2.315567799231e+02 
       3.571983336308e-01       2.301305106062e+02 
       3.582189582549e-01       2.287069169596e+02 
       3.592395829246e-01       2.272872531486e+02 
       3.602602076396e-01       2.258727827029e+02 
       3.612808323993e-01       2.244647660390e+02 
       3.623014572034e-01       2.230644488938e+02 
       3.633220820516e-01       2.216730509539e+02 
       3.643427069435e-01       2.202917554321e+02 
       3.653633318787e-01       2.189216992811e+02 
       3.663839568569e-01       2.175639640864e+02 
       3.674045818777e-01       2.162195680435e+02 
       3.684252069407e-01       2.148894585355e+02 
       3.694458320455e-01       2.135745058504e+02 
       3.704664571920e-01       2.122754976255e+02 
       3.714870823796e-01       2.109931343446e+02 
       3.725077076081e-01       2.097280257352e+02 
       3.735283328771e-01       2.084806880411e+02 
       3.745489581863e-01       2.072515422814e+02 
       3.755695835354e-01       2.060409132861e+02 
       3.765902089241e-01       2.048490297303e+02 
       3.776108343519e-01       2.036760248290e+02 
       3.786314598187e-01       2.025219379320e+02 
       3.796520853240e-01       2.013867168071e+02 
       3.806727108676e-01       2.002702205907e+02 
       3.816933364492e-01       1.991722235147e+02 
       3.827139620685e-01       1.980924189474e+02 
       3.837345877251e-01       1.970304242663e+02 
       3.847552134188e-01       1.959857859995e+02 
       3.857758391493e-01       1.949579854264e+02 
       3.867964649162e-01       1.939464446633e+02 
       3.878170907194e-01       1.929505327369e+02 
       3.888377165584e-01       1.919695722570e+02 
       3.898583424331e-01       1.910028460037e+02 
       3.908789683431e-01       1.900496036563e+02 
       3.918995942882e-01       1.891090687994e+02 
       3.929202202681e-01       1.881804455148e+02 
       3.939408462825e-01       1.872629253480e+02 
       3.949614723312e-01       1.863556939296e+02 
       3.959820984138e-01       1.854579373356e+02 
       3.970027245302e-01       1.845688486286e+02 
       3.980233506801e-01       1.836876336515e+02 
       3.990439768632e-01       1.828135168684e+02 
       4.000646030792e-01       1.819457468732e+02 
       4.010852293280e-01       1.810836011338e+02 
       4.021058556092e-01       1.802263909348e+02 
       4.031264819226e-01       1.793734654142e+02 
       4.041471082680e-01       1.785242152422e+02 
       4.051677346451e-01       1.776780761519e+02 
       4.061883610537e-01       1.768345314435e+02 
       4.072089874935e-01       1.759931144507e+02 
       4.082296139643e-01       1.751534104113e+02 
       4.092502404660e-01       1.743150575210e+02 
       4.102708669981e-01       1.734777480130e+02 
       4.112914935607e-01       1.726412283981e+02 
       4.123121201533e-01       1.718052991593e+02 
       4.133327467757e-01       1.709698144577e+02 
       4.143533734279e-01       1.701346808111e+02 
       4.153740001094e-01       1.692998557371e+02 
       4.163946268202e-01       1.684653460468e+02 
       4.174152535600e-01       1.676312053648e+02 
       4.184358803286e-01       1.667975318252e+02 
       4.194565071257e-01       1.659644652398e+02 
       4.204771339512e-01       1.651321838124e+02 
       4.214977608049e-01       1.643009010840e+02 
       4.225183876866e-01       1.634708623450e+02 
       4.235390145960e-01       1.626423408536e+02 
       4.245596415330e-01       1.618156343780e+02 
       4.255802684973e-01       1.609910611340e+02 
       4.266008954888e-01       1.601689559492e+02 
       4.276215225072e-01       1.593496665882e+02 
       4.286421495525e-01       1.585335496618e+02 
       4.296627766243e-01       1.577209670144e+02 
       4.306834037225e-01       1.569122820960e+02 
       4.317040308470e-01       1.561078562236e+02 
       4.327246579974e-01       1.553080453719e+02 
       4.337452851737e-01       1.545131969096e+02 
       4.347659123756e-01       1.537236464317e+02 
       4.357865396030e-01       1.529397151435e+02 
       4.368071668558e-01       1.521617071971e+02 
       4.378277941336e-01       1.513899072426e+02 
       4.388484214364e-01       1.506245785388e+02 
       4.398690487639e-01       1.498659610200e+02 
       4.408896761161e-01       1.491142696785e+02 
       4.419103034927e-01       1.483696934391e+02 
       4.429309308935e-01       1.476323940446e+02 
       4.439515583184e-01       1.469025052747e+02 
       4.449721857673e-01       1.461801325927e+02 
       4.459928132399e-01       1.454653528416e+02 
       4.470134407361e-01       1.447582142506e+02 
       4.480340682557e-01       1.440587368167e+02 
       4.490546957987e-01       1.433669127310e+02 
       4.500753233647e-01       1.426827070962e+02 
       4.510959509537e-01       1.420060589185e+02 
       4.521165785655e-01       1.413368821791e+02 
       4.531372062000e-01       1.406750671086e+02 
       4.541578338569e-01       1.400204816891e+02 
       4.551784615362e-01       1.393729731957e+02 
       4.561990892377e-01       1.387323698906e+02 
       4.572197169613e-01       1.380984828695e+02 
       4.582403447067e-01       1.374711079275e+02 
       4.592609724739e-01       1.368500274923e+02 
       4.602816002627e-01       1.362350126677e+02 
       4.613022280730e-01       1.356258252375e+02 
       4.623228559046e-01       1.350222196851e+02 
       4.633434837574e-01       1.344239452735e+02 
       4.643641116312e-01       1.338307480235e+02 
       4.653847395259e-01       1.332423726682e+02 
       4.664053674414e-01       1.326585646239e+02 
       4.674259953775e-01       1.320790717892e+02 
       4.684466233342e-01       1.315036463130e+02 
       4.694672513111e-01       1.309320463151e+02 
       4.704878793083e-01       1.303640374040e+02 
       4.715085073256e-01       1.297993941421e+02 
       4.725291353629e-01       1.292379014255e+02 
       4.735497634200e-01       1.286793556171e+02 
       4.745703914968e-01       1.281235656512e+02 
       4.755910195932e-01       1.275703539946e+02 
       4.766116477091e-01       1.270195573654e+02 
       4.776322758443e-01       1.264710274097e+02 
       4.786529039987e-01       1.259246312183e+02 
       4.796735321722e-01       1.253802516337e+02 
       4.806941603646e-01       1.248377874671e+02 
       4.817147885759e-01       1.242971536100e+02 
       4.827354168059e-01       1.237582808990e+02 
       4.837560450545e-01       1.232211159600e+02 
       4.847766733216e-01       1.226856208727e+02 
       4.857973016071e-01       1.221517727437e+02 
       4.868179299108e-01       1.216195631101e+02 
       4.878385582327e-01       1.210889973373e+02 
       4.888591865726e-01       1.205600938680e+02 
       4.898798149304e-01       1.200328833592e+02 
       4.909004433060e-01       1.195074077940e+02 
       4.919210716993e-01       1.189837195730e+02 
       4.929417001101e-01       1.184618804224e+02 
       4.939623285385e-01       1.179419603591e+02 
       4.949829569842e-01       1.174240366580e+02 
       4.960035854472e-01       1.169081926727e+02 
       4.970242139273e-01       1.163945167371e+02 
       4.980448424244e-01       1.158831010700e+02 
       4.990654709385e-01       1.153740406689e+02 
       5.000860994695e-01       1.148674321567e+02 
       5.011067280171e-01       1.143633727764e+02 
       5.021273565814e-01       1.138619593741e+02 
       5.031479851623e-01       1.133632873308e+02 
       5.041686137595e-01       1.128674496929e+02 
       5.051892423731e-01       1.123745362923e+02 
       5.062098710029e-01       1.118846328642e+02 
       5.072304996489e-01       1.113978203448e+02 
       5.082511283108e-01       1.109141741578e+02 
       5.092717569888e-01       1.104337636228e+02 
       5.102923856825e-01       1.099566513686e+02 
       5.113130143920e-01       1.094828929142e+02 
       5.123336431172e-01       1.090125362928e+02 
       5.133542718579e-01       1.085456216781e+02 
       5.143749006141e-01       1.080821812205e+02 
       5.153955293857e-01       1.076222388755e+02 
       5.164161581725e-01       1.071658103306e+02 
       5.174367869746e-01       1.067129029806e+02 
       5.184574157917e-01       1.062635160140e+02 
       5.194780446239e-01       1.058176405804e+02 
       5.204986734710e-01       1.053752599058e+02 
       5.215193023329e-01       1.049363496337e+02 
       5.225399312096e-01       1.045008781107e+02 
       5.235605601009e-01       1.040688067396e+02 
       5.245811890068e-01       1.036400904115e+02 
       5.256018179272e-01       1.032146779364e+02 
       5.266224468621e-01       1.027925125800e+02 
       5.276430758112e-01       1.023735325188e+02 
       5.286637047746e-01       1.019576714248e+02 
       5.296843337522e-01       1.015448590402e+02 
       5.307049627438e-01       1.011350217127e+02 
       5.317255917494e-01       1.007280830250e+02 
       5.327462207690e-01       1.003239643647e+02 
       5.337668498024e-01       9.992258552726e+01 
       5.347874788495e-01       9.952386527637e+01 
       5.358081079103e-01       9.912772195160e+01 
       5.368287369847e-01       9.873407400004e+01 
       5.378493660727e-01       9.834284051713e+01 
       5.388699951741e-01       9.795394178029e+01 
       5.398906242889e-01       9.756729972382e+01 
       5.409112534169e-01       9.718283839605e+01 
       5.419318825582e-01       9.680048438049e+01 
       5.429525117126e-01       9.642016723408e+01 
       5.439731408801e-01       9.604181976179e+01 
       5.449937700606e-01       9.566537839869e+01 
       5.460143992540e-01       9.529078345959e+01 
       5.470350284603e-01       9.491797938382e+01 
       5.480556576793e-01       9.454691490586e+01 
       5.490762869111e-01       9.417754322629e+01 
       5.500969161555e-01       9.380982214453e+01 
       5.511175454125e-01       9.344371406603e+01 
       5.521381746819e-01       9.307917892035e+01 
       5.531588039638e-01       9.271619217745e+01 
       5.541794332581e-01       9.235474881906e+01 
       5.552000625646e-01       9.199482675260e+01 
       5.562206918834e-01       9.163640546826e+01 
       5.572413212143e-01       9.127946726249e+01 
       5.582619505573e-01       9.092399873484e+01 
       5.592825799124e-01       9.056999212932e+01 
       5.603032092793e-01       9.021744639643e+01 
       5.613238386582e-01       8.986636746074e+01 
       5.623444680490e-01       8.951676777696e+01 
       5.633650974514e-01       8.916866513795e+01 
       5.643857268656e-01       8.882208098171e+01 
       5.654063562914e-01       8.847703840362e+01 
       5.664269857288e-01       8.813356019833e+01 
       5.674476151777e-01       8.779166739347e+01 
       5.684682446381e-01       8.745137837373e+01 
       5.694888741098e-01       8.711270877897e+01 
       5.705095035929e-01       8.677567204446e+01 
       5.715301330872e-01       8.644028064248e+01 
       5.725507625927e-01       8.610654750041e+01 
       5.735713921094e-01       8.577448741803e+01 
       5.745920216372e-01       8.544411804084e+01 
       5.756126511760e-01       8.511546037243e+01 
       5.766332807257e-01       8.478853843822e+01 
       5.776539102864e-01       8.446337827993e+01 
       5.786745398579e-01       8.414000632403e+01 
       5.796951694402e-01       8.381844757957e+01 
       5.807157990333e-01       8.349872373522e+01 
       5.817364286370e-01       8.318085162723e+01 
       5.827570582514e-01       8.286484226530e+01 
       5.837776878763e-01       8.255070065432e+01 
       5.847983175117e-01       8.223842628544e+01 
       5.858189471576e-01       8.192801423065e+01 
       5.868395768140e-01       8.161945663176e+01 
       5.878602064806e-01       8.131274429694e+01 
       5.888808361576e-01       8.100786804115e+01 
       5.899014658448e-01       8.070481953677e+01 
       5.909220955421e-01       8.040359160364e+01 
       5.919427252497e-01       8.010417784890e+01 
       5.929633549673e-01       7.980657176345e+01 
       5.939839846949e-01       7.951076544130e+01 
       5.950046144325e-01       7.921674832524e+01 
       5.960252441801e-01       7.892450609860e+01 
       5.970458739375e-01       7.863402008359e+01 
       5.980665037048e-01       7.834526710266e+01 
       5.990871334818e-01       7.805822010734e+01 
       6.001077632685e-01       7.777284921178e+01 
       6.011283930650e-01       7.748912312587e+01 
       6.021490228710e-01       7.720701056020e+01 
       6.031696526867e-01       7.692648155817e+01 
       6.041902825119e-01       7.664750833216e+01 
       6.052109123465e-01       7.637006561983e+01 
       6.062315421906e-01       7.609413034607e+01 
       6.072521720441e-01       7.581968092907e+01 
       6.082728019069e-01       7.554669617424e+01 
       6.092934317791e-01       7.527515417411e+01 
       6.103140616604e-01       7.500503130007e+01 
       6.113346915510e-01       7.473630167516e+01 
       6.123553214507e-01       7.446893713033e+01 
       6.133759513595e-01       7.420290774102e+01 
       6.143965812774e-01       7.393818296314e+01 
       6.154172112043e-01       7.367473271062e+01 
       6.164378411402e-01       7.341252901924e+01 
       6.174584710850e-01       7.315154711226e+01 
       6.184791010387e-01       7.289176619013e+01 
       6.194997310012e-01       7.263316984220e+01 
       6.205203609726e-01       7.237574563849e+01 
       6.215409909526e-01       7.211948431602e+01 
       6.225616209414e-01       7.186437873233e+01 
       6.235822509389e-01       7.161042227225e+01 
       6.246028809450e-01       7.135760796405e+01 
       6.256235109596e-01       7.110592746843e+01 
       6.266441409829e-01       7.085537087731e+01 
       6.276647710146e-01       7.060592674362e+01 
       6.286854010547e-01       7.035758275357e+01 
       6.297060311033e-01       7.011032704530e+01 
       6.307266611603e-01       6.986414898662e+01 
       6.317472912256e-01       6.961904064941e+01 
       6.327679212991e-01       6.937499716883e+01 
       6.337885513810e-01       6.913201746542e+01 
       6.348091814710e-01       6.889010374410e+01 
       6.358298115693e-01       6.864926088666e+01 
       6.368504416756e-01       6.840949540000e+01 
       6.378710717901e-01       6.817081418656e+01 
       6.388917019126e-01       6.793322331699e+01 
       6.399123320432e-01       6.769672734224e+01 
       6.409329621817e-01       6.746132845874e+01 
       6.419535923281e-01       6.722702687616e+01 
       6.429742224825e-01       6.699382102460e+01 
       6.439948526447e-01       6.676170841416e+01 
       6.450154828148e-01       6.653068662964e+01 
       6.460361129927e-01       6.630075430285e+01 
       6.470567431783e-01       6.607191168619e+01 
       6.480773733716e-01       6.584416106008e+01 
       6.490980035726e-01       6.561750654177e+01 
       6.501186337813e-01       6.539195352841e+01 
       6.511392639976e-01       6.516750783973e+01 
       6.521598942214e-01       6.494417468398e+01 
       6.531805244528e-01       6.472195757239e+01 
       6.542011546917e-01       6.450085764092e+01 
       6.552217849380e-01       6.428087328978e+01 
       6.562424151918e-01       6.406200011928e+01 
       6.572630454530e-01       6.384423143312e+01 
       6.582836757216e-01       6.362755915631e+01 
       6.593043059975e-01       6.341197465634e+01 
       6.603249362806e-01       6.319746980990e+01 
       6.613455665711e-01       6.298403759757e+01 
       6.623661968688e-01       6.277167274422e+01 
       6.633868271736e-01       6.256037144138e+01 
       6.644074574857e-01       6.235013105281e+01 
       6.654280878048e-01       6.214094931767e+01 
       6.664487181311e-01       6.193282345455e+01 
       6.674693484644e-01       6.172574919816e+01 
       6.684899788048e-01       6.151972014526e+01 
       6.695106091521e-01       6.131472730622e+01 
       6.705312395065e-01       6.111075925582e+01 
       6.715518698677e-01       6.090780246362e+01 
       6.725725002359e-01       6.070584208934e+01 
       6.735931306109e-01       6.050486301079e+01 
       6.746137609928e-01       6.030485082036e+01 
       6.756343913815e-01       6.010579250344e+01 
       6.766550217769e-01       5.990767701867e+01 
       6.776756521792e-01       5.971049542989e+01 
       6.786962825881e-01       5.951424053991e+01 
       6.797169130037e-01       5.931890626924e+01 
       6.807375434260e-01       5.912448694320e+01 
       6.817581738549e-01       5.893097627894e+01 
       6.827788042904e-01       5.873836677723e+01 
       6.837994347325e-01       5.854664924015e+01 
       6.848200651811e-01       5.835581273901e+01 
       6.858406956363e-01       5.816584491229e+01 
       6.868613260979e-01       5.797673253519e+01 
       6.878819565659e-01       5.778846246157e+01 
       6.889025870404e-01       5.760102240395e+01 
       6.899232175213e-01       5.741440177102e+01 
       6.909438480085e-01       5.722859199606e+01 
       6.919644785021e-01       5.704358680837e+01 
       6.929851090020e-01       5.685938194293e+01 
       6.940057395082e-01       5.667597459983e+01 
       6.950263700207e-01       5.649336265697e+01 
       6.960470005393e-01       5.631154390931e+01 
       6.970676310642e-01       5.613051536346e+01 
       6.980882615952e-01       5.595027270729e+01 
       6.991088921324e-01       5.577081025107e+01 
       7.001295226757e-01       5.559212108020e+01 
       7.011501532251e-01       5.541419754651e+01 
       7.021707837806e-01       5.523703201975e+01 
       7.031914143421e-01       5.506061760883e+01 
       7.042120449096e-01       5.488494882774e+01 
       7.052326754831e-01       5.471002206239e+01 
       7.062533060625e-01       5.453583562554e+01 
       7.072739366479e-01       5.436238960077e+01 
       7.082945672392e-01       5.418968530273e+01 
       7.093151978364e-01       5.401772459825e+01 
       7.103358284395e-01       5.384650903071e+01 
       7.113564590483e-01       5.367603924926e+01 
       7.123770896630e-01       5.350631442462e+01 
       7.133977202835e-01       5.333733211927e+01 
       7.144183509097e-01       5.316908840843e+01 
       7.154389815417e-01       5.300157831956e+01 
       7.164596121794e-01       5.283479646583e+01 
       7.174802428227e-01       5.266873778895e+01 
       7.185008734718e-01       5.250339817412e+01 
       7.195215041264e-01       5.233877492609e+01 
       7.205421347867e-01       5.217486694651e+01 
       7.215627654525e-01       5.201167454578e+01 
       7.225833961240e-01       5.184919904880e+01 
       7.236040268009e-01       5.168744213010e+01 
       7.246246574834e-01       5.152640509574e+01 
       7.256452881714e-01       5.136608821454e+01 
       7.266659188648e-01       5.120649021359e+01 
       7.276865495637e-01       5.104760808308e+01 
       7.287071802680e-01       5.088943714984e+01 
       7.297278109778e-01       5.073197145886e+01 
       7.307484416929e-01       5.057520439107e+01 
       7.317690724133e-01       5.041912929748e+01 
       7.327897031391e-01       5.026374022437e+01 
       7.338103338702e-01       5.010903229765e+01 
       7.348309646066e-01       4.995500203212e+01 
       7.358515953483e-01       4.980164730943e+01 
       7.368722260952e-01       4.964896692643e+01 
       7.378928568474e-01       4.949696016741e+01 
       7.389134876047e-01       4.934562609190e+01 
       7.399341183672e-01       4.919496294496e+01 
       7.409547491349e-01       4.904496768338e+01 
       7.419753799078e-01       4.889563572319e+01 
       7.429960106857e-01       4.874696102619e+01 
       7.440166414687e-01       4.859893636138e+01 
       7.450372722569e-01       4.845155391177e+01 
       7.460579030500e-01       4.830480580053e+01 
       7.470785338482e-01       4.815868482532e+01 
       7.480991646515e-01       4.801318483156e+01 
       7.491197954597e-01       4.786830105215e+01 
       7.501404262729e-01       4.772403009889e+01 
       7.511610570910e-01       4.758036966743e+01 
       7.521816879141e-01       4.743731809799e+01 
       7.532023187421e-01       4.729487376589e+01 
       7.542229495749e-01       4.715303448169e+01 
       7.552435804127e-01       4.701179711121e+01 
       7.562642112553e-01       4.687115731203e+01 
       7.572848421027e-01       4.673110942452e+01 
       7.583054729550e-01       4.659164690931e+01 
       7.593261038120e-01       4.645276264926e+01 
       7.603467346738e-01       4.631444962767e+01 
       7.613673655404e-01       4.617670147662e+01 
       7.623879964117e-01       4.603951290634e+01 
       7.634086272877e-01       4.590288004613e+01 
       7.644292581685e-01       4.576680035502e+01 
       7.654498890539e-01       4.563127252140e+01 
       7.664705199439e-01       4.549629595832e+01 
       7.674911508386e-01       4.536187022076e+01 
       7.685117817380e-01       4.522799456200e+01 
       7.695324126419e-01       4.509466733352e+01 
       7.705530435504e-01       4.496188583671e+01 
       7.715736744635e-01       4.482964620152e+01 
       7.725943053812e-01       4.469794360887e+01 
       7.736149363034e-01       4.456677269511e+01 
       7.746355672301e-01       4.443612804561e+01 
       7.756561981612e-01       4.430600481506e+01 
       7.766768290969e-01       4.417639907001e+01 
       7.776974600371e-01       4.404730814704e+01 
       7.787180909816e-01       4.391873068587e+01 
       7.797387219306e-01       4.379066638497e+01 
       7.807593528840e-01       4.366311572003e+01 
       7.817799838418e-01       4.353607934257e+01 
       7.828006148040e-01       4.340955760780e+01 
       7.838212457706e-01       4.328355002056e+01 
       7.848418767414e-01       4.315805507866e+01 
       7.858625077166e-01       4.303307003727e+01 
       7.868831386961e-01       4.290859119443e+01 
       7.879037696799e-01       4.278461412470e+01 
       7.889244006680e-01       4.266113424499e+01 
       7.899450316603e-01       4.253814722174e+01 
       7.909656626569e-01       4.241564954077e+01 
       7.919862936577e-01       4.229363868736e+01 
       7.930069246627e-01       4.217211332247e+01 
       7.940275556719e-01       4.205107306705e+01 
       7.950481866853e-01       4.193051824569e+01 
       7.960688177028e-01       4.181044938982e+01 
       7.970894487245e-01       4.169086677823e+01 
       7.981100797503e-01       4.157176991579e+01 
       7.991307107802e-01       4.145315734944e+01 
       8.001513418142e-01       4.133502640807e+01 
       8.011719728523e-01       4.121737346408e+01 
       8.021926038944e-01       4.110019412348e+01 
       8.032132349406e-01       4.098348370108e+01 
       8.042338659909e-01       4.086723770973e+01 
       8.052544970451e-01       4.075145222542e+01 
       8.062751281034e-01       4.063612430510e+01 
       8.072957591656e-01       4.052125198423e+01 
       8.083163902318e-01       4.040683429715e+01 
       8.093370213020e-01       4.029287090655e+01 
       8.103576523761e-01       4.017936179326e+01 
       8.113782834542e-01       4.006630668737e+01 
       8.123989145361e-01       3.995370474130e+01 
       8.134195456220e-01       3.984155417855e+01 
       8.144401767117e-01       3.972985218017e+01 
       8.154608078053e-01       3.961859496413e+01 
       8.164814389028e-01       3.950777802449e+01 
       8.175020700041e-01       3.939739653566e+01 
       8.185227011092e-01       3.928744582441e+01 
       8.195433322182e-01       3.917792174685e+01 
       8.205639633309e-01       3.906882100465e+01 
       8.215845944474e-01       3.896014133916e+01 
       8.226052255677e-01       3.885188141413e+01 
       8.236258566917e-01       3.874404060284e+01 
       8.246464878195e-01       3.863661865268e+01 
       8.256671189510e-01       3.852961522195e+01 
       8.266877500863e-01       3.842302950118e+01 
       8.277083812252e-01       3.831685988217e+01 
       8.287290123678e-01       3.821110382880e+01 
       8.297496435141e-01       3.810575791423e+01 
       8.307702746640e-01       3.800081805853e+01 
       8.317909058176e-01       3.789627984532e+01 
       8.328115369748e-01       3.779213896479e+01 
       8.338321681357e-01       3.768839158831e+01 
       8.348527993001e-01       3.758503471615e+01 
       8.358734304682e-01       3.748206630838e+01 
       8.368940616398e-01       3.737948528465e+01 
       8.379146928150e-01       3.727729127900e+01 
       8.389353239937e-01       3.717548438348e+01 
       8.399559551760e-01       3.707406465333e+01 
       8.409765863618e-01       3.697303179852e+01 
       8.419972175511e-01       3.687238482466e+01 
       8.430178487439e-01       3.677212187541e+01 
       8.440384799402e-01       3.667224025062e+01 
       8.450591111400e-01       3.657273655509e+01 
       8.460797423432e-01       3.647360704252e+01 
       8.471003735499e-01       3.637484799229e+01 
       8.481210047600e-01       3.627645604447e+01 
       8.491416359736e-01       3.617842858055e+01 
       8.501622671906e-01       3.608076385541e+01 
       8.511828984109e-01       3.598346099883e+01 
       8.522035296347e-01       3.588651987271e+01 
       8.532241608618e-01       3.578994077165e+01 
       8.542447920923e-01       3.569372403711e+01 
       8.552654233262e-01       3.559786970050e+01 
       8.562860545634e-01       3.550237718519e+01 
       8.573066858039e-01       3.540724506562e+01 
       8.583273170478e-01       3.531247111719e+01 
       8.593479482949e-01       3.521805243981e+01 
       8.603685795453e-01       3.512398567945e+01 
       8.613892107991e-01       3.503026745762e+01 
       8.624098420561e-01       3.493689468370e+01 
       8.634304733163e-01       3.484386487355e+01 
       8.644511045798e-01       3.475117634561e+01 
       8.654717358465e-01       3.465882822953e+01 
       8.664923671165e-01       3.456682034635e+01 
       8.675129983897e-01       3.447515298114e+01 
       8.685336296660e-01       3.438382647045e+01 
       8.695542609456e-01       3.429284091356e+01 
       8.705748922283e-01       3.420219584641e+01 
       8.715955235142e-01       3.411189003395e+01 
       8.726161548033e-01       3.402192144596e+01 
       8.736367860955e-01       3.393228736408e+01 
       8.746574173908e-01       3.384298461306e+01 
       8.756780486893e-01       3.375400989585e+01 
       8.766986799909e-01       3.366536014168e+01 
       8.777193112956e-01       3.357703278877e+01 
       8.787399426033e-01       3.348902599984e+01 
       8.797605739142e-01       3.340133870555e+01 
       8.807812052281e-01       3.331397050569e+01 
       8.818018365451e-01       3.322692145522e+01 
       8.828224678651e-01       3.314019175063e+01 
       8.838430991882e-01       3.305378138073e+01 
       8.848637305143e-01       3.296768984474e+01 
       8.858843618434e-01       3.288191598048e+01 
       8.869049931755e-01       3.279645783162e+01 
       8.879256245106e-01       3.271131280664e+01 
       8.889462558487e-01       3.262647785450e+01 
       8.899668871898e-01       3.254194975801e+01 
       8.909875185338e-01       3.245772548236e+01 
       8.920081498808e-01       3.237380245488e+01 
       8.930287812307e-01       3.229017876936e+01 
       8.940494125836e-01       3.220685325691e+01 
       8.950700439394e-01       3.212382543662e+01 
       8.960906752981e-01       3.204109528460e+01 
       8.971113066597e-01       3.195866297982e+01 
       8.981319380242e-01       3.187652855777e+01 
       8.991525693916e-01       3.179469165757e+01 
       9.001732007618e-01       3.171315129471e+01 
       9.011938321350e-01       3.163190578634e+01 
       9.022144635109e-01       3.155095279309e+01 
       9.032350948898e-01       3.147028953910e+01 
       9.042557262714e-01       3.138991302980e+01 
       9.052763576559e-01       3.130982040987e+01 
       9.062969890432e-01       3.123000922128e+01 
       9.073176204334e-01       3.115047762180e+01 
       9.083382518263e-01       3.107122445287e+01 
       9.093588832220e-01       3.099224924653e+01 
       9.103795146205e-01       3.091355199677e+01 
       9.114001460217e-01       3.083513292430e+01 
       9.124207774257e-01       3.075699222774e+01 
       9.134414088325e-01       3.067912971822e+01 
       9.144620402420e-01       3.060154466825e+01 
       9.154826716542e-01       3.052423569506e+01 
       9.165033030692e-01       3.044720080487e+01 
       9.175239344869e-01       3.037043753518e+01 
       9.185445659072e-01       3.029394320141e+01 
       9.195651973303e-01       3.021771520086e+01 
       9.205858287561e-01       3.014175124487e+01 
       9.216064601845e-01       3.006604960542e+01 
       9.226270916156e-01       2.999060922912e+01 
       9.236477230494e-01       2.991542967977e+01 
       9.246683544858e-01       2.984051099191e+01 
       9.256889859249e-01       2.976585349050e+01 
       9.267096173666e-01       2.969145746217e+01 
       9.277302488109e-01       2.961732287811e+01 
       9.287508802579e-01       2.954344924272e+01 
       9.297715117074e-01       2.946983541903e+01 
       9.307921431596e-01       2.939647967184e+01 
       9.318127746143e-01       2.932337980343e+01 
       9.328334060717e-01       2.925053334667e+01 
       9.338540375316e-01       2.917793784441e+01 
       9.348746689940e-01       2.910559112162e+01 
       9.358953004591e-01       2.903349150396e+01 
       9.369159319266e-01       2.896163789337e+01 
       9.379365633968e-01       2.889002982395e+01 
       9.389571948694e-01       2.881866729314e+01 
       9.399778263446e-01       2.874755057474e+01 
       9.409984578223e-01       2.867667997092e+01 
       9.420190893025e-01       2.860605553781e+01 
       9.430397207852e-01       2.853567687450e+01 
       9.440603522703e-01       2.846554300652e+01 
       9.450809837580e-01       2.839565238707e+01 
       9.461016152482e-01       2.832600297442e+01 
       9.471222467408e-01       2.825659245498e+01 
       9.481428782359e-01       2.818741848875e+01 
       9.491635097334e-01       2.811847895742e+01 
       9.501841412334e-01       2.804977217027e+01 
       9.512047727358e-01       2.798129699967e+01 
       9.522254042406e-01       2.791305290256e+01 
       9.532460357478e-01       2.784503977900e+01 
       9.542666672575e-01       2.777725785229e+01 
       9.552872987696e-01       2.770970739198e+01 
       9.563079302841e-01       2.764238847700e+01 
       9.573285618009e-01       2.757530077354e+01 
       9.583491933202e-01       2.750844342398e+01 
       9.593698248418e-01       2.744181500765e+01 
       9.603904563657e-01       2.737541363636e+01 
       9.614110878921e-01       2.730923711264e+01 
       9.624317194208e-01       2.724328319802e+01 
       9.634523509518e-01       2.717754982042e+01 
       9.644729824852e-01       2.711203527505e+01 
       9.654936140209e-01       2.704673840442e+01 
       9.665142455589e-01       2.698165858174e+01 
       9.675348770992e-01       2.691679566594e+01 
       9.685555086419e-01       2.685214983532e+01 
       9.695761401868e-01       2.678772134885e+01 
       9.705967717341e-01       2.672351032356e+01 
       9.716174032836e-01       2.665951654129e+01 
       9.726380348354e-01       2.659573926855e+01 
       9.736586663894e-01       2.653217727724e+01 
       9.746792979458e-01       2.646882883802e+01 
       9.756999295044e-01       2.640569193944e+01 
       9.767205610652e-01       2.634276446973e+01 
       9.777411926283e-01       2.628004443959e+01 
       9.787618241936e-01       2.621753022056e+01 
       9.797824557611e-01       2.615522062856e+01 
       9.808030873309e-01       2.609311502948e+01 
       9.818237189029e-01       2.603121324350e+01 
       9.828443504771e-01       2.596951543762e+01 
       9.838649820535e-01       2.590802188373e+01 
       9.848856136321e-01       2.584673276595e+01 
       9.859062452128e-01       2.578564795591e+01 
       9.869268767958e-01       2.572476687469e+01 
       9.879475083809e-01       2.566408845357e+01 
       9.889681399682e-01       2.560361117895e+01 
       9.899887715577e-01       2.554333320481e+01 
       9.910094031493e-01       2.548325256609e+01 
       9.920300347430e-01       2.542336738468e+01 
       9.930506663389e-01       2.536367608665e+01 
       9.940712979369e-01       2.530417752655e+01 
       9.950919295371e-01       2.524487105883e+01 
       9.961125611394e-01       2.518575649872e+01 
       9.971331927438e-01       2.512683398990e+01 
       9.981538243503e-01       2.506810383303e+01 
       9.991744559588e-01       2.500956626110e+01 
       1.000195087570e+00       2.495122123341e+01 
       1.001215719182e+00       2.489306832411e+01 
       1.002236350797e+00       2.483510661454e+01 
       1.003256982414e+00       2.477733475708e+01 
       1.004277614033e+00       2.471975105801e+01 
       1.005298245654e+00       2.466235369892e+01 
       1.006318877277e+00       2.460514088374e+01 
       1.007339508903e+00       2.454811109364e+01 
       1.008360140530e+00       2.449126317891e+01 
       1.009380772159e+00       2.443459648662e+01 
       1.010401403790e+00       2.437811078302e+01 
       1.011422035424e+00       2.432180618208e+01 
       1.012442667059e+00       2.426568297626e+01 
       1.013463298696e+00       2.420974141179e+01 
       1.014483930336e+00       2.415398152763e+01 
       1.015504561977e+00       2.409840298293e+01 
       1.016525193620e+00       2.404300500268e+01 
       1.017545825266e+00       2.398778635964e+01 
       1.018566456913e+00       2.393274551824e+01 
       1.019587088562e+00       2.387788075960e+01 
       1.020607720214e+00       2.382319036774e+01 
       1.021628351867e+00       2.376867286301e+01 
       1.022648983522e+00       2.371432709966e+01 
       1.023669615179e+00       2.366015238717e+01 
       1.024690246838e+00       2.360614845334e+01 
       1.025710878499e+00       2.355231536339e+01 
       1.026731510162e+00       2.349865339001e+01 
       1.027752141827e+00       2.344516278394e+01 
       1.028772773494e+00       2.339184361975e+01 
       1.029793405163e+00       2.333869564830e+01 
       1.030814036833e+00       2.328571818985e+01 
       1.031834668506e+00       2.323291015329e+01 
       1.032855300180e+00       2.318027011467e+01 
       1.033875931857e+00       2.312779645755e+01 
       1.034896563535e+00       2.307548754721e+01 
       1.035917195215e+00       2.302334193107e+01 
       1.036937826897e+00       2.297135847205e+01 
       1.037958458581e+00       2.291953644987e+01 
       1.038979090267e+00       2.286787555068e+01 
       1.039999721955e+00       2.281637580474e+01 
       1.041020353644e+00       2.276503744999e+01 
       1.042040985335e+00       2.271386075669e+01 
       1.043061617029e+00       2.266284584337e+01 
       1.044082248724e+00       2.261199252452e+01 
       1.045102880420e+00       2.256130024185e+01 
       1.046123512119e+00       2.251076802715e+01 
       1.047144143820e+00       2.246039457385e+01 
       1.048164775522e+00       2.241017838228e+01 
       1.049185407226e+00       2.236011789557e+01 
       1.050206038932e+00       2.231021171238e+01 
       1.051226670640e+00       2.226045870883e+01 
       1.052247302349e+00       2.221085814395e+01 
       1.053267934061e+00       2.216140967805e+01 
       1.054288565774e+00       2.211211330489e+01 
       1.055309197489e+00       2.206296924412e+01 
       1.056329829206e+00       2.201397777593e+01 
       1.057350460924e+00       2.196513906036e+01 
       1.058371092644e+00       2.191645297891e+01 
       1.059391724366e+00       2.186791907858e+01 
       1.060412356090e+00       2.181953651255e+01 
       1.061432987816e+00       2.177130410529e+01 
       1.062453619543e+00       2.172322046020e+01 
       1.063474251272e+00       2.167528411803e+01 
       1.064494883003e+00       2.162749372621e+01 
       1.065515514735e+00       2.157984818597e+01 
       1.066536146469e+00       2.153234674987e+01 
       1.067556778205e+00       2.148498905163e+01 
       1.068577409943e+00       2.143777506258e+01 
       1.069598041682e+00       2.139070498462e+01 
       1.070618673423e+00       2.134377909513e+01 
       1.071639305166e+00       2.129699758926e+01 
       1.072659936911e+00       2.125036042805e+01 
       1.073680568657e+00       2.120386724384e+01 
       1.074701200405e+00       2.115751730337e+01 
       1.075721832154e+00       2.111130954389e+01 
       1.076742463905e+00       2.106524267551e+01 
       1.077763095658e+00       2.101931532206e+01 
       1.078783727413e+00       2.097352618650e+01 
       1.079804359169e+00       2.092787418927e+01 
       1.080824990927e+00       2.088235857677e+01 
       1.081845622686e+00       2.083697895890e+01 
       1.082866254447e+00       2.079173527485e+01 
       1.083886886210e+00       2.074662770381e+01 
       1.084907517975e+00       2.070165652152e+01 
       1.085928149741e+00       2.065682194807e+01 
       1.086948781509e+00       2.061212400124e+01 
       1.087969413278e+00       2.056756239360e+01 
       1.088990045049e+00       2.052313649345e+01 
       1.090010676822e+00       2.047884534495e+01 
       1.091031308596e+00       2.043468775505e+01 
       1.092051940372e+00       2.039066242865e+01 
       1.093072572149e+00       2.034676811846e+01 
       1.094093203928e+00       2.030300376826e+01 
       1.095113835709e+00       2.025936861489e+01 
       1.096134467491e+00       2.021586224114e+01 
       1.097155099275e+00       2.017248455582e+01 
       1.098175731060e+00       2.012923570698e+01 
       1.099196362847e+00       2.008611596249e+01 
       1.100216994635e+00       2.004312555786e+01 
       1.101237626426e+00       2.000026455610e+01 
       1.102258258217e+00       1.995753274031e+01 
       1.103278890010e+00       1.991492956812e+01 
       1.104299521805e+00       1.987245418233e+01 
       1.105320153602e+00       1.983010548302e+01 
       1.106340785399e+00       1.978788225023e+01 
       1.107361417199e+00       1.974578328737e+01 
       1.108382049000e+00       1.970380756216e+01 
       1.109402680802e+00       1.966195430832e+01 
       1.110423312606e+00       1.962022308223e+01 
       1.111443944412e+00       1.957861376058e+01 
       1.112464576219e+00       1.953712646623e+01 
       1.113485208027e+00       1.949576145145e+01 
       1.114505839838e+00       1.945451896308e+01 
       1.115526471649e+00       1.941339910317e+01 
       1.116547103462e+00       1.937240172163e+01 
       1.117567735277e+00       1.933152635608e+01 
       1.118588367093e+00       1.929077224034e+01 
       1.119608998911e+00       1.925013836580e+01 
       1.120629630730e+00       1.920962358616e+01 
       1.121650262550e+00       1.916922675676e+01 
       1.122670894372e+00       1.912894686850e+01 
       1.123691526196e+00       1.908878315750e+01 
       1.124712158021e+00       1.904873516022e+01 
       1.125732789847e+00       1.900880271870e+01 
       1.126753421675e+00       1.896898592958e+01 
       1.127774053505e+00       1.892928503310e+01 
       1.128794685336e+00       1.888970028103e+01 
       1.129815317168e+00       1.885023180783e+01 
       1.130835949002e+00       1.881087952244e+01 
       1.131856580837e+00       1.877164304296e+01 
       1.132877212673e+00       1.873252168801e+01 
       1.133897844511e+00       1.869351453223e+01 
       1.134918476351e+00       1.865462050665e+01 
       1.135939108192e+00       1.861583851872e+01 
       1.136959740034e+00       1.857716758511e+01 
       1.137980371878e+00       1.853860694347e+01 
       1.139001003723e+00       1.850015611603e+01 
       1.140021635570e+00       1.846181491769e+01 
       1.141042267418e+00       1.842358341191e+01 
       1.142062899267e+00       1.838546182225e+01 
       1.143083531118e+00       1.834745040572e+01 
       1.144104162970e+00       1.830954932243e+01 
       1.145124794824e+00       1.827175853101e+01 
       1.146145426679e+00       1.823407772025e+01 
       1.147166058535e+00       1.819650629299e+01 
       1.148186690393e+00       1.815904340404e+01 
       1.149207322252e+00       1.812168805167e+01 
       1.150227954113e+00       1.808443919821e+01 
       1.151248585975e+00       1.804729589071e+01 
       1.152269217838e+00       1.801025736808e+01 
       1.153289849703e+00       1.797332313657e+01 
       1.154310481569e+00       1.793649298591e+01 
       1.155331113436e+00       1.789976695386e+01 
       1.156351745305e+00       1.786314524086e+01 
       1.157372377175e+00       1.782662810007e+01 
       1.158393009046e+00       1.779021571596e+01 
       1.159413640919e+00       1.775390809070e+01 
       1.160434272793e+00       1.771770497423e+01 
       1.161454904669e+00       1.768160584381e+01 
       1.162475536546e+00       1.764560993320e+01 
       1.163496168424e+00       1.760971630990e+01 
       1.164516800303e+00       1.757392398290e+01 
       1.165537432184e+00       1.753823202819e+01 
       1.166558064066e+00       1.750263969420e+01 
       1.167578695949e+00       1.746714647171e+01 
       1.168599327834e+00       1.743175212333e+01 
       1.169619959720e+00       1.739645665810e+01 
       1.170640591607e+00       1.736126025801e+01 
       1.171661223496e+00       1.732616317133e+01 
       1.172681855386e+00       1.729116559349e+01 
       1.173702487277e+00       1.725626756654e+01 
       1.174723119170e+00       1.722146889999e+01 
       1.175743751064e+00       1.718676913892e+01 
       1.176764382959e+00       1.715216758882e+01 
       1.177785014855e+00       1.711766338281e+01 
       1.178805646753e+00       1.708325558389e+01 
       1.179826278652e+00       1.704894329721e+01 
       1.180846910552e+00       1.701472577543e+01 
       1.181867542453e+00       1.698060250054e+01 
       1.182888174356e+00       1.694657321241e+01 
       1.183908806260e+00       1.691263789060e+01 
       1.184929438165e+00       1.687879669364e+01 
       1.185950070072e+00       1.684504986124e+01 
       1.186970701979e+00       1.681139760354e+01 
       1.187991333888e+00       1.677783999369e+01 
       1.189011965799e+00       1.674437688965e+01 
       1.190032597710e+00       1.671100790345e+01 
       1.191053229623e+00       1.667773241024e+01 
       1.192073861537e+00       1.664454960590e+01 
       1.193094493452e+00       1.661145860268e+01 
       1.194115125368e+00       1.657845853650e+01 
       1.195135757286e+00       1.654554867381e+01 
       1.196156389205e+00       1.651272848587e+01 
       1.197177021125e+00       1.647999768821e+01 
       1.198197653046e+00       1.644735623534e+01 
       1.199218284969e+00       1.641480426348e+01 
       1.200238916893e+00       1.638234200080e+01 
       1.201259548818e+00       1.634996966356e+01 
       1.202280180744e+00       1.631768735213e+01 
       1.203300812671e+00       1.628549497378e+01 
       1.204321444600e+00       1.625339219894e+01 
       1.205342076530e+00       1.622137846509e+01 
       1.206362708461e+00       1.618945303123e+01 
       1.207383340393e+00       1.615761505985e+01 
       1.208403972326e+00       1.612586371873e+01 
       1.209424604260e+00       1.609419828454e+01 
       1.210445236196e+00       1.606261822156e+01 
       1.211465868133e+00       1.603112322747e+01 
       1.212486500071e+00       1.599971323022e+01 
       1.213507132010e+00       1.596838834029e+01 
       1.214527763951e+00       1.593714877409e+01 
       1.215548395892e+00       1.590599475214e+01 
       1.216569027835e+00       1.587492639797e+01 
       1.217589659779e+00       1.584394365852e+01 
       1.218610291724e+00       1.581304625788e+01 
       1.219630923670e+00       1.578223369659e+01 
       1.220651555617e+00       1.575150529275e+01 
       1.221672187566e+00       1.572086025523e+01 
       1.222692819515e+00       1.569029778486e+01 
       1.223713451466e+00       1.565981717229e+01 
       1.224734083418e+00       1.562941787740e+01 
       1.225754715371e+00       1.559909957798e+01 
       1.226775347325e+00       1.556886217509e+01 
       1.227795979281e+00       1.553870575623e+01 
       1.228816611237e+00       1.550863052402e+01 
       1.229837243195e+00       1.547863669783e+01 
       1.230857875153e+00       1.544872441948e+01 
       1.231878507113e+00       1.541889367268e+01 
       1.232899139074e+00       1.538914423217e+01 
       1.233919771036e+00       1.535947565485e+01 
       1.234940402999e+00       1.532988731332e+01 
       1.235961034964e+00       1.530037846457e+01 
       1.236981666929e+00       1.527094834393e+01 
       1.238002298896e+00       1.524159625625e+01 
       1.239022930863e+00       1.521232165834e+01 
       1.240043562832e+00       1.518312421154e+01 
       1.241064194802e+00       1.515400379331e+01 
       1.242084826772e+00       1.512496046724e+01 
       1.243105458744e+00       1.509599441776e+01 
       1.244126090717e+00       1.506710586167e+01 
       1.245146722692e+00       1.503829495704e+01 
       1.246167354667e+00       1.500956172013e+01 
       1.247187986643e+00       1.498090597077e+01 
       1.248208618620e+00       1.495232731947e+01 
       1.249229250599e+00       1.492382519340e+01 
       1.250249882578e+00       1.489539889720e+01 
       1.251270514559e+00       1.486704769775e+01 
       1.252291146541e+00       1.483877091620e+01 
       1.253311778523e+00       1.481056800930e+01 
       1.254332410507e+00       1.478243862557e+01 
       1.255353042492e+00       1.475438261948e+01 
       1.256373674478e+00       1.472640003053e+01 
       1.257394306465e+00       1.469849102610e+01 
       1.258414938453e+00       1.467065581942e+01 
       1.259435570442e+00       1.464289457955e+01 
       1.260456202432e+00       1.461520735000e+01 
       1.261476834423e+00       1.458759399255e+01 
       1.262497466415e+00       1.456005416955e+01 
       1.263518098408e+00       1.453258736071e+01 
       1.264538730403e+00       1.450519291621e+01 
       1.265559362398e+00       1.447787013689e+01 
       1.266579994394e+00       1.445061836276e+01 
       1.267600626391e+00       1.442343705294e+01 
       1.268621258390e+00       1.439632584233e+01 
       1.269641890389e+00       1.436928456429e+01 
       1.270662522390e+00       1.434231323567e+01 
       1.271683154391e+00       1.431541200798e+01 
       1.272703786393e+00       1.428858108831e+01 
       1.273724418397e+00       1.426182065385e+01 
       1.274745050401e+00       1.423513077272e+01 
       1.275765682407e+00       1.420851134650e+01 
       1.276786314413e+00       1.418196208432e+01 
       1.277806946421e+00       1.415548251495e+01 
       1.278827578429e+00       1.412907203349e+01 
       1.279848210439e+00       1.410272997626e+01 
       1.280868842449e+00       1.407645570419e+01 
       1.281889474461e+00       1.405024868004e+01 
       1.282910106473e+00       1.402410852828e+01 
       1.283930738487e+00       1.399803506326e+01 
       1.284951370501e+00       1.397202828037e+01 
       1.285972002516e+00       1.394608831158e+01 
       1.286992634533e+00       1.392021535574e+01 
       1.288013266550e+00       1.389440959581e+01 
       1.289033898569e+00       1.386867112296e+01 
       1.290054530588e+00       1.384299987400e+01 
       1.291075162608e+00       1.381739560234e+01 
       1.292095794629e+00       1.379185788388e+01 
       1.293116426652e+00       1.376638615862e+01 
       1.294137058675e+00       1.374097979701e+01 
       1.295157690699e+00       1.371563817975e+01 
       1.296178322724e+00       1.369036077503e+01 
       1.297198954750e+00       1.366514719958e+01 
       1.298219586777e+00       1.363999725186e+01 
       1.299240218805e+00       1.361491090600e+01 
       1.300260850834e+00       1.358988827562e+01 
       1.301281482864e+00       1.356492954854e+01 
       1.302302114895e+00       1.354003491277e+01 
       1.303322746927e+00       1.351520447642e+01 
       1.304343378960e+00       1.349043820802e+01 
       1.305364010993e+00       1.346573590162e+01 
       1.306384643028e+00       1.344109717890e+01 
       1.307405275064e+00       1.341652152418e+01 
       1.308425907100e+00       1.339200834213e+01 
       1.309446539137e+00       1.336755703490e+01 
       1.310467171176e+00       1.334316707768e+01 
       1.311487803215e+00       1.331883808172e+01 
       1.312508435255e+00       1.329456982806e+01 
       1.313529067296e+00       1.327036227075e+01 
       1.314549699338e+00       1.324621550382e+01 
       1.315570331381e+00       1.322212970603e+01 
       1.316590963425e+00       1.319810506711e+01 
       1.317611595470e+00       1.317414170969e+01 
       1.318632227516e+00       1.315023963021e+01 
       1.319652859563e+00       1.312639866174e+01 
       1.320673491610e+00       1.310261846849e+01 
       1.321694123659e+00       1.307889857582e+01 
       1.322714755708e+00       1.305523842240e+01 
       1.323735387758e+00       1.303163743291e+01 
       1.324756019809e+00       1.300809509199e+01 
       1.325776651861e+00       1.298461100801e+01 
       1.326797283914e+00       1.296118494729e+01 
       1.327817915968e+00       1.293781684361e+01 
       1.328838548023e+00       1.291450677271e+01 
       1.329859180079e+00       1.289125490141e+01 
       1.330879812135e+00       1.286806141799e+01 
       1.331900444192e+00       1.284492645795e+01 
       1.332921076251e+00       1.282185004252e+01 
       1.333941708310e+00       1.279883204069e+01 
       1.334962340370e+00       1.277587215899e+01 
       1.335982972431e+00       1.275296996212e+01 
       1.337003604493e+00       1.273012492286e+01 
       1.338024236555e+00       1.270733648865e+01 
       1.339044868619e+00       1.268460415517e+01 
       1.340065500683e+00       1.266192752744e+01 
       1.341086132749e+00       1.263930635873e+01 
       1.342106764815e+00       1.261674056443e+01 
       1.343127396882e+00       1.259423020275e+01 
       1.344148028950e+00       1.257177542852e+01 
       1.345168661018e+00       1.254937642690e+01 
       1.346189293088e+00       1.252703334280e+01 
       1.347209925158e+00       1.250474622020e+01 
       1.348230557230e+00       1.248251496063e+01 
       1.349251189302e+00       1.246033930888e+01 
       1.350271821375e+00       1.243821886806e+01 
       1.351292453449e+00       1.241615314438e+01 
       1.352313085524e+00       1.239414161004e+01 
       1.353333717599e+00       1.237218377293e+01 
       1.354354349675e+00       1.235027923659e+01 
       1.355374981753e+00       1.232842774351e+01 
       1.356395613831e+00       1.230662919123e+01 
       1.357416245910e+00       1.228488361989e+01 
       1.358436877989e+00       1.226319117047e+01 
       1.359457510070e+00       1.224155202348e+01 
       1.360478142151e+00       1.221996633152e+01 
       1.361498774234e+00       1.219843415839e+01 
       1.362519406317e+00       1.217695543641e+01 
       1.363540038401e+00       1.215552994594e+01 
       1.364560670485e+00       1.213415732753e+01 
       1.365581302571e+00       1.211283711981e+01 
       1.366601934657e+00       1.209156881938e+01 
       1.367622566744e+00       1.207035194647e+01 
       1.368643198832e+00       1.204918610500e+01 
       1.369663830921e+00       1.202807102757e+01 
       1.370684463011e+00       1.200700659553e+01 
       1.371705095101e+00       1.198599283193e+01 
       1.372725727193e+00       1.196502986322e+01 
       1.373746359285e+00       1.194411786392e+01 
       1.374766991377e+00       1.192325699154e+01 
       1.375787623471e+00       1.190244732683e+01 
       1.376808255566e+00       1.188168882866e+01 
       1.377828887661e+00       1.186098131127e+01 
       1.378849519757e+00       1.184032445057e+01 
       1.379870151854e+00       1.181971781738e+01 
       1.380890783951e+00       1.179916093306e+01 
       1.381911416050e+00       1.177865333150e+01 
       1.382932048149e+00       1.175819461828e+01 
       1.383952680249e+00       1.173778451731e+01 
       1.384973312350e+00       1.171742289461e+01 
       1.385993944451e+00       1.169710975502e+01 
       1.387014576554e+00       1.167684521077e+01 
       1.388035208657e+00       1.165662942850e+01 
       1.389055840761e+00       1.163646256842e+01 
       1.390076472866e+00       1.161634472593e+01 
       1.391097104971e+00       1.159627588466e+01 
       1.392117737077e+00       1.157625588981e+01 
       1.393138369185e+00       1.155628445102e+01 
       1.394159001292e+00       1.153636117085e+01 
       1.395179633401e+00       1.151648559432e+01 
       1.396200265510e+00       1.149665726919e+01 
       1.397220897620e+00       1.147687580418e+01 
       1.398241529731e+00       1.145714091599e+01 
       1.399262161843e+00       1.143745245664e+01 
       1.400282793955e+00       1.141781041382e+01 
       1.401303426069e+00       1.139821488383e+01 
       1.402324058183e+00       1.137866602521e+01 
       1.403344690297e+00       1.135916399923e+01 
       1.404365322413e+00       1.133970891255e+01 
       1.405385954529e+00       1.132030077019e+01 
       1.406406586646e+00       1.130093944693e+01 
       1.407427218764e+00       1.128162468430e+01 
       1.408447850882e+00       1.126235611478e+01 
       1.409468483001e+00       1.124313330783e+01 
       1.410489115121e+00       1.122395582641e+01 
       1.411509747242e+00       1.120482328309e+01 
       1.412530379363e+00       1.118573538908e+01 
       1.413551011486e+00       1.116669198266e+01 
       1.414571643608e+00       1.114769303432e+01 
       1.415592275732e+00       1.112873862535e+01 
       1.416612907857e+00       1.110982890434e+01 
       1.417633539982e+00       1.109096403171e+01 
       1.418654172108e+00       1.107214412356e+01 
       1.419674804234e+00       1.105336920431e+01 
       1.420695436361e+00       1.103463917507e+01 
       1.421716068490e+00       1.101595380860e+01 
       1.422736700618e+00       1.099731276694e+01 
       1.423757332748e+00       1.097871564301e+01 
       1.424777964878e+00       1.096016201468e+01 
       1.425798597009e+00       1.094165150046e+01 
       1.426819229141e+00       1.092318380662e+01 
       1.427839861273e+00       1.090475875929e+01 
       1.428860493406e+00       1.088637631279e+01 
       1.429881125540e+00       1.086803653272e+01 
       1.430901757675e+00       1.084973955689e+01 
       1.431922389810e+00       1.083148554421e+01 
       1.432943021946e+00       1.081327461780e+01 
       1.433963654082e+00       1.079510681849e+01 
       1.434984286220e+00       1.077698207260e+01 
       1.436004918358e+00       1.075890018141e+01 
       1.437025550497e+00       1.074086083538e+01 
       1.438046182636e+00       1.072286365132e+01 
       1.439066814776e+00       1.070490822285e+01 
       1.440087446917e+00       1.068699417433e+01 
       1.441108079059e+00       1.066912120955e+01 
       1.442128711201e+00       1.065128914398e+01 
       1.443149343344e+00       1.063349791563e+01 
       1.444169975488e+00       1.061574757458e+01 
       1.445190607632e+00       1.059803824790e+01 
       1.446211239777e+00       1.058037009002e+01 
       1.447231871923e+00       1.056274322996e+01 
       1.448252504070e+00       1.054515772335e+01 
       1.449273136217e+00       1.052761351869e+01 
       1.450293768365e+00       1.051011044423e+01 
       1.451314400513e+00       1.049264821912e+01 
       1.452335032662e+00       1.047522648381e+01 
       1.453355664812e+00       1.045784484721e+01 
       1.454376296963e+00       1.044050294148e+01 
       1.455396929114e+00       1.042320046836e+01 
       1.456417561266e+00       1.040593723291e+01 
       1.457438193418e+00       1.038871315933e+01 
       1.458458825572e+00       1.037152828165e+01 
       1.459479457726e+00       1.035438271453e+01 
       1.460500089880e+00       1.033727660777e+01 
       1.461520722036e+00       1.032021009534e+01 
       1.462541354192e+00       1.030318324520e+01 
       1.463561986348e+00       1.028619602598e+01 
       1.464582618505e+00       1.026924829210e+01 
       1.465603250663e+00       1.025233978872e+01 
       1.466623882822e+00       1.023547017944e+01 
       1.467644514981e+00       1.021863909087e+01 
       1.468665147141e+00       1.020184616209e+01 
       1.469685779302e+00       1.018509109364e+01 
       1.470706411463e+00       1.016837368279e+01 
       1.471727043625e+00       1.015169384068e+01 
       1.472747675788e+00       1.013505158560e+01 
       1.473768307951e+00       1.011844701999e+01 
       1.474788940115e+00       1.010188028776e+01 
       1.475809572279e+00       1.008535152444e+01 
       1.476830204444e+00       1.006886080956e+01 
       1.477850836610e+00       1.005240813085e+01 
       1.478871468777e+00       1.003599336567e+01 
       1.479892100944e+00       1.001961628433e+01 
       1.480912733111e+00       1.000327657439e+01 
       1.481933365280e+00       9.986973879804e+00 
       1.482953997449e+00       9.970707848900e+00 
       1.483974629619e+00       9.954478181962e+00 
       1.484995261789e+00       9.938284668725e+00 
       1.486015893960e+00       9.922127207119e+00 
       1.487036526131e+00       9.906005801501e+00 
       1.488057158304e+00       9.889920541590e+00 
       1.489077790477e+00       9.873871563559e+00 
       1.490098422650e+00       9.857859003513e+00 
       1.491119054824e+00       9.841882950908e+00 
       1.492139686999e+00       9.825943411539e+00 
       1.493160319174e+00       9.810040284610e+00 
       1.494180951350e+00       9.794173364803e+00 
       1.495201583527e+00       9.778342362243e+00 
       1.496222215704e+00       9.762546938181e+00 
       1.497242847882e+00       9.746786750678e+00 
       1.498263480061e+00       9.731061501865e+00 
       1.499284112240e+00       9.715370974168e+00 
       1.500304744419e+00       9.699715053128e+00 
       1.501325376600e+00       9.684093730423e+00 
       1.502346008781e+00       9.668507083463e+00 
       1.503366640962e+00       9.652955240520e+00 
       1.504387273145e+00       9.637438336787e+00 
       1.505407905327e+00       9.621956469802e+00 
       1.506428537511e+00       9.606509660126e+00 
       1.507449169695e+00       9.591097828331e+00 
       1.508469801880e+00       9.575720792702e+00 
       1.509490434065e+00       9.560378284860e+00 
       1.510511066251e+00       9.545069983127e+00 
       1.511531698437e+00       9.529795557065e+00 
       1.512552330624e+00       9.514554711810e+00 
       1.513572962812e+00       9.499347224460e+00 
       1.514593595000e+00       9.484172970162e+00 
       1.515614227189e+00       9.469031926239e+00 
       1.516634859379e+00       9.453924157251e+00 
       1.517655491569e+00       9.438849783397e+00 
       1.518676123760e+00       9.423808939122e+00 
       1.519696755951e+00       9.408801726774e+00 
       1.520717388143e+00       9.393828180676e+00 
       1.521738020335e+00       9.378888241436e+00 
       1.522758652528e+00       9.363981750391e+00 
       1.523779284722e+00       9.349108461162e+00 
       1.524799916916e+00       9.334268069675e+00 
       1.525820549111e+00       9.319460256375e+00 
       1.526841181306e+00       9.304684729681e+00 
       1.527861813502e+00       9.289941263053e+00 
       1.528882445699e+00       9.275229721996e+00 
       1.529903077896e+00       9.260550070414e+00 
       1.530923710094e+00       9.245902359833e+00 
       1.531944342292e+00       9.231286702376e+00 
       1.532964974491e+00       9.216703229773e+00 
       1.533985606691e+00       9.202152050231e+00 
       1.535006238891e+00       9.187633210157e+00 
       1.536026871092e+00       9.173146668215e+00 
       1.537047503293e+00       9.158692286597e+00 
       1.538068135495e+00       9.144269839824e+00 
       1.539088767697e+00       9.129879042669e+00 
       1.540109399900e+00       9.115519587208e+00 
       1.541130032104e+00       9.101191185380e+00 
       1.542150664308e+00       9.086893607981e+00 
       1.543171296512e+00       9.072626712344e+00 
       1.544191928718e+00       9.058390450919e+00 
       1.545212560923e+00       9.044184863174e+00 
       1.546233193130e+00       9.030010051135e+00 
       1.547253825337e+00       9.015866142970e+00 
       1.548274457544e+00       9.001753250500e+00 
       1.549295089752e+00       8.987671431421e+00 
       1.550315721961e+00       8.973620661093e+00 
       1.551336354170e+00       8.959600821429e+00 
       1.552356986380e+00       8.945611707766e+00 
       1.553377618590e+00       8.931653052684e+00 
       1.554398250801e+00       8.917724561438e+00 
       1.555418883012e+00       8.903825951839e+00 
       1.556439515224e+00       8.889956992830e+00 
       1.557460147437e+00       8.876117533239e+00 
       1.558480779650e+00       8.862307513802e+00 
       1.559501411864e+00       8.848526962455e+00 
       1.560522044078e+00       8.834775972182e+00 
       1.561542676293e+00       8.821054666063e+00 
       1.562563308508e+00       8.807363158070e+00 
       1.563583940724e+00       8.793701515272e+00 
       1.564604572940e+00       8.780069729292e+00 
       1.565625205157e+00       8.766467701951e+00 
       1.566645837374e+00       8.752895248683e+00 
       1.567666469592e+00       8.739352119371e+00 
       1.568687101811e+00       8.725838031599e+00 
       1.569707734030e+00       8.712352709580e+00 
       1.570728366250e+00       8.698895922018e+00 
       1.571748998470e+00       8.685467510756e+00 
       1.572769630691e+00       8.672067405440e+00 
       1.573790262912e+00       8.658695622038e+00 
       1.574810895134e+00       8.645352243955e+00 
       1.575831527356e+00       8.632037389928e+00 
       1.576852159579e+00       8.618751175898e+00 
       1.577872791802e+00       8.605493676600e+00 
       1.578893424026e+00       8.592264897497e+00 
       1.579914056251e+00       8.579064758195e+00 
       1.580934688476e+00       8.565893093753e+00 
       1.581955320701e+00       8.552749672325e+00 
       1.582975952927e+00       8.539634224025e+00 
       1.583996585154e+00       8.526546479795e+00 
       1.585017217381e+00       8.513486208368e+00 
       1.586037849608e+00       8.500453246188e+00 
       1.587058481836e+00       8.487447513841e+00 
       1.588079114065e+00       8.474469015858e+00 
       1.589099746294e+00       8.461517825333e+00 
       1.590120378524e+00       8.448594055066e+00 
       1.591141010754e+00       8.435697820618e+00 
       1.592161642985e+00       8.422829204673e+00 
       1.593182275216e+00       8.409988225126e+00 
       1.594202907448e+00       8.397174818634e+00 
       1.595223539680e+00       8.384388838503e+00 
       1.596244171913e+00       8.371630069955e+00 
       1.597264804146e+00       8.358898257618e+00 
       1.598285436380e+00       8.346193140258e+00 
       1.599306068614e+00       8.333514487828e+00 
       1.600326700849e+00       8.320862131249e+00 
       1.601347333085e+00       8.308235981459e+00 
       1.602367965320e+00       8.295636032258e+00 
       1.603388597557e+00       8.283062346912e+00 
       1.604409229794e+00       8.270515031835e+00 
       1.605429862031e+00       8.257994201826e+00 
       1.606450494269e+00       8.245499944345e+00 
       1.607471126507e+00       8.233032289410e+00 
       1.608491758746e+00       8.220591190006e+00 
       1.609512390986e+00       8.208176518074e+00 
       1.610533023226e+00       8.195788075486e+00 
       1.611553655466e+00       8.183425619830e+00 
       1.612574287707e+00       8.171088897999e+00 
       1.613594919948e+00       8.158777681811e+00 
       1.614615552190e+00       8.146491798578e+00 
       1.615636184433e+00       8.134231150490e+00 
       1.616656816675e+00       8.121995720376e+00 
       1.617677448919e+00       8.109785561176e+00 
       1.618698081163e+00       8.097600772613e+00 
       1.619718713407e+00       8.085441468490e+00 
       1.620739345652e+00       8.073307738268e+00 
       1.621759977897e+00       8.061199627574e+00 
       1.622780610143e+00       8.049117100954e+00 
       1.623801242389e+00       8.037060046663e+00 
       1.624821874636e+00       8.025028284156e+00 
       1.625842506883e+00       8.013021584523e+00 
       1.626863139131e+00       8.001039703222e+00 
       1.627883771380e+00       7.989082414571e+00 
       1.628904403628e+00       7.977149541807e+00 
       1.629925035877e+00       7.965240980116e+00 
       1.630945668127e+00       7.953356702329e+00 
       1.631966300377e+00       7.941496751841e+00 
       1.632986932628e+00       7.929661220698e+00 
       1.634007564879e+00       7.917850219608e+00 
       1.635028197131e+00       7.906063843817e+00 
       1.636048829383e+00       7.894302142554e+00 
       1.637069461636e+00       7.882565097273e+00 
       1.638090093889e+00       7.870852612530e+00 
       1.639110726142e+00       7.859164523351e+00 
       1.640131358396e+00       7.847500613636e+00 
       1.641151990651e+00       7.835860649049e+00 
       1.642172622906e+00       7.824244407697e+00 
       2.067167798647e+00       4.497254453976e+00 
       2.602408813384e+00       2.562537601255e+00 
       3.276238585833e+00       1.448978372941e+00 
       4.124540010806e+00       8.136376499108e-01 
       5.192488231565e+00       4.539928454195e-01 
       6.536955385160e+00       2.518578161100e-01 
       8.229539250142e+00       1.389829927905e-01 
       1.036037608936e+01       7.632271985643e-02 
       1.304294073464e+01       4.172488614907e-02 
       1.642008953537e+01       2.271573460993e-02 
       2.067166798001e+01       1.231878899748e-02 
       2.602408812420e+01       6.656018709583e-03 
       3.276238585833e+01       3.583722499742e-03 
       4.124540010806e+01       1.922916387389e-03 
       5.192488231565e+01       1.028199926746e-03 
