# Matter power spectrum P(k) at redshift z=1
# for k=2.2285e-07 to 52.8642 h/Mpc,
# number of wavenumbers equal to 7285
#    1:k (h/Mpc)              2:P (Mpc/h)^3        
       2.228496246642e-07       3.539019386548e-01 
       9.132635081014e-07       1.380274383790e+00 
       1.603682239078e-06       2.376319873393e+00 
       2.294111141770e-06       3.356936299721e+00 
       2.984555540566e-06       4.327106407796e+00 
       3.675020760206e-06       5.289386828328e+00 
       4.365512125914e-06       6.245339807016e+00 
       5.056034963542e-06       7.196020568026e+00 
       5.746594599699e-06       8.142190412554e+00 
       6.437196361893e-06       9.084424974173e+00 
       7.127845578666e-06       1.002317511024e+01 
       7.818547579733e-06       1.095880379433e+01 
       8.509307696116e-06       1.189160977621e+01 
       9.200131260283e-06       1.282184345423e+01 
       9.891023606287e-06       1.374971792019e+01 
       1.058199006990e-05       1.467541688200e+01 
       1.127303598875e-05       1.559910049392e+01 
       1.196416670246e-05       1.652090974218e+01 
       1.265538755278e-05       1.744096980700e+01 
       1.334670388376e-05       1.835939268303e+01 
       1.403812104181e-05       1.927627925177e+01 
       1.472964437592e-05       2.019172094212e+01 
       1.542127923774e-05       2.110580107634e+01 
       1.611303098178e-05       2.201859597261e+01 
       1.680490496546e-05       2.293017585669e+01 
       1.749690654932e-05       2.384060562226e+01 
       1.818904109715e-05       2.474994547016e+01 
       1.888131397609e-05       2.565825144954e+01 
       1.957373055681e-05       2.656557591919e+01 
       2.026629621361e-05       2.747196794306e+01 
       2.095901632461e-05       2.837747363145e+01 
       2.165189627183e-05       2.928213643680e+01 
       2.234494144138e-05       3.018599741140e+01 
       2.303815722357e-05       3.108909543294e+01 
       2.373154901306e-05       3.199146740278e+01 
       2.442512220898e-05       3.289314842097e+01 
       2.511888221512e-05       3.379417194126e+01 
       2.581283444000e-05       3.469456990895e+01 
       2.650698429707e-05       3.559437288382e+01 
       2.720133720483e-05       3.649361015019e+01 
       2.789589858695e-05       3.739230981567e+01 
       2.859067387245e-05       3.829049890008e+01 
       2.928566849580e-05       3.918820341569e+01 
       2.998088789710e-05       4.008544843986e+01 
       3.067633752219e-05       4.098225818088e+01 
       3.137202282281e-05       4.187865603791e+01 
       3.206794925674e-05       4.277466465553e+01 
       3.276412228794e-05       4.367030597362e+01 
       3.346054738667e-05       4.456560127297e+01 
       3.415723002969e-05       4.546057121710e+01 
       3.485417570033e-05       4.635523589069e+01 
       3.555138988871e-05       4.724961483497e+01 
       3.624887809181e-05       4.814372708024e+01 
       3.694664581366e-05       4.903759117606e+01 
       3.764469856549e-05       4.993122521903e+01 
       3.834304186582e-05       5.082464687859e+01 
       3.904168124068e-05       5.171787342095e+01 
       3.974062222368e-05       5.261092173131e+01 
       4.043987035623e-05       5.350380833452e+01 
       4.113943118762e-05       5.439654941432e+01 
       4.183931027519e-05       5.528916083135e+01 
       4.253951318450e-05       5.618165813990e+01 
       4.324004548945e-05       5.707405660356e+01 
       4.394091277243e-05       5.796637120993e+01 
       4.464212062447e-05       5.885861668440e+01 
       4.534367464538e-05       5.975080750300e+01 
       4.604558044392e-05       6.064295790456e+01 
       4.674784363793e-05       6.153508190210e+01 
       4.745046985448e-05       6.242719329357e+01 
       4.815346473004e-05       6.331930567192e+01 
       4.885683391058e-05       6.421143243465e+01 
       4.956058305178e-05       6.510358679280e+01 
       5.026471781914e-05       6.599578177944e+01 
       5.096924388814e-05       6.688803025772e+01 
       5.167416694441e-05       6.778034492844e+01 
       5.237949268384e-05       6.867273833726e+01 
       5.308522681278e-05       6.956522288156e+01 
       5.379137504816e-05       7.045781081685e+01 
       5.449794311766e-05       7.135051426296e+01 
       5.520493675984e-05       7.224334520989e+01 
       5.591236172432e-05       7.313631552332e+01 
       5.662022377194e-05       7.402943694992e+01 
       5.732852867485e-05       7.492272112239e+01 
       5.803728221677e-05       7.581617956423e+01 
       5.874649019306e-05       7.670982369433e+01 
       5.945615841089e-05       7.760366483135e+01 
       6.016629268945e-05       7.849771419783e+01 
       6.087689886003e-05       7.939198292424e+01 
       6.158798276624e-05       8.028648205273e+01 
       6.229955026412e-05       8.118122254081e+01 
       6.301160722236e-05       8.207621526481e+01 
       6.372415952237e-05       8.297147102324e+01 
       6.443721305854e-05       8.386700053999e+01 
       6.515077373831e-05       8.476281446736e+01 
       6.586484748239e-05       8.565892338908e+01 
       6.657944022490e-05       8.655533782306e+01 
       6.729455791353e-05       8.745206822417e+01 
       6.801020650970e-05       8.834912498681e+01 
       6.872639198875e-05       8.924651844745e+01 
       6.944312034004e-05       9.014425888704e+01 
       7.016039756719e-05       9.104235653331e+01 
       7.087822968820e-05       9.194082156308e+01 
       7.159662273562e-05       9.283966410434e+01 
       7.231558275672e-05       9.373889423840e+01 
       7.303511581365e-05       9.463852200187e+01 
       7.375522798363e-05       9.553855738861e+01 
       7.447592535908e-05       9.643901035159e+01 
       7.519721404782e-05       9.733989080474e+01 
       7.591910017321e-05       9.824120862466e+01 
       7.664158987436e-05       9.914297365235e+01 
       7.736468930625e-05       1.000451956948e+02 
       7.808840463995e-05       1.009478845267e+02 
       7.881274206274e-05       1.018510498917e+02 
       7.953770777832e-05       1.027547015044e+02 
       8.026330800698e-05       1.036588490511e+02 
       8.098954898575e-05       1.045635021919e+02 
       8.171643696859e-05       1.054686705617e+02 
       8.244397822657e-05       1.063743637714e+02 
       8.317217904802e-05       1.072805914095e+02 
       8.390104573873e-05       1.081873630432e+02 
       8.463058462214e-05       1.090946882196e+02 
       8.536080203946e-05       1.100025764668e+02 
       8.609170434990e-05       1.109110372953e+02 
       8.682329793085e-05       1.118200801987e+02 
       8.755558917800e-05       1.127297146554e+02 
       8.828858450560e-05       1.136399501291e+02 
       8.902229034659e-05       1.145507960699e+02 
       8.975671315278e-05       1.154622619158e+02 
       9.049185939507e-05       1.163743570930e+02 
       9.122773556359e-05       1.172870910174e+02 
       9.196434816791e-05       1.182004730952e+02 
       9.270170373722e-05       1.191145127240e+02 
       9.343980882051e-05       1.200292192935e+02 
       9.417866998676e-05       1.209446021868e+02 
       9.491829382511e-05       1.218606707807e+02 
       9.565868694509e-05       1.227774344468e+02 
       9.639985597677e-05       1.236949025526e+02 
       9.714180757095e-05       1.246130844615e+02 
       9.788454839938e-05       1.255319895347e+02 
       9.862808515491e-05       1.264516271309e+02 
       9.937242455172e-05       1.273720066077e+02 
       1.001175733255e-04       1.282931373222e+02 
       1.008635382336e-04       1.292150286316e+02 
       1.016103260554e-04       1.301376898941e+02 
       1.023579435921e-04       1.310611304694e+02 
       1.031063976674e-04       1.319853597195e+02 
       1.038556951275e-04       1.329103870093e+02 
       1.046058428412e-04       1.338362217074e+02 
       1.053568477002e-04       1.347628731868e+02 
       1.061087166191e-04       1.356903508250e+02 
       1.068614565362e-04       1.366186640055e+02 
       1.076150744128e-04       1.375478221175e+02 
       1.083695772342e-04       1.384778345574e+02 
       1.091249720094e-04       1.394087107287e+02 
       1.098812657717e-04       1.403404600429e+02 
       1.106384655786e-04       1.412730919200e+02 
       1.113965785119e-04       1.422066157893e+02 
       1.121556116784e-04       1.431410410896e+02 
       1.129155722096e-04       1.440763772698e+02 
       1.136764672623e-04       1.450126337900e+02 
       1.144383040184e-04       1.459498201214e+02 
       1.152010896857e-04       1.468879457469e+02 
       1.159648314974e-04       1.478270201622e+02 
       1.167295367127e-04       1.487670528755e+02 
       1.174952126173e-04       1.497080534087e+02 
       1.182618665230e-04       1.506500312977e+02 
       1.190295057683e-04       1.515929960927e+02 
       1.197981377185e-04       1.525369573590e+02 
       1.205677697659e-04       1.534819246771e+02 
       1.213384093303e-04       1.544279076438e+02 
       1.221100638586e-04       1.553749158722e+02 
       1.228827408258e-04       1.563229589921e+02 
       1.236564477345e-04       1.572720466510e+02 
       1.244311921157e-04       1.582221885141e+02 
       1.252069815286e-04       1.591733942650e+02 
       1.259838235611e-04       1.601256736060e+02 
       1.267617258298e-04       1.610790362588e+02 
       1.275406959805e-04       1.620334919646e+02 
       1.283207416882e-04       1.629890504849e+02 
       1.291018706575e-04       1.639457216019e+02 
       1.298840906226e-04       1.649035151186e+02 
       1.306674093476e-04       1.658624408596e+02 
       1.314518346271e-04       1.668225086716e+02 
       1.322373742859e-04       1.677837284234e+02 
       1.330240361796e-04       1.687461100068e+02 
       1.338118281945e-04       1.697096633367e+02 
       1.346007582483e-04       1.706743983517e+02 
       1.353908342899e-04       1.716403250145e+02 
       1.361820643000e-04       1.726074533124e+02 
       1.369744562909e-04       1.735757932574e+02 
       1.377680183073e-04       1.745453548869e+02 
       1.385627584260e-04       1.755161482643e+02 
       1.393586847565e-04       1.764881834788e+02 
       1.401558054411e-04       1.774614706464e+02 
       1.409541286553e-04       1.784360199101e+02 
       1.417536626078e-04       1.794118414402e+02 
       1.425544155408e-04       1.803889454349e+02 
       1.433563957306e-04       1.813673421204e+02 
       1.441596114872e-04       1.823470417518e+02 
       1.449640711554e-04       1.833280546129e+02 
       1.457697831141e-04       1.843103910173e+02 
       1.465767557775e-04       1.852940613080e+02 
       1.473849975944e-04       1.862790758583e+02 
       1.481945170494e-04       1.872654450724e+02 
       1.490053226625e-04       1.882531793851e+02 
       1.498174229896e-04       1.892422892628e+02 
       1.506308266226e-04       1.902327852035e+02 
       1.514455421900e-04       1.912246777377e+02 
       1.522615783570e-04       1.922179774281e+02 
       1.530789438254e-04       1.932126948706e+02 
       1.538976473344e-04       1.942088406942e+02 
       1.547176976608e-04       1.952064255618e+02 
       1.555391036188e-04       1.962054601704e+02 
       1.563618740609e-04       1.972059552514e+02 
       1.571860178775e-04       1.982079215711e+02 
       1.580115439980e-04       1.992113699312e+02 
       1.588384613901e-04       2.002163111688e+02 
       1.596667790611e-04       2.012227561573e+02 
       1.604965060573e-04       2.022307158064e+02 
       1.613276514647e-04       2.032402010625e+02 
       1.621602244093e-04       2.042512229093e+02 
       1.629942340573e-04       2.052637923681e+02 
       1.638296896153e-04       2.062779204980e+02 
       1.646666003307e-04       2.072936183965e+02 
       1.655049754920e-04       2.083108971999e+02 
       1.663448244290e-04       2.093297680834e+02 
       1.671861565130e-04       2.103502422619e+02 
       1.680289811574e-04       2.113723309899e+02 
       1.688733078176e-04       2.123960455622e+02 
       1.697191459918e-04       2.134213973144e+02 
       1.705665052205e-04       2.144483976229e+02 
       1.714153950878e-04       2.154770579055e+02 
       1.722658252208e-04       2.165073896218e+02 
       1.731178052903e-04       2.175394042735e+02 
       1.739713450114e-04       2.185731134048e+02 
       1.748264541429e-04       2.196085286028e+02 
       1.756831424887e-04       2.206456614978e+02 
       1.765414198973e-04       2.216845237640e+02 
       1.774012962623e-04       2.227251271194e+02 
       1.782627815229e-04       2.237674833264e+02 
       1.791258856641e-04       2.248116041924e+02 
       1.799906187170e-04       2.258575015697e+02 
       1.808569907589e-04       2.269051873565e+02 
       1.817250119141e-04       2.279546734966e+02 
       1.825946923535e-04       2.290059719804e+02 
       1.834660422959e-04       2.300590948447e+02 
       1.843390720072e-04       2.311140541738e+02 
       1.852137918015e-04       2.321708620991e+02 
       1.860902120413e-04       2.332295307999e+02 
       1.869683431374e-04       2.342900725040e+02 
       1.878481955498e-04       2.353524994876e+02 
       1.887297797875e-04       2.364168240759e+02 
       1.896131064092e-04       2.374830586436e+02 
       1.904981860235e-04       2.385512156151e+02 
       1.913850292890e-04       2.396213074649e+02 
       1.922736469152e-04       2.406933467182e+02 
       1.931640496621e-04       2.417673459509e+02 
       1.940562483411e-04       2.428433177906e+02 
       1.949502538150e-04       2.439212749162e+02 
       1.958460769985e-04       2.450012300590e+02 
       1.967437288587e-04       2.460831960024e+02 
       1.976432204148e-04       2.471671855831e+02 
       1.985445627392e-04       2.482532116908e+02 
       1.994477669573e-04       2.493412872689e+02 
       2.003528442482e-04       2.504314253149e+02 
       2.012598058449e-04       2.515236388806e+02 
       2.021686630343e-04       2.526179410726e+02 
       2.030794271582e-04       2.537143450529e+02 
       2.039921096131e-04       2.548128640390e+02 
       2.049067218510e-04       2.559135113043e+02 
       2.058232753792e-04       2.570163001786e+02 
       2.067417817611e-04       2.581212440486e+02 
       2.076622526164e-04       2.592283563580e+02 
       2.085846996215e-04       2.603376506082e+02 
       2.095091345097e-04       2.614491403585e+02 
       2.104355690716e-04       2.625628392266e+02 
       2.113640151557e-04       2.636787608888e+02 
       2.122944846684e-04       2.647969190806e+02 
       2.132269895746e-04       2.659173275971e+02 
       2.141615418980e-04       2.670400002934e+02 
       2.150981537214e-04       2.681649510846e+02 
       2.160368371872e-04       2.692921939469e+02 
       2.169776044975e-04       2.704217429174e+02 
       2.179204679147e-04       2.715536120948e+02 
       2.188654397619e-04       2.726878156396e+02 
       2.198125324230e-04       2.738243677748e+02 
       2.207617583434e-04       2.749632827861e+02 
       2.217131300300e-04       2.761045750221e+02 
       2.226666600520e-04       2.772482588950e+02 
       2.236223610408e-04       2.783943488812e+02 
       2.245802456909e-04       2.795428595209e+02 
       2.255403267597e-04       2.806938054195e+02 
       2.265026170682e-04       2.818472012472e+02 
       2.274671295016e-04       2.830030617397e+02 
       2.284338770092e-04       2.841614016990e+02 
       2.294028726049e-04       2.853222359930e+02 
       2.303741293679e-04       2.864855795564e+02 
       2.313476604428e-04       2.876514473912e+02 
       2.323234790398e-04       2.888198545668e+02 
       2.333015984356e-04       2.899908162205e+02 
       2.342820319735e-04       2.911643475580e+02 
       2.352647930635e-04       2.923404638537e+02 
       2.362498951831e-04       2.935191804511e+02 
       2.372373518778e-04       2.947005127633e+02 
       2.382271767609e-04       2.958844762733e+02 
       2.392193835144e-04       2.970710865343e+02 
       2.402139858891e-04       2.982603591706e+02 
       2.412109977053e-04       2.994523098774e+02 
       2.422104328528e-04       3.006469544213e+02 
       2.432123052916e-04       3.018443086412e+02 
       2.442166290521e-04       3.030443884482e+02 
       2.452234182357e-04       3.042472098260e+02 
       2.462326870149e-04       3.054527888318e+02 
       2.472444496340e-04       3.066611415958e+02 
       2.482587204093e-04       3.078722843229e+02 
       2.492755137296e-04       3.090862332918e+02 
       2.502948440564e-04       3.103030048562e+02 
       2.513167259247e-04       3.115226154448e+02 
       2.523411739429e-04       3.127450815621e+02 
       2.533682027936e-04       3.139704197884e+02 
       2.543978272337e-04       3.151986467802e+02 
       2.554300620951e-04       3.164297792712e+02 
       2.564649222848e-04       3.176638340719e+02 
       2.575024227856e-04       3.189008280703e+02 
       2.585425786562e-04       3.201407782328e+02 
       2.595854050318e-04       3.213837016037e+02 
       2.606309171244e-04       3.226296153062e+02 
       2.616791302233e-04       3.238785365427e+02 
       2.627300596955e-04       3.251304825951e+02 
       2.637837209858e-04       3.263854708251e+02 
       2.648401296177e-04       3.276435186748e+02 
       2.658993011936e-04       3.289046436672e+02 
       2.669612513949e-04       3.301688634060e+02 
       2.680259959829e-04       3.314361955768e+02 
       2.690935507988e-04       3.327066579467e+02 
       2.701639317643e-04       3.339802683654e+02 
       2.712371548820e-04       3.352570447650e+02 
       2.723132362358e-04       3.365370051607e+02 
       2.733921919912e-04       3.378201676512e+02 
       2.744740383959e-04       3.391065504189e+02 
       2.755587917798e-04       3.403961717304e+02 
       2.766464685561e-04       3.416890499368e+02 
       2.777370852208e-04       3.429852034743e+02 
       2.788306583541e-04       3.442846508641e+02 
       2.799272046197e-04       3.455874107133e+02 
       2.810267407663e-04       3.468935017151e+02 
       2.821292836272e-04       3.482029426490e+02 
       2.832348501211e-04       3.495157523812e+02 
       2.843434572522e-04       3.508319498652e+02 
       2.854551221109e-04       3.521515541420e+02 
       2.865698618742e-04       3.534745843403e+02 
       2.876876938057e-04       3.548010596773e+02 
       2.888086352564e-04       3.561309994587e+02 
       2.899327036650e-04       3.574644230789e+02 
       2.910599165582e-04       3.588013500219e+02 
       2.921902915511e-04       3.601417998613e+02 
       2.933238463477e-04       3.614857922605e+02 
       2.944605987411e-04       3.628333469734e+02 
       2.956005666141e-04       3.641844838445e+02 
       2.967437679396e-04       3.655392228094e+02 
       2.978902207806e-04       3.668975838949e+02 
       2.990399432911e-04       3.682595872196e+02 
       3.001929537162e-04       3.696252529941e+02 
       3.013492703925e-04       3.709946015212e+02 
       3.025089117484e-04       3.723676531966e+02 
       3.036718963047e-04       3.737444285087e+02 
       3.048382426749e-04       3.751249480393e+02 
       3.060079695654e-04       3.765092324638e+02 
       3.071810957761e-04       3.778973025516e+02 
       3.083576402006e-04       3.792891791662e+02 
       3.095376218267e-04       3.806848832655e+02 
       3.107210597366e-04       3.820844359024e+02 
       3.119079731074e-04       3.834878582248e+02 
       3.130983812115e-04       3.848951714760e+02 
       3.142923034169e-04       3.863063969949e+02 
       3.154897591873e-04       3.877215562165e+02 
       3.166907680828e-04       3.891406706718e+02 
       3.178953497603e-04       3.905637619885e+02 
       3.191035239735e-04       3.919908518907e+02 
       3.203153105734e-04       3.934219621999e+02 
       3.215307295088e-04       3.948571148347e+02 
       3.227498008263e-04       3.962963318111e+02 
       3.239725446710e-04       3.977396352429e+02 
       3.251989812865e-04       3.991870473420e+02 
       3.264291310155e-04       4.006385904184e+02 
       3.276630143000e-04       4.020942868804e+02 
       3.289006516816e-04       4.035541592353e+02 
       3.301420638018e-04       4.050182300890e+02 
       3.313872714022e-04       4.064865221465e+02 
       3.326362953254e-04       4.079590582122e+02 
       3.338891565143e-04       4.094358611899e+02 
       3.351458760134e-04       4.109169540830e+02 
       3.364064749684e-04       4.124023599948e+02 
       3.376709746267e-04       4.138921021287e+02 
       3.389393963378e-04       4.153862037880e+02 
       3.402117615535e-04       4.168846883767e+02 
       3.414880918283e-04       4.183875793990e+02 
       3.427684088191e-04       4.198949004598e+02 
       3.440527342864e-04       4.214066752649e+02 
       3.453410900937e-04       4.229229276209e+02 
       3.466334982082e-04       4.244436814354e+02 
       3.479299807011e-04       4.259689607172e+02 
       3.492305597475e-04       4.274987895762e+02 
       3.505352576268e-04       4.290331922237e+02 
       3.518440967232e-04       4.305721929725e+02 
       3.531570995255e-04       4.321158162368e+02 
       3.544742886275e-04       4.336640865325e+02 
       3.557956867281e-04       4.352170284767e+02 
       3.571213166318e-04       4.367746667888e+02 
       3.584512012487e-04       4.383370262894e+02 
       3.597853635945e-04       4.399041319011e+02 
       3.611238267909e-04       4.414760086482e+02 
       3.624666140659e-04       4.430526816566e+02 
       3.638137487538e-04       4.446341761543e+02 
       3.651652542952e-04       4.462205174708e+02 
       3.665211542373e-04       4.478117310375e+02 
       3.678814722343e-04       4.494078423873e+02 
       3.692462320472e-04       4.510088771550e+02 
       3.706154575439e-04       4.526148610768e+02 
       3.719891726995e-04       4.542258199906e+02 
       3.733674015964e-04       4.558417798356e+02 
       3.747501684244e-04       4.574627666525e+02 
       3.761374974806e-04       4.590888065833e+02 
       3.775294131697e-04       4.607199258710e+02 
       3.789259400039e-04       4.623561508597e+02 
       3.803271026033e-04       4.639975079944e+02 
       3.817329256955e-04       4.656440238208e+02 
       3.831434341160e-04       4.672957249851e+02 
       3.845586528078e-04       4.689526382337e+02 
       3.859786068222e-04       4.706147904141e+02 
       3.874033213178e-04       4.722822084728e+02 
       3.888328215614e-04       4.739549194563e+02 
       3.902671329275e-04       4.756329505107e+02 
       3.917062808984e-04       4.773163288815e+02 
       3.931502910641e-04       4.790050819128e+02 
       3.945991891225e-04       4.806992370480e+02 
       3.960530008789e-04       4.823988218283e+02 
       3.975117522465e-04       4.841038638935e+02 
       3.989754692458e-04       4.858143909810e+02 
       4.004441780048e-04       4.875304309255e+02 
       4.019179047589e-04       4.892520116591e+02 
       4.033966758506e-04       4.909791612103e+02 
       4.048805177296e-04       4.927119077040e+02 
       4.063694569523e-04       4.944502793612e+02 
       4.078635201822e-04       4.961943044981e+02 
       4.093627341893e-04       4.979440115259e+02 
       4.108671258498e-04       4.996994289507e+02 
       4.123767221465e-04       5.014605853724e+02 
       4.138915501680e-04       5.032275094844e+02 
       4.154116371086e-04       5.050002300736e+02 
       4.169370102684e-04       5.067787760188e+02 
       4.184676970527e-04       5.085631762914e+02 
       4.200037249716e-04       5.103534599538e+02 
       4.215451216403e-04       5.121496561593e+02 
       4.230919147782e-04       5.139517941515e+02 
       4.246441322088e-04       5.157599032633e+02 
       4.262018018595e-04       5.175740129167e+02 
       4.277649517610e-04       5.193941526220e+02 
       4.293336100471e-04       5.212203519768e+02 
       4.309078049544e-04       5.230526406656e+02 
       4.324875648215e-04       5.248910484591e+02 
       4.340729180891e-04       5.267356052132e+02 
       4.356638932991e-04       5.285863408682e+02 
       4.372605190946e-04       5.304432854485e+02 
       4.388628242190e-04       5.323064690610e+02 
       4.404708375157e-04       5.341759218950e+02 
       4.420845879276e-04       5.360516742203e+02 
       4.437041044966e-04       5.379337563883e+02 
       4.453294163630e-04       5.398221988286e+02 
       4.469605527649e-04       5.417170320496e+02 
       4.485975430376e-04       5.436182866372e+02 
       4.502404166132e-04       5.455259932537e+02 
       4.518892030197e-04       5.474401826370e+02 
       4.535439318805e-04       5.493608855993e+02 
       4.552046329137e-04       5.512881330262e+02 
       4.568713359314e-04       5.532219558756e+02 
       4.585440708391e-04       5.551623851764e+02 
       4.602228676347e-04       5.571094520277e+02 
       4.619077564081e-04       5.590631875973e+02 
       4.635987673401e-04       5.610236231209e+02 
       4.652959307020e-04       5.629907899004e+02 
       4.669992768543e-04       5.649647193029e+02 
       4.687088362461e-04       5.669454427596e+02 
       4.704246394145e-04       5.689329917642e+02 
       4.721467169831e-04       5.709273978717e+02 
       4.738750996618e-04       5.729286926970e+02 
       4.756098182453e-04       5.749369079138e+02 
       4.773509036122e-04       5.769520752521e+02 
       4.790983867247e-04       5.789742264993e+02 
       4.808522986265e-04       5.810033934956e+02 
       4.826126704427e-04       5.830396081345e+02 
       4.843795333783e-04       5.850829023604e+02 
       4.861529187173e-04       5.871333081679e+02 
       4.879328578213e-04       5.891908575991e+02 
       4.897193821289e-04       5.912555827431e+02 
       4.915125231540e-04       5.933275157335e+02 
       4.933123124849e-04       5.954066887473e+02 
       4.951187817832e-04       5.974931340028e+02 
       4.969319627824e-04       5.995868837581e+02 
       4.987518872864e-04       6.016879703094e+02 
       5.005785871690e-04       6.037964259888e+02 
       5.024120943717e-04       6.059122831627e+02 
       5.042524409028e-04       6.080355742308e+02 
       5.060996588361e-04       6.101663316225e+02 
       5.079537803095e-04       6.123045877964e+02 
       5.098148375232e-04       6.144503752375e+02 
       5.116828627388e-04       6.166037264560e+02 
       5.135578882775e-04       6.187646739845e+02 
       5.154399465186e-04       6.209332503766e+02 
       5.173290698982e-04       6.231094882043e+02 
       5.192252909074e-04       6.252934200563e+02 
       5.211286420907e-04       6.274850785358e+02 
       5.230391560448e-04       6.296844962578e+02 
       5.249568654164e-04       6.318917058479e+02 
       5.268818029010e-04       6.341067399392e+02 
       5.288140012407e-04       6.363296311701e+02 
       5.307534932233e-04       6.385604121828e+02 
       5.327003116794e-04       6.407991156198e+02 
       5.346544894816e-04       6.430457741225e+02 
       5.366160595424e-04       6.453004203284e+02 
       5.385850548120e-04       6.475630868685e+02 
       5.405615082769e-04       6.498338063652e+02 
       5.425454529578e-04       6.521126114296e+02 
       5.445369219076e-04       6.543995346591e+02 
       5.465359482096e-04       6.566946086345e+02 
       5.485425649754e-04       6.589978659180e+02 
       5.505568053430e-04       6.613093390500e+02 
       5.525787024744e-04       6.636290605467e+02 
       5.546082895542e-04       6.659570628974e+02 
       5.566455997867e-04       6.682933785619e+02 
       5.586906663944e-04       6.706380399674e+02 
       5.607435226155e-04       6.729910795061e+02 
       5.628042017017e-04       6.753525295320e+02 
       5.648727369162e-04       6.777224223584e+02 
       5.669491615311e-04       6.801007902549e+02 
       5.690335088256e-04       6.824876654443e+02 
       5.711258120832e-04       6.848830801000e+02 
       5.732261045896e-04       6.872870663425e+02 
       5.753344196302e-04       6.896996562372e+02 
       5.774507904879e-04       6.921208817904e+02 
       5.795752504406e-04       6.945507749470e+02 
       5.817078327585e-04       6.969893675870e+02 
       5.838485707019e-04       6.994366915226e+02 
       5.859974975186e-04       7.018927784947e+02 
       5.881546464413e-04       7.043576601701e+02 
       5.903200506850e-04       7.068313681381e+02 
       5.924937434446e-04       7.093139339071e+02 
       5.946757578920e-04       7.118053889018e+02 
       5.968661271735e-04       7.143057644591e+02 
       5.990648844073e-04       7.168150918256e+02 
       6.012720626805e-04       7.193334021538e+02 
       6.034876950467e-04       7.218607264987e+02 
       6.057118145229e-04       7.243970958146e+02 
       6.079444540868e-04       7.269425409513e+02 
       6.101856466741e-04       7.294970926511e+02 
       6.124354251756e-04       7.320607815449e+02 
       6.146938224341e-04       7.346336381489e+02 
       6.169608712419e-04       7.372156928609e+02 
       6.192366043374e-04       7.398069759569e+02 
       6.215210544028e-04       7.424075175874e+02 
       6.238142540602e-04       7.450173477738e+02 
       6.261162358695e-04       7.476364964047e+02 
       6.284270323249e-04       7.502649932325e+02 
       6.307466758519e-04       7.529028678692e+02 
       6.330751988042e-04       7.555501497834e+02 
       6.354126334608e-04       7.582068682958e+02 
       6.377590120227e-04       7.608730525760e+02 
       6.401143666098e-04       7.635487316385e+02 
       6.424787292578e-04       7.662339343393e+02 
       6.448521319148e-04       7.689286893713e+02 
       6.472346064384e-04       7.716330252613e+02 
       6.496261845924e-04       7.743469703656e+02 
       6.520268980433e-04       7.770705528666e+02 
       6.544367783574e-04       7.798038007685e+02 
       6.568558569973e-04       7.825467418937e+02 
       6.592841653185e-04       7.852994038788e+02 
       6.617217345664e-04       7.880618141709e+02 
       6.641685958728e-04       7.908340000232e+02 
       6.666247802524e-04       7.936159884916e+02 
       6.690903185998e-04       7.964078064303e+02 
       6.715652416857e-04       7.992094804883e+02 
       6.740495801538e-04       8.020210371050e+02 
       6.765433645174e-04       8.048425025066e+02 
       6.790466251557e-04       8.076739027018e+02 
       6.815593923106e-04       8.105152634781e+02 
       6.840816960833e-04       8.133666103977e+02 
       6.866135664308e-04       8.162279687934e+02 
       6.891550331621e-04       8.190993637649e+02 
       6.917061259352e-04       8.219808201744e+02 
       6.942668742536e-04       8.248723626428e+02 
       6.968373074624e-04       8.277740155465e+02 
       6.994174547450e-04       8.306858030078e+02 
       7.020073451198e-04       8.336077489059e+02 
       7.046070074366e-04       8.365398768539e+02 
       7.072164703728e-04       8.394822102065e+02 
       7.098357624302e-04       8.424347720530e+02 
       7.124649119314e-04       8.453975852134e+02 
       7.151039470162e-04       8.483706722347e+02 
       7.177528956382e-04       8.513540553864e+02 
       7.204117855613e-04       8.543477566573e+02 
       7.230806443558e-04       8.573517977507e+02 
       7.257594993955e-04       8.603662000812e+02 
       7.284483778536e-04       8.633909847704e+02 
       7.311473066995e-04       8.664261726429e+02 
       7.338563126954e-04       8.694717842228e+02 
       7.365754223924e-04       8.725278397294e+02 
       7.393046621273e-04       8.755943590737e+02 
       7.420440580190e-04       8.786713618542e+02 
       7.447936359651e-04       8.817588673535e+02 
       7.475534216383e-04       8.848568945341e+02 
       7.503234404831e-04       8.879654620347e+02 
       7.531037177121e-04       8.910845881668e+02 
       7.558942783028e-04       8.942142909104e+02 
       7.586951469942e-04       8.973545879107e+02 
       7.615063482829e-04       9.005054964745e+02 
       7.643279064204e-04       9.036670335660e+02 
       7.671598454094e-04       9.068392158038e+02 
       7.700021890000e-04       9.100220594567e+02 
       7.728549606873e-04       9.132155804408e+02 
       7.757181837072e-04       9.164197943155e+02 
       7.785918810334e-04       9.196347162802e+02 
       7.814760753744e-04       9.228603611690e+02 
       7.843707891698e-04       9.260967434536e+02 
       7.872760445871e-04       9.293438772312e+02 
       7.901918635189e-04       9.326017762266e+02 
       7.931182675792e-04       9.358704537876e+02 
       7.960552781006e-04       9.391499228815e+02 
       7.990029161309e-04       9.424401960924e+02 
       8.019612024301e-04       9.457412856175e+02 
       8.049301574674e-04       9.490532032644e+02 
       8.079098014180e-04       9.523759604474e+02 
       8.109001541603e-04       9.557095681851e+02 
       8.139012352725e-04       9.590540370970e+02 
       8.169130640303e-04       9.624093774007e+02 
       8.199356594031e-04       9.657755989090e+02 
       8.229690400520e-04       9.691527110268e+02 
       8.260132243265e-04       9.725407227488e+02 
       8.290682302616e-04       9.759396426553e+02 
       8.321340755753e-04       9.793494789138e+02 
       8.352107776658e-04       9.827702392687e+02 
       8.382983536086e-04       9.862019310480e+02 
       8.413968201542e-04       9.896445611526e+02 
       8.445061937252e-04       9.930981360585e+02 
       8.476264904140e-04       9.965626618130e+02 
       8.507577259798e-04       1.000038144033e+03 
       8.538999158468e-04       1.003524587901e+03 
       8.570530751012e-04       1.007021998165e+03 
       8.602172184893e-04       1.010530379136e+03 
       8.633923604146e-04       1.014049734685e+03 
       8.665785149360e-04       1.017580068240e+03 
       8.697756957655e-04       1.021121382788e+03 
       8.729839162656e-04       1.024673680867e+03 
       8.762031894478e-04       1.028236964572e+03 
       8.794335279700e-04       1.031811235545e+03 
       8.826749441347e-04       1.035396494979e+03 
       8.859274498872e-04       1.038992743614e+03 
       8.891910568130e-04       1.042599981738e+03 
       8.924657761370e-04       1.046218209180e+03 
       8.957516187205e-04       1.049847425316e+03 
       8.990485950606e-04       1.053487629061e+03 
       9.023567152876e-04       1.057138818872e+03 
       9.056759891637e-04       1.060800992745e+03 
       9.090064260816e-04       1.064474148213e+03 
       9.123480350628e-04       1.068158282350e+03 
       9.157008247560e-04       1.071853391762e+03 
       9.190648034359e-04       1.075559472592e+03 
       9.224399790018e-04       1.079276520519e+03 
       9.258263589765e-04       1.083004530754e+03 
       9.292239505046e-04       1.086743498043e+03 
       9.326327603519e-04       1.090493416662e+03 
       9.360527949039e-04       1.094254280422e+03 
       9.394840601651e-04       1.098026082663e+03 
       9.429265617577e-04       1.101808816259e+03 
       9.463803049208e-04       1.105602473614e+03 
       9.498452945099e-04       1.109407046663e+03 
       9.533215349957e-04       1.113222526871e+03 
       9.568090304634e-04       1.117048905234e+03 
       9.603077846124e-04       1.120886172282e+03 
       9.638178007554e-04       1.124734318070e+03 
       9.673390818181e-04       1.128593332191e+03 
       9.708716303387e-04       1.132463203764e+03 
       9.744154484672e-04       1.136343921443e+03 
       9.779705379657e-04       1.140235473414e+03 
       9.815369002077e-04       1.144137847394e+03 
       9.851145361779e-04       1.148051030635e+03 
       9.887034464724e-04       1.151975009924e+03 
       9.923036312985e-04       1.155909771582e+03 
       9.959150904746e-04       1.159855301466e+03 
       9.995378234303e-04       1.163811584968e+03 
       1.003171829207e-03       1.167778607021e+03 
       1.006817106457e-03       1.171756352095e+03 
       1.010473653445e-03       1.175744804200e+03 
       1.014141468049e-03       1.179743946887e+03 
       1.017820547757e-03       1.183753763250e+03 
       1.021510889674e-03       1.187774235928e+03 
       1.025212490515e-03       1.191805347104e+03 
       1.028925346611e-03       1.195847078509e+03 
       1.032649453909e-03       1.199899411422e+03 
       1.036384807970e-03       1.203962326671e+03 
       1.040131403973e-03       1.208035804640e+03 
       1.043889236713e-03       1.212119825262e+03 
       1.047658300605e-03       1.216214368030e+03 
       1.051438589682e-03       1.220319411993e+03 
       1.055230097598e-03       1.224434935762e+03 
       1.059032817630e-03       1.228560917494e+03 
       1.062846742675e-03       1.232697334946e+03 
       1.066671865255e-03       1.236844165410e+03 
       1.070508177520e-03       1.241001385758e+03 
       1.074355671243e-03       1.245168972431e+03 
       1.078214337827e-03       1.249346901446e+03 
       1.082084168305e-03       1.253535148395e+03 
       1.085965153339e-03       1.257733688449e+03 
       1.089857283228e-03       1.261942496361e+03 
       1.093760547900e-03       1.266161546468e+03 
       1.097674936925e-03       1.270390812696e+03 
       1.101600439506e-03       1.274630268557e+03 
       1.105537044490e-03       1.278879887160e+03 
       1.109484740361e-03       1.283139641208e+03 
       1.113443515253e-03       1.287409503004e+03 
       1.117413356939e-03       1.291689444452e+03 
       1.121394252845e-03       1.295979437061e+03 
       1.125386190045e-03       1.300279451950e+03 
       1.129389155263e-03       1.304589459848e+03 
       1.133403134881e-03       1.308909431102e+03 
       1.137428114936e-03       1.313239335674e+03 
       1.141464081122e-03       1.317579143149e+03 
       1.145511018797e-03       1.321928822739e+03 
       1.149568912982e-03       1.326288343283e+03 
       1.153637748361e-03       1.330657673253e+03 
       1.157717509292e-03       1.335036780757e+03 
       1.161808179799e-03       1.339425633544e+03 
       1.165909743583e-03       1.343824199004e+03 
       1.170022184020e-03       1.348232444177e+03 
       1.174145484166e-03       1.352650335751e+03 
       1.178279626757e-03       1.357077840072e+03 
       1.182424594215e-03       1.361514923144e+03 
       1.186580368649e-03       1.365961550631e+03 
       1.190746931857e-03       1.370417687866e+03 
       1.194924265332e-03       1.374883299850e+03 
       1.199112350262e-03       1.379358351267e+03 
       1.203311167533e-03       1.383842806470e+03 
       1.207520697733e-03       1.388336629499e+03 
       1.211740921157e-03       1.392839784081e+03 
       1.215971817805e-03       1.397352233632e+03 
       1.220213367390e-03       1.401873941265e+03 
       1.224465549337e-03       1.406404869793e+03 
       1.228728342790e-03       1.410944981731e+03 
       1.233001726613e-03       1.415494239304e+03 
       1.237285679394e-03       1.420052604447e+03 
       1.241580179445e-03       1.424620038814e+03 
       1.245885204812e-03       1.429196503777e+03 
       1.250200733271e-03       1.433781960435e+03 
       1.254526742336e-03       1.438376369618e+03 
       1.258863209260e-03       1.442979691887e+03 
       1.263210111041e-03       1.447591887544e+03 
       1.267567424422e-03       1.452212916632e+03 
       1.271935125895e-03       1.456842738936e+03 
       1.276313191707e-03       1.461481314008e+03 
       1.280701597861e-03       1.466128601145e+03 
       1.285100320120e-03       1.470784559404e+03 
       1.289509334010e-03       1.475449147610e+03 
       1.293928614826e-03       1.480122324357e+03 
       1.298358137630e-03       1.484804048013e+03 
       1.302797877260e-03       1.489494276726e+03 
       1.307247808332e-03       1.494192968419e+03 
       1.311707905242e-03       1.498900080818e+03 
       1.316178142168e-03       1.503615571428e+03 
       1.320658493081e-03       1.508339397555e+03 
       1.325148931737e-03       1.513071516307e+03 
       1.329649431693e-03       1.517811884595e+03 
       1.334159966300e-03       1.522560459141e+03 
       1.338680508713e-03       1.527317196484e+03 
       1.343211031892e-03       1.532082052978e+03 
       1.347751508605e-03       1.536854984805e+03 
       1.352301911433e-03       1.541635947970e+03 
       1.356862212774e-03       1.546424898315e+03 
       1.361432384845e-03       1.551221791517e+03 
       1.366012399686e-03       1.556026583094e+03 
       1.370602229162e-03       1.560839228411e+03 
       1.375201844971e-03       1.565659682682e+03 
       1.379811218642e-03       1.570487900978e+03 
       1.384430321543e-03       1.575323838228e+03 
       1.389059124883e-03       1.580167449223e+03 
       1.393697599712e-03       1.585018688625e+03 
       1.398345716932e-03       1.589877510965e+03 
       1.403003447292e-03       1.594743870653e+03 
       1.407670761399e-03       1.599617721981e+03 
       1.412347629716e-03       1.604499019123e+03 
       1.417034022569e-03       1.609387716145e+03 
       1.421729910146e-03       1.614283767008e+03 
       1.426435262508e-03       1.619187125567e+03 
       1.431150049584e-03       1.624097745584e+03 
       1.435874241180e-03       1.629015580725e+03 
       1.440607806981e-03       1.633940584568e+03 
       1.445350716552e-03       1.638872710606e+03 
       1.450102939346e-03       1.643811912250e+03 
       1.454864444703e-03       1.648758142836e+03 
       1.459635201855e-03       1.653711355626e+03 
       1.464415179930e-03       1.658671503814e+03 
       1.469204347955e-03       1.663638540531e+03 
       1.474002674858e-03       1.668612418845e+03 
       1.478810129473e-03       1.673593091769e+03 
       1.483626680543e-03       1.678580512263e+03 
       1.488452296720e-03       1.683574633239e+03 
       1.493286946575e-03       1.688575407565e+03 
       1.498130598593e-03       1.693582788067e+03 
       1.502983221182e-03       1.698596727534e+03 
       1.507844782676e-03       1.703617178722e+03 
       1.512715251333e-03       1.708644094363e+03 
       1.517594595345e-03       1.713677427154e+03 
       1.522482782835e-03       1.718717129752e+03 
       1.527379781864e-03       1.723763154854e+03 
       1.532285560432e-03       1.728815455102e+03 
       1.537200086483e-03       1.733873983125e+03 
       1.542123327905e-03       1.738938691553e+03 
       1.547055252536e-03       1.744009533010e+03 
       1.551995828164e-03       1.749086460122e+03 
       1.556945022532e-03       1.754169425518e+03 
       1.561902803343e-03       1.759258381832e+03 
       1.566869138255e-03       1.764353281711e+03 
       1.571843994894e-03       1.769454077814e+03 
       1.576827340847e-03       1.774560722816e+03 
       1.581819143675e-03       1.779673169414e+03 
       1.586819370905e-03       1.784791370328e+03 
       1.591827990041e-03       1.789915278304e+03 
       1.596844968562e-03       1.795044846119e+03 
       1.601870273929e-03       1.800180026582e+03 
       1.606903873581e-03       1.805320772539e+03 
       1.611945734946e-03       1.810467036875e+03 
       1.616995825434e-03       1.815618772519e+03 
       1.622054112449e-03       1.820775932442e+03 
       1.627120563385e-03       1.825938469666e+03 
       1.632195145630e-03       1.831106337264e+03 
       1.637277826572e-03       1.836279488362e+03 
       1.642368573595e-03       1.841457876145e+03 
       1.647467354088e-03       1.846641453857e+03 
       1.652574135441e-03       1.851830174803e+03 
       1.657688885053e-03       1.857023992357e+03 
       1.662811570331e-03       1.862222859957e+03 
       1.667942158694e-03       1.867426731115e+03 
       1.673080617573e-03       1.872635559416e+03 
       1.678226914415e-03       1.877849298519e+03 
       1.683381016686e-03       1.883067902165e+03 
       1.688542891871e-03       1.888291324172e+03 
       1.693712507477e-03       1.893519518445e+03 
       1.698889831035e-03       1.898752438973e+03 
       1.704074830103e-03       1.903990039835e+03 
       1.709267472267e-03       1.909232275200e+03 
       1.714467725143e-03       1.914479099330e+03 
       1.719675556379e-03       1.919730466582e+03 
       1.724890933659e-03       1.924986331411e+03 
       1.730113824700e-03       1.930246648374e+03 
       1.735344197261e-03       1.935511372126e+03 
       1.740582019138e-03       1.940780457430e+03 
       1.745827258169e-03       1.946053859155e+03 
       1.751079882236e-03       1.951331532255e+03 
       1.756339859267e-03       1.956613431851e+03 
       1.761607157236e-03       1.961899513127e+03 
       1.766881744167e-03       1.967189731394e+03 
       1.772163588132e-03       1.972484042082e+03 
       1.777452657258e-03       1.977782400739e+03 
       1.782748919724e-03       1.983084763031e+03 
       1.788052343765e-03       1.988391084746e+03 
       1.793362897672e-03       1.993701321797e+03 
       1.798680549796e-03       1.999015430220e+03 
       1.804005268546e-03       2.004333366181e+03 
       1.809337022395e-03       2.009655085971e+03 
       1.814675779877e-03       2.014980546013e+03 
       1.820021509589e-03       2.020309702862e+03 
       1.825374180198e-03       2.025642513205e+03 
       1.830733760435e-03       2.030978933865e+03 
       1.836100219099e-03       2.036318921799e+03 
       1.841473525062e-03       2.041662434105e+03 
       1.846853647263e-03       2.047009428018e+03 
       1.852240554717e-03       2.052359860913e+03 
       1.857634216510e-03       2.057713690308e+03 
       1.863034601804e-03       2.063070873863e+03 
       1.868441679838e-03       2.068431369384e+03 
       1.873855419926e-03       2.073795134820e+03 
       1.879275791462e-03       2.079162128270e+03 
       1.884702763919e-03       2.084532307951e+03 
       1.890136306851e-03       2.089905632314e+03 
       1.895576389892e-03       2.095282059869e+03 
       1.901022982760e-03       2.100661549317e+03 
       1.906476055257e-03       2.106044059506e+03 
       1.911935577268e-03       2.111429549437e+03 
       1.917401518767e-03       2.116817978266e+03 
       1.922873849810e-03       2.122209305303e+03 
       1.928352540544e-03       2.127603490017e+03 
       1.933837561204e-03       2.133000492030e+03 
       1.939328882112e-03       2.138400271117e+03 
       1.944826473683e-03       2.143802787233e+03 
       1.950330306421e-03       2.149208000472e+03 
       1.955840350923e-03       2.154615871093e+03 
       1.961356577877e-03       2.160026359520e+03 
       1.966878958067e-03       2.165439426335e+03 
       1.972407462369e-03       2.170855032283e+03 
       1.977942061753e-03       2.176273138273e+03 
       1.983482727288e-03       2.181693705379e+03 
       1.989029430135e-03       2.187116694837e+03 
       1.994582141555e-03       2.192542068048e+03 
       2.000140832905e-03       2.197969786580e+03 
       2.005705475640e-03       2.203399812166e+03 
       2.011276041316e-03       2.208832106706e+03 
       2.016852501584e-03       2.214266632267e+03 
       2.022434828198e-03       2.219703351081e+03 
       2.028022993012e-03       2.225142225552e+03 
       2.033616967981e-03       2.230583218249e+03 
       2.039216725161e-03       2.236026291912e+03 
       2.044822236709e-03       2.241471409446e+03 
       2.050433474886e-03       2.246918533930e+03 
       2.056050412055e-03       2.252367628610e+03 
       2.061673020682e-03       2.257818656902e+03 
       2.067301273337e-03       2.263271582393e+03 
       2.072935142695e-03       2.268726368839e+03 
       2.078574601533e-03       2.274182980168e+03 
       2.084219622736e-03       2.279641380478e+03 
       2.089870179291e-03       2.285101534038e+03 
       2.095526244293e-03       2.290563405289e+03 
       2.101187790941e-03       2.296026958843e+03 
       2.106854792542e-03       2.301492159481e+03 
       2.112527222507e-03       2.306958972159e+03 
       2.118205054356e-03       2.312427362002e+03 
       2.123888261714e-03       2.317897294306e+03 
       2.129576818313e-03       2.323368734562e+03 
       2.135270697996e-03       2.328841648323e+03 
       2.140969874709e-03       2.334316001505e+03 
       2.146674322507e-03       2.339791760069e+03 
       2.152384015556e-03       2.345268890159e+03 
       2.158098928125e-03       2.350747358102e+03 
       2.163819034596e-03       2.356227130397e+03 
       2.169544309457e-03       2.361708173714e+03 
       2.175274727305e-03       2.367190454896e+03 
       2.181010262844e-03       2.372673940954e+03 
       2.186750890891e-03       2.378158599074e+03 
       2.192496586367e-03       2.383644396610e+03 
       2.198247324305e-03       2.389131301088e+03 
       2.204003079846e-03       2.394619280205e+03 
       2.209763828241e-03       2.400108301828e+03 
       2.215529544847e-03       2.405598333994e+03 
       2.221300205135e-03       2.411089344911e+03 
       2.227075784681e-03       2.416581302956e+03 
       2.232856259171e-03       2.422074176675e+03 
       2.238641604403e-03       2.427567934785e+03 
       2.244431796280e-03       2.433062546171e+03 
       2.250226810816e-03       2.438557979888e+03 
       2.256026624135e-03       2.444054205157e+03 
       2.261831212468e-03       2.449551191371e+03 
       2.267640552158e-03       2.455048908087e+03 
       2.273454619652e-03       2.460547325033e+03 
       2.279273391512e-03       2.466046412103e+03 
       2.285096844403e-03       2.471546139357e+03 
       2.290924955102e-03       2.477046477022e+03 
       2.296757700495e-03       2.482547395493e+03 
       2.302595057574e-03       2.488048865328e+03 
       2.308437003440e-03       2.493550857254e+03 
       2.314283515304e-03       2.499053342161e+03 
       2.320134570484e-03       2.504556291103e+03 
       2.325990146404e-03       2.510059675301e+03 
       2.331850220600e-03       2.515563466137e+03 
       2.337714770711e-03       2.521067635159e+03 
       2.343583774488e-03       2.526572154076e+03 
       2.349457209784e-03       2.532076994762e+03 
       2.355335054565e-03       2.537582129251e+03 
       2.361217286900e-03       2.543087529740e+03 
       2.367103884965e-03       2.548593168588e+03 
       2.372994827044e-03       2.554099018312e+03 
       2.378890091527e-03       2.559605051594e+03 
       2.384789656909e-03       2.565111241271e+03 
       2.390693501792e-03       2.570617560344e+03 
       2.396601604883e-03       2.576123981969e+03 
       2.402513944995e-03       2.581630479464e+03 
       2.408430501047e-03       2.587137026302e+03 
       2.414351252060e-03       2.592643596115e+03 
       2.420276177162e-03       2.598150162692e+03 
       2.426205255587e-03       2.603656699978e+03 
       2.432138466669e-03       2.609163182075e+03 
       2.438075789850e-03       2.614669583239e+03 
       2.444017204672e-03       2.620175877892e+03 
       2.449962690785e-03       2.625682040540e+03 
       2.455912227937e-03       2.631188045988e+03 
       2.461865795982e-03       2.636693869077e+03 
       2.467823374876e-03       2.642199484830e+03 
       2.473784944677e-03       2.647704868424e+03 
       2.479750485545e-03       2.653209995191e+03 
       2.485719977742e-03       2.658714840610e+03 
       2.491693401630e-03       2.664219380314e+03 
       2.497670737674e-03       2.669723590085e+03 
       2.503651966439e-03       2.675227445852e+03 
       2.509637068589e-03       2.680730923696e+03 
       2.515626024890e-03       2.686233999847e+03 
       2.521618816207e-03       2.691736650678e+03 
       2.527615423505e-03       2.697238852715e+03 
       2.533615827846e-03       2.702740582626e+03 
       2.539620010394e-03       2.708241766750e+03 
       2.545627952410e-03       2.713742428976e+03 
       2.551639635251e-03       2.719242549922e+03 
       2.557655040376e-03       2.724742106833e+03 
       2.563674149337e-03       2.730241077104e+03 
       2.569696943787e-03       2.735739438169e+03 
       2.575723405473e-03       2.741237167854e+03 
       2.581753516239e-03       2.746734243928e+03 
       2.587787258026e-03       2.752230644296e+03 
       2.593824612869e-03       2.757726347153e+03 
       2.599865562901e-03       2.763221330648e+03 
       2.605910090346e-03       2.768715573235e+03 
       2.611958177526e-03       2.774209053431e+03 
       2.618009806855e-03       2.779701749891e+03 
       2.624064960844e-03       2.785193641324e+03 
       2.630123622093e-03       2.790684706797e+03 
       2.636185773298e-03       2.796174925336e+03 
       2.642251397247e-03       2.801664276095e+03 
       2.648320476821e-03       2.807152738498e+03 
       2.654392994992e-03       2.812640291942e+03 
       2.660468934823e-03       2.818126916116e+03 
       2.666548279472e-03       2.823612590707e+03 
       2.672631012182e-03       2.829097295646e+03 
       2.678717116292e-03       2.834581010845e+03 
       2.684806575227e-03       2.840063716558e+03 
       2.690899372504e-03       2.845545393022e+03 
       2.696995491729e-03       2.851026020594e+03 
       2.703094916595e-03       2.856505579875e+03 
       2.709197630887e-03       2.861984051511e+03 
       2.715303618476e-03       2.867461416205e+03 
       2.721412863320e-03       2.872937654993e+03 
       2.727525349466e-03       2.878412748897e+03 
       2.733641061047e-03       2.883886679005e+03 
       2.739759982284e-03       2.889359426709e+03 
       2.745882097482e-03       2.894830973428e+03 
       2.752007391034e-03       2.900301300663e+03 
       2.758135847418e-03       2.905770390073e+03 
       2.764267451195e-03       2.911238223543e+03 
       2.770402187013e-03       2.916704782956e+03 
       2.776540039603e-03       2.922170050367e+03 
       2.782680993781e-03       2.927634007751e+03 
       2.788825034446e-03       2.933096637671e+03 
       2.794972146579e-03       2.938557922426e+03 
       2.801122315245e-03       2.944017844547e+03 
       2.807275525591e-03       2.949476386605e+03 
       2.813431762846e-03       2.954933531474e+03 
       2.819591012319e-03       2.960389261997e+03 
       2.825753259404e-03       2.965843561184e+03 
       2.831918489570e-03       2.971296412037e+03 
       2.838086688372e-03       2.976747797957e+03 
       2.844257841442e-03       2.982197702202e+03 
       2.850431934491e-03       2.987646108277e+03 
       2.856608953311e-03       2.993092999754e+03 
       2.862788883772e-03       2.998538360213e+03 
       2.868971711822e-03       3.003982173622e+03 
       2.875157423487e-03       3.009424423840e+03 
       2.881346004873e-03       3.014865094875e+03 
       2.887537442159e-03       3.020304170859e+03 
       2.893731721604e-03       3.025741636104e+03 
       2.899928829542e-03       3.031177474870e+03 
       2.906128752384e-03       3.036611671742e+03 
       2.912331476616e-03       3.042044211222e+03 
       2.918536988800e-03       3.047475078056e+03 
       2.924745275572e-03       3.052904257029e+03 
       2.930956323644e-03       3.058331732906e+03 
       2.937170119799e-03       3.063757490902e+03 
       2.943386650898e-03       3.069181516057e+03 
       2.949605903872e-03       3.074603793534e+03 
       2.955827865726e-03       3.080024308747e+03 
       2.962052523539e-03       3.085443047099e+03 
       2.968279864460e-03       3.090859994039e+03 
       2.974509875712e-03       3.096275135333e+03 
       2.980742544587e-03       3.101688456630e+03 
       2.986977858451e-03       3.107099943839e+03 
       2.993215804738e-03       3.112509582885e+03 
       2.999456370954e-03       3.117917359652e+03 
       3.005699544675e-03       3.123323260520e+03 
       3.011945313546e-03       3.128727271642e+03 
       3.018193665282e-03       3.134129379288e+03 
       3.024444587664e-03       3.139529570005e+03 
       3.030698068547e-03       3.144927830294e+03 
       3.036954095848e-03       3.150324146686e+03 
       3.043212657556e-03       3.155718506040e+03 
       3.049473741726e-03       3.161110895162e+03 
       3.055737336481e-03       3.166501300963e+03 
       3.062003430008e-03       3.171889710472e+03 
       3.068272010562e-03       3.177276110605e+03 
       3.074543066466e-03       3.182660488856e+03 
       3.080816586105e-03       3.188042832412e+03 
       3.087092557931e-03       3.193423128578e+03 
       3.093370970461e-03       3.198801364963e+03 
       3.099651812275e-03       3.204177529100e+03 
       3.105935072020e-03       3.209551608529e+03 
       3.112220738405e-03       3.214923591156e+03 
       3.118508800201e-03       3.220293464803e+03 
       3.124799246245e-03       3.225661217387e+03 
       3.131092065435e-03       3.231026836968e+03 
       3.137387246731e-03       3.236390311363e+03 
       3.143684779158e-03       3.241751629170e+03 
       3.149984651798e-03       3.247110778522e+03 
       3.156286853798e-03       3.252467747697e+03 
       3.162591374366e-03       3.257822525292e+03 
       3.168898202768e-03       3.263175099802e+03 
       3.175207328332e-03       3.268525459721e+03 
       3.181518740447e-03       3.273873593924e+03 
       3.187832428560e-03       3.279219491179e+03 
       3.194148382177e-03       3.284563140348e+03 
       3.200466590866e-03       3.289904530402e+03 
       3.206787044249e-03       3.295243650163e+03 
       3.213109732011e-03       3.300580489089e+03 
       3.219434643891e-03       3.305915036254e+03 
       3.225761769689e-03       3.311247280851e+03 
       3.232091099260e-03       3.316577212388e+03 
       3.238422622517e-03       3.321904820261e+03 
       3.244756329430e-03       3.327230093867e+03 
       3.251092210023e-03       3.332553022969e+03 
       3.257430254380e-03       3.337873597222e+03 
       3.263770452638e-03       3.343191806366e+03 
       3.270112794989e-03       3.348507640249e+03 
       3.276457271683e-03       3.353821088581e+03 
       3.282803873021e-03       3.359132141655e+03 
       3.289152589360e-03       3.364440789415e+03 
       3.295503411113e-03       3.369747021919e+03 
       3.301856328745e-03       3.375050829505e+03 
       3.308211332773e-03       3.380352202415e+03 
       3.314568413771e-03       3.385651130904e+03 
       3.320927562362e-03       3.390947605575e+03 
       3.327288769225e-03       3.396241616815e+03 
       3.333652025088e-03       3.401533155286e+03 
       3.340017320734e-03       3.406822211615e+03 
       3.346384646996e-03       3.412108776361e+03 
       3.352753994758e-03       3.417392840565e+03 
       3.359125354956e-03       3.422674394993e+03 
       3.365498718577e-03       3.427953430586e+03 
       3.371874076658e-03       3.433229938236e+03 
       3.378251420286e-03       3.438503909186e+03 
       3.384630740597e-03       3.443775334519e+03 
       3.391012028780e-03       3.449044205301e+03 
       3.397395276069e-03       3.454310513036e+03 
       3.403780473749e-03       3.459574248900e+03 
       3.410167613156e-03       3.464835404421e+03 
       3.416556685670e-03       3.470093970945e+03 
       3.422947682722e-03       3.475349940160e+03 
       3.429340595791e-03       3.480603303529e+03 
       3.435735416402e-03       3.485854052869e+03 
       3.442132136128e-03       3.491102179859e+03 
       3.448530746590e-03       3.496347676319e+03 
       3.454931239455e-03       3.501590533928e+03 
       3.461333606436e-03       3.506830744858e+03 
       3.467737839294e-03       3.512068301067e+03 
       3.474143929833e-03       3.517303194585e+03 
       3.480551869905e-03       3.522535417599e+03 
       3.486961651407e-03       3.527764961845e+03 
       3.493373266281e-03       3.532991820168e+03 
       3.499786706513e-03       3.538215984641e+03 
       3.506201964136e-03       3.543437447519e+03 
       3.512619031224e-03       3.548656201404e+03 
       3.519037899898e-03       3.553872238716e+03 
       3.525458562321e-03       3.559085551857e+03 
       3.531881010701e-03       3.564296133657e+03 
       3.538305237287e-03       3.569503976626e+03 
       3.544731234375e-03       3.574709073587e+03 
       3.551158994299e-03       3.579911417288e+03 
       3.557588509439e-03       3.585111000368e+03 
       3.564019772216e-03       3.590307816028e+03 
       3.570452775094e-03       3.595501857097e+03 
       3.576887510576e-03       3.600693116593e+03 
       3.583323971211e-03       3.605881587451e+03 
       3.589762149586e-03       3.611067262991e+03 
       3.596202038329e-03       3.616250136318e+03 
       3.602643630110e-03       3.621430200507e+03 
       3.609086917640e-03       3.626607449092e+03 
       3.615531893670e-03       3.631781875241e+03 
       3.621978550989e-03       3.636953472468e+03 
       3.628426882429e-03       3.642122234185e+03 
       3.634876880859e-03       3.647288153678e+03 
       3.641328539190e-03       3.652451224832e+03 
       3.647781850369e-03       3.657611441129e+03 
       3.654236807384e-03       3.662768796233e+03 
       3.660693403262e-03       3.667923283724e+03 
       3.667151631067e-03       3.673074897576e+03 
       3.673611483901e-03       3.678223631532e+03 
       3.680072954906e-03       3.683369479297e+03 
       3.686536037261e-03       3.688512435040e+03 
       3.693000724181e-03       3.693652492565e+03 
       3.699467008920e-03       3.698789645998e+03 
       3.705934884768e-03       3.703923889372e+03 
       3.712404345053e-03       3.709055216822e+03 
       3.718875383139e-03       3.714183622182e+03 
       3.725347992426e-03       3.719309100187e+03 
       3.731822166351e-03       3.724431644892e+03 
       3.738297898386e-03       3.729551250498e+03 
       3.744775182041e-03       3.734667911550e+03 
       3.751254010858e-03       3.739781622387e+03 
       3.757734378418e-03       3.744892377477e+03 
       3.764216278335e-03       3.750000171100e+03 
       3.770699704258e-03       3.755104998105e+03 
       3.777184649871e-03       3.760206853031e+03 
       3.783671108893e-03       3.765305730491e+03 
       3.790159075078e-03       3.770401625191e+03 
       3.796648542211e-03       3.775494531591e+03 
       3.803139504115e-03       3.780584444892e+03 
       3.809631954644e-03       3.785671359755e+03 
       3.816125887686e-03       3.790755271056e+03 
       3.822621297162e-03       3.795836173552e+03 
       3.829118177027e-03       3.800914062447e+03 
       3.835616521269e-03       3.805988932658e+03 
       3.842116323908e-03       3.811060779032e+03 
       3.848617578996e-03       3.816129597000e+03 
       3.855120280619e-03       3.821195381448e+03 
       3.861624422894e-03       3.826258127690e+03 
       3.868129999969e-03       3.831317830903e+03 
       3.874637006027e-03       3.836374486363e+03 
       3.881145435278e-03       3.841428089038e+03 
       3.887655281967e-03       3.846478634798e+03 
       3.894166540369e-03       3.851526118814e+03 
       3.900679204790e-03       3.856570536522e+03 
       3.907193269566e-03       3.861611883202e+03 
       3.913708729065e-03       3.866650154664e+03 
       3.920225577685e-03       3.871685346343e+03 
       3.926743809854e-03       3.876717453613e+03 
       3.933263420029e-03       3.881746472448e+03 
       3.939784402700e-03       3.886772398299e+03 
       3.946306752383e-03       3.891795226996e+03 
       3.952830463627e-03       3.896814954250e+03 
       3.959355531007e-03       3.901831575584e+03 
       3.965881949131e-03       3.906845087237e+03 
       3.972409712632e-03       3.911855484903e+03 
       3.978938816174e-03       3.916862764490e+03 
       3.985469254451e-03       3.921866921766e+03 
       3.992001022182e-03       3.926867952986e+03 
       3.998534114118e-03       3.931865854055e+03 
       4.005068525036e-03       3.936860620811e+03 
       4.011604249741e-03       3.941852249723e+03 
       4.018141283066e-03       3.946840736536e+03 
       4.024679619873e-03       3.951826077726e+03 
       4.031219255051e-03       3.956808269371e+03 
       4.037760183514e-03       3.961787307711e+03 
       4.044302400207e-03       3.966763189028e+03 
       4.050845900099e-03       3.971735909136e+03 
       4.057390678187e-03       3.976705465257e+03 
       4.063936729495e-03       3.981671853262e+03 
       4.070484049072e-03       3.986635069638e+03 
       4.077032631997e-03       3.991595110830e+03 
       4.083582473370e-03       3.996551973325e+03 
       4.090133568322e-03       4.001505653418e+03 
       4.096685912007e-03       4.006456147995e+03 
       4.103239499606e-03       4.011403453495e+03 
       4.109794326324e-03       4.016347566534e+03 
       4.116350387394e-03       4.021288483768e+03 
       4.122907678073e-03       4.026226201888e+03 
       4.129466193642e-03       4.031160717199e+03 
       4.136025929409e-03       4.036092027094e+03 
       4.142586880705e-03       4.041020128010e+03 
       4.149149042889e-03       4.045945016861e+03 
       4.155712411340e-03       4.050866690449e+03 
       4.162276981465e-03       4.055785145656e+03 
       4.168842748693e-03       4.060700379396e+03 
       4.175409708480e-03       4.065612388166e+03 
       4.181977856302e-03       4.070521169634e+03 
       4.188547187663e-03       4.075426720505e+03 
       4.195117698088e-03       4.080329037813e+03 
       4.201689383126e-03       4.085228118404e+03 
       4.208262238350e-03       4.090123959704e+03 
       4.214836259357e-03       4.095016558696e+03 
       4.221411441765e-03       4.099905912543e+03 
       4.227987781217e-03       4.104792018099e+03 
       4.234565273378e-03       4.109674873032e+03 
       4.241143913936e-03       4.114554474411e+03 
       4.247723698602e-03       4.119430819529e+03 
       4.254304623109e-03       4.124303905661e+03 
       4.260886683212e-03       4.129173730147e+03 
       4.267469874689e-03       4.134040289888e+03 
       4.274054193339e-03       4.138903582981e+03 
       4.280639634985e-03       4.143763606531e+03 
       4.287226195471e-03       4.148620357982e+03 
       4.293813870660e-03       4.153473834598e+03 
       4.300402656442e-03       4.158324034189e+03 
       4.306992548723e-03       4.163170954145e+03 
       4.313583543434e-03       4.168014592019e+03 
       4.320175636525e-03       4.172854945100e+03 
       4.326768823969e-03       4.177692011447e+03 
       4.333363101759e-03       4.182525788395e+03 
       4.339958465908e-03       4.187356273757e+03 
       4.346554912451e-03       4.192183465149e+03 
       4.353152437444e-03       4.197007360286e+03 
       4.359751036962e-03       4.201827956527e+03 
       4.366350707101e-03       4.206645252230e+03 
       4.372951443977e-03       4.211459244922e+03 
       4.379553243727e-03       4.216269932415e+03 
       4.386156102507e-03       4.221077312550e+03 
       4.392760016494e-03       4.225881382933e+03 
       4.399364981884e-03       4.230682141859e+03 
       4.405970994892e-03       4.235479587066e+03 
       4.412578051755e-03       4.240273716494e+03 
       4.419186148726e-03       4.245064527752e+03 
       4.425795282079e-03       4.249852019301e+03 
       4.432405448109e-03       4.254636189071e+03 
       4.439016643128e-03       4.259417035001e+03 
       4.445628863466e-03       4.264194555167e+03 
       4.452242105475e-03       4.268968747662e+03 
       4.458856365523e-03       4.273739610097e+03 
       4.465471639998e-03       4.278507141379e+03 
       4.472087925307e-03       4.283271339325e+03 
       4.478705217874e-03       4.288032202114e+03 
       4.485323514143e-03       4.292789727728e+03 
       4.491942810574e-03       4.297543914720e+03 
       4.498563103648e-03       4.302294761192e+03 
       4.505184389861e-03       4.307042265413e+03 
       4.511806665730e-03       4.311786425376e+03 
       4.518429927787e-03       4.316527239862e+03 
       4.525054172584e-03       4.321264706893e+03 
       4.531679396689e-03       4.325998824989e+03 
       4.538305596688e-03       4.330729592454e+03 
       4.544932769186e-03       4.335457007691e+03 
       4.551560910802e-03       4.340181069130e+03 
       4.558190018175e-03       4.344901774655e+03 
       4.564820087960e-03       4.349619123616e+03 
       4.571451116830e-03       4.354333114113e+03 
       4.578083101473e-03       4.359043744649e+03 
       4.584716038596e-03       4.363751013518e+03 
       4.591349924921e-03       4.368454919633e+03 
       4.597984757188e-03       4.373155461400e+03 
       4.604620532153e-03       4.377852637408e+03 
       4.611257246588e-03       4.382546445958e+03 
       4.617894897282e-03       4.387236886163e+03 
       4.624533481040e-03       4.391923956356e+03 
       4.631172994683e-03       4.396607655370e+03 
       4.637813435049e-03       4.401287981814e+03 
       4.644454798990e-03       4.405964934399e+03 
       4.651097083376e-03       4.410638511862e+03 
       4.657740285092e-03       4.415308712403e+03 
       4.664384401038e-03       4.419975535655e+03 
       4.671029428132e-03       4.424638980026e+03 
       4.677675363304e-03       4.429299044317e+03 
       4.684322203501e-03       4.433955727428e+03 
       4.690969945688e-03       4.438609027652e+03 
       4.697618586841e-03       4.443258944585e+03 
       4.704268123954e-03       4.447905476813e+03 
       4.710918554035e-03       4.452548623238e+03 
       4.717569874107e-03       4.457188382350e+03 
       4.724222081209e-03       4.461824753763e+03 
       4.730875172394e-03       4.466457735983e+03 
       4.737529144729e-03       4.471087328212e+03 
       4.744183995297e-03       4.475713529334e+03 
       4.750839721195e-03       4.480336338359e+03 
       4.757496319535e-03       4.484955754344e+03 
       4.764153787443e-03       4.489571775564e+03 
       4.770812122060e-03       4.494184402260e+03 
       4.777471320539e-03       4.498793632998e+03 
       4.784131380051e-03       4.503399466869e+03 
       4.790792297777e-03       4.508001902708e+03 
       4.797454070916e-03       4.512600940068e+03 
       4.804116696679e-03       4.517196577903e+03 
       4.810780172289e-03       4.521788815373e+03 
       4.817444494987e-03       4.526377651665e+03 
       4.824109662024e-03       4.530963085458e+03 
       4.830775670667e-03       4.535545116790e+03 
       4.837442518196e-03       4.540123744321e+03 
       4.844110201903e-03       4.544698967597e+03 
       4.850778719095e-03       4.549270785738e+03 
       4.857448067093e-03       4.553839198024e+03 
       4.864118243230e-03       4.558404203164e+03 
       4.870789244851e-03       4.562965801496e+03 
       4.877461069318e-03       4.567523991755e+03 
       4.884133714002e-03       4.572078773343e+03 
       4.890807176289e-03       4.576630145610e+03 
       4.897481453578e-03       4.581178107641e+03 
       4.904156543280e-03       4.585722659261e+03 
       4.910832442820e-03       4.590263799662e+03 
       4.917509149634e-03       4.594801528253e+03 
       4.924186661172e-03       4.599335844468e+03 
       4.930864974896e-03       4.603866747255e+03 
       4.937544088280e-03       4.608394236863e+03 
       4.944223998813e-03       4.612918312244e+03 
       4.950904703992e-03       4.617438973137e+03 
       4.957586201330e-03       4.621956218924e+03 
       4.964268488351e-03       4.626470049123e+03 
       4.970951562591e-03       4.630980463266e+03 
       4.977635421597e-03       4.635487460176e+03 
       4.984320062931e-03       4.639991040560e+03 
       4.991005484163e-03       4.644491203479e+03 
       4.997691682879e-03       4.648987948512e+03 
       5.004378656674e-03       4.653481275260e+03 
       5.011066403156e-03       4.657971182897e+03 
       5.017754919943e-03       4.662457671730e+03 
       5.024444204668e-03       4.666940740950e+03 
       5.031134254972e-03       4.671420390428e+03 
       5.037825068509e-03       4.675896619722e+03 
       5.044516642945e-03       4.680369428505e+03 
       5.051208975957e-03       4.684838816476e+03 
       5.057902065233e-03       4.689304782649e+03 
       5.064595908472e-03       4.693767327840e+03 
       5.071290503385e-03       4.698226451286e+03 
       5.077985847693e-03       4.702682152722e+03 
       5.084681939130e-03       4.707134431898e+03 
       5.091378775440e-03       4.711583288188e+03 
       5.098076354376e-03       4.716028721993e+03 
       5.104774673706e-03       4.720470732823e+03 
       5.111473731205e-03       4.724909320485e+03 
       5.118173524660e-03       4.729344484282e+03 
       5.124874051870e-03       4.733776224859e+03 
       5.131575310644e-03       4.738204541516e+03 
       5.138277298800e-03       4.742629434368e+03 
       5.144980014170e-03       4.747050903152e+03 
       5.151683454592e-03       4.751468947742e+03 
       5.158387617917e-03       4.755883568015e+03 
       5.165092502008e-03       4.760294763121e+03 
       5.171798104736e-03       4.764702534196e+03 
       5.178504423981e-03       4.769106880606e+03 
       5.185211457637e-03       4.773507802279e+03 
       5.191919203605e-03       4.777905298839e+03 
       5.198627659798e-03       4.782299370732e+03 
       5.205336824138e-03       4.786690017694e+03 
       5.212046694557e-03       4.791077239695e+03 
       5.218757268997e-03       4.795461036726e+03 
       5.225468545411e-03       4.799841408207e+03 
       5.232180521761e-03       4.804218355073e+03 
       5.238893196018e-03       4.808591876729e+03 
       5.245606566165e-03       4.812961973508e+03 
       5.252320630191e-03       4.817328645306e+03 
       5.259035386098e-03       4.821691892176e+03 
       5.265750831897e-03       4.826051714462e+03 
       5.272466965606e-03       4.830408110519e+03 
       5.279183785257e-03       4.834761082680e+03 
       5.285901288887e-03       4.839110630125e+03 
       5.292619474545e-03       4.843456752951e+03 
       5.299338340288e-03       4.847799450920e+03 
       5.306057884183e-03       4.852138724695e+03 
       5.312778104307e-03       4.856474574154e+03 
       5.319498998744e-03       4.860806999433e+03 
       5.326220565588e-03       4.865136000688e+03 
       5.332942802945e-03       4.869461577465e+03 
       5.339665708925e-03       4.873783730917e+03 
       5.346389281650e-03       4.878102460573e+03 
       5.353113519251e-03       4.882417766944e+03 
       5.359838419867e-03       4.886729650077e+03 
       5.366563981647e-03       4.891038110179e+03 
       5.373290202747e-03       4.895343147472e+03 
       5.380017081333e-03       4.899644761274e+03 
       5.386744615580e-03       4.903942953281e+03 
       5.393472803670e-03       4.908237723085e+03 
       5.400201643796e-03       4.912529070935e+03 
       5.406931134158e-03       4.916816997174e+03 
       5.413661272965e-03       4.921101501311e+03 
       5.420392058434e-03       4.925382584677e+03 
       5.427123488790e-03       4.929660247120e+03 
       5.433855562269e-03       4.933934488941e+03 
       5.440588277112e-03       4.938205309848e+03 
       5.447321631571e-03       4.942472711112e+03 
       5.454055623905e-03       4.946736692423e+03 
       5.460790252381e-03       4.950997254422e+03 
       5.467525515275e-03       4.955254397304e+03 
       5.474261410870e-03       4.959508121414e+03 
       5.480997937458e-03       4.963758427107e+03 
       5.487735093339e-03       4.968005313899e+03 
       5.494472876821e-03       4.972248783537e+03 
       5.501211286220e-03       4.976488835787e+03 
       5.507950319860e-03       4.980725471028e+03 
       5.514689976072e-03       4.984958689654e+03 
       5.521430253196e-03       4.989188491611e+03 
       5.528171149579e-03       4.993414878031e+03 
       5.534912663576e-03       4.997637849010e+03 
       5.541654793551e-03       5.001857404977e+03 
       5.548397537873e-03       5.006073546164e+03 
       5.555140894921e-03       5.010286272886e+03 
       5.561884863081e-03       5.014495586256e+03 
       5.568629440747e-03       5.018701485943e+03 
       5.575374626318e-03       5.022903973020e+03 
       5.582120418204e-03       5.027103047707e+03 
       5.588866814821e-03       5.031298710484e+03 
       5.595613814591e-03       5.035490961993e+03 
       5.602361415946e-03       5.039679801263e+03 
       5.609109617323e-03       5.043865230919e+03 
       5.615858417169e-03       5.048047250578e+03 
       5.622607813935e-03       5.052225860747e+03 
       5.629357806082e-03       5.056401061932e+03 
       5.636108392076e-03       5.060572854178e+03 
       5.642859570392e-03       5.064741238840e+03 
       5.649611339511e-03       5.068906216097e+03 
       5.656363697922e-03       5.073067786502e+03 
       5.663116644120e-03       5.077225950006e+03 
       5.669870176607e-03       5.081380708161e+03 
       5.676624293894e-03       5.085532060902e+03 
       5.683378994497e-03       5.089680009126e+03 
       5.690134276938e-03       5.093824553271e+03 
       5.696890139750e-03       5.097965693923e+03 
       5.703646581467e-03       5.102103431681e+03 
       5.710403600635e-03       5.106237767448e+03 
       5.717161195804e-03       5.110368699882e+03 
       5.723919365532e-03       5.114496232285e+03 
       5.730678108382e-03       5.118620364183e+03 
       5.737437422926e-03       5.122741096199e+03 
       5.744197307740e-03       5.126858428957e+03 
       5.750957761410e-03       5.130972362595e+03 
       5.757718782526e-03       5.135082898633e+03 
       5.764480369684e-03       5.139190037338e+03 
       5.771242521490e-03       5.143293779374e+03 
       5.778005236552e-03       5.147394124781e+03 
       5.784768513487e-03       5.151491075277e+03 
       5.791532350919e-03       5.155584631110e+03 
       5.798296747477e-03       5.159674792629e+03 
       5.805061701797e-03       5.163761561023e+03 
       5.811827212520e-03       5.167844936778e+03 
       5.818593278296e-03       5.171924920607e+03 
       5.825359897779e-03       5.176001512377e+03 
       5.832127069629e-03       5.180074714220e+03 
       5.838894792514e-03       5.184144526229e+03 
       5.845663065108e-03       5.188210949128e+03 
       5.852431886089e-03       5.192273983652e+03 
       5.859201254142e-03       5.196333630049e+03 
       5.865971167960e-03       5.200389889882e+03 
       5.872741626241e-03       5.204442763547e+03 
       5.879512627686e-03       5.208492251807e+03 
       5.886284171008e-03       5.212538354813e+03 
       5.893056254920e-03       5.216581074351e+03 
       5.899828878144e-03       5.220620410419e+03 
       5.906602039408e-03       5.224656364336e+03 
       5.913375737445e-03       5.228688936644e+03 
       5.920149970994e-03       5.232718128128e+03 
       5.926924738800e-03       5.236743939576e+03 
       5.933700039613e-03       5.240766371791e+03 
       5.940475872191e-03       5.244785425589e+03 
       5.947252235295e-03       5.248801101807e+03 
       5.954029127693e-03       5.252813399874e+03 
       5.960806548159e-03       5.256822322958e+03 
       5.967584495471e-03       5.260827870831e+03 
       5.974362968415e-03       5.264830044321e+03 
       5.981141965781e-03       5.268828844264e+03 
       5.987921486366e-03       5.272824271506e+03 
       5.994701528969e-03       5.276816326896e+03 
       6.001482092400e-03       5.280805011289e+03 
       6.008263175469e-03       5.284790324839e+03 
       6.015044776995e-03       5.288772269578e+03 
       6.021826895802e-03       5.292750845874e+03 
       6.028609530717e-03       5.296726054590e+03 
       6.035392680576e-03       5.300697896600e+03 
       6.042176344218e-03       5.304666372786e+03 
       6.048960520488e-03       5.308631484044e+03 
       6.055745208235e-03       5.312593231289e+03 
       6.062530406315e-03       5.316551614190e+03 
       6.069316113590e-03       5.320506635740e+03 
       6.076102328924e-03       5.324458295914e+03 
       6.082889051189e-03       5.328406595372e+03 
       6.089676279261e-03       5.332351535442e+03 
       6.096464012022e-03       5.336293116862e+03 
       6.103252248358e-03       5.340231340565e+03 
       6.110040987161e-03       5.344166207491e+03 
       6.116830227328e-03       5.348097718588e+03 
       6.123619967760e-03       5.352025873638e+03 
       6.130410207364e-03       5.355950675547e+03 
       6.137200945052e-03       5.359872124389e+03 
       6.143992179741e-03       5.363790221118e+03 
       6.150783910352e-03       5.367704966697e+03 
       6.157576135813e-03       5.371616362093e+03 
       6.164368855055e-03       5.375524407618e+03 
       6.171162067014e-03       5.379429105347e+03 
       6.177955770632e-03       5.383330455767e+03 
       6.184749964856e-03       5.387228459866e+03 
       6.191544648635e-03       5.391123118641e+03 
       6.198339820926e-03       5.395014432220e+03 
       6.205135480690e-03       5.398902403059e+03 
       6.211931626892e-03       5.402787031241e+03 
       6.218728258502e-03       5.406668318199e+03 
       6.225525374495e-03       5.410546264756e+03 
       6.232322973850e-03       5.414420871916e+03 
       6.239121055552e-03       5.418292140698e+03 
       6.245919618589e-03       5.422160072131e+03 
       6.252718661955e-03       5.426024666093e+03 
       6.259518184648e-03       5.429885925571e+03 
       6.266318185670e-03       5.433743850716e+03 
       6.273118664029e-03       5.437598442559e+03 
       6.279919618736e-03       5.441449702138e+03 
       6.286721048808e-03       5.445297630499e+03 
       6.293522953265e-03       5.449142228069e+03 
       6.300325331133e-03       5.452983496952e+03 
       6.307128181441e-03       5.456821437733e+03 
       6.313931503223e-03       5.460656051472e+03 
       6.320735295517e-03       5.464487339236e+03 
       6.327539557368e-03       5.468315302441e+03 
       6.334344287821e-03       5.472139940094e+03 
       6.341149485928e-03       5.475961256075e+03 
       6.347955150746e-03       5.479779250023e+03 
       6.354761281335e-03       5.483593923529e+03 
       6.361567876759e-03       5.487405277443e+03 
       6.368374936086e-03       5.491213312857e+03 
       6.375182458391e-03       5.495018030868e+03 
       6.381990442751e-03       5.498819432595e+03 
       6.388798888246e-03       5.502617517791e+03 
       6.395607793963e-03       5.506412289856e+03 
       6.402417158991e-03       5.510203748862e+03 
       6.409226982425e-03       5.513991895915e+03 
       6.416037263362e-03       5.517776732130e+03 
       6.422848000906e-03       5.521558258611e+03 
       6.429659194162e-03       5.525336475810e+03 
       6.436470842241e-03       5.529111386037e+03 
       6.443282944257e-03       5.532882989880e+03 
       6.450095499330e-03       5.536651288470e+03 
       6.456908506581e-03       5.540416282952e+03 
       6.463721965138e-03       5.544177973524e+03 
       6.470535874130e-03       5.547936362944e+03 
       6.477350232693e-03       5.551691451449e+03 
       6.484165039965e-03       5.555443240355e+03 
       6.490980295089e-03       5.559191730899e+03 
       6.497795997210e-03       5.562936924131e+03 
       6.504612145480e-03       5.566678821215e+03 
       6.511428739052e-03       5.570417423323e+03 
       6.518245777085e-03       5.574152730421e+03 
       6.525063258740e-03       5.577884745714e+03 
       6.531881183183e-03       5.581613469478e+03 
       6.538699549584e-03       5.585338902860e+03 
       6.545518357116e-03       5.589061047036e+03 
       6.552337604956e-03       5.592779903190e+03 
       6.559157292285e-03       5.596495471852e+03 
       6.565977418287e-03       5.600207755323e+03 
       6.572797982152e-03       5.603916754285e+03 
       6.579618983071e-03       5.607622469927e+03 
       6.586440420240e-03       5.611324903449e+03 
       6.593262292858e-03       5.615024056044e+03 
       6.600084600128e-03       5.618719927874e+03 
       6.606907341258e-03       5.622412521963e+03 
       6.613730515457e-03       5.626101838365e+03 
       6.620554121941e-03       5.629787878838e+03 
       6.627378159925e-03       5.633470644341e+03 
       6.634202628632e-03       5.637150136090e+03 
       6.641027527286e-03       5.640826355304e+03 
       6.647852855116e-03       5.644499303218e+03 
       6.654678611354e-03       5.648168979690e+03 
       6.661504795234e-03       5.651835388299e+03 
       6.668331405996e-03       5.655498529202e+03 
       6.675158442882e-03       5.659158403624e+03 
       6.681985905139e-03       5.662815012799e+03 
       6.688813792015e-03       5.666468357967e+03 
       6.695642102762e-03       5.670118439654e+03 
       6.702470836639e-03       5.673765260320e+03 
       6.709299992903e-03       5.677408820657e+03 
       6.716129570818e-03       5.681049121908e+03 
       6.722959569651e-03       5.684686165326e+03 
       6.729789988670e-03       5.688319952157e+03 
       6.736620827151e-03       5.691950482557e+03 
       6.743452084367e-03       5.695577759711e+03 
       6.750283759601e-03       5.699201783662e+03 
       6.757115852134e-03       5.702822556248e+03 
       6.763948361253e-03       5.706440078465e+03 
       6.770781286249e-03       5.710054351577e+03 
       6.777614626413e-03       5.713665376857e+03 
       6.784448381042e-03       5.717273155584e+03 
       6.791282549435e-03       5.720877687660e+03 
       6.798117130896e-03       5.724478976723e+03 
       6.804952124730e-03       5.728077022994e+03 
       6.811787530246e-03       5.731671827732e+03 
       6.818623346757e-03       5.735263392217e+03 
       6.825459573578e-03       5.738851717732e+03 
       6.832296210027e-03       5.742436805451e+03 
       6.839133255427e-03       5.746018656113e+03 
       6.845970709102e-03       5.749597272212e+03 
       6.852808570381e-03       5.753172654453e+03 
       6.859646838595e-03       5.756744804132e+03 
       6.866485513077e-03       5.760313722551e+03 
       6.873324593165e-03       5.763879409916e+03 
       6.880164078200e-03       5.767441869427e+03 
       6.887003967525e-03       5.771001101514e+03 
       6.893844260487e-03       5.774557107097e+03 
       6.900684956434e-03       5.778109888158e+03 
       6.907526054720e-03       5.781659445692e+03 
       6.914367554700e-03       5.785205781008e+03 
       6.921209455733e-03       5.788748895425e+03 
       6.928051757180e-03       5.792288790276e+03 
       6.934894458405e-03       5.795825465232e+03 
       6.941737558776e-03       5.799358924462e+03 
       6.948581057664e-03       5.802889167984e+03 
       6.955424954441e-03       5.806416197115e+03 
       6.962269248485e-03       5.809940013175e+03 
       6.969113939173e-03       5.813460617495e+03 
       6.975959025888e-03       5.816978010602e+03 
       6.982804508015e-03       5.820492195210e+03 
       6.989650384942e-03       5.824003172015e+03 
       6.996496656058e-03       5.827510942347e+03 
       7.003343320759e-03       5.831015507536e+03 
       7.010190378439e-03       5.834516868931e+03 
       7.017037828499e-03       5.838015026667e+03 
       7.023885670339e-03       5.841509984179e+03 
       7.030733903365e-03       5.845001741928e+03 
       7.037582526985e-03       5.848490300579e+03 
       7.044431540608e-03       5.851975662471e+03 
       7.051280943647e-03       5.855457828515e+03 
       7.058130735518e-03       5.858936800060e+03 
       7.064980915640e-03       5.862412578462e+03 
       7.071831483435e-03       5.865885165087e+03 
       7.078682438325e-03       5.869354559582e+03 
       7.085533779738e-03       5.872820766270e+03 
       7.092385507103e-03       5.876283785139e+03 
       7.099237619852e-03       5.879743617539e+03 
       7.106090117420e-03       5.883200264827e+03 
       7.112942999244e-03       5.886653728365e+03 
       7.119796264765e-03       5.890104009513e+03 
       7.126649913424e-03       5.893551108628e+03 
       7.133503944668e-03       5.896995028824e+03 
       7.140358357943e-03       5.900435770659e+03 
       7.147213152702e-03       5.903873335497e+03 
       7.154068328396e-03       5.907307724714e+03 
       7.160923884482e-03       5.910738938313e+03 
       7.167779820418e-03       5.914166980328e+03 
       7.174636135665e-03       5.917591850561e+03 
       7.181492829686e-03       5.921013550169e+03 
       7.188349901947e-03       5.924432081245e+03 
       7.195207351917e-03       5.927847444828e+03 
       7.202065179066e-03       5.931259642292e+03 
       7.208923382869e-03       5.934668675020e+03 
       7.215781962801e-03       5.938074544398e+03 
       7.222640918341e-03       5.941477251784e+03 
       7.229500248969e-03       5.944876796696e+03 
       7.236359954171e-03       5.948273183832e+03 
       7.243220033430e-03       5.951666413044e+03 
       7.250080486237e-03       5.955056485714e+03 
       7.256941312081e-03       5.958443403227e+03 
       7.263802510456e-03       5.961827166970e+03 
       7.270664080858e-03       5.965207777452e+03 
       7.277526022784e-03       5.968585237577e+03 
       7.284388335737e-03       5.971959548037e+03 
       7.291251019217e-03       5.975330710214e+03 
       7.298114072732e-03       5.978698725504e+03 
       7.304977495788e-03       5.982063595306e+03 
       7.311841287896e-03       5.985425320452e+03 
       7.318705448567e-03       5.988783902510e+03 
       7.325569977318e-03       5.992139343849e+03 
       7.332434873664e-03       5.995491644765e+03 
       7.339300137127e-03       5.998840807413e+03 
       7.346165767226e-03       6.002186832842e+03 
       7.353031763487e-03       6.005529722452e+03 
       7.359898125436e-03       6.008869477642e+03 
       7.366764852601e-03       6.012206099811e+03 
       7.373631944514e-03       6.015539590369e+03 
       7.380499400708e-03       6.018869949056e+03 
       7.387367220718e-03       6.022197180203e+03 
       7.394235404083e-03       6.025521283870e+03 
       7.401103950342e-03       6.028842261463e+03 
       7.407972859038e-03       6.032160114396e+03 
       7.414842129714e-03       6.035474842730e+03 
       7.421711761919e-03       6.038786450236e+03 
       7.428581755201e-03       6.042094937242e+03 
       7.435452109111e-03       6.045400304652e+03 
       7.442322823202e-03       6.048702554741e+03 
       7.449193897031e-03       6.052001688518e+03 
       7.456065330154e-03       6.055297707391e+03 
       7.462937122133e-03       6.058590612777e+03 
       7.469809272528e-03       6.061880406106e+03 
       7.476681780904e-03       6.065167086882e+03 
       7.483554646829e-03       6.068450659882e+03 
       7.490427869869e-03       6.071731124959e+03 
       7.497301449597e-03       6.075008483533e+03 
       7.504175385584e-03       6.078282737016e+03 
       7.511049677405e-03       6.081553886822e+03 
       7.517924324639e-03       6.084821934375e+03 
       7.524799326863e-03       6.088086879954e+03 
       7.531674683660e-03       6.091348726960e+03 
       7.538550394612e-03       6.094607475911e+03 
       7.545426459305e-03       6.097863128231e+03 
       7.552302877326e-03       6.101115685345e+03 
       7.559179648265e-03       6.104365148685e+03 
       7.566056771714e-03       6.107611518025e+03 
       7.572934247265e-03       6.110854797659e+03 
       7.579812074516e-03       6.114094987238e+03 
       7.586690253062e-03       6.117332088983e+03 
       7.593568782505e-03       6.120566103969e+03 
       7.600447662446e-03       6.123797033615e+03 
       7.607326892489e-03       6.127024879342e+03 
       7.614206472239e-03       6.130249642580e+03 
       7.621086401304e-03       6.133471324769e+03 
       7.627966679294e-03       6.136689925090e+03 
       7.634847305821e-03       6.139905448906e+03 
       7.641728280498e-03       6.143117895854e+03 
       7.648609602941e-03       6.146327267364e+03 
       7.655491272768e-03       6.149533564866e+03 
       7.662373289598e-03       6.152736789782e+03 
       7.669255653052e-03       6.155936942480e+03 
       7.676138362754e-03       6.159134026240e+03 
       7.683021418330e-03       6.162328041633e+03 
       7.689904819406e-03       6.165518990104e+03 
       7.696788565613e-03       6.168706873097e+03 
       7.703672656580e-03       6.171891692059e+03 
       7.710557091941e-03       6.175073446909e+03 
       7.717441871331e-03       6.178252141732e+03 
       7.724326994386e-03       6.181427776728e+03 
       7.731212460746e-03       6.184600352784e+03 
       7.738098270050e-03       6.187769872291e+03 
       7.744984421942e-03       6.190936336256e+03 
       7.751870916064e-03       6.194099746122e+03 
       7.758757752065e-03       6.197260103331e+03 
       7.765644929591e-03       6.200417409329e+03 
       7.772532448292e-03       6.203571663115e+03 
       7.779420307819e-03       6.206722870866e+03 
       7.786308507827e-03       6.209871031224e+03 
       7.793197047971e-03       6.213016146007e+03 
       7.800085927907e-03       6.216158216659e+03 
       7.806975147295e-03       6.219297244625e+03 
       7.813864705794e-03       6.222433231350e+03 
       7.820754603068e-03       6.225566177054e+03 
       7.827644838781e-03       6.228696085293e+03 
       7.834535412599e-03       6.231822956522e+03 
       7.841426324190e-03       6.234946792194e+03 
       7.848317573222e-03       6.238067593758e+03 
       7.855209159369e-03       6.241185362679e+03 
       7.862101082301e-03       6.244300098669e+03 
       7.868993341696e-03       6.247411806217e+03 
       7.875885937228e-03       6.250520485578e+03 
       7.882778868576e-03       6.253626136918e+03 
       7.889672135421e-03       6.256728763412e+03 
       7.896565737444e-03       6.259828365789e+03 
       7.903459674329e-03       6.262924945501e+03 
       7.910353945760e-03       6.266018504002e+03 
       7.917248551425e-03       6.269109042761e+03 
       7.924143491012e-03       6.272196560895e+03 
       7.931038764212e-03       6.275281063951e+03 
       7.937934370716e-03       6.278362551481e+03 
       7.944830310219e-03       6.281441024911e+03 
       7.951726582415e-03       6.284516485696e+03 
       7.958623187001e-03       6.287588935285e+03 
       7.965520123676e-03       6.290658375335e+03 
       7.972417392141e-03       6.293724805344e+03 
       7.979314992098e-03       6.296788229736e+03 
       7.986212923249e-03       6.299848648667e+03 
       7.993111185301e-03       6.302906063580e+03 
       8.000009777959e-03       6.305960475926e+03 
       8.006908700934e-03       6.309011887485e+03 
       8.013807953934e-03       6.312060296844e+03 
       8.020707536672e-03       6.315105709775e+03 
       8.027607448862e-03       6.318148125325e+03 
       8.034507690217e-03       6.321187545899e+03 
       8.041408260454e-03       6.324223972506e+03 
       8.048309159292e-03       6.327257406586e+03 
       8.055210386451e-03       6.330287849585e+03 
       8.062111941652e-03       6.333315302929e+03 
       8.069013824617e-03       6.336339768168e+03 
       8.075916035072e-03       6.339361244186e+03 
       8.082818572743e-03       6.342379736887e+03 
       8.089721437356e-03       6.345395245661e+03 
       8.096624628641e-03       6.348407771957e+03 
       8.103528146330e-03       6.351417317233e+03 
       8.110431990154e-03       6.354423882948e+03 
       8.117336159847e-03       6.357427470944e+03 
       8.124240655144e-03       6.360428080094e+03 
       8.131145475783e-03       6.363425715508e+03 
       8.138050621502e-03       6.366420377089e+03 
       8.144956092041e-03       6.369412066292e+03 
       8.151861887141e-03       6.372400784582e+03 
       8.158768006545e-03       6.375386533654e+03 
       8.165674449999e-03       6.378369312303e+03 
       8.172581217247e-03       6.381349126181e+03 
       8.179488308037e-03       6.384325974207e+03 
       8.186395722119e-03       6.387299859151e+03 
       8.193303459242e-03       6.390270781680e+03 
       8.200211519160e-03       6.393238743350e+03 
       8.207119901624e-03       6.396203745625e+03 
       8.214028606391e-03       6.399165789972e+03 
       8.220937633216e-03       6.402124877864e+03 
       8.227846981857e-03       6.405081008164e+03 
       8.234756652074e-03       6.408034186908e+03 
       8.241666643628e-03       6.410984413423e+03 
       8.248576956280e-03       6.413931689161e+03 
       8.255487589794e-03       6.416876015577e+03 
       8.262398543936e-03       6.419817394134e+03 
       8.269309818471e-03       6.422755826296e+03 
       8.276221413168e-03       6.425691312065e+03 
       8.283133327796e-03       6.428623855450e+03 
       8.290045562126e-03       6.431553456721e+03 
       8.296958115930e-03       6.434480117330e+03 
       8.303870988982e-03       6.437403838742e+03 
       8.310784181057e-03       6.440324622430e+03 
       8.317697691930e-03       6.443242467877e+03 
       8.324611521381e-03       6.446157380047e+03 
       8.331525669188e-03       6.449069358766e+03 
       8.338440135131e-03       6.451978404803e+03 
       8.345354918994e-03       6.454884520823e+03 
       8.352270020558e-03       6.457787707719e+03 
       8.359185439610e-03       6.460687966950e+03 
       8.366101175934e-03       6.463585299980e+03 
       8.373017229319e-03       6.466479708279e+03 
       8.379933599553e-03       6.469371194391e+03 
       8.386850286426e-03       6.472259753473e+03 
       8.393767289731e-03       6.475145395656e+03 
       8.400684609259e-03       6.478028118806e+03 
       8.407602244806e-03       6.480907924377e+03 
       8.414520196166e-03       6.483784813827e+03 
       8.421438463137e-03       6.486658788619e+03 
       8.428357045517e-03       6.489529848831e+03 
       8.435275943106e-03       6.492397998376e+03 
       8.442195155703e-03       6.495263237543e+03 
       8.449114683113e-03       6.498125567798e+03 
       8.456034525137e-03       6.500984990599e+03 
       8.462954681581e-03       6.503841507414e+03 
       8.469875152252e-03       6.506695120326e+03 
       8.476795936956e-03       6.509545826704e+03 
       8.483717035502e-03       6.512393633843e+03 
       8.490638447701e-03       6.515238540010e+03 
       8.497560173364e-03       6.518080548042e+03 
       8.504482212303e-03       6.520919658621e+03 
       8.511404564332e-03       6.523755873283e+03 
       8.518327229267e-03       6.526589193485e+03 
       8.525250206923e-03       6.529419620694e+03 
       8.532173497119e-03       6.532247156377e+03 
       8.539097099674e-03       6.535071799272e+03 
       8.546021014408e-03       6.537893555625e+03 
       8.552945241143e-03       6.540712424749e+03 
       8.559869779700e-03       6.543528408040e+03 
       8.566794629905e-03       6.546341506954e+03 
       8.573719791582e-03       6.549151722946e+03 
       8.580645264559e-03       6.551959057479e+03 
       8.587571048662e-03       6.554763510524e+03 
       8.594497143722e-03       6.557565086166e+03 
       8.601423549567e-03       6.560363784638e+03 
       8.608350266030e-03       6.563159607390e+03 
       8.615277292943e-03       6.565952555882e+03 
       8.622204630141e-03       6.568742631579e+03 
       8.629132277458e-03       6.571529836709e+03 
       8.636060234730e-03       6.574314168059e+03 
       8.642988501796e-03       6.577095633618e+03 
       8.649917078494e-03       6.579874231878e+03 
       8.656845964664e-03       6.582649964614e+03 
       8.663775160147e-03       6.585422833256e+03 
       8.670704664785e-03       6.588192839239e+03 
       8.677634478423e-03       6.590959982341e+03 
       8.684564600905e-03       6.593724266891e+03 
       8.691495032076e-03       6.596485693034e+03 
       8.698425771784e-03       6.599244261458e+03 
       8.705356819878e-03       6.601999974977e+03 
       8.712288176206e-03       6.604752834417e+03 
       8.719219840620e-03       6.607502840187e+03 
       8.726151812970e-03       6.610249996067e+03 
       8.733084093111e-03       6.612994300054e+03 
       8.740016680897e-03       6.615735757153e+03 
       8.746949576182e-03       6.618474367333e+03 
       8.753882778823e-03       6.621210132038e+03 
       8.760816288678e-03       6.623943052713e+03 
       8.767750105605e-03       6.626673130811e+03 
       8.774684229465e-03       6.629400367770e+03 
       8.781618660118e-03       6.632124765062e+03 
       8.788553397427e-03       6.634846324146e+03 
       8.795488441254e-03       6.637565046498e+03 
       8.802423791466e-03       6.640280929909e+03 
       8.809359447926e-03       6.642993981527e+03 
       8.816295410502e-03       6.645704201357e+03 
       8.823231679061e-03       6.648411590078e+03 
       8.830168253474e-03       6.651116149128e+03 
       8.837105133608e-03       6.653817879950e+03 
       8.844042319337e-03       6.656516783982e+03 
       8.850979810532e-03       6.659212862669e+03 
       8.857917607066e-03       6.661906117457e+03 
       8.864855708814e-03       6.664596549796e+03 
       8.871794115652e-03       6.667284161140e+03 
       8.878732827456e-03       6.669968951961e+03 
       8.885671844105e-03       6.672650923846e+03 
       8.892611165476e-03       6.675330080334e+03 
       8.899550791451e-03       6.678006421504e+03 
       8.906490721909e-03       6.680679948799e+03 
       8.913430956734e-03       6.683350663660e+03 
       8.920371495809e-03       6.686018567530e+03 
       8.927312339017e-03       6.688683661854e+03 
       8.934253486245e-03       6.691345948081e+03 
       8.941194937378e-03       6.694005427670e+03 
       8.948136692304e-03       6.696662102405e+03 
       8.955078750912e-03       6.699315968897e+03 
       8.962021113092e-03       6.701967036522e+03 
       8.968963778733e-03       6.704615303158e+03 
       8.975906747729e-03       6.707260770248e+03 
       8.982850019971e-03       6.709903438370e+03 
       8.989793595354e-03       6.712543310608e+03 
       8.996737473773e-03       6.715180387494e+03 
       9.003681655122e-03       6.717814670548e+03 
       9.010626139301e-03       6.720446161208e+03 
       9.017570926206e-03       6.723074860915e+03 
       9.024516015736e-03       6.725700771119e+03 
       9.031461407792e-03       6.728323893279e+03 
       9.038407102275e-03       6.730944225355e+03 
       9.045353099087e-03       6.733561775075e+03 
       9.052299398132e-03       6.736176540936e+03 
       9.059245999313e-03       6.738788524366e+03 
       9.066192902535e-03       6.741397726799e+03 
       9.073140107706e-03       6.744004149667e+03 
       9.080087614731e-03       6.746607794410e+03 
       9.087035423521e-03       6.749208662467e+03 
       9.093983533983e-03       6.751806753362e+03 
       9.100931946028e-03       6.754402071982e+03 
       9.107880659567e-03       6.756994618145e+03 
       9.114829674514e-03       6.759584393284e+03 
       9.121778990780e-03       6.762171398831e+03 
       9.128728608281e-03       6.764755636226e+03 
       9.135678526931e-03       6.767337106916e+03 
       9.142628746648e-03       6.769915809671e+03 
       9.149579267347e-03       6.772491750738e+03 
       9.156530088948e-03       6.775064929303e+03 
       9.163481211370e-03       6.777635345909e+03 
       9.170432634533e-03       6.780203003572e+03 
       9.177384358358e-03       6.782767902979e+03 
       9.184336382767e-03       6.785330045548e+03 
       9.191288707684e-03       6.787889432716e+03 
       9.198241333032e-03       6.790446065910e+03 
       9.205194258737e-03       6.792999946569e+03 
       9.212147484725e-03       6.795551076139e+03 
       9.219101010923e-03       6.798099452283e+03 
       9.226054837258e-03       6.800645083247e+03 
       9.233008963660e-03       6.803187967260e+03 
       9.239963390059e-03       6.805728105751e+03 
       9.246918116385e-03       6.808265500136e+03 
       9.253873142571e-03       6.810800151837e+03 
       9.260828468549e-03       6.813332062280e+03 
       9.267784094252e-03       6.815861232891e+03 
       9.274740019616e-03       6.818387663092e+03 
       9.281696244576e-03       6.820911357920e+03 
       9.288652769068e-03       6.823432317106e+03 
       9.295609593031e-03       6.825950542068e+03 
       9.302566716401e-03       6.828466034230e+03 
       9.309524139120e-03       6.830978795018e+03 
       9.316481861126e-03       6.833488825859e+03 
       9.323439882362e-03       6.835996125492e+03 
       9.330398202769e-03       6.838500700204e+03 
       9.337356822291e-03       6.841002549128e+03 
       9.344315740870e-03       6.843501673992e+03 
       9.351274958453e-03       6.845998074282e+03 
       9.358234474985e-03       6.848491754154e+03 
       9.365194290413e-03       6.850982713858e+03 
       9.372154404684e-03       6.853470954817e+03 
       9.379114817747e-03       6.855956478442e+03 
       9.386075529552e-03       6.858439286149e+03 
       9.393036540048e-03       6.860919379366e+03 
       9.399997849187e-03       6.863396756015e+03 
       9.406959456921e-03       6.865871423707e+03 
       9.413921363204e-03       6.868343381173e+03 
       9.420883567988e-03       6.870812629676e+03 
       9.427846071230e-03       6.873279170622e+03 
       9.434808872884e-03       6.875743005416e+03 
       9.441771972908e-03       6.878204135462e+03 
       9.448735371259e-03       6.880662562173e+03 
       9.455699067895e-03       6.883118284983e+03 
       9.462663062776e-03       6.885571308890e+03 
       9.469627355862e-03       6.888021633609e+03 
       9.476591947114e-03       6.890469260554e+03 
       9.483556836493e-03       6.892914191131e+03 
       9.490522023963e-03       6.895356426748e+03 
       9.497487509488e-03       6.897795968816e+03 
       9.504453293032e-03       6.900232817751e+03 
       9.511419374560e-03       6.902666974768e+03 
       9.518385754039e-03       6.905098444042e+03 
       9.525352431435e-03       6.907527225268e+03 
       9.532319406718e-03       6.909953318886e+03 
       9.539286679855e-03       6.912376728092e+03 
       9.546254250818e-03       6.914797453436e+03 
       9.553222119575e-03       6.917215496315e+03 
       9.560190286099e-03       6.919630858125e+03 
       9.567158750362e-03       6.922043540269e+03 
       9.574127512338e-03       6.924453544155e+03 
       9.581096572000e-03       6.926860872121e+03 
       9.588065929323e-03       6.929265518430e+03 
       9.595035584283e-03       6.931667495194e+03 
       9.602005536857e-03       6.934066799173e+03 
       9.608975787021e-03       6.936463431756e+03 
       9.615946334755e-03       6.938857394333e+03 
       9.622917180038e-03       6.941248688291e+03 
       9.629888322848e-03       6.943637315027e+03 
       9.636859763168e-03       6.946023276766e+03 
       9.643831500979e-03       6.948406570081e+03 
       9.650803536262e-03       6.950787203085e+03 
       9.657775869003e-03       6.953165174363e+03 
       9.664748499184e-03       6.955540485307e+03 
       9.671721426790e-03       6.957913137310e+03 
       9.678694651808e-03       6.960283131767e+03 
       9.685668174224e-03       6.962650470065e+03 
       9.692641994025e-03       6.965015150495e+03 
       9.699616111200e-03       6.967377180108e+03 
       9.706590525738e-03       6.969736557631e+03 
       9.713565237628e-03       6.972093283439e+03 
       9.720540246861e-03       6.974447360759e+03 
       9.727515553430e-03       6.976798790112e+03 
       9.734491157325e-03       6.979147572878e+03 
       9.741467058540e-03       6.981493710441e+03 
       9.748443257070e-03       6.983837204184e+03 
       9.755419752909e-03       6.986178055493e+03 
       9.762396546052e-03       6.988516265768e+03 
       9.769373636496e-03       6.990851832170e+03 
       9.776351024238e-03       6.993184763788e+03 
       9.783328709275e-03       6.995515058388e+03 
       9.790306691608e-03       6.997842717342e+03 
       9.797284971235e-03       7.000167742025e+03 
       9.804263548156e-03       7.002490133815e+03 
       9.811242422373e-03       7.004809894086e+03 
       9.818221593888e-03       7.007127024217e+03 
       9.825201062703e-03       7.009441523367e+03 
       9.832180828822e-03       7.011753396957e+03 
       9.839160892249e-03       7.014062644446e+03 
       9.846141252990e-03       7.016369267216e+03 
       9.853121911049e-03       7.018673266645e+03 
       9.860102866435e-03       7.020974644113e+03 
       9.867084119154e-03       7.023273401001e+03 
       9.874065669214e-03       7.025569539644e+03 
       9.881047516625e-03       7.027863055129e+03 
       9.888029661396e-03       7.030153957927e+03 
       9.895012103538e-03       7.032442245528e+03 
       9.901994843061e-03       7.034727918197e+03 
       9.908977879979e-03       7.037010979310e+03 
       9.915961214305e-03       7.039291429297e+03 
       9.922944846050e-03       7.041569269524e+03 
       9.929928775231e-03       7.043844501359e+03 
       9.936913001862e-03       7.046117126171e+03 
       9.943897525960e-03       7.048387145330e+03 
       9.950882347540e-03       7.050654560216e+03 
       9.957867466620e-03       7.052919367709e+03 
       9.964852883220e-03       7.055181577382e+03 
       9.971838597356e-03       7.057441186738e+03 
       9.978824609050e-03       7.059698197138e+03 
       9.985810918321e-03       7.061952609945e+03 
       9.992797525192e-03       7.064204426518e+03 
       9.999784429683e-03       7.066453648216e+03 
       1.000677163182e-02       7.068700276400e+03 
       1.001375913162e-02       7.070944309744e+03 
       1.002074692911e-02       7.073185754979e+03 
       1.002773502432e-02       7.075424610297e+03 
       1.003472341728e-02       7.077660877449e+03 
       1.004171210800e-02       7.079894557797e+03 
       1.004870109651e-02       7.082125652708e+03 
       1.005569038285e-02       7.084354163548e+03 
       1.006267996705e-02       7.086580091677e+03 
       1.006966984912e-02       7.088803435006e+03 
       1.007666002911e-02       7.091024201202e+03 
       1.008365050704e-02       7.093242388641e+03 
       1.009064128295e-02       7.095457997459e+03 
       1.009763235686e-02       7.097671031367e+03 
       1.010462372881e-02       7.099881490420e+03 
       1.011161539884e-02       7.102089376088e+03 
       1.011860736697e-02       7.104294689722e+03 
       1.012559963325e-02       7.106497432673e+03 
       1.013259219771e-02       7.108697606294e+03 
       1.013958506039e-02       7.110895211943e+03 
       1.014657822132e-02       7.113090251121e+03 
       1.015357168054e-02       7.115282719674e+03 
       1.016056543809e-02       7.117472628689e+03 
       1.016755949402e-02       7.119659974989e+03 
       1.017455384835e-02       7.121844759921e+03 
       1.018154850114e-02       7.124026984827e+03 
       1.018854345243e-02       7.126206651052e+03 
       1.019553870225e-02       7.128383759939e+03 
       1.020253425065e-02       7.130558312835e+03 
       1.020953009767e-02       7.132730308561e+03 
       1.021652624337e-02       7.134899753080e+03 
       1.022352268777e-02       7.137066645545e+03 
       1.023051943094e-02       7.139230987301e+03 
       1.023751647292e-02       7.141392779690e+03 
       1.024451381375e-02       7.143552024059e+03 
       1.025151145348e-02       7.145708721756e+03 
       1.025850939216e-02       7.147862874123e+03 
       1.026550762985e-02       7.150014478849e+03 
       1.027250616659e-02       7.152163543996e+03 
       1.027950500242e-02       7.154310067727e+03 
       1.028650413742e-02       7.156454050022e+03 
       1.029350357162e-02       7.158595494916e+03 
       1.030050330508e-02       7.160734402170e+03 
       1.030750333785e-02       7.162870773303e+03 
       1.031450367000e-02       7.165004609653e+03 
       1.032150430156e-02       7.167135912554e+03 
       1.032850523261e-02       7.169264683343e+03 
       1.033550646319e-02       7.171390923361e+03 
       1.034250799337e-02       7.173514633959e+03 
       1.034950982319e-02       7.175635811289e+03 
       1.035651195273e-02       7.177754466211e+03 
       1.036351438203e-02       7.179870595556e+03 
       1.037051711117e-02       7.181984200651e+03 
       1.037752014019e-02       7.184095282823e+03 
       1.038452346917e-02       7.186203843400e+03 
       1.039152709816e-02       7.188309883708e+03 
       1.039853102723e-02       7.190413405077e+03 
       1.040553525643e-02       7.192514409496e+03 
       1.041253978584e-02       7.194612893449e+03 
       1.041954461552e-02       7.196708865502e+03 
       1.042654974554e-02       7.198802323836e+03 
       1.043355517595e-02       7.200893269776e+03 
       1.044056090683e-02       7.202981704649e+03 
       1.044756693825e-02       7.205067629787e+03 
       1.045457327027e-02       7.207151046523e+03 
       1.046157990296e-02       7.209231956515e+03 
       1.046858683640e-02       7.211310355980e+03 
       1.047559407064e-02       7.213386254803e+03 
       1.048260160577e-02       7.215459650409e+03 
       1.048960944185e-02       7.217530542814e+03 
       1.049661757896e-02       7.219598935721e+03 
       1.050362601717e-02       7.221664829322e+03 
       1.051063475655e-02       7.223728224934e+03 
       1.051764379718e-02       7.225789123878e+03 
       1.052465313913e-02       7.227847527470e+03 
       1.053166278248e-02       7.229903437035e+03 
       1.053867272731e-02       7.231956853898e+03 
       1.054568297368e-02       7.234007779207e+03 
       1.055269352168e-02       7.236056209161e+03 
       1.055970437139e-02       7.238102154969e+03 
       1.056671552289e-02       7.240145613196e+03 
       1.057372697625e-02       7.242186584861e+03 
       1.058073873155e-02       7.244225071828e+03 
       1.058775078889e-02       7.246261075144e+03 
       1.059476314832e-02       7.248294596111e+03 
       1.060177580995e-02       7.250325636038e+03 
       1.060878877386e-02       7.252354196238e+03 
       1.061580204011e-02       7.254380278032e+03 
       1.062281560881e-02       7.256403882640e+03 
       1.062982948004e-02       7.258425007532e+03 
       1.063684365387e-02       7.260443661338e+03 
       1.064385813040e-02       7.262459841881e+03 
       1.065087290972e-02       7.264473549148e+03 
       1.065788799190e-02       7.266484786858e+03 
       1.066490337704e-02       7.268493555184e+03 
       1.067191906523e-02       7.270499855418e+03 
       1.067893505656e-02       7.272503688864e+03 
       1.068595135111e-02       7.274505056828e+03 
       1.069296794899e-02       7.276503960622e+03 
       1.069998485027e-02       7.278500401568e+03 
       1.070700205504e-02       7.280494381629e+03 
       1.071401956342e-02       7.282485894150e+03 
       1.072103737548e-02       7.284474953466e+03 
       1.072805549131e-02       7.286461554998e+03 
       1.073507391103e-02       7.288445700040e+03 
       1.074209263471e-02       7.290427389886e+03 
       1.074911166246e-02       7.292406625833e+03 
       1.075613099436e-02       7.294383409180e+03 
       1.076315063053e-02       7.296357741235e+03 
       1.077017057105e-02       7.298329620318e+03 
       1.077719081603e-02       7.300299053210e+03 
       1.078421136556e-02       7.302266038618e+03 
       1.079123221974e-02       7.304230577835e+03 
       1.079825337868e-02       7.306192672156e+03 
       1.080527484247e-02       7.308152322875e+03 
       1.081229661121e-02       7.310109531295e+03 
       1.081931868501e-02       7.312064298721e+03 
       1.082634106397e-02       7.314016622109e+03 
       1.083336374819e-02       7.315966510746e+03 
       1.084038673778e-02       7.317913962155e+03 
       1.084741003285e-02       7.319858976116e+03 
       1.085443363349e-02       7.321801556869e+03 
       1.086145753981e-02       7.323741704065e+03 
       1.086848175192e-02       7.325679419151e+03 
       1.087550626992e-02       7.327614703401e+03 
       1.088253109393e-02       7.329547558103e+03 
       1.088955622405e-02       7.331477984550e+03 
       1.089658166040e-02       7.333405984045e+03 
       1.090360740307e-02       7.335331557898e+03 
       1.091063345218e-02       7.337254701245e+03 
       1.091765980785e-02       7.339175426719e+03 
       1.092468647017e-02       7.341093730243e+03 
       1.093171343927e-02       7.343009613094e+03 
       1.093874071526e-02       7.344923076547e+03 
       1.094576829825e-02       7.346834121343e+03 
       1.095279618836e-02       7.348742749746e+03 
       1.095982438569e-02       7.350648962568e+03 
       1.096685289037e-02       7.352552761093e+03 
       1.097388170250e-02       7.354454146611e+03 
       1.098091082222e-02       7.356353120421e+03 
       1.098794024962e-02       7.358249679583e+03 
       1.099496998484e-02       7.360143833098e+03 
       1.100200002798e-02       7.362035578697e+03 
       1.100903037917e-02       7.363924917545e+03 
       1.101606103853e-02       7.365811849463e+03 
       1.102309200618e-02       7.367696378476e+03 
       1.103012328223e-02       7.369578504539e+03 
       1.103715486681e-02       7.371458228926e+03 
       1.104418676004e-02       7.373335552916e+03 
       1.105121896205e-02       7.375210477793e+03 
       1.105825147295e-02       7.377083004855e+03 
       1.106528429287e-02       7.378953135367e+03 
       1.107231742193e-02       7.380820864537e+03 
       1.107935086026e-02       7.382686204849e+03 
       1.108638460799e-02       7.384549152294e+03 
       1.109341866524e-02       7.386409708102e+03 
       1.110045303213e-02       7.388267873534e+03 
       1.110748770880e-02       7.390123649857e+03 
       1.111452269536e-02       7.391977038342e+03 
       1.112155799196e-02       7.393828040266e+03 
       1.112859359872e-02       7.395676657384e+03 
       1.113562951577e-02       7.397522886032e+03 
       1.114266574323e-02       7.399366735346e+03 
       1.114970228125e-02       7.401208203068e+03 
       1.115673912994e-02       7.403047290453e+03 
       1.116377628945e-02       7.404883998764e+03 
       1.117081375991e-02       7.406718329265e+03 
       1.117785154144e-02       7.408550283231e+03 
       1.118488963419e-02       7.410379858457e+03 
       1.119192803829e-02       7.412207061573e+03 
       1.119896675387e-02       7.414031892759e+03 
       1.120600578107e-02       7.415854352349e+03 
       1.121304512002e-02       7.417674439997e+03 
       1.122008477086e-02       7.419492159904e+03 
       1.122712473373e-02       7.421307511925e+03 
       1.123416500877e-02       7.423120497309e+03 
       1.124120559611e-02       7.424931117307e+03 
       1.124824649590e-02       7.426739373177e+03 
       1.125528770827e-02       7.428545266187e+03 
       1.126232923337e-02       7.430348797617e+03 
       1.126937107133e-02       7.432149963243e+03 
       1.127641322230e-02       7.433948773582e+03 
       1.128345568642e-02       7.435745226719e+03 
       1.129049846382e-02       7.437539323116e+03 
       1.129754155467e-02       7.439331064014e+03 
       1.130458495909e-02       7.441120450655e+03 
       1.131162867724e-02       7.442907484282e+03 
       1.131867270925e-02       7.444692166147e+03 
       1.132571705528e-02       7.446474497502e+03 
       1.133276171547e-02       7.448254476047e+03 
       1.133980668997e-02       7.450032109586e+03 
       1.134685197892e-02       7.451807396261e+03 
       1.135389758248e-02       7.453580337318e+03 
       1.136094350078e-02       7.455350934001e+03 
       1.136798973399e-02       7.457119187558e+03 
       1.137503628224e-02       7.458885099241e+03 
       1.138208314570e-02       7.460648671444e+03 
       1.138913032451e-02       7.462409896847e+03 
       1.139617781882e-02       7.464168789598e+03 
       1.140322562878e-02       7.465925345317e+03 
       1.141027375455e-02       7.467679563619e+03 
       1.141732219629e-02       7.469431448739e+03 
       1.142437095413e-02       7.471181000494e+03 
       1.143142002825e-02       7.472928220116e+03 
       1.143846941879e-02       7.474673108842e+03 
       1.144551912591e-02       7.476415667909e+03 
       1.145256914976e-02       7.478155898558e+03 
       1.145961949051e-02       7.479893802038e+03 
       1.146667014830e-02       7.481629380053e+03 
       1.147372112331e-02       7.483362625251e+03 
       1.148077241567e-02       7.485093553578e+03 
       1.148782402557e-02       7.486822159511e+03 
       1.149487595315e-02       7.488548444266e+03 
       1.150192819857e-02       7.490272409070e+03 
       1.150898076199e-02       7.491994055150e+03 
       1.151603364359e-02       7.493713383739e+03 
       1.152308684351e-02       7.495430396070e+03 
       1.153014036192e-02       7.497145089883e+03 
       1.153719419898e-02       7.498857472791e+03 
       1.154424835487e-02       7.500567543064e+03 
       1.155130282973e-02       7.502275301880e+03 
       1.155835762374e-02       7.503980750457e+03 
       1.156541273706e-02       7.505683890027e+03 
       1.157246816986e-02       7.507384721822e+03 
       1.157952392231e-02       7.509083247086e+03 
       1.158657999456e-02       7.510779461956e+03 
       1.159363638679e-02       7.512473377078e+03 
       1.160069309917e-02       7.514164989199e+03 
       1.160775013187e-02       7.515854300006e+03 
       1.161480748504e-02       7.517541307451e+03 
       1.162186515888e-02       7.519226017575e+03 
       1.162892315354e-02       7.520908429502e+03 
       1.163598146919e-02       7.522588544457e+03 
       1.164304010601e-02       7.524266363656e+03 
       1.165009906417e-02       7.525941888323e+03 
       1.165715834385e-02       7.527615119687e+03 
       1.166421794521e-02       7.529286058987e+03 
       1.167127786843e-02       7.530954700475e+03 
       1.167833811368e-02       7.532621058145e+03 
       1.168539868114e-02       7.534285127330e+03 
       1.169245957099e-02       7.535946909103e+03 
       1.169952078340e-02       7.537606404664e+03 
       1.170658231854e-02       7.539263615222e+03 
       1.171364417660e-02       7.540918541990e+03 
       1.172070635775e-02       7.542571186182e+03 
       1.172776886217e-02       7.544221549010e+03 
       1.173483169005e-02       7.545869627783e+03 
       1.174189484155e-02       7.547515430955e+03 
       1.174895831686e-02       7.549158956284e+03 
       1.175602211616e-02       7.550800204973e+03 
       1.176308623963e-02       7.552439178219e+03 
       1.177015068745e-02       7.554075877229e+03 
       1.177721545981e-02       7.555710303217e+03 
       1.178428055689e-02       7.557342457216e+03 
       1.179134597887e-02       7.558972335430e+03 
       1.179841172593e-02       7.560599948816e+03 
       1.180547779826e-02       7.562225293879e+03 
       1.181254419605e-02       7.563848369749e+03 
       1.181961091948e-02       7.565469181814e+03 
       1.182667796874e-02       7.567087728784e+03 
       1.183374534401e-02       7.568704012157e+03 
       1.184081304548e-02       7.570318033126e+03 
       1.184788107335e-02       7.571929792886e+03 
       1.185494942779e-02       7.573539292641e+03 
       1.186201810899e-02       7.575146533601e+03 
       1.186908711715e-02       7.576751516993e+03 
       1.187615645246e-02       7.578354236371e+03 
       1.188322611511e-02       7.579954707131e+03 
       1.189029610528e-02       7.581552923709e+03 
       1.189736642318e-02       7.583148887295e+03 
       1.190443706899e-02       7.584742599071e+03 
       1.191150804290e-02       7.586334060225e+03 
       1.191857934512e-02       7.587923271939e+03 
       1.192565097582e-02       7.589510235405e+03 
       1.193272293522e-02       7.591094951722e+03 
       1.193979522350e-02       7.592677418201e+03 
       1.194686784085e-02       7.594257643473e+03 
       1.195394078749e-02       7.595835625153e+03 
       1.196101406359e-02       7.597411364426e+03 
       1.196808766937e-02       7.598984862478e+03 
       1.197516160501e-02       7.600556120501e+03 
       1.198223587072e-02       7.602125139688e+03 
       1.198931046669e-02       7.603691921072e+03 
       1.199638539313e-02       7.605256460490e+03 
       1.200346065023e-02       7.606818769462e+03 
       1.201053623820e-02       7.608378844196e+03 
       1.201761215724e-02       7.609936685110e+03 
       1.202468840755e-02       7.611492293564e+03 
       1.203176498933e-02       7.613045672345e+03 
       1.203884190278e-02       7.614596821551e+03 
       1.204591914811e-02       7.616145742358e+03 
       1.205299672552e-02       7.617692435947e+03 
       1.206007463522e-02       7.619236903501e+03 
       1.206715287741e-02       7.620779146204e+03 
       1.207423145230e-02       7.622319165254e+03 
       1.208131036010e-02       7.623856953956e+03 
       1.208838960100e-02       7.625392528155e+03 
       1.209546917522e-02       7.626925882018e+03 
       1.210254908297e-02       7.628457016724e+03 
       1.210962932446e-02       7.629985933444e+03 
       1.211670989989e-02       7.631512633347e+03 
       1.212379080947e-02       7.633037117617e+03 
       1.213087205341e-02       7.634559387394e+03 
       1.213795363193e-02       7.636079443891e+03 
       1.214503554524e-02       7.637597284036e+03 
       1.215211779355e-02       7.639112916847e+03 
       1.215920037706e-02       7.640626339756e+03 
       1.216628329600e-02       7.642137553920e+03 
       1.217336655057e-02       7.643646560506e+03 
       1.218045014100e-02       7.645153360686e+03 
       1.218753406749e-02       7.646657955638e+03 
       1.219461833026e-02       7.648160346546e+03 
       1.220170292952e-02       7.649660528736e+03 
       1.220878786550e-02       7.651158514277e+03 
       1.221587313841e-02       7.652654299122e+03 
       1.222295874846e-02       7.654147884433e+03 
       1.223004469588e-02       7.655639269296e+03 
       1.223713098089e-02       7.657128458724e+03 
       1.224421760369e-02       7.658615452034e+03 
       1.225130456452e-02       7.660100250396e+03 
       1.225839186359e-02       7.661582854939e+03 
       1.226547950112e-02       7.663063266862e+03 
       1.227256747733e-02       7.664541487323e+03 
       1.227965579245e-02       7.666017517503e+03 
       1.228674444670e-02       7.667491358463e+03 
       1.229383344029e-02       7.668963002950e+03 
       1.230092277347e-02       7.670432468079e+03 
       1.230801244644e-02       7.671899747364e+03 
       1.231510245943e-02       7.673364841938e+03 
       1.232219281267e-02       7.674827752957e+03 
       1.232928350639e-02       7.676288481570e+03 
       1.233637454080e-02       7.677747028933e+03 
       1.234346591614e-02       7.679203396205e+03 
       1.235055763263e-02       7.680657584399e+03 
       1.235764969051e-02       7.682109590477e+03 
       1.236474209000e-02       7.683559423777e+03 
       1.237183483132e-02       7.685007081488e+03 
       1.237892791471e-02       7.686452564754e+03 
       1.238602134040e-02       7.687895874721e+03 
       1.239311510862e-02       7.689337012538e+03 
       1.240020921960e-02       7.690775979359e+03 
       1.240730367358e-02       7.692212776351e+03 
       1.241439847077e-02       7.693647398376e+03 
       1.242149361142e-02       7.695079858278e+03 
       1.242858909577e-02       7.696510151679e+03 
       1.243568492403e-02       7.697938279795e+03 
       1.244278109646e-02       7.699364241233e+03 
       1.244987761328e-02       7.700788041599e+03 
       1.245697447473e-02       7.702209679948e+03 
       1.246407168104e-02       7.703629157417e+03 
       1.247116923246e-02       7.705046475144e+03 
       1.247826712921e-02       7.706461634271e+03 
       1.248536537155e-02       7.707874635947e+03 
       1.249246395969e-02       7.709285481334e+03 
       1.249956289389e-02       7.710694171367e+03 
       1.250666217439e-02       7.712100698610e+03 
       1.251376180142e-02       7.713505080796e+03 
       1.252086177522e-02       7.714907311083e+03 
       1.252796209603e-02       7.716307390556e+03 
       1.253506276411e-02       7.717705320389e+03 
       1.254216377968e-02       7.719101101699e+03 
       1.254926514299e-02       7.720494735618e+03 
       1.255636685429e-02       7.721886223283e+03 
       1.256346891382e-02       7.723275565826e+03 
       1.257057132181e-02       7.724662759566e+03 
       1.257767407853e-02       7.726047814635e+03 
       1.258477718421e-02       7.727430727880e+03 
       1.259188063910e-02       7.728811500428e+03 
       1.259898444344e-02       7.730190133414e+03 
       1.260608859749e-02       7.731566627974e+03 
       1.261319310149e-02       7.732940985246e+03 
       1.262029795569e-02       7.734313206373e+03 
       1.262740316033e-02       7.735683286109e+03 
       1.263450871567e-02       7.737051237388e+03 
       1.264161462196e-02       7.738417055864e+03 
       1.264872087945e-02       7.739780742557e+03 
       1.265582748838e-02       7.741142296304e+03 
       1.266293444901e-02       7.742501722503e+03 
       1.267004176159e-02       7.743859020234e+03 
       1.267714942638e-02       7.745214190629e+03 
       1.268425744363e-02       7.746567234810e+03 
       1.269136581358e-02       7.747918153903e+03 
       1.269847453651e-02       7.749266949037e+03 
       1.270558361265e-02       7.750613621347e+03 
       1.271269304226e-02       7.751958171984e+03 
       1.271980282561e-02       7.753300592905e+03 
       1.272691296295e-02       7.754640902194e+03 
       1.273402345453e-02       7.755979093123e+03 
       1.274113430062e-02       7.757315166620e+03 
       1.274824550146e-02       7.758649123833e+03 
       1.275535705733e-02       7.759980965867e+03 
       1.276246896847e-02       7.761310693843e+03 
       1.276958123515e-02       7.762638308880e+03 
       1.277669385763e-02       7.763963812103e+03 
       1.278380683617e-02       7.765287203128e+03 
       1.279092017103e-02       7.766608482165e+03 
       1.279803386247e-02       7.767927655906e+03 
       1.280514791076e-02       7.769244722173e+03 
       1.281226231616e-02       7.770559682056e+03 
       1.281937707893e-02       7.771872536690e+03 
       1.282649219934e-02       7.773183287191e+03 
       1.283360767765e-02       7.774491934687e+03 
       1.284072351412e-02       7.775798480266e+03 
       1.284783970903e-02       7.777102918030e+03 
       1.285495626263e-02       7.778405262310e+03 
       1.286207317520e-02       7.779705507893e+03 
       1.286919044701e-02       7.781003655990e+03 
       1.287630807831e-02       7.782299706356e+03 
       1.288342606939e-02       7.783593662345e+03 
       1.289054442051e-02       7.784885524045e+03 
       1.289766313193e-02       7.786175293680e+03 
       1.290478220393e-02       7.787462964617e+03 
       1.291190163679e-02       7.788748549523e+03 
       1.291902143076e-02       7.790032044485e+03 
       1.292614158613e-02       7.791313451152e+03 
       1.293326210317e-02       7.792592766678e+03 
       1.294038298214e-02       7.793869998145e+03 
       1.294750422332e-02       7.795145144046e+03 
       1.295462582700e-02       7.796418204250e+03 
       1.296174779343e-02       7.797689180224e+03 
       1.296887012290e-02       7.798958071953e+03 
       1.297599281569e-02       7.800224885671e+03 
       1.298311587206e-02       7.801489619151e+03 
       1.299023929230e-02       7.802752273502e+03 
       1.299736307668e-02       7.804012849817e+03 
       1.300448722548e-02       7.805271349189e+03 
       1.301161173899e-02       7.806527772711e+03 
       1.301873661747e-02       7.807782121477e+03 
       1.302586186121e-02       7.809034396581e+03 
       1.303298747049e-02       7.810284599117e+03 
       1.304011344559e-02       7.811532730182e+03 
       1.304723978680e-02       7.812778790886e+03 
       1.305436649438e-02       7.814022782320e+03 
       1.306149356864e-02       7.815264705626e+03 
       1.306862100984e-02       7.816504561880e+03 
       1.307574881827e-02       7.817742336512e+03 
       1.308287699422e-02       7.818978060170e+03 
       1.309000553798e-02       7.820211719799e+03 
       1.309713444981e-02       7.821443316479e+03 
       1.310426373003e-02       7.822672851290e+03 
       1.311139337890e-02       7.823900325309e+03 
       1.311852339672e-02       7.825125739613e+03 
       1.312565378377e-02       7.826349095277e+03 
       1.313278454034e-02       7.827570393378e+03 
       1.313991566672e-02       7.828789634997e+03 
       1.314704716321e-02       7.830006821214e+03 
       1.315417903008e-02       7.831221953113e+03 
       1.316131126763e-02       7.832435031789e+03 
       1.316844387616e-02       7.833646058340e+03 
       1.317557685594e-02       7.834855033757e+03 
       1.318271020728e-02       7.836061950969e+03 
       1.318984393047e-02       7.837266826665e+03 
       1.319697802579e-02       7.838469654410e+03 
       1.320411249355e-02       7.839670435272e+03 
       1.321124733404e-02       7.840869170319e+03 
       1.321838254755e-02       7.842065860620e+03 
       1.322551813438e-02       7.843260507248e+03 
       1.323265409482e-02       7.844453111274e+03 
       1.323979042917e-02       7.845643673774e+03 
       1.324692713773e-02       7.846832195831e+03 
       1.325406422079e-02       7.848018678531e+03 
       1.326120167866e-02       7.849203122966e+03 
       1.326833951163e-02       7.850385530232e+03 
       1.327547772000e-02       7.851565901175e+03 
       1.328261630407e-02       7.852744225520e+03 
       1.328975526415e-02       7.853920526367e+03 
       1.329689460052e-02       7.855094794130e+03 
       1.330403431350e-02       7.856267029877e+03 
       1.331117440339e-02       7.857437234673e+03 
       1.331831487049e-02       7.858605409584e+03 
       1.332545571510e-02       7.859771553136e+03 
       1.333259693752e-02       7.860935671135e+03 
       1.333973853807e-02       7.862097762434e+03 
       1.334688051704e-02       7.863257828066e+03 
       1.335402287474e-02       7.864415869091e+03 
       1.336116561148e-02       7.865571886583e+03 
       1.336830872756e-02       7.866725881606e+03 
       1.337545222330e-02       7.867877855233e+03 
       1.338259609899e-02       7.869027808542e+03 
       1.338974035495e-02       7.870175742615e+03 
       1.339688499149e-02       7.871321647469e+03 
       1.340403000891e-02       7.872465545367e+03 
       1.341117540753e-02       7.873607426692e+03 
       1.341832118765e-02       7.874747292823e+03 
       1.342546734959e-02       7.875885144816e+03 
       1.343261389366e-02       7.877020983732e+03 
       1.343976082018e-02       7.878154810628e+03 
       1.344690812944e-02       7.879286626565e+03 
       1.345405582178e-02       7.880416432604e+03 
       1.346120389750e-02       7.881544229811e+03 
       1.346835235691e-02       7.882670012611e+03 
       1.347550120034e-02       7.883793795681e+03 
       1.348265042809e-02       7.884915571965e+03 
       1.348980004049e-02       7.886035343514e+03 
       1.349695003785e-02       7.887153111378e+03 
       1.350410042048e-02       7.888268876612e+03 
       1.351125118872e-02       7.889382640277e+03 
       1.351840234286e-02       7.890494403438e+03 
       1.352555388325e-02       7.891604167164e+03 
       1.353270581018e-02       7.892711935831e+03 
       1.353985812399e-02       7.893817692042e+03 
       1.354701082500e-02       7.894921462818e+03 
       1.355416391352e-02       7.896023238224e+03 
       1.356131738988e-02       7.897123019658e+03 
       1.356847125441e-02       7.898220804185e+03 
       1.357562550741e-02       7.899316599398e+03 
       1.358278014923e-02       7.900410403355e+03 
       1.358993518018e-02       7.901502217099e+03 
       1.359709060058e-02       7.902592041677e+03 
       1.360424641077e-02       7.903679878142e+03 
       1.361140261107e-02       7.904765727546e+03 
       1.361855920181e-02       7.905849590941e+03 
       1.362571618331e-02       7.906931469391e+03 
       1.363287355589e-02       7.908011363968e+03 
       1.364003131990e-02       7.909089263949e+03 
       1.364718947566e-02       7.910165192667e+03 
       1.365434802349e-02       7.911239140339e+03 
       1.366150696374e-02       7.912311108071e+03 
       1.366866629672e-02       7.913381096894e+03 
       1.367582602277e-02       7.914449107843e+03 
       1.368298614222e-02       7.915515141952e+03 
       1.369014665541e-02       7.916579200266e+03 
       1.369730756266e-02       7.917641283828e+03 
       1.370446886432e-02       7.918701393681e+03 
       1.371163056071e-02       7.919759533441e+03 
       1.371879265217e-02       7.920815689872e+03 
       1.372595513904e-02       7.921869884086e+03 
       1.373311802164e-02       7.922922108620e+03 
       1.374028130033e-02       7.923972364501e+03 
       1.374744497543e-02       7.925020652755e+03 
       1.375460904728e-02       7.926066974415e+03 
       1.376177351622e-02       7.927111330516e+03 
       1.376893838260e-02       7.928153722100e+03 
       1.377610364674e-02       7.929194150216e+03 
       1.378326930899e-02       7.930232607235e+03 
       1.379043536969e-02       7.931269110619e+03 
       1.379760182918e-02       7.932303653448e+03 
       1.380476868781e-02       7.933336236790e+03 
       1.381193594590e-02       7.934366861463e+03 
       1.381910360382e-02       7.935395526018e+03 
       1.382627166190e-02       7.936422236689e+03 
       1.383344012048e-02       7.937446991904e+03 
       1.384060897992e-02       7.938469792682e+03 
       1.384777824055e-02       7.939490640047e+03 
       1.385494790272e-02       7.940509535024e+03 
       1.386211796678e-02       7.941526478643e+03 
       1.386928843307e-02       7.942541471945e+03 
       1.387645930195e-02       7.943554515979e+03 
       1.388363057376e-02       7.944565612755e+03 
       1.389080224884e-02       7.945574747869e+03 
       1.389797432756e-02       7.946581948893e+03 
       1.390514681026e-02       7.947587204540e+03 
       1.391231969728e-02       7.948590515821e+03 
       1.391949298899e-02       7.949591883744e+03 
       1.392666668573e-02       7.950591309318e+03 
       1.393384078785e-02       7.951588793555e+03 
       1.394101529571e-02       7.952584337473e+03 
       1.394819020967e-02       7.953577942093e+03 
       1.395536553006e-02       7.954569608442e+03 
       1.396254125726e-02       7.955559331138e+03 
       1.396971739162e-02       7.956547123322e+03 
       1.397689393349e-02       7.957532980160e+03 
       1.398407088322e-02       7.958516902675e+03 
       1.399124824119e-02       7.959498891881e+03 
       1.399842600773e-02       7.960478948790e+03 
       1.400560418322e-02       7.961457074415e+03 
       1.401278276800e-02       7.962433269772e+03 
       1.401996176245e-02       7.963407535879e+03 
       1.402714116692e-02       7.964379877418e+03 
       1.403432098177e-02       7.965350275027e+03 
       1.404150120736e-02       7.966318758438e+03 
       1.404868184405e-02       7.967285316499e+03 
       1.405586289221e-02       7.968249950126e+03 
       1.406304435220e-02       7.969212657489e+03 
       1.407022622438e-02       7.970173445207e+03 
       1.407740850913e-02       7.971132311548e+03 
       1.408459120679e-02       7.972089257514e+03 
       1.409177431774e-02       7.973044284109e+03 
       1.409895784235e-02       7.973997392334e+03 
       1.410614178098e-02       7.974948583193e+03 
       1.411332613399e-02       7.975897857693e+03 
       1.412051090177e-02       7.976845216850e+03 
       1.412769608466e-02       7.977790661692e+03 
       1.413488168306e-02       7.978734179024e+03 
       1.414206769731e-02       7.979675798724e+03 
       1.414925412780e-02       7.980615505144e+03 
       1.415644097489e-02       7.981553301048e+03 
       1.416362823896e-02       7.982489187431e+03 
       1.417081592038e-02       7.983423165289e+03 
       1.417800401953e-02       7.984355235620e+03 
       1.418519253676e-02       7.985285399419e+03 
       1.419238147247e-02       7.986213657684e+03 
       1.419957082702e-02       7.987140011411e+03 
       1.420676060078e-02       7.988064461456e+03 
       1.421395079415e-02       7.988987002334e+03 
       1.422114140748e-02       7.989907647682e+03 
       1.422833244116e-02       7.990826392356e+03 
       1.423552389557e-02       7.991743237348e+03 
       1.424271577108e-02       7.992658183653e+03 
       1.424990806807e-02       7.993571232269e+03 
       1.425710078693e-02       7.994482384194e+03 
       1.426429392803e-02       7.995391640431e+03 
       1.427148749175e-02       7.996299001990e+03 
       1.427868147848e-02       7.997204469147e+03 
       1.428587588859e-02       7.998108035078e+03 
       1.429307072247e-02       7.999009717482e+03 
       1.430026598050e-02       7.999909509010e+03 
       1.430746166308e-02       8.000807410563e+03 
       1.431465777057e-02       8.001703420074e+03 
       1.432185430336e-02       8.002597544532e+03 
       1.432905126185e-02       8.003489782000e+03 
       1.433624864642e-02       8.004380133461e+03 
       1.434344645744e-02       8.005268599904e+03 
       1.435064469533e-02       8.006155182330e+03 
       1.435784336045e-02       8.007039881697e+03 
       1.436504245320e-02       8.007922699030e+03 
       1.437224197396e-02       8.008803635316e+03 
       1.437944192314e-02       8.009682691558e+03 
       1.438664230111e-02       8.010559873176e+03 
       1.439384310828e-02       8.011435153626e+03 
       1.440104434502e-02       8.012308574132e+03 
       1.440824601174e-02       8.013180118300e+03 
       1.441544810883e-02       8.014049787108e+03 
       1.442265063668e-02       8.014917581530e+03 
       1.442985359568e-02       8.015783502546e+03 
       1.443705698624e-02       8.016647551134e+03 
       1.444426080874e-02       8.017509728280e+03 
       1.445146506358e-02       8.018370034968e+03 
       1.445866975116e-02       8.019228472189e+03 
       1.446587487188e-02       8.020085033910e+03 
       1.447308042613e-02       8.020939734364e+03 
       1.448028641432e-02       8.021792568184e+03 
       1.448749283683e-02       8.022643536305e+03 
       1.449469969409e-02       8.023492639696e+03 
       1.450190698647e-02       8.024339879332e+03 
       1.450911471439e-02       8.025185256187e+03 
       1.451632287824e-02       8.026028771244e+03 
       1.452353147844e-02       8.026870425487e+03 
       1.453074051538e-02       8.027710219913e+03 
       1.453794998946e-02       8.028548145574e+03 
       1.454515990109e-02       8.029384222256e+03 
       1.455237025068e-02       8.030218441915e+03 
       1.455958103863e-02       8.031050805496e+03 
       1.456679226535e-02       8.031881315217e+03 
       1.457400393124e-02       8.032709964669e+03 
       1.458121603671e-02       8.033536765411e+03 
       1.458842858218e-02       8.034361713868e+03 
       1.459564156804e-02       8.035184811001e+03 
       1.460285499471e-02       8.036006057777e+03 
       1.461006886260e-02       8.036825455161e+03 
       1.461728317212e-02       8.037643004131e+03 
       1.462449792368e-02       8.038458705660e+03 
       1.463171311770e-02       8.039272560734e+03 
       1.463892875458e-02       8.040084570345e+03 
       1.464614483473e-02       8.040894733987e+03 
       1.465336135859e-02       8.041703041961e+03 
       1.466057832655e-02       8.042509519445e+03 
       1.466779573903e-02       8.043314155100e+03 
       1.467501359645e-02       8.044116949881e+03 
       1.468223189923e-02       8.044917904739e+03 
       1.468945064778e-02       8.045717020629e+03 
       1.469666984252e-02       8.046514298510e+03 
       1.470388948387e-02       8.047309739343e+03 
       1.471110957225e-02       8.048103344089e+03 
       1.471833010808e-02       8.048895113717e+03 
       1.472555109177e-02       8.049685045684e+03 
       1.473277252376e-02       8.050473143479e+03 
       1.473999440445e-02       8.051259412721e+03 
       1.474721673428e-02       8.052043850572e+03 
       1.475443951367e-02       8.052826457983e+03 
       1.476166274304e-02       8.053607235905e+03 
       1.476888642281e-02       8.054386185290e+03 
       1.477611055341e-02       8.055163307097e+03 
       1.478333513527e-02       8.055938602286e+03 
       1.479056016881e-02       8.056712071825e+03 
       1.479778565446e-02       8.057483719761e+03 
       1.480501159264e-02       8.058253526736e+03 
       1.481223798379e-02       8.059021523954e+03 
       1.481946482834e-02       8.059787699191e+03 
       1.482669212670e-02       8.060552053403e+03 
       1.483391987932e-02       8.061314583909e+03 
       1.484114808663e-02       8.062075298590e+03 
       1.484837674905e-02       8.062834195012e+03 
       1.485560586702e-02       8.063591274138e+03 
       1.486283544097e-02       8.064346536912e+03 
       1.487006547133e-02       8.065099984277e+03 
       1.487729595855e-02       8.065851617184e+03 
       1.488452690305e-02       8.066601436580e+03 
       1.489175830526e-02       8.067349443421e+03 
       1.489899016564e-02       8.068095638670e+03 
       1.490622248460e-02       8.068840023294e+03 
       1.491345526259e-02       8.069582581949e+03 
       1.492068850006e-02       8.070323348357e+03 
       1.492792219743e-02       8.071062305208e+03 
       1.493515635514e-02       8.071799455008e+03 
       1.494239097365e-02       8.072534798697e+03 
       1.494962605338e-02       8.073268337209e+03 
       1.495686159478e-02       8.074000071482e+03 
       1.496409759829e-02       8.074730002458e+03 
       1.497133406435e-02       8.075458131070e+03 
       1.497857099342e-02       8.076184458259e+03 
       1.498580838592e-02       8.076908984971e+03 
       1.499304624231e-02       8.077631715356e+03 
       1.500028456304e-02       8.078352632362e+03 
       1.500752334854e-02       8.079071769566e+03 
       1.501476259927e-02       8.079789106305e+03 
       1.502200231567e-02       8.080504630538e+03 
       1.502924249819e-02       8.081218372865e+03 
       1.503648314728e-02       8.081930321154e+03 
       1.504372426339e-02       8.082640476346e+03 
       1.505096584697e-02       8.083348835583e+03 
       1.505820789848e-02       8.084055406997e+03 
       1.506545041835e-02       8.084760188018e+03 
       1.507269340705e-02       8.085463179601e+03 
       1.507993686503e-02       8.086164382671e+03 
       1.508718079274e-02       8.086863798167e+03 
       1.509442519064e-02       8.087561427025e+03 
       1.510167005918e-02       8.088257270184e+03 
       1.510891539881e-02       8.088951328595e+03 
       1.511616121000e-02       8.089643603218e+03 
       1.512340749320e-02       8.090334097731e+03 
       1.513065424886e-02       8.091022788714e+03 
       1.513790147746e-02       8.091709716000e+03 
       1.514514917944e-02       8.092394863003e+03 
       1.515239735526e-02       8.093078230642e+03 
       1.515964600539e-02       8.093759819841e+03 
       1.516689513029e-02       8.094439631523e+03 
       1.517414473042e-02       8.095117666614e+03 
       1.518139480623e-02       8.095793926041e+03 
       1.518864535821e-02       8.096468410736e+03 
       1.519589638680e-02       8.097141121632e+03 
       1.520314789248e-02       8.097812052278e+03 
       1.521039987571e-02       8.098481216878e+03 
       1.521765233695e-02       8.099148611028e+03 
       1.522490527667e-02       8.099814234963e+03 
       1.523215869534e-02       8.100478089605e+03 
       1.523941259344e-02       8.101140175878e+03 
       1.524666697141e-02       8.101800494705e+03 
       1.525392182975e-02       8.102459047014e+03 
       1.526117716891e-02       8.103115833742e+03 
       1.526843298936e-02       8.103770855825e+03 
       1.527568929159e-02       8.104424102636e+03 
       1.528294607606e-02       8.105075597145e+03 
       1.529020334324e-02       8.105725329517e+03 
       1.529746109361e-02       8.106373300746e+03 
       1.530471932764e-02       8.107019513296e+03 
       1.531197804581e-02       8.107663959320e+03 
       1.531923724859e-02       8.108306652218e+03 
       1.532649693646e-02       8.108947587591e+03 
       1.533375710990e-02       8.109586766351e+03 
       1.534101776939e-02       8.110224189413e+03 
       1.534827891540e-02       8.110859857695e+03 
       1.535554054841e-02       8.111493772121e+03 
       1.536280266891e-02       8.112125933614e+03 
       1.537006527737e-02       8.112756343112e+03 
       1.537732837427e-02       8.113385001557e+03 
       1.538459196011e-02       8.114011893938e+03 
       1.539185603535e-02       8.114637051109e+03 
       1.539912060049e-02       8.115260460011e+03 
       1.540638565601e-02       8.115882121248e+03 
       1.541365120239e-02       8.116502035731e+03 
       1.542091724013e-02       8.117120204370e+03 
       1.542818376970e-02       8.117736628074e+03 
       1.543545079159e-02       8.118351307753e+03 
       1.544271830630e-02       8.118964244323e+03 
       1.544998631430e-02       8.119575438698e+03 
       1.545725481610e-02       8.120184891819e+03 
       1.546452381217e-02       8.120792595667e+03 
       1.547179330302e-02       8.121398568046e+03 
       1.547906328912e-02       8.122002801723e+03 
       1.548633377098e-02       8.122605297596e+03 
       1.549360474909e-02       8.123206056567e+03 
       1.550087622395e-02       8.123805079545e+03 
       1.550814819603e-02       8.124402367445e+03 
       1.551542066585e-02       8.124997921182e+03 
       1.552269363389e-02       8.125591741686e+03 
       1.552996710066e-02       8.126183834842e+03 
       1.553724106665e-02       8.126774174046e+03 
       1.554451553236e-02       8.127362799044e+03 
       1.555179049828e-02       8.127949694256e+03 
       1.555906596492e-02       8.128534860566e+03 
       1.556634193278e-02       8.129118294776e+03 
       1.557361840236e-02       8.129700005607e+03 
       1.558089537416e-02       8.130279990170e+03 
       1.558817284868e-02       8.130858249352e+03 
       1.559545082643e-02       8.131434784052e+03 
       1.560272930791e-02       8.132009595167e+03 
       1.561000829362e-02       8.132582683605e+03 
       1.561728778407e-02       8.133154050274e+03 
       1.562456777977e-02       8.133723696089e+03 
       1.563184828122e-02       8.134291621971e+03 
       1.563912928894e-02       8.134857833536e+03 
       1.564641080342e-02       8.135422299841e+03 
       1.565369282518e-02       8.135985069619e+03 
       1.566097535473e-02       8.136546122811e+03 
       1.566825839257e-02       8.137105460302e+03 
       1.567554193923e-02       8.137663082973e+03 
       1.568282599521e-02       8.138218991708e+03 
       1.569011056103e-02       8.138773187394e+03 
       1.569739563719e-02       8.139325670925e+03 
       1.570468122422e-02       8.139876443199e+03 
       1.571196732262e-02       8.140425505112e+03 
       1.571925393292e-02       8.140972848231e+03 
       1.572654105563e-02       8.141518491773e+03 
       1.573382869127e-02       8.142062426994e+03 
       1.574111684036e-02       8.142604655281e+03 
       1.574840550341e-02       8.143145177524e+03 
       1.575569468094e-02       8.143683994611e+03 
       1.576298437348e-02       8.144221107433e+03 
       1.577027458154e-02       8.144756516881e+03 
       1.577756530566e-02       8.145290223849e+03 
       1.578485654634e-02       8.145822229234e+03 
       1.579214830412e-02       8.146352521470e+03 
       1.579944057952e-02       8.146881125146e+03 
       1.580673337306e-02       8.147408029743e+03 
       1.581402668527e-02       8.147933236118e+03 
       1.582132051667e-02       8.148456746920e+03 
       1.582861486779e-02       8.148978553204e+03 
       1.583590973917e-02       8.149498669740e+03 
       1.584320513133e-02       8.150017091510e+03 
       1.585050104479e-02       8.150533819393e+03 
       1.585779748010e-02       8.151048854272e+03 
       1.586509443777e-02       8.151562197029e+03 
       1.587239191834e-02       8.152073848546e+03 
       1.587968992235e-02       8.152583809711e+03 
       1.588698845033e-02       8.153092081418e+03 
       1.589428750281e-02       8.153598664574e+03 
       1.590158708033e-02       8.154103539841e+03 
       1.590888718341e-02       8.154606749567e+03 
       1.591618781261e-02       8.155108270447e+03 
       1.592348896845e-02       8.155608106015e+03 
       1.593079065148e-02       8.156106257139e+03 
       1.593809286223e-02       8.156602724691e+03 
       1.594539560124e-02       8.157097509546e+03 
       1.595269886906e-02       8.157590612582e+03 
       1.596000266622e-02       8.158082034677e+03 
       1.596730699326e-02       8.158571776711e+03 
       1.597461185074e-02       8.159059839569e+03 
       1.598191723918e-02       8.159546214562e+03 
       1.598922315914e-02       8.160030920817e+03 
       1.599652961116e-02       8.160513950296e+03 
       1.600383659579e-02       8.160995303922e+03 
       1.601114411357e-02       8.161474982560e+03 
       1.601845216506e-02       8.161952987079e+03 
       1.602576075079e-02       8.162429318351e+03 
       1.603306987132e-02       8.162903977253e+03 
       1.604037952720e-02       8.163376964670e+03 
       1.604768971897e-02       8.163848281182e+03 
       1.605500044720e-02       8.164317915246e+03 
       1.606231171242e-02       8.164785892240e+03 
       1.606962351521e-02       8.165252201050e+03 
       1.607693585610e-02       8.165716842551e+03 
       1.608424873565e-02       8.166179814789e+03 
       1.609156215442e-02       8.166641122245e+03 
       1.609887611296e-02       8.167100766494e+03 
       1.610619061184e-02       8.167558746801e+03 
       1.611350565161e-02       8.168015064022e+03 
       1.612082123282e-02       8.168469719017e+03 
       1.612813735604e-02       8.168922712649e+03 
       1.613545402182e-02       8.169374045789e+03 
       1.614277123074e-02       8.169823719307e+03 
       1.615008898334e-02       8.170271734094e+03 
       1.615740728020e-02       8.170718091047e+03 
       1.616472612187e-02       8.171162771235e+03 
       1.617204550892e-02       8.171605814594e+03 
       1.617936544191e-02       8.172047201223e+03 
       1.618668592142e-02       8.172486933176e+03 
       1.619400694800e-02       8.172925011302e+03 
       1.620132852223e-02       8.173361436454e+03 
       1.620865064467e-02       8.173796209481e+03 
       1.621597331589e-02       8.174229331242e+03 
       1.622329653646e-02       8.174660802583e+03 
       1.623062030695e-02       8.175090624370e+03 
       1.623794462794e-02       8.175518797470e+03 
       1.624526949999e-02       8.175945312710e+03 
       1.625259492368e-02       8.176370190110e+03 
       1.625992089959e-02       8.176793421195e+03 
       1.626724742828e-02       8.177215006862e+03 
       1.627457451034e-02       8.177634947965e+03 
       1.628190214633e-02       8.178053245355e+03 
       1.628923033684e-02       8.178469895320e+03 
       1.629655908245e-02       8.178884907564e+03 
       1.630388838373e-02       8.179298273779e+03 
       1.631121824126e-02       8.179710004227e+03 
       1.631854865563e-02       8.180120094880e+03 
       1.632587962741e-02       8.180528546786e+03 
       1.633321115719e-02       8.180935360787e+03 
       1.634054324555e-02       8.181340537740e+03 
       1.634787589308e-02       8.181744078486e+03 
       1.635520910035e-02       8.182145983888e+03 
       1.636254286796e-02       8.182546254806e+03 
       1.636987719649e-02       8.182944892114e+03 
       1.637721208653e-02       8.183341896680e+03 
       1.638454753867e-02       8.183737250167e+03 
       1.639188355349e-02       8.184130989743e+03 
       1.639922013158e-02       8.184523099130e+03 
       1.640655727354e-02       8.184913578879e+03 
       1.641389497996e-02       8.185302429825e+03 
       1.642123325143e-02       8.185689652806e+03 
       1.642857208854e-02       8.186075248658e+03 
       1.643591149189e-02       8.186459218223e+03 
       1.644325146206e-02       8.186841562343e+03 
       1.645059199967e-02       8.187222281866e+03 
       1.645793310530e-02       8.187601377450e+03 
       1.646527477954e-02       8.187978840021e+03 
       1.647261702301e-02       8.188354689869e+03 
       1.647995983630e-02       8.188728918341e+03 
       1.648730322000e-02       8.189101526280e+03 
       1.649464717472e-02       8.189472514557e+03 
       1.650199170106e-02       8.189841883910e+03 
       1.650933679963e-02       8.190209635280e+03 
       1.651668247102e-02       8.190575769482e+03 
       1.652402871584e-02       8.190940287369e+03 
       1.653137553470e-02       8.191303190105e+03 
       1.653872292820e-02       8.191664462904e+03 
       1.654607089694e-02       8.192024135546e+03 
       1.655341944154e-02       8.192382195028e+03 
       1.656076856261e-02       8.192738642184e+03 
       1.656811826075e-02       8.193093472091e+03 
       1.657546853658e-02       8.193446697539e+03 
       1.658281939070e-02       8.193798312200e+03 
       1.659017082372e-02       8.194148317792e+03 
       1.659752283627e-02       8.194496715149e+03 
       1.660487542895e-02       8.194843505097e+03 
       1.661222860238e-02       8.195188688467e+03 
       1.661958235717e-02       8.195532266111e+03 
       1.662693669395e-02       8.195874238858e+03 
       1.663429161332e-02       8.196214607567e+03 
       1.664164711591e-02       8.196553373099e+03 
       1.664900320233e-02       8.196890515773e+03 
       1.665635987321e-02       8.197226075709e+03 
       1.666371712916e-02       8.197560034545e+03 
       1.667107497081e-02       8.197892393214e+03 
       1.667843339878e-02       8.198223152541e+03 
       1.668579241369e-02       8.198552313349e+03 
       1.669315201617e-02       8.198879876468e+03 
       1.670051220684e-02       8.199205842723e+03 
       1.670787298633e-02       8.199530212950e+03 
       1.671523435526e-02       8.199852987972e+03 
       1.672259631427e-02       8.200174168634e+03 
       1.672995886399e-02       8.200493744786e+03 
       1.673732200503e-02       8.200811738262e+03 
       1.674468573804e-02       8.201128139613e+03 
       1.675205006364e-02       8.201442949727e+03 
       1.675941498246e-02       8.201756169420e+03 
       1.676678049515e-02       8.202067799511e+03 
       1.677414660233e-02       8.202377840823e+03 
       1.678151330464e-02       8.202686294191e+03 
       1.678888060272e-02       8.202993160450e+03 
       1.679624849719e-02       8.203298440445e+03 
       1.680361698871e-02       8.203602119800e+03 
       1.681098607790e-02       8.203904228465e+03 
       1.681835576541e-02       8.204204753034e+03 
       1.682572605188e-02       8.204503694427e+03 
       1.683309693795e-02       8.204801055487e+03 
       1.684046842426e-02       8.205096825490e+03 
       1.684784051146e-02       8.205391021714e+03 
       1.685521320018e-02       8.205683637933e+03 
       1.686258649108e-02       8.205974674958e+03 
       1.686996038480e-02       8.206264133597e+03 
       1.687733488199e-02       8.206552014666e+03 
       1.688470998329e-02       8.206838318985e+03 
       1.689208568936e-02       8.207123047378e+03 
       1.689946200084e-02       8.207406200681e+03 
       1.690683891838e-02       8.207687779751e+03 
       1.691421644264e-02       8.207967793356e+03 
       1.692159457427e-02       8.208246195942e+03 
       1.692897331392e-02       8.208523055140e+03 
       1.693635266225e-02       8.208798343067e+03 
       1.694373261990e-02       8.209072060526e+03 
       1.695111318754e-02       8.209344208322e+03 
       1.695849436583e-02       8.209614787262e+03 
       1.696587615542e-02       8.209883798162e+03 
       1.697325855697e-02       8.210151241804e+03 
       1.698064157114e-02       8.210417119013e+03 
       1.698802519859e-02       8.210681430607e+03 
       1.699540943999e-02       8.210944181474e+03 
       1.700279429599e-02       8.211205348289e+03 
       1.701017976726e-02       8.211464966803e+03 
       1.701756585447e-02       8.211723022778e+03 
       1.702495255827e-02       8.211979517014e+03 
       1.703233987934e-02       8.212234450315e+03 
       1.703972781835e-02       8.212487823488e+03 
       1.704711637596e-02       8.212739637346e+03 
       1.705450555284e-02       8.212989892705e+03 
       1.706189534966e-02       8.213238590423e+03 
       1.706928576709e-02       8.213485735246e+03 
       1.707667680581e-02       8.213731299637e+03 
       1.708406846649e-02       8.213975327686e+03 
       1.709146074980e-02       8.214217801074e+03 
       1.709885365642e-02       8.214458720607e+03 
       1.710624718702e-02       8.214698080753e+03 
       1.711364134228e-02       8.214935895385e+03 
       1.712103612288e-02       8.215172157557e+03 
       1.712843152949e-02       8.215406868979e+03 
       1.713582756280e-02       8.215640030446e+03 
       1.714322422349e-02       8.215871642755e+03 
       1.715062151224e-02       8.216101706706e+03 
       1.715801942974e-02       8.216330222266e+03 
       1.716541797665e-02       8.216557190922e+03 
       1.717281715368e-02       8.216782613657e+03 
       1.718021696151e-02       8.217006491305e+03 
       1.718761740081e-02       8.217228817485e+03 
       1.719501847229e-02       8.217449590582e+03 
       1.720242017663e-02       8.217668835585e+03 
       1.720982251451e-02       8.217886538294e+03 
       1.721722548664e-02       8.218102699640e+03 
       1.722462909369e-02       8.218317320345e+03 
       1.723203333637e-02       8.218530401199e+03 
       1.723943821536e-02       8.218741942996e+03 
       1.724684373137e-02       8.218951946527e+03 
       1.725424988508e-02       8.219160412587e+03 
       1.726165667720e-02       8.219367341980e+03 
       1.726906410841e-02       8.219572740458e+03 
       1.727647217942e-02       8.219776581477e+03 
       1.728388089094e-02       8.219978904504e+03 
       1.729129024365e-02       8.220179693868e+03 
       1.729870023826e-02       8.220378950353e+03 
       1.730611087547e-02       8.220576674670e+03 
       1.731352215599e-02       8.220772867742e+03 
       1.732093408052e-02       8.220967530301e+03 
       1.732834664976e-02       8.221160663143e+03 
       1.733575986443e-02       8.221352267077e+03 
       1.734317372522e-02       8.221542345906e+03 
       1.735058823285e-02       8.221730874513e+03 
       1.735800338803e-02       8.221917894998e+03 
       1.736541919147e-02       8.222103389511e+03 
       1.737283564387e-02       8.222287358842e+03 
       1.738025274596e-02       8.222469799911e+03 
       1.738767049844e-02       8.222650719106e+03 
       1.739508890203e-02       8.222830117029e+03 
       1.740250795745e-02       8.223007992817e+03 
       1.740992766540e-02       8.223184347157e+03 
       1.741734802662e-02       8.223359180984e+03 
       1.742476904181e-02       8.223532495012e+03 
       1.743219071170e-02       8.223704290030e+03 
       1.743961303701e-02       8.223874566827e+03 
       1.744703601845e-02       8.224043326204e+03 
       1.745445965676e-02       8.224210568971e+03 
       1.746188395265e-02       8.224376305256e+03 
       1.746930890685e-02       8.224540483607e+03 
       1.747673452008e-02       8.224703179142e+03 
       1.748416079308e-02       8.224864360798e+03 
       1.749158772657e-02       8.225024029469e+03 
       1.749901532128e-02       8.225182185883e+03 
       1.750644357793e-02       8.225338830730e+03 
       1.751387249727e-02       8.225493964926e+03 
       1.752130208001e-02       8.225647589183e+03 
       1.752873232690e-02       8.225799704279e+03 
       1.753616323867e-02       8.225950311001e+03 
       1.754359481605e-02       8.226099411998e+03 
       1.755102705978e-02       8.226246989879e+03 
       1.755845997060e-02       8.226393075028e+03 
       1.756589354924e-02       8.226537654761e+03 
       1.757332779645e-02       8.226680729758e+03 
       1.758076271295e-02       8.226822300874e+03 
       1.758819829951e-02       8.226962368849e+03 
       1.759563455685e-02       8.227100934458e+03 
       1.760307148573e-02       8.227237998483e+03 
       1.761050908687e-02       8.227373561614e+03 
       1.761794736105e-02       8.227507624686e+03 
       1.762538630898e-02       8.227640171809e+03 
       1.763282593144e-02       8.227771235805e+03 
       1.764026622916e-02       8.227900801893e+03 
       1.764770720289e-02       8.228028870845e+03 
       1.765514885338e-02       8.228155445122e+03 
       1.766259118140e-02       8.228280514315e+03 
       1.767003418768e-02       8.228404095827e+03 
       1.767747787299e-02       8.228526183155e+03 
       1.768492223808e-02       8.228646777060e+03 
       1.769236728370e-02       8.228765878296e+03 
       1.769981301061e-02       8.228883487633e+03 
       1.770725941958e-02       8.228999605753e+03 
       1.771470651135e-02       8.229114233573e+03 
       1.772215428670e-02       8.229227371809e+03 
       1.772960274638e-02       8.229339021246e+03 
       1.773705189116e-02       8.229449182550e+03 
       1.774450172179e-02       8.229557832666e+03 
       1.775195223905e-02       8.229665018259e+03 
       1.775940344369e-02       8.229770717813e+03 
       1.776685533650e-02       8.229874932080e+03 
       1.777430791823e-02       8.229977661810e+03 
       1.778176118965e-02       8.230078907761e+03 
       1.778921515154e-02       8.230178670686e+03 
       1.779666980467e-02       8.230276951342e+03 
       1.780412514980e-02       8.230373750411e+03 
       1.781158118771e-02       8.230469068787e+03 
       1.781903791919e-02       8.230562907130e+03 
       1.782649534499e-02       8.230655253752e+03 
       1.783395346591e-02       8.230746133410e+03 
       1.784141228271e-02       8.230835535127e+03 
       1.784887179618e-02       8.230923459699e+03 
       1.785633200710e-02       8.231009907878e+03 
       1.786379291625e-02       8.231094880412e+03 
       1.787125452440e-02       8.231178378070e+03 
       1.787871683236e-02       8.231260401603e+03 
       1.788617984089e-02       8.231340951781e+03 
       1.789364355079e-02       8.231420029385e+03 
       1.790110796284e-02       8.231497615472e+03 
       1.790857307783e-02       8.231573751412e+03 
       1.791603889655e-02       8.231648414138e+03 
       1.792350541979e-02       8.231721607067e+03 
       1.793097264834e-02       8.231793330738e+03 
       1.793844058300e-02       8.231863580550e+03 
       1.794590922455e-02       8.231932368047e+03 
       1.795337857380e-02       8.231999688644e+03 
       1.796084863153e-02       8.232065543077e+03 
       1.796831939856e-02       8.232129932092e+03 
       1.797579087566e-02       8.232192856435e+03 
       1.798326306365e-02       8.232254316856e+03 
       1.799073596333e-02       8.232314314109e+03 
       1.799820957548e-02       8.232372848956e+03 
       1.800568390093e-02       8.232429922086e+03 
       1.801315894047e-02       8.232485534417e+03 
       1.802063469491e-02       8.232539662898e+03 
       1.802811116506e-02       8.232592353257e+03 
       1.803558835171e-02       8.232643585116e+03 
       1.804306625569e-02       8.232693358764e+03 
       1.805054487779e-02       8.232741674932e+03 
       1.805802421884e-02       8.232788534357e+03 
       1.806550427964e-02       8.232833937772e+03 
       1.807298506100e-02       8.232877885912e+03 
       1.808046656375e-02       8.232920379515e+03 
       1.808794878869e-02       8.232961419329e+03 
       1.809543173664e-02       8.233001006105e+03 
       1.810291540843e-02       8.233039128126e+03 
       1.811039980487e-02       8.233075809848e+03 
       1.811788492677e-02       8.233111040710e+03 
       1.812537077497e-02       8.233144821311e+03 
       1.813285735028e-02       8.233177152384e+03 
       1.814034465353e-02       8.233208034662e+03 
       1.814783268554e-02       8.233237468882e+03 
       1.815532144714e-02       8.233265455782e+03 
       1.816281093916e-02       8.233291996112e+03 
       1.817030116242e-02       8.233317090625e+03 
       1.817779211775e-02       8.233340746713e+03 
       1.818528380600e-02       8.233362926929e+03 
       1.819277622797e-02       8.233383686847e+03 
       1.820026938452e-02       8.233403003667e+03 
       1.820776327648e-02       8.233420878035e+03 
       1.821525790467e-02       8.233437303892e+03 
       1.822275326994e-02       8.233452296241e+03 
       1.823024937313e-02       8.233465847338e+03 
       1.823774621508e-02       8.233477958888e+03 
       1.824524379661e-02       8.233488631618e+03 
       1.825274211859e-02       8.233497866259e+03 
       1.826024118184e-02       8.233505663537e+03 
       1.826774098722e-02       8.233512024185e+03 
       1.827524153557e-02       8.233516948943e+03 
       1.828274282773e-02       8.233520438562e+03 
       1.829024486455e-02       8.233522493797e+03 
       1.829774764689e-02       8.233523125529e+03 
       1.830525117559e-02       8.233522278126e+03 
       1.831275545150e-02       8.233520032269e+03 
       1.832026047548e-02       8.233516354688e+03 
       1.832776624838e-02       8.233511246025e+03 
       1.833527277106e-02       8.233504706994e+03 
       1.834278004436e-02       8.233496738316e+03 
       1.835028806916e-02       8.233487340705e+03 
       1.835779684630e-02       8.233476514889e+03 
       1.836530637665e-02       8.233464261597e+03 
       1.837281666107e-02       8.233450581559e+03 
       1.838032770041e-02       8.233435476731e+03 
       1.838783949556e-02       8.233418930789e+03 
       1.839535204736e-02       8.233400973711e+03 
       1.840286535669e-02       8.233381592610e+03 
       1.841037942441e-02       8.233360788105e+03 
       1.841789425139e-02       8.233338561062e+03 
       1.842540983851e-02       8.233314912130e+03 
       1.843292618662e-02       8.233289842030e+03 
       1.844044329662e-02       8.233263351487e+03 
       1.844796116936e-02       8.233235441228e+03 
       1.845547980572e-02       8.233206111996e+03 
       1.846299920659e-02       8.233175346860e+03 
       1.847051937283e-02       8.233143180038e+03 
       1.847804030532e-02       8.233109596470e+03 
       1.848556200496e-02       8.233074596569e+03 
       1.849308447261e-02       8.233038181676e+03 
       1.850060770916e-02       8.233000344308e+03 
       1.850813171549e-02       8.232961099055e+03 
       1.851565649249e-02       8.232920440289e+03 
       1.852318204105e-02       8.232878368655e+03 
       1.853070836205e-02       8.232834884860e+03 
       1.853823545638e-02       8.232789989613e+03 
       1.854576332493e-02       8.232743683628e+03 
       1.855329196859e-02       8.232695967623e+03 
       1.856082138826e-02       8.232646842322e+03 
       1.856835158483e-02       8.232596308452e+03 
       1.857588255919e-02       8.232544366751e+03 
       1.858341431224e-02       8.232490992834e+03 
       1.859094684488e-02       8.232436235295e+03 
       1.859848015802e-02       8.232380071982e+03 
       1.860601425254e-02       8.232322503356e+03 
       1.861354912935e-02       8.232263530019e+03 
       1.862108478935e-02       8.232203152835e+03 
       1.862862123345e-02       8.232141372430e+03 
       1.863615846256e-02       8.232078189510e+03 
       1.864369647757e-02       8.232013604784e+03 
       1.865123527941e-02       8.231947618958e+03 
       1.865877486897e-02       8.231880232747e+03 
       1.866631524718e-02       8.231811450990e+03 
       1.867385641493e-02       8.231741247967e+03 
       1.868139837315e-02       8.231669663622e+03 
       1.868894112276e-02       8.231596681525e+03 
       1.869648466465e-02       8.231522302367e+03 
       1.870402899976e-02       8.231446526851e+03 
       1.871157412901e-02       8.231369355592e+03 
       1.871912005331e-02       8.231290789447e+03 
       1.872666677358e-02       8.231210829061e+03 
       1.873421429075e-02       8.231129475148e+03 
       1.874176260574e-02       8.231046727921e+03 
       1.874931171948e-02       8.230962570870e+03 
       1.875686163289e-02       8.230877039092e+03 
       1.876441234690e-02       8.230790116366e+03 
       1.877196386245e-02       8.230701803401e+03 
       1.877951618046e-02       8.230612103335e+03 
       1.878706930186e-02       8.230521002942e+03 
       1.879462322759e-02       8.230428522858e+03 
       1.880217795859e-02       8.230334655220e+03 
       1.880973349578e-02       8.230239400630e+03 
       1.881728984012e-02       8.230142759919e+03 
       1.882484699253e-02       8.230044733719e+03 
       1.883240495396e-02       8.229945322731e+03 
       1.883996372534e-02       8.229844527670e+03 
       1.884752330763e-02       8.229742349198e+03 
       1.885508370176e-02       8.229638788077e+03 
       1.886264490869e-02       8.229533844891e+03 
       1.887020692936e-02       8.229427494320e+03 
       1.887776976471e-02       8.229319787495e+03 
       1.888533341570e-02       8.229210700308e+03 
       1.889289788328e-02       8.229100233617e+03 
       1.890046316841e-02       8.228988388104e+03 
       1.890802927203e-02       8.228875164454e+03 
       1.891559619510e-02       8.228760563257e+03 
       1.892316393858e-02       8.228644585360e+03 
       1.893073250343e-02       8.228527231369e+03 
       1.893830189061e-02       8.228408501974e+03 
       1.894587210107e-02       8.228288397879e+03 
       1.895344313579e-02       8.228166921365e+03 
       1.896101499571e-02       8.228044053917e+03 
       1.896858768182e-02       8.227919828606e+03 
       1.897616119508e-02       8.227794231158e+03 
       1.898373553645e-02       8.227667262255e+03 
       1.899131070690e-02       8.227538922582e+03 
       1.899888670741e-02       8.227409212821e+03 
       1.900646353895e-02       8.227278133658e+03 
       1.901404120249e-02       8.227145685700e+03 
       1.902161969900e-02       8.227011869802e+03 
       1.902919902947e-02       8.226876685920e+03 
       1.903677919487e-02       8.226740117617e+03 
       1.904436019618e-02       8.226602200256e+03 
       1.905194203438e-02       8.226462917396e+03 
       1.905952471045e-02       8.226322269714e+03 
       1.906710822539e-02       8.226180259613e+03 
       1.907469258016e-02       8.226036877119e+03 
       1.908227777577e-02       8.225892138557e+03 
       1.908986381319e-02       8.225746037803e+03 
       1.909745069342e-02       8.225598575535e+03 
       1.910503841745e-02       8.225449752435e+03 
       1.911262698626e-02       8.225299569100e+03 
       1.912021640087e-02       8.225148026379e+03 
       1.912780666225e-02       8.224995124849e+03 
       1.913539777141e-02       8.224840864488e+03 
       1.914298972934e-02       8.224685226452e+03 
       1.915058253705e-02       8.224528250937e+03 
       1.915817619554e-02       8.224369919135e+03 
       1.916577070580e-02       8.224210231674e+03 
       1.917336606884e-02       8.224049189232e+03 
       1.918096228568e-02       8.223886792476e+03 
       1.918855935730e-02       8.223723042075e+03 
       1.919615728473e-02       8.223557938705e+03 
       1.920375606898e-02       8.223391483039e+03 
       1.921135571105e-02       8.223223664568e+03 
       1.921895621196e-02       8.223054505248e+03 
       1.922655757271e-02       8.222883995661e+03 
       1.923415979434e-02       8.222712136317e+03 
       1.924176287786e-02       8.222538927887e+03 
       1.924936682428e-02       8.222364371047e+03 
       1.925697163462e-02       8.222188466480e+03 
       1.926457730991e-02       8.222011214864e+03 
       1.927218385117e-02       8.221832608942e+03 
       1.927979125943e-02       8.221652656919e+03 
       1.928739953570e-02       8.221471366818e+03 
       1.929500868103e-02       8.221288732173e+03 
       1.930261869644e-02       8.221104743904e+03 
       1.931022958295e-02       8.220919421132e+03 
       1.931784134161e-02       8.220732755745e+03 
       1.932545397345e-02       8.220544748378e+03 
       1.933306747949e-02       8.220355399612e+03 
       1.934068186079e-02       8.220164710097e+03 
       1.934829711837e-02       8.219972680486e+03 
       1.935591325328e-02       8.219779311433e+03 
       1.936353026656e-02       8.219584603601e+03 
       1.937114815925e-02       8.219388557655e+03 
       1.937876693240e-02       8.219191174257e+03 
       1.938638658705e-02       8.218992454069e+03 
       1.939400712426e-02       8.218792397759e+03 
       1.940162854506e-02       8.218591006011e+03 
       1.940925085051e-02       8.218388279513e+03 
       1.941687404167e-02       8.218184218875e+03 
       1.942449811959e-02       8.217978824941e+03 
       1.943212308532e-02       8.217772053059e+03 
       1.943974893991e-02       8.217563995720e+03 
       1.944737568444e-02       8.217354602023e+03 
       1.945500331996e-02       8.217143877023e+03 
       1.946263184752e-02       8.216931821492e+03 
       1.947026126820e-02       8.216718436026e+03 
       1.947789158306e-02       8.216503721267e+03 
       1.948552279316e-02       8.216287677864e+03 
       1.949315489958e-02       8.216070306462e+03 
       1.950078790338e-02       8.215851607702e+03 
       1.950842180563e-02       8.215631582228e+03 
       1.951605660741e-02       8.215410230688e+03 
       1.952369230979e-02       8.215187553626e+03 
       1.953132891385e-02       8.214963551884e+03 
       1.953896642066e-02       8.214738226032e+03 
       1.954660483131e-02       8.214511576731e+03 
       1.955424414687e-02       8.214283604651e+03 
       1.956188436843e-02       8.214054306994e+03 
       1.956952549707e-02       8.213823671844e+03 
       1.957716753387e-02       8.213591733406e+03 
       1.958481047993e-02       8.213358474499e+03 
       1.959245433633e-02       8.213123895781e+03 
       1.960009910416e-02       8.212887997868e+03 
       1.960774478452e-02       8.212650781407e+03 
       1.961539137850e-02       8.212412247037e+03 
       1.962303888719e-02       8.212172395290e+03 
       1.963068731168e-02       8.211931226987e+03 
       1.963833665309e-02       8.211688742695e+03 
       1.964598691251e-02       8.211444943064e+03 
       1.965363809104e-02       8.211199828745e+03 
       1.966129018978e-02       8.210953400392e+03 
       1.966894320984e-02       8.210705658672e+03 
       1.967659715233e-02       8.210456604272e+03 
       1.968425201835e-02       8.210206203255e+03 
       1.969190780901e-02       8.209954528069e+03 
       1.969956452543e-02       8.209701536806e+03 
       1.970722216872e-02       8.209447235065e+03 
       1.971488074000e-02       8.209191623482e+03 
       1.972254024037e-02       8.208934702591e+03 
       1.973020067096e-02       8.208676473203e+03 
       1.973786203290e-02       8.208416938636e+03 
       1.974552432729e-02       8.208156084007e+03 
       1.975318755526e-02       8.207893932073e+03 
       1.976085171795e-02       8.207630473999e+03 
       1.976851681646e-02       8.207365710417e+03 
       1.977618285195e-02       8.207099641950e+03 
       1.978384982552e-02       8.206832269244e+03 
       1.979151773832e-02       8.206563592923e+03 
       1.979918659148e-02       8.206293613638e+03 
       1.980685638613e-02       8.206022332038e+03 
       1.981452712341e-02       8.205749748788e+03 
       1.982219880446e-02       8.205475864405e+03 
       1.982987143042e-02       8.205200649015e+03 
       1.983754500243e-02       8.204924165097e+03 
       1.984521952163e-02       8.204646379072e+03 
       1.985289498917e-02       8.204367294229e+03 
       1.986057140620e-02       8.204086911182e+03 
       1.986824877387e-02       8.203805230552e+03 
       1.987592709331e-02       8.203522252960e+03 
       1.988360636570e-02       8.203237979032e+03 
       1.989128659218e-02       8.202952409393e+03 
       1.989896777390e-02       8.202665544671e+03 
       1.990664991203e-02       8.202377385498e+03 
       1.991433300772e-02       8.202087932467e+03 
       1.992201706213e-02       8.201797171115e+03 
       1.992970207643e-02       8.201505131151e+03 
       1.993738805178e-02       8.201211799056e+03 
       1.994507498935e-02       8.200917175453e+03 
       1.995276289030e-02       8.200621260962e+03 
       1.996045175581e-02       8.200324056205e+03 
       1.996814158704e-02       8.200025561807e+03 
       1.997583238517e-02       8.199725778392e+03 
       1.998352415137e-02       8.199424706591e+03 
       1.999121688682e-02       8.199122347042e+03 
       1.999891059270e-02       8.198818708826e+03 
       2.000660527019e-02       8.198513745945e+03 
       2.001430092046e-02       8.198207525188e+03 
       2.002199754471e-02       8.197900018825e+03 
       2.002969514412e-02       8.197591227656e+03 
       2.003739371987e-02       8.197281148983e+03 
       2.004509327316e-02       8.196969785589e+03 
       2.005279380518e-02       8.196657142829e+03 
       2.006049531711e-02       8.196343217547e+03 
       2.006819781015e-02       8.196028010354e+03 
       2.007590128551e-02       8.195711521861e+03 
       2.008360574437e-02       8.195393752687e+03 
       2.009131118793e-02       8.195074703449e+03 
       2.009901761741e-02       8.194754374766e+03 
       2.010672503399e-02       8.194432767262e+03 
       2.011443343890e-02       8.194109881575e+03 
       2.012214283332e-02       8.193785718354e+03 
       2.012985321848e-02       8.193460249915e+03 
       2.013756459558e-02       8.193133530477e+03 
       2.014527696584e-02       8.192805535732e+03 
       2.015299033046e-02       8.192476265499e+03 
       2.016070469067e-02       8.192145720438e+03 
       2.016842004769e-02       8.191813901130e+03 
       2.017613640273e-02       8.191480808180e+03 
       2.018385375702e-02       8.191146442189e+03 
       2.019157211177e-02       8.190810803763e+03 
       2.019929146822e-02       8.190473893512e+03 
       2.020701182759e-02       8.190135712051e+03 
       2.021473319111e-02       8.189796259994e+03 
       2.022245556001e-02       8.189455519987e+03 
       2.023017893553e-02       8.189113529985e+03 
       2.023790331890e-02       8.188770268397e+03 
       2.024562871135e-02       8.188425738516e+03 
       2.025335511413e-02       8.188079940705e+03 
       2.026108252847e-02       8.187732875794e+03 
       2.026881095561e-02       8.187384544303e+03 
       2.027654039681e-02       8.187034946835e+03 
       2.028427085331e-02       8.186684084001e+03 
       2.029200232635e-02       8.186331956418e+03 
       2.029973481718e-02       8.185978564714e+03 
       2.030746832706e-02       8.185623887696e+03 
       2.031520285724e-02       8.185267968636e+03 
       2.032293840898e-02       8.184910786302e+03 
       2.033067498352e-02       8.184552341897e+03 
       2.033841258214e-02       8.184192636209e+03 
       2.034615120610e-02       8.183831662777e+03 
       2.035389085664e-02       8.183469435452e+03 
       2.036163153505e-02       8.183105948572e+03 
       2.036937324259e-02       8.182741202600e+03 
       2.037711598052e-02       8.182375198127e+03 
       2.038485975013e-02       8.182007935744e+03 
       2.039260455267e-02       8.181639416038e+03 
       2.040035038943e-02       8.181269639607e+03 
       2.040809726168e-02       8.180898607053e+03 
       2.041584517070e-02       8.180526318987e+03 
       2.042359411777e-02       8.180152776030e+03 
       2.043134410417e-02       8.179777980145e+03 
       2.043909513119e-02       8.179401898012e+03 
       2.044684720012e-02       8.179024591621e+03 
       2.045460031224e-02       8.178646032402e+03 
       2.046235446884e-02       8.178266220929e+03 
       2.047010967122e-02       8.177885157780e+03 
       2.047786592067e-02       8.177502843535e+03 
       2.048562321849e-02       8.177119278782e+03 
       2.049338156597e-02       8.176734464098e+03 
       2.050114096441e-02       8.176348400075e+03 
       2.050890141512e-02       8.175961087302e+03 
       2.051666291940e-02       8.175572526370e+03 
       2.052442547856e-02       8.175182724142e+03 
       2.053218909391e-02       8.174791646274e+03 
       2.053995376675e-02       8.174399343059e+03 
       2.054771949840e-02       8.174005793835e+03 
       2.055548629017e-02       8.173611004916e+03 
       2.056325414338e-02       8.173214965892e+03 
       2.057102305935e-02       8.172817682698e+03 
       2.057879303940e-02       8.172419155536e+03 
       2.058656408484e-02       8.172019364923e+03 
       2.059433619701e-02       8.171618351188e+03 
       2.060210937723e-02       8.171216095320e+03 
       2.060988362683e-02       8.170812597977e+03 
       2.061765894714e-02       8.170407861090e+03 
       2.062543533949e-02       8.170001873775e+03 
       2.063321280522e-02       8.169594654734e+03 
       2.064099134566e-02       8.169186196505e+03 
       2.064877096215e-02       8.168776499573e+03 
       2.065655165604e-02       8.168365564509e+03 
       2.066433342866e-02       8.167953391886e+03 
       2.067211628136e-02       8.167539982285e+03 
       2.067990021550e-02       8.167125336290e+03 
       2.068768523240e-02       8.166709454489e+03 
       2.069547133344e-02       8.166292337483e+03 
       2.070325851995e-02       8.165873985869e+03 
       2.071104679331e-02       8.165454365706e+03 
       2.071883615485e-02       8.165033549726e+03 
       2.072662660595e-02       8.164611495224e+03 
       2.073441814797e-02       8.164188207952e+03 
       2.074221078226e-02       8.163763688678e+03 
       2.075000451020e-02       8.163337937874e+03 
       2.075779933315e-02       8.162910956108e+03 
       2.076559525248e-02       8.162482743948e+03 
       2.077339226957e-02       8.162053301965e+03 
       2.078119038579e-02       8.161622630730e+03 
       2.078898960251e-02       8.161190730817e+03 
       2.079678992111e-02       8.160757605876e+03 
       2.080459134299e-02       8.160323231320e+03 
       2.081239386950e-02       8.159887647520e+03 
       2.082019750205e-02       8.159450837134e+03 
       2.082800224202e-02       8.159012800713e+03 
       2.083580809080e-02       8.158573538707e+03 
       2.084361504978e-02       8.158133051878e+03 
       2.085142312035e-02       8.157691340711e+03 
       2.085923230392e-02       8.157248405779e+03 
       2.086704260187e-02       8.156804247656e+03 
       2.087485401560e-02       8.156358866919e+03 
       2.088266654653e-02       8.155912239282e+03 
       2.089048019605e-02       8.155464417257e+03 
       2.089829496558e-02       8.155015370251e+03 
       2.090611085651e-02       8.154565102652e+03 
       2.091392787026e-02       8.154113614962e+03 
       2.092174600825e-02       8.153660900549e+03 
       2.092956527189e-02       8.153206973927e+03 
       2.093738566259e-02       8.152751828731e+03 
       2.094520718178e-02       8.152295465710e+03 
       2.095302983088e-02       8.151837885321e+03 
       2.096085361131e-02       8.151379088125e+03 
       2.096867852450e-02       8.150919074675e+03 
       2.097650457188e-02       8.150457845534e+03 
       2.098433175488e-02       8.149995401271e+03 
       2.099216007493e-02       8.149531742467e+03 
       2.099998953347e-02       8.149066869702e+03 
       2.100782013194e-02       8.148600795483e+03 
       2.101565187177e-02       8.148133453357e+03 
       2.102348475441e-02       8.147664939613e+03 
       2.103131878130e-02       8.147195213768e+03 
       2.103915395389e-02       8.146724276288e+03 
       2.104699027362e-02       8.146252127905e+03 
       2.105482774196e-02       8.145778769069e+03 
       2.106266636035e-02       8.145304200330e+03 
       2.107050613024e-02       8.144828422234e+03 
       2.107834705310e-02       8.144351435331e+03 
       2.108618913039e-02       8.143873240173e+03 
       2.109403236356e-02       8.143393837312e+03 
       2.110187675409e-02       8.142913211815e+03 
       2.110972230345e-02       8.142431393721e+03 
       2.111756901309e-02       8.141948369660e+03 
       2.112541688449e-02       8.141464139908e+03 
       2.113326591913e-02       8.140978704994e+03 
       2.114111611848e-02       8.140492065340e+03 
       2.114896748403e-02       8.140004221706e+03 
       2.115682001724e-02       8.139515174551e+03 
       2.116467371962e-02       8.139024924428e+03 
       2.117252859263e-02       8.138533471896e+03 
       2.118038463778e-02       8.138040824108e+03 
       2.118824185654e-02       8.137546939482e+03 
       2.119610025042e-02       8.137051881263e+03 
       2.120395982091e-02       8.136555622578e+03 
       2.121182056950e-02       8.136058163963e+03 
       2.121968249770e-02       8.135559506741e+03 
       2.122754560700e-02       8.135059641257e+03 
       2.123540989892e-02       8.134558585324e+03 
       2.124327537496e-02       8.134056331579e+03 
       2.125114203662e-02       8.133552880476e+03 
       2.125900988543e-02       8.133048232542e+03 
       2.126687892289e-02       8.132542388328e+03 
       2.127474915052e-02       8.132035348362e+03 
       2.128262056984e-02       8.131527113195e+03 
       2.129049318238e-02       8.131017683376e+03 
       2.129836698964e-02       8.130507059465e+03 
       2.130624199317e-02       8.129995241832e+03 
       2.131411819449e-02       8.129482201055e+03 
       2.132199559513e-02       8.128967995657e+03 
       2.132987419662e-02       8.128452598136e+03 
       2.133775400051e-02       8.127936008765e+03 
       2.134563500832e-02       8.127418228237e+03 
       2.135351722160e-02       8.126899256996e+03 
       2.136140064189e-02       8.126379095562e+03 
       2.136928527074e-02       8.125857744471e+03 
       2.137717110969e-02       8.125335204245e+03 
       2.138505816030e-02       8.124811475414e+03 
       2.139294642412e-02       8.124286558516e+03 
       2.140083590271e-02       8.123760459462e+03 
       2.140872659761e-02       8.123233146022e+03 
       2.141661851040e-02       8.122704666784e+03 
       2.142451164264e-02       8.122175001401e+03 
       2.143240599588e-02       8.121644150389e+03 
       2.144030157170e-02       8.121112114160e+03 
       2.144819837168e-02       8.120578893423e+03 
       2.145609639737e-02       8.120044488665e+03 
       2.146399565037e-02       8.119508900295e+03 
       2.147189613223e-02       8.118972128967e+03 
       2.147979784456e-02       8.118434175173e+03 
       2.148770078892e-02       8.117895014071e+03 
       2.149560496690e-02       8.117354698912e+03 
       2.150351038010e-02       8.116813199026e+03 
       2.151141703010e-02       8.116270518530e+03 
       2.151932491850e-02       8.115726657881e+03 
       2.152723404688e-02       8.115181610169e+03 
       2.153514441686e-02       8.114635390316e+03 
       2.154305603002e-02       8.114087991723e+03 
       2.155096888798e-02       8.113539415076e+03 
       2.155888299234e-02       8.112989660795e+03 
       2.156679834471e-02       8.112438729389e+03 
       2.157471494669e-02       8.111886621375e+03 
       2.158263279990e-02       8.111333337276e+03 
       2.159055190597e-02       8.110778877617e+03 
       2.159847226650e-02       8.110223242930e+03 
       2.160639388312e-02       8.109666433750e+03 
       2.161431675745e-02       8.109108458492e+03 
       2.162224089112e-02       8.108549262060e+03 
       2.163016628575e-02       8.107988930060e+03 
       2.163809294299e-02       8.107427425306e+03 
       2.164602086446e-02       8.106864748167e+03 
       2.165395005180e-02       8.106300899349e+03 
       2.166188050666e-02       8.105735879256e+03 
       2.166981223066e-02       8.105169688390e+03 
       2.167774522547e-02       8.104602327253e+03 
       2.168567949272e-02       8.104033796352e+03 
       2.169361503406e-02       8.103464096195e+03 
       2.170155185116e-02       8.102893227301e+03 
       2.170948994565e-02       8.102321179542e+03 
       2.171742931921e-02       8.101747968047e+03 
       2.172536997350e-02       8.101173594582e+03 
       2.173331191017e-02       8.100598054206e+03 
       2.174125513090e-02       8.100021347315e+03 
       2.174919963734e-02       8.099443474580e+03 
       2.175714543118e-02       8.098864436431e+03 
       2.176509251409e-02       8.098284233376e+03 
       2.177304088775e-02       8.097702865928e+03 
       2.178099055383e-02       8.097120334600e+03 
       2.178894151402e-02       8.096536639583e+03 
       2.179689377000e-02       8.095951759709e+03 
       2.180484732347e-02       8.095365738192e+03 
       2.181280217610e-02       8.094778554434e+03 
       2.182075832960e-02       8.094190209051e+03 
       2.182871578566e-02       8.093600702768e+03 
       2.183667454598e-02       8.093010027502e+03 
       2.184463461227e-02       8.092418199468e+03 
       2.185259598622e-02       8.091825211744e+03 
       2.186055866955e-02       8.091231064757e+03 
       2.186852266395e-02       8.090635758987e+03 
       2.187648797116e-02       8.090039294926e+03 
       2.188445459288e-02       8.089441673071e+03 
       2.189242253083e-02       8.088842893926e+03 
       2.190039178673e-02       8.088242957992e+03 
       2.190836236230e-02       8.087641865783e+03 
       2.191633425928e-02       8.087039617813e+03 
       2.192430747939e-02       8.086436226975e+03 
       2.193228202437e-02       8.085831623776e+03 
       2.194025789594e-02       8.085225908954e+03 
       2.194823509586e-02       8.084619039952e+03 
       2.195621362585e-02       8.084011017199e+03 
       2.196419348766e-02       8.083401841322e+03 
       2.197217468304e-02       8.082791512719e+03 
       2.198015721375e-02       8.082180031866e+03 
       2.198814108152e-02       8.081567399248e+03 
       2.199612628812e-02       8.080953615349e+03 
       2.200411283530e-02       8.080338680659e+03 
       2.201210072483e-02       8.079722595674e+03 
       2.202008995846e-02       8.079105343918e+03 
       2.202808053797e-02       8.078486959154e+03 
       2.203607246513e-02       8.077867424795e+03 
       2.204406574170e-02       8.077246741881e+03 
       2.205206036947e-02       8.076624910806e+03 
       2.206005635020e-02       8.076001932123e+03 
       2.206805368569e-02       8.075377806351e+03 
       2.207605237772e-02       8.074752533923e+03 
       2.208405242807e-02       8.074126115325e+03 
       2.209205383853e-02       8.073498551045e+03 
       2.210005661090e-02       8.072869841285e+03 
       2.210806074697e-02       8.072239964479e+03 
       2.211606624854e-02       8.071608964378e+03 
       2.212407311742e-02       8.070976820231e+03 
       2.213208135540e-02       8.070343532548e+03 
       2.214009096430e-02       8.069709101644e+03 
       2.214810194592e-02       8.069073520455e+03 
       2.215611430208e-02       8.068436804267e+03 
       2.216412803460e-02       8.067798946404e+03 
       2.217214314530e-02       8.067159947256e+03 
       2.218015963599e-02       8.066519807288e+03 
       2.218817750851e-02       8.065878526963e+03 
       2.219619676468e-02       8.065236106751e+03 
       2.220421740634e-02       8.064592547125e+03 
       2.221223943532e-02       8.063947848565e+03 
       2.222026285345e-02       8.063302011556e+03 
       2.222828766258e-02       8.062655036586e+03 
       2.223631386455e-02       8.062006932716e+03 
       2.224434146122e-02       8.061357641589e+03 
       2.225237045442e-02       8.060707252931e+03 
       2.226040084601e-02       8.060055727934e+03 
       2.226843263785e-02       8.059403066952e+03 
       2.227646583180e-02       8.058749270437e+03 
       2.228450042972e-02       8.058094338843e+03 
       2.229253643347e-02       8.057438272627e+03 
       2.230057384493e-02       8.056781072248e+03 
       2.230861266596e-02       8.056122738171e+03 
       2.231665289844e-02       8.055463270861e+03 
       2.232469454424e-02       8.054802670784e+03 
       2.233273760526e-02       8.054140943751e+03 
       2.234078208337e-02       8.053478056520e+03 
       2.234882798045e-02       8.052814059432e+03 
       2.235687529841e-02       8.052148931291e+03 
       2.236492403913e-02       8.051482672466e+03 
       2.237297420451e-02       8.050815283408e+03 
       2.238102579644e-02       8.050146764569e+03 
       2.238907881684e-02       8.049477116407e+03 
       2.239713326761e-02       8.048806339380e+03 
       2.240518915066e-02       8.048134433953e+03 
       2.241324646790e-02       8.047461400595e+03 
       2.242130522124e-02       8.046787213251e+03 
       2.242936541260e-02       8.046111927414e+03 
       2.243742704392e-02       8.045435511091e+03 
       2.244549011710e-02       8.044757968409e+03 
       2.245355463409e-02       8.044079299704e+03 
       2.246162059681e-02       8.043399497208e+03 
       2.246968800719e-02       8.042718577943e+03 
       2.247775686719e-02       8.042036533549e+03 
       2.248582717872e-02       8.041353364919e+03 
       2.249389894375e-02       8.040669072492e+03 
       2.250197216422e-02       8.039983656702e+03 
       2.251004684208e-02       8.039297118010e+03 
       2.251812297929e-02       8.038609456848e+03 
       2.252620057779e-02       8.037920673673e+03 
       2.253427963957e-02       8.037230768945e+03 
       2.254236016657e-02       8.036539743142e+03 
       2.255044216076e-02       8.035847596324e+03 
       2.255852562413e-02       8.035154297276e+03 
       2.256661055863e-02       8.034459908324e+03 
       2.257469696626e-02       8.033764399863e+03 
       2.258278484898e-02       8.033067772182e+03 
       2.259087420879e-02       8.032370025710e+03 
       2.259896504767e-02       8.031671160878e+03 
       2.260705736761e-02       8.030971178119e+03 
       2.261515117061e-02       8.030270077864e+03 
       2.262324645867e-02       8.029567860551e+03 
       2.263134323378e-02       8.028864526618e+03 
       2.263944149795e-02       8.028160076507e+03 
       2.264754125319e-02       8.027454510703e+03 
       2.265564250151e-02       8.026747811993e+03 
       2.266374524492e-02       8.026040014590e+03 
       2.267184948545e-02       8.025331102584e+03 
       2.267995522511e-02       8.024621076367e+03 
       2.268806246593e-02       8.023909936364e+03 
       2.269617120993e-02       8.023197683002e+03 
       2.270428145916e-02       8.022484316711e+03 
       2.271239321563e-02       8.021769837927e+03 
       2.272050648140e-02       8.021054247087e+03 
       2.272862125851e-02       8.020337544638e+03 
       2.273673754899e-02       8.019619737267e+03 
       2.274485535491e-02       8.018900782557e+03 
       2.275297467830e-02       8.018180746062e+03 
       2.276109552124e-02       8.017459599315e+03 
       2.276921788577e-02       8.016737342951e+03 
       2.277734177396e-02       8.016013980182e+03 
       2.278546718787e-02       8.015289494453e+03 
       2.279359412959e-02       8.014563910821e+03 
       2.280172260117e-02       8.013837219054e+03 
       2.280985260471e-02       8.013109419570e+03 
       2.281798414227e-02       8.012380512787e+03 
       2.282611721594e-02       8.011650499123e+03 
       2.283425182781e-02       8.010919378999e+03 
       2.284238797998e-02       8.010187152843e+03 
       2.285052567453e-02       8.009453821084e+03 
       2.285866491356e-02       8.008719384053e+03 
       2.286680569919e-02       8.007983842385e+03 
       2.287494803350e-02       8.007247194878e+03 
       2.288309191862e-02       8.006509412123e+03 
       2.289123735665e-02       8.005770556166e+03 
       2.289938434971e-02       8.005030596825e+03 
       2.290753289993e-02       8.004289534439e+03 
       2.291568300941e-02       8.003547369479e+03 
       2.292383468030e-02       8.002804102330e+03 
       2.293198791473e-02       8.002059733396e+03 
       2.294014271482e-02       8.001314263087e+03 
       2.294829908272e-02       8.000567691819e+03 
       2.295645702057e-02       7.999820020008e+03 
       2.296461653051e-02       7.999071247949e+03 
       2.297277761469e-02       7.998321356888e+03 
       2.298094027527e-02       7.997570386883e+03 
       2.298910451441e-02       7.996818315538e+03 
       2.299727033425e-02       7.996065145500e+03 
       2.300543773698e-02       7.995310877160e+03 
       2.301360672475e-02       7.994555510938e+03 
       2.302177729974e-02       7.993799047222e+03 
       2.302994946413e-02       7.993041486426e+03 
       2.303812322008e-02       7.992282828962e+03 
       2.304629856979e-02       7.991523075247e+03 
       2.305447551545e-02       7.990762224986e+03 
       2.306265405923e-02       7.990000256692e+03 
       2.307083420334e-02       7.989237215060e+03 
       2.307901594998e-02       7.988473078398e+03 
       2.308719930134e-02       7.987707847259e+03 
       2.309538425964e-02       7.986941522291e+03 
       2.310357082708e-02       7.986174094923e+03 
       2.311175900587e-02       7.985405582091e+03 
       2.311994879824e-02       7.984635976276e+03 
       2.312814020640e-02       7.983865277858e+03 
       2.313633323258e-02       7.983093487228e+03 
       2.314452787900e-02       7.982320604780e+03 
       2.315272414791e-02       7.981546630911e+03 
       2.316092204153e-02       7.980771566021e+03 
       2.316912156211e-02       7.979995410379e+03 
       2.317732271189e-02       7.979218164625e+03 
       2.318552549311e-02       7.978439829077e+03 
       2.319372990804e-02       7.977660415477e+03 
       2.320193595893e-02       7.976879856049e+03 
       2.321014364803e-02       7.976098250927e+03 
       2.321835297761e-02       7.975315557222e+03 
       2.322656394995e-02       7.974531775338e+03 
       2.323477656730e-02       7.973746905630e+03 
       2.324299083195e-02       7.972960948488e+03 
       2.325120674617e-02       7.972173904293e+03 
       2.325942431226e-02       7.971385773425e+03 
       2.326764353249e-02       7.970596556158e+03 
       2.327586440916e-02       7.969806253080e+03 
       2.328408694457e-02       7.969014864502e+03 
       2.329231114101e-02       7.968222382358e+03 
       2.330053700078e-02       7.967428814078e+03 
       2.330876452621e-02       7.966634169868e+03 
       2.331699371959e-02       7.965838441485e+03 
       2.332522458324e-02       7.965041629304e+03 
       2.333345711949e-02       7.964243733700e+03 
       2.334169133066e-02       7.963444755048e+03 
       2.334992721907e-02       7.962644693730e+03 
       2.335816478706e-02       7.961843550128e+03 
       2.336640403696e-02       7.961041324525e+03 
       2.337464497111e-02       7.960238017448e+03 
       2.338288759187e-02       7.959433605866e+03 
       2.339113190157e-02       7.958628135047e+03 
       2.339937790257e-02       7.957821583813e+03 
       2.340762559723e-02       7.957013952333e+03 
       2.341587498791e-02       7.956205240741e+03 
       2.342412607697e-02       7.955395441837e+03 
       2.343237886678e-02       7.954584571279e+03 
       2.344063335972e-02       7.953772621801e+03 
       2.344888955816e-02       7.952959593822e+03 
       2.345714746449e-02       7.952145487707e+03 
       2.346540708109e-02       7.951330303822e+03 
       2.347366841035e-02       7.950514042406e+03 
       2.348193145467e-02       7.949696704090e+03 
       2.349019621645e-02       7.948878289035e+03 
       2.349846269808e-02       7.948058797735e+03 
       2.350673090198e-02       7.947238230541e+03 
       2.351500083055e-02       7.946416595468e+03 
       2.352327248622e-02       7.945593835838e+03 
       2.353154587141e-02       7.944770040663e+03 
       2.353982098853e-02       7.943945170718e+03 
       2.354809784002e-02       7.943119226354e+03 
       2.355637642830e-02       7.942292207925e+03 
       2.356465675583e-02       7.941464115782e+03 
       2.357293882503e-02       7.940634950162e+03 
       2.358122263836e-02       7.939804711674e+03 
       2.358950819827e-02       7.938973400442e+03 
       2.359779550720e-02       7.938141016972e+03 
       2.360608456762e-02       7.937307561581e+03 
       2.361437538200e-02       7.936473038990e+03 
       2.362266795280e-02       7.935637418187e+03 
       2.363096228249e-02       7.934800747774e+03 
       2.363925837355e-02       7.933963006664e+03 
       2.364755622846e-02       7.933124195199e+03 
       2.365585584971e-02       7.932284313726e+03 
       2.366415723979e-02       7.931443362596e+03 
       2.367246040118e-02       7.930601342052e+03 
       2.368076533640e-02       7.929758252637e+03 
       2.368907204794e-02       7.928914094630e+03 
       2.369738053831e-02       7.928068868403e+03 
       2.370569081002e-02       7.927222547538e+03 
       2.371400286560e-02       7.926375187231e+03 
       2.372231670756e-02       7.925526756474e+03 
       2.373063233842e-02       7.924677258640e+03 
       2.373894976073e-02       7.923826694112e+03 
       2.374726897700e-02       7.922975055012e+03 
       2.375558998980e-02       7.922122357246e+03 
       2.376391280164e-02       7.921268593822e+03 
       2.377223741510e-02       7.920413764927e+03 
       2.378056383271e-02       7.919557870763e+03 
       2.378889205704e-02       7.918700911895e+03 
       2.379722209065e-02       7.917842888557e+03 
       2.380555393611e-02       7.916983801092e+03 
       2.381388759599e-02       7.916123649844e+03 
       2.382222307286e-02       7.915262435169e+03 
       2.383056036930e-02       7.914400157425e+03 
       2.383889948791e-02       7.913536820000e+03 
       2.384724043127e-02       7.912672379915e+03 
       2.385558320198e-02       7.911806912517e+03 
       2.386392780263e-02       7.910940383070e+03 
       2.387227423584e-02       7.910072791893e+03 
       2.388062250420e-02       7.909204139186e+03 
       2.388897261034e-02       7.908334425485e+03 
       2.389732455687e-02       7.907463651019e+03 
       2.390567834642e-02       7.906591816118e+03 
       2.391403398162e-02       7.905718921112e+03 
       2.392239146509e-02       7.904844966330e+03 
       2.393075079947e-02       7.903969952109e+03 
       2.393911198741e-02       7.903093886055e+03 
       2.394747503156e-02       7.902216728357e+03 
       2.395583993456e-02       7.901338536398e+03 
       2.396420669908e-02       7.900459286103e+03 
       2.397257532778e-02       7.899578977793e+03 
       2.398094582331e-02       7.898697611666e+03 
       2.398931818836e-02       7.897815188239e+03 
       2.399769242560e-02       7.896931707765e+03 
       2.400606853770e-02       7.896047170516e+03 
       2.401444652737e-02       7.895161576879e+03 
       2.402282639728e-02       7.894274927168e+03 
       2.403120815014e-02       7.893387197572e+03 
       2.403959178864e-02       7.892498435431e+03 
       2.404797731549e-02       7.891608617536e+03 
       2.405636473341e-02       7.890717744610e+03 
       2.406475404510e-02       7.889825816968e+03 
       2.407314525328e-02       7.888932825980e+03 
       2.408153836069e-02       7.888038789794e+03 
       2.408993337006e-02       7.887143699131e+03 
       2.409833028411e-02       7.886247554884e+03 
       2.410672910559e-02       7.885350357353e+03 
       2.411512983725e-02       7.884452106848e+03 
       2.412353248184e-02       7.883552803675e+03 
       2.413193704210e-02       7.882652448146e+03 
       2.414034352081e-02       7.881751040573e+03 
       2.414875192073e-02       7.880848581279e+03 
       2.415716224463e-02       7.879945070594e+03 
       2.416557449528e-02       7.879040507625e+03 
       2.417398867547e-02       7.878134861907e+03 
       2.418240478799e-02       7.877228196677e+03 
       2.419082283562e-02       7.876320480617e+03 
       2.419924282116e-02       7.875411714463e+03 
       2.420766474741e-02       7.874501898399e+03 
       2.421608861719e-02       7.873591032720e+03 
       2.422451443329e-02       7.872679117718e+03 
       2.423294219855e-02       7.871766153691e+03 
       2.424137191578e-02       7.870852140934e+03 
       2.424980358781e-02       7.869937079748e+03 
       2.425823721747e-02       7.869020970435e+03 
       2.426667280760e-02       7.868103817945e+03 
       2.427511036105e-02       7.867185590354e+03 
       2.428354988066e-02       7.866266337088e+03 
       2.429199136929e-02       7.865346036550e+03 
       2.430043482980e-02       7.864424689253e+03 
       2.430888026505e-02       7.863502295380e+03 
       2.431732767791e-02       7.862578855221e+03 
       2.432577707126e-02       7.861654369057e+03 
       2.433422844798e-02       7.860728837213e+03 
       2.434268181095e-02       7.859802259962e+03 
       2.435113716306e-02       7.858874637625e+03 
       2.435959450722e-02       7.857945975404e+03 
       2.436805384632e-02       7.857016233492e+03 
       2.437651518328e-02       7.856085475743e+03 
       2.438497852100e-02       7.855153673814e+03 
       2.439344386240e-02       7.854220827860e+03 
       2.440191121041e-02       7.853286932018e+03 
       2.441038056796e-02       7.852351996710e+03 
       2.441885193798e-02       7.851416020130e+03 
       2.442732532341e-02       7.850479000659e+03 
       2.443580072720e-02       7.849540938570e+03 
       2.444427815230e-02       7.848601834133e+03 
       2.445275760167e-02       7.847661687624e+03 
       2.446123907826e-02       7.846720499322e+03 
       2.446972258505e-02       7.845778269512e+03 
       2.447820812502e-02       7.844834998484e+03 
       2.448669570113e-02       7.843890686536e+03 
       2.449518531638e-02       7.842945333827e+03 
       2.450367697375e-02       7.841998905254e+03 
       2.451217067624e-02       7.841051471349e+03 
       2.452066642686e-02       7.840102995757e+03 
       2.452916422860e-02       7.839153480278e+03 
       2.453766408449e-02       7.838202925174e+03 
       2.454616599754e-02       7.837251330704e+03 
       2.455466997078e-02       7.836298697129e+03 
       2.456317600723e-02       7.835345024710e+03 
       2.457168410993e-02       7.834390313712e+03 
       2.458019428193e-02       7.833434564401e+03 
       2.458870652626e-02       7.832477777051e+03 
       2.459722084599e-02       7.831519951210e+03 
       2.460573724418e-02       7.830561070931e+03 
       2.461425572387e-02       7.829601169712e+03 
       2.462277628816e-02       7.828640231274e+03 
       2.463129894011e-02       7.827678255899e+03 
       2.463982368281e-02       7.826715243843e+03 
       2.464835051933e-02       7.825751195364e+03 
       2.465687945279e-02       7.824786110719e+03 
       2.466541048627e-02       7.823819990171e+03 
       2.467394362288e-02       7.822852833987e+03 
       2.468247886574e-02       7.821884642442e+03 
       2.469101621796e-02       7.820915422671e+03 
       2.469955568266e-02       7.819945129051e+03 
       2.470809726297e-02       7.818973831096e+03 
       2.471664096204e-02       7.818001498558e+03 
       2.472518678299e-02       7.817028131678e+03 
       2.473373472898e-02       7.816053734136e+03 
       2.474228480315e-02       7.815078287126e+03 
       2.475083700868e-02       7.814101818006e+03 
       2.475939134872e-02       7.813124315446e+03 
       2.476794782645e-02       7.812145779662e+03 
       2.477650644504e-02       7.811166210896e+03 
       2.478506720767e-02       7.810185609391e+03 
       2.479363011754e-02       7.809203975396e+03 
       2.480219517784e-02       7.808221309038e+03 
       2.481076239177e-02       7.807237610777e+03 
       2.481933176254e-02       7.806252880785e+03 
       2.482790329337e-02       7.805267119339e+03 
       2.483647698747e-02       7.804280323795e+03 
       2.484505284808e-02       7.803292466861e+03 
       2.485363087841e-02       7.802303609773e+03 
       2.486221108172e-02       7.801313721842e+03 
       2.487079346124e-02       7.800322803271e+03 
       2.487937802024e-02       7.799330854292e+03 
       2.488796476196e-02       7.798337875131e+03 
       2.489655368966e-02       7.797343866018e+03 
       2.490514480663e-02       7.796348827058e+03 
       2.491373811613e-02       7.795352758695e+03 
       2.492233362146e-02       7.794355661069e+03 
       2.493093132589e-02       7.793357534420e+03 
       2.493953123272e-02       7.792358357911e+03 
       2.494813334526e-02       7.791358175712e+03 
       2.495673766681e-02       7.790356961893e+03 
       2.496534420068e-02       7.789354719759e+03 
       2.497395295021e-02       7.788351449537e+03 
       2.498256391871e-02       7.787347151443e+03 
       2.499117710952e-02       7.786341825703e+03 
       2.499979252598e-02       7.785335472540e+03 
       2.500841017144e-02       7.784328092058e+03 
       2.501703004925e-02       7.783319684706e+03 
       2.502565216277e-02       7.782310250063e+03 
       2.503427651536e-02       7.781299765219e+03 
       2.504290311040e-02       7.780288276541e+03 
       2.505153195128e-02       7.779275761547e+03 
       2.506016304136e-02       7.778262220444e+03 
       2.506879638405e-02       7.777247653304e+03 
       2.507743198275e-02       7.776232052187e+03 
       2.508606984086e-02       7.775215433379e+03 
       2.509470996180e-02       7.774197789217e+03 
       2.510335234898e-02       7.773179119896e+03 
       2.511199700583e-02       7.772159425495e+03 
       2.512064393578e-02       7.771138706438e+03 
       2.512929314228e-02       7.770116962837e+03 
       2.513794462876e-02       7.769094194908e+03 
       2.514659839868e-02       7.768070402867e+03 
       2.515525445550e-02       7.767045586939e+03 
       2.516391280269e-02       7.766019747352e+03 
       2.517257344372e-02       7.764992895945e+03 
       2.518123638206e-02       7.763964962573e+03 
       2.518990162121e-02       7.762936050661e+03 
       2.519856916466e-02       7.761906115560e+03 
       2.520723901592e-02       7.760875157458e+03 
       2.521591117848e-02       7.759843176412e+03 
       2.522458565586e-02       7.758810172839e+03 
       2.523326245158e-02       7.757776146934e+03 
       2.524194156917e-02       7.756741098577e+03 
       2.525062301217e-02       7.755705028279e+03 
       2.525930678412e-02       7.754667936138e+03 
       2.526799288857e-02       7.753629822345e+03 
       2.527668132907e-02       7.752590667349e+03 
       2.528537210918e-02       7.751550511582e+03 
       2.529406523248e-02       7.750509332585e+03 
       2.530276070255e-02       7.749467132521e+03 
       2.531145852296e-02       7.748423911572e+03 
       2.532015869731e-02       7.747379669783e+03 
       2.532886122920e-02       7.746334407574e+03 
       2.533756612223e-02       7.745288125026e+03 
       2.534627338002e-02       7.744240822382e+03 
       2.535498300618e-02       7.743192499685e+03 
       2.536369500435e-02       7.742143157882e+03 
       2.537240937816e-02       7.741092770542e+03 
       2.538112613124e-02       7.740041387332e+03 
       2.538984526725e-02       7.738988984731e+03 
       2.539856678985e-02       7.737935562862e+03 
       2.540729070269e-02       7.736881125826e+03 
       2.541601700945e-02       7.735825649031e+03 
       2.542474571381e-02       7.734769169276e+03 
       2.543347681944e-02       7.733711670908e+03 
       2.544221033006e-02       7.732653153976e+03 
       2.545094624934e-02       7.731593618725e+03 
       2.545968458101e-02       7.730533065077e+03 
       2.546842532877e-02       7.729471493434e+03 
       2.547716849636e-02       7.728408903879e+03 
       2.548591408749e-02       7.727345296574e+03 
       2.549466210591e-02       7.726280671680e+03 
       2.550341255535e-02       7.725215029360e+03 
       2.551216543958e-02       7.724148369783e+03 
       2.552092076236e-02       7.723080693008e+03 
       2.552967852744e-02       7.722011999409e+03 
       2.553843873861e-02       7.720942289085e+03 
       2.554720139964e-02       7.719871562234e+03 
       2.555596651433e-02       7.718799819052e+03 
       2.556473408648e-02       7.717727021380e+03 
       2.557350411989e-02       7.716653229209e+03 
       2.558227661837e-02       7.715578433978e+03 
       2.559105158574e-02       7.714502622560e+03 
       2.559982902584e-02       7.713425795099e+03 
       2.560860894250e-02       7.712347951736e+03 
       2.561739133956e-02       7.711269092610e+03 
       2.562617622087e-02       7.710189217747e+03 
       2.563496359030e-02       7.709108327484e+03 
       2.564375345171e-02       7.708026421871e+03 
       2.565254580898e-02       7.706943501043e+03 
       2.566134066599e-02       7.705859565132e+03 
       2.567013802662e-02       7.704774614275e+03 
       2.567893789479e-02       7.703688648611e+03 
       2.568774027439e-02       7.702601668282e+03 
       2.569654516934e-02       7.701513673432e+03 
       2.570535258357e-02       7.700424664211e+03 
       2.571416252100e-02       7.699334640778e+03 
       2.572297498557e-02       7.698243610822e+03 
       2.573178998123e-02       7.697151522815e+03 
       2.574060751194e-02       7.696058455522e+03 
       2.574942758165e-02       7.694964374276e+03 
       2.575825019433e-02       7.693869279221e+03 
       2.576707535398e-02       7.692773170481e+03 
       2.577590306456e-02       7.691676048180e+03 
       2.578473333009e-02       7.690577912443e+03 
       2.579356615455e-02       7.689478763391e+03 
       2.580240154197e-02       7.688378601148e+03 
       2.581123949636e-02       7.687277425836e+03 
       2.582008002175e-02       7.686175237575e+03 
       2.582892312217e-02       7.685072036489e+03 
       2.583776880168e-02       7.683967822553e+03 
       2.584661706432e-02       7.682862596166e+03 
       2.585546791416e-02       7.681756357327e+03 
       2.586432135526e-02       7.680649106185e+03 
       2.587317739170e-02       7.679540817004e+03 
       2.588203602757e-02       7.678431539912e+03 
       2.589089726696e-02       7.677321253002e+03 
       2.589976111398e-02       7.676209940483e+03 
       2.590862757274e-02       7.675097626615e+03 
       2.591749664736e-02       7.673984300854e+03 
       2.592636834196e-02       7.672869963307e+03 
       2.593524266068e-02       7.671754613970e+03 
       2.594411960767e-02       7.670638253151e+03 
       2.595299918709e-02       7.669520880874e+03 
       2.596188140309e-02       7.668402497253e+03 
       2.597076625985e-02       7.667283102403e+03 
       2.597965376154e-02       7.666162696451e+03 
       2.598854391236e-02       7.665041279532e+03 
       2.599743671650e-02       7.663918860760e+03 
       2.600633217817e-02       7.662795376797e+03 
       2.601523030159e-02       7.661670924932e+03 
       2.602413109097e-02       7.660545462167e+03 
       2.603303455055e-02       7.659418988594e+03 
       2.604194068457e-02       7.658291504177e+03 
       2.605084949728e-02       7.657163009230e+03 
       2.605976099294e-02       7.656033503751e+03 
       2.606867517581e-02       7.654902987838e+03 
       2.607759205018e-02       7.653771461590e+03 
       2.608651162033e-02       7.652638925109e+03 
       2.609543389056e-02       7.651505378506e+03 
       2.610435886515e-02       7.650370801076e+03 
       2.611328654844e-02       7.649235235779e+03 
       2.612221694474e-02       7.648098657862e+03 
       2.613115005838e-02       7.646961069972e+03 
       2.614008589370e-02       7.645822472195e+03 
       2.614902445505e-02       7.644682864468e+03 
       2.615796574678e-02       7.643542247122e+03 
       2.616690977327e-02       7.642400620134e+03 
       2.617585653889e-02       7.641257983597e+03 
       2.618480604802e-02       7.640114337604e+03 
       2.619375830507e-02       7.638969681753e+03 
       2.620271331442e-02       7.637823992420e+03 
       2.621167108051e-02       7.636677316785e+03 
       2.622063160774e-02       7.635529631778e+03 
       2.622959490055e-02       7.634380937504e+03 
       2.623856096338e-02       7.633231235775e+03 
       2.624752980068e-02       7.632080512363e+03 
       2.625650141692e-02       7.630928789972e+03 
       2.626547581655e-02       7.629776058468e+03 
       2.627445300406e-02       7.628622317920e+03 
       2.628343298394e-02       7.627467568399e+03 
       2.629241576069e-02       7.626311809959e+03 
       2.630140133880e-02       7.625155042669e+03 
       2.631038972281e-02       7.623997266601e+03 
       2.631938091722e-02       7.622838481827e+03 
       2.632837492659e-02       7.621678688431e+03 
       2.633737175546e-02       7.620517886502e+03 
       2.634637140837e-02       7.619356088269e+03 
       2.635537388990e-02       7.618193220750e+03 
       2.636437920462e-02       7.617029390923e+03 
       2.637338735711e-02       7.615864552453e+03 
       2.638239835198e-02       7.614698705385e+03 
       2.639141219381e-02       7.613531849803e+03 
       2.640042888723e-02       7.612363985637e+03 
       2.640944843686e-02       7.611195113053e+03 
       2.641847084733e-02       7.610025232059e+03 
       2.642749612329e-02       7.608854342704e+03 
       2.643652426939e-02       7.607682445041e+03 
       2.644555529029e-02       7.606509539130e+03 
       2.645458919066e-02       7.605335628802e+03 
       2.646362597519e-02       7.604160683226e+03 
       2.647266564858e-02       7.602984751348e+03 
       2.648170821552e-02       7.601807811191e+03 
       2.649075368072e-02       7.600629862792e+03 
       2.649980204892e-02       7.599450906187e+03 
       2.650885332485e-02       7.598270941471e+03 
       2.651790751324e-02       7.597089968511e+03 
       2.652696461886e-02       7.595907987523e+03 
       2.653602464647e-02       7.594724998498e+03 
       2.654508760083e-02       7.593541001480e+03 
       2.655415348675e-02       7.592355968136e+03 
       2.656322230900e-02       7.591169956908e+03 
       2.657229407241e-02       7.589982934136e+03 
       2.658136878177e-02       7.588794903250e+03 
       2.659044644193e-02       7.587605864276e+03 
       2.659952705772e-02       7.586415807981e+03 
       2.660861063397e-02       7.585224753050e+03 
       2.661769717556e-02       7.584032689285e+03 
       2.662678668735e-02       7.582839617310e+03 
       2.663587917422e-02       7.581645537295e+03 
       2.664497464106e-02       7.580450449208e+03 
       2.665407309276e-02       7.579254353072e+03 
       2.666317453424e-02       7.578057248787e+03 
       2.667227897043e-02       7.576859136590e+03 
       2.668138640624e-02       7.575660016418e+03 
       2.669049684663e-02       7.574459888308e+03 
       2.669961029655e-02       7.573258758193e+03 
       2.670872676097e-02       7.572056572989e+03 
       2.671784624485e-02       7.570853418721e+03 
       2.672696875318e-02       7.569649256105e+03 
       2.673609429097e-02       7.568444085313e+03 
       2.674522286322e-02       7.567237906292e+03 
       2.675435447495e-02       7.566030719034e+03 
       2.676348913118e-02       7.564822523540e+03 
       2.677262683696e-02       7.563613319661e+03 
       2.678176759735e-02       7.562403107641e+03 
       2.679091141740e-02       7.561191887377e+03 
       2.680005830218e-02       7.559979658877e+03 
       2.680920825679e-02       7.558766412557e+03 
       2.681836128632e-02       7.557552158054e+03 
       2.682751739588e-02       7.556336903403e+03 
       2.683667659059e-02       7.555120640343e+03 
       2.684583887557e-02       7.553903368749e+03 
       2.685500425597e-02       7.552685088727e+03 
       2.686417273694e-02       7.551465800228e+03 
       2.687334432365e-02       7.550245503117e+03 
       2.688251902127e-02       7.549024197605e+03 
       2.689169683499e-02       7.547801883598e+03 
       2.690087777000e-02       7.546578562603e+03 
       2.691006183152e-02       7.545354205025e+03 
       2.691924902477e-02       7.544128863598e+03 
       2.692843935498e-02       7.542902513404e+03 
       2.693763282740e-02       7.541675154375e+03 
       2.694682944728e-02       7.540446789690e+03 
       2.695602921989e-02       7.539217400900e+03 
       2.696523215052e-02       7.537987014537e+03 
       2.697443824444e-02       7.536755619011e+03 
       2.698364750697e-02       7.535523214483e+03 
       2.699285994342e-02       7.534289800837e+03 
       2.700207555912e-02       7.533055378044e+03 
       2.701129435941e-02       7.531819946248e+03 
       2.702051634963e-02       7.530583504914e+03 
       2.702974153516e-02       7.529346054538e+03 
       2.703896992136e-02       7.528107594933e+03 
       2.704820151362e-02       7.526868125828e+03 
       2.705743631734e-02       7.525627613999e+03 
       2.706667433793e-02       7.524386123439e+03 
       2.707591558081e-02       7.523143623815e+03 
       2.708516005143e-02       7.521900114281e+03 
       2.709440775522e-02       7.520655595017e+03 
       2.710365869765e-02       7.519410065861e+03 
       2.711291288418e-02       7.518163526758e+03 
       2.712217032031e-02       7.516915977654e+03 
       2.713143101152e-02       7.515667418498e+03 
       2.714069496334e-02       7.514417849239e+03 
       2.714996218127e-02       7.513167269835e+03 
       2.715923267085e-02       7.511915686601e+03 
       2.716850643764e-02       7.510663061508e+03 
       2.717778348718e-02       7.509409449944e+03 
       2.718706382504e-02       7.508154827716e+03 
       2.719634745682e-02       7.506899194926e+03 
       2.720563438811e-02       7.505642551465e+03 
       2.721492462452e-02       7.504384897252e+03 
       2.722421817167e-02       7.503126232225e+03 
       2.723351503519e-02       7.501866556326e+03 
       2.724281522073e-02       7.500605869498e+03 
       2.725211873395e-02       7.499344170855e+03 
       2.726142558053e-02       7.498081437903e+03 
       2.727073576615e-02       7.496817716164e+03 
       2.728004929651e-02       7.495552982919e+03 
       2.728936617732e-02       7.494287238024e+03 
       2.729868641431e-02       7.493020484289e+03 
       2.730801001322e-02       7.491752704725e+03 
       2.731733697978e-02       7.490483924166e+03 
       2.732666731978e-02       7.489214131647e+03 
       2.733600103899e-02       7.487943327078e+03 
       2.734533814319e-02       7.486671510506e+03 
       2.735467863819e-02       7.485398681453e+03 
       2.736402252981e-02       7.484124840232e+03 
       2.737336982388e-02       7.482849986634e+03 
       2.738272052625e-02       7.481574120588e+03 
       2.739207464276e-02       7.480297242025e+03 
       2.740143217929e-02       7.479019350541e+03 
       2.741079314173e-02       7.477740412834e+03 
       2.742015753597e-02       7.476460493205e+03 
       2.742952536792e-02       7.475179560838e+03 
       2.743889664351e-02       7.473897615124e+03 
       2.744827136868e-02       7.472614655956e+03 
       2.745764954937e-02       7.471330683221e+03 
       2.746703119156e-02       7.470045696809e+03 
       2.747641630123e-02       7.468759696612e+03 
       2.748580488436e-02       7.467472682522e+03 
       2.749519694696e-02       7.466184654438e+03 
       2.750459249507e-02       7.464895612113e+03 
       2.751399153470e-02       7.463605560694e+03 
       2.752339407191e-02       7.462314466051e+03 
       2.753280011277e-02       7.461022379441e+03 
       2.754220966335e-02       7.459729278084e+03 
       2.755162272973e-02       7.458435161858e+03 
       2.756103931804e-02       7.457140030642e+03 
       2.757045943439e-02       7.455843884315e+03 
       2.757988308490e-02       7.454546722756e+03 
       2.758931027574e-02       7.453248545851e+03 
       2.759874101305e-02       7.451949353492e+03 
       2.760817530303e-02       7.450649146073e+03 
       2.761761315186e-02       7.449347896927e+03 
       2.762705456574e-02       7.448045655557e+03 
       2.763649955090e-02       7.446742398033e+03 
       2.764594811357e-02       7.445438124161e+03 
       2.765540026000e-02       7.444132837213e+03 
       2.766485599646e-02       7.442826518019e+03 
       2.767431532922e-02       7.441519193595e+03 
       2.768377826457e-02       7.440210852160e+03 
       2.769324480883e-02       7.438901493567e+03 
       2.770271496832e-02       7.437591117673e+03 
       2.771218874938e-02       7.436279724195e+03 
       2.772166615836e-02       7.434967313224e+03 
       2.773114720162e-02       7.433653884516e+03 
       2.774063188556e-02       7.432339437939e+03 
       2.775012021656e-02       7.431023973364e+03 
       2.775961220104e-02       7.429707489612e+03 
       2.776910784543e-02       7.428389954843e+03 
       2.777860715618e-02       7.427071433092e+03 
       2.778811013973e-02       7.425751892237e+03 
       2.779761680257e-02       7.424431332273e+03 
       2.780712715118e-02       7.423109753030e+03 
       2.781664119207e-02       7.421787154205e+03 
       2.782615893176e-02       7.420463535842e+03 
       2.783568037679e-02       7.419138897683e+03 
       2.784520553370e-02       7.417813239557e+03 
       2.785473440906e-02       7.416486561296e+03 
       2.786426700945e-02       7.415158862739e+03 
       2.787380334147e-02       7.413830129436e+03 
       2.788334341174e-02       7.412500385017e+03 
       2.789288722689e-02       7.411169623077e+03 
       2.790243479355e-02       7.409837839940e+03 
       2.791198611839e-02       7.408505035421e+03 
       2.792154120809e-02       7.407171209200e+03 
       2.793110006934e-02       7.405836361326e+03 
       2.794066270885e-02       7.404500491654e+03 
       2.795022913334e-02       7.403163599605e+03 
       2.795979934956e-02       7.401825685413e+03 
       2.796937336426e-02       7.400486755650e+03 
       2.797895118421e-02       7.399146764376e+03 
       2.798853281621e-02       7.397805780390e+03 
       2.799811826706e-02       7.396463773129e+03 
       2.800770754359e-02       7.395120742392e+03 
       2.801730065263e-02       7.393776685154e+03 
       2.802689760103e-02       7.392431600628e+03 
       2.803649839568e-02       7.391085497497e+03 
       2.804610304345e-02       7.389738369956e+03 
       2.805571155126e-02       7.388390217789e+03 
       2.806532392602e-02       7.387041040800e+03 
       2.807494017467e-02       7.385690838732e+03 
       2.808456030417e-02       7.384339611424e+03 
       2.809418432150e-02       7.382987358654e+03 
       2.810381223363e-02       7.381634080231e+03 
       2.811344404758e-02       7.380279775968e+03 
       2.812307977036e-02       7.378924453188e+03 
       2.813271940903e-02       7.377568053846e+03 
       2.814236297063e-02       7.376210668195e+03 
       2.815201046224e-02       7.374852255477e+03 
       2.816166189095e-02       7.373492815466e+03 
       2.817131726387e-02       7.372132347922e+03 
       2.818097658813e-02       7.370770852609e+03 
       2.819063987087e-02       7.369408329290e+03 
       2.820030711925e-02       7.368044777729e+03 
       2.820997834044e-02       7.366680197693e+03 
       2.821965354166e-02       7.365314588947e+03 
       2.822933273010e-02       7.363947951099e+03 
       2.823901591300e-02       7.362580266542e+03 
       2.824870309761e-02       7.361211568559e+03 
       2.825839429120e-02       7.359841841023e+03 
       2.826808950105e-02       7.358471083356e+03 
       2.827778873446e-02       7.357099295306e+03 
       2.828749199875e-02       7.355726476622e+03 
       2.829719930127e-02       7.354352627057e+03 
       2.830691064937e-02       7.352977746366e+03 
       2.831662605042e-02       7.351601834312e+03 
       2.832634551181e-02       7.350224890667e+03 
       2.833606904097e-02       7.348846906673e+03 
       2.834579664531e-02       7.347467881836e+03 
       2.835552833229e-02       7.346087839882e+03 
       2.836526410936e-02       7.344706765022e+03 
       2.837500398403e-02       7.343324656923e+03 
       2.838474796378e-02       7.341941507252e+03 
       2.839449605614e-02       7.340557331298e+03 
       2.840424826866e-02       7.339172121404e+03 
       2.841400460889e-02       7.337785877132e+03 
       2.842376508440e-02       7.336398598198e+03 
       2.843352970281e-02       7.335010284319e+03 
       2.844329847171e-02       7.333620935100e+03 
       2.845307139875e-02       7.332230550460e+03 
       2.846284849159e-02       7.330839130038e+03 
       2.847262975788e-02       7.329446673569e+03 
       2.848241520534e-02       7.328053180811e+03 
       2.849220484166e-02       7.326658630473e+03 
       2.850199867458e-02       7.325263049401e+03 
       2.851179671184e-02       7.323866443305e+03 
       2.852159896123e-02       7.322468799396e+03 
       2.853140543052e-02       7.321070117369e+03 
       2.854121612753e-02       7.319670396915e+03 
       2.855103106008e-02       7.318269637598e+03 
       2.856085023602e-02       7.316867839316e+03 
       2.857067366321e-02       7.315465001669e+03 
       2.858050134956e-02       7.314061124385e+03 
       2.859033330296e-02       7.312656207047e+03 
       2.860016953133e-02       7.311250256508e+03 
       2.861001004264e-02       7.309843232773e+03 
       2.861985484484e-02       7.308435192250e+03 
       2.862970394592e-02       7.307026110277e+03 
       2.863955735389e-02       7.305615986540e+03 
       2.864941507677e-02       7.304204820703e+03 
       2.865927712262e-02       7.302792612309e+03 
       2.866914349951e-02       7.301379361268e+03 
       2.867901421552e-02       7.299965067159e+03 
       2.868888927876e-02       7.298549729674e+03 
       2.869876869736e-02       7.297133350409e+03 
       2.870865247947e-02       7.295715898769e+03 
       2.871854063328e-02       7.294297427375e+03 
       2.872843316695e-02       7.292877911049e+03 
       2.873833008872e-02       7.291457349429e+03 
       2.874823140681e-02       7.290035744598e+03 
       2.875813712949e-02       7.288613080253e+03 
       2.876804726502e-02       7.287189379842e+03 
       2.877796182170e-02       7.285764632730e+03 
       2.878788080786e-02       7.284338838449e+03 
       2.879780423183e-02       7.282911996639e+03 
       2.880773210197e-02       7.281484106941e+03 
       2.881766442667e-02       7.280055168999e+03 
       2.882760121433e-02       7.278625182461e+03 
       2.883754247339e-02       7.277194146982e+03 
       2.884748821227e-02       7.275762062224e+03 
       2.885743843947e-02       7.274328939953e+03 
       2.886739316345e-02       7.272894708689e+03 
       2.887735239275e-02       7.271459471372e+03 
       2.888731613590e-02       7.270023182822e+03 
       2.889728440144e-02       7.268585842876e+03 
       2.890725719797e-02       7.267147451063e+03 
       2.891723453408e-02       7.265708006995e+03 
       2.892721641840e-02       7.264267510281e+03 
       2.893720285957e-02       7.262825960532e+03 
       2.894719386627e-02       7.261383357361e+03 
       2.895718944718e-02       7.259939700390e+03 
       2.896718961101e-02       7.258494994073e+03 
       2.897719436651e-02       7.257049205285e+03 
       2.898720372243e-02       7.255602383142e+03 
       2.899721768755e-02       7.254154505412e+03 
       2.900723627069e-02       7.252705571690e+03 
       2.901725948066e-02       7.251255581566e+03 
       2.902728732631e-02       7.249804534635e+03 
       2.903731981653e-02       7.248352430487e+03 
       2.904735696021e-02       7.246899268735e+03 
       2.905739876627e-02       7.245445048976e+03 
       2.906744524365e-02       7.243989774202e+03 
       2.907749640132e-02       7.242533409504e+03 
       2.908755224827e-02       7.241076011466e+03 
       2.909761279352e-02       7.239617553498e+03 
       2.910767804610e-02       7.238158035192e+03 
       2.911774801508e-02       7.236697452674e+03 
       2.912782270953e-02       7.235235807214e+03 
       2.913790213858e-02       7.233773104608e+03 
       2.914798631136e-02       7.232309339826e+03 
       2.915807523701e-02       7.230844512425e+03 
       2.916816892473e-02       7.229378621966e+03 
       2.917826738372e-02       7.227911668011e+03 
       2.918837062321e-02       7.226443649984e+03 
       2.919847865245e-02       7.224974567679e+03 
       2.920859148074e-02       7.223504420565e+03 
       2.921870911736e-02       7.222033208211e+03 
       2.922883157165e-02       7.220560916313e+03 
       2.923895885296e-02       7.219087551336e+03 
       2.924909097068e-02       7.217613137955e+03 
       2.925922793419e-02       7.216137657174e+03 
       2.926936975295e-02       7.214661108520e+03 
       2.927951643638e-02       7.213183491517e+03 
       2.928966799399e-02       7.211704805570e+03 
       2.929982443526e-02       7.210225050421e+03 
       2.930998576973e-02       7.208744225489e+03 
       2.932015200696e-02       7.207262330311e+03 
       2.933032315653e-02       7.205779364419e+03 
       2.934049922803e-02       7.204295311834e+03 
       2.935068023111e-02       7.202810200306e+03 
       2.936086617542e-02       7.201324017978e+03 
       2.937105707065e-02       7.199836762816e+03 
       2.938125292650e-02       7.198348434326e+03 
       2.939145375272e-02       7.196859032012e+03 
       2.940165955906e-02       7.195368555271e+03 
       2.941187035531e-02       7.193877003744e+03 
       2.942208615129e-02       7.192384376937e+03 
       2.943230695684e-02       7.190890674325e+03 
       2.944253278183e-02       7.189395871377e+03 
       2.945276363615e-02       7.187900015041e+03 
       2.946299952973e-02       7.186403080072e+03 
       2.947324047251e-02       7.184905067050e+03 
       2.948348647447e-02       7.183405976319e+03 
       2.949373754561e-02       7.181905796467e+03 
       2.950399369596e-02       7.180404545347e+03 
       2.951425493557e-02       7.178902214086e+03 
       2.952452127455e-02       7.177398801996e+03 
       2.953479272298e-02       7.175894308567e+03 
       2.954506929102e-02       7.174388733271e+03 
       2.955535098883e-02       7.172882075586e+03 
       2.956563782661e-02       7.171374334988e+03 
       2.957592981457e-02       7.169865511065e+03 
       2.958622696298e-02       7.168355602987e+03 
       2.959652928210e-02       7.166844619336e+03 
       2.960683678225e-02       7.165332499614e+03 
       2.961714947376e-02       7.163819333863e+03 
       2.962746736699e-02       7.162305081735e+03 
       2.963779047234e-02       7.160789742542e+03 
       2.964811880023e-02       7.159273315715e+03 
       2.965845236110e-02       7.157755800684e+03 
       2.966879116544e-02       7.156237196879e+03 
       2.967913522374e-02       7.154717503735e+03 
       2.968948454656e-02       7.153196720690e+03 
       2.969983914445e-02       7.151674847187e+03 
       2.971019902800e-02       7.150151889471e+03 
       2.972056420785e-02       7.148627808652e+03 
       2.973093469464e-02       7.147102658940e+03 
       2.974131049906e-02       7.145576416270e+03 
       2.975169163181e-02       7.144049080050e+03 
       2.976207810365e-02       7.142520649684e+03 
       2.977246992534e-02       7.140991124575e+03 
       2.978286710768e-02       7.139460504128e+03 
       2.979326966151e-02       7.137928787756e+03 
       2.980367759769e-02       7.136395974882e+03 
       2.981409092711e-02       7.134862057288e+03 
       2.982450966069e-02       7.133327032913e+03 
       2.983493380939e-02       7.131790924985e+03 
       2.984536338420e-02       7.130253717880e+03 
       2.985579839611e-02       7.128715411235e+03 
       2.986623885619e-02       7.127175995590e+03 
       2.987668477551e-02       7.125635486623e+03 
       2.988713616517e-02       7.124093875915e+03 
       2.989759303632e-02       7.122551162821e+03 
       2.990805540012e-02       7.121007346709e+03 
       2.991852326778e-02       7.119462426947e+03 
       2.992899665052e-02       7.117916402782e+03 
       2.993947555962e-02       7.116369273784e+03 
       2.994996000638e-02       7.114821039243e+03 
       2.996045000211e-02       7.113271698540e+03 
       2.997094555818e-02       7.111721261897e+03 
       2.998144668599e-02       7.110169662970e+03 
       2.999195339695e-02       7.108616997384e+03 
       3.000246570253e-02       7.107063222733e+03 
       3.001298361421e-02       7.105508338305e+03 
       3.002350714352e-02       7.103952343448e+03 
       3.003403630202e-02       7.102395237491e+03 
       3.004457110128e-02       7.100837019605e+03 
       3.005511155294e-02       7.099277689375e+03 
       3.006565766865e-02       7.097717246014e+03 
       3.007620946009e-02       7.096155688856e+03 
       3.008676693898e-02       7.094593005180e+03 
       3.009733011709e-02       7.093029212659e+03 
       3.010789900619e-02       7.091464308591e+03 
       3.011847361811e-02       7.089898287782e+03 
       3.012905396471e-02       7.088331149562e+03 
       3.013964005787e-02       7.086762893214e+03 
       3.015023190952e-02       7.085193517901e+03 
       3.016082953162e-02       7.083623023184e+03 
       3.017143293616e-02       7.082051408264e+03 
       3.018204213516e-02       7.080478672422e+03 
       3.019265714070e-02       7.078904792678e+03 
       3.020327796486e-02       7.077329811040e+03 
       3.021390461977e-02       7.075753706348e+03 
       3.022453711761e-02       7.074176477650e+03 
       3.023517547057e-02       7.072598127430e+03 
       3.024581969090e-02       7.071018637135e+03 
       3.025646979085e-02       7.069438031220e+03 
       3.026712578276e-02       7.067856298356e+03 
       3.027778767894e-02       7.066273437694e+03 
       3.028845549180e-02       7.064689448492e+03 
       3.029912923373e-02       7.063104330011e+03 
       3.030980891720e-02       7.061518081514e+03 
       3.032049455469e-02       7.059930702267e+03 
       3.033118615873e-02       7.058342191547e+03 
       3.034188374188e-02       7.056752548631e+03 
       3.035258731673e-02       7.055161737320e+03 
       3.036329689592e-02       7.053569829380e+03 
       3.037401249213e-02       7.051976782609e+03 
       3.038473411805e-02       7.050382600224e+03 
       3.039546178645e-02       7.048787281439e+03 
       3.040619551009e-02       7.047190825460e+03 
       3.041693530181e-02       7.045593231524e+03 
       3.042768117446e-02       7.043994498755e+03 
       3.043843314093e-02       7.042394626452e+03 
       3.044919121417e-02       7.040793613802e+03 
       3.045995540715e-02       7.039191461802e+03 
       3.047072573287e-02       7.037588147274e+03 
       3.048150220440e-02       7.035983707491e+03 
       3.049228483480e-02       7.034378123967e+03 
       3.050307363722e-02       7.032771395907e+03 
       3.051386862482e-02       7.031163522504e+03 
       3.052466981080e-02       7.029554502946e+03 
       3.053547720841e-02       7.027944336423e+03 
       3.054629083093e-02       7.026333022202e+03 
       3.055711069169e-02       7.024720559242e+03 
       3.056793680405e-02       7.023106953504e+03 
       3.057876918140e-02       7.021492161032e+03 
       3.058960783721e-02       7.019876245534e+03 
       3.060045278493e-02       7.018259177856e+03 
       3.061130403811e-02       7.016640957324e+03 
       3.062216161031e-02       7.015021574709e+03 
       3.063302551512e-02       7.013401044762e+03 
       3.064389576619e-02       7.011779359131e+03 
       3.065477237722e-02       7.010156516950e+03 
       3.066565536192e-02       7.008532517386e+03 
       3.067654473407e-02       7.006907359499e+03 
       3.068744050747e-02       7.005281042354e+03 
       3.069834269599e-02       7.003653565328e+03 
       3.070925131350e-02       7.002024927454e+03 
       3.072016637395e-02       7.000395127873e+03 
       3.073108789131e-02       6.998764164783e+03 
       3.074201587961e-02       6.997132007504e+03 
       3.075295035290e-02       6.995498714929e+03 
       3.076389132530e-02       6.993864256749e+03 
       3.077483881094e-02       6.992228632056e+03 
       3.078579282403e-02       6.990591839818e+03 
       3.079675337878e-02       6.988953879316e+03 
       3.080772048949e-02       6.987314749551e+03 
       3.081869417047e-02       6.985674449610e+03 
       3.082967443608e-02       6.984032978582e+03 
       3.084066130074e-02       6.982390334956e+03 
       3.085165477889e-02       6.980746503182e+03 
       3.086265488504e-02       6.979101512090e+03 
       3.087366163371e-02       6.977455346059e+03 
       3.088467503951e-02       6.975808004122e+03 
       3.089569511705e-02       6.974159485204e+03 
       3.090672188102e-02       6.972509788569e+03 
       3.091775534613e-02       6.970858913176e+03 
       3.092879552715e-02       6.969206858082e+03 
       3.093984243889e-02       6.967553622349e+03 
       3.095089609620e-02       6.965899212780e+03 
       3.096195651400e-02       6.964243582360e+03 
       3.097302370722e-02       6.962586797143e+03 
       3.098409769086e-02       6.960928827207e+03 
       3.099517847996e-02       6.959269672056e+03 
       3.100626608961e-02       6.957609321340e+03 
       3.101736053495e-02       6.955947790667e+03 
       3.102846183115e-02       6.954285071219e+03 
       3.103956999344e-02       6.952621162006e+03 
       3.105068503711e-02       6.950956062028e+03 
       3.106180697747e-02       6.949289770284e+03 
       3.107293582989e-02       6.947622285769e+03 
       3.108407160980e-02       6.945953607482e+03 
       3.109521433265e-02       6.944283734536e+03 
       3.110636401398e-02       6.942612665612e+03 
       3.111752066934e-02       6.940940366920e+03 
       3.112868431434e-02       6.939266904097e+03 
       3.113985496464e-02       6.937592239194e+03 
       3.115103263596e-02       6.935916374076e+03 
       3.116221734407e-02       6.934239307679e+03 
       3.117340910475e-02       6.932561038975e+03 
       3.118460793389e-02       6.930881566912e+03 
       3.119581384738e-02       6.929200890441e+03 
       3.120702686120e-02       6.927519008515e+03 
       3.121824699133e-02       6.925835919961e+03 
       3.122947425386e-02       6.924151628288e+03 
       3.124070866489e-02       6.922466102804e+03 
       3.125195024058e-02       6.920779387077e+03 
       3.126319899716e-02       6.919091460350e+03 
       3.127445495087e-02       6.917402321533e+03 
       3.128571811805e-02       6.915711969531e+03 
       3.129698851505e-02       6.914020403255e+03 
       3.130826615831e-02       6.912327621617e+03 
       3.131955106429e-02       6.910633623532e+03 
       3.133084324953e-02       6.908938407779e+03 
       3.134214273059e-02       6.907241951518e+03 
       3.135344952412e-02       6.905544296484e+03 
       3.136476364680e-02       6.903845419675e+03 
       3.137608511536e-02       6.902145320640e+03 
       3.138741394661e-02       6.900443998309e+03 
       3.139875015738e-02       6.898741447963e+03 
       3.141009376458e-02       6.897037674756e+03 
       3.142144478515e-02       6.895332667340e+03 
       3.143280323612e-02       6.893626439045e+03 
       3.144416913455e-02       6.891918981688e+03 
       3.145554249755e-02       6.890210293970e+03 
       3.146692334230e-02       6.888500374731e+03 
       3.147831168603e-02       6.886789222808e+03 
       3.148970754602e-02       6.885076837041e+03 
       3.150111093963e-02       6.883363216275e+03 
       3.151252188424e-02       6.881648369367e+03 
       3.152394039731e-02       6.879932239597e+03 
       3.153536649636e-02       6.878214904690e+03 
       3.154680019895e-02       6.876496329630e+03 
       3.155824152270e-02       6.874776513448e+03 
       3.156969048531e-02       6.873055454841e+03 
       3.158114710451e-02       6.871333152625e+03 
       3.159261139810e-02       6.869609605528e+03 
       3.160408338395e-02       6.867884812408e+03 
       3.161556307995e-02       6.866158759138e+03 
       3.162705050410e-02       6.864431469299e+03 
       3.163854567442e-02       6.862702929569e+03 
       3.165004860901e-02       6.860973138601e+03 
       3.166155932601e-02       6.859242095346e+03 
       3.167307784365e-02       6.857509798468e+03 
       3.168460418019e-02       6.855776246717e+03 
       3.169613835397e-02       6.854041438846e+03 
       3.170768038337e-02       6.852305380618e+03 
       3.171923028686e-02       6.850568031157e+03 
       3.173078808295e-02       6.848829445869e+03 
       3.174235379021e-02       6.847089599194e+03 
       3.175392742728e-02       6.845348490632e+03 
       3.176550901287e-02       6.843606108736e+03 
       3.177709856573e-02       6.841862469515e+03 
       3.178869610469e-02       6.840117563645e+03 
       3.180030164864e-02       6.838371389823e+03 
       3.181191521652e-02       6.836623946740e+03 
       3.182353682736e-02       6.834875233086e+03 
       3.183516650022e-02       6.833125247546e+03 
       3.184680425426e-02       6.831373988799e+03 
       3.185845010866e-02       6.829621455550e+03 
       3.187010408272e-02       6.827867646338e+03 
       3.188176619574e-02       6.826112552660e+03 
       3.189343646715e-02       6.824356164461e+03 
       3.190511491640e-02       6.822598517367e+03 
       3.191680156302e-02       6.820839588719e+03 
       3.192849642661e-02       6.819079377142e+03 
       3.194019952683e-02       6.817317881259e+03 
       3.195191088342e-02       6.815555099692e+03 
       3.196363051615e-02       6.813791031150e+03 
       3.197535844490e-02       6.812025673866e+03 
       3.198709468960e-02       6.810259026920e+03 
       3.199883927025e-02       6.808491088748e+03 
       3.201059220690e-02       6.806721840243e+03 
       3.202235351970e-02       6.804951316942e+03 
       3.203412322885e-02       6.803179495443e+03 
       3.204590135461e-02       6.801406376933e+03 
       3.205768791733e-02       6.799631959983e+03 
       3.206948293742e-02       6.797856243161e+03 
       3.208128643536e-02       6.796079224916e+03 
       3.209309843169e-02       6.794300903990e+03 
       3.210491894705e-02       6.792521278872e+03 
       3.211674800211e-02       6.790740348109e+03 
       3.212858561764e-02       6.788958089518e+03 
       3.214043181448e-02       6.787174542000e+03 
       3.215228661353e-02       6.785389683820e+03 
       3.216415003577e-02       6.783603513948e+03 
       3.217602210225e-02       6.781816033552e+03 
       3.218790283408e-02       6.780027225767e+03 
       3.219979225248e-02       6.778237111093e+03 
       3.221169037870e-02       6.776445678760e+03 
       3.222359723409e-02       6.774652927156e+03 
       3.223551284007e-02       6.772858854778e+03 
       3.224743721812e-02       6.771063460114e+03 
       3.225937038982e-02       6.769266741648e+03 
       3.227131237681e-02       6.767468697859e+03 
       3.228326320079e-02       6.765669327219e+03 
       3.229522288358e-02       6.763868628238e+03 
       3.230719144702e-02       6.762066572887e+03 
       3.231916891308e-02       6.760263208916e+03 
       3.233115530377e-02       6.758458513104e+03 
       3.234315064119e-02       6.756652482383e+03 
       3.235515494752e-02       6.754845115169e+03 
       3.236716824502e-02       6.753036409878e+03 
       3.237919055601e-02       6.751226364922e+03 
       3.239122190292e-02       6.749414978711e+03 
       3.240326230822e-02       6.747602249647e+03 
       3.241531179450e-02       6.745788176026e+03 
       3.242737038439e-02       6.743972755934e+03 
       3.243943810064e-02       6.742155974263e+03 
       3.245151496606e-02       6.740337856676e+03 
       3.246360100353e-02       6.738518387986e+03 
       3.247569623603e-02       6.736697566592e+03 
       3.248780068662e-02       6.734875390851e+03 
       3.249991437843e-02       6.733051859111e+03 
       3.251203733468e-02       6.731226969721e+03 
       3.252416957868e-02       6.729400720885e+03 
       3.253631113380e-02       6.727573111177e+03 
       3.254846202353e-02       6.725744145490e+03 
       3.256062227141e-02       6.723913781823e+03 
       3.257279190108e-02       6.722082077552e+03 
       3.258497093627e-02       6.720249005354e+03 
       3.259715940077e-02       6.718414563454e+03 
       3.260935731850e-02       6.716578743626e+03 
       3.262156471342e-02       6.714741556989e+03 
       3.263378160960e-02       6.712902995355e+03 
       3.264600803120e-02       6.711063057264e+03 
       3.265824400245e-02       6.709221740883e+03 
       3.267048954769e-02       6.707379044470e+03 
       3.268274469133e-02       6.705534966281e+03 
       3.269500945788e-02       6.703689504567e+03 
       3.270728387192e-02       6.701842657580e+03 
       3.271956795815e-02       6.699994423637e+03 
       3.273186174133e-02       6.698144794686e+03 
       3.274416524634e-02       6.696293758966e+03 
       3.275647849811e-02       6.694441350903e+03 
       3.276880152171e-02       6.692587548364e+03 
       3.278113434227e-02       6.690732349537e+03 
       3.279347698501e-02       6.688875752599e+03 
       3.280582947526e-02       6.687017755730e+03 
       3.281819183843e-02       6.685158357110e+03 
       3.283056410003e-02       6.683297554917e+03 
       3.284294628566e-02       6.681435347422e+03 
       3.285533842103e-02       6.679571735911e+03 
       3.286774053191e-02       6.677706693948e+03 
       3.288015264420e-02       6.675840257880e+03 
       3.289257478387e-02       6.673972408826e+03 
       3.290500697702e-02       6.672103144897e+03 
       3.291744924980e-02       6.670232464201e+03 
       3.292990162850e-02       6.668360364846e+03 
       3.294236413948e-02       6.666486844936e+03 
       3.295483680921e-02       6.664611902460e+03 
       3.296731966426e-02       6.662735535658e+03 
       3.297981273129e-02       6.660857724306e+03 
       3.299231603707e-02       6.658978501239e+03 
       3.300482960846e-02       6.657097848173e+03 
       3.301735347243e-02       6.655215762813e+03 
       3.302988765605e-02       6.653332237688e+03 
       3.304243218647e-02       6.651447280510e+03 
       3.305498709099e-02       6.649560885974e+03 
       3.306755239695e-02       6.647673051101e+03 
       3.308012813185e-02       6.645783774106e+03 
       3.309271432327e-02       6.643893052907e+03 
       3.310531099887e-02       6.642000885507e+03 
       3.311791818647e-02       6.640107269900e+03 
       3.313053591393e-02       6.638212204082e+03 
       3.314316420928e-02       6.636315686049e+03 
       3.315580310061e-02       6.634417723850e+03 
       3.316845261613e-02       6.632518258241e+03 
       3.318111278417e-02       6.630617369042e+03 
       3.319378363315e-02       6.628715019246e+03 
       3.320646519160e-02       6.626811206691e+03 
       3.321915748818e-02       6.624905929304e+03 
       3.323186055163e-02       6.622999185007e+03 
       3.324457441083e-02       6.621090971718e+03 
       3.325729909473e-02       6.619181287351e+03 
       3.327003463244e-02       6.617270129820e+03 
       3.328278105315e-02       6.615357501695e+03 
       3.329553838617e-02       6.613443372651e+03 
       3.330830666092e-02       6.611527781711e+03 
       3.332108590694e-02       6.609610708918e+03 
       3.333387615388e-02       6.607692152113e+03 
       3.334667743150e-02       6.605772109132e+03 
       3.335948976968e-02       6.603850577815e+03 
       3.337231319843e-02       6.601927555990e+03 
       3.338514774785e-02       6.600003041444e+03 
       3.339799344817e-02       6.598077034100e+03 
       3.341085032974e-02       6.596149507245e+03 
       3.342371842303e-02       6.594220500054e+03 
       3.343659775862e-02       6.592289991178e+03 
       3.344948836721e-02       6.590357978220e+03 
       3.346239027963e-02       6.588424453196e+03 
       3.347530352682e-02       6.586489425429e+03 
       3.348822813984e-02       6.584552886975e+03 
       3.350116414989e-02       6.582614835490e+03 
       3.351411158828e-02       6.580675268769e+03 
       3.352707048644e-02       6.578734184547e+03 
       3.354004087592e-02       6.576791580499e+03 
       3.355302278841e-02       6.574847454326e+03 
       3.356601625571e-02       6.572901803740e+03 
       3.357902130976e-02       6.570954625665e+03 
       3.359203798262e-02       6.569005895067e+03 
       3.360506630648e-02       6.567055655246e+03 
       3.361810631364e-02       6.565103881423e+03 
       3.363115803656e-02       6.563150571275e+03 
       3.364422150780e-02       6.561195722382e+03 
       3.365729676006e-02       6.559239332385e+03 
       3.367038382618e-02       6.557281398910e+03 
       3.368348273912e-02       6.555321919576e+03 
       3.369659353199e-02       6.553360891995e+03 
       3.370971623799e-02       6.551398313806e+03 
       3.372285089051e-02       6.549434169145e+03 
       3.373599752303e-02       6.547468481170e+03 
       3.374915616918e-02       6.545501235066e+03 
       3.376232686273e-02       6.543532428333e+03 
       3.377550963759e-02       6.541562058513e+03 
       3.378870452778e-02       6.539590123134e+03 
       3.380191156750e-02       6.537616619721e+03 
       3.381513079104e-02       6.535641545763e+03 
       3.382836223288e-02       6.533664898693e+03 
       3.384160592760e-02       6.531686658897e+03 
       3.385486190994e-02       6.529706856977e+03 
       3.386813021477e-02       6.527725474307e+03 
       3.388141087712e-02       6.525742508162e+03 
       3.389470393214e-02       6.523757950549e+03 
       3.390800941514e-02       6.521771809892e+03 
       3.392132736158e-02       6.519784078190e+03 
       3.393465780704e-02       6.517794752909e+03 
       3.394800078726e-02       6.515803831285e+03 
       3.396135633815e-02       6.513811310866e+03 
       3.397472449572e-02       6.511817188963e+03 
       3.398810529618e-02       6.509821462954e+03 
       3.400149877584e-02       6.507824130220e+03 
       3.401490497121e-02       6.505825192960e+03 
       3.402832391890e-02       6.503824609660e+03 
       3.404175565571e-02       6.501822438781e+03 
       3.405520021857e-02       6.499818650242e+03 
       3.406865764459e-02       6.497813241407e+03 
       3.408212797100e-02       6.495806209470e+03 
       3.409561123522e-02       6.493797551820e+03 
       3.410910747479e-02       6.491787265717e+03 
       3.412261672744e-02       6.489775348437e+03 
       3.413613903104e-02       6.487761797217e+03 
       3.414967442362e-02       6.485746611620e+03 
       3.416322294337e-02       6.483729768921e+03 
       3.417678462864e-02       6.481711298147e+03 
       3.419035951795e-02       6.479691182129e+03 
       3.420394764998e-02       6.477669418052e+03 
       3.421754906356e-02       6.475646003096e+03 
       3.423116379769e-02       6.473620934432e+03 
       3.424479189154e-02       6.471594209207e+03 
       3.425843338445e-02       6.469565824623e+03 
       3.427208831592e-02       6.467535759541e+03 
       3.428575672561e-02       6.465504048493e+03 
       3.429943865337e-02       6.463470667090e+03 
       3.431313413920e-02       6.461435614645e+03 
       3.432684322327e-02       6.459398881697e+03 
       3.434056594594e-02       6.457360478909e+03 
       3.435430234772e-02       6.455320395303e+03 
       3.436805246932e-02       6.453278628873e+03 
       3.438181635160e-02       6.451235176633e+03 
       3.439559403561e-02       6.449190035568e+03 
       3.440938556257e-02       6.447143202740e+03 
       3.442319097388e-02       6.445094675099e+03 
       3.443701031112e-02       6.443044449668e+03 
       3.445084361604e-02       6.440992522617e+03 
       3.446469093059e-02       6.438938870512e+03 
       3.447855229688e-02       6.436883531582e+03 
       3.449242775721e-02       6.434826482453e+03 
       3.450631735408e-02       6.432767720035e+03 
       3.452022113015e-02       6.430707241260e+03 
       3.453413912829e-02       6.428645043030e+03 
       3.454807139153e-02       6.426581122281e+03 
       3.456201796311e-02       6.424515475858e+03 
       3.457597888645e-02       6.422448100653e+03 
       3.458995420516e-02       6.420378992657e+03 
       3.460394396304e-02       6.418308138808e+03 
       3.461794820410e-02       6.416235557087e+03 
       3.463196697252e-02       6.414161233678e+03 
       3.464600031268e-02       6.412085165358e+03 
       3.466004826916e-02       6.410007348913e+03 
       3.467411088675e-02       6.407927781074e+03 
       3.468818821041e-02       6.405846458653e+03 
       3.470228028532e-02       6.403763378392e+03 
       3.471638715685e-02       6.401678521737e+03 
       3.473050887059e-02       6.399591914503e+03 
       3.474464547231e-02       6.397503539572e+03 
       3.475879700800e-02       6.395413393431e+03 
       3.477296352384e-02       6.393321467457e+03 
       3.478714506624e-02       6.391227768627e+03 
       3.480134168178e-02       6.389132288538e+03 
       3.481555341730e-02       6.387035023816e+03 
       3.482978031980e-02       6.384935971190e+03 
       3.484402243653e-02       6.382835126834e+03 
       3.485827981493e-02       6.380732487734e+03 
       3.487255250266e-02       6.378628050332e+03 
       3.488684054761e-02       6.376521811200e+03 
       3.490114399785e-02       6.374413762195e+03 
       3.491546290171e-02       6.372303891401e+03 
       3.492979730771e-02       6.370192224249e+03 
       3.494414726460e-02       6.368078741253e+03 
       3.495851282136e-02       6.365963438690e+03 
       3.497289402719e-02       6.363846313250e+03 
       3.498729093149e-02       6.361727361331e+03 
       3.500170358393e-02       6.359606579385e+03 
       3.501613203438e-02       6.357483963839e+03 
       3.503057633293e-02       6.355359513182e+03 
       3.504503652992e-02       6.353233206079e+03 
       3.505951267591e-02       6.351105067008e+03 
       3.507400482171e-02       6.348975079650e+03 
       3.508851301834e-02       6.346843240335e+03 
       3.510303731707e-02       6.344709545385e+03 
       3.511757776941e-02       6.342573991110e+03 
       3.513213442709e-02       6.340436573815e+03 
       3.514670734211e-02       6.338297289801e+03 
       3.516129656669e-02       6.336156119776e+03 
       3.517590215329e-02       6.334013091041e+03 
       3.519052415464e-02       6.331868182971e+03 
       3.520516262368e-02       6.329721392982e+03 
       3.521981761363e-02       6.327572712194e+03 
       3.523448917794e-02       6.325422146584e+03 
       3.524917737033e-02       6.323269687513e+03 
       3.526388224474e-02       6.321115331149e+03 
       3.527860385540e-02       6.318959073601e+03 
       3.529334225676e-02       6.316800910953e+03 
       3.530809750357e-02       6.314640839343e+03 
       3.532286965080e-02       6.312478854813e+03 
       3.533765875370e-02       6.310314953452e+03 
       3.535246486777e-02       6.308149111767e+03 
       3.536728804880e-02       6.305981362998e+03 
       3.538212835280e-02       6.303811685345e+03 
       3.539698583610e-02       6.301640074685e+03 
       3.541186055525e-02       6.299466526994e+03 
       3.542675256710e-02       6.297291038235e+03 
       3.544166192878e-02       6.295113604368e+03 
       3.545658869766e-02       6.292934221330e+03 
       3.547153293140e-02       6.290752885036e+03 
       3.548649468796e-02       6.288569580820e+03 
       3.550147402556e-02       6.286384324977e+03 
       3.551647100268e-02       6.284197102971e+03 
       3.553148567813e-02       6.282007910861e+03 
       3.554651811096e-02       6.279816744509e+03 
       3.556156836054e-02       6.277623599707e+03 
       3.557663648650e-02       6.275428472731e+03 
       3.559172254879e-02       6.273231359081e+03 
       3.560682660763e-02       6.271032247054e+03 
       3.562194872353e-02       6.268831139778e+03 
       3.563708895731e-02       6.266628038553e+03 
       3.565224737009e-02       6.264422933111e+03 
       3.566742402328e-02       6.262215814400e+03 
       3.568261897859e-02       6.260006687173e+03 
       3.569783229804e-02       6.257795542341e+03 
       3.571306404396e-02       6.255582375863e+03 
       3.572831427898e-02       6.253367183185e+03 
       3.574358306603e-02       6.251149959858e+03 
       3.575887046837e-02       6.248930701414e+03 
       3.577417654957e-02       6.246709403379e+03 
       3.578950137351e-02       6.244486060856e+03 
       3.580484500439e-02       6.242260652029e+03 
       3.582020750672e-02       6.240033206440e+03 
       3.583558894535e-02       6.237803702902e+03 
       3.585098938545e-02       6.235572136834e+03 
       3.586640889250e-02       6.233338503705e+03 
       3.588184753233e-02       6.231102798849e+03 
       3.589730537110e-02       6.228865017636e+03 
       3.591278247527e-02       6.226625155431e+03 
       3.592827891168e-02       6.224383197173e+03 
       3.594379474749e-02       6.222139158930e+03 
       3.595933005017e-02       6.219893024356e+03 
       3.597488488759e-02       6.217644789689e+03 
       3.599045932791e-02       6.215394450149e+03 
       3.600605343967e-02       6.213142000950e+03 
       3.602166729175e-02       6.210887437273e+03 
       3.603730095337e-02       6.208630755911e+03 
       3.605295449413e-02       6.206371934430e+03 
       3.606862798395e-02       6.204110996970e+03 
       3.608432149314e-02       6.201847925406e+03 
       3.610003509235e-02       6.199582710430e+03 
       3.611576885262e-02       6.197315355483e+03 
       3.613152284531e-02       6.195045851492e+03 
       3.614729714220e-02       6.192774193491e+03 
       3.616309181542e-02       6.190500376430e+03 
       3.617890693745e-02       6.188224395339e+03 
       3.619474258118e-02       6.185946244874e+03 
       3.621059881986e-02       6.183665920248e+03 
       3.622647572713e-02       6.181383399370e+03 
       3.624237337702e-02       6.179098709139e+03 
       3.625829184392e-02       6.176811828930e+03 
       3.627423120264e-02       6.174522753598e+03 
       3.629019152837e-02       6.172231477924e+03 
       3.630617289668e-02       6.169937996706e+03 
       3.632217538355e-02       6.167642304702e+03 
       3.633819906538e-02       6.165344396655e+03 
       3.635424401894e-02       6.163044258375e+03 
       3.637031032142e-02       6.160741901269e+03 
       3.638639805042e-02       6.158437311888e+03 
       3.640250728396e-02       6.156130484811e+03 
       3.641863810045e-02       6.153821414625e+03 
       3.643479057874e-02       6.151510095889e+03 
       3.645096479809e-02       6.149196523168e+03 
       3.646716083819e-02       6.146880678387e+03 
       3.648337877914e-02       6.144562581445e+03 
       3.649961870150e-02       6.142242212383e+03 
       3.651588068623e-02       6.139919568686e+03 
       3.653216481474e-02       6.137594635677e+03 
       3.654847116889e-02       6.135267420656e+03 
       3.656479983096e-02       6.132937912489e+03 
       3.658115088369e-02       6.130606105484e+03 
       3.659752441026e-02       6.128271993881e+03 
       3.661392049431e-02       6.125935571966e+03 
       3.663033921992e-02       6.123596833965e+03 
       3.664678067164e-02       6.121255757054e+03 
       3.666324493449e-02       6.118912369805e+03 
       3.667973209393e-02       6.116566646817e+03 
       3.669624223591e-02       6.114218584162e+03 
       3.671277544684e-02       6.111868175919e+03 
       3.672933181361e-02       6.109515416220e+03 
       3.674591142358e-02       6.107160299120e+03 
       3.676251436460e-02       6.104802818695e+03 
       3.677914072501e-02       6.102442960832e+03 
       3.679579059362e-02       6.100080734734e+03 
       3.681246405975e-02       6.097716126985e+03 
       3.682916121322e-02       6.095349131392e+03 
       3.684588214433e-02       6.092979741829e+03 
       3.686262694390e-02       6.090607952310e+03 
       3.687939570325e-02       6.088233756132e+03 
       3.689618851421e-02       6.085857137245e+03 
       3.691300546912e-02       6.083478108699e+03 
       3.692984666087e-02       6.081096654902e+03 
       3.694671218283e-02       6.078712765796e+03 
       3.696360212892e-02       6.076326442187e+03 
       3.698051659359e-02       6.073937674211e+03 
       3.699745567181e-02       6.071546455531e+03 
       3.701441945910e-02       6.069152779693e+03 
       3.703140805154e-02       6.066756640207e+03 
       3.704842154571e-02       6.064358030548e+03 
       3.706546003879e-02       6.061956943617e+03 
       3.708252362848e-02       6.059553359954e+03 
       3.709961241306e-02       6.057147298559e+03 
       3.711672649136e-02       6.054738740312e+03 
       3.713386596279e-02       6.052327678532e+03 
       3.715103092733e-02       6.049914106542e+03 
       3.716822148552e-02       6.047498017554e+03 
       3.718543773849e-02       6.045079404858e+03 
       3.720267978797e-02       6.042658253310e+03 
       3.721994773627e-02       6.040234573324e+03 
       3.723724168628e-02       6.037808347719e+03 
       3.725456174150e-02       6.035379570846e+03 
       3.727190800605e-02       6.032948235725e+03 
       3.728928058464e-02       6.030514335296e+03 
       3.730667958258e-02       6.028077862583e+03 
       3.732410510583e-02       6.025638801296e+03 
       3.734155726095e-02       6.023197161894e+03 
       3.735903615513e-02       6.020752928372e+03 
       3.737654189621e-02       6.018306090802e+03 
       3.739407459263e-02       6.015856647978e+03 
       3.741163435352e-02       6.013404589786e+03 
       3.742922128862e-02       6.010949908992e+03 
       3.744683550834e-02       6.008492598263e+03 
       3.746447712374e-02       6.006032650244e+03 
       3.748214624655e-02       6.003570057534e+03 
       3.749984298916e-02       6.001104813605e+03 
       3.751756746465e-02       5.998636894916e+03 
       3.753531978675e-02       5.996166321585e+03 
       3.755310006989e-02       5.993693073317e+03 
       3.757090842921e-02       5.991217142490e+03 
       3.758874498050e-02       5.988738521482e+03 
       3.760660984030e-02       5.986257202639e+03 
       3.762450312583e-02       5.983773178252e+03 
       3.764242495501e-02       5.981286440930e+03 
       3.766037544650e-02       5.978796974719e+03 
       3.767835471968e-02       5.976304786385e+03 
       3.769636289466e-02       5.973809861101e+03 
       3.771440009228e-02       5.971312191052e+03 
       3.773246643412e-02       5.968811768218e+03 
       3.775056204251e-02       5.966308584498e+03 
       3.776868704054e-02       5.963802633570e+03 
       3.778684155205e-02       5.961293893675e+03 
       3.780502570165e-02       5.958782378060e+03 
       3.782323961473e-02       5.956268069175e+03 
       3.784148341745e-02       5.953750955350e+03 
       3.785975723676e-02       5.951231034542e+03 
       3.787806120039e-02       5.948708295608e+03 
       3.789639543689e-02       5.946182730175e+03 
       3.791476007559e-02       5.943654329828e+03 
       3.793315524666e-02       5.941123086108e+03 
       3.795158108105e-02       5.938588990503e+03 
       3.797003771057e-02       5.936052034514e+03 
       3.798852526786e-02       5.933512213028e+03 
       3.800704388637e-02       5.930969494360e+03 
       3.802559370043e-02       5.928423903824e+03 
       3.804417484520e-02       5.925875418060e+03 
       3.806278745671e-02       5.923324028311e+03 
       3.808143167186e-02       5.920769725752e+03 
       3.810010762843e-02       5.918212501532e+03 
       3.811881546506e-02       5.915652346850e+03 
       3.813755532130e-02       5.913089252679e+03 
       3.815632733760e-02       5.910523209653e+03 
       3.817513165531e-02       5.907954203174e+03 
       3.819396841668e-02       5.905382235324e+03 
       3.821283776490e-02       5.902807291302e+03 
       3.823173984408e-02       5.900229362055e+03 
       3.825067479927e-02       5.897648438249e+03 
       3.826964277646e-02       5.895064510583e+03 
       3.828864392261e-02       5.892477569713e+03 
       3.830767838562e-02       5.889887606136e+03 
       3.832674631437e-02       5.887294603306e+03 
       3.834584785872e-02       5.884698565357e+03 
       3.836498316951e-02       5.882099476167e+03 
       3.838415239859e-02       5.879497326064e+03 
       3.840335569879e-02       5.876892102935e+03 
       3.842259322398e-02       5.874283801550e+03 
       3.844186512904e-02       5.871672409773e+03 
       3.846117156988e-02       5.869057918021e+03 
       3.848051270344e-02       5.866440316043e+03 
       3.849988868774e-02       5.863819594156e+03 
       3.851929968184e-02       5.861195742304e+03 
       3.853874584585e-02       5.858568744605e+03 
       3.855822734099e-02       5.855938601756e+03 
       3.857774432955e-02       5.853305298588e+03 
       3.859729697493e-02       5.850668824873e+03 
       3.861688544162e-02       5.848029169980e+03 
       3.863650989524e-02       5.845386319200e+03 
       3.865617050253e-02       5.842740270464e+03 
       3.867586743137e-02       5.840091009239e+03 
       3.869560085079e-02       5.837438524968e+03 
       3.871537093098e-02       5.834782807026e+03 
       3.873517784329e-02       5.832123844764e+03 
       3.875502176026e-02       5.829461629515e+03 
       3.877490285561e-02       5.826796138498e+03 
       3.879482130427e-02       5.824127377906e+03 
       3.881477728238e-02       5.821455329861e+03 
       3.883477096730e-02       5.818779981094e+03 
       3.885480253763e-02       5.816101324246e+03 
       3.887487217320e-02       5.813419346491e+03 
       3.889498005512e-02       5.810734036496e+03 
       3.891512636577e-02       5.808045383149e+03 
       3.893531128878e-02       5.805353375034e+03 
       3.895553500911e-02       5.802657994134e+03 
       3.897579771300e-02       5.799959242500e+03 
       3.899609958802e-02       5.797257100729e+03 
       3.901644082307e-02       5.794551558144e+03 
       3.903682160840e-02       5.791842599755e+03 
       3.905724213558e-02       5.789130220276e+03 
       3.907770259759e-02       5.786414404892e+03 
       3.909820318877e-02       5.783695141635e+03 
       3.911874410485e-02       5.780972418472e+03 
       3.913932554299e-02       5.778246223434e+03 
       3.915994770175e-02       5.775516539595e+03 
       3.918061078113e-02       5.772783364406e+03 
       3.920131498258e-02       5.770046679970e+03 
       3.922206050901e-02       5.767306474028e+03 
       3.924284756481e-02       5.764562735369e+03 
       3.926367635586e-02       5.761815450421e+03 
       3.928454708954e-02       5.759064607542e+03 
       3.930545997476e-02       5.756310194700e+03 
       3.932641522195e-02       5.753552195455e+03 
       3.934741304310e-02       5.750790602002e+03 
       3.936845365176e-02       5.748025399346e+03 
       3.938953726307e-02       5.745256574447e+03 
       3.941066409376e-02       5.742484112484e+03 
       3.943183436216e-02       5.739708003621e+03 
       3.945304828825e-02       5.736928233185e+03 
       3.947430609362e-02       5.734144787842e+03 
       3.949560800156e-02       5.731357654468e+03 
       3.951695423701e-02       5.728566819586e+03 
       3.953834502661e-02       5.725772269566e+03 
       3.955978059871e-02       5.722973988187e+03 
       3.958126118338e-02       5.720171966789e+03 
       3.960278701245e-02       5.717366189065e+03 
       3.962435831950e-02       5.714556641530e+03 
       3.964597533990e-02       5.711743309334e+03 
       3.966763831080e-02       5.708926179830e+03 
       3.968934747119e-02       5.706105232908e+03 
       3.971110306187e-02       5.703280463735e+03 
       3.973290532551e-02       5.700451853843e+03 
       3.975475450666e-02       5.697619388775e+03 
       3.977665085173e-02       5.694783054023e+03 
       3.979859460908e-02       5.691942834969e+03 
       3.982058602898e-02       5.689098716761e+03 
       3.984262536364e-02       5.686250684784e+03 
       3.986471286726e-02       5.683398724097e+03 
       3.988684879603e-02       5.680542819754e+03 
       3.990903340814e-02       5.677682956701e+03 
       3.993126696383e-02       5.674819119637e+03 
       3.995354972538e-02       5.671951293446e+03 
       3.997588195715e-02       5.669079462719e+03 
       3.999826392560e-02       5.666203611984e+03 
       4.002069589932e-02       5.663323725677e+03 
       4.004317814901e-02       5.660439787966e+03 
       4.006571094758e-02       5.657551783194e+03 
       4.008829457009e-02       5.654659695410e+03 
       4.011092929384e-02       5.651763508636e+03 
       4.013361539834e-02       5.648863206785e+03 
       4.015635316538e-02       5.645958773568e+03 
       4.017914287902e-02       5.643050192694e+03 
       4.020198482564e-02       5.640137447799e+03 
       4.022487929395e-02       5.637220522339e+03 
       4.024782657500e-02       5.634299399689e+03 
       4.027082696224e-02       5.631374062969e+03 
       4.029388075154e-02       5.628444495436e+03 
       4.031698824119e-02       5.625510680011e+03 
       4.034014973195e-02       5.622572599565e+03 
       4.036336552705e-02       5.619630236857e+03 
       4.038663593228e-02       5.616683574426e+03 
       4.040996125594e-02       5.613732594972e+03 
       4.043334180891e-02       5.610777280859e+03 
       4.045677790467e-02       5.607817614408e+03 
       4.048026985935e-02       5.604853577861e+03 
       4.050381799171e-02       5.601885153152e+03 
       4.052742262322e-02       5.598912322370e+03 
       4.055108407808e-02       5.595935067205e+03 
       4.057480268321e-02       5.592953369280e+03 
       4.059857876833e-02       5.589967210148e+03 
       4.062241266597e-02       5.586976570923e+03 
       4.064630471152e-02       5.583981433229e+03 
       4.067025524321e-02       5.580981778112e+03 
       4.069426460222e-02       5.577977586622e+03 
       4.071833313266e-02       5.574968839613e+03 
       4.074246118160e-02       5.571955517992e+03 
       4.076664909914e-02       5.568937602321e+03 
       4.079089723843e-02       5.565915073022e+03 
       4.081520595569e-02       5.562887910502e+03 
       4.083957561026e-02       5.559856094345e+03 
       4.086400656463e-02       5.556819605153e+03 
       4.088849918448e-02       5.553778422616e+03 
       4.091305383873e-02       5.550732526519e+03 
       4.093767089956e-02       5.547681896517e+03 
       4.096235074245e-02       5.544626512012e+03 
       4.098709374622e-02       5.541566352545e+03 
       4.101190029307e-02       5.538501397196e+03 
       4.103677076864e-02       5.535431624916e+03 
       4.106170556202e-02       5.532357014391e+03 
       4.108670506580e-02       5.529277544365e+03 
       4.111176967613e-02       5.526193193284e+03 
       4.113689979274e-02       5.523103939558e+03 
       4.116209581899e-02       5.520009761410e+03 
       4.118735816193e-02       5.516910636839e+03 
       4.121268723232e-02       5.513806543938e+03 
       4.123808344468e-02       5.510697460424e+03 
       4.126354721735e-02       5.507583363846e+03 
       4.128907897253e-02       5.504464231448e+03 
       4.131467913633e-02       5.501340040461e+03 
       4.134034813881e-02       5.498210767826e+03 
       4.136608641401e-02       5.495076390393e+03 
       4.139189440006e-02       5.491936884875e+03 
       4.141777253917e-02       5.488792227709e+03 
       4.144372127770e-02       5.485642395402e+03 
       4.146974106623e-02       5.482487364097e+03 
       4.149583235959e-02       5.479327109799e+03 
       4.152199561692e-02       5.476161608173e+03 
       4.154823130173e-02       5.472990834842e+03 
       4.157453988194e-02       5.469814765098e+03 
       4.160092182996e-02       5.466633374120e+03 
       4.162737762273e-02       5.463446636919e+03 
       4.165390774178e-02       5.460254528226e+03 
       4.168051267329e-02       5.457057022827e+03 
       4.170719290815e-02       5.453854095130e+03 
       4.173394894202e-02       5.450645719384e+03 
       4.176078127539e-02       5.447431869524e+03 
       4.178769041365e-02       5.444212519422e+03 
       4.181467686714e-02       5.440987642547e+03 
       4.184174115124e-02       5.437757212305e+03 
       4.186888378640e-02       5.434521201555e+03 
       4.189610529824e-02       5.431279583586e+03 
       4.192340621759e-02       5.428032331043e+03 
       4.195078708057e-02       5.424779416467e+03 
       4.197824842869e-02       5.421520812116e+03 
       4.200579080886e-02       5.418256490158e+03 
       4.203341477352e-02       5.414986422363e+03 
       4.206112088067e-02       5.411710580260e+03 
       4.208890969398e-02       5.408428935146e+03 
       4.211678178284e-02       5.405141458009e+03 
       4.214473772246e-02       5.401848119897e+03 
       4.217277809393e-02       5.398548891442e+03 
       4.220090348431e-02       5.395243743086e+03 
       4.222911448669e-02       5.391932644908e+03 
       4.225741170032e-02       5.388615566986e+03 
       4.228579573065e-02       5.385292478903e+03 
       4.231426718942e-02       5.381963349983e+03 
       4.234282669479e-02       5.378628149176e+03 
       4.237147487136e-02       5.375286845429e+03 
       4.240021235031e-02       5.371939407310e+03 
       4.242903976950e-02       5.368585803204e+03 
       4.245795777351e-02       5.365226001119e+03 
       4.248696701378e-02       5.361859969012e+03 
       4.251606814869e-02       5.358487674412e+03 
       4.254526184367e-02       5.355109084470e+03 
       4.257454877129e-02       5.351724166021e+03 
       4.260392961134e-02       5.348332885717e+03 
       4.263340505100e-02       5.344935209825e+03 
       4.266297578486e-02       5.341531104541e+03 
       4.269264251509e-02       5.338120535254e+03 
       4.272240595153e-02       5.334703467917e+03 
       4.275226681180e-02       5.331279867588e+03 
       4.278222582140e-02       5.327849699173e+03 
       4.281228371385e-02       5.324412927084e+03 
       4.284244123080e-02       5.320969515569e+03 
       4.287269912214e-02       5.317519428366e+03 
       4.290305814613e-02       5.314062628941e+03 
       4.293351906951e-02       5.310599080607e+03 
       4.296408266765e-02       5.307128746286e+03 
       4.299474972466e-02       5.303651588595e+03 
       4.302552103354e-02       5.300167569760e+03 
       4.305639739627e-02       5.296676651784e+03 
       4.308737962402e-02       5.293178796117e+03 
       4.311846853721e-02       5.289673963820e+03 
       4.314966496570e-02       5.286162115519e+03 
       4.318096974892e-02       5.282643211813e+03 
       4.321238373601e-02       5.279117212431e+03 
       4.324390778599e-02       5.275584077454e+03 
       4.327554276787e-02       5.272043766046e+03 
       4.330728956087e-02       5.268496237345e+03 
       4.333914905452e-02       5.264941449872e+03 
       4.337112214883e-02       5.261379361650e+03 
       4.340320975450e-02       5.257809930372e+03 
       4.343541279303e-02       5.254233113266e+03 
       4.346773219692e-02       5.250648867241e+03 
       4.350016890984e-02       5.247057148774e+03 
       4.353272388680e-02       5.243457914095e+03 
       4.356539809436e-02       5.239851118917e+03 
       4.359819251076e-02       5.236236718544e+03 
       4.363110812616e-02       5.232614667621e+03 
       4.366414594282e-02       5.228984920528e+03 
       4.369730697528e-02       5.225347431025e+03 
       4.373059225055e-02       5.221702152436e+03 
       4.376400280837e-02       5.218049037809e+03 
       4.379753970135e-02       5.214388039650e+03 
       4.383120399524e-02       5.210719110076e+03 
       4.386499676909e-02       5.207042200609e+03 
       4.389891911553e-02       5.203357262404e+03 
       4.393297214095e-02       5.199664245889e+03 
       4.396715696575e-02       5.195963100966e+03 
       4.400147472459e-02       5.192253777194e+03 
       4.403592656658e-02       5.188536223545e+03 
       4.407051365560e-02       5.184810388487e+03 
       4.410523717048e-02       5.181076220106e+03 
       4.414009830528e-02       5.177333665882e+03 
       4.417509826960e-02       5.173582672670e+03 
       4.421023828875e-02       5.169823186625e+03 
       4.424551960410e-02       5.166055153513e+03 
       4.428094347334e-02       5.162278518422e+03 
       4.431651117076e-02       5.158493225859e+03 
       4.435222398751e-02       5.154699219903e+03 
       4.438808323197e-02       5.150896444004e+03 
       4.442409022997e-02       5.147084840969e+03 
       4.446024632516e-02       5.143264352974e+03 
       4.449655287931e-02       5.139434921481e+03 
       4.453301127262e-02       5.135596487335e+03 
       4.456962290405e-02       5.131748990707e+03 
       4.460638919171e-02       5.127892371243e+03 
       4.464331157313e-02       5.124026567880e+03 
       4.468039150565e-02       5.120151518889e+03 
       4.471763046682e-02       5.116267161938e+03 
       4.475502995469e-02       5.112373433812e+03 
       4.479259148826e-02       5.108470270552e+03 
       4.483031660782e-02       5.104557607640e+03 
       4.486820687538e-02       5.100635379734e+03 
       4.490626387505e-02       5.096703520746e+03 
       4.494448921348e-02       5.092761964012e+03 
       4.498288452025e-02       5.088810642002e+03 
       4.502145144834e-02       5.084849486287e+03 
       4.506019167456e-02       5.080878427715e+03 
       4.509910690000e-02       5.076897396293e+03 
       4.513819885051e-02       5.072906321205e+03 
       4.517746927716e-02       5.068905130920e+03 
       4.521691995673e-02       5.064893753040e+03 
       4.525655269225e-02       5.060872114291e+03 
       4.529636931344e-02       5.056840140528e+03 
       4.533637167732e-02       5.052797756591e+03 
       4.537656166867e-02       5.048744886414e+03 
       4.541694120063e-02       5.044681453163e+03 
       4.545751221525e-02       5.040607379015e+03 
       4.549827668408e-02       5.036522585221e+03 
       4.553923660873e-02       5.032426992177e+03 
       4.558039402152e-02       5.028320519112e+03 
       4.562175098608e-02       5.024203084271e+03 
       4.566330959800e-02       5.020074604604e+03 
       4.570507198547e-02       5.015934996614e+03 
       4.574704030997e-02       5.011784175323e+03 
       4.578921676694e-02       5.007622055006e+03 
       4.583160358652e-02       5.003448548695e+03 
       4.587420303423e-02       4.999263568252e+03 
       4.591701741176e-02       4.995067024312e+03 
       4.596004905769e-02       4.990858826389e+03 
       4.600330034833e-02       4.986638882944e+03 
       4.604677369845e-02       4.982407101245e+03 
       4.609047156219e-02       4.978163387413e+03 
       4.613439643383e-02       4.973907646351e+03 
       4.617855084872e-02       4.969639781448e+03 
       4.622293738414e-02       4.965359694743e+03 
       4.626755866024e-02       4.961067287196e+03 
       4.631241734095e-02       4.956762458331e+03 
       4.635751613500e-02       4.952445106494e+03 
       4.640285779687e-02       4.948115128841e+03 
       4.644844512785e-02       4.943772420276e+03 
       4.649428097705e-02       4.939416875152e+03 
       4.654036824253e-02       4.935048385689e+03 
       4.658670987237e-02       4.930666842807e+03 
       4.663330886583e-02       4.926272136107e+03 
       4.668016827455e-02       4.921864153639e+03 
       4.672729120372e-02       4.917442781893e+03 
       4.677468081333e-02       4.913007905464e+03 
       4.682234031947e-02       4.908559407180e+03 
       4.687027299565e-02       4.904097168400e+03 
       4.691848217412e-02       4.899621068735e+03 
       4.696697124731e-02       4.895130986276e+03 
       4.701574366922e-02       4.890626797290e+03 
       4.706480295694e-02       4.886108375938e+03 
       4.711415269215e-02       4.881575594516e+03 
       4.716379652271e-02       4.877028323279e+03 
       4.721373816424e-02       4.872466430819e+03 
       4.726398140181e-02       4.867889783820e+03 
       4.731453009168e-02       4.863298247019e+03 
       4.736538816300e-02       4.858691682787e+03 
       4.741655961970e-02       4.854069951178e+03 
       4.746804854234e-02       4.849432910221e+03 
       4.751985909006e-02       4.844780415950e+03 
       4.757199550255e-02       4.840112321884e+03 
       4.762446210216e-02       4.835428479880e+03 
       4.767726329599e-02       4.830728738619e+03 
       4.773040357810e-02       4.826012944432e+03 
       4.778388753177e-02       4.821280941219e+03 
       4.783771983187e-02       4.816532570653e+03 
       4.789190524721e-02       4.811767671899e+03 
       4.794644864312e-02       4.806986081230e+03 
       4.800135498395e-02       4.802187631885e+03 
       4.805662933580e-02       4.797372154495e+03 
       4.811227686921e-02       4.792539476916e+03 
       4.816830286204e-02       4.787689424433e+03 
       4.822471270241e-02       4.782821819166e+03 
       4.828151189173e-02       4.777936479764e+03 
       4.833870604785e-02       4.773033221793e+03 
       4.839630090829e-02       4.768111857745e+03 
       4.845430233365e-02       4.763172197148e+03 
       4.851271631104e-02       4.758214046083e+03 
       4.857154895772e-02       4.753237206766e+03 
       4.863080652482e-02       4.748241477678e+03 
       4.869049540119e-02       4.743226654041e+03 
       4.875062211743e-02       4.738192527495e+03 
       4.881119335001e-02       4.733138885961e+03 
       4.887221592557e-02       4.728065512868e+03 
       4.893369682540e-02       4.722972187458e+03 
       4.899564319000e-02       4.717858685110e+03 
       4.905806232393e-02       4.712724777339e+03 
       4.912096170073e-02       4.707570231219e+03 
       4.918434896809e-02       4.702394808827e+03 
       4.924823195319e-02       4.697198267311e+03 
       4.931261866823e-02       4.691980359591e+03 
       4.937751731624e-02       4.686740833967e+03 
       4.944293629700e-02       4.681479433794e+03 
       4.950888421331e-02       4.676195896300e+03 
       4.957536987739e-02       4.670889953525e+03 
       4.964240231765e-02       4.665561332612e+03 
       4.970999078561e-02       4.660209755341e+03 
       4.977814476319e-02       4.654834937173e+03 
       4.984687397026e-02       4.649436586956e+03 
       4.991618837244e-02       4.644014407871e+03 
       4.998609818934e-02       4.638568097294e+03 
       5.005661390302e-02       4.633097345795e+03 
       5.012774626687e-02       4.627601836678e+03 
       5.019950631483e-02       4.622081246056e+03 
       5.027190537097e-02       4.616535243703e+03 
       5.034495505960e-02       4.610963491803e+03 
       5.041866731563e-02       4.605365644654e+03 
       5.049305439549e-02       4.599741348076e+03 
       5.056812888854e-02       4.594090240386e+03 
       5.064390372887e-02       4.588411951517e+03 
       5.072039220774e-02       4.582706102458e+03 
       5.079760798647e-02       4.576972304805e+03 
       5.087556510997e-02       4.571210161107e+03 
       5.095427802088e-02       4.565419264163e+03 
       5.103376157427e-02       4.559599197064e+03 
       5.111403105310e-02       4.553749532000e+03 
       5.119510218440e-02       4.547869830488e+03 
       5.127699115607e-02       4.541959643046e+03 
       5.135971463466e-02       4.536018508812e+03 
       5.144328978379e-02       4.530045954505e+03 
       5.152773428361e-02       4.524041494506e+03 
       5.161306635108e-02       4.518004630412e+03 
       5.169930476132e-02       4.511934850392e+03 
       5.178646886988e-02       4.505831628441e+03 
       5.187457863625e-02       4.499694424247e+03 
       5.196365464841e-02       4.493522682394e+03 
       5.205371814867e-02       4.487315831674e+03 
       5.214479106080e-02       4.481073284606e+03 
       5.223689601853e-02       4.474794436657e+03 
       5.233005639553e-02       4.468478665719e+03 
       5.242429633687e-02       4.462125330912e+03 
       5.251964079222e-02       4.455733772257e+03 
       5.261611555071e-02       4.449303309766e+03 
       5.271374727770e-02       4.442833242281e+03 
       5.281256355342e-02       4.436322846533e+03 
       5.291259291382e-02       4.429771376739e+03 
       5.301386489353e-02       4.423178062891e+03 
       5.311641007123e-02       4.416542109797e+03 
       5.322026011750e-02       4.409862695942e+03 
       5.332544784538e-02       4.403138972637e+03 
       5.343200726371e-02       4.396370061997e+03 
       5.353997363355e-02       4.389555055848e+03 
       5.364938352781e-02       4.382693014313e+03 
       5.376027489432e-02       4.375782964258e+03 
       5.387268712254e-02       4.368823897108e+03 
       5.398666111427e-02       4.361814767491e+03 
       5.410223935846e-02       4.354754491529e+03 
       5.421946601052e-02       4.347641943843e+03 
       5.433838697643e-02       4.340475956061e+03 
       5.445905000192e-02       4.333255314787e+03 
       5.458150476717e-02       4.325978757753e+03 
       5.470580298725e-02       4.318644972270e+03 
       5.483199851897e-02       4.311252592421e+03 
       5.496014747430e-02       4.303800194437e+03 
       5.509030834106e-02       4.296286295144e+03 
       5.522254211124e-02       4.288709347477e+03 
       5.535691241766e-02       4.281067735945e+03 
       5.549348567941e-02       4.273359774150e+03 
       5.563233125677e-02       4.265583698371e+03 
       5.577352161644e-02       4.257737663909e+03 
       5.591713250755e-02       4.249819739487e+03 
       5.606324314951e-02       4.241827900993e+03 
       5.621193643247e-02       4.233760026380e+03 
       5.636329913121e-02       4.225613887569e+03 
       5.651742213368e-02       4.217387144523e+03 
       5.667440068507e-02       4.209077336136e+03 
       5.683433464861e-02       4.200681872561e+03 
       5.699732878437e-02       4.192198024943e+03 
       5.716349304733e-02       4.183622916041e+03 
       5.733294290609e-02       4.174953508547e+03 
       5.750579968371e-02       4.166186592705e+03 
       5.768219092234e-02       4.157318773931e+03 
       5.786225077309e-02       4.148346456652e+03 
       5.804612041305e-02       4.139265830337e+03 
       5.823394849120e-02       4.130072849718e+03 
       5.842589160508e-02       4.120763217761e+03 
       5.862211481010e-02       4.111332362355e+03 
       5.882279216348e-02       4.101775414999e+03 
       5.902810730477e-02       4.092087183375e+03 
       5.923825407472e-02       4.082262124784e+03 
       5.945343717449e-02       4.072294313057e+03 
       5.967387286656e-02       4.062177406390e+03 
       5.989978971899e-02       4.051904607052e+03 
       6.013142939374e-02       4.041468620952e+03 
       6.036904747974e-02       4.030861611196e+03 
       6.061291437037e-02       4.020075145070e+03 
       6.086331618422e-02       4.009100139829e+03 
       6.112055572685e-02       3.997926797902e+03 
       6.138495348958e-02       3.986544537806e+03 
       6.165684867950e-02       3.974941918772e+03 
       6.193660027248e-02       3.963106554791e+03 
       6.222458807758e-02       3.951025021318e+03 
       6.252121379786e-02       3.938682753337e+03 
       6.282690206764e-02       3.926063932658e+03 
       6.314210144060e-02       3.913151364224e+03 
       6.346728529648e-02       3.899926341629e+03 
       6.380295262586e-02       3.886368501477e+03 
       6.414962864288e-02       3.872455666422e+03 
       6.450786516517e-02       3.858163676635e+03 
       6.487824068712e-02       3.843466211331e+03 
       6.526136005935e-02       3.828334602638e+03 
       6.565785367176e-02       3.812737643548e+03 
       6.606837602232e-02       3.796641395018e+03 
       6.649360353857e-02       3.780008997429e+03 
       6.693423150533e-02       3.762800494728e+03 
       6.739096994258e-02       3.744972681493e+03 
       6.786453827378e-02       3.726478986876e+03 
       6.835565863113e-02       3.707269412005e+03 
       6.886504766366e-02       3.687290540771e+03 
       6.939340675128e-02       3.666485649062e+03 
       6.994141058706e-02       3.644794938218e+03 
       7.050969417490e-02       3.622155923040e+03 
       7.109883840194e-02       3.598504006319e+03 
       7.170935448322e-02       3.573773267027e+03 
       7.234166773443e-02       3.547897486062e+03 
       7.299610129526e-02       3.520811427890e+03 
       7.367286058335e-02       3.492452378358e+03 
       7.437201938300e-02       3.462761922109e+03 
       7.509350853758e-02       3.431687923172e+03 
       7.583710819422e-02       3.399186650031e+03 
       7.660244442638e-02       3.365224952639e+03 
       7.738899082818e-02       3.329782401227e+03 
       7.819607534893e-02       3.292853263283e+03 
       7.902289224693e-02       3.254448203851e+03 
       7.986851863806e-02       3.214595586926e+03 
       8.073193474995e-02       3.173342295263e+03 
       8.161204671892e-02       3.130754011344e+03 
       8.250771061867e-02       3.086914934685e+03 
       8.341775640333e-02       3.041926937932e+03 
       8.434101057061e-02       2.995908205078e+03 
       8.527631657562e-02       2.948991424097e+03 
       8.622255231029e-02       2.901321634771e+03 
       8.717864426398e-02       2.853053826341e+03 
       8.814357826041e-02       2.804350388091e+03 
       8.911640689816e-02       2.755378508509e+03 
       9.009625399274e-02       2.706307601429e+03 
       9.108231642644e-02       2.657306836366e+03 
       9.207386386255e-02       2.608542826161e+03 
       9.307023678586e-02       2.560177515198e+03 
       9.407084330300e-02       2.512366298256e+03 
       9.507515508774e-02       2.465256384146e+03 
       9.608270279724e-02       2.418985413753e+03 
       9.709307122363e-02       2.373680320164e+03 
       9.810589438680e-02       2.329456432736e+03 
       9.912085072187e-02       2.286416810411e+03 
       1.001376584698e-01       2.244651787303e+03 
       1.011560713430e-01       2.204238707301e+03 
       1.021758745088e-01       2.165241838389e+03 
       1.031968809110e-01       2.127712444085e+03 
       1.042189279335e-01       2.091688989456e+03 
       1.052418743988e-01       2.057197463031e+03 
       1.062655978848e-01       2.024251796663e+03 
       1.072899923409e-01       1.992854367236e+03 
       1.083149659783e-01       1.962996563628e+03 
       1.093404394123e-01       1.934659409093e+03 
       1.103663440300e-01       1.907814226243e+03 
       1.113926205616e-01       1.882423329016e+03 
       1.124192178332e-01       1.858440738447e+03 
       1.134460916784e-01       1.835812914416e+03 
       1.144732039922e-01       1.814479495865e+03 
       1.155005219091e-01       1.794374053822e+03 
       1.165280170899e-01       1.775424838452e+03 
       1.175556651032e-01       1.757555538589e+03 
       1.185834448908e-01       1.740686031689e+03 
       1.196113383042e-01       1.724733134011e+03 
       1.206393297048e-01       1.709611345640e+03 
       1.216674056182e-01       1.695233591235e+03 
       1.226955544352e-01       1.681511953230e+03 
       1.237237661546e-01       1.668358399996e+03 
       1.247520321606e-01       1.655685491775e+03 
       1.257803450312e-01       1.643407082643e+03 
       1.268086983727e-01       1.631438993932e+03 
       1.278370866774e-01       1.619699671332e+03 
       1.288655052003e-01       1.608110806828e+03 
       1.298939498540e-01       1.596597931375e+03 
       1.309224171168e-01       1.585090963474e+03 
       1.319509039545e-01       1.573524714123e+03 
       1.329794077526e-01       1.561839342051e+03 
       1.340079262580e-01       1.549980752639e+03 
       1.350364575290e-01       1.537900934786e+03 
       1.360649998917e-01       1.525558232113e+03 
       1.370935519032e-01       1.512917545423e+03 
       1.381221123193e-01       1.499950463826e+03 
       1.391506800667e-01       1.486635322535e+03 
       1.401792542200e-01       1.472957187999e+03 
       1.412078339801e-01       1.458907769159e+03 
       1.422364186577e-01       1.444485258188e+03 
       1.432650076575e-01       1.429694102144e+03 
       1.442936004651e-01       1.414544711507e+03 
       1.453221966361e-01       1.399053109483e+03 
       1.463507957864e-01       1.383240527947e+03 
       1.473793975835e-01       1.367132956387e+03 
       1.484080017396e-01       1.350760652965e+03 
       1.494366080056e-01       1.334157624771e+03 
       1.504652161653e-01       1.317361083721e+03 
       1.514938260311e-01       1.300410887778e+03 
       1.525224374403e-01       1.283348975305e+03 
       1.535510502512e-01       1.266218799915e+03 
       1.545796643405e-01       1.249064774645e+03 
       1.556082796008e-01       1.231931731220e+03 
       1.566368959382e-01       1.214864400335e+03 
       1.576655132706e-01       1.197906920478e+03 
       1.586941315262e-01       1.181102377061e+03 
       1.597227506418e-01       1.164492379050e+03 
       1.607513705619e-01       1.148116674570e+03 
       1.617799912375e-01       1.132012807784e+03 
       1.628086126254e-01       1.116215818624e+03 
       1.638372346872e-01       1.100757985978e+03 
       1.648658573887e-01       1.085668614449e+03 
       1.658944806995e-01       1.070973863656e+03 
       1.669231045924e-01       1.056696619244e+03 
       1.679517290430e-01       1.042856403000e+03 
       1.689803540291e-01       1.029469320939e+03 
       1.700089795308e-01       1.016548046761e+03 
       1.710376055301e-01       1.004101837593e+03 
       1.720662320104e-01       9.921365789658e+02 
       1.730948589566e-01       9.806548572947e+02 
       1.741234863549e-01       9.696560562972e+02 
       1.751521141922e-01       9.591364759448e+02 
       1.761807424570e-01       9.490894693724e+02 
       1.772093711379e-01       9.395055968689e+02 
       1.782380002248e-01       9.303727944225e+02 
       1.792666297080e-01       9.216765550624e+02 
       1.802952595783e-01       9.134001208132e+02 
       1.813238898273e-01       9.055246837463e+02 
       1.823525204467e-01       8.980295942589e+02 
       1.833811514288e-01       8.908925761185e+02 
       1.844097827664e-01       8.840899462301e+02 
       1.854384144523e-01       8.775968376552e+02 
       1.864670464799e-01       8.713874255823e+02 
       1.874956788427e-01       8.654351544003e+02 
       1.885243115345e-01       8.597129650107e+02 
       1.895529445494e-01       8.541935207067e+02 
       1.905815778816e-01       8.488494311447e+02 
       1.916102115255e-01       8.436534721917e+02 
       1.926388454757e-01       8.385788000424e+02 
       1.936674797270e-01       8.335991593304e+02 
       1.946961142744e-01       8.286890830058e+02 
       1.957247491129e-01       8.238240820385e+02 
       1.967533842377e-01       8.189808242183e+02 
       1.977820196442e-01       8.141372995097e+02 
       1.988106553278e-01       8.092729715010e+02 
       1.998392912842e-01       8.043689135045e+02 
       2.008679275089e-01       7.994079266800e+02 
       2.018965639978e-01       7.943746412968e+02 
       2.029252007468e-01       7.892555979566e+02 
       2.039538377518e-01       7.840393096175e+02 
       2.049824750089e-01       7.787163028440e+02 
       2.060111125143e-01       7.732791390633e+02 
       2.070397502642e-01       7.677224155549e+02 
       2.080683882550e-01       7.620427454571e+02 
       2.090970264830e-01       7.562387184664e+02 
       2.101256649448e-01       7.503108425831e+02 
       2.111543036368e-01       7.442614687031e+02 
       2.121829425557e-01       7.380946975112e+02 
       2.132115816982e-01       7.318162714238e+02 
       2.142402210610e-01       7.254334545097e+02 
       2.152688606410e-01       7.189548991788e+02 
       2.162975004350e-01       7.123905033036e+02 
       2.173261404400e-01       7.057512605471e+02 
       2.183547806530e-01       6.990491042739e+02 
       2.193834210711e-01       6.922967478136e+02 
       2.204120616913e-01       6.855075230205e+02 
       2.214407025108e-01       6.786952189893e+02 
       2.224693435269e-01       6.718739231267e+02 
       2.234979847368e-01       6.650578655088e+02 
       2.245266261379e-01       6.582612692750e+02 
       2.255552677275e-01       6.514982071147e+02 
       2.265839095031e-01       6.447824661195e+02 
       2.276125514621e-01       6.381274219990e+02 
       2.286411936021e-01       6.315459218105e+02 
       2.296698359205e-01       6.250501801720e+02 
       2.306984784151e-01       6.186516836625e+02 
       2.317271210834e-01       6.123611083281e+02 
       2.327557639232e-01       6.061882479620e+02 
       2.337844069321e-01       6.001419565171e+02 
       2.348130501080e-01       5.942300973701e+02 
       2.358416934487e-01       5.884595095919e+02 
       2.368703369520e-01       5.828359800742e+02 
       2.378989806158e-01       5.773642299395e+02 
       2.389276244380e-01       5.720479089283e+02 
       2.399562684166e-01       5.668896005746e+02 
       2.409849125495e-01       5.618908347880e+02 
       2.420135568348e-01       5.570521101407e+02 
       2.430422012706e-01       5.523729231808e+02 
       2.440708458550e-01       5.478518046317e+02 
       2.450994905860e-01       5.434863623475e+02 
       2.461281354619e-01       5.392733299898e+02 
       2.471567804808e-01       5.352086198889e+02 
       2.481854256409e-01       5.312873814133e+02 
       2.492140709405e-01       5.275040638190e+02 
       2.502427163779e-01       5.238524798610e+02 
       2.512713619513e-01       5.203258750679e+02 
       2.523000076591e-01       5.169169985258e+02 
       2.533286534997e-01       5.136181728323e+02 
       2.543572994715e-01       5.104213694395e+02 
       2.553859455728e-01       5.073182809275e+02 
       2.564145918021e-01       5.043003961418e+02 
       2.574432381578e-01       5.013590725530e+02 
       2.584718846385e-01       4.984856094572e+02 
       2.595005312427e-01       4.956713193334e+02 
       2.605291779688e-01       4.929075967775e+02 
       2.615578248155e-01       4.901859858751e+02 
       2.625864717814e-01       4.874982439532e+02 
       2.636151188649e-01       4.848364026097e+02 
       2.646437660649e-01       4.821928246587e+02 
       2.656724133798e-01       4.795602568586e+02 
       2.667010608084e-01       4.769318785707e+02 
       2.677297083493e-01       4.743013447131e+02 
       2.687583560013e-01       4.716628244762e+02 
       2.697870037631e-01       4.690110335466e+02 
       2.708156516335e-01       4.663412614832e+02 
       2.718442996111e-01       4.636493928859e+02 
       2.728729476949e-01       4.609319225276e+02 
       2.739015958835e-01       4.581859651095e+02 
       2.749302441758e-01       4.554092580414e+02 
       2.759588925707e-01       4.526001599346e+02 
       2.769875410670e-01       4.497576415505e+02 
       2.780161896636e-01       4.468812728494e+02 
       2.790448383593e-01       4.439712042831e+02 
       2.800734871531e-01       4.410281427765e+02 
       2.811021360439e-01       4.380533240597e+02 
       2.821307850307e-01       4.350484802690e+02 
       2.831594341123e-01       4.320158043010e+02 
       2.841880832877e-01       4.289579107275e+02 
       2.852167325560e-01       4.258777944095e+02 
       2.862453819162e-01       4.227787865824e+02 
       2.872740313671e-01       4.196645098095e+02 
       2.883026809080e-01       4.165388314560e+02 
       2.893313305377e-01       4.134058163744e+02 
       2.903599802554e-01       4.102696805816e+02 
       2.913886300602e-01       4.071347443871e+02 
       2.924172799510e-01       4.040053863098e+02 
       2.934459299271e-01       4.008859990446e+02 
       2.944745799874e-01       3.977809462749e+02 
       2.955032301312e-01       3.946945222435e+02 
       2.965318803576e-01       3.916309129623e+02 
       2.975605306656e-01       3.885941606408e+02 
       2.985891810545e-01       3.855881302882e+02 
       2.996178315234e-01       3.826164800269e+02 
       3.006464820715e-01       3.796826337925e+02 
       3.016751326980e-01       3.767897579663e+02 
       3.027037834020e-01       3.739407406660e+02 
       3.037324341829e-01       3.711381751064e+02 
       3.047610850398e-01       3.683843453297e+02 
       3.057897359719e-01       3.656812161850e+02 
       3.068183869785e-01       3.630304258839e+02 
       3.078470380589e-01       3.604332818695e+02 
       3.088756892122e-01       3.578907597264e+02 
       3.099043404378e-01       3.554035049994e+02 
       3.109329917350e-01       3.529718376254e+02 
       3.119616431030e-01       3.505957590685e+02 
       3.129902945412e-01       3.482749617504e+02 
       3.140189460489e-01       3.460088408740e+02 
       3.150475976253e-01       3.437965080275e+02 
       3.160762492698e-01       3.416368069797e+02 
       3.171049009817e-01       3.395283308047e+02 
       3.181335527605e-01       3.374694406053e+02 
       3.191622046053e-01       3.354582855765e+02 
       3.201908565157e-01       3.334928240318e+02 
       3.212195084910e-01       3.315708452931e+02 
       3.222481605304e-01       3.296899923036e+02 
       3.232768126336e-01       3.278477846424e+02 
       3.243054647997e-01       3.260416419626e+02 
       3.253341170283e-01       3.242689073141e+02 
       3.263627693187e-01       3.225268706546e+02 
       3.273914216703e-01       3.208127917546e+02 
       3.284200740827e-01       3.191239230449e+02 
       3.294487265551e-01       3.174575314458e+02 
       3.304773790871e-01       3.158109198846e+02 
       3.315060316781e-01       3.141814473922e+02 
       3.325346843275e-01       3.125665486806e+02 
       3.335633370348e-01       3.109637519578e+02 
       3.345919897995e-01       3.093706959616e+02 
       3.356206426210e-01       3.077851451659e+02 
       3.366492954988e-01       3.062050037517e+02 
       3.376779484324e-01       3.046283277976e+02 
       3.387066014213e-01       3.030533358637e+02 
       3.397352544650e-01       3.014784179810e+02 
       3.407639075630e-01       2.999021425891e+02 
       3.417925607148e-01       2.983232621617e+02 
       3.428212139199e-01       2.967407165629e+02 
       3.438498671778e-01       2.951536351519e+02 
       3.448785204881e-01       2.935613366841e+02 
       3.459071738503e-01       2.919633279358e+02 
       3.469358272640e-01       2.903593005201e+02 
       3.479644807286e-01       2.887491261585e+02 
       3.489931342437e-01       2.871328506638e+02 
       3.500217878089e-01       2.855106862841e+02 
       3.510504414237e-01       2.838830032667e+02 
       3.520790950877e-01       2.822503197771e+02 
       3.531077488006e-01       2.806132913145e+02 
       3.541364025617e-01       2.789726989355e+02 
       3.551650563708e-01       2.773294369133e+02 
       3.561937102274e-01       2.756844999068e+02 
       3.572223641310e-01       2.740389693919e+02 
       3.582510180814e-01       2.723940002675e+02 
       3.592796720781e-01       2.707508067708e+02 
       3.603083261206e-01       2.691106488823e+02 
       3.613369802087e-01       2.674748184650e+02 
       3.623656343418e-01       2.658446258009e+02 
       3.633942885197e-01       2.642213865407e+02 
       3.644229427419e-01       2.626064088023e+02 
       3.654515970081e-01       2.610009813246e+02 
       3.664802513180e-01       2.594063616632e+02 
       3.675089056710e-01       2.578237656548e+02 
       3.685375600669e-01       2.562543572947e+02 
       3.695662145054e-01       2.546992395567e+02 
       3.705948689860e-01       2.531594462726e+02 
       3.716235235084e-01       2.516359345617e+02 
       3.726521780722e-01       2.501295786774e+02 
       3.736808326772e-01       2.486411644126e+02 
       3.747094873230e-01       2.471713846961e+02 
       3.757381420092e-01       2.457208362139e+02 
       3.767667967355e-01       2.442900166809e+02 
       3.777954515017e-01       2.428793235354e+02 
       3.788241063072e-01       2.414890530512e+02 
       3.798527611519e-01       2.401194007273e+02 
       3.808814160355e-01       2.387704623693e+02 
       3.819100709575e-01       2.374422358707e+02 
       3.829387259178e-01       2.361346240549e+02 
       3.839673809159e-01       2.348474378857e+02 
       3.849960359517e-01       2.335804006031e+02 
       3.860246910247e-01       2.323331523209e+02 
       3.870533461347e-01       2.311052551448e+02 
       3.880820012814e-01       2.298961989099e+02 
       3.891106564645e-01       2.287054071456e+02 
       3.901393116837e-01       2.275322435647e+02 
       3.911679669387e-01       2.263760187038e+02 
       3.921966222293e-01       2.252359968485e+02 
       3.932252775551e-01       2.241114031374e+02 
       3.942539329160e-01       2.230014306965e+02 
       3.952825883115e-01       2.219052479054e+02 
       3.963112437415e-01       2.208220055018e+02 
       3.973398992057e-01       2.197508437360e+02 
       3.983685547038e-01       2.186908993364e+02 
       3.993972102356e-01       2.176413122101e+02 
       4.004258658007e-01       2.166012320927e+02 
       4.014545213990e-01       2.155698246446e+02 
       4.024831770301e-01       2.145462774623e+02 
       4.035118326939e-01       2.135298056275e+02 
       4.045404883901e-01       2.125196567187e+02 
       4.055691441183e-01       2.115151156906e+02 
       4.065977998785e-01       2.105155089478e+02 
       4.076264556703e-01       2.095202081629e+02 
       4.086551114936e-01       2.085286336227e+02 
       4.096837673480e-01       2.075402567345e+02 
       4.107124232333e-01       2.065546024708e+02 
       4.117410791494e-01       2.055712509790e+02 
       4.127697350959e-01       2.045898386449e+02 
       4.137983910726e-01       2.036100589436e+02 
       4.148270470794e-01       2.026316624249e+02 
       4.158557031160e-01       2.016544563753e+02 
       4.168843591822e-01       2.006783041622e+02 
       4.179130152777e-01       1.997031236976e+02 
       4.189416714023e-01       1.987288859657e+02 
       4.199703275559e-01       1.977556128960e+02 
       4.209989837382e-01       1.967833747332e+02 
       4.220276399490e-01       1.958122874895e+02 
       4.230562961881e-01       1.948425097655e+02 
       4.240849524553e-01       1.938742392845e+02 
       4.251136087504e-01       1.929077096085e+02 
       4.261422650732e-01       1.919431861724e+02 
       4.271709214234e-01       1.909809624274e+02 
       4.281995778009e-01       1.900213560700e+02 
       4.292282342056e-01       1.890647047034e+02 
       4.302568906371e-01       1.881113619511e+02 
       4.312855470953e-01       1.871616934711e+02 
       4.323142035800e-01       1.862160726716e+02 
       4.333428600911e-01       1.852748770496e+02 
       4.343715166283e-01       1.843384843362e+02 
       4.354001731914e-01       1.834072685976e+02 
       4.364288297803e-01       1.824815970177e+02 
       4.374574863948e-01       1.815618264680e+02 
       4.384861430347e-01       1.806483002405e+02 
       4.395147996998e-01       1.797413454782e+02 
       4.405434563900e-01       1.788412703654e+02 
       4.415721131050e-01       1.779483616713e+02 
       4.426007698447e-01       1.770628829431e+02 
       4.436294266090e-01       1.761850724661e+02 
       4.446580833976e-01       1.753151417117e+02 
       4.456867402104e-01       1.744532743310e+02 
       4.467153970473e-01       1.735996249560e+02 
       4.477440539079e-01       1.727543185720e+02 
       4.487727107923e-01       1.719174502864e+02 
       4.498013677002e-01       1.710890849830e+02 
       4.508300246315e-01       1.702692575389e+02 
       4.518586815860e-01       1.694579733347e+02 
       4.528873385635e-01       1.686552086722e+02 
       4.539159955639e-01       1.678609117305e+02 
       4.549446525870e-01       1.670750037052e+02 
       4.559733096328e-01       1.662973798847e+02 
       4.570019667009e-01       1.655279111876e+02 
       4.580306237914e-01       1.647664457963e+02 
       4.590592809040e-01       1.640128107373e+02 
       4.600879380385e-01       1.632668138201e+02 
       4.611165951949e-01       1.625282456133e+02 
       4.621452523730e-01       1.617968813578e+02 
       4.631739095726e-01       1.610724831311e+02 
       4.642025667936e-01       1.603548019858e+02 
       4.652312240359e-01       1.596435800269e+02 
       4.662598812992e-01       1.589385526067e+02 
       4.672885385836e-01       1.582394504914e+02 
       4.683171958888e-01       1.575460019119e+02 
       4.693458532147e-01       1.568579346298e+02 
       4.703745105612e-01       1.561749779883e+02 
       4.714031679281e-01       1.554968647689e+02 
       4.724318253152e-01       1.548233330158e+02 
       4.734604827226e-01       1.541541278127e+02 
       4.744891401500e-01       1.534890028530e+02 
       4.755177975973e-01       1.528277218887e+02 
       4.765464550643e-01       1.521700601591e+02 
       4.775751125510e-01       1.515158055549e+02 
       4.786037700573e-01       1.508647596519e+02 
       4.796324275829e-01       1.502167387068e+02 
       4.806610851278e-01       1.495715743740e+02 
       4.816897426918e-01       1.489291142861e+02 
       4.827184002749e-01       1.482892225817e+02 
       4.837470578768e-01       1.476517801703e+02 
       4.847757154975e-01       1.470166848607e+02 
       4.858043731369e-01       1.463838514478e+02 
       4.868330307949e-01       1.457532114891e+02 
       4.878616884712e-01       1.451247131108e+02 
       4.888903461659e-01       1.444983205672e+02 
       4.899190038788e-01       1.438740137452e+02 
       4.909476616097e-01       1.432517875219e+02 
       4.919763193586e-01       1.426316510482e+02 
       4.930049771254e-01       1.420136269087e+02 
       4.940336349099e-01       1.413977502395e+02 
       4.950622927120e-01       1.407840676895e+02 
       4.960909505317e-01       1.401726364747e+02 
       4.971196083687e-01       1.395635231930e+02 
       4.981482662231e-01       1.389568027357e+02 
       4.991769240947e-01       1.383525571635e+02 
       5.002055819833e-01       1.377508744497e+02 
       5.012342398890e-01       1.371518473614e+02 
       5.022628978115e-01       1.365555722755e+02 
       5.032915557508e-01       1.359621479778e+02 
       5.043202137068e-01       1.353716745607e+02 
       5.053488716793e-01       1.347842522875e+02 
       5.063775296683e-01       1.341999805433e+02 
       5.074061876737e-01       1.336189568011e+02 
       5.084348456954e-01       1.330412756224e+02 
       5.094635037332e-01       1.324670278538e+02 
       5.104921617871e-01       1.318962996529e+02 
       5.115208198570e-01       1.313291718048e+02 
       5.125494779427e-01       1.307657190275e+02 
       5.135781360443e-01       1.302060093163e+02 
       5.146067941615e-01       1.296501034169e+02 
       5.156354522944e-01       1.290980544030e+02 
       5.166641104427e-01       1.285499072934e+02 
       5.176927686065e-01       1.280056987219e+02 
       5.187214267855e-01       1.274654567700e+02 
       5.197500849798e-01       1.269292008701e+02 
       5.207787431893e-01       1.263969416844e+02 
       5.218074014138e-01       1.258686811723e+02 
       5.228360596532e-01       1.253444127203e+02 
       5.238647179076e-01       1.248241212928e+02 
       5.248933761767e-01       1.243077836389e+02 
       5.259220344605e-01       1.237953686218e+02 
       5.269506927589e-01       1.232868376327e+02 
       5.279793510718e-01       1.227821448726e+02 
       5.290080093992e-01       1.222812379155e+02 
       5.300366677409e-01       1.217840581587e+02 
       5.310653260969e-01       1.212905413964e+02 
       5.320939844671e-01       1.208006183014e+02 
       5.331226428515e-01       1.203142150750e+02 
       5.341513012498e-01       1.198312540815e+02 
       5.351799596621e-01       1.193516543461e+02 
       5.362086180882e-01       1.188753323020e+02 
       5.372372765281e-01       1.184022023471e+02 
       5.382659349818e-01       1.179321775049e+02 
       5.392945934490e-01       1.174651699910e+02 
       5.403232519299e-01       1.170010918314e+02 
       5.413519104242e-01       1.165398555091e+02 
       5.423805689318e-01       1.160813743894e+02 
       5.434092274528e-01       1.156255633714e+02 
       5.444378859871e-01       1.151723393339e+02 
       5.454665445345e-01       1.147216216403e+02 
       5.464952030950e-01       1.142733325191e+02 
       5.475238616686e-01       1.138273975001e+02 
       5.485525202550e-01       1.133837457919e+02 
       5.495811788544e-01       1.129423105320e+02 
       5.506098374665e-01       1.125030291087e+02 
       5.516384960914e-01       1.120658433781e+02 
       5.526671547290e-01       1.116306998444e+02 
       5.536958133791e-01       1.111975497828e+02 
       5.547244720418e-01       1.107663493691e+02 
       5.557531307169e-01       1.103370597054e+02 
       5.567817894044e-01       1.099096468713e+02 
       5.578104481042e-01       1.094840818283e+02 
       5.588391068162e-01       1.090603404059e+02 
       5.598677655404e-01       1.086383887382e+02 
       5.608964242768e-01       1.082182412357e+02 
       5.619250830251e-01       1.077998866690e+02 
       5.629537417855e-01       1.073833138376e+02 
       5.639824005577e-01       1.069685134700e+02 
       5.650110593418e-01       1.065554795636e+02 
       5.660397181377e-01       1.061442108489e+02 
       5.670683769453e-01       1.057347118797e+02 
       5.680970357646e-01       1.053269936284e+02 
       5.691256945954e-01       1.049210732736e+02 
       5.701543534378e-01       1.045169732886e+02 
       5.711830122916e-01       1.041147198015e+02 
       5.722116711569e-01       1.037143406562e+02 
       5.732403300334e-01       1.033158633556e+02 
       5.742689889213e-01       1.029193132933e+02 
       5.752976478204e-01       1.025247125208e+02 
       5.763263067306e-01       1.021320792898e+02 
       5.773549656520e-01       1.017414283699e+02 
       5.783836245844e-01       1.013527719784e+02 
       5.794122835277e-01       1.009661212063e+02 
       5.804409424820e-01       1.005814875272e+02 
       5.814696014472e-01       1.001988841478e+02 
       5.824982604231e-01       9.981832674659e+01 
       5.835269194098e-01       9.943983366459e+01 
       5.845555784072e-01       9.906342524042e+01 
       5.855842374153e-01       9.868912257336e+01 
       5.866128964339e-01       9.831694571405e+01 
       5.876415554631e-01       9.794691186343e+01 
       5.886702145027e-01       9.757903362819e+01 
       5.896988735527e-01       9.721331782597e+01 
       5.907275326131e-01       9.684976484092e+01 
       5.917561916838e-01       9.648836889817e+01 
       5.927848507648e-01       9.612911891003e+01 
       5.938135098560e-01       9.577199990057e+01 
       5.948421689573e-01       9.541699458261e+01 
       5.958708280687e-01       9.506408501787e+01 
       5.968994871901e-01       9.471325382253e+01 
       5.979281463216e-01       9.436448486295e+01 
       5.989568054629e-01       9.401776323639e+01 
       5.999854646142e-01       9.367307475884e+01 
       6.010141237753e-01       9.333040488883e+01 
       6.020427829462e-01       9.298973746145e+01 
       6.030714421268e-01       9.265105341276e+01 
       6.041001013171e-01       9.231432995899e+01 
       6.051287605171e-01       9.197954016244e+01 
       6.061574197266e-01       9.164665319499e+01 
       6.071860789457e-01       9.131563507082e+01 
       6.082147381742e-01       9.098645001815e+01 
       6.092433974122e-01       9.065906192300e+01 
       6.102720566597e-01       9.033343581207e+01 
       6.113007159164e-01       9.000953895479e+01 
       6.123293751825e-01       8.968734162835e+01 
       6.133580344578e-01       8.936681710478e+01 
       6.143866937423e-01       8.904794141105e+01 
       6.154153530360e-01       8.873069200206e+01 
       6.164440123387e-01       8.841504690256e+01 
       6.174726716506e-01       8.810098343857e+01 
       6.185013309715e-01       8.778847736268e+01 
       6.195299903013e-01       8.747750246172e+01 
       6.205586496401e-01       8.716803064977e+01 
       6.215873089878e-01       8.686003255963e+01 
       6.226159683444e-01       8.655347892474e+01 
       6.236446277097e-01       8.624834171100e+01 
       6.246732870838e-01       8.594459561389e+01 
       6.257019464666e-01       8.564221910677e+01 
       6.267306058581e-01       8.534119510414e+01 
       6.277592652582e-01       8.504151112311e+01 
       6.287879246669e-01       8.474315851441e+01 
       6.298165840841e-01       8.444613173714e+01 
       6.308452435099e-01       8.415042705312e+01 
       6.318739029441e-01       8.385604098241e+01 
       6.329025623867e-01       8.356296928739e+01 
       6.339312218377e-01       8.327120619341e+01 
       6.349598812971e-01       8.298074412466e+01 
       6.359885407647e-01       8.269157396839e+01 
       6.370172002406e-01       8.240368591767e+01 
       6.380458597248e-01       8.211707047421e+01 
       6.390745192171e-01       8.183171971529e+01 
       6.401031787175e-01       8.154762825024e+01 
       6.411318382260e-01       8.126479377808e+01 
       6.421604977426e-01       8.098321756560e+01 
       6.431891572673e-01       8.070290382823e+01 
       6.442178167999e-01       8.042385900377e+01 
       6.452464763404e-01       8.014609062760e+01 
       6.462751358889e-01       7.986960616739e+01 
       6.473037954452e-01       7.959441173836e+01 
       6.483324550094e-01       7.932051134496e+01 
       6.493611145813e-01       7.904790652084e+01 
       6.503897741610e-01       7.877659624355e+01 
       6.514184337485e-01       7.850657781896e+01 
       6.524470933436e-01       7.823784747430e+01 
       6.534757529464e-01       7.797040135528e+01 
       6.545044125567e-01       7.770423667988e+01 
       6.555330721747e-01       7.743935219784e+01 
       6.565617318002e-01       7.717574847317e+01 
       6.575903914332e-01       7.691342783931e+01 
       6.586190510737e-01       7.665239347334e+01 
       6.596477107216e-01       7.639264885940e+01 
       6.606763703769e-01       7.613419646181e+01 
       6.617050300396e-01       7.587703685293e+01 
       6.627336897096e-01       7.562116800048e+01 
       6.637623493869e-01       7.536658483754e+01 
       6.647910090714e-01       7.511327960530e+01 
       6.658196687632e-01       7.486124222149e+01 
       6.668483284622e-01       7.461046119961e+01 
       6.678769881684e-01       7.436092469832e+01 
       6.689056478817e-01       7.411262141907e+01 
       6.699343076021e-01       7.386554145573e+01 
       6.709629673295e-01       7.361967663399e+01 
       6.719916270640e-01       7.337502048827e+01 
       6.730202868055e-01       7.313156772596e+01 
       6.740489465539e-01       7.288931351870e+01 
       6.750776063093e-01       7.264825257192e+01 
       6.761062660716e-01       7.240837821305e+01 
       6.771349258407e-01       7.216968154433e+01 
       6.781635856167e-01       7.193215137173e+01 
       6.791922453995e-01       7.169577398925e+01 
       6.802209051891e-01       7.146053386880e+01 
       6.812495649855e-01       7.122641421637e+01 
       6.822782247885e-01       7.099339828703e+01 
       6.833068845983e-01       7.076147001624e+01 
       6.843355444147e-01       7.053061521043e+01 
       6.853642042377e-01       7.030082165847e+01 
       6.863928640673e-01       7.007207955916e+01 
       6.874215239035e-01       6.984438100790e+01 
       6.884501837463e-01       6.961771941700e+01 
       6.894788435955e-01       6.939208872872e+01 
       6.905075034512e-01       6.916748236760e+01 
       6.915361633134e-01       6.894389278654e+01 
       6.925648231820e-01       6.872131067679e+01 
       6.935934830570e-01       6.849972512525e+01 
       6.946221429383e-01       6.827912388972e+01 
       6.956508028260e-01       6.805949389279e+01 
       6.966794627200e-01       6.784082215330e+01 
       6.977081226203e-01       6.762309660376e+01 
       6.987367825268e-01       6.740630691839e+01 
       6.997654424396e-01       6.719044493359e+01 
       7.007941023586e-01       6.697550478054e+01 
       7.018227622837e-01       6.676148274284e+01 
       7.028514222150e-01       6.654837657557e+01 
       7.038800821524e-01       6.633618488166e+01 
       7.049087420959e-01       6.612490614021e+01 
       7.059374020454e-01       6.591453804658e+01 
       7.069660620010e-01       6.570507698474e+01 
       7.079947219626e-01       6.549651782642e+01 
       7.090233819302e-01       6.528885414006e+01 
       7.100520419037e-01       6.508207866336e+01 
       7.110807018832e-01       6.487618392780e+01 
       7.121093618685e-01       6.467116312011e+01 
       7.131380218598e-01       6.446701075553e+01 
       7.141666818569e-01       6.426372308551e+01 
       7.151953418598e-01       6.406129833123e+01 
       7.162240018686e-01       6.385973645715e+01 
       7.172526618831e-01       6.365903868924e+01 
       7.182813219034e-01       6.345920683865e+01 
       7.193099819294e-01       6.326024245086e+01 
       7.203386419612e-01       6.306214611925e+01 
       7.213673019986e-01       6.286491690771e+01 
       7.223959620416e-01       6.266855215870e+01 
       7.234246220903e-01       6.247304756160e+01 
       7.244532821446e-01       6.227839754340e+01 
       7.254819422045e-01       6.208459592019e+01 
       7.265106022700e-01       6.189163663386e+01 
       7.275392623410e-01       6.169951442218e+01 
       7.285679224175e-01       6.150822534657e+01 
       7.295965824995e-01       6.131776701683e+01 
       7.306252425869e-01       6.112813853660e+01 
       7.316539026798e-01       6.093934009301e+01 
       7.326825627782e-01       6.075137235451e+01 
       7.337112228819e-01       6.056423574997e+01 
       7.347398829910e-01       6.037792974381e+01 
       7.357685431055e-01       6.019245231966e+01 
       7.367972032253e-01       6.000779969754e+01 
       7.378258633504e-01       5.982396631474e+01 
       7.388545234808e-01       5.964094523267e+01 
       7.398831836164e-01       5.945872858304e+01 
       7.409118437573e-01       5.927730844086e+01 
       7.419405039034e-01       5.909667728168e+01 
       7.429691640548e-01       5.891682872692e+01 
       7.439978242113e-01       5.873775778023e+01 
       7.450264843729e-01       5.855946086301e+01 
       7.460551445397e-01       5.838193553257e+01 
       7.470838047116e-01       5.820518007455e+01 
       7.481124648886e-01       5.802919270251e+01 
       7.491411250707e-01       5.785397105468e+01 
       7.501697852578e-01       5.767951163692e+01 
       7.511984454499e-01       5.750580943159e+01 
       7.522271056471e-01       5.733285793791e+01 
       7.532557658492e-01       5.716064942194e+01 
       7.542844260564e-01       5.698917535129e+01 
       7.553130862684e-01       5.681842698354e+01 
       7.563417464854e-01       5.664839618077e+01 
       7.573704067073e-01       5.647907572429e+01 
       7.583990669341e-01       5.631045986112e+01 
       7.594277271658e-01       5.614254428022e+01 
       7.604563874023e-01       5.597532599790e+01 
       7.614850476436e-01       5.580880283932e+01 
       7.625137078898e-01       5.564297299588e+01 
       7.635423681407e-01       5.547783431234e+01 
       7.645710283964e-01       5.531338383215e+01 
       7.655996886568e-01       5.514961738095e+01 
       7.666283489220e-01       5.498652957856e+01 
       7.676570091919e-01       5.482411391019e+01 
       7.686856694665e-01       5.466236321434e+01 
       7.697143297458e-01       5.450127011152e+01 
       7.707429900297e-01       5.434082774424e+01 
       7.717716503183e-01       5.418103022101e+01 
       7.728003106115e-01       5.402187295722e+01 
       7.738289709093e-01       5.386335284776e+01 
       7.748576312116e-01       5.370546814557e+01 
       7.758862915185e-01       5.354821802850e+01 
       7.769149518300e-01       5.339160209008e+01 
       7.779436121460e-01       5.323561985099e+01 
       7.789722724665e-01       5.308027006524e+01 
       7.800009327916e-01       5.292555049099e+01 
       7.810295931210e-01       5.277145766075e+01 
       7.820582534550e-01       5.261798699352e+01 
       7.830869137934e-01       5.246513317376e+01 
       7.841155741362e-01       5.231289050442e+01 
       7.851442344834e-01       5.216125359928e+01 
       7.861728948350e-01       5.201021781479e+01 
       7.872015551909e-01       5.185977968084e+01 
       7.882302155512e-01       5.170993703045e+01 
       7.892588759159e-01       5.156068888477e+01 
       7.902875362848e-01       5.141203523431e+01 
       7.913161966581e-01       5.126397650734e+01 
       7.923448570357e-01       5.111651306659e+01 
       7.933735174175e-01       5.096964465276e+01 
       7.944021778036e-01       5.082337000279e+01 
       7.954308381939e-01       5.067768660941e+01 
       7.964594985884e-01       5.053259085807e+01 
       7.974881589871e-01       5.038807817661e+01 
       7.985168193901e-01       5.024414348856e+01 
       7.995454797972e-01       5.010078179427e+01 
       8.005741402084e-01       4.995798857618e+01 
       8.016028006238e-01       4.981576022107e+01 
       8.026314610433e-01       4.967409429343e+01 
       8.036601214669e-01       4.953298943872e+01 
       8.046887818946e-01       4.939244522159e+01 
       8.057174423264e-01       4.925246163888e+01 
       8.067461027622e-01       4.911303875232e+01 
       8.077747632021e-01       4.897417605241e+01 
       8.088034236460e-01       4.883587218892e+01 
       8.098320840939e-01       4.869812467199e+01 
       8.108607445458e-01       4.856092984152e+01 
       8.118894050017e-01       4.842428311220e+01 
       8.129180654616e-01       4.828817932545e+01 
       8.139467259254e-01       4.815261321405e+01 
       8.149753863932e-01       4.801757988137e+01 
       8.160040468649e-01       4.788307525502e+01 
       8.170327073405e-01       4.774909620772e+01 
       8.180613678200e-01       4.761564072261e+01 
       8.190900283033e-01       4.748270767267e+01 
       8.201186887905e-01       4.735029646921e+01 
       8.211473492816e-01       4.721840669116e+01 
       8.221760097765e-01       4.708703749581e+01 
       8.232046702752e-01       4.695618733073e+01 
       8.242333307778e-01       4.682585365158e+01 
       8.252619912841e-01       4.669603284966e+01 
       8.262906517942e-01       4.656672042227e+01 
       8.273193123081e-01       4.643791128285e+01 
       8.283479728257e-01       4.630960015608e+01 
       8.293766333470e-01       4.618178210660e+01 
       8.304052938721e-01       4.605445287746e+01 
       8.314339544009e-01       4.592760914395e+01 
       8.324626149334e-01       4.580124870244e+01 
       8.334912754695e-01       4.567537020004e+01 
       8.345199360094e-01       4.554997299593e+01 
       8.355485965528e-01       4.542505664875e+01 
       8.365772570999e-01       4.530062054350e+01 
       8.376059176507e-01       4.517666347170e+01 
       8.386345782050e-01       4.505318340529e+01 
       8.396632387630e-01       4.493017729854e+01 
       8.406918993245e-01       4.480764129086e+01 
       8.417205598896e-01       4.468557091113e+01 
       8.427492204583e-01       4.456396148509e+01 
       8.437778810305e-01       4.444280857201e+01 
       8.448065416063e-01       4.432210829474e+01 
       8.458352021856e-01       4.420185769589e+01 
       8.468638627684e-01       4.408205482149e+01 
       8.478925233546e-01       4.396269863896e+01 
       8.489211839444e-01       4.384378884243e+01 
       8.499498445376e-01       4.372532542658e+01 
       8.509785051343e-01       4.360730831404e+01 
       8.520071657345e-01       4.348973695431e+01 
       8.530358263380e-01       4.337261003778e+01 
       8.540644869450e-01       4.325592533670e+01 
       8.550931475554e-01       4.313967980911e+01 
       8.561218081692e-01       4.302386973858e+01 
       8.571504687864e-01       4.290849108446e+01 
       8.581791294069e-01       4.279353992413e+01 
       8.592077900308e-01       4.267901279645e+01 
       8.602364506581e-01       4.256490699641e+01 
       8.612651112887e-01       4.245122073952e+01 
       8.622937719226e-01       4.233795311881e+01 
       8.633224325598e-01       4.222510391630e+01 
       8.643510932003e-01       4.211267329658e+01 
       8.653797538441e-01       4.200066141462e+01 
       8.664084144912e-01       4.188906803697e+01 
       8.674370751416e-01       4.177789225603e+01 
       8.684657357952e-01       4.166713230620e+01 
       8.694943964520e-01       4.155678558010e+01 
       8.705230571121e-01       4.144684879295e+01 
       8.715517177754e-01       4.133731826465e+01 
       8.725803784419e-01       4.122819032593e+01 
       8.736090391116e-01       4.111946161600e+01 
       8.746376997845e-01       4.101112944164e+01 
       8.756663604605e-01       4.090319192306e+01 
       8.766950211397e-01       4.079564801824e+01 
       8.777236818221e-01       4.068849737015e+01 
       8.787523425076e-01       4.058174002691e+01 
       8.797810031962e-01       4.047537614168e+01 
       8.808096638880e-01       4.036940549796e+01 
       8.818383245828e-01       4.026382733864e+01 
       8.828669852808e-01       4.015864009616e+01 
       8.838956459818e-01       4.005384137630e+01 
       8.849243066859e-01       3.994942810461e+01 
       8.859529673931e-01       3.984539675993e+01 
       8.869816281033e-01       3.974174372275e+01 
       8.880102888166e-01       3.963846560308e+01 
       8.890389495329e-01       3.953555957924e+01 
       8.900676102522e-01       3.943302354602e+01 
       8.910962709745e-01       3.933085621061e+01 
       8.921249316999e-01       3.922905697299e+01 
       8.931535924282e-01       3.912762567752e+01 
       8.941822531595e-01       3.902656230802e+01 
       8.952109138938e-01       3.892586667799e+01 
       8.962395746310e-01       3.882553806484e+01 
       8.972682353712e-01       3.872557504863e+01 
       8.982968961143e-01       3.862597546074e+01 
       8.993255568603e-01       3.852673645208e+01 
       9.003542176093e-01       3.842785468302e+01 
       9.013828783612e-01       3.832932669550e+01 
       9.024115391159e-01       3.823114917366e+01 
       9.034401998736e-01       3.813331928649e+01 
       9.044688606341e-01       3.803583490136e+01 
       9.054975213975e-01       3.793869462821e+01 
       9.065261821638e-01       3.784189777227e+01 
       9.075548429329e-01       3.774544417401e+01 
       9.085835037049e-01       3.764933386452e+01 
       9.096121644797e-01       3.755356677187e+01 
       9.106408252573e-01       3.745814242809e+01 
       9.116694860377e-01       3.736305972445e+01 
       9.126981468209e-01       3.726831685437e+01 
       9.137268076069e-01       3.717391133938e+01 
       9.147554683957e-01       3.707984022530e+01 
       9.157841291873e-01       3.698610030989e+01 
       9.168127899816e-01       3.689268852163e+01 
       9.178414507787e-01       3.679960213651e+01 
       9.188701115785e-01       3.670683909665e+01 
       9.198987723811e-01       3.661439801454e+01 
       9.209274331864e-01       3.652227820862e+01 
       9.219560939944e-01       3.643047953475e+01 
       9.229847548051e-01       3.633900210015e+01 
       9.240134156186e-01       3.624784600399e+01 
       9.250420764347e-01       3.615701101684e+01 
       9.260707372535e-01       3.606649635343e+01 
       9.270993980749e-01       3.597630059571e+01 
       9.281280588991e-01       3.588642163932e+01 
       9.291567197259e-01       3.579685689831e+01 
       9.301853805553e-01       3.570760349985e+01 
       9.312140413874e-01       3.561865861596e+01 
       9.322427022221e-01       3.553001970305e+01 
       9.332713630594e-01       3.544168476052e+01 
       9.343000238993e-01       3.535365244471e+01 
       9.353286847418e-01       3.526592206426e+01 
       9.363573455870e-01       3.517849347096e+01 
       9.373860064347e-01       3.509136683849e+01 
       9.384146672850e-01       3.500454234293e+01 
       9.394433281378e-01       3.491801995117e+01 
       9.404719889932e-01       3.483179909872e+01 
       9.415006498512e-01       3.474587862757e+01 
       9.425293107117e-01       3.466025675685e+01 
       9.435579715748e-01       3.457493115647e+01 
       9.445866324403e-01       3.448989919574e+01 
       9.456152933084e-01       3.440515816916e+01 
       9.466439541790e-01       3.432070561944e+01 
       9.476726150522e-01       3.423653952689e+01 
       9.487012759278e-01       3.415265848617e+01 
       9.497299368058e-01       3.406906170048e+01 
       9.507585976864e-01       3.398574893332e+01 
       9.517872585694e-01       3.390272029138e+01 
       9.528159194549e-01       3.381997594207e+01 
       9.538445803429e-01       3.373751590730e+01 
       9.548732412333e-01       3.365533976318e+01 
       9.559019021261e-01       3.357344654730e+01 
       9.569305630214e-01       3.349183467875e+01 
       9.579592239191e-01       3.341050203806e+01 
       9.589878848192e-01       3.332944617499e+01 
       9.600165457217e-01       3.324866450727e+01 
       9.610452066266e-01       3.316815461444e+01 
       9.620738675339e-01       3.308791446625e+01 
       9.631025284436e-01       3.300794257226e+01 
       9.641311893556e-01       3.292823804995e+01 
       9.651598502700e-01       3.284880053807e+01 
       9.661885111868e-01       3.276963005532e+01 
       9.672171721060e-01       3.269072675596e+01 
       9.682458330275e-01       3.261209068641e+01 
       9.692744939513e-01       3.253372154575e+01 
       9.703031548774e-01       3.245561852403e+01 
       9.713318158059e-01       3.237778022533e+01 
       9.723604767367e-01       3.230020475214e+01 
       9.733891376698e-01       3.222288980576e+01 
       9.744177986052e-01       3.214583294531e+01 
       9.754464595429e-01       3.206903181092e+01 
       9.764751204829e-01       3.199248438788e+01 
       9.775037814252e-01       3.191618913764e+01 
       9.785324423697e-01       3.184014509763e+01 
       9.795611033165e-01       3.176435183565e+01 
       9.805897642656e-01       3.168880930680e+01 
       9.816184252169e-01       3.161351767156e+01 
       9.826470861705e-01       3.153847705145e+01 
       9.836757471263e-01       3.146368726776e+01 
       9.847044080843e-01       3.138914769934e+01 
       9.857330690445e-01       3.131485719917e+01 
       9.867617300070e-01       3.124081407527e+01 
       9.877903909717e-01       3.116701627280e+01 
       9.888190519385e-01       3.109346152699e+01 
       9.898477129076e-01       3.102014760883e+01 
       9.908763738789e-01       3.094707254746e+01 
       9.919050348523e-01       3.087423481589e+01 
       9.929336958279e-01       3.080163342008e+01 
       9.939623568057e-01       3.072926786156e+01 
       9.949910177856e-01       3.065713808349e+01 
       9.960196787677e-01       3.058524425273e+01 
       9.970483397520e-01       3.051358653797e+01 
       9.980770007384e-01       3.044216488980e+01 
       9.991056617269e-01       3.037097887231e+01 
       1.000134322718e+00       3.030002753538e+01 
       1.001162983710e+00       3.022930943933e+01 
       1.002191644705e+00       3.015882273902e+01 
       1.003220305702e+00       3.008856535436e+01 
       1.004248966701e+00       3.001853518924e+01 
       1.005277627703e+00       2.994873034410e+01 
       1.006306288706e+00       2.987914930075e+01 
       1.007334949711e+00       2.980979103950e+01 
       1.008363610719e+00       2.974065502434e+01 
       1.009392271728e+00       2.967174116246e+01 
       1.010420932740e+00       2.960304961321e+01 
       1.011449593753e+00       2.953458058849e+01 
       1.012478254769e+00       2.946633413036e+01 
       1.013506915787e+00       2.939830995693e+01 
       1.014535576807e+00       2.933050729500e+01 
       1.015564237828e+00       2.926292492177e+01 
       1.016592898852e+00       2.919556117586e+01 
       1.017621559878e+00       2.912841414339e+01 
       1.018650220906e+00       2.906148183316e+01 
       1.019678881936e+00       2.899476241463e+01 
       1.020707542968e+00       2.892825435627e+01 
       1.021736204001e+00       2.886195659576e+01 
       1.022764865037e+00       2.879586854332e+01 
       1.023793526075e+00       2.872999002554e+01 
       1.024822187115e+00       2.866432117582e+01 
       1.025850848157e+00       2.859886219914e+01 
       1.026879509201e+00       2.853361320822e+01 
       1.027908170246e+00       2.846857401363e+01 
       1.028936831294e+00       2.840374401129e+01 
       1.029965492344e+00       2.833912213219e+01 
       1.030994153395e+00       2.827470689990e+01 
       1.032022814449e+00       2.821049654872e+01 
       1.033051475504e+00       2.814648918665e+01 
       1.034080136561e+00       2.808268303820e+01 
       1.035108797621e+00       2.801907657659e+01 
       1.036137458682e+00       2.795566868957e+01 
       1.037166119745e+00       2.789245872622e+01 
       1.038194780810e+00       2.782944645746e+01 
       1.039223441877e+00       2.776663194376e+01 
       1.040252102946e+00       2.770401539449e+01 
       1.041280764016e+00       2.764159695491e+01 
       1.042309425089e+00       2.757937653233e+01 
       1.043338086163e+00       2.751735364209e+01 
       1.044366747240e+00       2.745552738732e+01 
       1.045395408318e+00       2.739389644010e+01 
       1.046424069398e+00       2.733245917921e+01 
       1.047452730480e+00       2.727121383001e+01 
       1.048481391563e+00       2.721015866739e+01 
       1.049510052649e+00       2.714929218802e+01 
       1.050538713736e+00       2.708861324270e+01 
       1.051567374826e+00       2.702812112879e+01 
       1.052596035917e+00       2.696781555096e+01 
       1.053624697009e+00       2.690769653119e+01 
       1.054653358104e+00       2.684776427144e+01 
       1.055682019201e+00       2.678801895640e+01 
       1.056710680299e+00       2.672846055457e+01 
       1.057739341399e+00       2.666908872875e+01 
       1.058768002501e+00       2.660990272831e+01 
       1.059796663605e+00       2.655090140011e+01 
       1.060825324710e+00       2.649208326716e+01 
       1.061853985817e+00       2.643344667766e+01 
       1.062882646926e+00       2.637498998619e+01 
       1.063911308037e+00       2.631671171618e+01 
       1.064939969150e+00       2.625861071300e+01 
       1.065968630264e+00       2.620068622537e+01 
       1.066997291380e+00       2.614293790650e+01 
       1.068025952498e+00       2.608536573768e+01 
       1.069054613617e+00       2.602796989954e+01 
       1.070083274739e+00       2.597075060466e+01 
       1.071111935862e+00       2.591370791037e+01 
       1.072140596986e+00       2.585684158604e+01 
       1.073169258113e+00       2.580015102609e+01 
       1.074197919241e+00       2.574363523624e+01 
       1.075226580371e+00       2.568729289075e+01 
       1.076255241502e+00       2.563112246255e+01 
       1.077283902636e+00       2.557512239255e+01 
       1.078312563771e+00       2.551929124516e+01 
       1.079341224907e+00       2.546362786428e+01 
       1.080369886046e+00       2.540813146430e+01 
       1.081398547186e+00       2.535280165039e+01 
       1.082427208328e+00       2.529763836238e+01 
       1.083455869471e+00       2.524264175762e+01 
       1.084484530616e+00       2.518781206620e+01 
       1.085513191763e+00       2.513314940481e+01 
       1.086541852911e+00       2.507865364198e+01 
       1.087570514061e+00       2.502432430074e+01 
       1.088599175213e+00       2.497016053179e+01 
       1.089627836366e+00       2.491616115203e+01 
       1.090656497521e+00       2.486232475301e+01 
       1.091685158678e+00       2.480864985738e+01 
       1.092713819836e+00       2.475513507600e+01 
       1.093742480996e+00       2.470177925116e+01 
       1.094771142157e+00       2.464858156405e+01 
       1.095799803321e+00       2.459554156864e+01 
       1.096828464485e+00       2.454265915789e+01 
       1.097857125652e+00       2.448993445890e+01 
       1.098885786820e+00       2.443736770011e+01 
       1.099914447989e+00       2.438495904463e+01 
       1.100943109160e+00       2.433270844154e+01 
       1.101971770333e+00       2.428061552909e+01 
       1.103000431507e+00       2.422867958722e+01 
       1.104029092683e+00       2.417689956774e+01 
       1.105057753861e+00       2.412527417764e+01 
       1.106086415040e+00       2.407380202168e+01 
       1.107115076220e+00       2.402248175672e+01 
       1.108143737403e+00       2.397131223074e+01 
       1.109172398586e+00       2.392029259516e+01 
       1.110201059772e+00       2.386942235452e+01 
       1.111229720958e+00       2.381870134832e+01 
       1.112258382147e+00       2.376812966868e+01 
       1.113287043337e+00       2.371770753095e+01 
       1.114315704528e+00       2.366743512756e+01 
       1.115344365721e+00       2.361731247688e+01 
       1.116373026916e+00       2.356733931577e+01 
       1.117401688112e+00       2.351751504526e+01 
       1.118430349309e+00       2.346783873869e+01 
       1.119459010509e+00       2.341830921980e+01 
       1.120487671709e+00       2.336892517649e+01 
       1.121516332911e+00       2.331968531472e+01 
       1.122544994115e+00       2.327058849624e+01 
       1.123573655320e+00       2.322163385001e+01 
       1.124602316527e+00       2.317282083802e+01 
       1.125630977735e+00       2.312414924722e+01 
       1.126659638944e+00       2.307561912971e+01 
       1.127688300155e+00       2.302723068732e+01 
       1.128716961368e+00       2.297898412769e+01 
       1.129745622582e+00       2.293087952818e+01 
       1.130774283798e+00       2.288291671467e+01 
       1.131802945014e+00       2.283509520032e+01 
       1.132831606233e+00       2.278741417810e+01 
       1.133860267453e+00       2.273987257909e+01 
       1.134888928674e+00       2.269246918168e+01 
       1.135917589897e+00       2.264520274412e+01 
       1.136946251121e+00       2.259807214643e+01 
       1.137974912347e+00       2.255107650476e+01 
       1.139003573574e+00       2.250421524107e+01 
       1.140032234803e+00       2.245748809656e+01 
       1.141060896033e+00       2.241089507895e+01 
       1.142089557264e+00       2.236443636914e+01 
       1.143118218497e+00       2.231811218696e+01 
       1.144146879731e+00       2.227192265285e+01 
       1.145175540967e+00       2.222586767300e+01 
       1.146204202204e+00       2.217994686298e+01 
       1.147232863443e+00       2.213415953012e+01 
       1.148261524683e+00       2.208850471427e+01 
       1.149290185924e+00       2.204298127938e+01 
       1.150318847167e+00       2.199758804379e+01 
       1.151347508411e+00       2.195232391170e+01 
       1.152376169656e+00       2.190718798986e+01 
       1.153404830903e+00       2.186217966687e+01 
       1.154433492151e+00       2.181729863799e+01 
       1.155462153401e+00       2.177254487049e+01 
       1.156490814652e+00       2.172791851678e+01 
       1.157519475905e+00       2.168341979585e+01 
       1.158548137158e+00       2.163904886430e+01 
       1.159576798413e+00       2.159480569571e+01 
       1.160605459670e+00       2.155068999644e+01 
       1.161634120928e+00       2.150670117921e+01 
       1.162662782187e+00       2.146283838852e+01 
       1.163691443448e+00       2.141910057857e+01 
       1.164720104709e+00       2.137548662602e+01 
       1.165748765973e+00       2.133199546231e+01 
       1.166777427237e+00       2.128862619251e+01 
       1.167806088503e+00       2.124537817657e+01 
       1.168834749771e+00       2.120225106436e+01 
       1.169863411039e+00       2.115924477946e+01 
       1.170892072309e+00       2.111635944527e+01 
       1.171920733580e+00       2.107359527574e+01 
       1.172949394853e+00       2.103095244845e+01 
       1.173978056127e+00       2.098843099212e+01 
       1.175006717402e+00       2.094603069773e+01 
       1.176035378678e+00       2.090375107427e+01 
       1.177064039956e+00       2.086159136327e+01 
       1.178092701235e+00       2.081955060619e+01 
       1.179121362516e+00       2.077762774540e+01 
       1.180150023797e+00       2.073582174515e+01 
       1.181178685080e+00       2.069413170787e+01 
       1.182207346365e+00       2.065255696922e+01 
       1.183236007650e+00       2.061109714135e+01 
       1.184264668937e+00       2.056975210151e+01 
       1.185293330225e+00       2.052852193797e+01 
       1.186321991514e+00       2.048740685323e+01 
       1.187350652805e+00       2.044640704432e+01 
       1.188379314097e+00       2.040552258500e+01 
       1.189407975390e+00       2.036475333495e+01 
       1.190436636685e+00       2.032409889439e+01 
       1.191465297980e+00       2.028355860190e+01 
       1.192493959277e+00       2.024313158186e+01 
       1.193522620576e+00       2.020281684080e+01 
       1.194551281875e+00       2.016261338174e+01 
       1.195579943176e+00       2.012252031752e+01 
       1.196608604478e+00       2.008253696229e+01 
       1.197637265781e+00       2.004266288634e+01 
       1.198665927085e+00       2.000289792657e+01 
       1.199694588391e+00       1.996324213700e+01 
       1.200723249698e+00       1.992369569938e+01 
       1.201751911006e+00       1.988425881828e+01 
       1.202780572315e+00       1.984493160664e+01 
       1.203809233626e+00       1.980571399129e+01 
       1.204837894938e+00       1.976660565215e+01 
       1.205866556251e+00       1.972760601290e+01 
       1.206895217565e+00       1.968871428456e+01 
       1.207923878880e+00       1.964992954198e+01 
       1.208952540197e+00       1.961125082671e+01 
       1.209981201515e+00       1.957267726283e+01 
       1.211009862834e+00       1.953420815183e+01 
       1.212038524154e+00       1.949584303437e+01 
       1.213067185475e+00       1.945758170258e+01 
       1.214095846798e+00       1.941942416871e+01 
       1.215124508121e+00       1.938137059547e+01 
       1.216153169446e+00       1.934342119065e+01 
       1.217181830772e+00       1.930557609438e+01 
       1.218210492100e+00       1.926783528726e+01 
       1.219239153428e+00       1.923019852554e+01 
       1.220267814758e+00       1.919266531962e+01 
       1.221296476089e+00       1.915523495984e+01 
       1.222325137421e+00       1.911790658370e+01 
       1.223353798754e+00       1.908067927950e+01 
       1.224382460088e+00       1.904355219009e+01 
       1.225411121424e+00       1.900652460641e+01 
       1.226439782760e+00       1.896959603761e+01 
       1.227468444098e+00       1.893276623758e+01 
       1.228497105437e+00       1.889603518274e+01 
       1.229525766777e+00       1.885940300857e+01 
       1.230554428118e+00       1.882286991453e+01 
       1.231583089460e+00       1.878643606377e+01 
       1.232611750804e+00       1.875010148606e+01 
       1.233640412148e+00       1.871386600396e+01 
       1.234669073494e+00       1.867772920452e+01 
       1.235697734841e+00       1.864169045705e+01 
       1.236726396189e+00       1.860574896862e+01 
       1.237755057538e+00       1.856990387367e+01 
       1.238783718888e+00       1.853415433289e+01 
       1.239812380240e+00       1.849849963288e+01 
       1.240841041592e+00       1.846293926026e+01 
       1.241869702946e+00       1.842747293084e+01 
       1.242898364300e+00       1.839210058049e+01 
       1.243927025656e+00       1.835682231585e+01 
       1.244955687013e+00       1.832163832805e+01 
       1.245984348371e+00       1.828654879579e+01 
       1.247013009730e+00       1.825155378557e+01 
       1.248041671090e+00       1.821665317891e+01 
       1.249070332451e+00       1.818184663881e+01 
       1.250098993814e+00       1.814713360997e+01 
       1.251127655177e+00       1.811251336493e+01 
       1.252156316542e+00       1.807798508592e+01 
       1.253184977907e+00       1.804354796036e+01 
       1.254213639274e+00       1.800920127719e+01 
       1.255242300642e+00       1.797494450099e+01 
       1.256270962011e+00       1.794077731151e+01 
       1.257299623380e+00       1.790669960857e+01 
       1.258328284751e+00       1.787271146890e+01 
       1.259356946123e+00       1.783881306922e+01 
       1.260385607497e+00       1.780500459462e+01 
       1.261414268871e+00       1.777128614506e+01 
       1.262442930246e+00       1.773765765760e+01 
       1.263471591622e+00       1.770411886271e+01 
       1.264500252999e+00       1.767066927557e+01 
       1.265528914378e+00       1.763730823547e+01 
       1.266557575757e+00       1.760403497730e+01 
       1.267586237138e+00       1.757084871808e+01 
       1.268614898519e+00       1.753774875052e+01 
       1.269643559902e+00       1.750473452288e+01 
       1.270672221285e+00       1.747180568529e+01 
       1.271700882670e+00       1.743896210225e+01 
       1.272729544056e+00       1.740620381782e+01 
       1.273758205442e+00       1.737353099043e+01 
       1.274786866830e+00       1.734094380979e+01 
       1.275815528219e+00       1.730844240221e+01 
       1.276844189608e+00       1.727602675171e+01 
       1.277872850999e+00       1.724369664967e+01 
       1.278901512391e+00       1.721145168154e+01 
       1.279930173784e+00       1.717929125309e+01 
       1.280958835177e+00       1.714721465166e+01 
       1.281987496572e+00       1.711522112596e+01 
       1.283016157968e+00       1.708330997900e+01 
       1.284044819365e+00       1.705148064865e+01 
       1.285073480763e+00       1.701973275925e+01 
       1.286102142162e+00       1.698806613871e+01 
       1.287130803561e+00       1.695648079896e+01 
       1.288159464962e+00       1.692497687887e+01 
       1.289188126364e+00       1.689355456594e+01 
       1.290216787767e+00       1.686221400760e+01 
       1.291245449171e+00       1.683095522822e+01 
       1.292274110575e+00       1.679977807746e+01 
       1.293302771981e+00       1.676868220631e+01 
       1.294331433388e+00       1.673766708454e+01 
       1.295360094796e+00       1.670673205146e+01 
       1.296388756204e+00       1.667587639155e+01 
       1.297417417614e+00       1.664509942302e+01 
       1.298446079025e+00       1.661440057766e+01 
       1.299474740436e+00       1.658377945545e+01 
       1.300503401849e+00       1.655323585212e+01 
       1.301532063262e+00       1.652276974729e+01 
       1.302560724677e+00       1.649238125789e+01 
       1.303589386092e+00       1.646207056458e+01 
       1.304618047509e+00       1.643183782737e+01 
       1.305646708926e+00       1.640168310676e+01 
       1.306675370344e+00       1.637160630393e+01 
       1.307704031764e+00       1.634160713213e+01 
       1.308732693184e+00       1.631168512338e+01 
       1.309761354605e+00       1.628183967020e+01 
       1.310790016027e+00       1.625207009572e+01 
       1.311818677450e+00       1.622237573643e+01 
       1.312847338874e+00       1.619275601941e+01 
       1.313876000299e+00       1.616321052572e+01 
       1.314904661725e+00       1.613373902038e+01 
       1.315933323152e+00       1.610434145210e+01 
       1.316961984580e+00       1.607501791292e+01 
       1.317990646008e+00       1.604576857352e+01 
       1.319019307438e+00       1.601659360300e+01 
       1.320047968868e+00       1.598749309135e+01 
       1.321076630300e+00       1.595846698628e+01 
       1.322105291732e+00       1.592951505659e+01 
       1.323133953165e+00       1.590063689413e+01 
       1.324162614600e+00       1.587183194504e+01 
       1.325191276035e+00       1.584309957397e+01 
       1.326219937471e+00       1.581443913855e+01 
       1.327248598908e+00       1.578585006661e+01 
       1.328277260345e+00       1.575733192334e+01 
       1.329305921784e+00       1.572888444633e+01 
       1.330334583224e+00       1.570050755288e+01 
       1.331363244664e+00       1.567220130809e+01 
       1.332391906106e+00       1.564396586890e+01 
       1.333420567548e+00       1.561580140852e+01 
       1.334449228991e+00       1.558770804167e+01 
       1.335477890436e+00       1.555968575676e+01 
       1.336506551881e+00       1.553173437679e+01 
       1.337535213326e+00       1.550385354987e+01 
       1.338563874773e+00       1.547604277585e+01 
       1.339592536221e+00       1.544830145968e+01 
       1.340621197669e+00       1.542062898289e+01 
       1.341649859119e+00       1.539302477885e+01 
       1.342678520569e+00       1.536548839936e+01 
       1.343707182020e+00       1.533801955946e+01 
       1.344735843472e+00       1.531061814593e+01 
       1.345764504925e+00       1.528328419716e+01 
       1.346793166379e+00       1.525601785305e+01 
       1.347821827834e+00       1.522881928719e+01 
       1.348850489289e+00       1.520168863212e+01 
       1.349879150746e+00       1.517462591219e+01 
       1.350907812203e+00       1.514763099817e+01 
       1.351936473661e+00       1.512070359292e+01 
       1.352965135120e+00       1.509384324978e+01 
       1.353993796580e+00       1.506704941644e+01 
       1.355022458041e+00       1.504032150089e+01 
       1.356051119502e+00       1.501365894516e+01 
       1.357079780965e+00       1.498706129286e+01 
       1.358108442428e+00       1.496052823560e+01 
       1.359137103892e+00       1.493405963123e+01 
       1.360165765357e+00       1.490765549067e+01 
       1.361194426823e+00       1.488131593514e+01 
       1.362223088290e+00       1.485504113543e+01 
       1.363251749757e+00       1.482883123782e+01 
       1.364280411225e+00       1.480268629686e+01 
       1.365309072695e+00       1.477660622770e+01 
       1.366337734165e+00       1.475059078472e+01 
       1.367366395635e+00       1.472463957113e+01 
       1.368395057107e+00       1.469875207735e+01 
       1.369423718579e+00       1.467292774034e+01 
       1.370452380053e+00       1.464716601400e+01 
       1.371481041527e+00       1.462146643736e+01 
       1.372509703002e+00       1.459582868352e+01 
       1.373538364478e+00       1.457025258302e+01 
       1.374567025954e+00       1.454473811887e+01 
       1.375595687432e+00       1.451928539194e+01 
       1.376624348910e+00       1.449389456409e+01 
       1.377653010389e+00       1.446856579036e+01 
       1.378681671869e+00       1.444329915121e+01 
       1.379710333349e+00       1.441809460110e+01 
       1.380738994831e+00       1.439295194291e+01 
       1.381767656313e+00       1.436787082988e+01 
       1.382796317796e+00       1.434285079541e+01 
       1.383824979280e+00       1.431789130688e+01 
       1.384853640765e+00       1.429299183277e+01 
       1.385882302250e+00       1.426815190912e+01 
       1.386910963736e+00       1.424337119245e+01 
       1.387939625223e+00       1.421864948795e+01 
       1.388968286711e+00       1.419398675120e+01 
       1.389996948200e+00       1.416938306084e+01 
       1.391025609689e+00       1.414483856903e+01 
       1.392054271180e+00       1.412035343458e+01 
       1.393082932671e+00       1.409592775901e+01 
       1.394111594162e+00       1.407156153212e+01 
       1.395140255655e+00       1.404725460001e+01 
       1.396168917148e+00       1.402300666276e+01 
       1.397197578642e+00       1.399881729651e+01 
       1.398226240137e+00       1.397468600055e+01 
       1.399254901633e+00       1.395061226066e+01 
       1.400283563130e+00       1.392659561472e+01 
       1.401312224627e+00       1.390263570553e+01 
       1.402340886125e+00       1.387873231498e+01 
       1.403369547624e+00       1.385488537133e+01 
       1.404398209123e+00       1.383109492986e+01 
       1.405426870623e+00       1.380736112774e+01 
       1.406455532125e+00       1.378368412473e+01 
       1.407484193626e+00       1.376006403850e+01 
       1.408512855129e+00       1.373650088892e+01 
       1.409541516632e+00       1.371299456396e+01 
       1.410570178136e+00       1.368954480893e+01 
       1.411598839641e+00       1.366615124167e+01 
       1.412627501147e+00       1.364281339479e+01 
       1.413656162653e+00       1.361953077292e+01 
       1.414684824160e+00       1.359630291719e+01 
       1.415713485668e+00       1.357312945960e+01 
       1.416742147177e+00       1.355001016087e+01 
       1.417770808686e+00       1.352694492351e+01 
       1.418799470196e+00       1.350393377798e+01 
       1.419828131707e+00       1.348097684646e+01 
       1.420856793219e+00       1.345807428558e+01 
       1.421885454731e+00       1.343522622492e+01 
       1.422914116244e+00       1.341243271066e+01 
       1.423942777758e+00       1.338969366728e+01 
       1.424971439273e+00       1.336700888188e+01 
       1.426000100788e+00       1.334437801389e+01 
       1.427028762304e+00       1.332180062986e+01 
       1.428057423821e+00       1.329927625606e+01 
       1.429086085338e+00       1.327680443981e+01 
       1.430114746856e+00       1.325438480608e+01 
       1.431143408375e+00       1.323201709671e+01 
       1.432172069895e+00       1.320970118931e+01 
       1.433200731415e+00       1.318743708966e+01 
       1.434229392937e+00       1.316522490101e+01 
       1.435258054458e+00       1.314306477398e+01 
       1.436286715981e+00       1.312095684623e+01 
       1.437315377504e+00       1.309890118664e+01 
       1.438344039028e+00       1.307689775292e+01 
       1.439372700553e+00       1.305494637217e+01 
       1.440401362078e+00       1.303304674433e+01 
       1.441430023604e+00       1.301119847046e+01 
       1.442458685131e+00       1.298940109999e+01 
       1.443487346659e+00       1.296765418877e+01 
       1.444516008187e+00       1.294595735648e+01 
       1.445544669716e+00       1.292431032875e+01 
       1.446573331245e+00       1.290271296002e+01 
       1.447601992776e+00       1.288116523200e+01 
       1.448630654307e+00       1.285966722806e+01 
       1.449659315838e+00       1.283821909012e+01 
       1.450687977371e+00       1.281682096054e+01 
       1.451716638904e+00       1.279547292687e+01 
       1.452745300438e+00       1.277417497620e+01 
       1.453773961972e+00       1.275292697264e+01 
       1.454802623507e+00       1.273172865466e+01 
       1.455831285043e+00       1.271057965798e+01 
       1.456859946580e+00       1.268947955739e+01 
       1.457888608117e+00       1.266842792023e+01 
       1.458917269655e+00       1.264742436365e+01 
       1.459945931194e+00       1.262646859997e+01 
       1.460974592733e+00       1.260556046189e+01 
       1.462003254273e+00       1.258469990723e+01 
       1.463031915814e+00       1.256388699941e+01 
       1.464060577355e+00       1.254312186760e+01 
       1.465089238897e+00       1.252240465560e+01 
       1.466117900440e+00       1.250173546580e+01 
       1.467146561983e+00       1.248111431257e+01 
       1.468175223527e+00       1.246054109385e+01 
       1.469203885072e+00       1.244001558572e+01 
       1.470232546617e+00       1.241953745793e+01 
       1.471261208163e+00       1.239910631176e+01 
       1.472289869710e+00       1.237872172942e+01 
       1.473318531257e+00       1.235838332782e+01 
       1.474347192805e+00       1.233809080713e+01 
       1.475375854354e+00       1.231784398040e+01 
       1.476404515903e+00       1.229764278314e+01 
       1.477433177453e+00       1.227748725771e+01 
       1.478461839004e+00       1.225737751956e+01 
       1.479490500555e+00       1.223731371006e+01 
       1.480519162107e+00       1.221729594344e+01 
       1.481547823660e+00       1.219732425749e+01 
       1.482576485213e+00       1.217739858255e+01 
       1.483605146767e+00       1.215751872917e+01 
       1.484633808322e+00       1.213768440115e+01 
       1.485662469877e+00       1.211789522689e+01 
       1.486691131433e+00       1.209815080532e+01 
       1.487719792989e+00       1.207845075644e+01 
       1.488748454547e+00       1.205879477126e+01 
       1.489777116104e+00       1.203918264543e+01 
       1.490805777663e+00       1.201961429155e+01 
       1.491834439222e+00       1.200008973175e+01 
       1.492863100782e+00       1.198060906679e+01 
       1.493891762342e+00       1.196117243322e+01 
       1.494920423903e+00       1.194177995183e+01 
       1.495949085465e+00       1.192243168132e+01 
       1.496977747027e+00       1.190312758130e+01 
       1.498006408590e+00       1.188386749672e+01 
       1.499035070154e+00       1.186465116345e+01 
       1.500063731718e+00       1.184547823825e+01 
       1.501092393283e+00       1.182634833761e+01 
       1.502121054848e+00       1.180726108872e+01 
       1.503149716414e+00       1.178821617650e+01 
       1.504178377981e+00       1.176921337956e+01 
       1.505207039548e+00       1.175025258995e+01 
       1.506235701116e+00       1.173133380818e+01 
       1.507264362685e+00       1.171245712024e+01 
       1.508293024254e+00       1.169362265514e+01 
       1.509321685823e+00       1.167483053832e+01 
       1.510350347394e+00       1.165608084459e+01 
       1.511379008965e+00       1.163737356014e+01 
       1.512407670537e+00       1.161870856275e+01 
       1.513436332109e+00       1.160008562218e+01 
       1.514464993682e+00       1.158150442174e+01 
       1.515493655255e+00       1.156296459708e+01 
       1.516522316829e+00       1.154446578454e+01 
       1.517550978404e+00       1.152600766561e+01 
       1.518579639979e+00       1.150759000532e+01 
       1.519608301555e+00       1.148921267581e+01 
       1.520636963132e+00       1.147087565696e+01 
       1.521665624709e+00       1.145257901691e+01 
       1.522694286286e+00       1.143432287717e+01 
       1.523722947865e+00       1.141610736576e+01 
       1.524751609444e+00       1.139793257023e+01 
       1.525780271023e+00       1.137979850009e+01 
       1.526808932603e+00       1.136170506304e+01 
       1.527837594184e+00       1.134365206170e+01 
       1.528866255765e+00       1.132563920752e+01 
       1.529894917347e+00       1.130766615742e+01 
       1.530923578930e+00       1.128973255652e+01 
       1.531952240513e+00       1.127183808621e+01 
       1.532980902096e+00       1.125398250072e+01 
       1.534009563681e+00       1.123616565492e+01 
       1.535038225265e+00       1.121838750798e+01 
       1.536066886851e+00       1.120064811004e+01 
       1.537095548437e+00       1.118294757200e+01 
       1.538124210023e+00       1.116528602183e+01 
       1.539152871611e+00       1.114766355801e+01 
       1.540181533198e+00       1.113008021075e+01 
       1.541210194787e+00       1.111253591534e+01 
       1.542238856376e+00       1.109503050437e+01 
       1.543267517965e+00       1.107756371923e+01 
       1.544296179555e+00       1.106013523911e+01 
       1.545324841146e+00       1.104274472191e+01 
       1.546353502737e+00       1.102539184893e+01 
       1.547382164329e+00       1.100807636655e+01 
       1.548410825921e+00       1.099079811320e+01 
       1.549439487514e+00       1.097355702840e+01 
       1.550468149108e+00       1.095635314512e+01 
       1.551496810702e+00       1.093918656125e+01 
       1.552525472297e+00       1.092205740174e+01 
       1.553554133892e+00       1.090496577335e+01 
       1.554582795488e+00       1.088791172552e+01 
       1.555611457084e+00       1.087089521968e+01 
       1.556640118681e+00       1.085391611679e+01 
       1.557668780278e+00       1.083697418681e+01 
       1.558697441876e+00       1.082006913189e+01 
       1.559726103475e+00       1.080320062436e+01 
       1.560754765074e+00       1.078636834923e+01 
       1.561783426674e+00       1.076957204603e+01 
       1.562812088274e+00       1.075281153802e+01 
       1.563840749875e+00       1.073608674668e+01 
       1.564869411476e+00       1.071939768721e+01 
       1.565898073078e+00       1.070274444546e+01 
       1.566926734681e+00       1.068612714093e+01 
       1.567955396284e+00       1.066954588576e+01 
       1.568984057887e+00       1.065300074434e+01 
       1.570012719491e+00       1.063649170188e+01 
       1.571041381096e+00       1.062001864795e+01 
       1.572070042701e+00       1.060358137994e+01 
       1.573098704307e+00       1.058717962330e+01 
       1.574127365913e+00       1.057081306546e+01 
       1.575156027520e+00       1.055448139793e+01 
       1.576184689128e+00       1.053818435642e+01 
       1.577213350736e+00       1.052192175201e+01 
       1.578242012344e+00       1.050569348842e+01 
       1.579270673953e+00       1.048949956234e+01 
       1.580299335563e+00       1.047334004557e+01 
       1.581327997173e+00       1.045721505139e+01 
       1.582356658784e+00       1.044112469508e+01 
       1.583385320395e+00       1.042506905342e+01 
       1.584413982006e+00       1.040904813216e+01 
       1.585442643619e+00       1.039306184754e+01 
       1.586471305232e+00       1.037711002452e+01 
       1.587499966845e+00       1.036119241357e+01 
       1.588528628459e+00       1.034530871884e+01 
       1.589557290073e+00       1.032945863898e+01 
       1.590585951688e+00       1.031364190702e+01 
       1.591614613303e+00       1.029785832369e+01 
       1.592643274919e+00       1.028210777688e+01 
       1.593671936536e+00       1.026639024563e+01 
       1.594700598153e+00       1.025070578638e+01 
       1.595729259770e+00       1.023505450362e+01 
       1.596757921388e+00       1.021943651360e+01 
       1.597786583007e+00       1.020385190414e+01 
       1.598815244626e+00       1.018830070063e+01 
       1.599843906246e+00       1.017278284302e+01 
       1.600872567866e+00       1.015729818268e+01 
       1.601901229486e+00       1.014184649350e+01 
       1.602929891108e+00       1.012642749837e+01 
       1.603958552729e+00       1.011104090521e+01 
       1.604987214351e+00       1.009568644695e+01 
       1.606015875974e+00       1.008036391478e+01 
       1.607044537597e+00       1.006507318123e+01 
       1.608073199221e+00       1.004981420913e+01 
       1.609101860845e+00       1.003458703992e+01 
       1.610130522470e+00       1.001939176909e+01 
       1.611159184095e+00       1.000422851039e+01 
       1.612187845721e+00       9.989097359400e+00 
       1.613216507347e+00       9.973998357432e+00 
       1.614245168974e+00       9.958931467920e+00 
       1.615273830601e+00       9.943896567648e+00 
       1.616302492229e+00       9.928893454148e+00 
       1.617331153857e+00       9.913921865262e+00 
       1.618359815486e+00       9.898981525942e+00 
       1.619388477116e+00       9.884072168544e+00 
       1.620417138745e+00       9.869193577289e+00 
       1.621445800376e+00       9.854345612723e+00 
       1.622474462006e+00       9.839528219999e+00 
       1.623503123638e+00       9.824741423510e+00 
       1.624531785269e+00       9.809985308616e+00 
       1.625560446902e+00       9.795259985884e+00 
       1.626589108534e+00       9.780565556055e+00 
       1.627617770168e+00       9.765902074797e+00 
       1.628646431801e+00       9.751269525077e+00 
       1.629675093436e+00       9.736667808241e+00 
       1.630703755070e+00       9.722096745840e+00 
       1.631732416706e+00       9.707556099188e+00 
       1.632761078341e+00       9.693045599532e+00 
       1.633789739978e+00       9.678564983953e+00 
       1.634818401614e+00       9.664114032466e+00 
       1.635847063251e+00       9.649692592550e+00 
       1.636875724889e+00       9.635300594216e+00 
       1.637904386527e+00       9.620938046642e+00 
       1.638933048166e+00       9.606605022123e+00 
       1.639961709805e+00       9.592301626205e+00 
       1.640990371444e+00       9.578027962114e+00 
       1.642019033084e+00       9.563784098030e+00 
       1.643047694725e+00       9.549570036907e+00 
       1.644076356366e+00       9.535385702124e+00 
       1.645105018008e+00       9.521230937926e+00 
       1.646133679649e+00       9.507105524616e+00 
       1.647162341292e+00       9.493009207436e+00 
       1.648191002935e+00       9.478941728853e+00 
       1.649219664578e+00       9.464902865395e+00 
       1.650248326222e+00       9.450892453545e+00 
       1.651276987866e+00       9.436910407528e+00 
       1.652305649511e+00       9.422956721844e+00 
       1.653334311157e+00       9.409031455630e+00 
       1.654362972802e+00       9.395134708514e+00 
       1.655391634448e+00       9.381266585273e+00 
       1.656420296095e+00       9.367427161876e+00 
       1.657448957742e+00       9.353616458338e+00 
       1.658477619390e+00       9.339834418770e+00 
       1.659506281038e+00       9.326080910941e+00 
       1.660534942687e+00       9.312355734739e+00 
       1.661563604336e+00       9.298658649105e+00 
       1.662592265985e+00       9.284989403541e+00 
       1.663620927635e+00       9.271347771627e+00 
       1.664649589285e+00       9.257733582299e+00 
       1.665678250936e+00       9.244146736697e+00 
       1.666706912588e+00       9.230587213160e+00 
       1.667735574239e+00       9.217055056987e+00 
       1.668764235892e+00       9.203550359033e+00 
       1.669792897544e+00       9.190073222994e+00 
       1.670821559197e+00       9.176623733049e+00 
       1.671850220851e+00       9.163201924236e+00 
       2.104563669910e+00       5.276175528767e+00 
       2.649487709474e+00       3.011250339846e+00 
       3.335507404835e+00       1.705199868975e+00 
       4.199155033174e+00       9.587838811486e-01 
       5.286422979326e+00       5.356266614488e-01 
       6.655212226166e+00       2.974717267190e-01 
       8.378415792404e+00       1.643191274621e-01 
       1.054780055163e+01       9.031931297160e-02 
       1.327889415299e+01       4.941863631246e-02 
       1.671713728972e+01       2.692550498451e-02 
       2.104562894649e+01       1.461245587691e-02 
       2.649487708792e+01       7.900756602114e-03 
       3.335507404835e+01       4.256699471934e-03 
       4.199155033174e+01       2.285466196301e-03 
       5.286422979326e+01       1.222831954307e-03 
