# Matter power spectrum P(k) at redshift z=1
# for k=2.22897e-07 to 52.8722 h/Mpc,
# number of wavenumbers equal to 7253
#    1:k (h/Mpc)              2:P (Mpc/h)^3        
       2.228973728849e-07       1.882443306376e-01 
       9.231521935689e-07       7.877630098267e-01 
       1.623412033627e-06       1.391043335480e+00 
       2.323682448164e-06       1.996299119858e+00 
       3.023968992508e-06       2.602922669911e+00 
       3.724277222367e-06       3.210600639910e+00 
       4.424612693965e-06       3.819141820021e+00 
       5.124980964197e-06       4.428417850782e+00 
       5.825387590772e-06       5.038337079317e+00 
       6.525838132360e-06       5.648831185892e+00 
       7.226338148743e-06       6.259847617348e+00 
       7.926893200957e-06       6.871344979236e+00 
       8.627508851441e-06       7.483290067290e+00 
       9.328190664185e-06       8.095655867862e+00 
       1.002894420488e-05       8.708420161372e+00 
       1.072977504105e-05       9.321564517169e+00 
       1.143068874223e-05       9.935073551547e+00 
       1.213169088008e-05       1.054893436801e+01 
       1.283278702855e-05       1.116313612704e+01 
       1.353398276403e-05       1.177766970994e+01 
       1.423528366549e-05       1.239252745233e+01 
       1.493669531464e-05       1.300770293019e+01 
       1.563822329604e-05       1.362319078607e+01 
       1.633987319732e-05       1.423898658645e+01 
       1.704165060924e-05       1.485508670362e+01 
       1.774356112592e-05       1.547148821694e+01 
       1.844561034493e-05       1.608818882979e+01 
       1.914780386746e-05       1.670518679911e+01 
       1.985014729849e-05       1.732248087525e+01 
       2.055264624690e-05       1.794007025036e+01 
       2.125530632564e-05       1.855795451383e+01 
       2.195813315187e-05       1.917613361357e+01 
       2.266113234714e-05       1.979460782236e+01 
       2.336430953750e-05       2.041337770819e+01 
       2.406767035365e-05       2.103244410839e+01 
       2.477122043114e-05       2.165180810660e+01 
       2.547496541045e-05       2.227147101247e+01 
       2.617891093720e-05       2.289143434357e+01 
       2.688306266228e-05       2.351169980923e+01 
       2.758742624197e-05       2.413226929612e+01 
       2.829200733814e-05       2.475314485530e+01 
       2.899681161839e-05       2.537432869049e+01 
       2.970184475617e-05       2.599582314764e+01 
       3.040711243095e-05       2.661763070532e+01 
       3.111262032840e-05       2.723975396614e+01 
       3.181837414051e-05       2.786219564890e+01 
       3.252437956573e-05       2.848495858145e+01 
       3.323064230916e-05       2.910804569417e+01 
       3.393716808270e-05       2.973146001400e+01 
       3.464396260516e-05       3.035520465905e+01 
       3.535103160245e-05       3.097928283354e+01 
       3.605838080776e-05       3.160369782326e+01 
       3.676601596164e-05       3.222845299129e+01 
       3.747394281221e-05       3.285355177418e+01 
       3.818216711532e-05       3.347899767831e+01 
       3.889069463466e-05       3.410479427658e+01 
       3.959953114195e-05       3.473094520538e+01 
       4.030868241710e-05       3.535745416169e+01 
       4.101815424834e-05       3.598432490053e+01 
       4.172795243239e-05       3.661156123243e+01 
       4.243808277464e-05       3.723916702123e+01 
       4.314855108926e-05       3.786714618193e+01 
       4.385936319938e-05       3.849550267876e+01 
       4.457052493728e-05       3.912424052333e+01 
       4.528204214450e-05       3.975336377292e+01 
       4.599392067202e-05       4.038287652891e+01 
       4.670616638040e-05       4.101278293528e+01 
       4.741878513999e-05       4.164308717726e+01 
       4.813178283105e-05       4.227379347997e+01 
       4.884516534389e-05       4.290490610728e+01 
       4.955893857908e-05       4.353642936063e+01 
       5.027310844759e-05       4.416836757798e+01 
       5.098768087095e-05       4.480072513284e+01 
       5.170266178141e-05       4.543350643330e+01 
       5.241805712211e-05       4.606671592120e+01 
       5.313387284723e-05       4.670035807129e+01 
       5.385011492218e-05       4.733443739045e+01 
       5.456678932372e-05       4.796895841703e+01 
       5.528390204017e-05       4.860392572010e+01 
       5.600145907157e-05       4.923934389889e+01 
       5.671946642979e-05       4.987521758214e+01 
       5.743793013878e-05       5.051155142759e+01 
       5.815685623467e-05       5.114835012145e+01 
       5.887625076597e-05       5.178561837788e+01 
       5.959611979371e-05       5.242336093859e+01 
       6.031646939166e-05       5.306158257236e+01 
       6.103730564644e-05       5.370028807467e+01 
       6.175863465771e-05       5.433948226731e+01 
       6.248046253836e-05       5.497916999806e+01 
       6.320279541466e-05       5.561935614032e+01 
       6.392563942643e-05       5.626004559284e+01 
       6.464900072721e-05       5.690124327939e+01 
       6.537288548445e-05       5.754295414857e+01 
       6.609729987965e-05       5.818518317348e+01 
       6.682225010858e-05       5.882793535156e+01 
       6.754774238140e-05       5.947121570430e+01 
       6.827378292289e-05       6.011502927715e+01 
       6.900037797255e-05       6.075938113922e+01 
       6.972753378487e-05       6.140427638321e+01 
       7.045525662942e-05       6.204972012518e+01 
       7.118355279109e-05       6.269571750447e+01 
       7.191242857021e-05       6.334227368353e+01 
       7.264189028279e-05       6.398939384782e+01 
       7.337194426065e-05       6.463708320570e+01 
       7.410259685161e-05       6.528534698833e+01 
       7.483385441969e-05       6.593419044959e+01 
       7.556572334528e-05       6.658361886601e+01 
       7.629821002529e-05       6.723363753669e+01 
       7.703132087338e-05       6.788425178325e+01 
       7.776506232013e-05       6.853546694979e+01 
       7.849944081320e-05       6.918728840284e+01 
       7.923446281754e-05       6.983972153130e+01 
       7.997013481554e-05       7.049277174649e+01 
       8.070646330727e-05       7.114644448204e+01 
       8.144345481062e-05       7.180074519396e+01 
       8.218111586151e-05       7.245567936057e+01 
       8.291945301405e-05       7.311125248256e+01 
       8.365847284077e-05       7.376747008294e+01 
       8.439818193279e-05       7.442433770711e+01 
       8.513858689998e-05       7.508186092283e+01 
       8.587969437121e-05       7.574004532030e+01 
       8.662151099448e-05       7.639889651215e+01 
       8.736404343716e-05       7.705842013346e+01 
       8.810729838617e-05       7.771862184187e+01 
       8.885128254814e-05       7.837950731755e+01 
       8.959600264965e-05       7.904108226331e+01 
       9.034146543743e-05       7.970335240461e+01 
       9.108767767849e-05       8.036632348966e+01 
       9.183464616038e-05       8.103000128944e+01 
       9.258237769140e-05       8.169439159781e+01 
       9.333087910071e-05       8.235950023154e+01 
       9.408015723863e-05       8.302533303043e+01 
       9.483021897678e-05       8.369189585735e+01 
       9.558107120832e-05       8.435919459836e+01 
       9.633272084809e-05       8.502723516274e+01 
       9.708517483290e-05       8.569602348316e+01 
       9.783844012165e-05       8.636556551569e+01 
       9.859252369560e-05       8.703586723997e+01 
       9.934743255853e-05       8.770693465925e+01 
       1.001031737370e-04       8.837877380052e+01 
       1.008597542804e-04       8.905139071462e+01 
       1.016171812616e-04       8.972479147635e+01 
       1.023754617763e-04       9.039898218456e+01 
       1.031346029444e-04       9.107396896228e+01 
       1.038946119091e-04       9.174975795684e+01 
       1.046554958378e-04       9.242635533998e+01 
       1.054172619222e-04       9.310376730798e+01 
       1.061799173783e-04       9.378200008178e+01 
       1.069434694468e-04       9.446105990710e+01 
       1.077079253933e-04       9.514095305460e+01 
       1.084732925083e-04       9.582168581998e+01 
       1.092395781078e-04       9.650326452412e+01 
       1.100067895333e-04       9.718569551324e+01 
       1.107749341519e-04       9.786898515899e+01 
       1.115440193568e-04       9.855313985866e+01 
       1.123140525673e-04       9.923816603526e+01 
       1.130850412291e-04       9.992407013771e+01 
       1.138569928145e-04       1.006108586410e+02 
       1.146299148229e-04       1.012985380462e+02 
       1.154038147804e-04       1.019871148808e+02 
       1.161787002406e-04       1.026765956989e+02 
       1.169545787848e-04       1.033669870811e+02 
       1.177314580216e-04       1.040582956347e+02 
       1.185093455882e-04       1.047505279943e+02 
       1.192882491495e-04       1.054436908214e+02 
       1.200681763991e-04       1.061377908049e+02 
       1.208491350593e-04       1.068328346611e+02 
       1.216311328814e-04       1.075288291338e+02 
       1.224141776455e-04       1.082257809950e+02 
       1.231982771616e-04       1.089236970442e+02 
       1.239834392689e-04       1.096225841095e+02 
       1.247696718369e-04       1.103224490468e+02 
       1.255569827648e-04       1.110232987411e+02 
       1.263453799825e-04       1.117251401055e+02 
       1.271348714503e-04       1.124279800823e+02 
       1.279254651594e-04       1.131318256428e+02 
       1.287171691321e-04       1.138366837874e+02 
       1.295099914222e-04       1.145425615460e+02 
       1.303039401148e-04       1.152494659781e+02 
       1.310990233270e-04       1.159574041730e+02 
       1.318952492080e-04       1.166663832497e+02 
       1.326926259393e-04       1.173764103578e+02 
       1.334911617350e-04       1.180874926770e+02 
       1.342908648420e-04       1.187996374175e+02 
       1.350917435405e-04       1.195128518204e+02 
       1.358938061437e-04       1.202271431576e+02 
       1.366970609988e-04       1.209425187324e+02 
       1.375015164867e-04       1.216589858791e+02 
       1.383071810223e-04       1.223765519637e+02 
       1.391140630550e-04       1.230952243841e+02 
       1.399221710691e-04       1.238150105700e+02 
       1.407315135834e-04       1.245359179833e+02 
       1.415420991522e-04       1.252579541182e+02 
       1.423539363652e-04       1.259811265016e+02 
       1.431670338476e-04       1.267054426932e+02 
       1.439814002609e-04       1.274309102857e+02 
       1.447970443026e-04       1.281575369048e+02 
       1.456139747070e-04       1.288853302100e+02 
       1.464322002450e-04       1.296142978943e+02 
       1.472517297247e-04       1.303444476846e+02 
       1.480725719913e-04       1.310757873417e+02 
       1.488947359281e-04       1.318083246611e+02 
       1.497182304558e-04       1.325420674726e+02 
       1.505430645337e-04       1.332770236407e+02 
       1.513692471594e-04       1.340132010652e+02 
       1.521967873691e-04       1.347506076808e+02 
       1.530256942384e-04       1.354892514579e+02 
       1.538559768819e-04       1.362291404024e+02 
       1.546876444540e-04       1.369702825564e+02 
       1.555207061489e-04       1.377126859977e+02 
       1.563551712011e-04       1.384563588410e+02 
       1.571910488854e-04       1.392013092373e+02 
       1.580283485175e-04       1.399475453744e+02 
       1.588670794542e-04       1.406950754776e+02 
       1.597072510936e-04       1.414439078091e+02 
       1.605488728754e-04       1.421940506691e+02 
       1.613919542814e-04       1.429455123952e+02 
       1.622365048354e-04       1.436983013634e+02 
       1.630825341042e-04       1.444524259879e+02 
       1.639300516969e-04       1.452078947215e+02 
       1.647790672663e-04       1.459647160559e+02 
       1.656295905082e-04       1.467228985216e+02 
       1.664816311625e-04       1.474824506888e+02 
       1.673351990130e-04       1.482433811669e+02 
       1.681903038881e-04       1.490056986055e+02 
       1.690469556606e-04       1.497694116941e+02 
       1.699051642485e-04       1.505345291624e+02 
       1.707649396152e-04       1.513010597810e+02 
       1.716262917696e-04       1.520690123613e+02 
       1.724892307666e-04       1.528383957556e+02 
       1.733537667074e-04       1.536092188578e+02 
       1.742199097397e-04       1.543814906035e+02 
       1.750876700584e-04       1.551552199701e+02 
       1.759570579052e-04       1.559304159772e+02 
       1.768280835699e-04       1.567070876869e+02 
       1.777007573897e-04       1.574852442041e+02 
       1.785750897503e-04       1.582648946765e+02 
       1.794510910858e-04       1.590460482953e+02 
       1.803287718795e-04       1.598287142951e+02 
       1.812081426634e-04       1.606129019544e+02 
       1.820892140196e-04       1.613986205957e+02 
       1.829719965795e-04       1.621858795860e+02 
       1.838565010253e-04       1.629746883369e+02 
       1.847427380893e-04       1.637650563050e+02 
       1.856307185549e-04       1.645569929920e+02 
       1.865204532567e-04       1.653505079452e+02 
       1.874119530809e-04       1.661456107577e+02 
       1.883052289657e-04       1.669423110685e+02 
       1.892002919012e-04       1.677406185633e+02 
       1.900971529307e-04       1.685405429741e+02 
       1.909958231499e-04       1.693420940800e+02 
       1.918963137082e-04       1.701452817074e+02 
       1.927986358085e-04       1.709501157301e+02 
       1.937028007077e-04       1.717566060698e+02 
       1.946088197170e-04       1.725647626963e+02 
       1.955167042027e-04       1.733745956278e+02 
       1.964264655857e-04       1.741861149311e+02 
       1.973381153426e-04       1.749993307221e+02 
       1.982516650059e-04       1.758142531661e+02 
       1.991671261639e-04       1.766308924779e+02 
       2.000845104619e-04       1.774492589223e+02 
       2.010038296016e-04       1.782693628140e+02 
       2.019250953425e-04       1.790912145187e+02 
       2.028483195012e-04       1.799148244525e+02 
       2.037735139527e-04       1.807402030830e+02 
       2.047006906301e-04       1.815673609288e+02 
       2.056298615254e-04       1.823963085607e+02 
       2.065610386897e-04       1.832270566013e+02 
       2.074942342335e-04       1.840596157256e+02 
       2.084294603272e-04       1.848939966612e+02 
       2.093667292015e-04       1.857302101890e+02 
       2.103060531476e-04       1.865682671429e+02 
       2.112474445179e-04       1.874081784106e+02 
       2.121909157261e-04       1.882499549336e+02 
       2.131364792475e-04       1.890936077079e+02 
       2.140841476198e-04       1.899391477837e+02 
       2.150339334431e-04       1.907865862666e+02 
       2.159858493804e-04       1.916359343170e+02 
       2.169399081583e-04       1.924872031510e+02 
       2.178961225667e-04       1.933404040407e+02 
       2.188545054598e-04       1.941955483142e+02 
       2.198150697564e-04       1.950526473562e+02 
       2.207778284401e-04       1.959117126083e+02 
       2.217427945596e-04       1.967727555692e+02 
       2.227099812295e-04       1.976357877951e+02 
       2.236794016305e-04       1.985008209000e+02 
       2.246510690096e-04       1.993678665562e+02 
       2.256249966808e-04       2.002369364944e+02 
       2.266011980254e-04       2.011080425042e+02 
       2.275796864923e-04       2.019811964341e+02 
       2.285604755986e-04       2.028564101925e+02 
       2.295435789298e-04       2.037336957473e+02 
       2.305290101404e-04       2.046130651267e+02 
       2.315167829540e-04       2.054945304194e+02 
       2.325069111641e-04       2.063781037748e+02 
       2.334994086343e-04       2.072637974037e+02 
       2.344942892988e-04       2.081516235782e+02 
       2.354915671626e-04       2.090415946323e+02 
       2.364912563023e-04       2.099337229623e+02 
       2.374933708659e-04       2.108280210268e+02 
       2.384979250740e-04       2.117245013475e+02 
       2.395049332197e-04       2.126231765093e+02 
       2.405144096689e-04       2.135240591604e+02 
       2.415263688612e-04       2.144271620131e+02 
       2.425408253100e-04       2.153324978439e+02 
       2.435577936030e-04       2.162400794938e+02 
       2.445772884026e-04       2.171499198689e+02 
       2.455993244463e-04       2.180620319404e+02 
       2.466239165473e-04       2.189764287451e+02 
       2.476510795944e-04       2.198931233858e+02 
       2.486808285533e-04       2.208121290317e+02 
       2.497131784663e-04       2.217334589184e+02 
       2.507481444528e-04       2.226571263487e+02 
       2.517857417100e-04       2.235831446928e+02 
       2.528259855135e-04       2.245115273882e+02 
       2.538688912169e-04       2.254422879408e+02 
       2.549144742532e-04       2.263754399248e+02 
       2.559627501345e-04       2.273109969830e+02 
       2.570137344529e-04       2.282489728272e+02 
       2.580674428808e-04       2.291893812389e+02 
       2.591238911711e-04       2.301322360692e+02 
       2.601830951579e-04       2.310775512392e+02 
       2.612450707568e-04       2.320253407406e+02 
       2.623098339654e-04       2.329756186357e+02 
       2.633774008638e-04       2.339283990583e+02 
       2.644477876148e-04       2.348836962132e+02 
       2.655210104646e-04       2.358415243775e+02 
       2.665970857429e-04       2.368018979002e+02 
       2.676760298638e-04       2.377648312027e+02 
       2.687578593256e-04       2.387303387797e+02 
       2.698425907121e-04       2.396984351986e+02 
       2.709302406921e-04       2.406691351007e+02 
       2.720208260203e-04       2.416424532011e+02 
       2.731143635380e-04       2.426184042891e+02 
       2.742108701730e-04       2.435970032285e+02 
       2.753103629402e-04       2.445782649581e+02 
       2.764128589422e-04       2.455622044920e+02 
       2.775183753697e-04       2.465488369198e+02 
       2.786269295015e-04       2.475381774070e+02 
       2.797385387058e-04       2.485302411954e+02 
       2.808532204396e-04       2.495250436034e+02 
       2.819709922499e-04       2.505226000264e+02 
       2.830918717740e-04       2.515229259370e+02 
       2.842158767394e-04       2.525260368853e+02 
       2.853430249649e-04       2.535319484995e+02 
       2.864733343607e-04       2.545406764859e+02 
       2.876068229288e-04       2.555522366295e+02 
       2.887435087637e-04       2.565666447942e+02 
       2.898834100522e-04       2.575839169230e+02 
       2.910265450746e-04       2.586040690386e+02 
       2.921729322047e-04       2.596271172435e+02 
       2.933225899102e-04       2.606530777204e+02 
       2.944755367531e-04       2.616819667326e+02 
       2.956317913904e-04       2.627138006242e+02 
       2.967913725742e-04       2.637485958203e+02 
       2.979542991524e-04       2.647863688276e+02 
       2.991205900687e-04       2.658271362346e+02 
       3.002902643635e-04       2.668709147116e+02 
       3.014633411739e-04       2.679177210117e+02 
       3.026398397343e-04       2.689675719702e+02 
       3.038197793769e-04       2.700204845059e+02 
       3.050031795318e-04       2.710764756203e+02 
       3.061900597277e-04       2.721355623990e+02 
       3.073804395921e-04       2.731977620112e+02 
       3.085743388520e-04       2.742630917101e+02 
       3.097717773337e-04       2.753315688337e+02 
       3.109727749638e-04       2.764032108044e+02 
       3.121773517693e-04       2.774780351298e+02 
       3.133855278780e-04       2.785560594027e+02 
       3.145973235190e-04       2.796373013013e+02 
       3.158127590228e-04       2.807217785900e+02 
       3.170318548220e-04       2.818095091188e+02 
       3.182546314516e-04       2.829005108244e+02 
       3.194811095492e-04       2.839948017301e+02 
       3.207113098555e-04       2.850923999457e+02 
       3.219452532146e-04       2.861933236685e+02 
       3.231829605746e-04       2.872975911831e+02 
       3.244244529874e-04       2.884052208614e+02 
       3.256697516098e-04       2.895162311634e+02 
       3.269188777031e-04       2.906306406372e+02 
       3.281718526340e-04       2.917484679191e+02 
       3.294286978747e-04       2.928697317339e+02 
       3.306894350032e-04       2.939944508951e+02 
       3.319540857039e-04       2.951226443053e+02 
       3.332226717675e-04       2.962543309562e+02 
       3.344952150917e-04       2.973895299289e+02 
       3.357717376812e-04       2.985282603939e+02 
       3.370522616484e-04       2.996705416117e+02 
       3.383368092133e-04       3.008163929327e+02 
       3.396254027041e-04       3.019658337973e+02 
       3.409180645574e-04       3.031188837362e+02 
       3.422148173182e-04       3.042755623709e+02 
       3.435156836409e-04       3.054358894132e+02 
       3.448206862888e-04       3.065998846658e+02 
       3.461298481349e-04       3.077675680225e+02 
       3.474431921617e-04       3.089389594679e+02 
       3.487607414621e-04       3.101140790781e+02 
       3.500825192391e-04       3.112929470205e+02 
       3.514085488062e-04       3.124755835539e+02 
       3.527388535878e-04       3.136620090290e+02 
       3.540734571191e-04       3.148522438878e+02 
       3.554123830469e-04       3.160463086644e+02 
       3.567556551291e-04       3.172442239848e+02 
       3.581032972354e-04       3.184460105670e+02 
       3.594553333475e-04       3.196516892209e+02 
       3.608117875590e-04       3.208612808489e+02 
       3.621726840758e-04       3.220748064453e+02 
       3.635380472163e-04       3.232922870969e+02 
       3.649079014115e-04       3.245137439827e+02 
       3.662822712050e-04       3.257391983740e+02 
       3.676611812536e-04       3.269686716347e+02 
       3.690446563271e-04       3.282021852209e+02 
       3.704327213085e-04       3.294397606812e+02 
       3.718254011940e-04       3.306814196567e+02 
       3.732227210934e-04       3.319271838806e+02 
       3.746247062301e-04       3.331770751789e+02 
       3.760313819412e-04       3.344311154696e+02 
       3.774427736773e-04       3.356893267633e+02 
       3.788589070032e-04       3.369517311626e+02 
       3.802798075974e-04       3.382183508625e+02 
       3.817055012524e-04       3.394892081501e+02 
       3.831360138746e-04       3.407643254045e+02 
       3.845713714847e-04       3.420437250966e+02 
       3.860116002173e-04       3.433274297896e+02 
       3.874567263211e-04       3.446154621379e+02 
       3.889067761589e-04       3.459078448879e+02 
       3.903617762076e-04       3.472046008773e+02 
       3.918217530582e-04       3.485057530350e+02 
       3.932867334156e-04       3.498113243814e+02 
       3.947567440988e-04       3.511213380274e+02 
       3.962318120406e-04       3.524358171750e+02 
       3.977119642878e-04       3.537547851167e+02 
       3.991972280007e-04       3.550782652353e+02 
       4.006876304536e-04       3.564062810037e+02 
       4.021831990340e-04       3.577388559849e+02 
       4.036839612430e-04       3.590760138311e+02 
       4.051899446949e-04       3.604177782842e+02 
       4.067011771173e-04       3.617641731751e+02 
       4.082176863505e-04       3.631152224233e+02 
       4.097395003477e-04       3.644709500367e+02 
       4.112666471746e-04       3.658313801115e+02 
       4.127991550092e-04       3.671965368319e+02 
       4.143370521419e-04       3.685664444690e+02 
       4.158803669745e-04       3.699411273811e+02 
       4.174291280207e-04       3.713206100131e+02 
       4.189833639055e-04       3.727049168961e+02 
       4.205431033649e-04       3.740940726472e+02 
       4.221083752456e-04       3.754881019685e+02 
       4.236792085046e-04       3.768870296471e+02 
       4.252556322091e-04       3.782908805548e+02 
       4.268376755357e-04       3.796996796468e+02 
       4.284253677706e-04       3.811134519622e+02 
       4.300187383086e-04       3.825322226224e+02 
       4.316178166532e-04       3.839560168317e+02 
       4.332226324157e-04       3.853848598757e+02 
       4.348332153150e-04       3.868187771215e+02 
       4.364495951772e-04       3.882577940164e+02 
       4.380718019349e-04       3.897019360879e+02 
       4.396998656268e-04       3.911512289428e+02 
       4.413338163970e-04       3.926056982663e+02 
       4.429736844947e-04       3.940653698217e+02 
       4.446195002736e-04       3.955302694496e+02 
       4.462712941908e-04       3.970004230671e+02 
       4.479290968070e-04       3.984758566668e+02 
       4.495929387852e-04       3.999565963167e+02 
       4.512628508904e-04       4.014426681588e+02 
       4.529388639886e-04       4.029340984086e+02 
       4.546210090464e-04       4.044309133541e+02 
       4.563093171303e-04       4.059331393552e+02 
       4.580038194053e-04       4.074408028426e+02 
       4.597045471353e-04       4.089539303169e+02 
       4.614115316810e-04       4.104725483477e+02 
       4.631248045001e-04       4.119966835732e+02 
       4.648443971458e-04       4.135263626982e+02 
       4.665703412664e-04       4.150616124939e+02 
       4.683026686040e-04       4.166024597967e+02 
       4.700414109939e-04       4.181489315072e+02 
       4.717866003634e-04       4.197010545889e+02 
       4.735382687311e-04       4.212588560674e+02 
       4.752964482056e-04       4.228223630293e+02 
       4.770611709849e-04       4.243916026207e+02 
       4.788324693547e-04       4.259666020468e+02 
       4.806103756881e-04       4.275473885697e+02 
       4.823949224439e-04       4.291339895081e+02 
       4.841861421658e-04       4.307264322356e+02 
       4.859840674811e-04       4.323247441796e+02 
       4.877887310996e-04       4.339289528200e+02 
       4.896001658124e-04       4.355390856879e+02 
       4.914184044906e-04       4.371551703640e+02 
       4.932434800840e-04       4.387772344778e+02 
       4.950754256200e-04       4.404053057059e+02 
       4.969142742021e-04       4.420394117704e+02 
       4.987600590086e-04       4.436795804381e+02 
       5.006128132912e-04       4.453258395170e+02 
       5.024725703739e-04       4.469782168593e+02 
       5.043393636510e-04       4.486367403548e+02 
       5.062132265862e-04       4.503014379320e+02 
       5.080941927105e-04       4.519723375562e+02 
       5.099822956215e-04       4.536494672279e+02 
       5.118775689810e-04       4.553328549807e+02 
       5.137800465140e-04       4.570225288804e+02 
       5.156897620069e-04       4.587185170226e+02 
       5.176067493057e-04       4.604208475313e+02 
       5.195310423147e-04       4.621295485573e+02 
       5.214626749944e-04       4.638446482762e+02 
       5.234016813600e-04       4.655661748867e+02 
       5.253480954797e-04       4.672941566086e+02 
       5.273019514725e-04       4.690286216813e+02 
       5.292632835070e-04       4.707695983616e+02 
       5.312321257990e-04       4.725171149219e+02 
       5.332085126098e-04       4.742711996482e+02 
       5.351924782444e-04       4.760318808382e+02 
       5.371840570493e-04       4.777991867995e+02 
       5.391832834109e-04       4.795731458465e+02 
       5.411901917530e-04       4.813537863005e+02 
       5.432048165350e-04       4.831411364852e+02 
       5.452271922499e-04       4.849352247262e+02 
       5.472573534221e-04       4.867360793481e+02 
       5.492953346053e-04       4.885437286726e+02 
       5.513411703801e-04       4.903582010161e+02 
       5.533948953520e-04       4.921795246878e+02 
       5.554565441493e-04       4.940077279872e+02 
       5.575261514205e-04       4.958428392017e+02 
       5.596037518322e-04       4.976848866044e+02 
       5.616893800665e-04       4.995338984518e+02 
       5.637830708193e-04       5.013899029815e+02 
       5.658848587969e-04       5.032529284094e+02 
       5.679947787144e-04       5.051230029277e+02 
       5.701128652929e-04       5.070001547022e+02 
       5.722391532570e-04       5.088844118697e+02 
       5.743736773322e-04       5.107758025357e+02 
       5.765164722425e-04       5.126743547718e+02 
       5.786675727079e-04       5.145800966131e+02 
       5.808270134413e-04       5.164930560554e+02 
       5.829948291465e-04       5.184132610528e+02 
       5.851710545148e-04       5.203407395149e+02 
       5.873557242229e-04       5.222755193041e+02 
       5.895488729297e-04       5.242176282332e+02 
       5.917505352740e-04       5.261670940620e+02 
       5.939607458710e-04       5.281239444951e+02 
       5.961795393101e-04       5.300882071787e+02 
       5.984069501518e-04       5.320599096982e+02 
       6.006430129245e-04       5.340390795749e+02 
       6.028877621221e-04       5.360257442633e+02 
       6.051412322007e-04       5.380199311483e+02 
       6.074034575755e-04       5.400216675422e+02 
       6.096744726182e-04       5.420309806815e+02 
       6.119543116535e-04       5.440478977241e+02 
       6.142430089563e-04       5.460724457467e+02 
       6.165405987484e-04       5.481046517408e+02 
       6.188471151955e-04       5.501445426106e+02 
       6.211625924043e-04       5.521921451694e+02 
       6.234870644184e-04       5.542474861366e+02 
       6.258205652163e-04       5.563105921347e+02 
       6.281631287072e-04       5.583814896859e+02 
       6.305147887282e-04       5.604602052092e+02 
       6.328755790407e-04       5.625467650170e+02 
       6.352455333276e-04       5.646411953121e+02 
       6.376246851893e-04       5.667435221843e+02 
       6.400130681408e-04       5.688537716070e+02 
       6.424107156081e-04       5.709719694345e+02 
       6.448176609249e-04       5.730981413981e+02 
       6.472339373291e-04       5.752323131029e+02 
       6.496595779592e-04       5.773745100251e+02 
       6.520946158511e-04       5.795247575076e+02 
       6.545390839345e-04       5.816830807576e+02 
       6.569930150293e-04       5.838495048428e+02 
       6.594564418419e-04       5.860240546880e+02 
       6.619293969621e-04       5.882067550717e+02 
       6.644119128592e-04       5.903976306228e+02 
       6.669040218785e-04       5.925967058173e+02 
       6.694057562374e-04       5.948040049745e+02 
       6.719171480222e-04       5.970195522537e+02 
       6.744382291845e-04       5.992433716509e+02 
       6.769690315370e-04       6.014754869954e+02 
       6.795095867502e-04       6.037159219457e+02 
       6.820599263489e-04       6.059646999868e+02 
       6.846200817079e-04       6.082218444262e+02 
       6.871900840489e-04       6.104873783907e+02 
       6.897699644366e-04       6.127613248226e+02 
       6.923597537746e-04       6.150437064764e+02 
       6.949594828024e-04       6.173345459152e+02 
       6.975691820907e-04       6.196338655074e+02 
       7.001888820387e-04       6.219416874227e+02 
       7.028186128695e-04       6.242580336291e+02 
       7.054584046266e-04       6.265829258890e+02 
       7.081082871702e-04       6.289163857558e+02 
       7.107682901737e-04       6.312584345707e+02 
       7.134384431191e-04       6.336090934584e+02 
       7.161187752940e-04       6.359683833245e+02 
       7.188093157877e-04       6.383363248513e+02 
       7.215100934871e-04       6.407129384946e+02 
       7.242211370729e-04       6.430982444802e+02 
       7.269424750164e-04       6.454922628005e+02 
       7.296741355750e-04       6.478950132104e+02 
       7.324161467891e-04       6.503065152247e+02 
       7.351685364777e-04       6.527267881140e+02 
       7.379313322350e-04       6.551558508999e+02 
       7.407045614268e-04       6.575937223581e+02 
       7.434882511863e-04       6.600404210050e+02 
       7.462824284107e-04       6.624959651009e+02 
       7.490871197575e-04       6.649603726451e+02 
       7.519023516404e-04       6.674336613721e+02 
       7.547281502263e-04       6.699158487488e+02 
       7.575645414307e-04       6.724069519707e+02 
       7.604115509149e-04       6.749069879587e+02 
       7.632692040818e-04       6.774159733558e+02 
       7.661375260725e-04       6.799339245241e+02 
       7.690165417624e-04       6.824608575408e+02 
       7.719062757581e-04       6.849967881959e+02 
       7.748067523933e-04       6.875417319880e+02 
       7.777179957256e-04       6.900957041220e+02 
       7.806400295328e-04       6.926587195053e+02 
       7.835728773093e-04       6.952307927450e+02 
       7.865165622629e-04       6.978119381446e+02 
       7.894711073112e-04       7.004021697012e+02 
       7.924365350778e-04       7.030015011019e+02 
       7.954128678896e-04       7.056099457214e+02 
       7.984001277728e-04       7.082275166188e+02 
       8.013983364501e-04       7.108542265344e+02 
       8.044075153368e-04       7.134900878872e+02 
       8.074276855379e-04       7.161351127715e+02 
       8.104588678448e-04       7.187893129535e+02 
       8.135010827322e-04       7.214526998726e+02 
       8.165543503544e-04       7.241252846323e+02 
       8.196186905430e-04       7.268070780014e+02 
       8.226941228030e-04       7.294980904108e+02 
       8.257806663103e-04       7.321983319503e+02 
       8.288783399083e-04       7.349078123665e+02 
       8.319871621051e-04       7.376265410609e+02 
       8.351071510708e-04       7.403545270836e+02 
       8.382383246342e-04       7.430917791348e+02 
       8.413807002799e-04       7.458383055657e+02 
       8.445342951462e-04       7.485941143667e+02 
       8.476991260215e-04       7.513592131720e+02 
       8.508752093420e-04       7.541336092553e+02 
       8.540625611893e-04       7.569173095280e+02 
       8.572611972872e-04       7.597103205367e+02 
       8.604711329996e-04       7.625126484613e+02 
       8.636923833279e-04       7.653242991130e+02 
       8.669249629083e-04       7.681452779321e+02 
       8.701688860098e-04       7.709755899862e+02 
       8.734241665318e-04       7.738152399677e+02 
       8.766908180013e-04       7.766642321944e+02 
       8.799688535715e-04       7.795225706039e+02 
       8.832582860188e-04       7.823902587548e+02 
       8.865591277415e-04       7.852672998237e+02 
       8.898713907570e-04       7.881536966045e+02 
       8.931950867002e-04       7.910494515061e+02 
       8.965302268218e-04       7.939545665512e+02 
       8.998768219857e-04       7.968690433752e+02 
       9.032348826680e-04       7.997928832242e+02 
       9.066044189547e-04       8.027260869546e+02 
       9.099854405404e-04       8.056686550308e+02 
       9.133779567262e-04       8.086205875251e+02 
       9.167819764188e-04       8.115818841159e+02 
       9.201975081284e-04       8.145525440870e+02 
       9.236245599676e-04       8.175325663265e+02 
       9.270631396501e-04       8.205219493261e+02 
       9.305132544893e-04       8.235206911800e+02 
       9.339749113969e-04       8.265287895843e+02 
       9.374481168822e-04       8.295462418363e+02 
       9.409328770506e-04       8.325730448341e+02 
       9.444291976028e-04       8.356091950755e+02 
       9.479370838339e-04       8.386546886579e+02 
       9.514565406322e-04       8.417095212780e+02 
       9.549875724790e-04       8.447736882312e+02 
       9.585301834473e-04       8.478471844112e+02 
       9.620843772012e-04       8.509300043103e+02 
       9.656501569959e-04       8.540221420187e+02 
       9.692275256765e-04       8.571235912247e+02 
       9.728164856777e-04       8.602343452149e+02 
       9.764170390237e-04       8.633543968737e+02 
       9.800291873279e-04       8.664837386840e+02 
       9.836529317922e-04       8.696223627272e+02 
       9.872882732073e-04       8.727702606834e+02 
       9.909352119526e-04       8.759274238317e+02 
       9.945937479960e-04       8.790938430510e+02 
       9.982638808939e-04       8.822695088199e+02 
       1.001945609792e-03       8.854544112180e+02 
       1.005638933423e-03       8.886485399256e+02 
       1.009343850113e-03       8.918518842253e+02 
       1.013060357773e-03       8.950644330021e+02 
       1.016788453907e-03       8.982861747447e+02 
       1.020528135609e-03       9.015170975460e+02 
       1.024279399563e-03       9.047571891045e+02 
       1.028042242047e-03       9.080064367247e+02 
       1.031816658928e-03       9.112648273190e+02 
       1.035602645670e-03       9.145323474083e+02 
       1.039400197329e-03       9.178089831234e+02 
       1.043209308555e-03       9.210947202063e+02 
       1.047029973598e-03       9.243895440117e+02 
       1.050862186300e-03       9.276934395082e+02 
       1.054705940104e-03       9.310063912798e+02 
       1.058561228053e-03       9.343283835277e+02 
       1.062428042790e-03       9.376594000719e+02 
       1.066306376558e-03       9.409994243526e+02 
       1.070196221207e-03       9.443484394322e+02 
       1.074097568189e-03       9.477064279971e+02 
       1.078010408563e-03       9.510733723596e+02 
       1.081934732997e-03       9.544492544594e+02 
       1.085870531768e-03       9.578340558663e+02 
       1.089817794764e-03       9.612277577818e+02 
       1.093776511488e-03       9.646303410412e+02 
       1.097746671056e-03       9.680417861161e+02 
       1.101728262201e-03       9.714620731163e+02 
       1.105721273276e-03       9.748911817921e+02 
       1.109725692255e-03       9.783290915369e+02 
       1.113741506735e-03       9.817757813893e+02 
       1.117768703937e-03       9.852312300356e+02 
       1.121807270711e-03       9.886954158060e+02 
       1.125857193536e-03       9.921683167035e+02 
       1.129918458523e-03       9.956499103649e+02 
       1.133991051418e-03       9.991401740940e+02 
       1.138074957603e-03       1.002639084855e+03 
       1.142170162100e-03       1.006146619274e+03 
       1.146276649572e-03       1.009662753645e+03 
       1.150394404329e-03       1.013187463930e+03 
       1.154523410324e-03       1.016720725765e+03 
       1.158663651164e-03       1.020262514459e+03 
       1.162815110107e-03       1.023812804998e+03 
       1.166977770064e-03       1.027371572052e+03 
       1.171151613609e-03       1.030938789972e+03 
       1.175336622972e-03       1.034514432799e+03 
       1.179532780051e-03       1.038098474261e+03 
       1.183740066409e-03       1.041690887782e+03 
       1.187958463279e-03       1.045291646482e+03 
       1.192187951567e-03       1.048900723179e+03 
       1.196428511857e-03       1.052518090396e+03 
       1.200680124411e-03       1.056143720362e+03 
       1.204942769172e-03       1.059777585016e+03 
       1.209216425770e-03       1.063419656010e+03 
       1.213501073525e-03       1.067069904711e+03 
       1.217796691447e-03       1.070728302210e+03 
       1.222103258243e-03       1.074394819316e+03 
       1.226420752318e-03       1.078069426570e+03 
       1.230749151780e-03       1.081752094240e+03 
       1.235088434442e-03       1.085442792329e+03 
       1.239438577826e-03       1.089141490576e+03 
       1.243799559167e-03       1.092848158468e+03 
       1.248171355415e-03       1.096562765229e+03 
       1.252553943240e-03       1.100285279834e+03 
       1.256947299036e-03       1.104015671012e+03 
       1.261351398923e-03       1.107753907244e+03 
       1.265766218749e-03       1.111499956773e+03 
       1.270191734100e-03       1.115253787605e+03 
       1.274627920296e-03       1.119015367513e+03 
       1.279074752399e-03       1.122784664039e+03 
       1.283532205215e-03       1.126561644501e+03 
       1.288000253301e-03       1.130346275994e+03 
       1.292478870963e-03       1.134138525396e+03 
       1.296968032265e-03       1.137938359370e+03 
       1.301467711028e-03       1.141745744368e+03 
       1.305977880839e-03       1.145560646636e+03 
       1.310498515050e-03       1.149383032218e+03 
       1.315029586785e-03       1.153212866957e+03 
       1.319571068940e-03       1.157050116492e+03 
       1.324122934193e-03       1.160894746297e+03 
       1.328685155000e-03       1.164746721633e+03 
       1.333257703607e-03       1.168606007586e+03 
       1.337840552045e-03       1.172472569062e+03 
       1.342433672142e-03       1.176346370789e+03 
       1.347037035522e-03       1.180227377325e+03 
       1.351650613609e-03       1.184115553059e+03 
       1.356274377632e-03       1.188010862213e+03 
       1.360908298629e-03       1.191913268850e+03 
       1.365552347451e-03       1.195822736879e+03 
       1.370206494763e-03       1.199739230051e+03 
       1.374870711051e-03       1.203662711969e+03 
       1.379544966625e-03       1.207593146091e+03 
       1.384229231623e-03       1.211530495734e+03 
       1.388923476011e-03       1.215474724074e+03 
       1.393627669594e-03       1.219425794157e+03 
       1.398341782012e-03       1.223383668894e+03 
       1.403065782751e-03       1.227348311073e+03 
       1.407799641139e-03       1.231319683357e+03 
       1.412543326359e-03       1.235297748290e+03 
       1.417296807442e-03       1.239282468301e+03 
       1.422060053280e-03       1.243273805708e+03 
       1.426833032624e-03       1.247271722718e+03 
       1.431615714092e-03       1.251276181437e+03 
       1.436408066168e-03       1.255287143868e+03 
       1.441210057209e-03       1.259304571917e+03 
       1.446021655447e-03       1.263328427398e+03 
       1.450842828993e-03       1.267358672033e+03 
       1.455673545841e-03       1.271395267459e+03 
       1.460513773872e-03       1.275438175230e+03 
       1.465363480855e-03       1.279487356822e+03 
       1.470222634456e-03       1.283542773632e+03 
       1.475091202234e-03       1.287604386989e+03 
       1.479969151650e-03       1.291672158150e+03 
       1.484856450069e-03       1.295746048309e+03 
       1.489753064764e-03       1.299826018597e+03 
       1.494658962916e-03       1.303912030088e+03 
       1.499574111625e-03       1.308004043799e+03 
       1.504498477903e-03       1.312102020697e+03 
       1.509432028688e-03       1.316205921702e+03 
       1.514374730838e-03       1.320315707685e+03 
       1.519326551141e-03       1.324431339480e+03 
       1.524287456316e-03       1.328552777881e+03 
       1.529257413015e-03       1.332679983646e+03 
       1.534236387828e-03       1.336812917502e+03 
       1.539224347284e-03       1.340951540147e+03 
       1.544221257859e-03       1.345095812255e+03 
       1.549227085972e-03       1.349245694476e+03 
       1.554241797995e-03       1.353401147442e+03 
       1.559265360252e-03       1.357562131768e+03 
       1.564297739023e-03       1.361728608056e+03 
       1.569338900547e-03       1.365900536900e+03 
       1.574388811026e-03       1.370077878883e+03 
       1.579447436627e-03       1.374260594588e+03 
       1.584514743484e-03       1.378448644594e+03 
       1.589590697704e-03       1.382641989485e+03 
       1.594675265367e-03       1.386840589845e+03 
       1.599768412529e-03       1.391044406271e+03 
       1.604870105227e-03       1.395253399365e+03 
       1.609980309480e-03       1.399467529747e+03 
       1.615098991291e-03       1.403686758050e+03 
       1.620226116654e-03       1.407911044926e+03 
       1.625361651550e-03       1.412140351050e+03 
       1.630505561956e-03       1.416374637117e+03 
       1.635657813844e-03       1.420613863854e+03 
       1.640818373184e-03       1.424857992019e+03 
       1.645987205949e-03       1.429106982360e+03 
       1.651164278113e-03       1.433360795756e+03 
       1.656349555659e-03       1.437619393033e+03 
       1.661543004577e-03       1.441882735089e+03 
       1.666744590868e-03       1.446150782863e+03 
       1.671954280548e-03       1.450423497335e+03 
       1.677172039648e-03       1.454700839534e+03 
       1.682397834218e-03       1.458982770537e+03 
       1.687631630327e-03       1.463269251472e+03 
       1.692873394069e-03       1.467560243521e+03 
       1.698123091562e-03       1.471855707921e+03 
       1.703380688952e-03       1.476155605968e+03 
       1.708646152413e-03       1.480459899016e+03 
       1.713919448154e-03       1.484768548483e+03 
       1.719200542414e-03       1.489081515850e+03 
       1.724489401471e-03       1.493398762667e+03 
       1.729785991640e-03       1.497720250550e+03 
       1.735090279276e-03       1.502045941186e+03 
       1.740402230776e-03       1.506375796334e+03 
       1.745721812582e-03       1.510709777828e+03 
       1.751048991179e-03       1.515047847579e+03 
       1.756383733104e-03       1.519389967576e+03 
       1.761726004941e-03       1.523736099886e+03 
       1.767075773327e-03       1.528086206660e+03 
       1.772433004952e-03       1.532440250131e+03 
       1.777797666560e-03       1.536798192620e+03 
       1.783169724953e-03       1.541159996533e+03 
       1.788549146993e-03       1.545525624365e+03 
       1.793935899599e-03       1.549895038702e+03 
       1.799329949756e-03       1.554268202222e+03 
       1.804731264509e-03       1.558645077696e+03 
       1.810139810970e-03       1.563025627991e+03 
       1.815555556317e-03       1.567409816071e+03 
       1.820978467799e-03       1.571797604997e+03 
       1.826408512730e-03       1.576188957932e+03 
       1.831845658499e-03       1.580583838137e+03 
       1.837289872567e-03       1.584982208984e+03 
       1.842741122469e-03       1.589384033915e+03 
       1.848199375814e-03       1.593789276542e+03 
       1.853664600290e-03       1.598197900531e+03 
       1.859136763663e-03       1.602609869672e+03 
       1.864615833776e-03       1.607025147861e+03 
       1.870101778557e-03       1.611443699110e+03 
       1.875594566013e-03       1.615865487538e+03 
       1.881094164234e-03       1.620290477378e+03 
       1.886600541397e-03       1.624718632977e+03 
       1.892113665762e-03       1.629149918799e+03 
       1.897633505677e-03       1.633584299421e+03 
       1.903160029578e-03       1.638021739540e+03 
       1.908693205990e-03       1.642462203968e+03 
       1.914233003527e-03       1.646905657640e+03 
       1.919779390894e-03       1.651352065608e+03 
       1.925332336890e-03       1.655801393047e+03 
       1.930891810405e-03       1.660253605253e+03 
       1.936457780425e-03       1.664708667646e+03 
       1.942030216027e-03       1.669166545769e+03 
       1.947609086389e-03       1.673627205290e+03 
       1.953194360781e-03       1.678090612002e+03 
       1.958786008574e-03       1.682556731828e+03 
       1.964383999235e-03       1.687025530788e+03 
       1.969988302332e-03       1.691496975100e+03 
       1.975598887531e-03       1.695971031048e+03 
       1.981215724602e-03       1.700447665063e+03 
       1.986838783412e-03       1.704926843707e+03 
       1.992468033934e-03       1.709408533672e+03 
       1.998103446242e-03       1.713892701783e+03 
       2.003744990513e-03       1.718379314995e+03 
       2.009392637031e-03       1.722868340396e+03 
       2.015046356183e-03       1.727359745194e+03 
       2.020706118460e-03       1.731853496763e+03 
       2.026371894461e-03       1.736349562581e+03 
       2.032043654892e-03       1.740847910270e+03 
       2.037721370564e-03       1.745348507586e+03 
       2.043405012398e-03       1.749851322422e+03 
       2.049094551422e-03       1.754356322804e+03 
       2.054789958773e-03       1.758863476896e+03 
       2.060491205697e-03       1.763372752998e+03 
       2.066198263549e-03       1.767884119546e+03 
       2.071911103795e-03       1.772397545114e+03 
       2.077629698011e-03       1.776912998413e+03 
       2.083354017884e-03       1.781430448291e+03 
       2.089084035212e-03       1.785949863736e+03 
       2.094819721904e-03       1.790471213872e+03 
       2.100561049983e-03       1.794994467963e+03 
       2.106307991583e-03       1.799519595410e+03 
       2.112060518948e-03       1.804046565755e+03 
       2.117818604439e-03       1.808575348677e+03 
       2.123582220528e-03       1.813105913997e+03 
       2.129351339800e-03       1.817638231672e+03 
       2.135125934955e-03       1.822172271802e+03 
       2.140905978805e-03       1.826708004624e+03 
       2.146691444279e-03       1.831245400515e+03 
       2.152482304416e-03       1.835784429993e+03 
       2.158278532372e-03       1.840325063716e+03 
       2.164080101419e-03       1.844867272481e+03 
       2.169886984940e-03       1.849411027226e+03 
       2.175699156436e-03       1.853956299028e+03 
       2.181516589521e-03       1.858503059104e+03 
       2.187339257926e-03       1.863051278813e+03 
       2.193167135494e-03       1.867600929652e+03 
       2.199000196188e-03       1.872151983258e+03 
       2.204838414082e-03       1.876704411410e+03 
       2.210681763367e-03       1.881258186024e+03 
       2.216530218350e-03       1.885813279159e+03 
       2.222383753453e-03       1.890369663010e+03 
       2.228242343213e-03       1.894927309916e+03 
       2.234105962283e-03       1.899486192353e+03 
       2.239974585431e-03       1.904046282936e+03 
       2.245848187542e-03       1.908607554421e+03 
       2.251726743615e-03       1.913169979702e+03 
       2.257610228763e-03       1.917733531813e+03 
       2.263498618219e-03       1.922298183925e+03 
       2.269391887325e-03       1.926863909350e+03 
       2.275290011544e-03       1.931430681537e+03 
       2.281192966451e-03       1.935998474075e+03 
       2.287100727737e-03       1.940567260688e+03 
       2.293013271207e-03       1.945137015241e+03 
       2.298930572781e-03       1.949707711735e+03 
       2.304852608496e-03       1.954279324326e+03 
       2.310779354501e-03       1.958851827194e+03 
       2.316710787060e-03       1.963425194899e+03 
       2.322646882552e-03       1.967999401919e+03 
       2.328587617469e-03       1.972574422947e+03 
       2.334532968419e-03       1.977150232803e+03 
       2.340482912122e-03       1.981726806447e+03 
       2.346437425411e-03       1.986304118974e+03 
       2.352396485235e-03       1.990882145612e+03 
       2.358360068655e-03       1.995460861727e+03 
       2.364328152844e-03       2.000040242818e+03 
       2.370300715089e-03       2.004620264519e+03 
       2.376277732790e-03       2.009200902598e+03 
       2.382259183458e-03       2.013782132956e+03 
       2.388245044717e-03       2.018363931628e+03 
       2.394235294303e-03       2.022946274784e+03 
       2.400229910064e-03       2.027529138724e+03 
       2.406228869958e-03       2.032112499881e+03 
       2.412232152056e-03       2.036696334821e+03 
       2.418239734538e-03       2.041280620241e+03 
       2.424251595697e-03       2.045865332970e+03 
       2.430267713934e-03       2.050450449967e+03 
       2.436288067761e-03       2.055035948323e+03 
       2.442312635800e-03       2.059621805258e+03 
       2.448341396783e-03       2.064207998121e+03 
       2.454374329550e-03       2.068794504393e+03 
       2.460411413050e-03       2.073381301682e+03 
       2.466452626342e-03       2.077968367725e+03 
       2.472497948592e-03       2.082555680388e+03 
       2.478547359074e-03       2.087143217664e+03 
       2.484600837170e-03       2.091730957673e+03 
       2.490658362369e-03       2.096318878664e+03 
       2.496719914267e-03       2.100906959011e+03 
       2.502785472567e-03       2.105495177213e+03 
       2.508855017079e-03       2.110083511898e+03 
       2.514928527717e-03       2.114671941817e+03 
       2.521005984502e-03       2.119260445846e+03 
       2.527087367560e-03       2.123849002986e+03 
       2.533172657122e-03       2.128437592362e+03 
       2.539261833523e-03       2.133026193221e+03 
       2.545354877204e-03       2.137614784937e+03 
       2.551451768706e-03       2.142203347002e+03 
       2.557552488678e-03       2.146791859034e+03 
       2.563657017870e-03       2.151380300771e+03 
       2.569765337133e-03       2.155968652071e+03 
       2.575877427423e-03       2.160556892929e+03 
       2.581993269798e-03       2.165144994068e+03 
       2.588112845415e-03       2.169732915648e+03 
       2.594236135535e-03       2.174320667401e+03 
       2.600363121519e-03       2.178908229724e+03 
       2.606493784826e-03       2.183495583268e+03 
       2.612628107020e-03       2.188082708723e+03 
       2.618766069759e-03       2.192669586919e+03 
       2.624907654805e-03       2.197256198632e+03 
       2.631052844016e-03       2.201842525110e+03 
       2.637201619349e-03       2.206428547410e+03 
       2.643353962860e-03       2.211014246859e+03 
       2.649509856702e-03       2.215599604840e+03 
       2.655669283126e-03       2.220184602798e+03 
       2.661832224477e-03       2.224769222431e+03 
       2.667998663201e-03       2.229353445473e+03 
       2.674168581836e-03       2.233937253770e+03 
       2.680341963019e-03       2.238520629187e+03 
       2.686518789478e-03       2.243103553943e+03 
       2.692699044040e-03       2.247686010187e+03 
       2.698882709625e-03       2.252267980131e+03 
       2.705069769245e-03       2.256849446303e+03 
       2.711260206008e-03       2.261430391124e+03 
       2.717454003115e-03       2.266010797292e+03 
       2.723651143859e-03       2.270590647540e+03 
       2.729851611624e-03       2.275169924714e+03 
       2.736055389889e-03       2.279748611691e+03 
       2.742262462222e-03       2.284326691653e+03 
       2.748472812283e-03       2.288904147732e+03 
       2.754686423823e-03       2.293480963163e+03 
       2.760903280682e-03       2.298057121400e+03 
       2.767123366791e-03       2.302632605939e+03 
       2.773346666169e-03       2.307207400227e+03 
       2.779573162926e-03       2.311781488146e+03 
       2.785802841260e-03       2.316354853478e+03 
       2.792035685454e-03       2.320927479991e+03 
       2.798271679884e-03       2.325499351851e+03 
       2.804510809010e-03       2.330070453146e+03 
       2.810753057378e-03       2.334640768046e+03 
       2.816998409623e-03       2.339210280897e+03 
       2.823246850465e-03       2.343778976152e+03 
       2.829498364709e-03       2.348346838318e+03 
       2.835752937246e-03       2.352913852029e+03 
       2.842010553051e-03       2.357480001889e+03 
       2.848271197185e-03       2.362045272896e+03 
       2.854534854790e-03       2.366609649909e+03 
       2.860801511094e-03       2.371173117951e+03 
       2.867071151408e-03       2.375735662151e+03 
       2.873343761124e-03       2.380297267630e+03 
       2.879619325717e-03       2.384857919842e+03 
       2.885897830745e-03       2.389417604148e+03 
       2.892179261846e-03       2.393976306065e+03 
       2.898463604740e-03       2.398534011060e+03 
       2.904750845227e-03       2.403090705038e+03 
       2.911040969186e-03       2.407646373663e+03 
       2.917333962578e-03       2.412201002889e+03 
       2.923629811442e-03       2.416754578682e+03 
       2.929928501897e-03       2.421307086982e+03 
       2.936230020139e-03       2.425858514147e+03 
       2.942534352443e-03       2.430408846363e+03 
       2.948841485162e-03       2.434958069921e+03 
       2.955151404725e-03       2.439506171347e+03 
       2.961464097640e-03       2.444053137146e+03 
       2.967779550490e-03       2.448598953850e+03 
       2.974097749934e-03       2.453143608275e+03 
       2.980418682706e-03       2.457687087207e+03 
       2.986742335618e-03       2.462229377521e+03 
       2.993068695555e-03       2.466770466169e+03 
       2.999397749475e-03       2.471310340162e+03 
       3.005729484413e-03       2.475848986778e+03 
       3.012063887475e-03       2.480386393203e+03 
       3.018400945843e-03       2.484922546689e+03 
       3.024740646770e-03       2.489457434749e+03 
       3.031082977581e-03       2.493991044845e+03 
       3.037427925675e-03       2.498523364454e+03 
       3.043775478521e-03       2.503054381363e+03 
       3.050125623660e-03       2.507584083299e+03 
       3.056478348704e-03       2.512112458080e+03 
       3.062833641335e-03       2.516639493523e+03 
       3.069191489305e-03       2.521165177764e+03 
       3.075551880437e-03       2.525689498827e+03 
       3.081914802622e-03       2.530212444873e+03 
       3.088280243820e-03       2.534734004062e+03 
       3.094648192060e-03       2.539254164835e+03 
       3.101018635440e-03       2.543772915549e+03 
       3.107391562124e-03       2.548290244568e+03 
       3.113766960344e-03       2.552806140592e+03 
       3.120144818401e-03       2.557320592234e+03 
       3.126525124660e-03       2.561833588196e+03 
       3.132907867554e-03       2.566345117156e+03 
       3.139293035580e-03       2.570855168149e+03 
       3.145680617303e-03       2.575363730057e+03 
       3.152070601352e-03       2.579870791843e+03 
       3.158462976421e-03       2.584376342701e+03 
       3.164857731267e-03       2.588880371756e+03 
       3.171254854713e-03       2.593382868185e+03 
       3.177654335646e-03       2.597883821432e+03 
       3.184056163014e-03       2.602383220803e+03 
       3.190460325830e-03       2.606881055824e+03 
       3.196866813169e-03       2.611377316023e+03 
       3.203275614169e-03       2.615871990887e+03 
       3.209686718027e-03       2.620365070291e+03 
       3.216100114006e-03       2.624856543922e+03 
       3.222515791427e-03       2.629346401555e+03 
       3.228933739673e-03       2.633834633167e+03 
       3.235353948186e-03       2.638321228706e+03 
       3.241776406471e-03       2.642806178123e+03 
       3.248201104091e-03       2.647289471676e+03 
       3.254628030668e-03       2.651771099432e+03 
       3.261057175883e-03       2.656251051705e+03 
       3.267488529478e-03       2.660729318796e+03 
       3.273922081252e-03       2.665205890962e+03 
       3.280357821061e-03       2.669680758844e+03 
       3.286795738819e-03       2.674153912887e+03 
       3.293235824500e-03       2.678625343679e+03 
       3.299678068133e-03       2.683095041782e+03 
       3.306122459802e-03       2.687562998054e+03 
       3.312568989651e-03       2.692029203228e+03 
       3.319017647878e-03       2.696493648022e+03 
       3.325468424737e-03       2.700956323512e+03 
       3.331921310537e-03       2.705417220645e+03 
       3.338376295644e-03       2.709876330447e+03 
       3.344833370476e-03       2.714333644068e+03 
       3.351292525508e-03       2.718789152359e+03 
       3.357753751266e-03       2.723242846970e+03 
       3.364217038334e-03       2.727694719031e+03 
       3.370682377346e-03       2.732144759818e+03 
       3.377149758991e-03       2.736592960867e+03 
       3.383619174010e-03       2.741039313609e+03 
       3.390090613196e-03       2.745483809476e+03 
       3.396564067396e-03       2.749926440227e+03 
       3.403039527508e-03       2.754367197409e+03 
       3.409516984480e-03       2.758806072809e+03 
       3.415996429315e-03       2.763243058182e+03 
       3.422477853063e-03       2.767678145209e+03 
       3.428961246827e-03       2.772111326015e+03 
       3.435446601761e-03       2.776542592458e+03 
       3.441933909066e-03       2.780971936534e+03 
       3.448423159996e-03       2.785399350344e+03 
       3.454914345854e-03       2.789824825852e+03 
       3.461407457990e-03       2.794248355427e+03 
       3.467902487805e-03       2.798669931271e+03 
       3.474399426748e-03       2.803089545657e+03 
       3.480898266317e-03       2.807507190973e+03 
       3.487398998056e-03       2.811922859321e+03 
       3.493901613559e-03       2.816336543575e+03 
       3.500406104466e-03       2.820748236089e+03 
       3.506912462465e-03       2.825157929343e+03 
       3.513420679291e-03       2.829565616094e+03 
       3.519930746725e-03       2.833971288966e+03 
       3.526442656595e-03       2.838374940575e+03 
       3.532956400773e-03       2.842776563883e+03 
       3.539471971180e-03       2.847176151596e+03 
       3.545989359781e-03       2.851573696686e+03 
       3.552508558585e-03       2.855969192068e+03 
       3.559029559648e-03       2.860362630559e+03 
       3.565552355069e-03       2.864754005460e+03 
       3.572076936993e-03       2.869143309765e+03 
       3.578603297609e-03       2.873530536622e+03 
       3.585131429147e-03       2.877915679106e+03 
       3.591661323884e-03       2.882298730643e+03 
       3.598192974140e-03       2.886679684465e+03 
       3.604726372277e-03       2.891058533768e+03 
       3.611261510699e-03       2.895435272130e+03 
       3.617798381855e-03       2.899809892963e+03 
       3.624336978235e-03       2.904182389737e+03 
       3.630877292370e-03       2.908552755999e+03 
       3.637419316835e-03       2.912920985134e+03 
       3.643963044245e-03       2.917287071090e+03 
       3.650508467257e-03       2.921651007422e+03 
       3.657055578569e-03       2.926012787872e+03 
       3.663604370919e-03       2.930372406073e+03 
       3.670154837087e-03       2.934729856065e+03 
       3.676706969892e-03       2.939085131638e+03 
       3.683260762193e-03       2.943438226548e+03 
       3.689816206892e-03       2.947789134966e+03 
       3.696373296925e-03       2.952137850858e+03 
       3.702932025272e-03       2.956484368253e+03 
       3.709492384951e-03       2.960828681261e+03 
       3.716054369017e-03       2.965170783814e+03 
       3.722617970566e-03       2.969510670418e+03 
       3.729183182731e-03       2.973848335173e+03 
       3.735749998684e-03       2.978183772366e+03 
       3.742318411635e-03       2.982516976181e+03 
       3.748888414830e-03       2.986847941179e+03 
       3.755460001554e-03       2.991176661693e+03 
       3.762033165130e-03       2.995503132019e+03 
       3.768607898917e-03       2.999827346883e+03 
       3.775184196310e-03       3.004149300655e+03 
       3.781762050743e-03       3.008468988017e+03 
       3.788341455683e-03       3.012786403547e+03 
       3.794922404635e-03       3.017101541714e+03 
       3.801504891142e-03       3.021414397507e+03 
       3.808088908779e-03       3.025724965551e+03 
       3.814674451159e-03       3.030033240631e+03 
       3.821261511929e-03       3.034339217453e+03 
       3.827850084771e-03       3.038642891055e+03 
       3.834440163403e-03       3.042944256274e+03 
       3.841031741577e-03       3.047243308099e+03 
       3.847624813079e-03       3.051540041176e+03 
       3.854219371730e-03       3.055834450928e+03 
       3.860815411384e-03       3.060126532319e+03 
       3.867412925931e-03       3.064416280416e+03 
       3.874011909292e-03       3.068703690367e+03 
       3.880612355422e-03       3.072988757095e+03 
       3.887214258311e-03       3.077271476204e+03 
       3.893817611980e-03       3.081551842783e+03 
       3.900422410484e-03       3.085829852131e+03 
       3.907028647909e-03       3.090105499427e+03 
       3.913636318376e-03       3.094378780262e+03 
       3.920245416036e-03       3.098649689946e+03 
       3.926855935072e-03       3.102918223759e+03 
       3.933467869701e-03       3.107184377428e+03 
       3.940081214170e-03       3.111448146290e+03 
       3.946695962757e-03       3.115709525996e+03 
       3.953312109772e-03       3.119968512091e+03 
       3.959929649557e-03       3.124225100208e+03 
       3.966548576482e-03       3.128479285685e+03 
       3.973168884951e-03       3.132731064691e+03 
       3.979790569397e-03       3.136980432753e+03 
       3.986413624283e-03       3.141227385555e+03 
       3.993038044103e-03       3.145471918958e+03 
       3.999663823379e-03       3.149714028815e+03 
       4.006290956667e-03       3.153953710966e+03 
       4.012919438547e-03       3.158190961110e+03 
       4.019549263633e-03       3.162425775490e+03 
       4.026180426565e-03       3.166658149833e+03 
       4.032812922016e-03       3.170888080287e+03 
       4.039446744683e-03       3.175115562827e+03 
       4.046081889296e-03       3.179340593287e+03 
       4.052718350611e-03       3.183563168108e+03 
       4.059356123413e-03       3.187783283273e+03 
       4.065995202515e-03       3.192000934940e+03 
       4.072635582759e-03       3.196216119176e+03 
       4.079277259014e-03       3.200428832395e+03 
       4.085920226177e-03       3.204639070773e+03 
       4.092564479172e-03       3.208846830604e+03 
       4.099210012952e-03       3.213052107975e+03 
       4.105856822495e-03       3.217254899604e+03 
       4.112504902806e-03       3.221455201546e+03 
       4.119154248920e-03       3.225653010455e+03 
       4.125804855896e-03       3.229848322668e+03 
       4.132456718820e-03       3.234041134658e+03 
       4.139109832804e-03       3.238231442933e+03 
       4.145764192988e-03       3.242419244178e+03 
       4.152419794536e-03       3.246604533994e+03 
       4.159076632639e-03       3.250787310228e+03 
       4.165734702515e-03       3.254967569001e+03 
       4.172393999404e-03       3.259145306959e+03 
       4.179054518574e-03       3.263320520778e+03 
       4.185716255320e-03       3.267493207231e+03 
       4.192379204958e-03       3.271663362589e+03 
       4.199043362833e-03       3.275830984228e+03 
       4.205708724312e-03       3.279996068691e+03 
       4.212375284787e-03       3.284158612799e+03 
       4.219043039677e-03       3.288318613404e+03 
       4.225711984423e-03       3.292476067063e+03 
       4.232382114490e-03       3.296630971171e+03 
       4.239053425370e-03       3.300783322444e+03 
       4.245725912576e-03       3.304933117751e+03 
       4.252399571646e-03       3.309080354206e+03 
       4.259074398142e-03       3.313225028762e+03 
       4.265750387649e-03       3.317367138460e+03 
       4.272427535776e-03       3.321506680024e+03 
       4.279105838155e-03       3.325643651074e+03 
       4.285785290440e-03       3.329778048494e+03 
       4.292465888311e-03       3.333909869423e+03 
       4.299147627467e-03       3.338039110870e+03 
       4.305830503633e-03       3.342165770271e+03 
       4.312514512555e-03       3.346289844737e+03 
       4.319199650001e-03       3.350411331513e+03 
       4.325885911763e-03       3.354530227629e+03 
       4.332573293654e-03       3.358646530752e+03 
       4.339261791510e-03       3.362760237947e+03 
       4.345951401187e-03       3.366871346692e+03 
       4.352642118566e-03       3.370979854295e+03 
       4.359333939546e-03       3.375085758152e+03 
       4.366026860050e-03       3.379189055352e+03 
       4.372720876021e-03       3.383289743842e+03 
       4.379415983426e-03       3.387387820863e+03 
       4.386112178250e-03       3.391483283902e+03 
       4.392809456500e-03       3.395576130536e+03 
       4.399507814205e-03       3.399666357879e+03 
       4.406207247414e-03       3.403753964029e+03 
       4.412907752196e-03       3.407838946356e+03 
       4.419609324642e-03       3.411921302545e+03 
       4.426311960863e-03       3.416001029672e+03 
       4.433015656989e-03       3.420078126044e+03 
       4.439720409172e-03       3.424152589150e+03 
       4.446426213584e-03       3.428224416634e+03 
       4.453133066414e-03       3.432293606212e+03 
       4.459840963875e-03       3.436360155630e+03 
       4.466549902198e-03       3.440424062236e+03 
       4.473259877633e-03       3.444485324459e+03 
       4.479970886449e-03       3.448543939822e+03 
       4.486682924937e-03       3.452599906147e+03 
       4.493395989405e-03       3.456653221100e+03 
       4.500110076181e-03       3.460703882831e+03 
       4.506825181611e-03       3.464751889104e+03 
       4.513541302062e-03       3.468797237832e+03 
       4.520258433917e-03       3.472839926685e+03 
       4.526976573582e-03       3.476879954027e+03 
       4.533695717476e-03       3.480917317557e+03 
       4.540415862042e-03       3.484952015408e+03 
       4.547137003737e-03       3.488984045530e+03 
       4.553859139039e-03       3.493013405961e+03 
       4.560582264444e-03       3.497040094423e+03 
       4.567306376464e-03       3.501064109514e+03 
       4.574031471631e-03       3.505085449092e+03 
       4.580757546494e-03       3.509104111270e+03 
       4.587484597621e-03       3.513120094185e+03 
       4.594212621595e-03       3.517133395768e+03 
       4.600941615020e-03       3.521144014530e+03 
       4.607671574515e-03       3.525151948515e+03 
       4.614402496716e-03       3.529157195938e+03 
       4.621134378279e-03       3.533159754730e+03 
       4.627867215874e-03       3.537159623612e+03 
       4.634601006191e-03       3.541156800534e+03 
       4.641335745934e-03       3.545151283951e+03 
       4.648071431826e-03       3.549143072092e+03 
       4.654808060607e-03       3.553132163287e+03 
       4.661545629031e-03       3.557118555508e+03 
       4.668284133872e-03       3.561102247690e+03 
       4.675023571918e-03       3.565083237961e+03 
       4.681763939974e-03       3.569061524713e+03 
       4.688505234862e-03       3.573037106357e+03 
       4.695247453419e-03       3.577009981095e+03 
       4.701990592500e-03       3.580980147733e+03 
       4.708734648974e-03       3.584947604584e+03 
       4.715479619727e-03       3.588912350134e+03 
       4.722225501660e-03       3.592874382580e+03 
       4.728972291691e-03       3.596833700919e+03 
       4.735719986753e-03       3.600790303372e+03 
       4.742468583794e-03       3.604744188656e+03 
       4.749218079779e-03       3.608695355263e+03 
       4.755968471686e-03       3.612643801780e+03 
       4.762719756510e-03       3.616589526817e+03 
       4.769471931261e-03       3.620532528489e+03 
       4.776224992965e-03       3.624472806243e+03 
       4.782978938661e-03       3.628410358371e+03 
       4.789733765404e-03       3.632345183540e+03 
       4.796489470264e-03       3.636277280231e+03 
       4.803246050326e-03       3.640206647467e+03 
       4.810003502688e-03       3.644133283819e+03 
       4.816761824466e-03       3.648057188017e+03 
       4.823521012787e-03       3.651978358810e+03 
       4.830281064794e-03       3.655896794593e+03 
       4.837041977645e-03       3.659812494775e+03 
       4.843803748512e-03       3.663725457671e+03 
       4.850566374579e-03       3.667635682377e+03 
       4.857329853047e-03       3.671543167599e+03 
       4.864094181131e-03       3.675447912183e+03 
       4.870859356057e-03       3.679349914567e+03 
       4.877625375068e-03       3.683249174286e+03 
       4.884392235419e-03       3.687145689928e+03 
       4.891159934380e-03       3.691039460391e+03 
       4.897928469233e-03       3.694930484590e+03 
       4.904697837276e-03       3.698818761215e+03 
       4.911468035818e-03       3.702704289579e+03 
       4.918239062184e-03       3.706587068477e+03 
       4.925010913709e-03       3.710467096880e+03 
       4.931783587744e-03       3.714344373885e+03 
       4.938557081653e-03       3.718218897753e+03 
       4.945331392812e-03       3.722090668529e+03 
       4.952106518610e-03       3.725959684593e+03 
       4.958882456450e-03       3.729825945312e+03 
       4.965659203748e-03       3.733689449608e+03 
       4.972436757932e-03       3.737550196550e+03 
       4.979215116443e-03       3.741408184717e+03 
       4.985994276734e-03       3.745263414118e+03 
       4.992774236273e-03       3.749115883338e+03 
       4.999554992538e-03       3.752965591564e+03 
       5.006336543020e-03       3.756812537928e+03 
       5.013118885224e-03       3.760656721344e+03 
       5.019902016665e-03       3.764498141349e+03 
       5.026685934872e-03       3.768336796949e+03 
       5.033470637387e-03       3.772172687329e+03 
       5.040256121761e-03       3.776005811691e+03 
       5.047042385559e-03       3.779836168841e+03 
       5.053829426360e-03       3.783663758786e+03 
       5.060617241751e-03       3.787488580291e+03 
       5.067405829333e-03       3.791310632144e+03 
       5.074195186719e-03       3.795129914478e+03 
       5.080985311533e-03       3.798946426185e+03 
       5.087776201412e-03       3.802760166552e+03 
       5.094567854003e-03       3.806571134872e+03 
       5.101360266964e-03       3.810379330153e+03 
       5.108153437968e-03       3.814184752206e+03 
       5.114947364696e-03       3.817987400151e+03 
       5.121742044841e-03       3.821787273341e+03 
       5.128537476109e-03       3.825584370728e+03 
       5.135333656215e-03       3.829378692332e+03 
       5.142130582887e-03       3.833170237107e+03 
       5.148928253863e-03       3.836959004664e+03 
       5.155726666892e-03       3.840744994311e+03 
       5.162525819736e-03       3.844528205464e+03 
       5.169325710164e-03       3.848308637583e+03 
       5.176126335960e-03       3.852086289380e+03 
       5.182927694917e-03       3.855861161427e+03 
       5.189729784839e-03       3.859633252700e+03 
       5.196532603539e-03       3.863402562665e+03 
       5.203336148844e-03       3.867169090544e+03 
       5.210140418589e-03       3.870932836240e+03 
       5.216945410620e-03       3.874693799071e+03 
       5.223751122794e-03       3.878451978552e+03 
       5.230557552979e-03       3.882207374205e+03 
       5.237364699052e-03       3.885959985110e+03 
       5.244172558901e-03       3.889709811563e+03 
       5.250981130424e-03       3.893456852616e+03 
       5.257790411529e-03       3.897201108102e+03 
       5.264600400135e-03       3.900942577477e+03 
       5.271411094171e-03       3.904681260330e+03 
       5.278222491574e-03       3.908417155748e+03 
       5.285034590295e-03       3.912150264157e+03 
       5.291847388290e-03       3.915880584816e+03 
       5.298660883529e-03       3.919608117341e+03 
       5.305475073990e-03       3.923332861363e+03 
       5.312289957660e-03       3.927054816235e+03 
       5.319105532538e-03       3.930773982082e+03 
       5.325921796631e-03       3.934490358363e+03 
       5.332738747955e-03       3.938203944749e+03 
       5.339556384538e-03       3.941914741088e+03 
       5.346374704414e-03       3.945622746071e+03 
       5.353193705631e-03       3.949327960766e+03 
       5.360013386242e-03       3.953030384079e+03 
       5.366833744312e-03       3.956730016109e+03 
       5.373654777915e-03       3.960426856424e+03 
       5.380476485132e-03       3.964120904767e+03 
       5.387298864057e-03       3.967812160337e+03 
       5.394121912791e-03       3.971500623795e+03 
       5.400945629443e-03       3.975186294507e+03 
       5.407770012134e-03       3.978869172238e+03 
       5.414595058991e-03       3.982549256772e+03 
       5.421420768152e-03       3.986226547594e+03 
       5.428247137763e-03       3.989901045006e+03 
       5.435074165979e-03       3.993572748598e+03 
       5.441901850965e-03       3.997241658186e+03 
       5.448730190892e-03       4.000907773680e+03 
       5.455559183944e-03       4.004571094150e+03 
       5.462388828309e-03       4.008231620570e+03 
       5.469219122186e-03       4.011889352100e+03 
       5.476050063784e-03       4.015544288938e+03 
       5.482881651317e-03       4.019196430807e+03 
       5.489713883011e-03       4.022845777588e+03 
       5.496546757098e-03       4.026492329373e+03 
       5.503380271820e-03       4.030136084702e+03 
       5.510214425426e-03       4.033777045335e+03 
       5.517049216175e-03       4.037415210421e+03 
       5.523884642333e-03       4.041050579877e+03 
       5.530720702175e-03       4.044683153320e+03 
       5.537557393983e-03       4.048312931216e+03 
       5.544394716048e-03       4.051939913244e+03 
       5.551232666669e-03       4.055564099367e+03 
       5.558071244154e-03       4.059185489548e+03 
       5.564910446818e-03       4.062804083249e+03 
       5.571750272984e-03       4.066419881285e+03 
       5.578590720983e-03       4.070032883096e+03 
       5.585431789154e-03       4.073643088940e+03 
       5.592273475844e-03       4.077250498689e+03 
       5.599115779408e-03       4.080855112355e+03 
       5.605958698208e-03       4.084456929963e+03 
       5.612802230615e-03       4.088055950810e+03 
       5.619646375006e-03       4.091652176109e+03 
       5.626491129768e-03       4.095245605364e+03 
       5.633336493293e-03       4.098836238617e+03 
       5.640182463983e-03       4.102424075923e+03 
       5.647029040245e-03       4.106009116960e+03 
       5.653876220497e-03       4.109591362410e+03 
       5.660724003160e-03       4.113170812065e+03 
       5.667572386666e-03       4.116747466008e+03 
       5.674421369454e-03       4.120321324303e+03 
       5.681270949968e-03       4.123892386520e+03 
       5.688121126662e-03       4.127460653737e+03 
       5.694971897996e-03       4.131026125289e+03 
       5.701823262437e-03       4.134588801764e+03 
       5.708675218461e-03       4.138148683088e+03 
       5.715527764548e-03       4.141705769398e+03 
       5.722380899188e-03       4.145260060818e+03 
       5.729234620876e-03       4.148811556702e+03 
       5.736088928117e-03       4.152360258536e+03 
       5.742943819420e-03       4.155906165874e+03 
       5.749799293302e-03       4.159449278879e+03 
       5.756655348288e-03       4.162989597725e+03 
       5.763511982908e-03       4.166527122149e+03 
       5.770369195700e-03       4.170061853045e+03 
       5.777226985210e-03       4.173593790283e+03 
       5.784085349988e-03       4.177122934065e+03 
       5.790944288593e-03       4.180649284097e+03 
       5.797803799591e-03       4.184172841417e+03 
       5.804663881552e-03       4.187693605783e+03 
       5.811524533056e-03       4.191211577425e+03 
       5.818385752687e-03       4.194726756703e+03 
       5.825247539039e-03       4.198239143768e+03 
       5.832109890707e-03       4.201748738864e+03 
       5.838972806299e-03       4.205255542228e+03 
       5.845836284425e-03       4.208759553271e+03 
       5.852700323702e-03       4.212260773684e+03 
       5.859564922756e-03       4.215759203088e+03 
       5.866430080218e-03       4.219254841754e+03 
       5.873295794723e-03       4.222747689961e+03 
       5.880162064917e-03       4.226237747542e+03 
       5.887028889448e-03       4.229725015521e+03 
       5.893896266973e-03       4.233209493866e+03 
       5.900764196154e-03       4.236691182883e+03 
       5.907632675660e-03       4.240170083100e+03 
       5.914501704166e-03       4.243646193496e+03 
       5.921371280353e-03       4.247119516181e+03 
       5.928241402907e-03       4.250590050539e+03 
       5.935112070522e-03       4.254057797252e+03 
       5.941983281898e-03       4.257522756498e+03 
       5.948855035739e-03       4.260984928621e+03 
       5.955727330758e-03       4.264444313980e+03 
       5.962600165670e-03       4.267900912045e+03 
       5.969473539201e-03       4.271354724641e+03 
       5.976347450079e-03       4.274805751478e+03 
       5.983221897038e-03       4.278253992921e+03 
       5.990096878821e-03       4.281699449346e+03 
       5.996972394174e-03       4.285142120705e+03 
       6.003848441850e-03       4.288582008092e+03 
       6.010725020607e-03       4.292019111580e+03 
       6.017602129209e-03       4.295453431565e+03 
       6.024479766427e-03       4.298884968456e+03 
       6.031357931035e-03       4.302313722028e+03 
       6.038236621816e-03       4.305739693755e+03 
       6.045115837556e-03       4.309162883292e+03 
       6.051995577048e-03       4.312583291535e+03 
       6.058875839090e-03       4.316000918692e+03 
       6.065756622486e-03       4.319415765190e+03 
       6.072637926045e-03       4.322827831467e+03 
       6.079519748582e-03       4.326237117964e+03 
       6.086402088917e-03       4.329643625135e+03 
       6.093284945875e-03       4.333047353445e+03 
       6.100168318289e-03       4.336448302150e+03 
       6.107052204994e-03       4.339846473762e+03 
       6.113936604833e-03       4.343241867813e+03 
       6.120821516652e-03       4.346634484776e+03 
       6.127706939305e-03       4.350024325124e+03 
       6.134592871649e-03       4.353411389336e+03 
       6.141479312547e-03       4.356795677894e+03 
       6.148366260868e-03       4.360177191297e+03 
       6.155253715486e-03       4.363555930185e+03 
       6.162141675279e-03       4.366931893844e+03 
       6.169030139131e-03       4.370305084544e+03 
       6.175919105933e-03       4.373675502050e+03 
       6.182808574577e-03       4.377043146873e+03 
       6.189698543963e-03       4.380408019536e+03 
       6.196589012996e-03       4.383770120569e+03 
       6.203479980586e-03       4.387129450511e+03 
       6.210371445646e-03       4.390486008904e+03 
       6.217263407097e-03       4.393839797970e+03 
       6.224155863863e-03       4.397190817495e+03 
       6.231048814873e-03       4.400539068110e+03 
       6.237942259062e-03       4.403884549851e+03 
       6.244836195370e-03       4.407227263966e+03 
       6.251730622740e-03       4.410567210731e+03 
       6.258625540122e-03       4.413904390711e+03 
       6.265520946469e-03       4.417238804487e+03 
       6.272416840740e-03       4.420570451729e+03 
       6.279313221900e-03       4.423899334558e+03 
       6.286210088915e-03       4.427225452859e+03 
       6.293107440760e-03       4.430548807211e+03 
       6.300005276412e-03       4.433869398202e+03 
       6.306903594854e-03       4.437187226432e+03 
       6.313802395072e-03       4.440502291995e+03 
       6.320701676058e-03       4.443814596356e+03 
       6.327601436810e-03       4.447124139730e+03 
       6.334501676328e-03       4.450430922727e+03 
       6.341402393618e-03       4.453734945968e+03 
       6.348303587690e-03       4.457036209406e+03 
       6.355205257559e-03       4.460334714812e+03 
       6.362107402245e-03       4.463630462297e+03 
       6.369010020770e-03       4.466923452217e+03 
       6.375913112164e-03       4.470213685663e+03 
       6.382816675460e-03       4.473501163066e+03 
       6.389720709694e-03       4.476785885072e+03 
       6.396625213909e-03       4.480067852339e+03 
       6.403530187150e-03       4.483347065568e+03 
       6.410435628468e-03       4.486623524133e+03 
       6.417341536918e-03       4.489897230796e+03 
       6.424247911559e-03       4.493168185281e+03 
       6.431154751455e-03       4.496436388256e+03 
       6.438062055673e-03       4.499701840396e+03 
       6.444969823286e-03       4.502964542548e+03 
       6.451878053370e-03       4.506224494257e+03 
       6.458786745005e-03       4.509481697770e+03 
       6.465695897277e-03       4.512736153125e+03 
       6.472605509275e-03       4.515987861013e+03 
       6.479515580091e-03       4.519236822140e+03 
       6.486426108824e-03       4.522483036414e+03 
       6.493337094575e-03       4.525726505884e+03 
       6.500248536450e-03       4.528967230543e+03 
       6.507160433558e-03       4.532205211089e+03 
       6.514072785013e-03       4.535440448447e+03 
       6.520985589934e-03       4.538672943204e+03 
       6.527898847442e-03       4.541902696080e+03 
       6.534812556664e-03       4.545129707804e+03 
       6.541726716730e-03       4.548353978100e+03 
       6.548641326774e-03       4.551575509405e+03 
       6.555556385933e-03       4.554794301676e+03 
       6.562471893351e-03       4.558010355646e+03 
       6.569387848172e-03       4.561223672054e+03 
       6.576304249548e-03       4.564434251641e+03 
       6.583221096632e-03       4.567642094607e+03 
       6.590138388581e-03       4.570847202621e+03 
       6.597056124558e-03       4.574049576016e+03 
       6.603974303727e-03       4.577249215548e+03 
       6.610892925259e-03       4.580446121980e+03 
       6.617811988326e-03       4.583640296237e+03 
       6.624731492105e-03       4.586831737709e+03 
       6.631651435777e-03       4.590020449182e+03 
       6.638571818527e-03       4.593206430297e+03 
       6.645492639543e-03       4.596389682289e+03 
       6.652413898016e-03       4.599570205728e+03 
       6.659335593144e-03       4.602748001392e+03 
       6.666257724124e-03       4.605923070065e+03 
       6.673180290161e-03       4.609095412541e+03 
       6.680103290461e-03       4.612265028447e+03 
       6.687026724235e-03       4.615431920575e+03 
       6.693950590696e-03       4.618596088815e+03 
       6.700874889063e-03       4.621757533960e+03 
       6.707799618557e-03       4.624916256810e+03 
       6.714724778403e-03       4.628072258167e+03 
       6.721650367829e-03       4.631225538221e+03 
       6.728576386068e-03       4.634376098835e+03 
       6.735502832355e-03       4.637523940345e+03 
       6.742429705930e-03       4.640669063568e+03 
       6.749357006034e-03       4.643811469325e+03 
       6.756284731914e-03       4.646951157526e+03 
       6.763212882821e-03       4.650088130734e+03 
       6.770141458007e-03       4.653222388762e+03 
       6.777070456728e-03       4.656353932273e+03 
       6.783999878245e-03       4.659482762609e+03 
       6.790929721821e-03       4.662608880371e+03 
       6.797859986723e-03       4.665732286391e+03 
       6.804790672221e-03       4.668852981512e+03 
       6.811721777589e-03       4.671970966588e+03 
       6.818653302105e-03       4.675086241216e+03 
       6.825585245047e-03       4.678198808398e+03 
       6.832517605701e-03       4.681308668004e+03 
       6.839450383352e-03       4.684415820880e+03 
       6.846383577292e-03       4.687520267879e+03 
       6.853317186814e-03       4.690622009858e+03 
       6.860251211214e-03       4.693721047037e+03 
       6.867185649794e-03       4.696817381380e+03 
       6.874120501856e-03       4.699911013251e+03 
       6.881055766706e-03       4.703001943515e+03 
       6.887991443656e-03       4.706090173043e+03 
       6.894927532018e-03       4.709175702924e+03 
       6.901864031107e-03       4.712258532383e+03 
       6.908800940245e-03       4.715338664688e+03 
       6.915738258752e-03       4.718416099411e+03 
       6.922675985956e-03       4.721490837943e+03 
       6.929614121184e-03       4.724562880930e+03 
       6.936552663770e-03       4.727632229254e+03 
       6.943491613047e-03       4.730698883806e+03 
       6.950430968354e-03       4.733762845484e+03 
       6.957370729033e-03       4.736824113960e+03 
       6.964310894428e-03       4.739882692260e+03 
       6.971251463887e-03       4.742938580291e+03 
       6.978192436759e-03       4.745991778953e+03 
       6.985133812399e-03       4.749042289143e+03 
       6.992075590162e-03       4.752090111765e+03 
       6.999017769409e-03       4.755135247948e+03 
       7.005960349503e-03       4.758177697155e+03 
       7.012903329808e-03       4.761217462305e+03 
       7.019846709693e-03       4.764254543474e+03 
       7.026790488529e-03       4.767288941574e+03 
       7.033734665692e-03       4.770320657527e+03 
       7.040679240558e-03       4.773349691323e+03 
       7.047624212508e-03       4.776376045493e+03 
       7.054569580924e-03       4.779399720222e+03 
       7.061515345194e-03       4.782420716079e+03 
       7.068461504705e-03       4.785439034588e+03 
       7.075408058850e-03       4.788454676398e+03 
       7.082355007023e-03       4.791467642438e+03 
       7.089302348622e-03       4.794477933639e+03 
       7.096250083047e-03       4.797485550946e+03 
       7.103198209702e-03       4.800490493934e+03 
       7.110146727992e-03       4.803492765902e+03 
       7.117095637327e-03       4.806492366703e+03 
       7.124044937117e-03       4.809489297273e+03 
       7.130994626777e-03       4.812483558551e+03 
       7.137944705725e-03       4.815475151477e+03 
       7.144895173380e-03       4.818464076851e+03 
       7.151846029165e-03       4.821450335233e+03 
       7.158797272505e-03       4.824433928565e+03 
       7.165748902829e-03       4.827414857287e+03 
       7.172700919567e-03       4.830393122352e+03 
       7.179653322152e-03       4.833368724719e+03 
       7.186606110021e-03       4.836341664369e+03 
       7.193559282613e-03       4.839311943965e+03 
       7.200512839369e-03       4.842279563669e+03 
       7.207466779734e-03       4.845244524088e+03 
       7.214421103154e-03       4.848206826797e+03 
       7.221375809078e-03       4.851166472476e+03 
       7.228330896960e-03       4.854123462087e+03 
       7.235286366252e-03       4.857077796594e+03 
       7.242242216414e-03       4.860029476971e+03 
       7.249198446904e-03       4.862978503813e+03 
       7.256155057185e-03       4.865924877550e+03 
       7.263112046723e-03       4.868868600956e+03 
       7.270069414984e-03       4.871809674040e+03 
       7.277027161439e-03       4.874748097773e+03 
       7.283985285561e-03       4.877683873126e+03 
       7.290943786825e-03       4.880617001077e+03 
       7.297902664707e-03       4.883547481821e+03 
       7.304861918690e-03       4.886475317702e+03 
       7.311821548255e-03       4.889400509078e+03 
       7.318781552888e-03       4.892323056930e+03 
       7.325741932076e-03       4.895242962243e+03 
       7.332702685310e-03       4.898160226007e+03 
       7.339663812082e-03       4.901074848098e+03 
       7.346625311887e-03       4.903986831446e+03 
       7.353587184223e-03       4.906896176150e+03 
       7.360549428589e-03       4.909802882810e+03 
       7.367512044489e-03       4.912706953104e+03 
       7.374475031426e-03       4.915608387704e+03 
       7.381438388909e-03       4.918507187601e+03 
       7.388402116445e-03       4.921403353789e+03 
       7.395366213549e-03       4.924296887274e+03 
       7.402330679732e-03       4.927187788062e+03 
       7.409295514514e-03       4.930076058369e+03 
       7.416260717412e-03       4.932961699346e+03 
       7.423226287947e-03       4.935844711548e+03 
       7.430192225644e-03       4.938725095970e+03 
       7.437158530029e-03       4.941602853611e+03 
       7.444125200629e-03       4.944477985480e+03 
       7.451092236976e-03       4.947350491789e+03 
       7.458059638602e-03       4.950220375145e+03 
       7.465027405043e-03       4.953087635178e+03 
       7.471995535836e-03       4.955952273749e+03 
       7.478964030521e-03       4.958814291532e+03 
       7.485932888640e-03       4.961673689543e+03 
       7.492902109737e-03       4.964530468807e+03 
       7.499871693359e-03       4.967384630360e+03 
       7.506841639054e-03       4.970236173582e+03 
       7.513811946375e-03       4.973085102350e+03 
       7.520782614873e-03       4.975931416367e+03 
       7.527753644104e-03       4.978775116642e+03 
       7.534725033626e-03       4.981616204193e+03 
       7.541696782998e-03       4.984454680050e+03 
       7.548668891784e-03       4.987290544675e+03 
       7.555641359546e-03       4.990123799800e+03 
       7.562614185851e-03       4.992954446482e+03 
       7.569587370268e-03       4.995782485522e+03 
       7.576560912368e-03       4.998607917945e+03 
       7.583534811722e-03       5.001430744786e+03 
       7.590509067907e-03       5.004250965919e+03 
       7.597483680499e-03       5.007068584409e+03 
       7.604458649077e-03       5.009883600354e+03 
       7.611433973223e-03       5.012696014357e+03 
       7.618409652520e-03       5.015505828191e+03 
       7.625385686553e-03       5.018313042550e+03 
       7.632362074910e-03       5.021117658467e+03 
       7.639338817182e-03       5.023919676981e+03 
       7.646315912958e-03       5.026719099139e+03 
       7.653293361834e-03       5.029515924081e+03 
       7.660271163405e-03       5.032310156547e+03 
       7.667249317268e-03       5.035101795404e+03 
       7.674227823025e-03       5.037890841980e+03 
       7.681206680276e-03       5.040677297316e+03 
       7.688185888626e-03       5.043461162453e+03 
       7.695165447681e-03       5.046242438438e+03 
       7.702145357049e-03       5.049021125352e+03 
       7.709125616339e-03       5.051797225914e+03 
       7.716106225165e-03       5.054570740404e+03 
       7.723087183138e-03       5.057341669874e+03 
       7.730068489877e-03       5.060110015381e+03 
       7.737050144998e-03       5.062875777985e+03 
       7.744032148122e-03       5.065638957356e+03 
       7.751014498870e-03       5.068399556955e+03 
       7.757997196866e-03       5.071157576834e+03 
       7.764980241736e-03       5.073913017226e+03 
       7.771963633108e-03       5.076665880372e+03 
       7.778947370611e-03       5.079416166828e+03 
       7.785931453876e-03       5.082163877653e+03 
       7.792915882538e-03       5.084909013910e+03 
       7.799900656231e-03       5.087651576664e+03 
       7.806885774593e-03       5.090391565099e+03 
       7.813871237263e-03       5.093128983556e+03 
       7.820857043882e-03       5.095863831587e+03 
       7.827843194092e-03       5.098596110253e+03 
       7.834829687539e-03       5.101325820616e+03 
       7.841816523869e-03       5.104052963744e+03 
       7.848803702731e-03       5.106777540377e+03 
       7.855791223775e-03       5.109499551438e+03 
       7.862779086653e-03       5.112218998948e+03 
       7.869767291020e-03       5.114935883412e+03 
       7.876755836530e-03       5.117650205900e+03 
       7.883744722843e-03       5.120361967489e+03 
       7.890733949616e-03       5.123071167772e+03 
       7.897723516512e-03       5.125777810705e+03 
       7.904713423194e-03       5.128481895664e+03 
       7.911703669327e-03       5.131183423477e+03 
       7.918694254577e-03       5.133882396004e+03 
       7.925685178613e-03       5.136578813946e+03 
       7.932676441105e-03       5.139272678377e+03 
       7.939668041726e-03       5.141963990376e+03 
       7.946659980148e-03       5.144652751026e+03 
       7.953652256048e-03       5.147338961822e+03 
       7.960644869103e-03       5.150022620492e+03 
       7.967637818991e-03       5.152703733071e+03 
       7.974631105395e-03       5.155382298504e+03 
       7.981624727996e-03       5.158058317864e+03 
       7.988618686478e-03       5.160731792228e+03 
       7.995612980529e-03       5.163402722680e+03 
       8.002607609834e-03       5.166071109305e+03 
       8.009602574084e-03       5.168736954937e+03 
       8.016597872971e-03       5.171400259847e+03 
       8.023593506186e-03       5.174061025104e+03 
       8.030589473424e-03       5.176719251792e+03 
       8.037585774382e-03       5.179374941001e+03 
       8.044582408757e-03       5.182028092396e+03 
       8.051579376249e-03       5.184678709567e+03 
       8.058576676560e-03       5.187326792451e+03 
       8.065574309391e-03       5.189972341618e+03 
       8.072572274448e-03       5.192615359047e+03 
       8.079570571438e-03       5.195255845404e+03 
       8.086569200066e-03       5.197893801770e+03 
       8.093568160044e-03       5.200529229234e+03 
       8.100567451083e-03       5.203162128895e+03 
       8.107567072895e-03       5.205792499734e+03 
       8.114567025194e-03       5.208420346853e+03 
       8.121567307696e-03       5.211045669140e+03 
       8.128567920120e-03       5.213668467892e+03 
       8.135568862184e-03       5.216288744193e+03 
       8.142570133609e-03       5.218906499127e+03 
       8.149571734118e-03       5.221521733788e+03 
       8.156573663435e-03       5.224134448171e+03 
       8.163575921284e-03       5.226744645317e+03 
       8.170578507395e-03       5.229352325411e+03 
       8.177581421494e-03       5.231957489545e+03 
       8.184584663312e-03       5.234560138821e+03 
       8.191588232582e-03       5.237160274345e+03 
       8.198592129037e-03       5.239757895681e+03 
       8.205596352411e-03       5.242353006639e+03 
       8.212600902442e-03       5.244945607045e+03 
       8.219605778867e-03       5.247535697483e+03 
       8.226610981426e-03       5.250123279972e+03 
       8.233616509860e-03       5.252708355178e+03 
       8.240622363911e-03       5.255290924201e+03 
       8.247628543325e-03       5.257870988147e+03 
       8.254635047846e-03       5.260448548127e+03 
       8.261641877223e-03       5.263023603134e+03 
       8.268649031203e-03       5.265596158115e+03 
       8.275656509536e-03       5.268166212238e+03 
       8.282664311975e-03       5.270733766689e+03 
       8.289672438273e-03       5.273298822570e+03 
       8.296680888185e-03       5.275861380985e+03 
       8.303689661466e-03       5.278421443042e+03 
       8.310698757875e-03       5.280979008699e+03 
       8.317708177169e-03       5.283534081071e+03 
       8.324717919111e-03       5.286086660327e+03 
       8.331727983462e-03       5.288636747570e+03 
       8.338738369986e-03       5.291184343911e+03 
       8.345749078447e-03       5.293729450468e+03 
       8.352760108613e-03       5.296272066772e+03 
       8.359771460250e-03       5.298812196728e+03 
       8.366783133128e-03       5.301349840145e+03 
       8.373795127018e-03       5.303884997558e+03 
       8.380807441692e-03       5.306417671066e+03 
       8.387820076924e-03       5.308947861317e+03 
       8.394833032488e-03       5.311475569422e+03 
       8.401846308161e-03       5.314000796494e+03 
       8.408859903722e-03       5.316523543652e+03 
       8.415873818948e-03       5.319043812519e+03 
       8.422888053621e-03       5.321561600195e+03 
       8.429902607522e-03       5.324076913728e+03 
       8.436917480436e-03       5.326589751682e+03 
       8.443932672147e-03       5.329100115165e+03 
       8.450948182441e-03       5.331608005291e+03 
       8.457964011106e-03       5.334113423173e+03 
       8.464980157930e-03       5.336616368769e+03 
       8.471996622704e-03       5.339116845271e+03 
       8.479013405220e-03       5.341614852772e+03 
       8.486030505270e-03       5.344110392411e+03 
       8.493047922650e-03       5.346603465305e+03 
       8.500065657155e-03       5.349094072577e+03 
       8.507083708581e-03       5.351582216024e+03 
       8.514102076728e-03       5.354067892862e+03 
       8.521120761394e-03       5.356551109563e+03 
       8.528139762383e-03       5.359031864490e+03 
       8.535159079494e-03       5.361510159698e+03 
       8.542178712534e-03       5.363985995868e+03 
       8.549198661305e-03       5.366459374110e+03 
       8.556218925616e-03       5.368930295542e+03 
       8.563239505274e-03       5.371398761288e+03 
       8.570260400087e-03       5.373864772479e+03 
       8.577281609866e-03       5.376328327875e+03 
       8.584303134423e-03       5.378789432789e+03 
       8.591324973571e-03       5.381248086390e+03 
       8.598347127124e-03       5.383704289791e+03 
       8.605369594897e-03       5.386158044106e+03 
       8.612392376707e-03       5.388609350455e+03 
       8.619415472373e-03       5.391058209960e+03 
       8.626438881713e-03       5.393504622459e+03 
       8.633462604549e-03       5.395948591343e+03 
       8.640486640702e-03       5.398390116674e+03 
       8.647510989996e-03       5.400829199570e+03 
       8.654535652254e-03       5.403265841154e+03 
       8.661560627304e-03       5.405700042555e+03 
       8.668585914971e-03       5.408131803178e+03 
       8.675611515083e-03       5.410561127223e+03 
       8.682637427472e-03       5.412988014361e+03 
       8.689663651966e-03       5.415412465122e+03 
       8.696690188398e-03       5.417834481686e+03 
       8.703717036601e-03       5.420254064677e+03 
       8.710744196410e-03       5.422671215215e+03 
       8.717771667660e-03       5.425085934422e+03 
       8.724799450188e-03       5.427498223424e+03 
       8.731827543832e-03       5.429908083360e+03 
       8.738855948432e-03       5.432315512802e+03 
       8.745884663828e-03       5.434720517428e+03 
       8.752913689862e-03       5.437123096241e+03 
       8.759943026376e-03       5.439523250360e+03 
       8.766972673215e-03       5.441920980903e+03 
       8.774002630224e-03       5.444316288991e+03 
       8.781032897250e-03       5.446709175749e+03 
       8.788063474141e-03       5.449099640947e+03 
       8.795094360745e-03       5.451487688118e+03 
       8.802125556912e-03       5.453873317265e+03 
       8.809157062494e-03       5.456256529508e+03 
       8.816188877343e-03       5.458637325973e+03 
       8.823221001314e-03       5.461015707790e+03 
       8.830253434260e-03       5.463391673987e+03 
       8.837286176037e-03       5.465765229839e+03 
       8.844319226504e-03       5.468136374009e+03 
       8.851352585517e-03       5.470505107598e+03 
       8.858386252938e-03       5.472871432346e+03 
       8.865420228625e-03       5.475235349091e+03 
       8.872454512442e-03       5.477596858960e+03 
       8.879489104250e-03       5.479955961638e+03 
       8.886524003915e-03       5.482312660798e+03 
       8.893559211300e-03       5.484666956409e+03 
       8.900594726274e-03       5.487018849571e+03 
       8.907630548702e-03       5.489368341014e+03 
       8.914666678454e-03       5.491715432127e+03 
       8.921703115399e-03       5.494060124488e+03 
       8.928739859409e-03       5.496402418867e+03 
       8.935776910355e-03       5.498742315308e+03 
       8.942814268111e-03       5.501079816849e+03 
       8.949851932550e-03       5.503414922763e+03 
       8.956889903548e-03       5.505747635917e+03 
       8.963928180981e-03       5.508077956605e+03 
       8.970966764727e-03       5.510405885941e+03 
       8.978005654665e-03       5.512731425044e+03 
       8.985044850675e-03       5.515054575032e+03 
       8.992084352636e-03       5.517375337027e+03 
       8.999124160432e-03       5.519693712154e+03 
       9.006164273945e-03       5.522009701540e+03 
       9.013204693060e-03       5.524323306319e+03 
       9.020245417661e-03       5.526634527639e+03 
       9.027286447634e-03       5.528943362473e+03 
       9.034327782869e-03       5.531249819437e+03 
       9.041369423251e-03       5.533553896152e+03 
       9.048411368673e-03       5.535855593736e+03 
       9.055453619022e-03       5.538154913301e+03 
       9.062496174193e-03       5.540451855964e+03 
       9.069539034076e-03       5.542746422839e+03 
       9.076582198567e-03       5.545038615042e+03 
       9.083625667560e-03       5.547328433691e+03 
       9.090669440950e-03       5.549615879908e+03 
       9.097713518635e-03       5.551900954824e+03 
       9.104757900512e-03       5.554183657387e+03 
       9.111802586482e-03       5.556463992705e+03 
       9.118847576443e-03       5.558741959955e+03 
       9.125892870298e-03       5.561017560293e+03 
       9.132938467947e-03       5.563290794836e+03 
       9.139984369295e-03       5.565561664694e+03 
       9.147030574246e-03       5.567830170986e+03 
       9.154077082704e-03       5.570096314832e+03 
       9.161123894577e-03       5.572360097359e+03 
       9.168171009771e-03       5.574621519701e+03 
       9.175218428196e-03       5.576880582908e+03 
       9.182266149759e-03       5.579137284954e+03 
       9.189314174372e-03       5.581391632851e+03 
       9.196362501947e-03       5.583643624930e+03 
       9.203411132394e-03       5.585893262304e+03 
       9.210460065629e-03       5.588140546135e+03 
       9.217509301565e-03       5.590385476600e+03 
       9.224558840118e-03       5.592628056400e+03 
       9.231608681204e-03       5.594868285936e+03 
       9.238658824741e-03       5.597106166324e+03 
       9.245709270647e-03       5.599341698680e+03 
       9.252760018841e-03       5.601574884124e+03 
       9.259811069244e-03       5.603805723782e+03 
       9.266862421777e-03       5.606034215778e+03 
       9.273914076364e-03       5.608260366682e+03 
       9.280966032926e-03       5.610484175033e+03 
       9.288018291388e-03       5.612705641962e+03 
       9.295070851677e-03       5.614924768580e+03 
       9.302123713717e-03       5.617141556001e+03 
       9.309176877437e-03       5.619356005336e+03 
       9.316230342764e-03       5.621568117701e+03 
       9.323284109628e-03       5.623777892572e+03 
       9.330338177959e-03       5.625985334022e+03 
       9.337392547688e-03       5.628190441783e+03 
       9.344447218747e-03       5.630393216971e+03 
       9.351502191070e-03       5.632593660706e+03 
       9.358557464590e-03       5.634791774103e+03 
       9.365613039242e-03       5.636987558285e+03 
       9.372668914962e-03       5.639181012103e+03 
       9.379725091687e-03       5.641372140763e+03 
       9.386781569355e-03       5.643560943461e+03 
       9.393838347905e-03       5.645747420526e+03 
       9.400895427276e-03       5.647931574526e+03 
       9.407952807409e-03       5.650113405840e+03 
       9.415010488246e-03       5.652292915611e+03 
       9.422068469728e-03       5.654470104947e+03 
       9.429126751800e-03       5.656644974957e+03 
       9.436185334406e-03       5.658817526756e+03 
       9.443244217492e-03       5.660987761466e+03 
       9.450303401002e-03       5.663155677046e+03 
       9.457362884886e-03       5.665321280334e+03 
       9.464422669089e-03       5.667484569775e+03 
       9.471482753563e-03       5.669645546463e+03 
       9.478543138256e-03       5.671804211506e+03 
       9.485603823120e-03       5.673960566007e+03 
       9.492664808105e-03       5.676114611071e+03 
       9.499726093166e-03       5.678266347807e+03 
       9.506787678255e-03       5.680415775682e+03 
       9.513849563326e-03       5.682562898748e+03 
       9.520911748336e-03       5.684707716780e+03 
       9.527974233240e-03       5.686850230855e+03 
       9.535037017996e-03       5.688990442084e+03 
       9.542100102562e-03       5.691128351576e+03 
       9.549163486896e-03       5.693263960442e+03 
       9.556227170959e-03       5.695397270399e+03 
       9.563291154711e-03       5.697528278106e+03 
       9.570355438114e-03       5.699656991264e+03 
       9.577420021130e-03       5.701783408139e+03 
       9.584484903723e-03       5.703907529008e+03 
       9.591550085857e-03       5.706029356478e+03 
       9.598615567498e-03       5.708148890953e+03 
       9.605681348611e-03       5.710266133533e+03 
       9.612747429163e-03       5.712381085321e+03 
       9.619813809122e-03       5.714493747422e+03 
       9.626880488457e-03       5.716604120945e+03 
       9.633947467138e-03       5.718712207010e+03 
       9.641014745134e-03       5.720818003176e+03 
       9.648082322417e-03       5.722921516994e+03 
       9.655150198959e-03       5.725022746549e+03 
       9.662218374733e-03       5.727121692943e+03 
       9.669286849714e-03       5.729218357275e+03 
       9.676355623875e-03       5.731312740639e+03 
       9.683424697193e-03       5.733404844139e+03 
       9.690494069643e-03       5.735494668814e+03 
       9.697563741203e-03       5.737582214054e+03 
       9.704633711852e-03       5.739667484214e+03 
       9.711703981568e-03       5.741750478847e+03 
       9.718774550331e-03       5.743831199055e+03 
       9.725845418121e-03       5.745909645944e+03 
       9.732916584921e-03       5.747985820617e+03 
       9.739988050713e-03       5.750059724184e+03 
       9.747059815480e-03       5.752131355182e+03 
       9.754131879205e-03       5.754200719364e+03 
       9.761204241875e-03       5.756267815642e+03 
       9.768276903474e-03       5.758332644302e+03 
       9.775349863989e-03       5.760395207898e+03 
       9.782423123408e-03       5.762455506870e+03 
       9.789496681718e-03       5.764513542299e+03 
       9.796570538910e-03       5.766569315281e+03 
       9.803644694972e-03       5.768622826912e+03 
       9.810719149895e-03       5.770674078289e+03 
       9.817793903672e-03       5.772723070520e+03 
       9.824868956293e-03       5.774769801248e+03 
       9.831944307753e-03       5.776814277848e+03 
       9.839019958046e-03       5.778856498506e+03 
       9.846095907165e-03       5.780896464289e+03 
       9.853172155108e-03       5.782934176289e+03 
       9.860248701869e-03       5.784969635597e+03 
       9.867325547447e-03       5.787002843306e+03 
       9.874402691840e-03       5.789033800507e+03 
       9.881480135046e-03       5.791062506457e+03 
       9.888557877065e-03       5.793088965592e+03 
       9.895635917897e-03       5.795113177429e+03 
       9.902714257545e-03       5.797135143062e+03 
       9.909792896008e-03       5.799154863587e+03 
       9.916871833292e-03       5.801172340107e+03 
       9.923951069399e-03       5.803187573700e+03 
       9.931030604333e-03       5.805200566345e+03 
       9.938110438101e-03       5.807211313668e+03 
       9.945190570707e-03       5.809219824578e+03 
       9.952271002160e-03       5.811226096848e+03 
       9.959351732466e-03       5.813230130640e+03 
       9.966432761633e-03       5.815231928733e+03 
       9.973514089672e-03       5.817231491424e+03 
       9.980595716592e-03       5.819228819801e+03 
       9.987677642403e-03       5.821223914953e+03 
       9.994759867118e-03       5.823216777968e+03 
       1.000184239075e-02       5.825207409940e+03 
       1.000892521331e-02       5.827195811970e+03 
       1.001600833481e-02       5.829181981319e+03 
       1.002309175527e-02       5.831165926075e+03 
       1.003017547470e-02       5.833147644031e+03 
       1.003725949312e-02       5.835127136273e+03 
       1.004434381055e-02       5.837104403885e+03 
       1.005142842700e-02       5.839079447951e+03 
       1.005851334249e-02       5.841052269554e+03 
       1.006559855704e-02       5.843022869782e+03 
       1.007268407068e-02       5.844991247749e+03 
       1.007976988342e-02       5.846957408134e+03 
       1.008685599528e-02       5.848921350330e+03 
       1.009394240628e-02       5.850883075416e+03 
       1.010102911646e-02       5.852842584480e+03 
       1.010811612583e-02       5.854799878608e+03 
       1.011520343441e-02       5.856754958891e+03 
       1.012229104224e-02       5.858707827088e+03 
       1.012937894934e-02       5.860658479273e+03 
       1.013646715574e-02       5.862606924028e+03 
       1.014355566145e-02       5.864553159184e+03 
       1.015064446652e-02       5.866497184853e+03 
       1.015773357097e-02       5.868439003881e+03 
       1.016482297484e-02       5.870378616515e+03 
       1.017191267814e-02       5.872316023837e+03 
       1.017900268091e-02       5.874251226927e+03 
       1.018609298319e-02       5.876184226865e+03 
       1.019318358501e-02       5.878115024737e+03 
       1.020027448640e-02       5.880043621635e+03 
       1.020736568739e-02       5.881970014499e+03 
       1.021445718803e-02       5.883894212327e+03 
       1.022154898834e-02       5.885816212037e+03 
       1.022864108836e-02       5.887736014967e+03 
       1.023573348813e-02       5.889653622192e+03 
       1.024282618770e-02       5.891569034789e+03 
       1.024991918708e-02       5.893482253834e+03 
       1.025701248634e-02       5.895393280405e+03 
       1.026410608550e-02       5.897302116101e+03 
       1.027119998460e-02       5.899208758170e+03 
       1.027829418370e-02       5.901113213398e+03 
       1.028538868283e-02       5.903015480386e+03 
       1.029248348203e-02       5.904915560207e+03 
       1.029957858135e-02       5.906813453941e+03 
       1.030667398083e-02       5.908709162667e+03 
       1.031376968052e-02       5.910602687471e+03 
       1.032086568046e-02       5.912494026590e+03 
       1.032796198070e-02       5.914383186260e+03 
       1.033505858129e-02       5.916270165195e+03 
       1.034215548227e-02       5.918154964378e+03 
       1.034925268370e-02       5.920037583917e+03 
       1.035635018563e-02       5.921918026733e+03 
       1.036344798809e-02       5.923796293013e+03 
       1.037054609116e-02       5.925672383827e+03 
       1.037764449486e-02       5.927546300246e+03 
       1.038474319927e-02       5.929418043345e+03 
       1.039184220443e-02       5.931287614200e+03 
       1.039894151040e-02       5.933155013895e+03 
       1.040604111722e-02       5.935020239406e+03 
       1.041314102496e-02       5.936883299277e+03 
       1.042024123368e-02       5.938744191147e+03 
       1.042734174342e-02       5.940602916015e+03 
       1.043444255424e-02       5.942459474948e+03 
       1.044154366621e-02       5.944313869011e+03 
       1.044864507938e-02       5.946166099274e+03 
       1.045574679381e-02       5.948016166801e+03 
       1.046284880956e-02       5.949864072607e+03 
       1.046995112669e-02       5.951709815583e+03 
       1.047705374527e-02       5.953553400939e+03 
       1.048415666535e-02       5.955394827763e+03 
       1.049125988700e-02       5.957234097119e+03 
       1.049836341028e-02       5.959071210075e+03 
       1.050546723526e-02       5.960906167702e+03 
       1.051257136200e-02       5.962738971071e+03 
       1.051967579056e-02       5.964569621968e+03 
       1.052678052102e-02       5.966398115955e+03 
       1.053388555343e-02       5.968224462429e+03 
       1.054099088788e-02       5.970048658820e+03 
       1.054809652441e-02       5.971870705128e+03 
       1.055520246312e-02       5.973690604383e+03 
       1.056230870405e-02       5.975508356703e+03 
       1.056941524729e-02       5.977323963157e+03 
       1.057652209291e-02       5.979137424806e+03 
       1.058362924097e-02       5.980948742712e+03 
       1.059073669155e-02       5.982757917939e+03 
       1.059784444472e-02       5.984564951559e+03 
       1.060495250056e-02       5.986369844610e+03 
       1.061206085914e-02       5.988172593558e+03 
       1.061916952054e-02       5.989973208033e+03 
       1.062627848483e-02       5.991771685036e+03 
       1.063338775208e-02       5.993568025617e+03 
       1.064049732238e-02       5.995362230838e+03 
       1.064760719580e-02       5.997154301752e+03 
       1.065471737242e-02       5.998944239417e+03 
       1.066182785232e-02       6.000732044892e+03 
       1.066893863559e-02       6.002517719641e+03 
       1.067604972229e-02       6.004301260901e+03 
       1.068316111251e-02       6.006082675746e+03 
       1.069027280633e-02       6.007861961837e+03 
       1.069738480384e-02       6.009639121638e+03 
       1.070449710512e-02       6.011414155512e+03 
       1.071160971025e-02       6.013187064982e+03 
       1.071872261932e-02       6.014957848470e+03 
       1.072583583240e-02       6.016726510687e+03 
       1.073294934960e-02       6.018493051152e+03 
       1.074006317098e-02       6.020257470917e+03 
       1.074717729665e-02       6.022019771039e+03 
       1.075429172669e-02       6.023779952579e+03 
       1.076140646118e-02       6.025538016609e+03 
       1.076852150021e-02       6.027293964206e+03 
       1.077563684388e-02       6.029047791499e+03 
       1.078275249228e-02       6.030799508600e+03 
       1.078986844549e-02       6.032549112280e+03 
       1.079698470361e-02       6.034296603585e+03 
       1.080410126673e-02       6.036041983559e+03 
       1.081121813494e-02       6.037785253251e+03 
       1.081833530833e-02       6.039526413716e+03 
       1.082545278701e-02       6.041265466011e+03 
       1.083257057106e-02       6.043002408783e+03 
       1.083968866058e-02       6.044737247472e+03 
       1.084680705567e-02       6.046469981117e+03 
       1.085392575641e-02       6.048200610720e+03 
       1.086104476292e-02       6.049929137327e+03 
       1.086816407529e-02       6.051655561985e+03 
       1.087528369362e-02       6.053379885746e+03 
       1.088240361800e-02       6.055102109672e+03 
       1.088952384854e-02       6.056822231198e+03 
       1.089664438533e-02       6.058540258031e+03 
       1.090376522848e-02       6.060256188079e+03 
       1.091088637809e-02       6.061970021400e+03 
       1.091800783426e-02       6.063681760669e+03 
       1.092512959710e-02       6.065391406401e+03 
       1.093225166671e-02       6.067098959487e+03 
       1.093937404319e-02       6.068804420958e+03 
       1.094649672664e-02       6.070507791859e+03 
       1.095361971718e-02       6.072209073239e+03 
       1.096074301491e-02       6.073908266157e+03 
       1.096786661994e-02       6.075605371679e+03 
       1.097499053237e-02       6.077300385632e+03 
       1.098211475232e-02       6.078993318671e+03 
       1.098923927988e-02       6.080684167296e+03 
       1.099636411518e-02       6.082372932542e+03 
       1.100348925832e-02       6.084059615443e+03 
       1.101061470940e-02       6.085744217033e+03 
       1.101774046855e-02       6.087426738352e+03 
       1.102486653588e-02       6.089107180443e+03 
       1.103199291149e-02       6.090785541906e+03 
       1.103911959550e-02       6.092461828161e+03 
       1.104624658803e-02       6.094136038348e+03 
       1.105337388918e-02       6.095808173388e+03 
       1.106050149908e-02       6.097478234319e+03 
       1.106762941783e-02       6.099146221091e+03 
       1.107475764556e-02       6.100812136779e+03 
       1.108188618238e-02       6.102475980125e+03 
       1.108901502841e-02       6.104137754577e+03 
       1.109614418377e-02       6.105797460021e+03 
       1.110327364858e-02       6.107455097493e+03 
       1.111040342294e-02       6.109110668030e+03 
       1.111753350700e-02       6.110764172674e+03 
       1.112466390086e-02       6.112415612470e+03 
       1.113179460465e-02       6.114064988475e+03 
       1.113892561848e-02       6.115712296460e+03 
       1.114605694249e-02       6.117357547199e+03 
       1.115318857679e-02       6.119000737061e+03 
       1.116032052151e-02       6.120641867094e+03 
       1.116745277677e-02       6.122280938326e+03 
       1.117458534270e-02       6.123917951784e+03 
       1.118171821942e-02       6.125552908501e+03 
       1.118885140706e-02       6.127185809516e+03 
       1.119598490574e-02       6.128816656458e+03 
       1.120311871560e-02       6.130445445598e+03 
       1.121025283675e-02       6.132072185225e+03 
       1.121738726934e-02       6.133696873181e+03 
       1.122452201348e-02       6.135319510487e+03 
       1.123165706931e-02       6.136940098169e+03 
       1.123879243695e-02       6.138558637254e+03 
       1.124592811655e-02       6.140175128783e+03 
       1.125306410822e-02       6.141789570095e+03 
       1.126020041211e-02       6.143401968992e+03 
       1.126733702834e-02       6.145012323372e+03 
       1.127447395705e-02       6.146620634208e+03 
       1.128161119838e-02       6.148226901155e+03 
       1.128874875245e-02       6.149831127740e+03 
       1.129588661940e-02       6.151433313792e+03 
       1.130302479936e-02       6.153033460327e+03 
       1.131016329249e-02       6.154631568364e+03 
       1.131730209890e-02       6.156227638927e+03 
       1.132444121874e-02       6.157821673049e+03 
       1.133158065214e-02       6.159413671783e+03 
       1.133872039926e-02       6.161003630523e+03 
       1.134586046021e-02       6.162591561010e+03 
       1.135300083515e-02       6.164177458749e+03 
       1.136014152422e-02       6.165761325021e+03 
       1.136728252755e-02       6.167343160835e+03 
       1.137442384528e-02       6.168922967203e+03 
       1.138156547757e-02       6.170500745137e+03 
       1.138870742455e-02       6.172076495655e+03 
       1.139584968637e-02       6.173650219773e+03 
       1.140299226316e-02       6.175221915507e+03 
       1.141013515508e-02       6.176791589434e+03 
       1.141727836227e-02       6.178359239934e+03 
       1.142442188488e-02       6.179924868022e+03 
       1.143156572305e-02       6.181488474712e+03 
       1.143870987693e-02       6.183050061019e+03 
       1.144585434666e-02       6.184609627963e+03 
       1.145299913240e-02       6.186167177736e+03 
       1.146014423429e-02       6.187722703457e+03 
       1.146728965249e-02       6.189276217736e+03 
       1.147443538714e-02       6.190827716592e+03 
       1.148158143839e-02       6.192377199658e+03 
       1.148872780640e-02       6.193924670488e+03 
       1.149587449131e-02       6.195470128887e+03 
       1.150302149329e-02       6.197013575861e+03 
       1.151016881247e-02       6.198555012415e+03 
       1.151731644902e-02       6.200094439559e+03 
       1.152446440309e-02       6.201631858303e+03 
       1.153161267483e-02       6.203167269668e+03 
       1.153876126440e-02       6.204700675977e+03 
       1.154591017196e-02       6.206232068139e+03 
       1.155305939766e-02       6.207761462513e+03 
       1.156020894165e-02       6.209288853388e+03 
       1.156735880410e-02       6.210814241765e+03 
       1.157450898517e-02       6.212337628644e+03 
       1.158165948501e-02       6.213859015031e+03 
       1.158881030377e-02       6.215378401930e+03 
       1.159596144164e-02       6.216895790349e+03 
       1.160311289875e-02       6.218411178246e+03 
       1.161026467528e-02       6.219924572242e+03 
       1.161741677138e-02       6.221435970671e+03 
       1.162456918722e-02       6.222945374527e+03 
       1.163172192295e-02       6.224452784811e+03 
       1.163887497875e-02       6.225958202530e+03 
       1.164602835478e-02       6.227461628692e+03 
       1.165318205120e-02       6.228963064312e+03 
       1.166033606818e-02       6.230462506017e+03 
       1.166749040588e-02       6.231959962906e+03 
       1.167464506447e-02       6.233455432134e+03 
       1.168180004411e-02       6.234948915101e+03 
       1.168895534498e-02       6.236440409980e+03 
       1.169611096723e-02       6.237929921927e+03 
       1.170326691105e-02       6.239417450139e+03 
       1.171042317659e-02       6.240902995612e+03 
       1.171757976403e-02       6.242386559343e+03 
       1.172473667354e-02       6.243868142334e+03 
       1.173189390529e-02       6.245347745592e+03 
       1.173905145945e-02       6.246825370132e+03 
       1.174620933620e-02       6.248301010798e+03 
       1.175336753569e-02       6.249774679986e+03 
       1.176052605812e-02       6.251246373261e+03 
       1.176768490365e-02       6.252716091609e+03 
       1.177484407245e-02       6.254183836018e+03 
       1.178200356471e-02       6.255649607476e+03 
       1.178916338059e-02       6.257113406976e+03 
       1.179632352027e-02       6.258575235514e+03 
       1.180348398393e-02       6.260035094813e+03 
       1.181064477175e-02       6.261492980256e+03 
       1.181780588390e-02       6.262948901349e+03 
       1.182496732057e-02       6.264402855349e+03 
       1.183212908192e-02       6.265854843233e+03 
       1.183929116815e-02       6.267304865984e+03 
       1.184645357942e-02       6.268752924594e+03 
       1.185361631593e-02       6.270199020061e+03 
       1.186077937785e-02       6.271643155021e+03 
       1.186794276536e-02       6.273085320678e+03 
       1.187510647865e-02       6.274525531963e+03 
       1.188227051789e-02       6.275963783949e+03 
       1.188943488328e-02       6.277400076069e+03 
       1.189659957500e-02       6.278834412171e+03 
       1.190376459322e-02       6.280266791864e+03 
       1.191092993814e-02       6.281697216124e+03 
       1.191809560994e-02       6.283125685930e+03 
       1.192526160881e-02       6.284552202265e+03 
       1.193242793493e-02       6.285976766120e+03 
       1.193959458849e-02       6.287399378493e+03 
       1.194676156968e-02       6.288820040267e+03 
       1.195392887869e-02       6.290238746030e+03 
       1.196109651571e-02       6.291655508931e+03 
       1.196826448092e-02       6.293070324123e+03 
       1.197543277452e-02       6.294483192575e+03 
       1.198260139670e-02       6.295894115261e+03 
       1.198977034764e-02       6.297303093148e+03 
       1.199693962755e-02       6.298710127212e+03 
       1.200410923660e-02       6.300115218436e+03 
       1.201127917501e-02       6.301518365666e+03 
       1.201844944295e-02       6.302919572564e+03 
       1.202562004062e-02       6.304318840597e+03 
       1.203279096823e-02       6.305716169609e+03 
       1.203996222595e-02       6.307111560576e+03 
       1.204713381400e-02       6.308505014463e+03 
       1.205430573256e-02       6.309896532258e+03 
       1.206147798183e-02       6.311286114940e+03 
       1.206865056202e-02       6.312673758081e+03 
       1.207582347331e-02       6.314059473633e+03 
       1.208299671590e-02       6.315443256063e+03 
       1.209017029000e-02       6.316825107153e+03 
       1.209734419581e-02       6.318205026218e+03 
       1.210451843352e-02       6.319583017301e+03 
       1.211169300334e-02       6.320959079908e+03 
       1.211886790546e-02       6.322333215005e+03 
       1.212604314010e-02       6.323705423562e+03 
       1.213321870744e-02       6.325075706547e+03 
       1.214039460771e-02       6.326444064934e+03 
       1.214757084109e-02       6.327810499703e+03 
       1.215474740779e-02       6.329175011910e+03 
       1.216192430802e-02       6.330537595179e+03 
       1.216910154198e-02       6.331898263940e+03 
       1.217627910988e-02       6.333257012798e+03 
       1.218345701193e-02       6.334613842717e+03 
       1.219063524833e-02       6.335968754658e+03 
       1.219781381929e-02       6.337321749585e+03 
       1.220499272501e-02       6.338672828460e+03 
       1.221217196572e-02       6.340021992252e+03 
       1.221935154160e-02       6.341369243217e+03 
       1.222653145289e-02       6.342714574568e+03 
       1.223371169977e-02       6.344057998325e+03 
       1.224089228248e-02       6.345399510750e+03 
       1.224807320121e-02       6.346739112804e+03 
       1.225525445618e-02       6.348076805453e+03 
       1.226243604761e-02       6.349412589672e+03 
       1.226961797570e-02       6.350746466420e+03 
       1.227680024067e-02       6.352078438735e+03 
       1.228398284273e-02       6.353408496042e+03 
       1.229116578210e-02       6.354736655445e+03 
       1.229834905899e-02       6.356062911109e+03 
       1.230553267363e-02       6.357387262283e+03 
       1.231271662621e-02       6.358709713096e+03 
       1.231990091698e-02       6.360030262979e+03 
       1.232708554613e-02       6.361348912894e+03 
       1.233427051389e-02       6.362665663800e+03 
       1.234145582047e-02       6.363980516657e+03 
       1.234864146611e-02       6.365293472432e+03 
       1.235582745100e-02       6.366604532092e+03 
       1.236301377539e-02       6.367913696617e+03 
       1.237020043948e-02       6.369220959757e+03 
       1.237738744350e-02       6.370526335888e+03 
       1.238457478767e-02       6.371829819565e+03 
       1.239176247222e-02       6.373131411733e+03 
       1.239895049736e-02       6.374431113339e+03 
       1.240613886332e-02       6.375728925335e+03 
       1.241332757032e-02       6.377024848677e+03 
       1.242051661859e-02       6.378318884337e+03 
       1.242770600836e-02       6.379611033233e+03 
       1.243489573985e-02       6.380901292510e+03 
       1.244208581328e-02       6.382189670273e+03 
       1.244927622889e-02       6.383476164053e+03 
       1.245646698689e-02       6.384760774794e+03 
       1.246365808753e-02       6.386043503445e+03 
       1.247084953102e-02       6.387324350953e+03 
       1.247804131760e-02       6.388603318275e+03 
       1.248523344750e-02       6.389880406376e+03 
       1.249242592094e-02       6.391155610943e+03 
       1.249961873816e-02       6.392428942742e+03 
       1.250681189939e-02       6.393700398063e+03 
       1.251400540486e-02       6.394969977791e+03 
       1.252119925481e-02       6.396237681137e+03 
       1.252839344946e-02       6.397503512394e+03 
       1.253558798905e-02       6.398767470883e+03 
       1.254278287382e-02       6.400029557545e+03 
       1.254997810399e-02       6.401289773323e+03 
       1.255717367981e-02       6.402548119160e+03 
       1.256436960151e-02       6.403804596012e+03 
       1.257156586932e-02       6.405059204840e+03 
       1.257876248349e-02       6.406311946434e+03 
       1.258595944425e-02       6.407562814424e+03 
       1.259315675184e-02       6.408811823861e+03 
       1.260035440650e-02       6.410058968892e+03 
       1.260755240846e-02       6.411304250451e+03 
       1.261475075797e-02       6.412547669468e+03 
       1.262194945527e-02       6.413789226880e+03 
       1.262914850059e-02       6.415028923626e+03 
       1.263634789419e-02       6.416266760647e+03 
       1.264354763629e-02       6.417502738805e+03 
       1.265074772715e-02       6.418736855157e+03 
       1.265794816700e-02       6.419969118106e+03 
       1.266514895610e-02       6.421199525001e+03 
       1.267235009467e-02       6.422428076779e+03 
       1.267955158298e-02       6.423654774378e+03 
       1.268675342126e-02       6.424879618737e+03 
       1.269395560976e-02       6.426102610798e+03 
       1.270115814873e-02       6.427323751512e+03 
       1.270836103841e-02       6.428543036214e+03 
       1.271556427905e-02       6.429760476295e+03 
       1.272276787090e-02       6.430976067704e+03 
       1.272997181420e-02       6.432189811338e+03 
       1.273717610921e-02       6.433401706261e+03 
       1.274438075618e-02       6.434611756990e+03 
       1.275158575535e-02       6.435819962734e+03 
       1.275879110698e-02       6.437026324423e+03 
       1.276599681132e-02       6.438230842989e+03 
       1.277320286862e-02       6.439433519364e+03 
       1.278040927913e-02       6.440634354486e+03 
       1.278761604311e-02       6.441833349297e+03 
       1.279482316080e-02       6.443030504752e+03 
       1.280203063247e-02       6.444225813632e+03 
       1.280923845837e-02       6.445419292089e+03 
       1.281644663875e-02       6.446610933794e+03 
       1.282365517387e-02       6.447800739672e+03 
       1.283086406398e-02       6.448988710649e+03 
       1.283807330935e-02       6.450174847653e+03 
       1.284528291022e-02       6.451359151610e+03 
       1.285249286686e-02       6.452541623451e+03 
       1.285970317953e-02       6.453722264110e+03 
       1.286691384848e-02       6.454901070286e+03 
       1.287412487398e-02       6.456078050782e+03 
       1.288133625628e-02       6.457253202774e+03 
       1.288854799565e-02       6.458426527171e+03 
       1.289576009234e-02       6.459598024897e+03 
       1.290297254663e-02       6.460767696883e+03 
       1.291018535876e-02       6.461935544061e+03 
       1.291739852901e-02       6.463101567371e+03 
       1.292461205763e-02       6.464265768629e+03 
       1.293182594490e-02       6.465428139757e+03 
       1.293904019107e-02       6.466588696194e+03 
       1.294625479642e-02       6.467747432329e+03 
       1.295346976120e-02       6.468904347005e+03 
       1.296068508569e-02       6.470059445111e+03 
       1.296790077015e-02       6.471212725528e+03 
       1.297511681484e-02       6.472364189253e+03 
       1.298233322004e-02       6.473513837207e+03 
       1.298954998602e-02       6.474661670314e+03 
       1.299676711303e-02       6.475807689501e+03 
       1.300398460137e-02       6.476951895700e+03 
       1.301120245128e-02       6.478094289851e+03 
       1.301842066305e-02       6.479234876360e+03 
       1.302563923694e-02       6.480373636675e+03 
       1.303285817323e-02       6.481510599036e+03 
       1.304007747220e-02       6.482645752827e+03 
       1.304729713410e-02       6.483779098954e+03 
       1.305451715922e-02       6.484910638327e+03 
       1.306173754783e-02       6.486040371857e+03 
       1.306895830020e-02       6.487168300459e+03 
       1.307617941662e-02       6.488294425061e+03 
       1.308340089735e-02       6.489418746441e+03 
       1.309062274267e-02       6.490541261315e+03 
       1.309784495287e-02       6.491661978820e+03 
       1.310506752820e-02       6.492780895879e+03 
       1.311229046897e-02       6.493898013400e+03 
       1.311951377543e-02       6.495013332288e+03 
       1.312673744788e-02       6.496126853452e+03 
       1.313396148659e-02       6.497238577810e+03 
       1.314118589185e-02       6.498348506285e+03 
       1.314841066392e-02       6.499456633133e+03 
       1.315563580310e-02       6.500562972384e+03 
       1.316286130967e-02       6.501667517793e+03 
       1.317008718391e-02       6.502770270833e+03 
       1.317731342609e-02       6.503871231260e+03 
       1.318454003652e-02       6.504970402139e+03 
       1.319176701546e-02       6.506067783334e+03 
       1.319899436320e-02       6.507163375762e+03 
       1.320622208004e-02       6.508257180341e+03 
       1.321345016625e-02       6.509349193228e+03 
       1.322067862212e-02       6.510439424171e+03 
       1.322790744794e-02       6.511527869892e+03 
       1.323513664400e-02       6.512614531264e+03 
       1.324236621058e-02       6.513699409192e+03 
       1.324959614798e-02       6.514782504684e+03 
       1.325682645647e-02       6.515863815580e+03 
       1.326405713636e-02       6.516943348261e+03 
       1.327128818793e-02       6.518021101065e+03 
       1.327851961148e-02       6.519097074900e+03 
       1.328575140728e-02       6.520171266714e+03 
       1.329298357565e-02       6.521243685351e+03 
       1.330021611686e-02       6.522314328244e+03 
       1.330744903122e-02       6.523383190032e+03 
       1.331468231901e-02       6.524450281417e+03 
       1.332191598053e-02       6.525515599060e+03 
       1.332915001608e-02       6.526579143855e+03 
       1.333638442595e-02       6.527640916694e+03 
       1.334361921043e-02       6.528700918472e+03 
       1.335085436983e-02       6.529759150081e+03 
       1.335808990444e-02       6.530815612415e+03 
       1.336532581455e-02       6.531870306367e+03 
       1.337256210047e-02       6.532923232833e+03 
       1.337979876250e-02       6.533974392709e+03 
       1.338703580093e-02       6.535023786903e+03 
       1.339427321606e-02       6.536071416313e+03 
       1.340151100820e-02       6.537117281874e+03 
       1.340874917764e-02       6.538161388739e+03 
       1.341598772470e-02       6.539203710156e+03 
       1.342322664965e-02       6.540244287797e+03 
       1.343046595283e-02       6.541283104905e+03 
       1.343770563451e-02       6.542320162364e+03 
       1.344494569502e-02       6.543355461054e+03 
       1.345218613465e-02       6.544389001856e+03 
       1.345942695371e-02       6.545420785648e+03 
       1.346666815250e-02       6.546450813309e+03 
       1.347390973133e-02       6.547479085717e+03 
       1.348115169051e-02       6.548505603753e+03 
       1.348839403035e-02       6.549530368299e+03 
       1.349563675114e-02       6.550553380241e+03 
       1.350287985321e-02       6.551574640473e+03 
       1.351012333686e-02       6.552594149893e+03 
       1.351736720239e-02       6.553611909251e+03 
       1.352461145013e-02       6.554627912114e+03 
       1.353185608037e-02       6.555642173544e+03 
       1.353910109344e-02       6.556654687564e+03 
       1.354634648964e-02       6.557665455048e+03 
       1.355359226928e-02       6.558674476868e+03 
       1.356083843269e-02       6.559681753898e+03 
       1.356808498016e-02       6.560687287005e+03 
       1.357533191202e-02       6.561691077071e+03 
       1.358257922859e-02       6.562693124971e+03 
       1.358982693016e-02       6.563693431589e+03 
       1.359707501708e-02       6.564691997813e+03 
       1.360432348963e-02       6.565688824536e+03 
       1.361157234816e-02       6.566683912656e+03 
       1.361882159297e-02       6.567677263073e+03 
       1.362607122438e-02       6.568668865926e+03 
       1.363332124270e-02       6.569658742339e+03 
       1.364057164827e-02       6.570646883504e+03 
       1.364782244140e-02       6.571633290273e+03 
       1.365507362241e-02       6.572617963513e+03 
       1.366232519161e-02       6.573600904093e+03 
       1.366957714934e-02       6.574582113723e+03 
       1.367682949591e-02       6.575561588274e+03 
       1.368408223165e-02       6.576539335811e+03 
       1.369133535688e-02       6.577515354132e+03 
       1.369858887193e-02       6.578489644108e+03 
       1.370584277711e-02       6.579462206613e+03 
       1.371309707276e-02       6.580433042519e+03 
       1.372035175919e-02       6.581402152703e+03 
       1.372760683674e-02       6.582369538045e+03 
       1.373486230574e-02       6.583335199428e+03 
       1.374211816650e-02       6.584299139219e+03 
       1.374937441936e-02       6.585261343596e+03 
       1.375663106465e-02       6.586221837189e+03 
       1.376388810269e-02       6.587180610124e+03 
       1.377114553382e-02       6.588137663266e+03 
       1.377840335836e-02       6.589092997482e+03 
       1.378566157665e-02       6.590046613639e+03 
       1.379292018901e-02       6.590998512603e+03 
       1.380017919579e-02       6.591948695243e+03 
       1.380743859730e-02       6.592897162449e+03 
       1.381469839390e-02       6.593843914882e+03 
       1.382195858590e-02       6.594788948585e+03 
       1.382921917364e-02       6.595732274009e+03 
       1.383648015746e-02       6.596673887333e+03 
       1.384374153770e-02       6.597613789416e+03 
       1.385100331468e-02       6.598551981119e+03 
       1.385826548875e-02       6.599488463305e+03 
       1.386552806025e-02       6.600423236844e+03 
       1.387279102951e-02       6.601356302613e+03 
       1.388005439686e-02       6.602287661492e+03 
       1.388731816266e-02       6.603217307151e+03 
       1.389458232723e-02       6.604145254023e+03 
       1.390184689092e-02       6.605071496483e+03 
       1.390911185407e-02       6.605996035367e+03 
       1.391637721702e-02       6.606918869478e+03 
       1.392364298012e-02       6.607840003082e+03 
       1.393090914370e-02       6.608759436039e+03 
       1.393817570811e-02       6.609677168781e+03 
       1.394544267369e-02       6.610593202164e+03 
       1.395271004078e-02       6.611507537046e+03 
       1.395997780974e-02       6.612420174288e+03 
       1.396724598090e-02       6.613331114757e+03 
       1.397451455462e-02       6.614240359319e+03 
       1.398178353123e-02       6.615147908853e+03 
       1.398905291110e-02       6.616053763936e+03 
       1.399632269455e-02       6.616957915422e+03 
       1.400359288195e-02       6.617860383842e+03 
       1.401086347364e-02       6.618761160471e+03 
       1.401813446997e-02       6.619660246153e+03 
       1.402540587130e-02       6.620557641730e+03 
       1.403267767796e-02       6.621453348052e+03 
       1.403994989032e-02       6.622347365968e+03 
       1.404722250873e-02       6.623239696334e+03 
       1.405449553353e-02       6.624130340007e+03 
       1.406176896508e-02       6.625019297848e+03 
       1.406904280374e-02       6.625906565990e+03 
       1.407631704986e-02       6.626792153403e+03 
       1.408359170379e-02       6.627676058178e+03 
       1.409086676590e-02       6.628558280419e+03 
       1.409814223653e-02       6.629438820970e+03 
       1.410541811604e-02       6.630317680675e+03 
       1.411269440479e-02       6.631194860377e+03 
       1.411997110314e-02       6.632070360928e+03 
       1.412724821145e-02       6.632944183183e+03 
       1.413452573007e-02       6.633816328006e+03 
       1.414180365937e-02       6.634686788373e+03 
       1.414908199970e-02       6.635555580026e+03 
       1.415636075143e-02       6.636422696671e+03 
       1.416363991492e-02       6.637288139146e+03 
       1.417091949053e-02       6.638151907052e+03 
       1.417819947862e-02       6.639014002139e+03 
       1.418547987956e-02       6.639874426837e+03 
       1.419276069371e-02       6.640733180679e+03 
       1.420004192143e-02       6.641590264501e+03 
       1.420732356309e-02       6.642445679140e+03 
       1.421460561906e-02       6.643299425438e+03 
       1.422188808970e-02       6.644151504243e+03 
       1.422917097538e-02       6.645001916407e+03 
       1.423645427647e-02       6.645850662792e+03 
       1.424373799333e-02       6.646697743979e+03 
       1.425102212633e-02       6.647543150404e+03 
       1.425830667585e-02       6.648386903356e+03 
       1.426559164225e-02       6.649228993727e+03 
       1.427287702590e-02       6.650069422349e+03 
       1.428016282718e-02       6.650908190056e+03 
       1.428744904645e-02       6.651745297679e+03 
       1.429473568410e-02       6.652580746049e+03 
       1.430202274048e-02       6.653414536000e+03 
       1.430931021598e-02       6.654246668370e+03 
       1.431659811097e-02       6.655077144009e+03 
       1.432388642582e-02       6.655905957743e+03 
       1.433117516092e-02       6.656733122136e+03 
       1.433846431663e-02       6.657558631907e+03 
       1.434575389333e-02       6.658382488193e+03 
       1.435304389140e-02       6.659204691826e+03 
       1.436033431122e-02       6.660025243642e+03 
       1.436762515316e-02       6.660844144476e+03 
       1.437491641761e-02       6.661661395169e+03 
       1.438220810495e-02       6.662476996558e+03 
       1.438950021555e-02       6.663290949347e+03 
       1.439679274980e-02       6.664103246505e+03 
       1.440408570807e-02       6.664913904129e+03 
       1.441137909076e-02       6.665722915652e+03 
       1.441867289824e-02       6.666530281909e+03 
       1.442596713089e-02       6.667336001030e+03 
       1.443326178911e-02       6.668140078908e+03 
       1.444055687327e-02       6.668942514010e+03 
       1.444785238376e-02       6.669743307115e+03 
       1.445514832097e-02       6.670542459050e+03 
       1.446244468528e-02       6.671339970645e+03 
       1.446974147708e-02       6.672135842728e+03 
       1.447703869675e-02       6.672930076130e+03 
       1.448433634470e-02       6.673722671684e+03 
       1.449163442129e-02       6.674513630232e+03 
       1.449893292694e-02       6.675302953988e+03 
       1.450623186202e-02       6.676090627745e+03 
       1.451353122692e-02       6.676876679039e+03 
       1.452083102204e-02       6.677661096462e+03 
       1.452813124777e-02       6.678443880836e+03 
       1.453543190450e-02       6.679225032983e+03 
       1.454273299263e-02       6.680004553727e+03 
       1.455003451255e-02       6.680782443891e+03 
       1.455733646465e-02       6.681558704301e+03 
       1.456463884933e-02       6.682333335782e+03 
       1.457194166698e-02       6.683106339161e+03 
       1.457924491801e-02       6.683877709428e+03 
       1.458654860281e-02       6.684647458333e+03 
       1.459385272177e-02       6.685415581622e+03 
       1.460115727530e-02       6.686182079983e+03 
       1.460846226379e-02       6.686946954237e+03 
       1.461576768764e-02       6.687710205205e+03 
       1.462307354726e-02       6.688471833711e+03 
       1.463037984304e-02       6.689231840583e+03 
       1.463768657539e-02       6.689990226653e+03 
       1.464499374471e-02       6.690746992753e+03 
       1.465230135140e-02       6.691502131169e+03 
       1.465960939586e-02       6.692255659004e+03 
       1.466691787850e-02       6.693007569135e+03 
       1.467422679973e-02       6.693757862434e+03 
       1.468153615994e-02       6.694506540915e+03 
       1.468884595955e-02       6.695253598698e+03 
       1.469615619896e-02       6.695999046049e+03 
       1.470346687858e-02       6.696742879770e+03 
       1.471077799881e-02       6.697485100674e+03 
       1.471808956007e-02       6.698225709592e+03 
       1.472540156277e-02       6.698964707299e+03 
       1.473271400730e-02       6.699702094661e+03 
       1.474002689409e-02       6.700437872486e+03 
       1.474734022355e-02       6.701172041604e+03 
       1.475465399609e-02       6.701904602847e+03 
       1.476196821211e-02       6.702635545161e+03 
       1.476928287203e-02       6.703364891877e+03 
       1.477659797628e-02       6.704092633017e+03 
       1.478391352525e-02       6.704818769330e+03 
       1.479122951936e-02       6.705543301623e+03 
       1.479854595904e-02       6.706266230703e+03 
       1.480586284470e-02       6.706987557379e+03 
       1.481318017675e-02       6.707707282457e+03 
       1.482049795561e-02       6.708425406754e+03 
       1.482781618169e-02       6.709141931085e+03 
       1.483513485543e-02       6.709856856272e+03 
       1.484245397724e-02       6.710570176695e+03 
       1.484977354753e-02       6.711281905417e+03 
       1.485709356673e-02       6.711992037284e+03 
       1.486441403526e-02       6.712700573123e+03 
       1.487173495355e-02       6.713407513738e+03 
       1.487905632201e-02       6.714112859932e+03 
       1.488637814106e-02       6.714816612510e+03 
       1.489370041114e-02       6.715518772284e+03 
       1.490102313267e-02       6.716219340071e+03 
       1.490834630607e-02       6.716918316688e+03 
       1.491566993176e-02       6.717615694151e+03 
       1.492299401018e-02       6.718311489875e+03 
       1.493031854175e-02       6.719005696841e+03 
       1.493764352690e-02       6.719698315734e+03 
       1.494496896606e-02       6.720389347931e+03 
       1.495229485966e-02       6.721078789302e+03 
       1.495962120813e-02       6.721766648451e+03 
       1.496694801189e-02       6.722452922669e+03 
       1.497427527138e-02       6.723137612751e+03 
       1.498160298703e-02       6.723820719493e+03 
       1.498893115928e-02       6.724502243698e+03 
       1.499625978855e-02       6.725182186167e+03 
       1.500358887529e-02       6.725860547706e+03 
       1.501091841992e-02       6.726537329125e+03 
       1.501824842288e-02       6.727212531244e+03 
       1.502557888460e-02       6.727886154632e+03 
       1.503290980553e-02       6.728558187624e+03 
       1.504024118610e-02       6.729228655417e+03 
       1.504757302675e-02       6.729897546938e+03 
       1.505490532791e-02       6.730564862972e+03 
       1.506223809002e-02       6.731230604304e+03 
       1.506957131354e-02       6.731894771726e+03 
       1.507690499889e-02       6.732557366028e+03 
       1.508423914651e-02       6.733218388003e+03 
       1.509157375685e-02       6.733877838447e+03 
       1.509890883036e-02       6.734535718161e+03 
       1.510624436747e-02       6.735192027914e+03 
       1.511358036863e-02       6.735846761706e+03 
       1.512091683428e-02       6.736499933335e+03 
       1.512825376486e-02       6.737151537336e+03 
       1.513559116084e-02       6.737801574482e+03 
       1.514292902264e-02       6.738450045570e+03 
       1.515026735072e-02       6.739096951395e+03 
       1.515760614552e-02       6.739742292737e+03 
       1.516494540750e-02       6.740386070389e+03 
       1.517228513710e-02       6.741028285150e+03 
       1.517962533478e-02       6.741668937821e+03 
       1.518696600098e-02       6.742308021615e+03 
       1.519430713615e-02       6.742945551682e+03 
       1.520164874075e-02       6.743581521915e+03 
       1.520899081523e-02       6.744215933104e+03 
       1.521633336005e-02       6.744848786044e+03 
       1.522367637565e-02       6.745480081537e+03 
       1.523101986249e-02       6.746109820391e+03 
       1.523836382103e-02       6.746738003420e+03 
       1.524570825172e-02       6.747364636718e+03 
       1.525305315502e-02       6.747989690955e+03 
       1.526039853139e-02       6.748613209801e+03 
       1.526774438128e-02       6.749235175753e+03 
       1.527509070516e-02       6.749855589593e+03 
       1.528243750348e-02       6.750474452100e+03 
       1.528978477671e-02       6.751091764055e+03 
       1.529713252530e-02       6.751707526241e+03 
       1.530448074971e-02       6.752321739443e+03 
       1.531182945042e-02       6.752934404452e+03 
       1.531917862787e-02       6.753545522067e+03 
       1.532652828254e-02       6.754155085900e+03 
       1.533387841489e-02       6.754763110457e+03 
       1.534122902538e-02       6.755369589789e+03 
       1.534858011449e-02       6.755974524743e+03 
       1.535593168266e-02       6.756577916097e+03 
       1.536328373039e-02       6.757179764629e+03 
       1.537063625812e-02       6.757780071121e+03 
       1.537798926633e-02       6.758378836361e+03 
       1.538534275549e-02       6.758976061139e+03 
       1.539269672607e-02       6.759571746177e+03 
       1.540005117854e-02       6.760165882372e+03 
       1.540740611337e-02       6.760758489489e+03 
       1.541476153103e-02       6.761349559118e+03 
       1.542211743200e-02       6.761939092050e+03 
       1.542947381674e-02       6.762527086612e+03 
       1.543683068574e-02       6.763113547294e+03 
       1.544418803946e-02       6.763698474420e+03 
       1.545154587839e-02       6.764281867894e+03 
       1.545890420299e-02       6.764863728486e+03 
       1.546626301376e-02       6.765444056972e+03 
       1.547362231115e-02       6.766022854130e+03 
       1.548098209566e-02       6.766600120738e+03 
       1.548834236775e-02       6.767175857578e+03 
       1.549570312792e-02       6.767750065440e+03 
       1.550306437664e-02       6.768322745126e+03 
       1.551042611439e-02       6.768893883165e+03 
       1.551778834165e-02       6.769463507414e+03 
       1.552515105891e-02       6.770031605595e+03 
       1.553251426665e-02       6.770598178473e+03 
       1.553987796535e-02       6.771163226818e+03 
       1.554724215550e-02       6.771726751393e+03 
       1.555460683758e-02       6.772288752967e+03 
       1.556197201209e-02       6.772849232311e+03 
       1.556933767950e-02       6.773408190197e+03 
       1.557670384030e-02       6.773965627401e+03 
       1.558407049499e-02       6.774521546429e+03 
       1.559143764405e-02       6.775075935074e+03 
       1.559880528797e-02       6.775628814065e+03 
       1.560617342724e-02       6.776180175322e+03 
       1.561354206235e-02       6.776730019613e+03 
       1.562091119380e-02       6.777278347707e+03 
       1.562828082208e-02       6.777825160376e+03 
       1.563565094767e-02       6.778370458394e+03 
       1.564302157108e-02       6.778914242537e+03 
       1.565039269280e-02       6.779456513588e+03 
       1.565776431333e-02       6.779997271997e+03 
       1.566513643315e-02       6.780536508462e+03 
       1.567250905278e-02       6.781074243745e+03 
       1.567988217270e-02       6.781610468843e+03 
       1.568725579341e-02       6.782145184394e+03 
       1.569462991542e-02       6.782678387896e+03 
       1.570200453922e-02       6.783210086633e+03 
       1.570937966531e-02       6.783740278164e+03 
       1.571675529420e-02       6.784268963249e+03 
       1.572413142639e-02       6.784796142650e+03 
       1.573150806237e-02       6.785321817135e+03 
       1.573888520266e-02       6.785845987469e+03 
       1.574626284776e-02       6.786368654421e+03 
       1.575364099817e-02       6.786889818769e+03 
       1.576101965440e-02       6.787409481294e+03 
       1.576839881695e-02       6.787927648875e+03 
       1.577577848634e-02       6.788444288394e+03 
       1.578315866307e-02       6.788959448501e+03 
       1.579053934764e-02       6.789473109600e+03 
       1.579792054057e-02       6.789985272440e+03 
       1.580530224238e-02       6.790495937771e+03 
       1.581268445356e-02       6.791005106347e+03 
       1.582006717463e-02       6.791512778924e+03 
       1.582745040611e-02       6.792018956263e+03 
       1.583483414850e-02       6.792523639129e+03 
       1.584221840232e-02       6.793026828287e+03 
       1.584960316809e-02       6.793528516831e+03 
       1.585698844632e-02       6.794028719992e+03 
       1.586437423753e-02       6.794527431699e+03 
       1.587176054223e-02       6.795024652594e+03 
       1.587914736094e-02       6.795520383427e+03 
       1.588653469419e-02       6.796014624950e+03 
       1.589392254248e-02       6.796507377915e+03 
       1.590131090634e-02       6.796998643079e+03 
       1.590869978629e-02       6.797488421202e+03 
       1.591608918285e-02       6.797976712880e+03 
       1.592347909655e-02       6.798463508365e+03 
       1.593086952790e-02       6.798948828891e+03 
       1.593826047743e-02       6.799432665239e+03 
       1.594565194567e-02       6.799915018169e+03 
       1.595304393313e-02       6.800395884996e+03 
       1.596043644035e-02       6.800875272779e+03 
       1.596782946786e-02       6.801353179540e+03 
       1.597522301617e-02       6.801829605814e+03 
       1.598261708582e-02       6.802304552343e+03 
       1.599001167734e-02       6.802778019875e+03 
       1.599740679126e-02       6.803250009155e+03 
       1.600480242810e-02       6.803720520934e+03 
       1.601219858841e-02       6.804189555966e+03 
       1.601959527270e-02       6.804657115019e+03 
       1.602699248152e-02       6.805123198870e+03 
       1.603439021540e-02       6.805587792634e+03 
       1.604178847487e-02       6.806050926916e+03 
       1.604918726046e-02       6.806512587928e+03 
       1.605658657272e-02       6.806972776482e+03 
       1.606398641218e-02       6.807431493320e+03 
       1.607138677938e-02       6.807888739182e+03 
       1.607878767485e-02       6.808344514811e+03 
       1.608618909914e-02       6.808798820947e+03 
       1.609359105278e-02       6.809251658336e+03 
       1.610099353632e-02       6.809703027721e+03 
       1.610839655029e-02       6.810152930931e+03 
       1.611580009525e-02       6.810601357022e+03 
       1.612320417172e-02       6.811048326045e+03 
       1.613060878027e-02       6.811493829906e+03 
       1.613801392142e-02       6.811937869343e+03 
       1.614541959573e-02       6.812380445095e+03 
       1.615282580373e-02       6.812821557905e+03 
       1.616023254599e-02       6.813261208516e+03 
       1.616763982305e-02       6.813699397683e+03 
       1.617504763544e-02       6.814136126161e+03 
       1.618245598374e-02       6.814571399419e+03 
       1.618986486847e-02       6.815005192117e+03 
       1.619727429021e-02       6.815437541844e+03 
       1.620468424948e-02       6.815868433676e+03 
       1.621209474686e-02       6.816297868337e+03 
       1.621950578289e-02       6.816725842654e+03 
       1.622691735813e-02       6.817152364814e+03 
       1.623432947312e-02       6.817577431958e+03 
       1.624174212843e-02       6.818001044808e+03 
       1.624915532462e-02       6.818423204098e+03 
       1.625656906224e-02       6.818843910563e+03 
       1.626398334184e-02       6.819263164942e+03 
       1.627139816399e-02       6.819680967981e+03 
       1.627881352925e-02       6.820097320430e+03 
       1.628622943817e-02       6.820512223045e+03 
       1.629364589133e-02       6.820925677685e+03 
       1.630106288927e-02       6.821337665070e+03 
       1.630848043256e-02       6.821748221062e+03 
       1.631589852178e-02       6.822157329924e+03 
       1.632331715747e-02       6.822564992381e+03 
       1.633073634021e-02       6.822971209155e+03 
       1.633815607056e-02       6.823375980974e+03 
       1.634557634909e-02       6.823779308587e+03 
       1.635299717637e-02       6.824181192656e+03 
       1.636041855297e-02       6.824581633983e+03 
       1.636784047945e-02       6.824980633285e+03 
       1.637526295638e-02       6.825378194816e+03 
       1.638268598434e-02       6.825774299746e+03 
       1.639010956390e-02       6.826168976509e+03 
       1.639753369562e-02       6.826562214042e+03 
       1.640495838009e-02       6.826954013070e+03 
       1.641238361788e-02       6.827344374317e+03 
       1.641980940956e-02       6.827733298510e+03 
       1.642723575571e-02       6.828120786377e+03 
       1.643466265691e-02       6.828506838654e+03 
       1.644209011373e-02       6.828891456083e+03 
       1.644951812675e-02       6.829274638237e+03 
       1.645694669654e-02       6.829656376689e+03 
       1.646437582370e-02       6.830036692777e+03 
       1.647180550881e-02       6.830415576686e+03 
       1.647923575243e-02       6.830793031089e+03 
       1.648666655516e-02       6.831169053067e+03 
       1.649409791757e-02       6.831543645134e+03 
       1.650152984026e-02       6.831916808028e+03 
       1.650896232381e-02       6.832288542498e+03 
       1.651639536880e-02       6.832658851757e+03 
       1.652382897582e-02       6.833027711661e+03 
       1.653126314546e-02       6.833395163603e+03 
       1.653869787831e-02       6.833761189776e+03 
       1.654613317495e-02       6.834125790894e+03 
       1.655356903597e-02       6.834488967673e+03 
       1.656100546197e-02       6.834850720829e+03 
       1.656844245354e-02       6.835211051080e+03 
       1.657588001127e-02       6.835569959145e+03 
       1.658331813575e-02       6.835927445745e+03 
       1.659075682758e-02       6.836283511611e+03 
       1.659819608735e-02       6.836638158999e+03 
       1.660563591566e-02       6.836991374567e+03 
       1.661307631310e-02       6.837343181653e+03 
       1.662051728028e-02       6.837693570750e+03 
       1.662795881779e-02       6.838042542574e+03 
       1.663540092623e-02       6.838390097835e+03 
       1.664284360621e-02       6.838736237253e+03 
       1.665028685831e-02       6.839080961550e+03 
       1.665773068315e-02       6.839424271453e+03 
       1.666517508132e-02       6.839766167700e+03 
       1.667262005344e-02       6.840106636581e+03 
       1.668006560010e-02       6.840445708767e+03 
       1.668751172191e-02       6.840783367070e+03 
       1.669495841947e-02       6.841119614400e+03 
       1.670240569340e-02       6.841454452165e+03 
       1.670985354430e-02       6.841787874577e+03 
       1.671730197278e-02       6.842119892851e+03 
       1.672475097945e-02       6.842450502936e+03 
       1.673220056492e-02       6.842779705542e+03 
       1.673965072980e-02       6.843107501379e+03 
       1.674710147470e-02       6.843433891152e+03 
       1.675455280025e-02       6.843758875591e+03 
       1.676200470704e-02       6.844082455402e+03 
       1.676945719569e-02       6.844404631317e+03 
       1.677691026683e-02       6.844725404073e+03 
       1.678436392107e-02       6.845044781447e+03 
       1.679181815902e-02       6.845362724391e+03 
       1.679927298131e-02       6.845679290230e+03 
       1.680672838855e-02       6.845994455502e+03 
       1.681418438136e-02       6.846308220909e+03 
       1.682164096036e-02       6.846620587155e+03 
       1.682909812619e-02       6.846931554945e+03 
       1.683655587945e-02       6.847241124991e+03 
       1.684401422077e-02       6.847549297995e+03 
       1.685147315078e-02       6.847856074669e+03 
       1.685893267010e-02       6.848161455729e+03 
       1.686639277936e-02       6.848465437719e+03 
       1.687385347919e-02       6.848768023845e+03 
       1.688131477021e-02       6.849069221361e+03 
       1.688877665306e-02       6.849369025946e+03 
       1.689623912835e-02       6.849667438303e+03 
       1.690370219673e-02       6.849964459133e+03 
       1.691116585883e-02       6.850260089141e+03 
       1.691863011527e-02       6.850554329039e+03 
       1.692609496670e-02       6.850847179541e+03 
       1.693356041374e-02       6.851138641371e+03 
       1.694102645703e-02       6.851428700599e+03 
       1.694849309721e-02       6.851717387900e+03 
       1.695596033491e-02       6.852004686639e+03 
       1.696342817078e-02       6.852290599341e+03 
       1.697089660544e-02       6.852575126755e+03 
       1.697836563955e-02       6.852858264817e+03 
       1.698583527374e-02       6.853140023171e+03 
       1.699330550865e-02       6.853420398213e+03 
       1.700077634493e-02       6.853699390638e+03 
       1.700824778321e-02       6.853977001139e+03 
       1.701571982415e-02       6.854253230418e+03 
       1.702319246839e-02       6.854528079176e+03 
       1.703066571657e-02       6.854801548166e+03 
       1.703813956935e-02       6.855073637970e+03 
       1.704561402736e-02       6.855344349442e+03 
       1.705308909126e-02       6.855613685545e+03 
       1.706056476171e-02       6.855881620882e+03 
       1.706804103934e-02       6.856148199723e+03 
       1.707551792481e-02       6.856413402731e+03 
       1.708299541877e-02       6.856677230596e+03 
       1.709047352189e-02       6.856939684006e+03 
       1.709795223480e-02       6.857200763652e+03 
       1.710543155817e-02       6.857460470225e+03 
       1.711291149266e-02       6.857718804419e+03 
       1.712039203891e-02       6.857975766929e+03 
       1.712787319759e-02       6.858231358458e+03 
       1.713535496937e-02       6.858485581962e+03 
       1.714283735488e-02       6.858738421137e+03 
       1.715032035481e-02       6.858989902967e+03 
       1.715780396981e-02       6.859240016452e+03 
       1.716528820054e-02       6.859488762280e+03 
       1.717277304767e-02       6.859736141141e+03 
       1.718025851186e-02       6.859982153733e+03 
       1.718774459378e-02       6.860226800460e+03 
       1.719523129410e-02       6.860470081749e+03 
       1.720271861347e-02       6.860711998867e+03 
       1.721020655258e-02       6.860952555225e+03 
       1.721769511209e-02       6.861191729263e+03 
       1.722518429266e-02       6.861429556769e+03 
       1.723267409498e-02       6.861666022696e+03 
       1.724016451971e-02       6.861901127699e+03 
       1.724765556753e-02       6.862134866916e+03 
       1.725514723911e-02       6.862367252592e+03 
       1.726263953513e-02       6.862598278498e+03 
       1.727013245626e-02       6.862827946164e+03 
       1.727762600318e-02       6.863056256271e+03 
       1.728512017657e-02       6.863283209505e+03 
       1.729261497710e-02       6.863508806553e+03 
       1.730011040546e-02       6.863733048110e+03 
       1.730760646233e-02       6.863955934865e+03 
       1.731510314839e-02       6.864177467534e+03 
       1.732260046432e-02       6.864397646821e+03 
       1.733009841081e-02       6.864616455967e+03 
       1.733759698854e-02       6.864833927294e+03 
       1.734509619820e-02       6.865050048597e+03 
       1.735259604046e-02       6.865264819049e+03 
       1.736009651603e-02       6.865478239260e+03 
       1.736759762560e-02       6.865690309903e+03 
       1.737509936984e-02       6.865901031658e+03 
       1.738260174945e-02       6.866110405204e+03 
       1.739010476512e-02       6.866318431220e+03 
       1.739760841754e-02       6.866525110392e+03 
       1.740511270742e-02       6.866730443405e+03 
       1.741261763544e-02       6.866934427795e+03 
       1.742012320229e-02       6.867137062863e+03 
       1.742762940868e-02       6.867338360522e+03 
       1.743513625530e-02       6.867538314600e+03 
       1.744264374286e-02       6.867736925700e+03 
       1.745015187204e-02       6.867934194629e+03 
       1.745766064356e-02       6.868130122004e+03 
       1.746517005810e-02       6.868324708504e+03 
       1.747268011638e-02       6.868517954821e+03 
       1.748019081910e-02       6.868709861643e+03 
       1.748770216696e-02       6.868900435534e+03 
       1.749521416067e-02       6.869089644761e+03 
       1.750272680094e-02       6.869277535860e+03 
       1.751024008846e-02       6.869464089987e+03 
       1.751775402396e-02       6.869649307819e+03 
       1.752526860813e-02       6.869833185275e+03 
       1.753278384170e-02       6.870015732008e+03 
       1.754029972537e-02       6.870196944421e+03 
       1.754781625985e-02       6.870376823203e+03 
       1.755533344586e-02       6.870555368967e+03 
       1.756285128411e-02       6.870732582380e+03 
       1.757036977532e-02       6.870908464124e+03 
       1.757788892021e-02       6.871083014871e+03 
       1.758540871948e-02       6.871256235301e+03 
       1.759292917387e-02       6.871428126103e+03 
       1.760045028409e-02       6.871598687975e+03 
       1.760797205085e-02       6.871767902393e+03 
       1.761549447489e-02       6.871935806223e+03 
       1.762301755693e-02       6.872102383406e+03 
       1.763054129768e-02       6.872267634068e+03 
       1.763806569788e-02       6.872431558869e+03 
       1.764559075824e-02       6.872594158390e+03 
       1.765311647951e-02       6.872755433444e+03 
       1.766064286239e-02       6.872915384623e+03 
       1.766816990763e-02       6.873074012600e+03 
       1.767569761595e-02       6.873231318041e+03 
       1.768322598808e-02       6.873387301627e+03 
       1.769075502476e-02       6.873541968283e+03 
       1.769828472671e-02       6.873695294807e+03 
       1.770581509468e-02       6.873847315818e+03 
       1.771334612940e-02       6.873998017489e+03 
       1.772087783159e-02       6.874147400470e+03 
       1.772841020201e-02       6.874295465424e+03 
       1.773594324139e-02       6.874442213009e+03 
       1.774347695046e-02       6.874587643819e+03 
       1.775101132997e-02       6.874731758663e+03 
       1.775854638067e-02       6.874874558161e+03 
       1.776608210328e-02       6.875016044874e+03 
       1.777361849856e-02       6.875156198838e+03 
       1.778115556724e-02       6.875295055005e+03 
       1.778869331009e-02       6.875432598296e+03 
       1.779623172783e-02       6.875568829370e+03 
       1.780377082122e-02       6.875703748163e+03 
       1.781131059102e-02       6.875837352225e+03 
       1.781885103795e-02       6.875969650110e+03 
       1.782639216279e-02       6.876100638330e+03 
       1.783393396628e-02       6.876230317536e+03 
       1.784147644917e-02       6.876358688308e+03 
       1.784901961222e-02       6.876485751435e+03 
       1.785656345618e-02       6.876611507519e+03 
       1.786410798181e-02       6.876735957223e+03 
       1.787165318987e-02       6.876859101233e+03 
       1.787919908111e-02       6.876980940222e+03 
       1.788674565630e-02       6.877101481268e+03 
       1.789429291619e-02       6.877220684500e+03 
       1.790184086154e-02       6.877338610557e+03 
       1.790938949313e-02       6.877455233957e+03 
       1.791693881170e-02       6.877570555356e+03 
       1.792448881804e-02       6.877684575397e+03 
       1.793203951289e-02       6.877797294726e+03 
       1.793959089704e-02       6.877908713990e+03 
       1.794714297124e-02       6.878018833756e+03 
       1.795469573628e-02       6.878127654832e+03 
       1.796224919291e-02       6.878235177799e+03 
       1.796980334190e-02       6.878341403275e+03 
       1.797735818404e-02       6.878446321011e+03 
       1.798491372010e-02       6.878549952645e+03 
       1.799246995084e-02       6.878652288641e+03 
       1.800002687705e-02       6.878753329646e+03 
       1.800758449950e-02       6.878853076300e+03 
       1.801514281898e-02       6.878951529265e+03 
       1.802270183625e-02       6.879048689187e+03 
       1.803026155210e-02       6.879144556724e+03 
       1.803782196731e-02       6.879239132534e+03 
       1.804538308266e-02       6.879332417210e+03 
       1.805294489894e-02       6.879424396737e+03 
       1.806050741694e-02       6.879515099941e+03 
       1.806807063742e-02       6.879604513934e+03 
       1.807563456120e-02       6.879692639262e+03 
       1.808319918904e-02       6.879779477451e+03 
       1.809076452175e-02       6.879865021247e+03 
       1.809833056011e-02       6.879949283970e+03 
       1.810589730491e-02       6.880032260522e+03 
       1.811346475694e-02       6.880113951549e+03 
       1.812103291700e-02       6.880194357692e+03 
       1.812860178589e-02       6.880273479596e+03 
       1.813617136439e-02       6.880351317906e+03 
       1.814374165332e-02       6.880427873199e+03 
       1.815131265345e-02       6.880503146264e+03 
       1.815888436560e-02       6.880577137706e+03 
       1.816645679057e-02       6.880649847870e+03 
       1.817402992915e-02       6.880721257202e+03 
       1.818160378214e-02       6.880791405857e+03 
       1.818917835036e-02       6.880860275254e+03 
       1.819675363461e-02       6.880927865973e+03 
       1.820432963569e-02       6.880994178646e+03 
       1.821190635441e-02       6.881059213906e+03 
       1.821948379158e-02       6.881122972396e+03 
       1.822706194801e-02       6.881185454750e+03 
       1.823464082451e-02       6.881246661611e+03 
       1.824222042188e-02       6.881306593622e+03 
       1.824980074096e-02       6.881365251340e+03 
       1.825738178254e-02       6.881422624510e+03 
       1.826496354744e-02       6.881478734971e+03 
       1.827254603649e-02       6.881533572917e+03 
       1.828012925049e-02       6.881587139058e+03 
       1.828771319027e-02       6.881639434028e+03 
       1.829529785665e-02       6.881690458459e+03 
       1.830288325044e-02       6.881740212987e+03 
       1.831046937248e-02       6.881788698242e+03 
       1.831805622358e-02       6.881835914882e+03 
       1.832564380456e-02       6.881881863551e+03 
       1.833323211627e-02       6.881926543160e+03 
       1.834082115951e-02       6.881969943519e+03 
       1.834841093512e-02       6.882012090638e+03 
       1.835600144394e-02       6.882052972203e+03 
       1.836359268678e-02       6.882092588783e+03 
       1.837118466449e-02       6.882130935789e+03 
       1.837877737789e-02       6.882168023840e+03 
       1.838637082782e-02       6.882203848725e+03 
       1.839396501511e-02       6.882238411068e+03 
       1.840155994061e-02       6.882271711498e+03 
       1.840915560514e-02       6.882303750640e+03 
       1.841675200955e-02       6.882334529128e+03 
       1.842434915468e-02       6.882364047596e+03 
       1.843194704137e-02       6.882392306682e+03 
       1.843954567046e-02       6.882419307032e+03 
       1.844714504280e-02       6.882445049232e+03 
       1.845474515923e-02       6.882469510070e+03 
       1.846234602059e-02       6.882492739150e+03 
       1.846994762774e-02       6.882514708947e+03 
       1.847754998152e-02       6.882535422907e+03 
       1.848515308278e-02       6.882554881645e+03 
       1.849275693238e-02       6.882573085784e+03 
       1.850036153117e-02       6.882590035943e+03 
       1.850796687999e-02       6.882605732750e+03 
       1.851557297971e-02       6.882620176827e+03 
       1.852317983118e-02       6.882633368810e+03 
       1.853078743525e-02       6.882645309327e+03 
       1.853839579279e-02       6.882656003215e+03 
       1.854600490466e-02       6.882665426628e+03 
       1.855361477171e-02       6.882673615379e+03 
       1.856122539482e-02       6.882680555077e+03 
       1.856883677483e-02       6.882686246263e+03 
       1.857644891262e-02       6.882690689562e+03 
       1.858406180905e-02       6.882693885598e+03 
       1.859167546499e-02       6.882695834998e+03 
       1.859928988131e-02       6.882696538391e+03 
       1.860690505887e-02       6.882695996415e+03 
       1.861452099856e-02       6.882694212005e+03 
       1.862213770123e-02       6.882691162942e+03 
       1.862975516777e-02       6.882686887292e+03 
       1.863737339904e-02       6.882681368581e+03 
       1.864499239592e-02       6.882674607421e+03 
       1.865261215930e-02       6.882666603822e+03 
       1.866023269005e-02       6.882657354488e+03 
       1.866785398904e-02       6.882646869167e+03 
       1.867547605716e-02       6.882635143778e+03 
       1.868309889530e-02       6.882622178937e+03 
       1.869072250433e-02       6.882607975260e+03 
       1.869834688513e-02       6.882592533366e+03 
       1.870597203861e-02       6.882575853875e+03 
       1.871359796563e-02       6.882557937405e+03 
       1.872122466710e-02       6.882538784596e+03 
       1.872885214389e-02       6.882518396090e+03 
       1.873648039691e-02       6.882496777812e+03 
       1.874410942704e-02       6.882473891825e+03 
       1.875173923518e-02       6.882449797986e+03 
       1.875936982222e-02       6.882424470718e+03 
       1.876700118906e-02       6.882397910527e+03 
       1.877463333659e-02       6.882370118054e+03 
       1.878226626572e-02       6.882341093900e+03 
       1.878989997735e-02       6.882310838666e+03 
       1.879753447237e-02       6.882279352965e+03 
       1.880516975168e-02       6.882246637410e+03 
       1.881280581621e-02       6.882212692630e+03 
       1.882044266683e-02       6.882177519035e+03 
       1.882808030447e-02       6.882141106124e+03 
       1.883571873004e-02       6.882103476337e+03 
       1.884335794443e-02       6.882064619628e+03 
       1.885099794857e-02       6.882024536591e+03 
       1.885863874336e-02       6.881983227740e+03 
       1.886628032971e-02       6.881940693846e+03 
       1.887392270855e-02       6.881896935441e+03 
       1.888156588078e-02       6.881851953144e+03 
       1.888920984733e-02       6.881805747574e+03 
       1.889685460911e-02       6.881758319361e+03 
       1.890450016704e-02       6.881709650941e+03 
       1.891214652204e-02       6.881659780457e+03 
       1.891979367504e-02       6.881608686489e+03 
       1.892744162695e-02       6.881556372116e+03 
       1.893509037871e-02       6.881502837850e+03 
       1.894273993124e-02       6.881448079011e+03 
       1.895039028546e-02       6.881392106548e+03 
       1.895804144232e-02       6.881334915926e+03 
       1.896569340273e-02       6.881276507894e+03 
       1.897334616762e-02       6.881216882983e+03 
       1.898099973794e-02       6.881156041787e+03 
       1.898865411462e-02       6.881093984925e+03 
       1.899630929858e-02       6.881030712995e+03 
       1.900396529078e-02       6.880966226615e+03 
       1.901162209214e-02       6.880900526405e+03 
       1.901927970361e-02       6.880833612989e+03 
       1.902693812613e-02       6.880765466262e+03 
       1.903459736064e-02       6.880696125023e+03 
       1.904225740809e-02       6.880625573590e+03 
       1.904991826941e-02       6.880553811079e+03 
       1.905757994556e-02       6.880480838000e+03 
       1.906524243749e-02       6.880406655090e+03 
       1.907290574614e-02       6.880331262880e+03 
       1.908056987246e-02       6.880254661964e+03 
       1.908823481741e-02       6.880176852944e+03 
       1.909590058194e-02       6.880097836416e+03 
       1.910356716701e-02       6.880017612987e+03 
       1.911123457357e-02       6.879936186663e+03 
       1.911890280257e-02       6.879853535558e+03 
       1.912657185499e-02       6.879769693988e+03 
       1.913424173177e-02       6.879684647781e+03 
       1.914191243389e-02       6.879598397447e+03 
       1.914958396230e-02       6.879510943658e+03 
       1.915725631797e-02       6.879422286985e+03 
       1.916492950186e-02       6.879332427925e+03 
       1.917260351494e-02       6.879241367253e+03 
       1.918027835819e-02       6.879149105491e+03 
       1.918795403256e-02       6.879055643207e+03 
       1.919563053904e-02       6.878960964685e+03 
       1.920330787860e-02       6.878865102054e+03 
       1.921098605220e-02       6.878768040451e+03 
       1.921866506083e-02       6.878669780547e+03 
       1.922634490547e-02       6.878570323894e+03 
       1.923402558708e-02       6.878469662420e+03 
       1.924170710666e-02       6.878367810663e+03 
       1.924938946518e-02       6.878264762880e+03 
       1.925707266363e-02       6.878160519655e+03 
       1.926475670300e-02       6.878055081485e+03 
       1.927244158425e-02       6.877948449118e+03 
       1.928012730840e-02       6.877840623091e+03 
       1.928781387642e-02       6.877731603972e+03 
       1.929550128930e-02       6.877621392374e+03 
       1.930318954803e-02       6.877509988905e+03 
       1.931087865362e-02       6.877397394170e+03 
       1.931856860704e-02       6.877283584130e+03 
       1.932625940931e-02       6.877168608497e+03 
       1.933395106141e-02       6.877052441425e+03 
       1.934164356435e-02       6.876935085156e+03 
       1.934933691912e-02       6.876816540267e+03 
       1.935703112674e-02       6.876696807331e+03 
       1.936472618819e-02       6.876575886839e+03 
       1.937242210448e-02       6.876453779528e+03 
       1.938011887663e-02       6.876330485914e+03 
       1.938781650564e-02       6.876206006582e+03 
       1.939551499252e-02       6.876080342128e+03 
       1.940321433827e-02       6.875953497275e+03 
       1.941091454392e-02       6.875825447559e+03 
       1.941861561047e-02       6.875696230188e+03 
       1.942631753894e-02       6.875565829870e+03 
       1.943402033035e-02       6.875434247184e+03 
       1.944172398571e-02       6.875301482711e+03 
       1.944942850605e-02       6.875167537024e+03 
       1.945713389238e-02       6.875032410706e+03 
       1.946484014573e-02       6.874896104261e+03 
       1.947254726712e-02       6.874758618427e+03 
       1.948025525758e-02       6.874619953715e+03 
       1.948796411813e-02       6.874480094186e+03 
       1.949567384980e-02       6.874339071949e+03 
       1.950338445363e-02       6.874196872592e+03 
       1.951109593064e-02       6.874053496485e+03 
       1.951880828186e-02       6.873908944329e+03 
       1.952652150834e-02       6.873763211919e+03 
       1.953423561111e-02       6.873616308670e+03 
       1.954195059120e-02       6.873468230853e+03 
       1.954966644965e-02       6.873318979135e+03 
       1.955738318751e-02       6.873168554058e+03 
       1.956510080582e-02       6.873016956203e+03 
       1.957281930562e-02       6.872864186054e+03 
       1.958053868795e-02       6.872710244385e+03 
       1.958825895387e-02       6.872555122812e+03 
       1.959598010442e-02       6.872398829978e+03 
       1.960370214065e-02       6.872241375392e+03 
       1.961142506361e-02       6.872082751277e+03 
       1.961914887435e-02       6.871922958198e+03 
       1.962687357394e-02       6.871761996726e+03 
       1.963459916342e-02       6.871599867426e+03 
       1.964232564385e-02       6.871436570881e+03 
       1.965005301630e-02       6.871272108089e+03 
       1.965778128182e-02       6.871106468973e+03 
       1.966551044148e-02       6.870939673377e+03 
       1.967324049633e-02       6.870771712583e+03 
       1.968097144745e-02       6.870602587368e+03 
       1.968870329590e-02       6.870432298213e+03 
       1.969643604275e-02       6.870260845697e+03 
       1.970416968907e-02       6.870088230401e+03 
       1.971190423593e-02       6.869914456445e+03 
       1.971963968441e-02       6.869739500602e+03 
       1.972737603557e-02       6.869563399291e+03 
       1.973511329051e-02       6.869386137051e+03 
       1.974285145028e-02       6.869207706330e+03 
       1.975059051598e-02       6.869028123982e+03 
       1.975833048869e-02       6.868847382563e+03 
       1.976607136948e-02       6.868665482671e+03 
       1.977381315945e-02       6.868482424579e+03 
       1.978155585967e-02       6.868298209202e+03 
       1.978929947124e-02       6.868112836957e+03 
       1.979704399525e-02       6.867926308401e+03 
       1.980478943278e-02       6.867738624095e+03 
       1.981253578492e-02       6.867549784604e+03 
       1.982028305279e-02       6.867359790490e+03 
       1.982803123745e-02       6.867168642321e+03 
       1.983578034003e-02       6.866976340661e+03 
       1.984353036160e-02       6.866782886095e+03 
       1.985128130329e-02       6.866588279201e+03 
       1.985903316618e-02       6.866392520575e+03 
       1.986678595137e-02       6.866195610852e+03 
       1.987453965999e-02       6.865997513796e+03 
       1.988229429313e-02       6.865798300714e+03 
       1.989004985190e-02       6.865597937601e+03 
       1.989780633741e-02       6.865396425152e+03 
       1.990556375078e-02       6.865193763922e+03 
       1.991332209311e-02       6.864989954454e+03 
       1.992108136553e-02       6.864784997293e+03 
       1.992884156914e-02       6.864578892986e+03 
       1.993660270508e-02       6.864371642077e+03 
       1.994436477445e-02       6.864163245124e+03 
       1.995212777839e-02       6.863953702672e+03 
       1.995989171800e-02       6.863743015316e+03 
       1.996765659443e-02       6.863531183464e+03 
       1.997542240880e-02       6.863318207723e+03 
       1.998318916223e-02       6.863104088762e+03 
       1.999095685585e-02       6.862888827071e+03 
       1.999872549080e-02       6.862672423216e+03 
       2.000649506822e-02       6.862454883339e+03 
       2.001426558923e-02       6.862236170935e+03 
       2.002203705497e-02       6.862016342243e+03 
       2.002980946659e-02       6.861795373362e+03 
       2.003758282521e-02       6.861573264830e+03 
       2.004535713200e-02       6.861350017188e+03 
       2.005313238808e-02       6.861125630984e+03 
       2.006090859460e-02       6.860900106757e+03 
       2.006868575272e-02       6.860673445055e+03 
       2.007646386357e-02       6.860445646336e+03 
       2.008424292832e-02       6.860216711300e+03 
       2.009202294811e-02       6.859986640424e+03 
       2.009980392410e-02       6.859755434254e+03 
       2.010758585744e-02       6.859523093377e+03 
       2.011536874929e-02       6.859289618334e+03 
       2.012315260081e-02       6.859055009707e+03 
       2.013093741316e-02       6.858819274171e+03 
       2.013872318751e-02       6.858582365918e+03 
       2.014650992501e-02       6.858344357558e+03 
       2.015429762684e-02       6.858105217501e+03 
       2.016208629416e-02       6.857864946279e+03 
       2.016987592814e-02       6.857623544430e+03 
       2.017766652996e-02       6.857381012409e+03 
       2.018545810078e-02       6.857137351922e+03 
       2.019325064179e-02       6.856892554141e+03 
       2.020104415415e-02       6.856646634663e+03 
       2.020883863905e-02       6.856399587174e+03 
       2.021663409766e-02       6.856151412211e+03 
       2.022443053118e-02       6.855902110311e+03 
       2.023222794078e-02       6.855651682014e+03 
       2.024002632764e-02       6.855400127863e+03 
       2.024782569296e-02       6.855147448395e+03 
       2.025562603793e-02       6.854893644165e+03 
       2.026342736373e-02       6.854638715724e+03 
       2.027122967157e-02       6.854382663636e+03 
       2.027903296262e-02       6.854125494098e+03 
       2.028683723809e-02       6.853867164369e+03 
       2.029464249918e-02       6.853607742484e+03 
       2.030244874709e-02       6.853347198758e+03 
       2.031025598302e-02       6.853085533808e+03 
       2.031806420817e-02       6.852822748134e+03 
       2.032587342374e-02       6.852558842269e+03 
       2.033368363095e-02       6.852293816738e+03 
       2.034149483101e-02       6.852027672077e+03 
       2.034930702512e-02       6.851760408811e+03 
       2.035712021449e-02       6.851492027494e+03 
       2.036493440035e-02       6.851222528669e+03 
       2.037274958391e-02       6.850951899615e+03 
       2.038056576638e-02       6.850680166459e+03 
       2.038838294899e-02       6.850407317004e+03 
       2.039620113295e-02       6.850133352080e+03 
       2.040402031949e-02       6.849858272127e+03 
       2.041184050984e-02       6.849582077676e+03 
       2.041966170523e-02       6.849304769255e+03 
       2.042748390687e-02       6.849026347397e+03 
       2.043530711602e-02       6.848746812639e+03 
       2.044313133388e-02       6.848466165539e+03 
       2.045095656171e-02       6.848184407412e+03 
       2.045878280074e-02       6.847901518017e+03 
       2.046661005220e-02       6.847617535652e+03 
       2.047443831734e-02       6.847332442847e+03 
       2.048226759739e-02       6.847046240141e+03 
       2.049009789361e-02       6.846758929670e+03 
       2.049792920724e-02       6.846470500485e+03 
       2.050576153952e-02       6.846180970672e+03 
       2.051359489171e-02       6.845890332968e+03 
       2.052142926506e-02       6.845598587894e+03 
       2.052926466082e-02       6.845305735973e+03 
       2.053710108024e-02       6.845011777736e+03 
       2.054493852459e-02       6.844716713673e+03 
       2.055277699513e-02       6.844420544338e+03 
       2.056061649310e-02       6.844123270265e+03 
       2.056845701979e-02       6.843824891992e+03 
       2.057629857644e-02       6.843525410067e+03 
       2.058414116434e-02       6.843224832990e+03 
       2.059198478474e-02       6.842923110434e+03 
       2.059982943892e-02       6.842620318581e+03 
       2.060767512815e-02       6.842316424873e+03 
       2.061552185371e-02       6.842011429826e+03 
       2.062336961687e-02       6.841705333953e+03 
       2.063121841891e-02       6.841398137808e+03 
       2.063906826112e-02       6.841089841774e+03 
       2.064691914476e-02       6.840780446501e+03 
       2.065477107114e-02       6.840469952458e+03 
       2.066262404152e-02       6.840158360178e+03 
       2.067047805721e-02       6.839845670176e+03 
       2.067833311950e-02       6.839531887983e+03 
       2.068618922966e-02       6.839216984917e+03 
       2.069404638901e-02       6.838901007453e+03 
       2.070190459883e-02       6.838583930680e+03 
       2.070976386042e-02       6.838265758643e+03 
       2.071762417509e-02       6.837946491868e+03 
       2.072548554413e-02       6.837626130883e+03 
       2.073334796885e-02       6.837304676218e+03 
       2.074121145055e-02       6.836982134979e+03 
       2.074907599055e-02       6.836658468562e+03 
       2.075694159015e-02       6.836333734418e+03 
       2.076480825067e-02       6.836007908455e+03 
       2.077267597341e-02       6.835680991177e+03 
       2.078054475970e-02       6.835352985102e+03 
       2.078841461085e-02       6.835023878123e+03 
       2.079628552819e-02       6.834693689308e+03 
       2.080415751303e-02       6.834362411215e+03 
       2.081203056670e-02       6.834030044263e+03 
       2.081990469052e-02       6.833696588959e+03 
       2.082777988583e-02       6.833362045810e+03 
       2.083565615395e-02       6.833026415331e+03 
       2.084353349622e-02       6.832689698038e+03 
       2.085141191397e-02       6.832351894456e+03 
       2.085929140853e-02       6.832013005106e+03 
       2.086717198125e-02       6.831673030256e+03 
       2.087505363346e-02       6.831331945073e+03 
       2.088293636651e-02       6.830989799720e+03 
       2.089082018175e-02       6.830646570195e+03 
       2.089870508051e-02       6.830302257063e+03 
       2.090659106415e-02       6.829956861006e+03 
       2.091447813401e-02       6.829610382436e+03 
       2.092236629146e-02       6.829262821858e+03 
       2.093025553785e-02       6.828914179775e+03 
       2.093814587452e-02       6.828564456691e+03 
       2.094603730285e-02       6.828213653110e+03 
       2.095392982419e-02       6.827861769543e+03 
       2.096182343991e-02       6.827508811982e+03 
       2.096971815137e-02       6.827154750297e+03 
       2.097761395994e-02       6.826799628653e+03 
       2.098551086699e-02       6.826443428866e+03 
       2.099340887389e-02       6.826086151430e+03 
       2.100130798201e-02       6.825727796738e+03 
       2.100920819273e-02       6.825368365481e+03 
       2.101710950744e-02       6.825007858090e+03 
       2.102501192749e-02       6.824646275048e+03 
       2.103291545429e-02       6.824283616877e+03 
       2.104082008922e-02       6.823919884013e+03 
       2.104872583366e-02       6.823555058646e+03 
       2.105663268899e-02       6.823189176593e+03 
       2.106454065662e-02       6.822822221336e+03 
       2.107244973793e-02       6.822454193263e+03 
       2.108035993432e-02       6.822085093121e+03 
       2.108827124719e-02       6.821714914102e+03 
       2.109618367794e-02       6.821343669996e+03 
       2.110409722796e-02       6.820971354837e+03 
       2.111201189866e-02       6.820597969314e+03 
       2.111992769146e-02       6.820223513862e+03 
       2.112784460775e-02       6.819847988853e+03 
       2.113576264894e-02       6.819471394905e+03 
       2.114368181645e-02       6.819093732482e+03 
       2.115160211170e-02       6.818715002086e+03 
       2.115952353610e-02       6.818335204230e+03 
       2.116744609106e-02       6.817954339430e+03 
       2.117536977802e-02       6.817572393413e+03 
       2.118329459840e-02       6.817189383353e+03 
       2.119122055361e-02       6.816805318494e+03 
       2.119914764509e-02       6.816420188369e+03 
       2.120707587427e-02       6.816033993344e+03 
       2.121500524258e-02       6.815646734101e+03 
       2.122293575146e-02       6.815258411061e+03 
       2.123086740234e-02       6.814869024612e+03 
       2.123880019666e-02       6.814478575337e+03 
       2.124673413587e-02       6.814087063681e+03 
       2.125466922140e-02       6.813694490155e+03 
       2.126260545471e-02       6.813300855004e+03 
       2.127054283723e-02       6.812906145432e+03 
       2.127848137043e-02       6.812510388091e+03 
       2.128642105575e-02       6.812113570669e+03 
       2.129436189465e-02       6.811715693632e+03 
       2.130230388858e-02       6.811316757370e+03 
       2.131024703901e-02       6.810916762531e+03 
       2.131819134740e-02       6.810515709564e+03 
       2.132613681521e-02       6.810113598853e+03 
       2.133408344391e-02       6.809710431004e+03 
       2.134203123496e-02       6.809306206474e+03 
       2.134998018984e-02       6.808900922565e+03 
       2.135793031002e-02       6.808494569477e+03 
       2.136588159698e-02       6.808087176238e+03 
       2.137383405219e-02       6.807678728031e+03 
       2.138178767713e-02       6.807269225337e+03 
       2.138974247329e-02       6.806858661574e+03 
       2.139769844216e-02       6.806447051438e+03 
       2.140565558521e-02       6.806034387462e+03 
       2.141361390393e-02       6.805620670886e+03 
       2.142157339983e-02       6.805205902108e+03 
       2.142953407439e-02       6.804790081601e+03 
       2.143749592911e-02       6.804373209850e+03 
       2.144545896549e-02       6.803955287335e+03 
       2.145342318503e-02       6.803536314544e+03 
       2.146138858924e-02       6.803116291972e+03 
       2.146935517961e-02       6.802695220108e+03 
       2.147732295766e-02       6.802273104234e+03 
       2.148529192490e-02       6.801849903190e+03 
       2.149326208285e-02       6.801425684257e+03 
       2.150123343301e-02       6.801000417654e+03 
       2.150920597690e-02       6.800574103740e+03 
       2.151717971605e-02       6.800146743151e+03 
       2.152515465198e-02       6.799718336272e+03 
       2.153313078621e-02       6.799288883565e+03 
       2.154110812027e-02       6.798858385506e+03 
       2.154908665569e-02       6.798426842561e+03 
       2.155706639400e-02       6.797994255203e+03 
       2.156504733674e-02       6.797560623915e+03 
       2.157302948544e-02       6.797125935702e+03 
       2.158101284165e-02       6.796690216587e+03 
       2.158899740690e-02       6.796253455142e+03 
       2.159698318274e-02       6.795815651479e+03 
       2.160497017072e-02       6.795376806058e+03 
       2.161295837238e-02       6.794936919242e+03 
       2.162094778929e-02       6.794495991683e+03 
       2.162893842298e-02       6.794054023764e+03 
       2.163693027502e-02       6.793611015954e+03 
       2.164492334697e-02       6.793166968734e+03 
       2.165291764039e-02       6.792721882150e+03 
       2.166091315684e-02       6.792275738515e+03 
       2.166890989789e-02       6.791828574371e+03 
       2.167690786511e-02       6.791380372500e+03 
       2.168490706007e-02       6.790931133341e+03 
       2.169290748435e-02       6.790480859178e+03 
       2.170090913951e-02       6.790029538164e+03 
       2.170891202715e-02       6.789577189339e+03 
       2.171691614883e-02       6.789123804872e+03 
       2.172492150615e-02       6.788669385408e+03 
       2.173292810070e-02       6.788213931313e+03 
       2.174093593405e-02       6.787757443052e+03 
       2.174894500781e-02       6.787299921081e+03 
       2.175695532356e-02       6.786841365867e+03 
       2.176496688291e-02       6.786381777877e+03 
       2.177297968745e-02       6.785921157588e+03 
       2.178099373879e-02       6.785459505480e+03 
       2.178900903852e-02       6.784996795896e+03 
       2.179702558826e-02       6.784533078945e+03 
       2.180504338961e-02       6.784068331871e+03 
       2.181306244419e-02       6.783602554402e+03 
       2.182108275362e-02       6.783135747163e+03 
       2.182910431950e-02       6.782667910513e+03 
       2.183712714346e-02       6.782199044899e+03 
       2.184515122713e-02       6.781729150781e+03 
       2.185317657211e-02       6.781258228608e+03 
       2.186120318006e-02       6.780786278833e+03 
       2.186923105258e-02       6.780313301913e+03 
       2.187726019133e-02       6.779839297782e+03 
       2.188529059792e-02       6.779364254058e+03 
       2.189332227401e-02       6.778888197311e+03 
       2.190135522123e-02       6.778411115093e+03 
       2.190938944122e-02       6.777933007817e+03 
       2.191742493563e-02       6.777453875830e+03 
       2.192546170611e-02       6.776973719757e+03 
       2.193349975431e-02       6.776492539965e+03 
       2.194153908188e-02       6.776010336905e+03 
       2.194957969048e-02       6.775527111041e+03 
       2.195762158177e-02       6.775042862832e+03 
       2.196566475742e-02       6.774557600881e+03 
       2.197370921907e-02       6.774071280885e+03 
       2.198175496842e-02       6.773583966764e+03 
       2.198980200711e-02       6.773095631881e+03 
       2.199785033683e-02       6.772606276675e+03 
       2.200589995925e-02       6.772115897877e+03 
       2.201395087605e-02       6.771624499933e+03 
       2.202200308891e-02       6.771132085721e+03 
       2.203005659951e-02       6.770638652936e+03 
       2.203811140954e-02       6.770144201936e+03 
       2.204616752068e-02       6.769648733157e+03 
       2.205422493464e-02       6.769152247053e+03 
       2.206228365310e-02       6.768654744040e+03 
       2.207034367776e-02       6.768156224594e+03 
       2.207840501031e-02       6.767656689161e+03 
       2.208646765248e-02       6.767156138196e+03 
       2.209453160595e-02       6.766654572010e+03 
       2.210259687243e-02       6.766151964186e+03 
       2.211066345364e-02       6.765648366922e+03 
       2.211873135129e-02       6.765143755963e+03 
       2.212680056710e-02       6.764638131261e+03 
       2.213487110279e-02       6.764131493449e+03 
       2.214294296007e-02       6.763623842856e+03 
       2.215101614067e-02       6.763115179919e+03 
       2.215909064633e-02       6.762605505064e+03 
       2.216716647876e-02       6.762094818732e+03 
       2.217524363970e-02       6.761583121355e+03 
       2.218332213090e-02       6.761070413374e+03 
       2.219140195408e-02       6.760556698565e+03 
       2.219948311100e-02       6.760041952457e+03 
       2.220756560338e-02       6.759526214137e+03 
       2.221564943299e-02       6.759009466790e+03 
       2.222373460157e-02       6.758491710739e+03 
       2.223182111087e-02       6.757972946582e+03 
       2.223990896265e-02       6.757453174669e+03 
       2.224799815867e-02       6.756932395427e+03 
       2.225608870069e-02       6.756410609296e+03 
       2.226418059047e-02       6.755887816708e+03 
       2.227227382979e-02       6.755364018120e+03 
       2.228036842040e-02       6.754839211065e+03 
       2.228846436410e-02       6.754313383771e+03 
       2.229656166264e-02       6.753786568113e+03 
       2.230466031781e-02       6.753258747946e+03 
       2.231276033139e-02       6.752729923690e+03 
       2.232086170517e-02       6.752200087785e+03 
       2.232896444093e-02       6.751669257219e+03 
       2.233706854047e-02       6.751137422632e+03 
       2.234517400557e-02       6.750604585562e+03 
       2.235328083804e-02       6.750070746425e+03 
       2.236138903967e-02       6.749535905650e+03 
       2.236949861227e-02       6.749000063643e+03 
       2.237760955763e-02       6.748463220841e+03 
       2.238572187758e-02       6.747925377668e+03 
       2.239383557391e-02       6.747386534553e+03 
       2.240195064845e-02       6.746846691948e+03 
       2.241006710301e-02       6.746305849912e+03 
       2.241818493941e-02       6.745763981715e+03 
       2.242630415948e-02       6.745221141147e+03 
       2.243442476503e-02       6.744677302329e+03 
       2.244254675791e-02       6.744132465914e+03 
       2.245067013993e-02       6.743586632211e+03 
       2.245879491294e-02       6.743039801635e+03 
       2.246692107878e-02       6.742491974594e+03 
       2.247504863928e-02       6.741943151504e+03 
       2.248317759630e-02       6.741393332782e+03 
       2.249130795167e-02       6.740842518844e+03 
       2.249943970725e-02       6.740290710110e+03 
       2.250757286488e-02       6.739737909839e+03 
       2.251570742644e-02       6.739184094807e+03 
       2.252384339377e-02       6.738629303053e+03 
       2.253198076874e-02       6.738073517880e+03 
       2.254011955322e-02       6.737516739889e+03 
       2.254825974907e-02       6.736958969404e+03 
       2.255640135816e-02       6.736400206831e+03 
       2.256454438238e-02       6.735840452586e+03 
       2.257268882359e-02       6.735279707084e+03 
       2.258083468368e-02       6.734717970741e+03 
       2.258898196454e-02       6.734155243984e+03 
       2.259713066804e-02       6.733591534657e+03 
       2.260528079609e-02       6.733026799813e+03 
       2.261343235057e-02       6.732461102675e+03 
       2.262158533339e-02       6.731894416547e+03 
       2.262973974643e-02       6.731326741842e+03 
       2.263789559161e-02       6.730758075939e+03 
       2.264605287083e-02       6.730188420792e+03 
       2.265421158600e-02       6.729617782138e+03 
       2.266237173903e-02       6.729046156424e+03 
       2.267053333184e-02       6.728473544048e+03 
       2.267869636635e-02       6.727899945413e+03 
       2.268686084448e-02       6.727325360920e+03 
       2.269502676815e-02       6.726749790976e+03 
       2.270319413929e-02       6.726173235982e+03 
       2.271136295984e-02       6.725595696364e+03 
       2.271953323173e-02       6.725017172530e+03 
       2.272770495690e-02       6.724437664916e+03 
       2.273587813729e-02       6.723857141115e+03 
       2.274405277484e-02       6.723275669375e+03 
       2.275222887150e-02       6.722693210419e+03 
       2.276040642923e-02       6.722109768957e+03 
       2.276858544997e-02       6.721525345388e+03 
       2.277676593569e-02       6.720939940096e+03 
       2.278494788834e-02       6.720353553475e+03 
       2.279313130990e-02       6.719766185919e+03 
       2.280131620232e-02       6.719177837815e+03 
       2.280950256758e-02       6.718588509574e+03 
       2.281769040766e-02       6.717998201593e+03 
       2.282587972452e-02       6.717406914061e+03 
       2.283407052016e-02       6.716814632923e+03 
       2.284226279655e-02       6.716221386870e+03 
       2.285045655569e-02       6.715627162593e+03 
       2.285865179956e-02       6.715031960372e+03 
       2.286684853015e-02       6.714435780595e+03 
       2.287504674947e-02       6.713838623651e+03 
       2.288324645952e-02       6.713240489929e+03 
       2.289144766230e-02       6.712641379822e+03 
       2.289965035981e-02       6.712041293730e+03 
       2.290785455407e-02       6.711440232048e+03 
       2.291606024710e-02       6.710838196968e+03 
       2.292426744091e-02       6.710235162604e+03 
       2.293247613751e-02       6.709631175007e+03 
       2.294068633895e-02       6.709026213071e+03 
       2.294889804724e-02       6.708420277370e+03 
       2.295711126441e-02       6.707813369868e+03 
       2.296532599250e-02       6.707205478699e+03 
       2.297354223356e-02       6.706596623208e+03 
       2.298175998961e-02       6.705986795320e+03 
       2.298997926271e-02       6.705375995416e+03 
       2.299820005490e-02       6.704764223875e+03 
       2.300642236824e-02       6.704151481072e+03 
       2.301464620478e-02       6.703537767399e+03 
       2.302287156658e-02       6.702923083239e+03 
       2.303109845571e-02       6.702307428981e+03 
       2.303932687422e-02       6.701690805022e+03 
       2.304755682419e-02       6.701073211651e+03 
       2.305578830769e-02       6.700454660585e+03 
       2.306402132681e-02       6.699835088744e+03 
       2.307225588361e-02       6.699214587620e+03 
       2.308049198018e-02       6.698593118417e+03 
       2.308872961861e-02       6.697970681506e+03 
       2.309696880099e-02       6.697347277258e+03 
       2.310520952941e-02       6.696722906046e+03 
       2.311345180598e-02       6.696097568233e+03 
       2.312169563279e-02       6.695471264229e+03 
       2.312994101195e-02       6.694843994341e+03 
       2.313818794556e-02       6.694215759013e+03 
       2.314643643574e-02       6.693586558502e+03 
       2.315468648461e-02       6.692956393829e+03 
       2.316293809428e-02       6.692325247935e+03 
       2.317119126688e-02       6.691693153266e+03 
       2.317944600453e-02       6.691060094835e+03 
       2.318770230936e-02       6.690426073002e+03 
       2.319596018352e-02       6.689791088133e+03 
       2.320421962912e-02       6.689155140598e+03 
       2.321248064833e-02       6.688518230762e+03 
       2.322074324327e-02       6.687880359011e+03 
       2.322900741610e-02       6.687241525717e+03 
       2.323727316898e-02       6.686601731273e+03 
       2.324554050405e-02       6.685960951836e+03 
       2.325380942348e-02       6.685319238261e+03 
       2.326207992944e-02       6.684676560879e+03 
       2.327035202408e-02       6.684032923601e+03 
       2.327862570957e-02       6.683388326799e+03 
       2.328690098810e-02       6.682742763244e+03 
       2.329517786184e-02       6.682096248443e+03 
       2.330345633298e-02       6.681448774623e+03 
       2.331173640369e-02       6.680800342633e+03 
       2.332001807617e-02       6.680150952826e+03 
       2.332830135261e-02       6.679500605568e+03 
       2.333658623521e-02       6.678849301217e+03 
       2.334487272617e-02       6.678197040133e+03 
       2.335316082769e-02       6.677543822577e+03 
       2.336145054198e-02       6.676889649113e+03 
       2.336974187126e-02       6.676234520034e+03 
       2.337803481773e-02       6.675578434830e+03 
       2.338632938363e-02       6.674921366944e+03 
       2.339462557117e-02       6.674263371304e+03 
       2.340292338258e-02       6.673604421008e+03 
       2.341122282010e-02       6.672944516605e+03 
       2.341952388595e-02       6.672283658439e+03 
       2.342782658238e-02       6.671621846868e+03 
       2.343613091163e-02       6.670959082240e+03 
       2.344443687594e-02       6.670295364906e+03 
       2.345274447757e-02       6.669630695216e+03 
       2.346105371877e-02       6.668965073400e+03 
       2.346936460181e-02       6.668298500040e+03 
       2.347767712893e-02       6.667630978668e+03 
       2.348599130242e-02       6.666962484144e+03 
       2.349430712454e-02       6.666293056786e+03 
       2.350262459755e-02       6.665622679040e+03 
       2.351094372376e-02       6.664951351231e+03 
       2.351926450542e-02       6.664279073698e+03 
       2.352758694484e-02       6.663605846798e+03 
       2.353591104429e-02       6.662931670880e+03 
       2.354423680609e-02       6.662256546295e+03 
       2.355256423251e-02       6.661580473400e+03 
       2.356089332587e-02       6.660903452447e+03 
       2.356922408847e-02       6.660225492316e+03 
       2.357755652262e-02       6.659546546543e+03 
       2.358589063064e-02       6.658866682317e+03 
       2.359422641484e-02       6.658185871315e+03 
       2.360256387755e-02       6.657504113904e+03 
       2.361090302109e-02       6.656821409222e+03 
       2.361924384779e-02       6.656137753595e+03 
       2.362758635999e-02       6.655453158336e+03 
       2.363593056003e-02       6.654767617925e+03 
       2.364427645024e-02       6.654081132692e+03 
       2.365262403298e-02       6.653393702973e+03 
       2.366097331060e-02       6.652705328996e+03 
       2.366932428545e-02       6.652016011292e+03 
       2.367767695989e-02       6.651325750121e+03 
       2.368603133628e-02       6.650634545833e+03 
       2.369438741700e-02       6.649942398786e+03 
       2.370274520441e-02       6.649249309352e+03 
       2.371110470089e-02       6.648555245748e+03 
       2.371946590881e-02       6.647860273358e+03 
       2.372782883057e-02       6.647164356372e+03 
       2.373619346855e-02       6.646467498038e+03 
       2.374455982515e-02       6.645769698674e+03 
       2.375292790275e-02       6.645070958607e+03 
       2.376129770377e-02       6.644371278159e+03 
       2.376966923060e-02       6.643670657531e+03 
       2.377804248566e-02       6.642969097282e+03 
       2.378641747136e-02       6.642266597639e+03 
       2.379479419012e-02       6.641563158944e+03 
       2.380317264436e-02       6.640858780996e+03 
       2.381155283651e-02       6.640153450100e+03 
       2.381993476899e-02       6.639447195103e+03 
       2.382831844425e-02       6.638740002180e+03 
       2.383670386472e-02       6.638031871679e+03 
       2.384509103284e-02       6.637322803920e+03 
       2.385347995107e-02       6.636612799228e+03 
       2.386187062186e-02       6.635901857926e+03 
       2.387026304766e-02       6.635189980226e+03 
       2.387865723093e-02       6.634477166674e+03 
       2.388705317415e-02       6.633763417514e+03 
       2.389545087977e-02       6.633048739537e+03 
       2.390385035028e-02       6.632333092030e+03 
       2.391225158816e-02       6.631616536419e+03 
       2.392065459588e-02       6.630899046291e+03 
       2.392905937593e-02       6.630180621961e+03 
       2.393746593081e-02       6.629461266742e+03 
       2.394587426301e-02       6.628740964436e+03 
       2.395428437503e-02       6.628019738834e+03 
       2.396269626939e-02       6.627297580209e+03 
       2.397110994858e-02       6.626574488761e+03 
       2.397952541512e-02       6.625850465001e+03 
       2.398794267153e-02       6.625125509158e+03 
       2.399636172034e-02       6.624399621548e+03 
       2.400478256407e-02       6.623672802494e+03 
       2.401320520525e-02       6.622945052322e+03 
       2.402162964643e-02       6.622216371365e+03 
       2.403005589013e-02       6.621486759952e+03 
       2.403848393892e-02       6.620756189185e+03 
       2.404691379533e-02       6.620024715827e+03 
       2.405534546193e-02       6.619292312629e+03 
       2.406377894127e-02       6.618558979930e+03 
       2.407221423592e-02       6.617824717922e+03 
       2.408065134844e-02       6.617089527118e+03 
       2.408909028142e-02       6.616353407681e+03 
       2.409753103742e-02       6.615616359970e+03 
       2.410597361903e-02       6.614878384275e+03 
       2.411441802884e-02       6.614139480905e+03 
       2.412286426944e-02       6.613399650168e+03 
       2.413131234343e-02       6.612658892169e+03 
       2.413976225340e-02       6.611917192403e+03 
       2.414821400197e-02       6.611174580138e+03 
       2.415666759174e-02       6.610431041740e+03 
       2.416512302534e-02       6.609686577338e+03 
       2.417358030537e-02       6.608941187229e+03 
       2.418203943446e-02       6.608194871643e+03 
       2.419050041525e-02       6.607447630933e+03 
       2.419896325037e-02       6.606699465476e+03 
       2.420742794246e-02       6.605950375528e+03 
       2.421589449416e-02       6.605200361395e+03 
       2.422436290812e-02       6.604449427517e+03 
       2.423283318699e-02       6.603697540121e+03 
       2.424130533344e-02       6.602944753711e+03 
       2.424977935012e-02       6.602191044108e+03 
       2.425825523970e-02       6.601436411616e+03 
       2.426673300486e-02       6.600680858981e+03 
       2.427521264827e-02       6.599924371588e+03 
       2.428369417262e-02       6.599166971491e+03 
       2.429217758060e-02       6.598408649687e+03 
       2.430066287488e-02       6.597649406359e+03 
       2.430915005819e-02       6.596889241803e+03 
       2.431763913320e-02       6.596128156304e+03 
       2.432613010264e-02       6.595366150159e+03 
       2.433462296921e-02       6.594603223664e+03 
       2.434311773563e-02       6.593839377194e+03 
       2.435161440463e-02       6.593074610817e+03 
       2.436011297892e-02       6.592308925103e+03 
       2.436861346125e-02       6.591542316828e+03 
       2.437711585434e-02       6.590774765232e+03 
       2.438562016094e-02       6.590006320521e+03 
       2.439412638380e-02       6.589236957322e+03 
       2.440263452566e-02       6.588466675818e+03 
       2.441114458930e-02       6.587695476289e+03 
       2.441965657745e-02       6.586923359013e+03 
       2.442817049290e-02       6.586150324269e+03 
       2.443668633842e-02       6.585376372341e+03 
       2.444520411678e-02       6.584601503510e+03 
       2.445372383076e-02       6.583825718060e+03 
       2.446224548316e-02       6.583049016293e+03 
       2.447076907676e-02       6.582271381930e+03 
       2.447929461436e-02       6.581492848170e+03 
       2.448782209877e-02       6.580713397718e+03 
       2.449635153279e-02       6.579933031974e+03 
       2.450488291923e-02       6.579151751115e+03 
       2.451341626092e-02       6.578369555416e+03 
       2.452195156068e-02       6.577586445154e+03 
       2.453048882133e-02       6.576802420609e+03 
       2.453902804571e-02       6.576017482064e+03 
       2.454756923666e-02       6.575231629810e+03 
       2.455611239702e-02       6.574444864013e+03 
       2.456465752964e-02       6.573657163663e+03 
       2.457320463738e-02       6.572868570373e+03 
       2.458175372310e-02       6.572079064316e+03 
       2.459030478966e-02       6.571288645603e+03 
       2.459885783993e-02       6.570497316208e+03 
       2.460741287680e-02       6.569705064260e+03 
       2.461596990313e-02       6.568911909036e+03 
       2.462452892182e-02       6.568117842271e+03 
       2.463308993575e-02       6.567322864208e+03 
       2.464165294784e-02       6.566526975111e+03 
       2.465021796097e-02       6.565730175243e+03 
       2.465878497806e-02       6.564932464864e+03 
       2.466735400202e-02       6.564133844256e+03 
       2.467592503577e-02       6.563334313684e+03 
       2.468449808223e-02       6.562533873430e+03 
       2.469307314434e-02       6.561732523666e+03 
       2.470165022502e-02       6.560930277462e+03 
       2.471022932723e-02       6.560127065931e+03 
       2.471881045390e-02       6.559322987371e+03 
       2.472739360798e-02       6.558518000180e+03 
       2.473597879245e-02       6.557712104594e+03 
       2.474456601025e-02       6.556905300868e+03 
       2.475315526435e-02       6.556097589258e+03 
       2.476174655774e-02       6.555288970012e+03 
       2.477033989338e-02       6.554479443397e+03 
       2.477893527427e-02       6.553669009666e+03 
       2.478753270339e-02       6.552857669077e+03 
       2.479613218375e-02       6.552045421775e+03 
       2.480473371833e-02       6.551232254088e+03 
       2.481333731016e-02       6.550418191871e+03 
       2.482194296224e-02       6.549603225123e+03 
       2.483055067759e-02       6.548787352614e+03 
       2.483916045923e-02       6.547970574587e+03 
       2.484777231021e-02       6.547152891290e+03 
       2.485638623354e-02       6.546334302975e+03 
       2.486500223228e-02       6.545514809888e+03 
       2.487362030946e-02       6.544694412297e+03 
       2.488224046815e-02       6.543873110461e+03 
       2.489086271140e-02       6.543050904453e+03 
       2.489948704228e-02       6.542227773762e+03 
       2.490811346385e-02       6.541403758764e+03 
       2.491674197920e-02       6.540578840720e+03 
       2.492537259140e-02       6.539753019461e+03 
       2.493400530354e-02       6.538926294959e+03 
       2.494264011872e-02       6.538098660705e+03 
       2.495127704003e-02       6.537270130750e+03 
       2.495991607059e-02       6.536440698420e+03 
       2.496855721349e-02       6.535610363983e+03 
       2.497720047186e-02       6.534779127682e+03 
       2.498584584882e-02       6.533946989774e+03 
       2.499449334750e-02       6.533113950424e+03 
       2.500314297104e-02       6.532280009834e+03 
       2.501179472256e-02       6.531445168420e+03 
       2.502044860523e-02       6.530609426349e+03 
       2.502910462220e-02       6.529772783875e+03 
       2.503776277662e-02       6.528935247607e+03 
       2.504642307165e-02       6.528096767587e+03 
       2.505508551047e-02       6.527257423164e+03 
       2.506375009626e-02       6.526417178977e+03 
       2.507241683219e-02       6.525576035264e+03 
       2.508108572146e-02       6.524733992260e+03 
       2.508975676726e-02       6.523891050188e+03 
       2.509842997279e-02       6.523047209268e+03 
       2.510710534126e-02       6.522202469620e+03 
       2.511578287588e-02       6.521356831663e+03 
       2.512446257988e-02       6.520510295540e+03 
       2.513314445647e-02       6.519662861482e+03 
       2.514182850888e-02       6.518814536378e+03 
       2.515051474037e-02       6.517965283895e+03 
       2.515920315416e-02       6.517115156182e+03 
       2.516789375352e-02       6.516264131267e+03 
       2.517658654169e-02       6.515412209362e+03 
       2.518528152194e-02       6.514559390697e+03 
       2.519397869755e-02       6.513705675489e+03 
       2.520267807177e-02       6.512851063962e+03 
       2.521137964790e-02       6.511995556225e+03 
       2.522008342923e-02       6.511139152722e+03 
       2.522878941904e-02       6.510281853580e+03 
       2.523749762064e-02       6.509423639113e+03 
       2.524620803734e-02       6.508564546369e+03 
       2.525492067244e-02       6.507704559987e+03 
       2.526363552927e-02       6.506843678639e+03 
       2.527235261116e-02       6.505981902540e+03 
       2.528107192144e-02       6.505119223347e+03 
       2.528979346344e-02       6.504255658906e+03 
       2.529851724051e-02       6.503391199196e+03 
       2.530724325600e-02       6.502525845485e+03 
       2.531597151328e-02       6.501659597860e+03 
       2.532470201570e-02       6.500792456742e+03 
       2.533343476664e-02       6.499924422237e+03 
       2.534216976947e-02       6.499055494560e+03 
       2.535090702759e-02       6.498185673927e+03 
       2.535964654438e-02       6.497314960561e+03 
       2.536838832323e-02       6.496443354690e+03 
       2.537713236756e-02       6.495570856064e+03 
       2.538587868077e-02       6.494697435895e+03 
       2.539462726628e-02       6.493823151238e+03 
       2.540337812752e-02       6.492947975023e+03 
       2.541213126791e-02       6.492071907040e+03 
       2.542088669090e-02       6.491194947362e+03 
       2.542964439992e-02       6.490317096395e+03 
       2.543840439844e-02       6.489438354235e+03 
       2.544716668989e-02       6.488558721080e+03 
       2.545593127776e-02       6.487678197127e+03 
       2.546469816551e-02       6.486796782578e+03 
       2.547346735662e-02       6.485914477635e+03 
       2.548223885458e-02       6.485031283907e+03 
       2.549101266286e-02       6.484147180996e+03 
       2.549978878499e-02       6.483262204859e+03 
       2.550856722445e-02       6.482376338970e+03 
       2.551734798476e-02       6.481489583491e+03 
       2.552613106944e-02       6.480601938485e+03 
       2.553491648202e-02       6.479713404361e+03 
       2.554370422603e-02       6.478823981213e+03 
       2.555249430500e-02       6.477933669239e+03 
       2.556128672249e-02       6.477042468636e+03 
       2.557008148205e-02       6.476150379609e+03 
       2.557887858724e-02       6.475257409948e+03 
       2.558767804162e-02       6.474363514420e+03 
       2.559647984878e-02       6.473468759673e+03 
       2.560528401228e-02       6.472573116972e+03 
       2.561409053573e-02       6.471676586607e+03 
       2.562289942272e-02       6.470779171663e+03 
       2.563171067685e-02       6.469880855782e+03 
       2.564052430173e-02       6.468981662802e+03 
       2.564934030098e-02       6.468081582751e+03 
       2.565815867822e-02       6.467180615809e+03 
       2.566697943709e-02       6.466278762148e+03 
       2.567580258121e-02       6.465376021949e+03 
       2.568462811425e-02       6.464472395392e+03 
       2.569345603985e-02       6.463567882657e+03 
       2.570228636167e-02       6.462662484003e+03 
       2.571111908338e-02       6.461756199446e+03 
       2.571995420865e-02       6.460849029243e+03 
       2.572879174117e-02       6.459940943721e+03 
       2.573763168463e-02       6.459032000757e+03 
       2.574647404272e-02       6.458122172467e+03 
       2.575531881915e-02       6.457211458963e+03 
       2.576416601763e-02       6.456299860413e+03 
       2.577301564187e-02       6.455387376977e+03 
       2.578186769562e-02       6.454474008822e+03 
       2.579072218259e-02       6.453559756115e+03 
       2.579957910653e-02       6.452644619022e+03 
       2.580843847119e-02       6.451728597722e+03 
       2.581730028032e-02       6.450811692386e+03 
       2.582616453770e-02       6.449893886190e+03 
       2.583503124708e-02       6.448975213597e+03 
       2.584390041226e-02       6.448055655856e+03 
       2.585277203701e-02       6.447135214558e+03 
       2.586164612512e-02       6.446213889859e+03 
       2.587052268042e-02       6.445291681913e+03 
       2.587940170669e-02       6.444368590904e+03 
       2.588828320776e-02       6.443444616971e+03 
       2.589716718745e-02       6.442519760289e+03 
       2.590605364960e-02       6.441594021033e+03 
       2.591494259804e-02       6.440667401105e+03 
       2.592383403662e-02       6.439739873386e+03 
       2.593272796920e-02       6.438811485751e+03 
       2.594162439965e-02       6.437882215843e+03 
       2.595052333182e-02       6.436952063953e+03 
       2.595942476961e-02       6.436021019036e+03 
       2.596832871689e-02       6.435089102636e+03 
       2.597723517757e-02       6.434156304754e+03 
       2.598614415554e-02       6.433222625325e+03 
       2.599505565471e-02       6.432288064501e+03 
       2.600396967901e-02       6.431352622402e+03 
       2.601288623236e-02       6.430416299178e+03 
       2.602180531869e-02       6.429479094967e+03 
       2.603072694195e-02       6.428541009909e+03 
       2.603965110608e-02       6.427602044143e+03 
       2.604857781504e-02       6.426662197674e+03 
       2.605750707281e-02       6.425721470880e+03 
       2.606643888335e-02       6.424779863797e+03 
       2.607537325064e-02       6.423837376587e+03 
       2.608431017868e-02       6.422894009398e+03 
       2.609324967147e-02       6.421949762383e+03 
       2.610219173301e-02       6.421004635742e+03 
       2.611113636731e-02       6.420058629633e+03 
       2.612008357840e-02       6.419111688061e+03 
       2.612903337031e-02       6.418163928748e+03 
       2.613798574709e-02       6.417215281359e+03 
       2.614694071277e-02       6.416265754463e+03 
       2.615589827141e-02       6.415315348402e+03 
       2.616485842708e-02       6.414364063199e+03 
       2.617382118385e-02       6.413411898969e+03 
       2.618278654580e-02       6.412458855835e+03 
       2.619175451703e-02       6.411504933918e+03 
       2.620072510162e-02       6.410550133331e+03 
       2.620969830368e-02       6.409594454191e+03 
       2.621867412733e-02       6.408637896610e+03 
       2.622765257669e-02       6.407680460713e+03 
       2.623663365590e-02       6.406722153173e+03 
       2.624561736909e-02       6.405762961624e+03 
       2.625460372041e-02       6.404802866313e+03 
       2.626359271401e-02       6.403841920393e+03 
       2.627258435407e-02       6.402880093765e+03 
       2.628157864476e-02       6.401917389399e+03 
       2.629057559026e-02       6.400953807405e+03 
       2.629957519475e-02       6.399989347898e+03 
       2.630857746245e-02       6.399024010989e+03 
       2.631758239756e-02       6.398057796785e+03 
       2.632659000430e-02       6.397090705405e+03 
       2.633560028689e-02       6.396122736959e+03 
       2.634461324957e-02       6.395153891564e+03 
       2.635362889658e-02       6.394184169335e+03 
       2.636264723217e-02       6.393213570255e+03 
       2.637166826061e-02       6.392242094688e+03 
       2.638069198617e-02       6.391269742670e+03 
       2.638971841312e-02       6.390296493461e+03 
       2.639874754575e-02       6.389322376837e+03 
       2.640777938836e-02       6.388347393708e+03 
       2.641681394526e-02       6.387371534252e+03 
       2.642585122075e-02       6.386394798563e+03 
       2.643489121917e-02       6.385417186752e+03 
       2.644393394485e-02       6.384438698918e+03 
       2.645297940212e-02       6.383459326157e+03 
       2.646202759534e-02       6.382479087313e+03 
       2.647107852887e-02       6.381497971361e+03 
       2.648013220707e-02       6.380515979682e+03 
       2.648918863433e-02       6.379533112393e+03 
       2.649824781504e-02       6.378549369567e+03 
       2.650730975358e-02       6.377564751307e+03 
       2.651637445436e-02       6.376579257710e+03 
       2.652544192181e-02       6.375592888874e+03 
       2.653451216033e-02       6.374605644904e+03 
       2.654358517438e-02       6.373617525924e+03 
       2.655266096838e-02       6.372628531061e+03 
       2.656173954680e-02       6.371638631889e+03 
       2.657082091408e-02       6.370647886273e+03 
       2.657990507472e-02       6.369656265667e+03 
       2.658899203317e-02       6.368663770190e+03 
       2.659808179394e-02       6.367670399926e+03 
       2.660717436152e-02       6.366676154949e+03 
       2.661626974043e-02       6.365681035342e+03 
       2.662536793517e-02       6.364685041186e+03 
       2.663446895028e-02       6.363688172562e+03 
       2.664357279029e-02       6.362690429562e+03 
       2.665267945976e-02       6.361691812292e+03 
       2.666178896323e-02       6.360692325334e+03 
       2.667090130528e-02       6.359691938312e+03 
       2.668001649048e-02       6.358690697400e+03 
       2.668913452341e-02       6.357688582344e+03 
       2.669825540867e-02       6.356685593206e+03 
       2.670737915087e-02       6.355681730060e+03 
       2.671650575462e-02       6.354676992977e+03 
       2.672563522454e-02       6.353671382031e+03 
       2.673476756527e-02       6.352664897299e+03 
       2.674390278145e-02       6.351657538863e+03 
       2.675304087774e-02       6.350649306822e+03 
       2.676218185881e-02       6.349640195562e+03 
       2.677132572931e-02       6.348630198993e+03 
       2.678047249395e-02       6.347619344660e+03 
       2.678962215741e-02       6.346607616909e+03 
       2.679877472440e-02       6.345595015657e+03 
       2.680793019963e-02       6.344581531927e+03 
       2.681708858782e-02       6.343567184712e+03 
       2.682624989372e-02       6.342551962714e+03 
       2.683541412206e-02       6.341535867371e+03 
       2.684458127760e-02       6.340518898734e+03 
       2.685375136510e-02       6.339501056866e+03 
       2.686292438934e-02       6.338482341822e+03 
       2.687210035510e-02       6.337462753663e+03 
       2.688127926718e-02       6.336442292346e+03 
       2.689046113039e-02       6.335420958102e+03 
       2.689964594954e-02       6.334398750956e+03 
       2.690883372946e-02       6.333375670805e+03 
       2.691802447498e-02       6.332351686909e+03 
       2.692721819096e-02       6.331326859044e+03 
       2.693641488224e-02       6.330301158359e+03 
       2.694561455371e-02       6.329274584718e+03 
       2.695481721023e-02       6.328247138165e+03 
       2.696402285669e-02       6.327218818738e+03 
       2.697323149801e-02       6.326189626475e+03 
       2.698244313908e-02       6.325159561415e+03 
       2.699165778483e-02       6.324128623459e+03 
       2.700087544019e-02       6.323096812895e+03 
       2.701009611010e-02       6.322064129660e+03 
       2.701931979952e-02       6.321030573442e+03 
       2.702854651341e-02       6.319996128636e+03 
       2.703777625674e-02       6.318960826494e+03 
       2.704700903451e-02       6.317924651649e+03 
       2.705624485170e-02       6.316887604166e+03 
       2.706548371333e-02       6.315849684071e+03 
       2.707472562441e-02       6.314810891397e+03 
       2.708397058997e-02       6.313771226176e+03 
       2.709321861505e-02       6.312730688318e+03 
       2.710246970471e-02       6.311689278082e+03 
       2.711172386400e-02       6.310646995414e+03 
       2.712098109800e-02       6.309603846371e+03 
       2.713024141180e-02       6.308559789939e+03 
       2.713950481048e-02       6.307514888530e+03 
       2.714877129916e-02       6.306469114588e+03 
       2.715804088295e-02       6.305422468130e+03 
       2.716731356699e-02       6.304374952084e+03 
       2.717658935641e-02       6.303326549918e+03 
       2.718586825636e-02       6.302277285472e+03 
       2.719515027201e-02       6.301227148385e+03 
       2.720443540853e-02       6.300176138875e+03 
       2.721372367111e-02       6.299124256868e+03 
       2.722301506494e-02       6.298071502380e+03 
       2.723230959524e-02       6.297017875435e+03 
       2.724160726722e-02       6.295963376056e+03 
       2.725090808612e-02       6.294908004269e+03 
       2.726021205717e-02       6.293851760105e+03 
       2.726951918563e-02       6.292794643495e+03 
       2.727882947678e-02       6.291736623839e+03 
       2.728814293588e-02       6.290677760612e+03 
       2.729745956823e-02       6.289618024686e+03 
       2.730677937912e-02       6.288557415999e+03 
       2.731610237388e-02       6.287495934787e+03 
       2.732542855782e-02       6.286433580934e+03 
       2.733475793629e-02       6.285370354440e+03 
       2.734409051463e-02       6.284306255300e+03 
       2.735342629820e-02       6.283241283515e+03 
       2.736276529237e-02       6.282175439090e+03 
       2.737210750253e-02       6.281108722027e+03 
       2.738145293408e-02       6.280041138975e+03 
       2.739080159242e-02       6.278972653243e+03 
       2.740015348297e-02       6.277903317064e+03 
       2.740950861118e-02       6.276833107949e+03 
       2.741886698247e-02       6.275762026110e+03 
       2.742822860231e-02       6.274690071435e+03 
       2.743759347616e-02       6.273617243920e+03 
       2.744696160952e-02       6.272543543552e+03 
       2.745633300786e-02       6.271468970332e+03 
       2.746570767671e-02       6.270393524286e+03 
       2.747508562157e-02       6.269317205003e+03 
       2.748446684798e-02       6.268239991811e+03 
       2.749385136147e-02       6.267161925216e+03 
       2.750323916761e-02       6.266082985842e+03 
       2.751263027197e-02       6.265003173196e+03 
       2.752202468012e-02       6.263922488783e+03 
       2.753142239765e-02       6.262840920778e+03 
       2.754082343018e-02       6.261758488052e+03 
       2.755022778331e-02       6.260675181985e+03 
       2.755963546269e-02       6.259591002554e+03 
       2.756904647396e-02       6.258505949733e+03 
       2.757846082276e-02       6.257420023494e+03 
       2.758787851478e-02       6.256333223821e+03 
       2.759729955569e-02       6.255245550690e+03 
       2.760672395119e-02       6.254157004083e+03 
       2.761615170698e-02       6.253067583872e+03 
       2.762558282879e-02       6.251977290244e+03 
       2.763501732236e-02       6.250886086989e+03 
       2.764445519341e-02       6.249794049703e+03 
       2.765389644773e-02       6.248701132935e+03 
       2.766334109108e-02       6.247607342343e+03 
       2.767278912924e-02       6.246512677461e+03 
       2.768224056802e-02       6.245417138651e+03 
       2.769169541322e-02       6.244320725726e+03 
       2.770115367068e-02       6.243223438643e+03 
       2.771061534624e-02       6.242125277357e+03 
       2.772008044573e-02       6.241026241827e+03 
       2.772954897504e-02       6.239926331868e+03 
       2.773902094004e-02       6.238825553221e+03 
       2.774849634662e-02       6.237723872469e+03 
       2.775797520069e-02       6.236621338270e+03 
       2.776745750817e-02       6.235517929427e+03 
       2.777694327499e-02       6.234413645885e+03 
       2.778643250710e-02       6.233308487586e+03 
       2.779592521046e-02       6.232202454472e+03 
       2.780542139104e-02       6.231095546491e+03 
       2.781492105484e-02       6.229987763593e+03 
       2.782442420784e-02       6.228879105731e+03 
       2.783393085607e-02       6.227769572407e+03 
       2.784344100557e-02       6.226659143055e+03 
       2.785295466236e-02       6.225547858066e+03 
       2.786247183251e-02       6.224435697956e+03 
       2.787199252209e-02       6.223322662353e+03 
       2.788151673718e-02       6.222208752771e+03 
       2.789104448389e-02       6.221093956620e+03 
       2.790057576833e-02       6.219978293537e+03 
       2.791011059662e-02       6.218861754586e+03 
       2.791964897491e-02       6.217744339696e+03 
       2.792919090935e-02       6.216626048792e+03 
       2.793873640611e-02       6.215506881664e+03 
       2.794828547139e-02       6.214386838477e+03 
       2.795783811136e-02       6.213265919058e+03 
       2.796739433227e-02       6.212144123340e+03 
       2.797695414031e-02       6.211021451262e+03 
       2.798651754175e-02       6.209897902768e+03 
       2.799608454284e-02       6.208773444521e+03 
       2.800565514985e-02       6.207648143524e+03 
       2.801522936906e-02       6.206521962762e+03 
       2.802480720678e-02       6.205394905008e+03 
       2.803438866932e-02       6.204266970087e+03 
       2.804397376302e-02       6.203138157767e+03 
       2.805356249421e-02       6.202008468181e+03 
       2.806315486926e-02       6.200877901130e+03 
       2.807275089454e-02       6.199746456521e+03 
       2.808235057645e-02       6.198614134260e+03 
       2.809195392139e-02       6.197480934267e+03 
       2.810156093577e-02       6.196346863011e+03 
       2.811117162604e-02       6.195211883936e+03 
       2.812078599864e-02       6.194076048931e+03 
       2.813040406004e-02       6.192939335634e+03 
       2.814002581672e-02       6.191801743937e+03 
       2.814965127517e-02       6.190663273600e+03 
       2.815928044192e-02       6.189523924748e+03 
       2.816891332347e-02       6.188383697174e+03 
       2.817854992639e-02       6.187242590779e+03 
       2.818819025721e-02       6.186100605464e+03 
       2.819783432252e-02       6.184957740888e+03 
       2.820748212891e-02       6.183813975568e+03 
       2.821713368298e-02       6.182669351251e+03 
       2.822678899135e-02       6.181523847393e+03 
       2.823644806065e-02       6.180377463843e+03 
       2.824611089754e-02       6.179230203396e+03 
       2.825577750869e-02       6.178082049205e+03 
       2.826544790077e-02       6.176933025217e+03 
       2.827512208049e-02       6.175783120948e+03 
       2.828480005456e-02       6.174632336275e+03 
       2.829448182971e-02       6.173480671070e+03 
       2.830416741269e-02       6.172328125208e+03 
       2.831385681027e-02       6.171174698564e+03 
       2.832355002922e-02       6.170020391075e+03 
       2.833324707633e-02       6.168865202450e+03 
       2.834294795842e-02       6.167709132758e+03 
       2.835265268233e-02       6.166552180776e+03 
       2.836236125488e-02       6.165394318222e+03 
       2.837207368295e-02       6.164235602379e+03 
       2.838178997341e-02       6.163076004359e+03 
       2.839151013315e-02       6.161915524231e+03 
       2.840123416909e-02       6.160754161843e+03 
       2.841096208816e-02       6.159591917045e+03 
       2.842069389728e-02       6.158428789687e+03 
       2.843042960344e-02       6.157264779618e+03 
       2.844016921360e-02       6.156099886698e+03 
       2.844991273476e-02       6.154934110777e+03 
       2.845966017392e-02       6.153767451709e+03 
       2.846941153813e-02       6.152599892422e+03 
       2.847916683442e-02       6.151431466384e+03 
       2.848892606985e-02       6.150262155669e+03 
       2.849868925151e-02       6.149091961025e+03 
       2.850845638648e-02       6.147920882291e+03 
       2.851822748189e-02       6.146748919304e+03 
       2.852800254487e-02       6.145576071906e+03 
       2.853778158256e-02       6.144402339941e+03 
       2.854756460212e-02       6.143227723260e+03 
       2.855735161075e-02       6.142052221713e+03 
       2.856714261564e-02       6.140875842867e+03 
       2.857693762401e-02       6.139698540739e+03 
       2.858673664310e-02       6.138520381935e+03 
       2.859653968015e-02       6.137341337375e+03 
       2.860634674245e-02       6.136161406886e+03 
       2.861615783727e-02       6.134980583005e+03 
       2.862597297193e-02       6.133798879438e+03 
       2.863579215375e-02       6.132616289482e+03 
       2.864561539007e-02       6.131432812792e+03 
       2.865544268825e-02       6.130248449183e+03 
       2.866527405568e-02       6.129063198475e+03 
       2.867510949974e-02       6.127877060364e+03 
       2.868494902786e-02       6.126690034873e+03 
       2.869479264746e-02       6.125502121733e+03 
       2.870464036600e-02       6.124313320775e+03 
       2.871449219095e-02       6.123123631835e+03 
       2.872434812979e-02       6.121933065053e+03 
       2.873420819004e-02       6.120741557734e+03 
       2.874407237921e-02       6.119549201433e+03 
       2.875394070485e-02       6.118355956085e+03 
       2.876381317453e-02       6.117161821482e+03 
       2.877368979582e-02       6.115966797419e+03 
       2.878357057632e-02       6.114770883565e+03 
       2.879345552366e-02       6.113574079926e+03 
       2.880334464547e-02       6.112376386199e+03 
       2.881323794941e-02       6.111177802180e+03 
       2.882313544315e-02       6.109978327667e+03 
       2.883303713439e-02       6.108777962006e+03 
       2.884294303083e-02       6.107576690095e+03 
       2.885285314023e-02       6.106374541775e+03 
       2.886276747032e-02       6.105171501775e+03 
       2.887268602888e-02       6.103967570139e+03 
       2.888260882370e-02       6.102762746558e+03 
       2.889253586259e-02       6.101557030679e+03 
       2.890246715338e-02       6.100350422514e+03 
       2.891240270392e-02       6.099142921755e+03 
       2.892234252208e-02       6.097934528182e+03 
       2.893228661576e-02       6.096725241596e+03 
       2.894223499284e-02       6.095515036889e+03 
       2.895218766128e-02       6.094303965398e+03 
       2.896214462901e-02       6.093091996669e+03 
       2.897210590400e-02       6.091879133800e+03 
       2.898207149425e-02       6.090665376732e+03 
       2.899204140775e-02       6.089450717083e+03 
       2.900201565255e-02       6.088235169628e+03 
       2.901199423668e-02       6.087018727107e+03 
       2.902197716823e-02       6.085801389142e+03 
       2.903196445527e-02       6.084583155477e+03 
       2.904195610593e-02       6.083364025906e+03 
       2.905195212832e-02       6.082144000144e+03 
       2.906195253060e-02       6.080923077959e+03 
       2.907195732095e-02       6.079701259123e+03 
       2.908196650756e-02       6.078478543403e+03 
       2.909198009863e-02       6.077254930489e+03 
       2.910199810241e-02       6.076030389980e+03 
       2.911202052715e-02       6.074804979941e+03 
       2.912204738113e-02       6.073578671754e+03 
       2.913207867264e-02       6.072351465115e+03 
       2.914211441001e-02       6.071123359755e+03 
       2.915215460157e-02       6.069894355449e+03 
       2.916219925568e-02       6.068664451806e+03 
       2.917224838073e-02       6.067433648677e+03 
       2.918230198512e-02       6.066201945757e+03 
       2.919236007727e-02       6.064969342779e+03 
       2.920242266564e-02       6.063735839471e+03 
       2.921248975869e-02       6.062501418909e+03 
       2.922256136492e-02       6.061266113815e+03 
       2.923263749282e-02       6.060029906563e+03 
       2.924271815095e-02       6.058792797696e+03 
       2.925280334785e-02       6.057554786928e+03 
       2.926289309211e-02       6.056315873972e+03 
       2.927298739232e-02       6.055076058548e+03 
       2.928308625710e-02       6.053835340352e+03 
       2.929318969511e-02       6.052593719156e+03 
       2.930329771500e-02       6.051351194667e+03 
       2.931341032547e-02       6.050107773763e+03 
       2.932352753523e-02       6.048863412113e+03 
       2.933364935301e-02       6.047618174300e+03 
       2.934377578757e-02       6.046372031802e+03 
       2.935390684768e-02       6.045124984301e+03 
       2.936404254216e-02       6.043877024156e+03 
       2.937418287983e-02       6.042628165254e+03 
       2.938432786953e-02       6.041378400362e+03 
       2.939447752014e-02       6.040127729175e+03 
       2.940463184055e-02       6.038876151375e+03 
       2.941479083968e-02       6.037623666652e+03 
       2.942495452646e-02       6.036370274560e+03 
       2.943512290987e-02       6.035115975017e+03 
       2.944529599889e-02       6.033860767617e+03 
       2.945547380253e-02       6.032604652059e+03 
       2.946565632983e-02       6.031347628060e+03 
       2.947584358984e-02       6.030089661583e+03 
       2.948603559165e-02       6.028830821600e+03 
       2.949623234436e-02       6.027571067902e+03 
       2.950643385710e-02       6.026310404150e+03 
       2.951664013903e-02       6.025048830005e+03 
       2.952685119932e-02       6.023786345014e+03 
       2.953706704717e-02       6.022522949033e+03 
       2.954728769182e-02       6.021258641642e+03 
       2.955751314250e-02       6.019993422504e+03 
       2.956774340851e-02       6.018727291347e+03 
       2.957797849913e-02       6.017460247651e+03 
       2.958821842368e-02       6.016192273015e+03 
       2.959846319153e-02       6.014923405111e+03 
       2.960871281204e-02       6.013653620854e+03 
       2.961896729461e-02       6.012382922660e+03 
       2.962922664866e-02       6.011111310138e+03 
       2.963949088364e-02       6.009838782798e+03 
       2.964976000902e-02       6.008565340514e+03 
       2.966003403431e-02       6.007290982830e+03 
       2.967031296902e-02       6.006015709397e+03 
       2.968059682270e-02       6.004739519852e+03 
       2.969088560494e-02       6.003462390567e+03 
       2.970117932532e-02       6.002184368686e+03 
       2.971147799348e-02       6.000905426996e+03 
       2.972178161906e-02       5.999625567540e+03 
       2.973209021175e-02       5.998344790542e+03 
       2.974240378124e-02       5.997063086288e+03 
       2.975272233727e-02       5.995780470694e+03 
       2.976304588958e-02       5.994496935742e+03 
       2.977337444797e-02       5.993212481046e+03 
       2.978370802223e-02       5.991927106223e+03 
       2.979404662221e-02       5.990640810889e+03 
       2.980439025776e-02       5.989353594660e+03 
       2.981473893876e-02       5.988065457151e+03 
       2.982509267514e-02       5.986776397989e+03 
       2.983545147684e-02       5.985486416801e+03 
       2.984581535381e-02       5.984195518230e+03 
       2.985618431606e-02       5.982903656523e+03 
       2.986655837360e-02       5.981610904676e+03 
       2.987693753648e-02       5.980317228883e+03 
       2.988732181479e-02       5.979022628757e+03 
       2.989771121861e-02       5.977727103886e+03 
       2.990810575808e-02       5.976430653859e+03 
       2.991850544336e-02       5.975133278266e+03 
       2.992891028464e-02       5.973834976712e+03 
       2.993932029212e-02       5.972535748765e+03 
       2.994973547605e-02       5.971235594020e+03 
       2.996015584669e-02       5.969934516533e+03 
       2.997058141435e-02       5.968632486394e+03 
       2.998101218934e-02       5.967329547517e+03 
       2.999144818202e-02       5.966025679999e+03 
       3.000188940278e-02       5.964720883404e+03 
       3.001233586201e-02       5.963415157298e+03 
       3.002278757016e-02       5.962108501246e+03 
       3.003324453770e-02       5.960800914813e+03 
       3.004370677511e-02       5.959492397570e+03 
       3.005417429294e-02       5.958182949091e+03 
       3.006464710172e-02       5.956872576737e+03 
       3.007512521204e-02       5.955561234951e+03 
       3.008560863451e-02       5.954248988472e+03 
       3.009609737977e-02       5.952935808768e+03 
       3.010659145850e-02       5.951621695361e+03 
       3.011709088139e-02       5.950306640781e+03 
       3.012759565916e-02       5.948990658071e+03 
       3.013810580259e-02       5.947673740353e+03 
       3.014862132246e-02       5.946355887065e+03 
       3.015914222958e-02       5.945037097742e+03 
       3.016966853481e-02       5.943717371810e+03 
       3.018020024901e-02       5.942396708989e+03 
       3.019073738311e-02       5.941075108729e+03 
       3.020127994805e-02       5.939752570568e+03 
       3.021182795478e-02       5.938429094048e+03 
       3.022238141431e-02       5.937104677677e+03 
       3.023294033767e-02       5.935779294666e+03 
       3.024350473592e-02       5.934452998113e+03 
       3.025407462016e-02       5.933125761003e+03 
       3.026465000151e-02       5.931797582847e+03 
       3.027523089112e-02       5.930468463154e+03 
       3.028581730017e-02       5.929138401277e+03 
       3.029640923990e-02       5.927807397001e+03 
       3.030700672153e-02       5.926475449695e+03 
       3.031760975636e-02       5.925142558874e+03 
       3.032821835570e-02       5.923808724047e+03 
       3.033883253088e-02       5.922473948910e+03 
       3.034945229329e-02       5.921138204701e+03 
       3.036007765433e-02       5.919801533653e+03 
       3.037070862545e-02       5.918463916413e+03 
       3.038134521811e-02       5.917125352461e+03 
       3.039198744382e-02       5.915785841137e+03 
       3.040263531411e-02       5.914445382163e+03 
       3.041328884056e-02       5.913103974918e+03 
       3.042394803477e-02       5.911761618898e+03 
       3.043461290837e-02       5.910418313596e+03 
       3.044528347304e-02       5.909074066342e+03 
       3.045595974047e-02       5.907728831690e+03 
       3.046664172240e-02       5.906382673798e+03 
       3.047732943059e-02       5.905035564308e+03 
       3.048802287686e-02       5.903687502434e+03 
       3.049872207303e-02       5.902338481014e+03 
       3.050942703097e-02       5.900988512919e+03 
       3.052013776259e-02       5.899637590921e+03 
       3.053085427982e-02       5.898285714495e+03 
       3.054157659464e-02       5.896932883115e+03 
       3.055230471906e-02       5.895579096206e+03 
       3.056303866510e-02       5.894224353226e+03 
       3.057377844485e-02       5.892868653630e+03 
       3.058452407041e-02       5.891511996873e+03 
       3.059527555394e-02       5.890154382432e+03 
       3.060603290760e-02       5.888795818018e+03 
       3.061679614362e-02       5.887436248559e+03 
       3.062756527424e-02       5.886075755421e+03 
       3.063834031174e-02       5.884714302032e+03 
       3.064912126846e-02       5.883351887801e+03 
       3.065990815673e-02       5.881988512143e+03 
       3.067070098896e-02       5.880624174465e+03 
       3.068149977758e-02       5.879258874180e+03 
       3.069230453504e-02       5.877892610699e+03 
       3.070311527385e-02       5.876525383437e+03 
       3.071393200654e-02       5.875157191665e+03 
       3.072475474568e-02       5.873788022644e+03 
       3.073558350389e-02       5.872417897007e+03 
       3.074641829380e-02       5.871046807437e+03 
       3.075725912811e-02       5.869674750945e+03 
       3.076810601953e-02       5.868301726927e+03 
       3.077895898082e-02       5.866927734779e+03 
       3.078981802477e-02       5.865552773899e+03 
       3.080068316422e-02       5.864176843685e+03 
       3.081155441203e-02       5.862799943534e+03 
       3.082243178111e-02       5.861422072507e+03 
       3.083331528441e-02       5.860043210670e+03 
       3.084420493490e-02       5.858663395294e+03 
       3.085510074562e-02       5.857282607447e+03 
       3.086600272961e-02       5.855900846327e+03 
       3.087691089998e-02       5.854518111882e+03 
       3.088782526987e-02       5.853134394355e+03 
       3.089874585244e-02       5.851749709001e+03 
       3.090967266092e-02       5.850364047730e+03 
       3.092060570855e-02       5.848977409897e+03 
       3.093154500863e-02       5.847589794717e+03 
       3.094249057449e-02       5.846201201783e+03 
       3.095344241950e-02       5.844811630353e+03 
       3.096440055708e-02       5.843421079786e+03 
       3.097536500067e-02       5.842029549446e+03 
       3.098633576376e-02       5.840637038482e+03 
       3.099731285989e-02       5.839243518866e+03 
       3.100829630263e-02       5.837849042864e+03 
       3.101928610559e-02       5.836453584480e+03 
       3.103028228241e-02       5.835057142698e+03 
       3.104128484681e-02       5.833659716684e+03 
       3.105229381250e-02       5.832261306005e+03 
       3.106330919327e-02       5.830861909864e+03 
       3.107433100294e-02       5.829461527576e+03 
       3.108535925535e-02       5.828060158455e+03 
       3.109639396441e-02       5.826657801820e+03 
       3.110743514407e-02       5.825254462558e+03 
       3.111848280830e-02       5.823850107921e+03 
       3.112953697113e-02       5.822444783420e+03 
       3.114059764663e-02       5.821038468336e+03 
       3.115166484891e-02       5.819631162187e+03 
       3.116273859213e-02       5.818222864138e+03 
       3.117381889047e-02       5.816813573491e+03 
       3.118490575818e-02       5.815403289532e+03 
       3.119599920954e-02       5.813992011557e+03 
       3.120709925888e-02       5.812579738860e+03 
       3.121820592056e-02       5.811166448118e+03 
       3.122931920899e-02       5.809752185239e+03 
       3.124043913864e-02       5.808336922381e+03 
       3.125156572400e-02       5.806920661560e+03 
       3.126269897962e-02       5.805503405099e+03 
       3.127383892008e-02       5.804085136478e+03 
       3.128498556003e-02       5.802665877134e+03 
       3.129613891413e-02       5.801245616951e+03 
       3.130729899711e-02       5.799824355118e+03 
       3.131846582374e-02       5.798402090882e+03 
       3.132963940884e-02       5.796978823491e+03 
       3.134081976725e-02       5.795554552188e+03 
       3.135200691389e-02       5.794129276219e+03 
       3.136320086371e-02       5.792702994699e+03 
       3.137440163170e-02       5.791275706981e+03 
       3.138560923291e-02       5.789847385172e+03 
       3.139682368242e-02       5.788418080387e+03 
       3.140804499536e-02       5.786987767267e+03 
       3.141927318693e-02       5.785556444568e+03 
       3.143050827236e-02       5.784124111501e+03 
       3.144175026691e-02       5.782690767275e+03 
       3.145299918591e-02       5.781256411096e+03 
       3.146425504473e-02       5.779821042177e+03 
       3.147551785880e-02       5.778384659571e+03 
       3.148678764357e-02       5.776947262743e+03 
       3.149806441457e-02       5.775508856298e+03 
       3.150934818736e-02       5.774069407685e+03 
       3.152063897754e-02       5.772628961819e+03 
       3.153193680079e-02       5.771187498200e+03 
       3.154324167280e-02       5.769745015995e+03 
       3.155455360935e-02       5.768301514381e+03 
       3.156587262623e-02       5.766856992531e+03 
       3.157719873931e-02       5.765411449502e+03 
       3.158853196448e-02       5.763964884686e+03 
       3.159987231772e-02       5.762517296924e+03 
       3.161121981502e-02       5.761068666395e+03 
       3.162257447245e-02       5.759619029577e+03 
       3.163393630611e-02       5.758168367258e+03 
       3.164530533217e-02       5.756716678674e+03 
       3.165668156682e-02       5.755263956797e+03 
       3.166806502634e-02       5.753810212097e+03 
       3.167945572704e-02       5.752355439008e+03 
       3.169085368528e-02       5.750899635986e+03 
       3.170225891748e-02       5.749442802396e+03 
       3.171367144011e-02       5.747984937323e+03 
       3.172509126968e-02       5.746526039680e+03 
       3.173651842278e-02       5.745066108796e+03 
       3.174795291602e-02       5.743605143736e+03 
       3.175939476609e-02       5.742143143635e+03 
       3.177084398971e-02       5.740680114235e+03 
       3.178230060369e-02       5.739216006766e+03 
       3.179376462484e-02       5.737750893952e+03 
       3.180523607007e-02       5.736284742327e+03 
       3.181671495633e-02       5.734817550886e+03 
       3.182820130061e-02       5.733349318718e+03 
       3.183969511998e-02       5.731880044912e+03 
       3.185119643154e-02       5.730409728553e+03 
       3.186270525246e-02       5.728938368729e+03 
       3.187422159995e-02       5.727465964526e+03 
       3.188574549131e-02       5.725992514927e+03 
       3.189727694385e-02       5.724518005004e+03 
       3.190881597498e-02       5.723042460798e+03 
       3.192036260212e-02       5.721565868468e+03 
       3.193191684279e-02       5.720088226894e+03 
       3.194347871454e-02       5.718609535119e+03 
       3.195504823499e-02       5.717129792193e+03 
       3.196662542181e-02       5.715648997168e+03 
       3.197821029272e-02       5.714167149098e+03 
       3.198980286552e-02       5.712684247041e+03 
       3.200140315805e-02       5.711200292738e+03 
       3.201301118821e-02       5.709715256915e+03 
       3.202462697397e-02       5.708229185477e+03 
       3.203625053334e-02       5.706742055975e+03 
       3.204788188441e-02       5.705253867535e+03 
       3.205952104530e-02       5.703764616846e+03 
       3.207116803423e-02       5.702274307568e+03 
       3.208282286945e-02       5.700782927372e+03 
       3.209448556927e-02       5.699290491907e+03 
       3.210615615207e-02       5.697796992311e+03 
       3.211783463629e-02       5.696302427574e+03 
       3.212952104044e-02       5.694806796525e+03 
       3.214121538306e-02       5.693310098408e+03 
       3.215291768279e-02       5.691812332106e+03 
       3.216462795830e-02       5.690313496602e+03 
       3.217634622833e-02       5.688813600398e+03 
       3.218807251170e-02       5.687312590008e+03 
       3.219980682728e-02       5.685810538855e+03 
       3.221154919399e-02       5.684307414131e+03 
       3.222329963083e-02       5.682803214789e+03 
       3.223505815686e-02       5.681297939637e+03 
       3.224682479120e-02       5.679791587856e+03 
       3.225859955303e-02       5.678284158294e+03 
       3.227038246161e-02       5.676775649899e+03 
       3.228217353625e-02       5.675266066032e+03 
       3.229397279631e-02       5.673755379661e+03 
       3.230578026126e-02       5.672243627366e+03 
       3.231759595059e-02       5.670730791807e+03 
       3.232941988388e-02       5.669216871898e+03 
       3.234125208077e-02       5.667701866420e+03 
       3.235309256096e-02       5.666185774489e+03 
       3.236494134423e-02       5.664668594927e+03 
       3.237679845041e-02       5.663150326642e+03 
       3.238866389941e-02       5.661630949258e+03 
       3.240053771121e-02       5.660110501624e+03 
       3.241241990583e-02       5.658588959118e+03 
       3.242431050339e-02       5.657066323271e+03 
       3.243620952407e-02       5.655542585409e+03 
       3.244811698810e-02       5.654017759970e+03 
       3.246003291581e-02       5.652491836745e+03 
       3.247195732758e-02       5.650964815571e+03 
       3.248389024385e-02       5.649436695308e+03 
       3.249583168515e-02       5.647907474813e+03 
       3.250778167207e-02       5.646377152933e+03 
       3.251974022527e-02       5.644845728519e+03 
       3.253170736549e-02       5.643313200415e+03 
       3.254368311352e-02       5.641779567474e+03 
       3.255566749024e-02       5.640244828358e+03 
       3.256766051660e-02       5.638708956531e+03 
       3.257966221362e-02       5.637171999638e+03 
       3.259167260238e-02       5.635633933423e+03 
       3.260369170405e-02       5.634094756202e+03 
       3.261571953987e-02       5.632554466777e+03 
       3.262775613115e-02       5.631013063944e+03 
       3.263980149926e-02       5.629470546494e+03 
       3.265185566566e-02       5.627926913219e+03 
       3.266391865189e-02       5.626382162913e+03 
       3.267599047956e-02       5.624836294214e+03 
       3.268807117033e-02       5.623289307378e+03 
       3.270016074597e-02       5.621741183457e+03 
       3.271225922832e-02       5.620191951753e+03 
       3.272436663926e-02       5.618641596744e+03 
       3.273648300081e-02       5.617090117185e+03 
       3.274860833500e-02       5.615537511821e+03 
       3.276074266398e-02       5.613983779400e+03 
       3.277288600996e-02       5.612428918670e+03 
       3.278503839525e-02       5.610872928233e+03 
       3.279719984220e-02       5.609315807075e+03 
       3.280937037327e-02       5.607757560453e+03 
       3.282155001099e-02       5.606198148285e+03 
       3.283373877796e-02       5.604637625578e+03 
       3.284593669688e-02       5.603075966741e+03 
       3.285814379050e-02       5.601513170402e+03 
       3.287036008168e-02       5.599949229160e+03 
       3.288258559334e-02       5.598384153625e+03 
       3.289482034850e-02       5.596817936583e+03 
       3.290706437025e-02       5.595250576910e+03 
       3.291931768175e-02       5.593682073212e+03 
       3.293158030627e-02       5.592112424135e+03 
       3.294385226714e-02       5.590541628365e+03 
       3.295613358778e-02       5.588969684573e+03 
       3.296842429170e-02       5.587396591432e+03 
       3.298072440248e-02       5.585822347621e+03 
       3.299303394380e-02       5.584246959575e+03 
       3.300535293941e-02       5.582670376338e+03 
       3.301768141316e-02       5.581092670385e+03 
       3.303001938897e-02       5.579513808060e+03 
       3.304236689085e-02       5.577933787994e+03 
       3.305472394291e-02       5.576352608760e+03 
       3.306709056934e-02       5.574770269009e+03 
       3.307946679439e-02       5.573186767336e+03 
       3.309185264245e-02       5.571602102353e+03 
       3.310424813794e-02       5.570016272675e+03 
       3.311665330542e-02       5.568429276751e+03 
       3.312906816950e-02       5.566841098451e+03 
       3.314149275491e-02       5.565251767033e+03 
       3.315392708644e-02       5.563661263313e+03 
       3.316637118899e-02       5.562069587753e+03 
       3.317882508754e-02       5.560476738660e+03 
       3.319128880717e-02       5.558882714854e+03 
       3.320376237305e-02       5.557287514810e+03 
       3.321624581044e-02       5.555691136974e+03 
       3.322873914468e-02       5.554093580083e+03 
       3.324124240123e-02       5.552494844920e+03 
       3.325375560561e-02       5.550894905010e+03 
       3.326627878346e-02       5.549293800572e+03 
       3.327881196051e-02       5.547691510915e+03 
       3.329135516257e-02       5.546088034567e+03 
       3.330390841555e-02       5.544483363872e+03 
       3.331647174547e-02       5.542877509322e+03 
       3.332904517842e-02       5.541270463296e+03 
       3.334162874062e-02       5.539662224594e+03 
       3.335422245837e-02       5.538052791612e+03 
       3.336682635804e-02       5.536442162834e+03 
       3.337944046615e-02       5.534830336728e+03 
       3.339206480928e-02       5.533217311772e+03 
       3.340469941412e-02       5.531603086448e+03 
       3.341734430746e-02       5.529987659232e+03 
       3.342999951620e-02       5.528371029829e+03 
       3.344266506731e-02       5.526753167436e+03 
       3.345534098790e-02       5.525134123175e+03 
       3.346802730515e-02       5.523513870502e+03 
       3.348072404635e-02       5.521892407828e+03 
       3.349343123891e-02       5.520269733629e+03 
       3.350614891032e-02       5.518645846110e+03 
       3.351887708818e-02       5.517020743883e+03 
       3.353161580019e-02       5.515394425291e+03 
       3.354436507417e-02       5.513766888671e+03 
       3.355712493804e-02       5.512138136459e+03 
       3.356989541980e-02       5.510508142048e+03 
       3.358267654759e-02       5.508876940828e+03 
       3.359546834963e-02       5.507244514997e+03 
       3.360827085427e-02       5.505610862912e+03 
       3.362108408996e-02       5.503975982920e+03 
       3.363390808524e-02       5.502339873396e+03 
       3.364674286878e-02       5.500702532613e+03 
       3.365958846935e-02       5.499063958945e+03 
       3.367244491583e-02       5.497424150177e+03 
       3.368531223721e-02       5.495783089393e+03 
       3.369819046261e-02       5.494140805778e+03 
       3.371107962122e-02       5.492497282385e+03 
       3.372397974238e-02       5.490852517511e+03 
       3.373689085552e-02       5.489206503570e+03 
       3.374981299019e-02       5.487559250205e+03 
       3.376274617606e-02       5.485910750050e+03 
       3.377569044292e-02       5.484261001479e+03 
       3.378864582064e-02       5.482610002778e+03 
       3.380161233924e-02       5.480957752176e+03 
       3.381459002885e-02       5.479304247910e+03 
       3.382757891970e-02       5.477649488277e+03 
       3.384057904215e-02       5.475993471492e+03 
       3.385359042669e-02       5.474336195807e+03 
       3.386661310390e-02       5.472677632807e+03 
       3.387964710450e-02       5.471017835749e+03 
       3.389269245933e-02       5.469356770647e+03 
       3.390574919932e-02       5.467694439227e+03 
       3.391881735557e-02       5.466030839670e+03 
       3.393189695925e-02       5.464365970161e+03 
       3.394498804170e-02       5.462699828877e+03 
       3.395809063435e-02       5.461032414026e+03 
       3.397120476877e-02       5.459363723721e+03 
       3.398433047664e-02       5.457693756176e+03 
       3.399746778977e-02       5.456022495619e+03 
       3.401061674010e-02       5.454349968949e+03 
       3.402377735970e-02       5.452676157468e+03 
       3.403694968076e-02       5.451001061141e+03 
       3.405013373558e-02       5.449324678084e+03 
       3.406332955663e-02       5.447647006411e+03 
       3.407653717646e-02       5.445968044192e+03 
       3.408975662779e-02       5.444287789574e+03 
       3.410298794345e-02       5.442606240639e+03 
       3.411623115639e-02       5.440923379781e+03 
       3.412948629972e-02       5.439239235076e+03 
       3.414275340666e-02       5.437553790273e+03 
       3.415603251058e-02       5.435867043280e+03 
       3.416932364495e-02       5.434178991859e+03 
       3.418262684342e-02       5.432489628964e+03 
       3.419594213975e-02       5.430798963163e+03 
       3.420926956782e-02       5.429106987259e+03 
       3.422260916168e-02       5.427413699257e+03 
       3.423596095550e-02       5.425719097191e+03 
       3.424932498358e-02       5.424023179046e+03 
       3.426270128037e-02       5.422325942818e+03 
       3.427608988046e-02       5.420627386506e+03 
       3.428949081858e-02       5.418927508118e+03 
       3.430290412959e-02       5.417226283824e+03 
       3.431632984850e-02       5.415523753149e+03 
       3.432976801046e-02       5.413819894274e+03 
       3.434321865076e-02       5.412114704888e+03 
       3.435668180485e-02       5.410408182912e+03 
       3.437015750831e-02       5.408700326272e+03 
       3.438364579686e-02       5.406991132898e+03 
       3.439714670637e-02       5.405280600699e+03 
       3.441066027288e-02       5.403568727600e+03 
       3.442418653254e-02       5.401855511520e+03 
       3.443772552167e-02       5.400140938806e+03 
       3.445127727675e-02       5.398425029297e+03 
       3.446484183438e-02       5.396707770432e+03 
       3.447841923133e-02       5.394989159900e+03 
       3.449200950454e-02       5.393269195546e+03 
       3.450561269105e-02       5.391547875194e+03 
       3.451922882811e-02       5.389825196687e+03 
       3.453285795309e-02       5.388101157863e+03 
       3.454650010353e-02       5.386375756454e+03 
       3.456015531712e-02       5.384648974963e+03 
       3.457382363170e-02       5.382920840912e+03 
       3.458750508529e-02       5.381191337535e+03 
       3.460119971604e-02       5.379460462672e+03 
       3.461490756228e-02       5.377728208741e+03 
       3.462862866251e-02       5.375994583799e+03 
       3.464236305535e-02       5.374259580654e+03 
       3.465611077963e-02       5.372523197011e+03 
       3.466987187430e-02       5.370785430605e+03 
       3.468364637852e-02       5.369046279148e+03 
       3.469743433157e-02       5.367305740350e+03 
       3.471123577293e-02       5.365563811921e+03 
       3.472505074222e-02       5.363820491556e+03 
       3.473887927926e-02       5.362075780596e+03 
       3.475272142400e-02       5.360329643883e+03 
       3.476657721658e-02       5.358582132028e+03 
       3.478044669732e-02       5.356833218697e+03 
       3.479432990671e-02       5.355082901531e+03 
       3.480822688538e-02       5.353331178164e+03 
       3.482213767417e-02       5.351578046229e+03 
       3.483606231408e-02       5.349823503372e+03 
       3.485000084629e-02       5.348067547221e+03 
       3.486395331215e-02       5.346310175387e+03 
       3.487791975320e-02       5.344551379446e+03 
       3.489190021114e-02       5.342791163174e+03 
       3.490589472786e-02       5.341029528741e+03 
       3.491990334543e-02       5.339266468742e+03 
       3.493392610611e-02       5.337501980705e+03 
       3.494796305233e-02       5.335736062181e+03 
       3.496201422670e-02       5.333968710689e+03 
       3.497607967203e-02       5.332199923754e+03 
       3.499015943131e-02       5.330429698906e+03 
       3.500425354772e-02       5.328658019161e+03 
       3.501836206461e-02       5.326884909473e+03 
       3.503248502553e-02       5.325110354436e+03 
       3.504662247424e-02       5.323334351249e+03 
       3.506077445466e-02       5.321556892254e+03 
       3.507494101092e-02       5.319777984760e+03 
       3.508912218735e-02       5.317997621447e+03 
       3.510331802844e-02       5.316215799718e+03 
       3.511752857893e-02       5.314432516968e+03 
       3.513175388370e-02       5.312647770590e+03 
       3.514599398787e-02       5.310861557962e+03 
       3.516024893673e-02       5.309073876470e+03 
       3.517451877580e-02       5.307284723504e+03 
       3.518880355079e-02       5.305494104845e+03 
       3.520310330759e-02       5.303701971357e+03 
       3.521741809232e-02       5.301908386149e+03 
       3.523174795130e-02       5.300113318644e+03 
       3.524609293106e-02       5.298316766080e+03 
       3.526045307832e-02       5.296518725764e+03 
       3.527482844002e-02       5.294719195006e+03 
       3.528921906332e-02       5.292918171111e+03 
       3.530362499558e-02       5.291115651359e+03 
       3.531804628437e-02       5.289311632853e+03 
       3.533248297748e-02       5.287506102576e+03 
       3.534693512292e-02       5.285699077820e+03 
       3.536140276890e-02       5.283890546019e+03 
       3.537588596386e-02       5.282080504332e+03 
       3.539038475645e-02       5.280268949956e+03 
       3.540489919556e-02       5.278455880073e+03 
       3.541942933029e-02       5.276641291850e+03 
       3.543397520994e-02       5.274825182470e+03 
       3.544853688408e-02       5.273007554771e+03 
       3.546311440246e-02       5.271188374172e+03 
       3.547770781510e-02       5.269367682908e+03 
       3.549231717221e-02       5.267545458882e+03 
       3.550694252425e-02       5.265721697001e+03 
       3.552158392191e-02       5.263896395705e+03 
       3.553624141612e-02       5.262069555434e+03 
       3.555091505801e-02       5.260241170690e+03 
       3.556560489899e-02       5.258411238498e+03 
       3.558031099069e-02       5.256579756306e+03 
       3.559503338496e-02       5.254746720803e+03 
       3.560977213391e-02       5.252912128904e+03 
       3.562452728989e-02       5.251075977676e+03 
       3.563929890548e-02       5.249238269304e+03 
       3.565408703353e-02       5.247398965427e+03 
       3.566889172710e-02       5.245558116343e+03 
       3.568371303953e-02       5.243715695451e+03 
       3.569855102440e-02       5.241871699698e+03 
       3.571340573551e-02       5.240026126032e+03 
       3.572827722697e-02       5.238178971382e+03 
       3.574316555309e-02       5.236330232683e+03 
       3.575807076846e-02       5.234479906873e+03 
       3.577299292792e-02       5.232627990287e+03 
       3.578793208658e-02       5.230774470778e+03 
       3.580288829980e-02       5.228919363641e+03 
       3.581786162320e-02       5.227062656542e+03 
       3.583285211266e-02       5.225204346276e+03 
       3.584785982434e-02       5.223344429648e+03 
       3.586288481466e-02       5.221482903471e+03 
       3.587792714029e-02       5.219619764383e+03 
       3.589298685820e-02       5.217755009300e+03 
       3.590806402560e-02       5.215888620258e+03 
       3.592315870001e-02       5.214020623768e+03 
       3.593827093920e-02       5.212150999646e+03 
       3.595340080121e-02       5.210279746174e+03 
       3.596854834438e-02       5.208406855514e+03 
       3.598371362733e-02       5.206532333136e+03 
       3.599889670894e-02       5.204656171422e+03 
       3.601409764838e-02       5.202778367004e+03 
       3.602931650513e-02       5.200898916505e+03 
       3.604455333894e-02       5.199017816513e+03 
       3.605980820984e-02       5.197135063616e+03 
       3.607508117816e-02       5.195250654410e+03 
       3.609037230453e-02       5.193364585352e+03 
       3.610568164987e-02       5.191476835174e+03 
       3.612100927540e-02       5.189587434748e+03 
       3.613635524263e-02       5.187696363943e+03 
       3.615171961337e-02       5.185803619254e+03 
       3.616710244975e-02       5.183909197173e+03 
       3.618250381419e-02       5.182013094171e+03 
       3.619792376943e-02       5.180115306735e+03 
       3.621336237849e-02       5.178215831323e+03 
       3.622881970473e-02       5.176314664057e+03 
       3.624429581182e-02       5.174411792725e+03 
       3.625979076373e-02       5.172507231026e+03 
       3.627530462476e-02       5.170600966795e+03 
       3.629083745952e-02       5.168692996387e+03 
       3.630638933294e-02       5.166783316112e+03 
       3.632196031029e-02       5.164871922310e+03 
       3.633755045715e-02       5.162958811314e+03 
       3.635315983944e-02       5.161043979221e+03 
       3.636878852338e-02       5.159127410675e+03 
       3.638443657556e-02       5.157209124756e+03 
       3.640010406289e-02       5.155289106590e+03 
       3.641579105261e-02       5.153367347401e+03 
       3.643149761229e-02       5.151443853799e+03 
       3.644722380987e-02       5.149518615783e+03 
       3.646296971361e-02       5.147591630287e+03 
       3.647873539213e-02       5.145662893483e+03 
       3.649452091438e-02       5.143732401494e+03 
       3.651032634968e-02       5.141800150432e+03 
       3.652615176768e-02       5.139866136471e+03 
       3.654199723841e-02       5.137930354838e+03 
       3.655786283224e-02       5.135992786152e+03 
       3.657374861991e-02       5.134053457960e+03 
       3.658965467252e-02       5.132112350825e+03 
       3.660558106152e-02       5.130169460758e+03 
       3.662152785874e-02       5.128224783767e+03 
       3.663749513639e-02       5.126278315863e+03 
       3.665348296704e-02       5.124330052992e+03 
       3.666949142363e-02       5.122379994171e+03 
       3.668552057948e-02       5.120428116962e+03 
       3.670157050831e-02       5.118474443928e+03 
       3.671764128419e-02       5.116518959446e+03 
       3.673373298159e-02       5.114561659357e+03 
       3.674984567539e-02       5.112602539568e+03 
       3.676597944081e-02       5.110641595831e+03 
       3.678213435352e-02       5.108678823840e+03 
       3.679831048954e-02       5.106714208226e+03 
       3.681450792532e-02       5.104747766423e+03 
       3.683072673769e-02       5.102779483691e+03 
       3.684696700390e-02       5.100809351758e+03 
       3.686322880160e-02       5.098837374014e+03 
       3.687951220884e-02       5.096863542406e+03 
       3.689581730411e-02       5.094887852662e+03 
       3.691214416630e-02       5.092910300399e+03 
       3.692849287470e-02       5.090930881273e+03 
       3.694486350906e-02       5.088949590874e+03 
       3.696125614953e-02       5.086966424813e+03 
       3.697767087668e-02       5.084981363018e+03 
       3.699410777153e-02       5.082994430594e+03 
       3.701056691554e-02       5.081005608914e+03 
       3.702704839058e-02       5.079014893463e+03 
       3.704355227898e-02       5.077022279733e+03 
       3.706007866350e-02       5.075027763191e+03 
       3.707662762736e-02       5.073031339314e+03 
       3.709319925422e-02       5.071033003270e+03 
       3.710979362821e-02       5.069032742922e+03 
       3.712641083388e-02       5.067030568622e+03 
       3.714305095627e-02       5.065026468377e+03 
       3.715971408088e-02       5.063020437535e+03 
       3.717640029366e-02       5.061012471365e+03 
       3.719310968105e-02       5.059002565160e+03 
       3.720984232994e-02       5.056990714179e+03 
       3.722659832772e-02       5.054976903040e+03 
       3.724337776224e-02       5.052961147102e+03 
       3.726018072184e-02       5.050943431912e+03 
       3.727700729536e-02       5.048923749034e+03 
       3.729385757210e-02       5.046902100421e+03 
       3.731073164189e-02       5.044878478056e+03 
       3.732762959503e-02       5.042852876990e+03 
       3.734455152234e-02       5.040825292254e+03 
       3.736149751512e-02       5.038795718928e+03 
       3.737846766520e-02       5.036764152072e+03 
       3.739546206493e-02       5.034730586311e+03 
       3.741248080714e-02       5.032695003067e+03 
       3.742952398523e-02       5.030657423869e+03 
       3.744659169307e-02       5.028617830721e+03 
       3.746368402510e-02       5.026576218483e+03 
       3.748080107628e-02       5.024532582083e+03 
       3.749794294209e-02       5.022486916435e+03 
       3.751510971857e-02       5.020439216376e+03 
       3.753230150230e-02       5.018389478835e+03 
       3.754951839040e-02       5.016337684378e+03 
       3.756676048053e-02       5.014283849096e+03 
       3.758402787095e-02       5.012227958219e+03 
       3.760132066043e-02       5.010170006679e+03 
       3.761863894835e-02       5.008109989055e+03 
       3.763598283461e-02       5.006047899995e+03 
       3.765335241973e-02       5.003983727943e+03 
       3.767074780478e-02       5.001917475723e+03 
       3.768816909141e-02       4.999849138765e+03 
       3.770561638189e-02       4.997778709771e+03 
       3.772308977904e-02       4.995706175982e+03 
       3.774058938629e-02       4.993631542387e+03 
       3.775811530768e-02       4.991554798987e+03 
       3.777566764786e-02       4.989475940250e+03 
       3.779324651206e-02       4.987394960588e+03 
       3.781085200614e-02       4.985311854335e+03 
       3.782848423660e-02       4.983226615791e+03 
       3.784614331052e-02       4.981139226435e+03 
       3.786382933566e-02       4.979049704999e+03 
       3.788154242037e-02       4.976958033991e+03 
       3.789928267366e-02       4.974864207612e+03 
       3.791705020518e-02       4.972768220027e+03 
       3.793484512522e-02       4.970670065438e+03 
       3.795266754475e-02       4.968569738071e+03 
       3.797051757537e-02       4.966467225249e+03 
       3.798839532935e-02       4.964362534011e+03 
       3.800630091964e-02       4.962255652030e+03 
       3.802423445986e-02       4.960146573462e+03 
       3.804219606430e-02       4.958035292210e+03 
       3.806018584796e-02       4.955921802367e+03 
       3.807820392651e-02       4.953806097630e+03 
       3.809625041631e-02       4.951688163667e+03 
       3.811432543445e-02       4.949568010302e+03 
       3.813242909870e-02       4.947445623569e+03 
       3.815056152756e-02       4.945320994184e+03 
       3.816872284024e-02       4.943194121904e+03 
       3.818691315668e-02       4.941064997652e+03 
       3.820513259756e-02       4.938933615123e+03 
       3.822338128427e-02       4.936799968011e+03 
       3.824165933897e-02       4.934664050008e+03 
       3.825996688455e-02       4.932525854732e+03 
       3.827830404467e-02       4.930385380769e+03 
       3.829667094375e-02       4.928242593300e+03 
       3.831506770695e-02       4.926097525826e+03 
       3.833349446024e-02       4.923950154904e+03 
       3.835195133035e-02       4.921800474004e+03 
       3.837043844480e-02       4.919648476424e+03 
       3.838895593190e-02       4.917494155547e+03 
       3.840750392077e-02       4.915337504845e+03 
       3.842608254132e-02       4.913178518636e+03 
       3.844469192429e-02       4.911017179936e+03 
       3.846333220123e-02       4.908853498484e+03 
       3.848200350451e-02       4.906687460048e+03 
       3.850070596734e-02       4.904519057716e+03 
       3.851943972378e-02       4.902348284694e+03 
       3.853820490872e-02       4.900175134023e+03 
       3.855700165791e-02       4.897999598740e+03 
       3.857583010797e-02       4.895821663437e+03 
       3.859469039637e-02       4.893641337006e+03 
       3.861358266148e-02       4.891458604601e+03 
       3.863250704254e-02       4.889273459681e+03 
       3.865146367968e-02       4.887085890809e+03 
       3.867045271394e-02       4.884895897836e+03 
       3.868947428724e-02       4.882703470373e+03 
       3.870852854244e-02       4.880508601150e+03 
       3.872761562332e-02       4.878311282778e+03 
       3.874673567458e-02       4.876111508014e+03 
       3.876588884186e-02       4.873909269418e+03 
       3.878507527174e-02       4.871704559551e+03 
       3.880429511177e-02       4.869497371759e+03 
       3.882354851046e-02       4.867287684726e+03 
       3.884283561727e-02       4.865075514831e+03 
       3.886215658266e-02       4.862860843481e+03 
       3.888151155806e-02       4.860643662993e+03 
       3.890090069593e-02       4.858423965701e+03 
       3.892032414969e-02       4.856201743948e+03 
       3.893978207381e-02       4.853976989968e+03 
       3.895927462376e-02       4.851749695872e+03 
       3.897880195606e-02       4.849519853918e+03 
       3.899836422825e-02       4.847287449630e+03 
       3.901796159893e-02       4.845052488453e+03 
       3.903759422778e-02       4.842814954576e+03 
       3.905726227551e-02       4.840574840869e+03 
       3.907696590393e-02       4.838332143024e+03 
       3.909670527594e-02       4.836086838463e+03 
       3.911648055553e-02       4.833838936430e+03 
       3.913629190780e-02       4.831588422058e+03 
       3.915613949898e-02       4.829335284727e+03 
       3.917602349639e-02       4.827079520663e+03 
       3.919594406854e-02       4.824821119417e+03 
       3.921590138504e-02       4.822560072297e+03 
       3.923589561670e-02       4.820296371215e+03 
       3.925592693545e-02       4.818030007539e+03 
       3.927599551445e-02       4.815760972759e+03 
       3.929610152802e-02       4.813489249682e+03 
       3.931624515169e-02       4.811214845586e+03 
       3.933642656220e-02       4.808937744453e+03 
       3.935664593751e-02       4.806657937464e+03 
       3.937690345683e-02       4.804375415883e+03 
       3.939719930059e-02       4.802090170903e+03 
       3.941753365050e-02       4.799802193599e+03 
       3.943790668953e-02       4.797511470631e+03 
       3.945831860193e-02       4.795218001354e+03 
       3.947876957325e-02       4.792921772697e+03 
       3.949925979034e-02       4.790622775565e+03 
       3.951978944136e-02       4.788320998239e+03 
       3.954035871580e-02       4.786016436206e+03 
       3.956096780452e-02       4.783709077640e+03 
       3.958161689969e-02       4.781398912491e+03 
       3.960230619488e-02       4.779085934013e+03 
       3.962303588503e-02       4.776770131404e+03 
       3.964380616647e-02       4.774451495223e+03 
       3.966461723695e-02       4.772130015828e+03 
       3.968546929561e-02       4.769805683785e+03 
       3.970636254307e-02       4.767478482275e+03 
       3.972729718134e-02       4.765148414783e+03 
       3.974827341395e-02       4.762815465280e+03 
       3.976929144587e-02       4.760479623864e+03 
       3.979035148356e-02       4.758140880811e+03 
       3.981145373499e-02       4.755799224533e+03 
       3.983259840965e-02       4.753454648334e+03 
       3.985378571857e-02       4.751107140657e+03 
       3.987501587431e-02       4.748756688655e+03 
       3.989628909102e-02       4.746403285893e+03 
       3.991760558439e-02       4.744046922007e+03 
       3.993896557174e-02       4.741687585712e+03 
       3.996036927198e-02       4.739325266671e+03 
       3.998181690565e-02       4.736959949990e+03 
       4.000330869494e-02       4.734591633049e+03 
       4.002484486369e-02       4.732220300515e+03 
       4.004642563741e-02       4.729845944003e+03 
       4.006805124330e-02       4.727468551858e+03 
       4.008972191028e-02       4.725088113342e+03 
       4.011143786899e-02       4.722704617609e+03 
       4.013319935181e-02       4.720318048463e+03 
       4.015500659287e-02       4.717928404701e+03 
       4.017685982810e-02       4.715535670947e+03 
       4.019875929520e-02       4.713139835996e+03 
       4.022070523370e-02       4.710740888678e+03 
       4.024269788496e-02       4.708338818168e+03 
       4.026473749219e-02       4.705933608644e+03 
       4.028682430046e-02       4.703525256021e+03 
       4.030895855674e-02       4.701113745689e+03 
       4.033114050990e-02       4.698699066139e+03 
       4.035337041075e-02       4.696281206738e+03 
       4.037564851202e-02       4.693860149231e+03 
       4.039797506845e-02       4.691435891572e+03 
       4.042035033672e-02       4.689008417271e+03 
       4.044277457555e-02       4.686577715551e+03 
       4.046524804568e-02       4.684143774604e+03 
       4.048777100990e-02       4.681706577741e+03 
       4.051034373307e-02       4.679266119556e+03 
       4.053296648216e-02       4.676822385064e+03 
       4.055563952622e-02       4.674375361979e+03 
       4.057836313648e-02       4.671925036331e+03 
       4.060113758629e-02       4.669471398659e+03 
       4.062396315121e-02       4.667014435094e+03 
       4.064684010901e-02       4.664554133095e+03 
       4.066976873966e-02       4.662090479980e+03 
       4.069274932542e-02       4.659623462917e+03 
       4.071578215081e-02       4.657153069143e+03 
       4.073886750264e-02       4.654679284377e+03 
       4.076200567007e-02       4.652202097191e+03 
       4.078519694460e-02       4.649721494900e+03 
       4.080844162010e-02       4.647237463651e+03 
       4.083173999288e-02       4.644749990029e+03 
       4.085509236162e-02       4.642259061408e+03 
       4.087849902752e-02       4.639764659468e+03 
       4.090196029421e-02       4.637266778472e+03 
       4.092547646786e-02       4.634765401191e+03 
       4.094904785717e-02       4.632260514000e+03 
       4.097267477340e-02       4.629752102998e+03 
       4.099635753041e-02       4.627240154279e+03 
       4.102009644470e-02       4.624724653827e+03 
       4.104389183537e-02       4.622205587495e+03 
       4.106774402427e-02       4.619682941236e+03 
       4.109165333590e-02       4.617156700744e+03 
       4.111562009754e-02       4.614626851696e+03 
       4.113964463923e-02       4.612093379630e+03 
       4.116372729382e-02       4.609556269875e+03 
       4.118786839698e-02       4.607015507842e+03 
       4.121206828726e-02       4.604471078637e+03 
       4.123632730611e-02       4.601922967357e+03 
       4.126064579791e-02       4.599371159035e+03 
       4.128502411001e-02       4.596815638449e+03 
       4.130946259275e-02       4.594256390632e+03 
       4.133396159952e-02       4.591693400237e+03 
       4.135852148677e-02       4.589126651928e+03 
       4.138314261406e-02       4.586556130136e+03 
       4.140782534408e-02       4.583981819367e+03 
       4.143257004273e-02       4.581403703770e+03 
       4.145737707908e-02       4.578821767471e+03 
       4.148224682548e-02       4.576235994449e+03 
       4.150717965757e-02       4.573646368559e+03 
       4.153217595432e-02       4.571052873760e+03 
       4.155723609805e-02       4.568455493736e+03 
       4.158236047450e-02       4.565854212133e+03 
       4.160754947288e-02       4.563249012450e+03 
       4.163280348585e-02       4.560639877955e+03 
       4.165812290962e-02       4.558026792071e+03 
       4.168350814399e-02       4.555409737786e+03 
       4.170895959234e-02       4.552788698046e+03 
       4.173447766175e-02       4.550163655573e+03 
       4.176006276297e-02       4.547534593207e+03 
       4.178571531052e-02       4.544901493534e+03 
       4.181143572269e-02       4.542264339091e+03 
       4.183722442165e-02       4.539623112262e+03 
       4.186308183341e-02       4.536977795204e+03 
       4.188900838796e-02       4.534328370217e+03 
       4.191500451923e-02       4.531674819209e+03 
       4.194107066522e-02       4.529017123997e+03 
       4.196720726798e-02       4.526355266132e+03 
       4.199341477372e-02       4.523689227239e+03 
       4.201969363282e-02       4.521018988679e+03 
       4.204604429988e-02       4.518344531760e+03 
       4.207246723382e-02       4.515665837653e+03 
       4.209896289789e-02       4.512982887267e+03 
       4.212553175972e-02       4.510295661655e+03 
       4.215217429142e-02       4.507604141510e+03 
       4.217889096958e-02       4.504908307412e+03 
       4.220568227540e-02       4.502208139677e+03 
       4.223254869465e-02       4.499503618648e+03 
       4.225949071781e-02       4.496794724334e+03 
       4.228650884012e-02       4.494081436712e+03 
       4.231360356160e-02       4.491363735497e+03 
       4.234077538714e-02       4.488641600474e+03 
       4.236802482656e-02       4.485915011119e+03 
       4.239535239468e-02       4.483183946823e+03 
       4.242275861137e-02       4.480448386795e+03 
       4.245024400163e-02       4.477708309947e+03 
       4.247780909565e-02       4.474963695250e+03 
       4.250545442887e-02       4.472214521297e+03 
       4.253318054207e-02       4.469460766567e+03 
       4.256098798143e-02       4.466702409277e+03 
       4.258887729859e-02       4.463939427763e+03 
       4.261684905074e-02       4.461171799975e+03 
       4.264490380069e-02       4.458399503762e+03 
       4.267304211693e-02       4.455622516741e+03 
       4.270126457374e-02       4.452840816530e+03 
       4.272957175124e-02       4.450054380341e+03 
       4.275796423546e-02       4.447263185249e+03 
       4.278644261845e-02       4.444467208050e+03 
       4.281500749835e-02       4.441666425568e+03 
       4.284365947947e-02       4.438860814275e+03 
       4.287239917237e-02       4.436050350557e+03 
       4.290122719396e-02       4.433235010485e+03 
       4.293014416758e-02       4.430414770173e+03 
       4.295915072307e-02       4.427589605373e+03 
       4.298824749691e-02       4.424759491657e+03 
       4.301743513226e-02       4.421924404255e+03 
       4.304671427908e-02       4.419084318385e+03 
       4.307608559422e-02       4.416239208915e+03 
       4.310554974152e-02       4.413389050597e+03 
       4.313510739189e-02       4.410533817873e+03 
       4.316475922347e-02       4.407673485150e+03 
       4.319450592163e-02       4.404808026506e+03 
       4.322434817918e-02       4.401937415874e+03 
       4.325428669641e-02       4.399061626812e+03 
       4.328432218121e-02       4.396180632817e+03 
       4.331445534920e-02       4.393294406993e+03 
       4.334468692381e-02       4.390402922279e+03 
       4.337501763645e-02       4.387506151317e+03 
       4.340544822653e-02       4.384604066720e+03 
       4.343597944170e-02       4.381696640710e+03 
       4.346661203784e-02       4.378783845325e+03 
       4.349734677930e-02       4.375865652281e+03 
       4.352818443895e-02       4.372942033233e+03 
       4.355912579832e-02       4.370012959355e+03 
       4.359017164776e-02       4.367078401618e+03 
       4.362132278653e-02       4.364138330643e+03 
       4.365258002297e-02       4.361192717066e+03 
       4.368394417461e-02       4.358241531101e+03 
       4.371541606832e-02       4.355284742660e+03 
       4.374699654044e-02       4.352322321563e+03 
       4.377868643697e-02       4.349354237220e+03 
       4.381048661364e-02       4.346380458784e+03 
       4.384239793612e-02       4.343400954979e+03 
       4.387442128016e-02       4.340415694442e+03 
       4.390655753174e-02       4.337424645407e+03 
       4.393880758722e-02       4.334427775890e+03 
       4.397117235350e-02       4.331425053528e+03 
       4.400365274824e-02       4.328416445893e+03 
       4.403624969992e-02       4.325401920118e+03 
       4.406896414814e-02       4.322381442939e+03 
       4.410179704367e-02       4.319354980878e+03 
       4.413474934874e-02       4.316322500010e+03 
       4.416782203712e-02       4.313283966165e+03 
       4.420101609440e-02       4.310239344776e+03 
       4.423433251811e-02       4.307188601191e+03 
       4.426777231793e-02       4.304131700284e+03 
       4.430133651591e-02       4.301068606600e+03 
       4.433502614665e-02       4.297999284460e+03 
       4.436884225749e-02       4.294923697655e+03 
       4.440278590877e-02       4.291841809633e+03 
       4.443685817398e-02       4.288753583385e+03 
       4.447106014003e-02       4.285658981770e+03 
       4.450539290743e-02       4.282557967263e+03 
       4.453985759054e-02       4.279450501839e+03 
       4.457445531782e-02       4.276336547354e+03 
       4.460918723200e-02       4.273216065162e+03 
       4.464405449041e-02       4.270089016177e+03 
       4.467905826515e-02       4.266955360755e+03 
       4.471419974339e-02       4.263815059060e+03 
       4.474948012757e-02       4.260668070779e+03 
       4.478490063575e-02       4.257514355174e+03 
       4.482046250180e-02       4.254353871303e+03 
       4.485616697569e-02       4.251186577718e+03 
       4.489201532381e-02       4.248012432533e+03 
       4.492800882918e-02       4.244831393458e+03 
       4.496414879184e-02       4.241643417584e+03 
       4.500043652904e-02       4.238448461581e+03 
       4.503687337563e-02       4.235246481657e+03 
       4.507346068432e-02       4.232037433805e+03 
       4.511019982603e-02       4.228821273453e+03 
       4.514709219020e-02       4.225597955558e+03 
       4.518413918509e-02       4.222367434771e+03 
       4.522134223820e-02       4.219129665118e+03 
       4.525870279652e-02       4.215884599622e+03 
       4.529622232698e-02       4.212632191528e+03 
       4.533390231671e-02       4.209372393191e+03 
       4.537174427352e-02       4.206105156549e+03 
       4.540974972619e-02       4.202830433197e+03 
       4.544792022490e-02       4.199548174168e+03 
       4.548625734162e-02       4.196258329863e+03 
       4.552476267053e-02       4.192960850124e+03 
       4.556343782841e-02       4.189655684099e+03 
       4.560228445508e-02       4.186342780401e+03 
       4.564130421382e-02       4.183022087250e+03 
       4.568049879184e-02       4.179693552263e+03 
       4.571986990073e-02       4.176357122494e+03 
       4.575941927690e-02       4.173012744510e+03 
       4.579914868209e-02       4.169660364067e+03 
       4.583905990386e-02       4.166299926182e+03 
       4.587915475605e-02       4.162931375364e+03 
       4.591943507935e-02       4.159554655480e+03 
       4.595990274177e-02       4.156169709788e+03 
       4.600055963923e-02       4.152776481051e+03 
       4.604140769607e-02       4.149374911309e+03 
       4.608244886565e-02       4.145964941777e+03 
       4.612368513089e-02       4.142546512987e+03 
       4.616511850491e-02       4.139119564733e+03 
       4.620675103159e-02       4.135684035967e+03 
       4.624858478624e-02       4.132239865316e+03 
       4.629062187620e-02       4.128786990536e+03 
       4.633286444152e-02       4.125325348753e+03 
       4.637531465562e-02       4.121854875807e+03 
       4.641797472600e-02       4.118375507377e+03 
       4.646084689492e-02       4.114887177810e+03 
       4.650393344013e-02       4.111389820944e+03 
       4.654723667563e-02       4.107883369818e+03 
       4.659075895244e-02       4.104367756605e+03 
       4.663450265934e-02       4.100842912825e+03 
       4.667847022372e-02       4.097308768799e+03 
       4.672266411240e-02       4.093765254074e+03 
       4.676708683245e-02       4.090212297203e+03 
       4.681174093208e-02       4.086649825982e+03 
       4.685662900154e-02       4.083077767347e+03 
       4.690175367402e-02       4.079496047344e+03 
       4.694711762660e-02       4.075904590862e+03 
       4.699272358123e-02       4.072303321880e+03 
       4.703857430572e-02       4.068692163190e+03 
       4.708467261474e-02       4.065071036804e+03 
       4.713102137090e-02       4.061439863696e+03 
       4.717762348582e-02       4.057798563809e+03 
       4.722448192123e-02       4.054147056095e+03 
       4.727159969015e-02       4.050485258142e+03 
       4.731897985800e-02       4.046813086457e+03 
       4.736662554385e-02       4.043130456443e+03 
       4.741453992168e-02       4.039437282449e+03 
       4.746272622161e-02       4.035733477769e+03 
       4.751118773125e-02       4.032018954390e+03 
       4.755992779702e-02       4.028293622995e+03 
       4.760894982558e-02       4.024557392862e+03 
       4.765825728526e-02       4.020810172031e+03 
       4.770785370749e-02       4.017051867490e+03 
       4.775774268838e-02       4.013282384898e+03 
       4.780792789024e-02       4.009501628619e+03 
       4.785841304322e-02       4.005709501352e+03 
       4.790920194695e-02       4.001905904243e+03 
       4.796029847228e-02       3.998090737204e+03 
       4.801170656302e-02       3.994263898742e+03 
       4.806343023774e-02       3.990425286085e+03 
       4.811547359171e-02       3.986574794704e+03 
       4.816784079877e-02       3.982712318383e+03 
       4.822053611333e-02       3.978837749177e+03 
       4.827356387248e-02       3.974950977599e+03 
       4.832692849803e-02       3.971051892795e+03 
       4.838063449877e-02       3.967140382101e+03 
       4.843468647269e-02       3.963216331126e+03 
       4.848908910932e-02       3.959279623344e+03 
       4.854384719214e-02       3.955330140485e+03 
       4.859896560107e-02       3.951367762588e+03 
       4.865444931501e-02       3.947392367847e+03 
       4.871030341455e-02       3.943403832536e+03 
       4.876653308463e-02       3.939402030713e+03 
       4.882314361746e-02       3.935386834272e+03 
       4.888014041538e-02       3.931358113118e+03 
       4.893752899391e-02       3.927315735229e+03 
       4.899531498487e-02       3.923259566262e+03 
       4.905350413966e-02       3.919189469656e+03 
       4.911210233253e-02       3.915105306355e+03 
       4.917111556413e-02       3.911006934955e+03 
       4.923054996502e-02       3.906894211755e+03 
       4.929041179943e-02       3.902766990648e+03 
       4.935070746909e-02       3.898625122923e+03 
       4.941144351722e-02       3.894468457153e+03 
       4.947262663261e-02       3.890296839139e+03 
       4.953426365396e-02       3.886110112210e+03 
       4.959636157424e-02       3.881908116733e+03 
       4.965892754533e-02       3.877690690274e+03 
       4.972196888274e-02       3.873457667254e+03 
       4.978549307056e-02       3.869208879081e+03 
       4.984950776660e-02       3.864944154215e+03 
       4.991402080765e-02       3.860663317798e+03 
       4.997904021504e-02       3.856366191641e+03 
       5.004457420032e-02       3.852052594077e+03 
       5.011063117124e-02       3.847722339964e+03 
       5.017721973791e-02       3.843375240933e+03 
       5.024434871916e-02       3.839011104449e+03 
       5.031202714928e-02       3.834629734382e+03 
       5.038026428490e-02       3.830230930609e+03 
       5.044906961219e-02       3.825814489211e+03 
       5.051845285435e-02       3.821380201966e+03 
       5.058842397941e-02       3.816927856252e+03 
       5.065899320831e-02       3.812457235293e+03 
       5.073017102338e-02       3.807968117676e+03 
       5.080196817707e-02       3.803460277394e+03 
       5.087439570114e-02       3.798933483473e+03 
       5.094746491617e-02       3.794387500109e+03 
       5.102118744151e-02       3.789822086380e+03 
       5.109557520559e-02       3.785236996066e+03 
       5.117064045679e-02       3.780631977366e+03 
       5.124639577462e-02       3.776006772980e+03 
       5.132285408155e-02       3.771361119823e+03 
       5.140002865518e-02       3.766694748709e+03 
       5.147793314116e-02       3.762007384115e+03 
       5.155658156644e-02       3.757298744327e+03 
       5.163598835333e-02       3.752568540947e+03 
       5.171616833409e-02       3.747816478419e+03 
       5.179713676615e-02       3.743042254228e+03 
       5.187890934810e-02       3.738245558544e+03 
       5.196150223644e-02       3.733426073877e+03 
       5.204493206296e-02       3.728583474579e+03 
       5.212921595314e-02       3.723717426845e+03 
       5.221437154525e-02       3.718827588417e+03 
       5.230041701047e-02       3.713913608279e+03 
       5.238737107392e-02       3.708975125870e+03 
       5.247525303671e-02       3.704011771064e+03 
       5.256408279911e-02       3.699023164069e+03 
       5.265388088485e-02       3.694008914718e+03 
       5.274466846655e-02       3.688968621741e+03 
       5.283646739257e-02       3.683901872651e+03 
       5.292930021506e-02       3.678808243713e+03 
       5.302319021957e-02       3.673687298774e+03 
       5.311816145610e-02       3.668538588703e+03 
       5.321423877178e-02       3.663361651231e+03 
       5.331144784526e-02       3.658156010703e+03 
       5.340981522294e-02       3.652921176483e+03 
       5.350936835708e-02       3.647656642754e+03 
       5.361013564597e-02       3.642361888252e+03 
       5.371214647628e-02       3.637036375242e+03 
       5.381543126772e-02       3.631679548124e+03 
       5.392002152015e-02       3.626290833394e+03 
       5.402594986330e-02       3.620869638981e+03 
       5.413325010931e-02       3.615415352096e+03 
       5.424195730812e-02       3.609927339243e+03 
       5.435210780623e-02       3.604404945280e+03 
       5.446373930856e-02       3.598847491373e+03 
       5.457689094415e-02       3.593254274347e+03 
       5.469160333554e-02       3.587624565842e+03 
       5.480791867227e-02       3.581957609860e+03 
       5.492588078878e-02       3.576252622037e+03 
       5.504553524700e-02       3.570508788150e+03 
       5.516692942383e-02       3.564725261707e+03 
       5.529011260406e-02       3.558901162781e+03 
       5.541513607897e-02       3.553035576020e+03 
       5.554205325103e-02       3.547127547718e+03 
       5.567091974514e-02       3.541176084736e+03 
       5.580179352691e-02       3.535180151364e+03 
       5.593473502845e-02       3.529138666203e+03 
       5.606980728214e-02       3.523050500853e+03 
       5.620707606317e-02       3.516914475023e+03 
       5.634661004123e-02       3.510729354162e+03 
       5.648848094217e-02       3.504493846297e+03 
       5.663276372033e-02       3.498206596508e+03 
       5.677953674234e-02       3.491866184571e+03 
       5.692888198316e-02       3.485471119007e+03 
       5.708088523532e-02       3.479019832268e+03 
       5.723563633236e-02       3.472510676215e+03 
       5.739322938747e-02       3.465941914332e+03 
       5.755376304841e-02       3.459311717287e+03 
       5.771734076996e-02       3.452618154192e+03 
       5.788407110524e-02       3.445859185405e+03 
       5.805406801710e-02       3.439032654543e+03 
       5.822745121118e-02       3.432136277596e+03 
       5.840434649210e-02       3.425167634861e+03 
       5.858488614441e-02       3.418124157053e+03 
       5.876920934007e-02       3.411003115483e+03 
       5.895746257418e-02       3.403801605986e+03 
       5.914980013082e-02       3.396516535962e+03 
       5.934638458098e-02       3.389144605671e+03 
       5.954738731453e-02       3.381682291850e+03 
       5.975298910806e-02       3.374125825149e+03 
       5.996338073076e-02       3.366471169817e+03 
       6.017876359006e-02       3.358713996985e+03 
       6.039935041877e-02       3.350849657580e+03 
       6.062536600544e-02       3.342873152029e+03 
       6.085704796888e-02       3.334779094683e+03 
       6.109464757788e-02       3.326561677593e+03 
       6.133843061626e-02       3.318214626922e+03 
       6.158867829251e-02       3.309731156160e+03 
       6.184568819254e-02       3.301103914709e+03 
       6.210977527242e-02       3.292324928494e+03 
       6.238127288635e-02       3.283385536112e+03 
       6.266053384292e-02       3.274276316731e+03 
       6.294793147991e-02       3.264987010161e+03 
       6.324386074446e-02       3.255506428877e+03 
       6.354873926122e-02       3.245822359012e+03 
       6.386300836584e-02       3.235921452800e+03 
       6.418713407511e-02       3.225789109704e+03 
       6.452160795731e-02       3.215409345074e+03 
       6.486694785763e-02       3.204764647228e+03 
       6.522369842332e-02       3.193835822574e+03 
       6.559243136095e-02       3.182601828949e+03 
       6.597374534543e-02       3.171039597004e+03 
       6.636826548518e-02       3.159123842394e+03 
       6.677664223285e-02       3.146826870619e+03 
       6.719954961487e-02       3.134118378924e+03 
       6.763768263866e-02       3.120965260578e+03 
       6.809175372397e-02       3.107331419214e+03 
       6.856248799743e-02       3.093177604187e+03 
       6.905061728977e-02       3.078461278944e+03 
       6.955687268672e-02       3.063136541101e+03 
       7.008197551193e-02       3.047154112531e+03 
       7.062662666713e-02       3.030461424978e+03 
       7.119149432627e-02       3.013002827505e+03 
       7.177720007843e-02       2.994719946463e+03 
       7.238430374029e-02       2.975552227536e+03 
       7.301328720926e-02       2.955437688775e+03 
       7.366453789442e-02       2.934313907372e+03 
       7.433833243018e-02       2.912119255159e+03 
       7.503482152528e-02       2.888794378584e+03 
       7.575401690242e-02       2.864283910435e+03 
       7.649578131426e-02       2.838538369663e+03 
       7.725982255593e-02       2.811516191641e+03 
       7.804569222049e-02       2.783185801906e+03 
       7.885278966353e-02       2.753527630502e+03 
       7.968037127918e-02       2.722535950051e+03 
       8.052756478190e-02       2.690220427508e+03 
       8.139338778974e-02       2.656607287325e+03 
       8.227676966994e-02       2.621740010267e+03 
       8.317657538354e-02       2.585679513497e+03 
       8.409162997898e-02       2.548503786718e+03 
       8.502074243867e-02       2.510307005116e+03 
       8.596272775832e-02       2.471198170001e+03 
       8.691642639891e-02       2.431299355401e+03 
       8.788072055210e-02       2.390743644103e+03 
       8.885454695969e-02       2.349672849798e+03 
       8.983690629220e-02       2.308235120879e+03 
       9.082686930051e-02       2.266582510160e+03 
       9.182358009938e-02       2.224868593669e+03 
       9.282625702382e-02       2.183246199734e+03 
       9.383419152909e-02       2.141865299534e+03 
       9.484674559312e-02       2.100871100141e+03 
       9.586334804156e-02       2.060402358926e+03 
       9.688349015981e-02       2.020589931776e+03 
       9.790672089526e-02       1.981555555846e+03 
       9.893264189073e-02       1.943410871436e+03 
       9.996090253348e-02       1.906256667569e+03 
       1.009911951542e-01       1.870182335518e+03 
       1.020232504687e-01       1.835265518948e+03 
       1.030568333206e-01       1.801571943554e+03 
       1.040917387586e-01       1.769155405363e+03 
       1.051277884592e-01       1.738057895409e+03 
       1.061648274958e-01       1.708309843383e+03 
       1.072027214394e-01       1.679930461130e+03 
       1.082413537745e-01       1.652928169086e+03 
       1.092806236083e-01       1.627301090758e+03 
       1.103204436467e-01       1.603037603475e+03 
       1.113607384148e-01       1.580116927364e+03 
       1.124014426962e-01       1.558509743509e+03 
       1.134425001677e-01       1.538178834259e+03 
       1.144838622087e-01       1.519079738785e+03 
       1.155254868636e-01       1.501161417118e+03 
       1.165673379398e-01       1.484366925931e+03 
       1.176093842252e-01       1.468634082981e+03 
       1.186515988089e-01       1.453896149008e+03 
       1.196939584931e-01       1.440082495384e+03 
       1.207364432841e-01       1.427119276573e+03 
       1.217790359524e-01       1.414930095526e+03 
       1.228217216517e-01       1.403436673427e+03 
       1.238644875910e-01       1.392559507945e+03 
       1.249073227502e-01       1.382218533825e+03 
       1.259502176359e-01       1.372333771113e+03 
       1.269931640702e-01       1.362825964276e+03 
       1.280361550082e-01       1.353617216343e+03 
       1.290791843811e-01       1.344631596201e+03 
       1.301222469612e-01       1.335795735614e+03 
       1.311653382449e-01       1.327039392015e+03 
       1.322084543525e-01       1.318295985379e+03 
       1.332515919414e-01       1.309503098664e+03 
       1.342947481316e-01       1.300602936953e+03 
       1.353379204414e-01       1.291542738115e+03 
       1.363811067322e-01       1.282275131211e+03 
       1.374243051609e-01       1.272758435344e+03 
       1.384675141385e-01       1.262956900534e+03 
       1.395107322953e-01       1.252840880362e+03 
       1.405539584501e-01       1.242386938588e+03 
       1.415971915842e-01       1.231577886726e+03 
       1.426404308186e-01       1.220402751156e+03 
       1.436836753949e-01       1.208856672107e+03 
       1.447269246585e-01       1.196940736067e+03 
       1.457701780440e-01       1.184661744999e+03 
       1.468134350630e-01       1.172031924313e+03 
       1.478566952934e-01       1.159068577952e+03 
       1.488999583702e-01       1.145793694226e+03 
       1.499432239777e-01       1.132233511175e+03 
       1.509864918424e-01       1.118418045989e+03 
       1.520297617274e-01       1.104380597423e+03 
       1.530730334274e-01       1.090157229813e+03 
       1.541163067641e-01       1.075786245065e+03 
       1.551595815826e-01       1.061307651632e+03 
       1.562028577483e-01       1.046762637475e+03 
       1.572461351437e-01       1.032193053791e+03 
       1.582894136668e-01       1.017640915874e+03 
       1.593326932280e-01       1.003147927404e+03 
       1.603759737492e-01       9.887550328804e+02 
       1.614192551621e-01       9.745020028076e+02 
       1.624625374063e-01       9.604270549207e+02 
       1.635058204289e-01       9.465665134846e+02 
       1.645491041832e-01       9.329545089263e+02 
       1.655923886279e-01       9.196227187911e+02 
       1.666356737263e-01       9.066001496048e+02 
       1.676789594458e-01       8.939129598756e+02 
       1.687222457573e-01       8.815843224544e+02 
       1.697655326346e-01       8.696343256614e+02 
       1.708088200544e-01       8.580799103658e+02 
       1.718521079955e-01       8.469348409952e+02 
       1.728953964388e-01       8.362097070076e+02 
       1.739386853669e-01       8.259119540551e+02 
       1.749819747638e-01       8.160459407417e+02 
       1.760252646152e-01       8.066130187038e+02 
       1.770685549075e-01       7.976116333001e+02 
       1.781118456284e-01       7.890374417862e+02 
       1.791551367665e-01       7.808834482610e+02 
       1.801984283111e-01       7.731401519574e+02 
       1.812417202521e-01       7.657957074445e+02 
       1.822850125803e-01       7.588360944996e+02 
       1.833283052869e-01       7.522452972654e+02 
       1.843715983635e-01       7.460054901139e+02 
       1.854148918022e-01       7.400972296229e+02 
       1.864581855956e-01       7.344996511956e+02 
       1.875014797366e-01       7.291906700574e+02 
       1.885447742182e-01       7.241471847825e+02 
       1.895880690340e-01       7.193452831783e+02 
       1.906313641778e-01       7.147604487675e+02 
       1.916746596434e-01       7.103677677612e+02 
       1.927179554251e-01       7.061421346414e+02 
       1.937612515173e-01       7.020584553457e+02 
       1.948045479145e-01       6.980918477459e+02 
       1.958478446115e-01       6.942178369650e+02 
       1.968911416033e-01       6.904125445072e+02 
       1.979344388848e-01       6.866528703857e+02 
       1.989777364512e-01       6.829166655975e+02 
       2.000210342979e-01       6.791828947495e+02 
       2.010643324204e-01       6.754317863814e+02 
       2.021076308142e-01       6.716449699327e+02 
       2.031509294750e-01       6.678055987574e+02 
       2.041942283986e-01       6.638984559472e+02 
       2.052375275808e-01       6.599100440323e+02 
       2.062808270177e-01       6.558286563605e+02 
       2.073241267054e-01       6.516444303463e+02 
       2.083674266399e-01       6.473493816204e+02 
       2.094107268176e-01       6.429374180107e+02 
       2.104540272347e-01       6.384043355424e+02 
       2.114973278877e-01       6.337477946544e+02 
       2.125406287731e-01       6.289672784989e+02 
       2.135839298875e-01       6.240640328968e+02 
       2.146272312273e-01       6.190409908993e+02 
       2.156705327895e-01       6.139026811436e+02 
       2.167138345706e-01       6.086551227254e+02 
       2.177571365676e-01       6.033057077979e+02 
       2.188004387774e-01       5.978630738527e+02 
       2.198437411968e-01       5.923369675839e+02 
       2.208870438229e-01       5.867381010146e+02 
       2.219303466528e-01       5.810780047245e+02 
       2.229736496836e-01       5.753688766112e+02 
       2.240169529125e-01       5.696234303384e+02 
       2.250602563366e-01       5.638547451105e+02 
       2.261035599534e-01       5.580761175164e+02 
       2.271468637601e-01       5.523009178605e+02 
       2.281901677542e-01       5.465424520432e+02 
       2.292334719329e-01       5.408138308004e+02 
       2.302767762939e-01       5.351278461527e+02 
       2.313200808347e-01       5.294968579280e+02 
       2.323633855528e-01       5.239326893549e+02 
       2.334066904459e-01       5.184465329036e+02 
       2.344499955115e-01       5.130488676621e+02 
       2.354933007474e-01       5.077493861588e+02 
       2.365366061514e-01       5.025569343507e+02 
       2.375799117213e-01       4.974794604166e+02 
       2.386232174547e-01       4.925239753577e+02 
       2.396665233497e-01       4.876965242388e+02 
       2.407098294040e-01       4.830021671845e+02 
       2.417531356157e-01       4.784449691625e+02 
       2.427964419827e-01       4.740280011308e+02 
       2.438397485030e-01       4.697533470103e+02 
       2.448830551746e-01       4.656221203391e+02 
       2.459263619956e-01       4.616344876012e+02 
       2.469696689641e-01       4.577896984988e+02 
       2.480129760782e-01       4.540861222505e+02 
       2.490562833362e-01       4.505212897163e+02 
       2.500995907362e-01       4.470919392469e+02 
       2.511428982763e-01       4.437940688406e+02 
       2.521862059550e-01       4.406229906113e+02 
       2.532295137705e-01       4.375733892880e+02 
       2.542728217210e-01       4.346393832054e+02 
       2.553161298049e-01       4.318145876004e+02 
       2.563594380207e-01       4.290921806469e+02 
       2.574027463666e-01       4.264649686138e+02 
       2.584460548411e-01       4.239254551863e+02 
       2.594893634427e-01       4.214659083097e+02 
       2.605326721698e-01       4.190784283347e+02 
       2.615759810209e-01       4.167550162360e+02 
       2.626192899945e-01       4.144876395525e+02 
       2.636625990893e-01       4.122682976749e+02 
       2.647059083036e-01       4.100890864630e+02 
       2.657492176362e-01       4.079422579571e+02 
       2.667925270857e-01       4.058202800093e+02 
       2.678358366506e-01       4.037158910587e+02 
       2.688791463296e-01       4.016221526574e+02 
       2.699224561215e-01       3.995324968721e+02 
       2.709657660248e-01       3.974407703973e+02 
       2.720090760383e-01       3.953412734750e+02 
       2.730523861608e-01       3.932287941339e+02 
       2.740956963910e-01       3.910986374455e+02 
       2.751390067277e-01       3.889466490330e+02 
       2.761823171696e-01       3.867692337161e+02 
       2.772256277156e-01       3.845633679020e+02 
       2.782689383645e-01       3.823266071113e+02 
       2.793122491151e-01       3.800570873467e+02 
       2.803555599664e-01       3.777535215204e+02 
       2.813988709171e-01       3.754151902611e+02 
       2.824421819662e-01       3.730419278254e+02 
       2.834854931126e-01       3.706341031142e+02 
       2.845288043552e-01       3.681925962367e+02 
       2.855721156930e-01       3.657187710671e+02 
       2.866154271249e-01       3.632144438010e+02 
       2.876587386499e-01       3.606818486281e+02 
       2.887020502670e-01       3.581236001155e+02 
       2.897453619751e-01       3.555426536760e+02 
       2.907886737734e-01       3.529422641994e+02 
       2.918319856608e-01       3.503259425569e+02 
       2.928752976364e-01       3.476974127253e+02 
       2.939186096992e-01       3.450605671258e+02 
       2.949619218484e-01       3.424194226025e+02 
       2.960052340830e-01       3.397780769297e+02 
       2.970485464020e-01       3.371406669597e+02 
       2.980918588047e-01       3.345113268390e+02 
       2.991351712901e-01       3.318941488425e+02 
       3.001784838573e-01       3.292931458465e+02 
       3.012217965056e-01       3.267122163974e+02 
       3.022651092341e-01       3.241551119596e+02 
       3.033084220419e-01       3.216254071704e+02 
       3.043517349283e-01       3.191264728793e+02 
       3.053950478923e-01       3.166614520551e+02 
       3.064383609334e-01       3.142332390160e+02 
       3.074816740505e-01       3.118444615488e+02 
       3.085249872430e-01       3.094974661598e+02 
       3.095683005102e-01       3.071943066433e+02 
       3.106116138512e-01       3.049367354077e+02 
       3.116549272653e-01       3.027261979234e+02 
       3.126982407517e-01       3.005638299586e+02 
       3.137415543099e-01       2.984504577200e+02 
       3.147848679390e-01       2.963866004248e+02 
       3.158281816383e-01       2.943724755283e+02 
       3.168714954071e-01       2.924080061270e+02 
       3.179148092449e-01       2.904928305735e+02 
       3.189581231508e-01       2.886263142241e+02 
       3.200014371242e-01       2.868075627336e+02 
       3.210447511645e-01       2.850354372672e+02 
       3.220880652709e-01       2.833085710055e+02 
       3.231313794430e-01       2.816253869063e+02 
       3.241746936799e-01       2.799841168077e+02 
       3.252180079812e-01       2.783828210153e+02 
       3.262613223462e-01       2.768194092002e+02 
       3.273046367742e-01       2.752916612692e+02 
       3.283479512647e-01       2.737972491153e+02 
       3.293912658170e-01       2.723337581912e+02 
       3.304345804307e-01       2.708987094514e+02 
       3.314778951051e-01       2.694895808745e+02 
       3.325212098396e-01       2.681038289423e+02 
       3.335645246337e-01       2.667389095047e+02 
       3.346078394867e-01       2.653922981353e+02 
       3.356511543983e-01       2.640615096951e+02 
       3.366944693678e-01       2.627441169876e+02 
       3.377377843946e-01       2.614377685393e+02 
       3.387810994784e-01       2.601402050388e+02 
       3.398244146184e-01       2.588492747775e+02 
       3.408677298142e-01       2.575629473802e+02 
       3.419110450654e-01       2.562793266161e+02 
       3.429543603713e-01       2.549966611415e+02 
       3.439976757315e-01       2.537133542057e+02 
       3.450409911455e-01       2.524279713056e+02 
       3.460843066129e-01       2.511392465205e+02 
       3.471276221330e-01       2.498460870318e+02 
       3.481709377056e-01       2.485475759801e+02 
       3.492142533300e-01       2.472429739336e+02 
       3.502575690058e-01       2.459317182174e+02 
       3.513008847326e-01       2.446134214420e+02 
       3.523442005098e-01       2.432878677680e+02 
       3.533875163372e-01       2.419550083609e+02 
       3.544308322142e-01       2.406149551375e+02 
       3.554741481403e-01       2.392679734215e+02 
       3.565174641152e-01       2.379144735327e+02 
       3.575607801384e-01       2.365550011259e+02 
       3.586040962095e-01       2.351902270347e+02 
       3.596474123281e-01       2.338209358211e+02 
       3.606907284938e-01       2.324480142946e+02 
       3.617340447061e-01       2.310724389979e+02 
       3.627773609647e-01       2.296952637067e+02 
       3.638206772691e-01       2.283176064868e+02 
       3.648639936190e-01       2.269406366598e+02 
       3.659073100140e-01       2.255655620127e+02 
       3.669506264536e-01       2.241936157530e+02 
       3.679939429376e-01       2.228260441625e+02 
       3.690372594655e-01       2.214640942096e+02 
       3.700805760370e-01       2.201090019393e+02 
       3.711238926516e-01       2.187619812174e+02 
       3.721672093091e-01       2.174242131302e+02 
       3.732105260091e-01       2.160968362127e+02 
       3.742538427511e-01       2.147809372100e+02 
       3.752971595350e-01       2.134775428948e+02 
       3.763404763602e-01       2.121876124975e+02 
       3.773837932265e-01       2.109120312173e+02 
       3.784271101336e-01       2.096516044937e+02 
       3.794704270810e-01       2.084070532088e+02 
       3.805137440685e-01       2.071790099190e+02 
       3.815570610957e-01       2.059680157953e+02 
       3.826003781624e-01       2.047745186849e+02 
       3.836436952681e-01       2.035988718366e+02 
       3.846870124126e-01       2.024413336543e+02 
       3.857303295955e-01       2.013020681452e+02 
       3.867736468166e-01       2.001811462090e+02 
       3.878169640755e-01       1.990785477032e+02 
       3.888602813719e-01       1.979941640630e+02 
       3.899035987056e-01       1.969278017886e+02 
       3.909469160762e-01       1.958791862784e+02 
       3.919902334834e-01       1.948479664015e+02 
       3.930335509269e-01       1.938337195021e+02 
       3.940768684065e-01       1.928359566957e+02 
       3.951201859219e-01       1.918541288045e+02 
       3.961635034727e-01       1.908876322840e+02 
       3.972068210588e-01       1.899358156504e+02 
       3.982501386798e-01       1.889979860493e+02 
       3.992934563354e-01       1.880734157337e+02 
       4.003367740254e-01       1.871613490196e+02 
       4.013800917495e-01       1.862610088548e+02 
       4.024234095075e-01       1.853716035773e+02 
       4.034667272990e-01       1.844923336415e+02 
       4.045100451239e-01       1.836223978569e+02 
       4.055533629818e-01       1.827609999051e+02 
       4.065966808725e-01       1.819073542757e+02 
       4.076399987958e-01       1.810606919578e+02 
       4.086833167514e-01       1.802202661096e+02 
       4.097266347391e-01       1.793853568782e+02 
       4.107699527586e-01       1.785552762835e+02 
       4.118132708096e-01       1.777293725223e+02 
       4.128565888920e-01       1.769070336205e+02 
       4.138999070055e-01       1.760876910969e+02 
       4.149432251498e-01       1.752708227079e+02 
       4.159865433248e-01       1.744559548408e+02 
       4.170298615301e-01       1.736426647019e+02 
       4.180731797657e-01       1.728305814790e+02 
       4.191164980312e-01       1.720193874520e+02 
       4.201598163264e-01       1.712088185734e+02 
       4.212031346511e-01       1.703986641836e+02 
       4.222464530051e-01       1.695887668575e+02 
       4.232897713881e-01       1.687790213889e+02 
       4.243330898000e-01       1.679693733748e+02 
       4.253764082406e-01       1.671598177748e+02 
       4.264197267095e-01       1.663503966112e+02 
       4.274630452067e-01       1.655411966188e+02 
       4.285063637319e-01       1.647323467116e+02 
       4.295496822850e-01       1.639240147454e+02 
       4.305930008656e-01       1.631164045029e+02 
       4.316363194736e-01       1.623097523269e+02 
       4.326796381088e-01       1.615043233155e+02 
       4.337229567711e-01       1.607004079411e+02 
       4.347662754601e-01       1.598983181441e+02 
       4.358095941758e-01       1.590983834277e+02 
       4.368529129179e-01       1.583009472488e+02 
       4.378962316863e-01       1.575063630533e+02 
       4.389395504807e-01       1.567149905012e+02 
       4.399828693010e-01       1.559271919778e+02 
       4.410261881470e-01       1.551433288330e+02 
       4.420695070184e-01       1.543637580530e+02 
       4.431128259152e-01       1.535888290914e+02 
       4.441561448372e-01       1.528188806292e+02 
       4.451994637841e-01       1.520542378442e+02 
       4.462427827558e-01       1.512952097930e+02 
       4.472861017521e-01       1.505420868790e+02 
       4.483294207729e-01       1.497951388359e+02 
       4.493727398179e-01       1.490546128205e+02 
       4.504160588871e-01       1.483207316605e+02 
       4.514593779802e-01       1.475936926698e+02 
       4.525026970970e-01       1.468736664671e+02 
       4.535460162375e-01       1.461607961034e+02 
       4.545893354015e-01       1.454551966288e+02 
       4.556326545887e-01       1.447569547216e+02 
       4.566759737990e-01       1.440661285965e+02 
       4.577192930323e-01       1.433827483161e+02 
       4.587626122884e-01       1.427068161592e+02 
       4.598059315672e-01       1.420383072226e+02 
       4.608492508685e-01       1.413771703909e+02 
       4.618925701921e-01       1.407233293120e+02 
       4.629358895380e-01       1.400766836038e+02 
       4.639792089058e-01       1.394371103262e+02 
       4.650225282956e-01       1.388044654471e+02 
       4.660658477071e-01       1.381785854837e+02 
       4.671091671403e-01       1.375592893355e+02 
       4.681524865949e-01       1.369463800767e+02 
       4.691958060708e-01       1.363396468768e+02 
       4.702391255679e-01       1.357388670260e+02 
       4.712824450860e-01       1.351438078934e+02 
       4.723257646250e-01       1.345542289514e+02 
       4.733690841848e-01       1.339698838518e+02 
       4.744124037652e-01       1.333905223755e+02 
       4.754557233661e-01       1.328158924098e+02 
       4.764990429873e-01       1.322457419301e+02 
       4.775423626287e-01       1.316798207826e+02 
       4.785856822903e-01       1.311178825032e+02 
       4.796290019718e-01       1.305596860439e+02 
       4.806723216731e-01       1.300049973058e+02 
       4.817156413941e-01       1.294535906586e+02 
       4.827589611346e-01       1.289052503282e+02 
       4.838022808947e-01       1.283597715767e+02 
       4.848456006740e-01       1.278169618530e+02 
       4.858889204725e-01       1.272766417701e+02 
       4.869322402901e-01       1.267386458847e+02 
       4.879755601266e-01       1.262028234320e+02 
       4.890188799819e-01       1.256690388261e+02 
       4.900621998560e-01       1.251371720886e+02 
       4.911055197486e-01       1.246071190609e+02 
       4.921488396597e-01       1.240787915545e+02 
       4.931921595891e-01       1.235521173079e+02 
       4.942354795368e-01       1.230270398213e+02 
       4.952787995026e-01       1.225035180644e+02 
       4.963221194864e-01       1.219815261388e+02 
       4.973654394880e-01       1.214610526683e+02 
       4.984087595075e-01       1.209421002312e+02 
       4.994520795446e-01       1.204246846721e+02 
       5.004953995993e-01       1.199088342490e+02 
       5.015387196714e-01       1.193945887649e+02 
       5.025820397608e-01       1.188819986949e+02 
       5.036253598675e-01       1.183711241004e+02 
       5.046686799913e-01       1.178620336352e+02 
       5.057120001320e-01       1.173548034737e+02 
       5.067553202898e-01       1.168495162132e+02 
       5.077986404643e-01       1.163462597250e+02 
       5.088419606555e-01       1.158451260743e+02 
       5.098852808633e-01       1.153462104363e+02 
       5.109286010876e-01       1.148496099143e+02 
       5.119719213283e-01       1.143554225356e+02 
       5.130152415853e-01       1.138637462337e+02 
       5.140585618585e-01       1.133746777671e+02 
       5.151018821478e-01       1.128883118335e+02 
       5.161452024531e-01       1.124047401505e+02 
       5.171885227742e-01       1.119240506278e+02 
       5.182318431112e-01       1.114463265541e+02 
       5.192751634640e-01       1.109716459183e+02 
       5.203184838323e-01       1.105000808040e+02 
       5.213618042161e-01       1.100316967465e+02 
       5.224051246154e-01       1.095665522949e+02 
       5.234484450300e-01       1.091046986415e+02 
       5.244917654599e-01       1.086461792060e+02 
       5.255350859049e-01       1.081910294445e+02 
       5.265784063650e-01       1.077392766394e+02 
       5.276217268400e-01       1.072909398608e+02 
       5.286650473300e-01       1.068460298445e+02 
       5.297083678347e-01       1.064045491083e+02 
       5.307516883541e-01       1.059664920746e+02 
       5.317950088882e-01       1.055318451802e+02 
       5.328383294368e-01       1.051005871939e+02 
       5.338816499999e-01       1.046726894700e+02 
       5.349249705773e-01       1.042481163140e+02 
       5.359682911690e-01       1.038268253714e+02 
       5.370116117750e-01       1.034087680695e+02 
       5.380549323950e-01       1.029938901353e+02 
       5.390982530291e-01       1.025821320182e+02 
       5.401415736771e-01       1.021734295150e+02 
       5.411848943390e-01       1.017677142877e+02 
       5.422282150147e-01       1.013649144438e+02 
       5.432715357041e-01       1.009649551150e+02 
       5.443148564072e-01       1.005677590611e+02 
       5.453581771238e-01       1.001732472641e+02 
       5.464014978538e-01       9.978133947659e+01 
       5.474448185973e-01       9.939195486358e+01 
       5.484881393541e-01       9.900501250528e+01 
       5.495314601242e-01       9.862043197662e+01 
       5.505747809074e-01       9.823813385740e+01 
       5.516181017037e-01       9.785804024593e+01 
       5.526614225131e-01       9.748007519948e+01 
       5.537047433354e-01       9.710416519546e+01 
       5.547480641706e-01       9.673023952829e+01 
       5.557913850186e-01       9.635823067840e+01 
       5.568347058793e-01       9.598807463697e+01 
       5.578780267527e-01       9.561971117641e+01 
       5.589213476387e-01       9.525308416251e+01 
       5.599646685372e-01       9.488814165529e+01 
       5.610079894481e-01       9.452483618120e+01 
       5.620513103715e-01       9.416312479422e+01 
       5.630946313071e-01       9.380296916816e+01 
       5.641379522550e-01       9.344433381302e+01 
       5.651812732151e-01       9.308717869911e+01 
       5.662245941872e-01       9.273150774258e+01 
       5.672679151715e-01       9.237729907555e+01 
       5.683112361677e-01       9.202453216479e+01 
       5.693545571758e-01       9.167318889398e+01 
       5.703978781957e-01       9.132325508834e+01 
       5.714411992274e-01       9.097472186459e+01 
       5.724845202709e-01       9.062758687713e+01 
       5.735278413260e-01       9.028185474727e+01 
       5.745711623926e-01       8.993753687033e+01 
       5.756144834708e-01       8.959465035109e+01 
       5.766578045605e-01       8.925321646785e+01 
       5.777011256616e-01       8.891325868591e+01 
       5.787444467740e-01       8.857480068369e+01 
       5.797877678977e-01       8.823786468860e+01 
       5.808310890326e-01       8.790247044739e+01 
       5.818744101786e-01       8.756863490542e+01 
       5.829177313358e-01       8.723637259095e+01 
       5.839610525039e-01       8.690569669454e+01 
       5.850043736831e-01       8.657662048105e+01 
       5.860476948732e-01       8.624915875027e+01 
       5.870910160741e-01       8.592332894313e+01 
       5.881343372858e-01       8.559915182099e+01 
       5.891776585083e-01       8.527665134089e+01 
       5.902209797415e-01       8.495585383390e+01 
       5.912643009853e-01       8.463678647737e+01 
       5.923076222397e-01       8.431947553889e+01 
       5.933509435046e-01       8.400394442851e+01 
       5.943942647799e-01       8.369021206201e+01 
       5.954375860657e-01       8.337829166130e+01 
       5.964809073618e-01       8.306819041607e+01 
       5.975242286683e-01       8.275990975694e+01 
       5.985675499849e-01       8.245344635268e+01 
       5.996108713118e-01       8.214879347569e+01 
       6.006541926488e-01       8.184594266317e+01 
       6.016975139959e-01       8.154488511916e+01 
       6.027408353530e-01       8.124561275674e+01 
       6.037841567201e-01       8.094811859497e+01 
       6.048274780971e-01       8.065239662168e+01 
       6.058707994840e-01       8.035844096325e+01 
       6.069141208808e-01       8.006624472672e+01 
       6.079574422873e-01       7.977579863375e+01 
       6.090007637035e-01       7.948708990936e+01 
       6.100440851294e-01       7.920010146806e+01 
       6.110874065650e-01       7.891481168772e+01 
       6.121307280101e-01       7.863119479789e+01 
       6.131740494647e-01       7.834922185906e+01 
       6.142173709289e-01       7.806886210092e+01 
       6.152606924024e-01       7.779008439156e+01 
       6.163040138854e-01       7.751285858741e+01 
       6.173473353777e-01       7.723715656358e+01 
       6.183906568792e-01       7.696295267308e+01 
       6.194339783901e-01       7.669022362603e+01 
       6.204772999101e-01       7.641894783652e+01 
       6.215206214392e-01       7.614910441768e+01 
       6.225639429775e-01       7.588067203930e+01 
       6.236072645248e-01       7.561362787966e+01 
       6.246505860811e-01       7.534794691424e+01 
       6.256939076464e-01       7.508360177834e+01 
       6.267372292207e-01       7.482056314506e+01 
       6.277805508038e-01       7.455880061185e+01 
       6.288238723957e-01       7.429828407488e+01 
       6.298671939964e-01       7.403898508622e+01 
       6.309105156059e-01       7.378087799463e+01 
       6.319538372241e-01       7.352394119378e+01 
       6.329971588509e-01       7.326815732834e+01 
       6.340404804863e-01       7.301351323647e+01 
       6.350838021304e-01       7.275999921269e+01 
       6.361271237829e-01       7.250760793996e+01 
       6.371704454440e-01       7.225633308544e+01 
       6.382137671134e-01       7.200616825036e+01 
       6.392570887913e-01       7.175710572662e+01 
       6.403004104776e-01       7.150913629886e+01 
       6.413437321722e-01       7.126224906711e+01 
       6.423870538751e-01       7.101643225381e+01 
       6.434303755862e-01       7.077167383869e+01 
       6.444736973055e-01       7.052796304915e+01 
       6.455170190330e-01       7.028529143593e+01 
       6.465603407686e-01       7.004365351371e+01 
       6.476036625123e-01       6.980304747373e+01 
       6.486469842640e-01       6.956347509058e+01 
       6.496903060238e-01       6.932494100151e+01 
       6.507336277915e-01       6.908745167438e+01 
       6.517769495671e-01       6.885101450303e+01 
       6.528202713507e-01       6.861563624126e+01 
       6.538635931421e-01       6.838132226510e+01 
       6.549069149413e-01       6.814807577192e+01 
       6.559502367483e-01       6.791589778429e+01 
       6.569935585630e-01       6.768478741070e+01 
       6.580368803854e-01       6.745474267482e+01 
       6.590802022156e-01       6.722576132147e+01 
       6.601235240533e-01       6.699784192670e+01 
       6.611668458986e-01       6.677098453128e+01 
       6.622101677515e-01       6.654519120940e+01 
       6.632534896120e-01       6.632046601502e+01 
       6.642968114799e-01       6.609681446799e+01 
       6.653401333552e-01       6.587424268481e+01 
       6.663834552380e-01       6.565275648442e+01 
       6.674267771282e-01       6.543236033857e+01 
       6.684700990257e-01       6.521305641675e+01 
       6.695134209306e-01       6.499484404421e+01 
       6.705567428427e-01       6.477771989623e+01 
       6.716000647620e-01       6.456167800301e+01 
       6.726433866886e-01       6.434671084255e+01 
       6.736867086224e-01       6.413281000192e+01 
       6.747300305633e-01       6.391996737985e+01 
       6.757733525113e-01       6.370817579633e+01 
       6.768166744664e-01       6.349742977279e+01 
       6.778599964285e-01       6.328772535795e+01 
       6.789033183977e-01       6.307905993554e+01 
       6.799466403739e-01       6.287143150743e+01 
       6.809899623569e-01       6.266483776609e+01 
       6.820332843470e-01       6.245927518339e+01 
       6.830766063439e-01       6.225473816626e+01 
       6.841199283476e-01       6.205121867055e+01 
       6.851632503582e-01       6.184870595689e+01 
       6.862065723756e-01       6.164718719519e+01 
       6.872498943997e-01       6.144664787314e+01 
       6.882932164306e-01       6.124707296252e+01 
       6.893365384682e-01       6.104844785947e+01 
       6.903798605124e-01       6.085075924212e+01 
       6.914231825633e-01       6.065399566742e+01 
       6.924665046208e-01       6.045814773986e+01 
       6.935098266848e-01       6.026320801962e+01 
       6.945531487555e-01       6.006917046985e+01 
       6.955964708326e-01       5.987602948172e+01 
       6.966397929162e-01       5.968377922792e+01 
       6.976831150063e-01       5.949241275649e+01 
       6.987264371029e-01       5.930192145569e+01 
       6.997697592058e-01       5.911229498439e+01 
       7.008130813151e-01       5.892352132607e+01 
       7.018564034308e-01       5.873558757852e+01 
       7.028997255528e-01       5.854848048547e+01 
       7.039430476810e-01       5.836218759713e+01 
       7.049863698156e-01       5.817669784284e+01 
       7.060296919564e-01       5.799200221434e+01 
       7.070730141033e-01       5.780809398141e+01 
       7.081163362565e-01       5.762496854925e+01 
       7.091596584158e-01       5.744262299082e+01 
       7.102029805813e-01       5.726105523521e+01 
       7.112463027528e-01       5.708026336575e+01 
       7.122896249304e-01       5.690024486203e+01 
       7.133329471141e-01       5.672099592783e+01 
       7.143762693037e-01       5.654251139747e+01 
       7.154195914994e-01       5.636478472301e+01 
       7.164629137010e-01       5.618780853144e+01 
       7.175062359086e-01       5.601157520444e+01 
       7.185495581221e-01       5.583607768638e+01 
       7.195928803415e-01       5.566131021444e+01 
       7.206362025667e-01       5.548726875847e+01 
       7.216795247978e-01       5.531395131935e+01 
       7.227228470347e-01       5.514135773876e+01 
       7.237661692774e-01       5.496948929484e+01 
       7.248094915259e-01       5.479834798354e+01 
       7.258528137800e-01       5.462793572885e+01 
       7.268961360399e-01       5.445825369093e+01 
       7.279394583055e-01       5.428930164072e+01 
       7.289827805768e-01       5.412107774000e+01 
       7.300261028537e-01       5.395357858465e+01 
       7.310694251362e-01       5.378679950816e+01 
       7.321127474243e-01       5.362073531195e+01 
       7.331560697179e-01       5.345538086651e+01 
       7.341993920171e-01       5.329073192885e+01 
       7.352427143218e-01       5.312678549217e+01 
       7.362860366321e-01       5.296354021964e+01 
       7.373293589478e-01       5.280099626503e+01 
       7.383726812689e-01       5.263915493528e+01 
       7.394160035955e-01       5.247801809572e+01 
       7.404593259275e-01       5.231758741477e+01 
       7.415026482648e-01       5.215786368029e+01 
       7.425459706075e-01       5.199884625163e+01 
       7.435892929556e-01       5.184053270275e+01 
       7.446326153090e-01       5.168291890356e+01 
       7.456759376676e-01       5.152599927748e+01 
       7.467192600315e-01       5.136976739507e+01 
       7.477625824007e-01       5.121421664210e+01 
       7.488059047751e-01       5.105934087162e+01 
       7.498492271547e-01       5.090513500108e+01 
       7.508925495395e-01       5.075159527522e+01 
       7.519358719294e-01       5.059871939970e+01 
       7.529791943245e-01       5.044650609368e+01 
       7.540225167247e-01       5.029495473972e+01 
       7.550658391300e-01       5.014406466574e+01 
       7.561091615404e-01       4.999383452892e+01 
       7.571524839558e-01       4.984426179425e+01 
       7.581958063763e-01       4.969534238950e+01 
       7.592391288017e-01       4.954707072039e+01 
       7.602824512322e-01       4.939943986374e+01 
       7.613257736676e-01       4.925244216074e+01 
       7.623690961080e-01       4.910606970669e+01 
       7.634124185533e-01       4.896031509777e+01 
       7.644557410035e-01       4.881517191010e+01 
       7.654990634587e-01       4.867063511290e+01 
       7.665423859186e-01       4.852670104275e+01 
       7.675857083835e-01       4.838336723837e+01 
       7.686290308531e-01       4.824063207466e+01 
       7.696723533276e-01       4.809849405829e+01 
       7.707156758069e-01       4.795695134007e+01 
       7.717589982909e-01       4.781600120094e+01 
       7.728023207797e-01       4.767563965782e+01 
       7.738456432732e-01       4.753586146399e+01 
       7.748889657714e-01       4.739666032579e+01 
       7.759322882744e-01       4.725802922458e+01 
       7.769756107820e-01       4.711996112138e+01 
       7.780189332942e-01       4.698244941359e+01 
       7.790622558111e-01       4.684548857566e+01 
       7.801055783327e-01       4.670907437932e+01 
       7.811489008588e-01       4.657320406828e+01 
       7.821922233895e-01       4.643787610309e+01 
       7.832355459248e-01       4.630308991036e+01 
       7.842788684646e-01       4.616884517483e+01 
       7.853221910089e-01       4.603514140690e+01 
       7.863655135578e-01       4.590197736274e+01 
       7.874088361111e-01       4.576935069378e+01 
       7.884521586689e-01       4.563725790663e+01 
       7.894954812312e-01       4.550569446105e+01 
       7.905388037979e-01       4.537465511348e+01 
       7.915821263691e-01       4.524413446380e+01 
       7.926254489446e-01       4.511412747611e+01 
       7.936687715245e-01       4.498463002780e+01 
       7.947120941088e-01       4.485563915235e+01 
       7.957554166975e-01       4.472715324856e+01 
       7.967987392905e-01       4.459917189173e+01 
       7.978420618878e-01       4.447169551672e+01 
       7.988853844894e-01       4.434472491890e+01 
       7.999287070953e-01       4.421826068736e+01 
       8.009720297054e-01       4.409230274553e+01 
       8.020153523198e-01       4.396684994726e+01 
       8.030586749385e-01       4.384189997634e+01 
       8.041019975613e-01       4.371744936530e+01 
       8.051453201884e-01       4.359349392740e+01 
       8.061886428196e-01       4.347002908828e+01 
       8.072319654550e-01       4.334705042456e+01 
       8.082752880946e-01       4.322455423465e+01 
       8.093186107383e-01       4.310253778326e+01 
       8.103619333861e-01       4.298099948641e+01 
       8.114052560380e-01       4.285993885410e+01 
       8.124485786940e-01       4.273935618870e+01 
       8.134919013541e-01       4.261925214693e+01 
       8.145352240183e-01       4.249962720802e+01 
       8.155785466865e-01       4.238048124805e+01 
       8.166218693587e-01       4.226181315907e+01 
       8.176651920349e-01       4.214362068326e+01 
       8.187085147151e-01       4.202590046329e+01 
       8.197518373993e-01       4.190864828609e+01 
       8.207951600875e-01       4.179185952075e+01 
       8.218384827796e-01       4.167552960416e+01 
       8.228818054757e-01       4.155965446905e+01 
       8.239251281756e-01       4.144423091987e+01 
       8.249684508795e-01       4.132925680206e+01 
       8.260117735873e-01       4.121473098893e+01 
       8.270550962989e-01       4.110065312036e+01 
       8.280984190144e-01       4.098702320422e+01 
       8.291417417338e-01       4.087384121058e+01 
       8.301850644569e-01       4.076110657145e+01 
       8.312283871839e-01       4.064881782591e+01 
       8.322717099147e-01       4.053697251155e+01 
       8.333150326493e-01       4.042556709478e+01 
       8.343583553877e-01       4.031459724878e+01 
       8.354016781298e-01       4.020405819777e+01 
       8.364450008757e-01       4.009394518247e+01 
       8.374883236253e-01       3.998425388384e+01 
       8.385316463786e-01       3.987498082053e+01 
       8.395749691356e-01       3.976612347277e+01 
       8.406182918963e-01       3.965768033161e+01 
       8.416616146607e-01       3.954965071774e+01 
       8.427049374288e-01       3.944203440770e+01 
       8.437482602005e-01       3.933483119519e+01 
       8.447915829758e-01       3.922804051198e+01 
       8.458349057548e-01       3.912166106772e+01 
       8.468782285374e-01       3.901569060069e+01 
       8.479215513235e-01       3.891012594556e+01 
       8.489648741133e-01       3.880496316640e+01 
       8.500081969066e-01       3.870019789475e+01 
       8.510515197035e-01       3.859582575500e+01 
       8.520948425039e-01       3.849184276868e+01 
       8.531381653079e-01       3.838824571146e+01 
       8.541814881153e-01       3.828503233077e+01 
       8.552248109263e-01       3.818220134218e+01 
       8.562681337408e-01       3.807975232770e+01 
       8.573114565587e-01       3.797768535025e+01 
       8.583547793801e-01       3.787600061701e+01 
       8.593981022050e-01       3.777469803578e+01 
       8.604414250333e-01       3.767377691696e+01 
       8.614847478650e-01       3.757323566005e+01 
       8.625280707002e-01       3.747307182006e+01 
       8.635713935387e-01       3.737328217990e+01 
       8.646147163807e-01       3.727386304666e+01 
       8.656580392260e-01       3.717481065147e+01 
       8.667013620747e-01       3.707612152314e+01 
       8.677446849267e-01       3.697779284095e+01 
       8.687880077821e-01       3.687982265314e+01 
       8.698313306408e-01       3.678220994022e+01 
       8.708746535028e-01       3.668495443888e+01 
       8.719179763682e-01       3.658805648124e+01 
       8.729612992368e-01       3.649151649282e+01 
       8.740046221087e-01       3.639533471509e+01 
       8.750479449839e-01       3.629951081586e+01 
       8.760912678624e-01       3.620404366277e+01 
       8.771345907441e-01       3.610893127238e+01 
       8.781779136290e-01       3.601417090718e+01 
       8.792212365172e-01       3.591975930273e+01 
       8.802645594085e-01       3.582569307802e+01 
       8.813078823031e-01       3.573196901391e+01 
       8.823512052009e-01       3.563858446213e+01 
       8.833945281018e-01       3.554553755270e+01 
       8.844378510059e-01       3.545282725715e+01 
       8.854811739132e-01       3.536045330110e+01 
       8.865244968236e-01       3.526841594719e+01 
       8.875678197372e-01       3.517671564132e+01 
       8.886111426538e-01       3.508535265301e+01 
       8.896544655736e-01       3.499432675230e+01 
       8.906977884965e-01       3.490363698409e+01 
       8.917411114225e-01       3.481328153711e+01 
       8.927844343515e-01       3.472325787687e+01 
       8.938277572837e-01       3.463356291812e+01 
       8.948710802188e-01       3.454419334902e+01 
       8.959144031571e-01       3.445514603137e+01 
       8.969577260983e-01       3.436641822626e+01 
       8.980010490426e-01       3.427800792021e+01 
       8.990443719899e-01       3.418991388528e+01 
       9.000876949403e-01       3.410213561667e+01 
       9.011310178936e-01       3.401467314052e+01 
       9.021743408499e-01       3.392752672175e+01 
       9.032176638091e-01       3.384069649745e+01 
       9.042609867714e-01       3.375418220094e+01 
       9.053043097365e-01       3.366798287125e+01 
       9.063476327047e-01       3.358209679963e+01 
       9.073909556757e-01       3.349652155422e+01 
       9.084342786497e-01       3.341125417127e+01 
       9.094776016266e-01       3.332629144457e+01 
       9.105209246064e-01       3.324163024964e+01 
       9.115642475891e-01       3.315726785736e+01 
       9.126075705747e-01       3.307320218431e+01 
       9.136508935631e-01       3.298943192131e+01 
       9.146942165544e-01       3.290595644228e+01 
       9.157375395486e-01       3.282277569088e+01 
       9.167808625456e-01       3.273988988525e+01 
       9.178241855455e-01       3.265729920158e+01 
       9.188675085481e-01       3.257500345732e+01 
       9.199108315536e-01       3.249300189990e+01 
       9.209541545619e-01       3.241129303707e+01 
       9.219974775730e-01       3.232987471958e+01 
       9.230408005869e-01       3.224874424639e+01 
       9.240841236035e-01       3.216789863555e+01 
       9.251274466229e-01       3.208733495571e+01 
       9.261707696451e-01       3.200705062088e+01 
       9.272140926700e-01       3.192704361644e+01 
       9.282574156977e-01       3.184731263872e+01 
       9.293007387281e-01       3.176785706484e+01 
       9.303440617612e-01       3.168867686068e+01 
       9.313873847970e-01       3.160977228813e+01 
       9.324307078355e-01       3.153114361343e+01 
       9.334740308767e-01       3.145279083730e+01 
       9.345173539207e-01       3.137471344830e+01 
       9.355606769672e-01       3.129691025585e+01 
       9.366040000165e-01       3.121937942241e+01 
       9.376473230684e-01       3.114211858540e+01 
       9.386906461229e-01       3.106512509024e+01 
       9.397339691801e-01       3.098839626168e+01 
       9.407772922400e-01       3.091192970690e+01 
       9.418206153024e-01       3.083572354701e+01 
       9.428639383675e-01       3.075977655402e+01 
       9.439072614351e-01       3.068408817951e+01 
       9.449505845054e-01       3.060865840998e+01 
       9.459939075783e-01       3.053348757880e+01 
       9.470372306537e-01       3.045857606127e+01 
       9.480805537317e-01       3.038392400607e+01 
       9.491238768123e-01       3.030953107601e+01 
       9.501671998954e-01       3.023539635404e+01 
       9.512105229810e-01       3.016151826981e+01 
       9.522538460692e-01       3.008789470750e+01 
       9.532971691600e-01       3.001452325315e+01 
       9.543404922532e-01       2.994140139990e+01 
       9.553838153490e-01       2.986852686755e+01 
       9.564271384472e-01       2.979589783140e+01 
       9.574704615480e-01       2.972351306206e+01 
       9.585137846513e-01       2.965137196174e+01 
       9.595571077570e-01       2.957947446712e+01 
       9.606004308652e-01       2.950782086955e+01 
       9.616437539759e-01       2.943641151987e+01 
       9.626870770890e-01       2.936524664184e+01 
       9.637304002046e-01       2.929432599506e+01 
       9.647737233226e-01       2.922364879917e+01 
       9.658170464430e-01       2.915321365938e+01 
       9.668603695659e-01       2.908301864178e+01 
       9.679036926911e-01       2.901306148014e+01 
       9.689470158188e-01       2.894333979608e+01 
       9.699903389489e-01       2.887385138129e+01 
       9.710336620814e-01       2.880459440755e+01 
       9.720769852163e-01       2.873556761198e+01 
       9.731203083535e-01       2.866677031802e+01 
       9.741636314931e-01       2.859820237384e+01 
       9.752069546351e-01       2.852986398076e+01 
       9.762502777794e-01       2.846175547653e+01 
       9.772936009261e-01       2.839387706085e+01 
       9.783369240751e-01       2.832622856447e+01 
       9.793802472265e-01       2.825880929824e+01 
       9.804235703801e-01       2.819161800299e+01 
       9.814668935361e-01       2.812465289284e+01 
       9.825102166944e-01       2.805791182272e+01 
       9.835535398550e-01       2.799139251951e+01 
       9.845968630179e-01       2.792509282359e+01 
       9.856401861831e-01       2.785901092207e+01 
       9.866835093505e-01       2.779314550752e+01 
       9.877268325203e-01       2.772749583511e+01 
       9.887701556923e-01       2.766206168747e+01 
       9.898134788665e-01       2.759684321331e+01 
       9.908568020431e-01       2.753184072719e+01 
       9.919001252218e-01       2.746705446405e+01 
       9.929434484028e-01       2.740248432853e+01 
       9.939867715860e-01       2.733812977352e+01 
       9.950300947715e-01       2.727398969525e+01 
       9.960734179591e-01       2.721006249319e+01 
       9.971167411490e-01       2.714634620370e+01 
       9.981600643411e-01       2.708283868577e+01 
       9.992033875354e-01       2.701953789275e+01 
       1.000246710732e+00       2.695644206466e+01 
       1.001290033930e+00       2.689354990390e+01 
       1.002333357131e+00       2.683086063604e+01 
       1.003376680334e+00       2.676837402411e+01 
       1.004420003539e+00       2.670609018258e+01 
       1.005463326747e+00       2.664400943322e+01 
       1.006506649956e+00       2.658213204527e+01 
       1.007549973168e+00       2.652045803062e+01 
       1.008593296381e+00       2.645898696057e+01 
       1.009636619597e+00       2.639771790954e+01 
       1.010679942815e+00       2.633664946990e+01 
       1.011723266035e+00       2.627577985751e+01 
       1.012766589258e+00       2.621510709559e+01 
       1.013809912482e+00       2.615462924420e+01 
       1.014853235708e+00       2.609434462769e+01 
       1.015896558937e+00       2.603425197172e+01 
       1.016939882167e+00       2.597435051787e+01 
       1.017983205400e+00       2.591463998775e+01 
       1.019026528635e+00       2.585512050745e+01 
       1.020069851871e+00       2.579579238527e+01 
       1.021113175110e+00       2.573665593876e+01 
       1.022156498351e+00       2.567771126248e+01 
       1.023199821594e+00       2.561895805642e+01 
       1.024243144839e+00       2.556039555200e+01 
       1.025286468086e+00       2.550202250758e+01 
       1.026329791335e+00       2.544383729221e+01 
       1.027373114586e+00       2.538583808533e+01 
       1.028416437839e+00       2.532802305460e+01 
       1.029459761094e+00       2.527039056165e+01 
       1.030503084351e+00       2.521293935730e+01 
       1.031546407610e+00       2.515566866483e+01 
       1.032589730871e+00       2.509857817328e+01 
       1.033633054134e+00       2.504166794547e+01 
       1.034676377400e+00       2.498493829649e+01 
       1.035719700666e+00       2.492838953795e+01 
       1.036763023935e+00       2.487202182392e+01 
       1.037806347206e+00       2.481583494138e+01 
       1.038849670479e+00       2.475982824994e+01 
       1.039892993754e+00       2.470400063979e+01 
       1.040936317031e+00       2.464835062672e+01 
       1.041979640309e+00       2.459287650878e+01 
       1.043022963590e+00       2.453757653785e+01 
       1.044066286873e+00       2.448244912872e+01 
       1.045109610157e+00       2.442749303525e+01 
       1.046152933443e+00       2.437270745782e+01 
       1.047196256732e+00       2.431809202787e+01 
       1.048239580022e+00       2.426364677280e+01 
       1.049282903314e+00       2.420937195856e+01 
       1.050326226608e+00       2.415526790658e+01 
       1.051369549904e+00       2.410133479355e+01 
       1.052412873201e+00       2.404757247958e+01 
       1.053456196501e+00       2.399398042469e+01 
       1.054499519803e+00       2.394055764201e+01 
       1.055542843106e+00       2.388730277039e+01 
       1.056586166411e+00       2.383421421820e+01 
       1.057629489718e+00       2.378129030872e+01 
       1.058672813027e+00       2.372852951774e+01 
       1.059716136338e+00       2.367593059684e+01 
       1.060759459650e+00       2.362349272367e+01 
       1.061802782965e+00       2.357121548523e+01 
       1.062846106281e+00       2.351909887261e+01 
       1.063889429599e+00       2.346714311212e+01 
       1.064932752919e+00       2.341534852583e+01 
       1.065976076240e+00       2.336371531452e+01 
       1.067019399564e+00       2.331224341504e+01 
       1.068062722889e+00       2.326093239184e+01 
       1.069106046216e+00       2.320978137417e+01 
       1.070149369545e+00       2.315878913326e+01 
       1.071192692876e+00       2.310795418397e+01 
       1.072236016208e+00       2.305727494883e+01 
       1.073279339542e+00       2.300674995671e+01 
       1.074322662878e+00       2.295637798131e+01 
       1.075365986216e+00       2.290615818112e+01 
       1.076409309555e+00       2.285609011966e+01 
       1.077452632896e+00       2.280617374485e+01 
       1.078495956239e+00       2.275640926573e+01 
       1.079539279584e+00       2.270679698568e+01 
       1.080582602930e+00       2.265733716079e+01 
       1.081625926278e+00       2.260802976966e+01 
       1.082669249628e+00       2.255887447783e+01 
       1.083712572980e+00       2.250987054161e+01 
       1.084755896333e+00       2.246101685525e+01 
       1.085799219688e+00       2.241231205200e+01 
       1.086842543045e+00       2.236375465169e+01 
       1.087885866403e+00       2.231534324175e+01 
       1.088929189763e+00       2.226707663117e+01 
       1.089972513125e+00       2.221895397452e+01 
       1.091015836489e+00       2.217097481449e+01 
       1.092059159854e+00       2.212313906450e+01 
       1.093102483221e+00       2.207544690796e+01 
       1.094145806589e+00       2.202789865212e+01 
       1.095189129959e+00       2.198049456205e+01 
       1.096232453331e+00       2.193323469788e+01 
       1.097275776705e+00       2.188611880184e+01 
       1.098319100080e+00       2.183914624029e+01 
       1.099362423457e+00       2.179231602490e+01 
       1.100405746835e+00       2.174562689731e+01 
       1.101449070215e+00       2.169907747066e+01 
       1.102492393597e+00       2.165266639240e+01 
       1.103535716980e+00       2.160639250102e+01 
       1.104579040365e+00       2.156025494663e+01 
       1.105622363752e+00       2.151425325085e+01 
       1.106665687140e+00       2.146838729216e+01 
       1.107709010530e+00       2.142265722538e+01 
       1.108752333921e+00       2.137706334766e+01 
       1.109795657314e+00       2.133160594035e+01 
       1.110838980709e+00       2.128628511260e+01 
       1.111882304105e+00       2.124110068123e+01 
       1.112925627503e+00       2.119605211144e+01 
       1.113968950902e+00       2.115113852230e+01 
       1.115012274303e+00       2.110635875805e+01 
       1.116055597706e+00       2.106171151714e+01 
       1.117098921110e+00       2.101719550582e+01 
       1.118142244516e+00       2.097280959225e+01 
       1.119185567923e+00       2.092855292165e+01 
       1.120228891332e+00       2.088442499133e+01 
       1.121272214742e+00       2.084042564467e+01 
       1.122315538154e+00       2.079655500307e+01 
       1.123358861568e+00       2.075281334644e+01 
       1.124402184983e+00       2.070920096259e+01 
       1.125445508399e+00       2.066571799902e+01 
       1.126488831817e+00       2.062236433804e+01 
       1.127532155237e+00       2.057913953013e+01 
       1.128575478658e+00       2.053604279280e+01 
       1.129618802080e+00       2.049307306763e+01 
       1.130662125505e+00       2.045022913420e+01 
       1.131705448930e+00       2.040750975673e+01 
       1.132748772357e+00       2.036491383220e+01 
       1.133792095786e+00       2.032244050980e+01 
       1.134835419216e+00       2.028008926063e+01 
       1.135878742648e+00       2.023785989568e+01 
       1.136922066081e+00       2.019575250426e+01 
       1.137965389516e+00       2.015376734625e+01 
       1.139008712952e+00       2.011190471237e+01 
       1.140052036389e+00       2.007016478025e+01 
       1.141095359828e+00       2.002854749342e+01 
       1.142138683269e+00       1.998705248142e+01 
       1.143182006711e+00       1.994567905073e+01 
       1.144225330154e+00       1.990442623661e+01 
       1.145268653599e+00       1.986329289974e+01 
       1.146311977045e+00       1.982227786177e+01 
       1.147355300493e+00       1.978138004964e+01 
       1.148398623943e+00       1.974059861821e+01 
       1.149441947393e+00       1.969993302213e+01 
       1.150485270845e+00       1.965938303821e+01 
       1.151528594299e+00       1.961894872377e+01 
       1.152571917754e+00       1.957863031981e+01 
       1.153615241210e+00       1.953842811556e+01 
       1.154658564668e+00       1.949834231456e+01 
       1.155701888127e+00       1.945837291172e+01 
       1.156745211588e+00       1.941851961379e+01 
       1.157788535050e+00       1.937878181386e+01 
       1.158831858514e+00       1.933915863206e+01 
       1.159875181979e+00       1.929964901009e+01 
       1.160918505445e+00       1.926025182900e+01 
       1.161961828913e+00       1.922096604873e+01 
       1.163005152382e+00       1.918179082950e+01 
       1.164048475852e+00       1.914272561385e+01 
       1.165091799324e+00       1.910377015100e+01 
       1.166135122797e+00       1.906492446368e+01 
       1.167178446272e+00       1.902618876859e+01 
       1.168221769748e+00       1.898756335440e+01 
       1.169265093225e+00       1.894904844255e+01 
       1.170308416704e+00       1.891064407175e+01 
       1.171351740184e+00       1.887235001591e+01 
       1.172395063665e+00       1.883416575143e+01 
       1.173438387148e+00       1.879609048269e+01 
       1.174481710632e+00       1.875812322174e+01 
       1.175525034118e+00       1.872026290997e+01 
       1.176568357605e+00       1.868250854382e+01 
       1.177611681093e+00       1.864485929112e+01 
       1.178655004582e+00       1.860731458036e+01 
       1.179698328073e+00       1.856987413472e+01 
       1.180741651565e+00       1.853253794889e+01 
       1.181784975059e+00       1.849530621323e+01 
       1.182828298554e+00       1.845817920357e+01 
       1.183871622050e+00       1.842115715914e+01 
       1.184914945547e+00       1.838424015786e+01 
       1.185958269046e+00       1.834742803072e+01 
       1.187001592546e+00       1.831072032735e+01 
       1.188044916048e+00       1.827411633167e+01 
       1.189088239550e+00       1.823761513070e+01 
       1.190131563054e+00       1.820121571873e+01 
       1.191174886559e+00       1.816491712468e+01 
       1.192218210066e+00       1.812871853098e+01 
       1.193261533574e+00       1.809261935517e+01 
       1.194304857083e+00       1.805661929273e+01 
       1.195348180593e+00       1.802071830750e+01 
       1.196391504105e+00       1.798491656540e+01 
       1.197434827618e+00       1.794921433325e+01 
       1.198478151132e+00       1.791361185487e+01 
       1.199521474648e+00       1.787810924045e+01 
       1.200564798165e+00       1.784270637786e+01 
       1.201608121683e+00       1.780740288376e+01 
       1.202651445202e+00       1.777219811473e+01 
       1.203694768723e+00       1.773709122685e+01 
       1.204738092244e+00       1.770208127273e+01 
       1.205781415767e+00       1.766716731815e+01 
       1.206824739292e+00       1.763234855391e+01 
       1.207868062817e+00       1.759762439026e+01 
       1.208911386344e+00       1.756299450217e+01 
       1.209954709872e+00       1.752845882191e+01 
       1.210998033401e+00       1.749401748784e+01 
       1.212041356932e+00       1.745967075222e+01 
       1.213084680464e+00       1.742541886658e+01 
       1.214128003996e+00       1.739126196872e+01 
       1.215171327531e+00       1.735719999019e+01 
       1.216214651066e+00       1.732323261201e+01 
       1.217257974603e+00       1.728935926250e+01 
       1.218301298140e+00       1.725557916360e+01 
       1.219344621679e+00       1.722189142200e+01 
       1.220387945220e+00       1.718829513932e+01 
       1.221431268761e+00       1.715478952414e+01 
       1.222474592304e+00       1.712137398137e+01 
       1.223517915847e+00       1.708804816135e+01 
       1.224561239392e+00       1.705481196915e+01 
       1.225604562939e+00       1.702166551822e+01 
       1.226647886486e+00       1.698860904385e+01 
       1.227691210034e+00       1.695564279801e+01 
       1.228734533584e+00       1.692276693988e+01 
       1.229777857135e+00       1.688998144584e+01 
       1.230821180687e+00       1.685728605496e+01 
       1.231864504240e+00       1.682468025809e+01 
       1.232907827795e+00       1.679216334240e+01 
       1.233951151350e+00       1.675973446976e+01 
       1.234994474907e+00       1.672739277863e+01 
       1.236037798465e+00       1.669513749322e+01 
       1.237081122024e+00       1.666296801390e+01 
       1.238124445584e+00       1.663088397420e+01 
       1.239167769146e+00       1.659888525269e+01 
       1.240211092708e+00       1.656697193345e+01 
       1.241254416272e+00       1.653514423447e+01 
       1.242297739837e+00       1.650340240705e+01 
       1.243341063402e+00       1.647174662808e+01 
       1.244384386969e+00       1.644017691016e+01 
       1.245427710538e+00       1.640869304382e+01 
       1.246471034107e+00       1.637729458224e+01 
       1.247514357677e+00       1.634598087526e+01 
       1.248557681249e+00       1.631475113543e+01 
       1.249601004822e+00       1.628360453835e+01 
       1.250644328396e+00       1.625254032706e+01 
       1.251687651970e+00       1.622155790086e+01 
       1.252730975547e+00       1.619065687568e+01 
       1.253774299124e+00       1.615983710203e+01 
       1.254817622702e+00       1.612909863734e+01 
       1.255860946281e+00       1.609844168212e+01 
       1.256904269862e+00       1.606786648150e+01 
       1.257947593443e+00       1.603737322507e+01 
       1.258990917026e+00       1.600696195847e+01 
       1.260034240610e+00       1.597663252010e+01 
       1.261077564195e+00       1.594638452058e+01 
       1.262120887781e+00       1.591621736582e+01 
       1.263164211368e+00       1.588613031976e+01 
       1.264207534956e+00       1.585612259713e+01 
       1.265250858545e+00       1.582619346047e+01 
       1.266294182135e+00       1.579634230892e+01 
       1.267337505726e+00       1.576656874363e+01 
       1.268380829319e+00       1.573687259115e+01 
       1.269424152912e+00       1.570725388311e+01 
       1.270467476507e+00       1.567771279753e+01 
       1.271510800103e+00       1.564824957176e+01 
       1.272554123699e+00       1.561886440621e+01 
       1.273597447297e+00       1.558955737557e+01 
       1.274640770896e+00       1.556032836127e+01 
       1.275684094496e+00       1.553117702693e+01 
       1.276727418096e+00       1.550210283488e+01 
       1.277770741698e+00       1.547310510005e+01 
       1.278814065301e+00       1.544418307370e+01 
       1.279857388905e+00       1.541533603835e+01 
       1.280900712511e+00       1.538656339647e+01 
       1.281944036117e+00       1.535786473831e+01 
       1.282987359724e+00       1.532923986780e+01 
       1.284030683332e+00       1.530068879050e+01 
       1.285074006941e+00       1.527221166351e+01 
       1.286117330551e+00       1.524380871556e+01 
       1.287160654163e+00       1.521548015411e+01 
       1.288203977775e+00       1.518722607647e+01 
       1.289247301388e+00       1.515904640354e+01 
       1.290290625003e+00       1.513094085002e+01 
       1.291333948618e+00       1.510290893273e+01 
       1.292377272234e+00       1.507495001551e+01 
       1.293420595852e+00       1.504706338736e+01 
       1.294463919470e+00       1.501924835371e+01 
       1.295507243090e+00       1.499150432330e+01 
       1.296550566710e+00       1.496383087511e+01 
       1.297593890331e+00       1.493622779181e+01 
       1.298637213954e+00       1.490869505422e+01 
       1.299680537577e+00       1.488123280028e+01 
       1.300723861201e+00       1.485384124885e+01 
       1.301767184827e+00       1.482652061072e+01 
       1.302810508453e+00       1.479927100401e+01 
       1.303853832081e+00       1.477209238646e+01 
       1.304897155709e+00       1.474498451940e+01 
       1.305940479338e+00       1.471794696951e+01 
       1.306983802969e+00       1.469097914856e+01 
       1.308027126600e+00       1.466408038449e+01 
       1.309070450232e+00       1.463725000771e+01 
       1.310113773865e+00       1.461048743469e+01 
       1.311157097499e+00       1.458379223612e+01 
       1.312200421135e+00       1.455716417615e+01 
       1.313243744771e+00       1.453060321287e+01 
       1.314287068408e+00       1.450410946204e+01 
       1.315330392046e+00       1.447768312951e+01 
       1.316373715685e+00       1.445132442764e+01 
       1.317417039325e+00       1.442503349313e+01 
       1.318460362966e+00       1.439881031753e+01 
       1.319503686608e+00       1.437265470461e+01 
       1.320547010251e+00       1.434656626988e+01 
       1.321590333894e+00       1.432054447169e+01 
       1.322633657539e+00       1.429458867652e+01 
       1.323676981185e+00       1.426869823816e+01 
       1.324720304831e+00       1.424287258267e+01 
       1.325763628479e+00       1.421711127425e+01 
       1.326806952127e+00       1.419141406207e+01 
       1.327850275777e+00       1.416578088251e+01 
       1.328893599427e+00       1.414021182980e+01 
       1.329936923078e+00       1.411470709568e+01 
       1.330980246731e+00       1.408926689283e+01 
       1.332023570384e+00       1.406389137165e+01 
       1.333066894038e+00       1.403858055198e+01 
       1.334110217693e+00       1.401333427803e+01 
       1.335153541349e+00       1.398815221038e+01 
       1.336196865005e+00       1.396303385467e+01 
       1.337240188663e+00       1.393797861519e+01 
       1.338283512322e+00       1.391298587075e+01 
       1.339326835981e+00       1.388805505788e+01 
       1.340370159642e+00       1.386318573829e+01 
       1.341413483303e+00       1.383837764464e+01 
       1.342456806965e+00       1.381363069211e+01 
       1.343500130629e+00       1.378894495335e+01 
       1.344543454293e+00       1.376432060615e+01 
       1.345586777958e+00       1.373975786176e+01 
       1.346630101624e+00       1.371525688237e+01 
       1.347673425290e+00       1.369081771244e+01 
       1.348716748958e+00       1.366644023342e+01 
       1.349760072627e+00       1.364212414890e+01 
       1.350803396296e+00       1.361786900774e+01 
       1.351846719966e+00       1.359367425180e+01 
       1.352890043637e+00       1.356953928587e+01 
       1.353933367310e+00       1.354546355862e+01 
       1.354976690983e+00       1.352144663195e+01 
       1.356020014656e+00       1.349748822490e+01 
       1.357063338331e+00       1.347358823221e+01 
       1.358106662007e+00       1.344974670601e+01 
       1.359149985683e+00       1.342596380934e+01 
       1.360193309360e+00       1.340223974741e+01 
       1.361236633039e+00       1.337857469187e+01 
       1.362279956718e+00       1.335496870903e+01 
       1.363323280398e+00       1.333142171519e+01 
       1.364366604078e+00       1.330793345636e+01 
       1.365409927760e+00       1.328450352275e+01 
       1.366453251443e+00       1.326113139240e+01 
       1.367496575126e+00       1.323781649763e+01 
       1.368539898810e+00       1.321455830053e+01 
       1.369583222495e+00       1.319135636280e+01 
       1.370626546181e+00       1.316821039188e+01 
       1.371669869868e+00       1.314512026316e+01 
       1.372713193555e+00       1.312208600946e+01 
       1.373756517244e+00       1.309910777923e+01 
       1.374799840933e+00       1.307618577151e+01 
       1.375843164623e+00       1.305332016333e+01 
       1.376886488314e+00       1.303051104096e+01 
       1.377929812006e+00       1.300775835139e+01 
       1.378973135699e+00       1.298506187941e+01 
       1.380016459392e+00       1.296242125492e+01 
       1.381059783086e+00       1.293983599192e+01 
       1.382103106782e+00       1.291730555037e+01 
       1.383146430478e+00       1.289482940892e+01 
       1.384189754174e+00       1.287240712993e+01 
       1.385233077872e+00       1.285003841155e+01 
       1.386276401570e+00       1.282772311156e+01 
       1.387319725270e+00       1.280546124289e+01 
       1.388363048970e+00       1.278325293757e+01 
       1.389406372671e+00       1.276109838687e+01 
       1.390449696372e+00       1.273899777149e+01 
       1.391493020075e+00       1.271695119479e+01 
       1.392536343778e+00       1.269495863303e+01 
       1.393579667482e+00       1.267301990661e+01 
       1.394622991187e+00       1.265113468390e+01 
       1.395666314893e+00       1.262930251390e+01 
       1.396709638599e+00       1.260752288411e+01 
       1.397752962307e+00       1.258579528855e+01 
       1.398796286015e+00       1.256411929298e+01 
       1.399839609724e+00       1.254249458701e+01 
       1.400882933433e+00       1.252092101232e+01 
       1.401926257144e+00       1.249939856354e+01 
       1.402969580855e+00       1.247792735600e+01 
       1.404012904567e+00       1.245650757166e+01 
       1.405056228280e+00       1.243513939262e+01 
       1.406099551994e+00       1.241382293654e+01 
       1.407142875708e+00       1.239255820464e+01 
       1.408186199424e+00       1.237134505061e+01 
       1.409229523140e+00       1.235018317900e+01 
       1.410272846857e+00       1.232907217336e+01 
       1.411316170574e+00       1.230801154889e+01 
       1.412359494292e+00       1.228700081662e+01 
       1.413402818012e+00       1.226603954646e+01 
       1.414446141732e+00       1.224512742107e+01 
       1.415489465452e+00       1.222426426741e+01 
       1.416532789174e+00       1.220345006090e+01 
       1.417576112896e+00       1.218268489971e+01 
       1.418619436619e+00       1.216196895539e+01 
       1.419662760343e+00       1.214130240992e+01 
       1.420706084067e+00       1.212068539237e+01 
       1.421749407792e+00       1.210011792670e+01 
       1.422792731518e+00       1.207959989703e+01 
       1.423836055245e+00       1.205913104283e+01 
       1.424879378973e+00       1.203871098129e+01 
       1.425922702701e+00       1.201833925392e+01 
       1.426966026430e+00       1.199801538842e+01 
       1.428009350160e+00       1.197773896107e+01 
       1.429052673890e+00       1.195750964891e+01 
       1.430095997622e+00       1.193732726474e+01 
       1.431139321354e+00       1.191719176659e+01 
       1.432182645087e+00       1.189710323536e+01 
       1.433225968820e+00       1.187706183087e+01 
       1.434269292554e+00       1.185706773294e+01 
       1.435312616289e+00       1.183712107950e+01 
       1.436355940025e+00       1.181722191418e+01 
       1.437399263762e+00       1.179737014960e+01 
       1.438442587499e+00       1.177756555754e+01 
       1.439485911237e+00       1.175780778707e+01 
       1.440529234976e+00       1.173809640692e+01 
       1.441572558715e+00       1.171843096262e+01 
       1.442615882455e+00       1.169881103679e+01 
       1.443659206196e+00       1.167923630315e+01 
       1.444702529938e+00       1.165970656197e+01 
       1.445745853680e+00       1.164022175291e+01 
       1.446789177423e+00       1.162078193968e+01 
       1.447832501167e+00       1.160138727026e+01 
       1.448875824911e+00       1.158203792033e+01 
       1.449919148656e+00       1.156273403452e+01 
       1.450962472402e+00       1.154347567365e+01 
       1.452005796149e+00       1.152426277616e+01 
       1.453049119896e+00       1.150509514498e+01 
       1.454092443644e+00       1.148597246064e+01 
       1.455135767393e+00       1.146689431779e+01 
       1.456179091143e+00       1.144786027979e+01 
       1.457222414893e+00       1.142886993750e+01 
       1.458265738644e+00       1.140992296168e+01 
       1.459309062395e+00       1.139101914135e+01 
       1.460352386148e+00       1.137215839962e+01 
       1.461395709901e+00       1.135334078305e+01 
       1.462439033654e+00       1.133456642595e+01 
       1.463482357409e+00       1.131583549981e+01 
       1.464525681164e+00       1.129714815398e+01 
       1.465569004920e+00       1.127850446342e+01 
       1.466612328676e+00       1.125990439036e+01 
       1.467655652433e+00       1.124134776714e+01 
       1.468698976191e+00       1.122283430363e+01 
       1.469742299950e+00       1.120436362060e+01 
       1.470785623709e+00       1.118593530004e+01 
       1.471828947469e+00       1.116754894128e+01 
       1.472872271229e+00       1.114920421393e+01 
       1.473915594991e+00       1.113090089789e+01 
       1.474958918753e+00       1.111263890011e+01 
       1.476002242515e+00       1.109441824958e+01 
       1.477045566279e+00       1.107623906764e+01 
       1.478088890043e+00       1.105810151901e+01 
       1.479132213807e+00       1.104000575599e+01 
       1.480175537573e+00       1.102195186628e+01 
       1.481218861339e+00       1.100393983331e+01 
       1.482262185105e+00       1.098596951625e+01 
       1.483305508873e+00       1.096804065441e+01 
       1.484348832641e+00       1.095015289495e+01 
       1.485392156410e+00       1.093230583795e+01 
       1.486435480179e+00       1.091449909218e+01 
       1.487478803949e+00       1.089673232772e+01 
       1.488522127720e+00       1.087900531519e+01 
       1.489565451491e+00       1.086131794723e+01 
       1.490608775263e+00       1.084367023610e+01 
       1.491652099036e+00       1.082606228867e+01 
       1.492695422809e+00       1.080849426196e+01 
       1.493738746583e+00       1.079096631045e+01 
       1.494782070358e+00       1.077347853294e+01 
       1.495825394133e+00       1.075603093164e+01 
       1.496868717909e+00       1.073862339092e+01 
       1.497912041686e+00       1.072125567785e+01 
       1.498955365463e+00       1.070392746452e+01 
       1.499998689241e+00       1.068663837061e+01 
       1.501042013019e+00       1.066938801493e+01 
       1.502085336799e+00       1.065217606837e+01 
       1.503128660578e+00       1.063500229416e+01 
       1.504171984359e+00       1.061786657231e+01 
       1.505215308140e+00       1.060076889925e+01 
       1.506258631922e+00       1.058370936681e+01 
       1.507301955704e+00       1.056668812371e+01 
       1.508345279487e+00       1.054970532406e+01 
       1.509388603271e+00       1.053276107553e+01 
       1.510431927055e+00       1.051585539794e+01 
       1.511475250840e+00       1.049898819910e+01 
       1.512518574626e+00       1.048215927163e+01 
       1.513561898412e+00       1.046536831298e+01 
       1.514605222199e+00       1.044861496295e+01 
       1.515648545986e+00       1.043189885170e+01 
       1.516691869774e+00       1.041521965199e+01 
       1.517735193563e+00       1.039857712092e+01 
       1.518778517352e+00       1.038197112573e+01 
       1.519821841142e+00       1.036540164733e+01 
       1.520865164933e+00       1.034886876381e+01 
       1.521908488724e+00       1.033237261388e+01 
       1.522951812516e+00       1.031591334934e+01 
       1.523995136308e+00       1.029949108576e+01 
       1.525038460101e+00       1.028310585965e+01 
       1.526081783895e+00       1.026675760041e+01 
       1.527125107689e+00       1.025044612588e+01 
       1.528168431484e+00       1.023417115674e+01 
       1.529211755280e+00       1.021793235296e+01 
       1.530255079076e+00       1.020172935702e+01 
       1.531298402873e+00       1.018556184503e+01 
       1.532341726670e+00       1.016942956857e+01 
       1.533385050468e+00       1.015333238273e+01 
       1.534428374267e+00       1.013727025454e+01 
       1.535471698066e+00       1.012124324872e+01 
       1.536515021865e+00       1.010525149405e+01 
       1.537558345666e+00       1.008929513877e+01 
       1.538601669467e+00       1.007337430454e+01 
       1.539644993268e+00       1.005748904145e+01 
       1.540688317071e+00       1.004163929917e+01 
       1.541731640873e+00       1.002582491989e+01 
       1.542774964677e+00       1.001004564772e+01 
       1.543818288481e+00       9.994301161108e+00 
       1.544861612285e+00       9.978591116133e+00 
       1.545904936090e+00       9.962915194164e+00 
       1.546948259896e+00       9.947273143098e+00 
       1.547991583702e+00       9.931664807815e+00 
       1.549034907509e+00       9.916090141061e+00 
       1.550078231317e+00       9.900549192829e+00 
       1.551121555125e+00       9.885042081864e+00 
       1.552164878933e+00       9.869568953378e+00 
       1.553208202743e+00       9.854129932212e+00 
       1.554251526552e+00       9.838725080112e+00 
       1.555294850363e+00       9.823354366331e+00 
       1.556338174174e+00       9.808017656352e+00 
       1.557381497985e+00       9.792714717857e+00 
       1.558424821798e+00       9.777445248425e+00 
       1.559468145610e+00       9.762208917676e+00 
       1.560511469424e+00       9.747005411847e+00 
       1.561554793237e+00       9.731834476815e+00 
       1.562598117052e+00       9.716695948360e+00 
       1.563641440867e+00       9.701589765753e+00 
       1.564684764682e+00       9.686515964853e+00 
       1.565728088499e+00       9.671474653838e+00 
       1.566771412315e+00       9.656465973414e+00 
       1.567814736133e+00       9.641490052043e+00 
       1.568858059950e+00       9.626546962100e+00 
       1.569901383769e+00       9.611636690597e+00 
       1.570944707588e+00       9.596759123243e+00 
       1.571988031407e+00       9.581914050344e+00 
       1.573031355227e+00       9.567101189858e+00 
       1.574074679048e+00       9.552320225317e+00 
       1.575118002869e+00       9.537570848593e+00 
       1.576161326691e+00       9.522852803963e+00 
       1.577204650514e+00       9.508165919864e+00 
       1.578247974336e+00       9.493510123890e+00 
       1.579291298160e+00       9.478885439086e+00 
       1.580334621984e+00       9.464291961882e+00 
       1.581377945808e+00       9.449729827308e+00 
       1.582421269634e+00       9.435199165081e+00 
       1.583464593459e+00       9.420700057417e+00 
       1.584507917285e+00       9.406232507327e+00 
       1.585551241112e+00       9.391796420559e+00 
       1.586594564940e+00       9.377391608615e+00 
       1.587637888767e+00       9.363017809199e+00 
       1.588681212596e+00       9.348674720573e+00 
       1.589724536425e+00       9.334362043085e+00 
       1.590767860254e+00       9.320079520561e+00 
       1.591811184084e+00       9.305826973947e+00 
       1.592854507915e+00       9.291604319020e+00 
       1.593897831746e+00       9.277411566002e+00 
       1.594941155578e+00       9.263248800931e+00 
       1.595984479410e+00       9.249116152039e+00 
       1.597027803242e+00       9.235013748814e+00 
       1.598071127076e+00       9.220941681574e+00 
       1.599114450910e+00       9.206899968128e+00 
       1.600157774744e+00       9.192888534449e+00 
       1.601201098579e+00       9.178907213072e+00 
       1.602244422414e+00       9.164955760536e+00 
       1.603287746250e+00       9.151033889414e+00 
       1.604331070087e+00       9.137141308037e+00 
       1.605374393923e+00       9.123277761758e+00 
       1.606417717761e+00       9.109443065582e+00 
       1.607461041599e+00       9.095637124301e+00 
       1.608504365438e+00       9.081859935345e+00 
       1.609547689277e+00       9.068111573467e+00 
       1.610591013116e+00       9.054392160873e+00 
       1.611634336956e+00       9.040701826958e+00 
       1.612677660797e+00       9.027040668493e+00 
       1.613720984638e+00       9.013408716075e+00 
       1.614764308480e+00       8.999805912958e+00 
       1.615807632322e+00       8.986232112304e+00 
       1.616850956165e+00       8.972687089969e+00 
       1.617894280008e+00       8.959170573344e+00 
       1.618937603852e+00       8.945682279265e+00 
       1.619980927696e+00       8.932221954417e+00 
       1.621024251541e+00       8.918789409530e+00 
       1.622067575386e+00       8.905384540449e+00 
       1.623110899232e+00       8.892007332743e+00 
       1.624154223078e+00       8.878657849907e+00 
       1.625197546925e+00       8.865336205706e+00 
       1.626240870773e+00       8.852042528080e+00 
       1.627284194620e+00       8.838776919229e+00 
       1.628327518469e+00       8.825539421719e+00 
       1.629370842318e+00       8.812329995765e+00 
       1.630414166167e+00       8.799148512727e+00 
       1.631457490017e+00       8.785994767310e+00 
       1.632500813867e+00       8.772868502413e+00 
       1.633544137718e+00       8.759769445244e+00 
       1.634587461569e+00       8.746697345224e+00 
       1.635630785421e+00       8.733652008652e+00 
       1.636674109274e+00       8.720633322103e+00 
       1.637717433127e+00       8.707641259590e+00 
       1.638760756980e+00       8.694675873736e+00 
       1.639804080834e+00       8.681737270513e+00 
       1.640847404688e+00       8.668825574835e+00 
       1.641890728543e+00       8.655940892710e+00 
       1.642934052398e+00       8.643083276954e+00 
       1.643977376254e+00       8.630252703995e+00 
       1.645020700110e+00       8.617449064365e+00 
       1.646064023967e+00       8.604672170623e+00 
       1.647107347825e+00       8.591921780506e+00 
       1.648150671682e+00       8.579197630524e+00 
       1.649193995541e+00       8.566499474067e+00 
       1.650237319399e+00       8.553827114660e+00 
       1.651280643259e+00       8.541180430678e+00 
       1.652323967118e+00       8.528559385065e+00 
       1.653367290979e+00       8.515964018679e+00 
       1.654410614839e+00       8.503394429273e+00 
       1.655453938701e+00       8.490850738850e+00 
       1.656497262562e+00       8.478333053869e+00 
       1.657540586424e+00       8.465841442280e+00 
       1.658583910287e+00       8.453375890341e+00 
       1.659627234150e+00       8.440936306894e+00 
       1.660670558014e+00       8.428522522177e+00 
       1.661713881878e+00       8.416134308278e+00 
       1.662757205742e+00       8.403771413186e+00 
       1.663800529607e+00       8.391433593942e+00 
       1.664843853473e+00       8.379120651259e+00 
       1.665887177339e+00       8.366832456561e+00 
       1.666930501205e+00       8.354568962700e+00 
       1.667973825072e+00       8.342330200258e+00 
       1.669017148939e+00       8.330116257919e+00 
       1.670060472807e+00       8.317927253060e+00 
       1.671103796675e+00       8.305763295741e+00 
       1.672147120544e+00       8.293624456732e+00 
       2.104883150457e+00       4.814611862915e+00 
       2.649889463603e+00       2.770662498928e+00 
       3.336013182756e+00       1.582228093235e+00 
       4.199791769852e+00       8.972783497495e-01 
       5.287224583310e+00       5.056264776155e-01 
       6.656221385792e+00       2.832807356127e-01 
       8.379686249101e+00       1.578703804010e-01 
       1.054939996186e+01       8.755225063818e-02 
       1.328090769116e+01       4.833708939643e-02 
       1.671967218409e+01       2.657552041045e-02 
       2.104882018942e+01       1.455428347403e-02 
       2.649889462475e+01       7.941522088794e-03 
       3.336013182756e+01       4.318064070597e-03 
       4.199791769852e+01       2.339808894006e-03 
       5.287224583310e+01       1.263465981591e-03 
