# Matter power spectrum P(k) at redshift z=1
# for k=2.09971e-07 to 62.69 h/Mpc,
# number of wavenumbers equal to 7333
#    1:k (h/Mpc)              2:P (Mpc/h)^3        
       2.099705398908e-07       3.968253871117e-01 
       8.587618545020e-07       1.547089839053e+00 
       1.507557246829e-06       2.664446175030e+00 
       2.156361135007e-06       3.765038245899e+00 
       2.805177937329e-06       4.854272577547e+00 
       3.454012072348e-06       5.934924561948e+00 
       4.102867958976e-06       7.008690521223e+00 
       4.751750016585e-06       8.076716361523e+00 
       5.400662665105e-06       9.139828818248e+00 
       6.049610325129e-06       1.019865296468e+01 
       6.698597418008e-06       1.125367832363e+01 
       7.347628365956e-06       1.230529893037e+01 
       7.996707592148e-06       1.335383903010e+01 
       8.645839520821e-06       1.439957031969e+01 
       9.295028577373e-06       1.544272394692e+01 
       9.944279188467e-06       1.648349911858e+01 
       1.059359578213e-05       1.752206943586e+01 
       1.124298278785e-05       1.855858766034e+01 
       1.189244463668e-05       1.959318936791e+01 
       1.254198576134e-05       2.062599579690e+01 
       1.319161059632e-05       2.165711610077e+01 
       1.384132357798e-05       2.268664915322e+01 
       1.449112914463e-05       2.371468501137e+01 
       1.514103173666e-05       2.474130611442e+01 
       1.579103579665e-05       2.576658827480e+01 
       1.644114576941e-05       2.679060150494e+01 
       1.709136610217e-05       2.781341071222e+01 
       1.774170124458e-05       2.883507628746e+01 
       1.839215564892e-05       2.985565460650e+01 
       1.904273377011e-05       3.087519846034e+01 
       1.969344006587e-05       3.189375742618e+01 
       2.034427899678e-05       3.291137818899e+01 
       2.099525502641e-05       3.392810482186e+01 
       2.164637262142e-05       3.494397903124e+01 
       2.229763625166e-05       3.595904037256e+01 
       2.294905039025e-05       3.697332644060e+01 
       2.360061951371e-05       3.798687303800e+01 
       2.425234810206e-05       3.899971432525e+01 
       2.490424063890e-05       4.001188295433e+01 
       2.555630161154e-05       4.102341018840e+01 
       2.620853551109e-05       4.203432600925e+01 
       2.686094683255e-05       4.304465921392e+01 
       2.751354007493e-05       4.405443750201e+01 
       2.816631974137e-05       4.506368755462e+01 
       2.881929033920e-05       4.607243510603e+01 
       2.947245638008e-05       4.708070500877e+01 
       3.012582238007e-05       4.808852129303e+01 
       3.077939285978e-05       4.909590722083e+01 
       3.143317234444e-05       5.010288533565e+01 
       3.208716536399e-05       5.110947750785e+01 
       3.274137645324e-05       5.211570497649e+01 
       3.339581015191e-05       5.312158838777e+01 
       3.405047100478e-05       5.412714783042e+01 
       3.470536356179e-05       5.513240286846e+01 
       3.536049237811e-05       5.613737257142e+01 
       3.601586201430e-05       5.714207554237e+01 
       3.667147703635e-05       5.814652994395e+01 
       3.732734201586e-05       5.915075352244e+01 
       3.798346153007e-05       6.015476363029e+01 
       3.863984016204e-05       6.115857724699e+01 
       3.929648250068e-05       6.216221099858e+01 
       3.995339314092e-05       6.316568117590e+01 
       4.061057668379e-05       6.416900375158e+01 
       4.126803773653e-05       6.517219439598e+01 
       4.192578091268e-05       6.617526849215e+01 
       4.258381083222e-05       6.717824114982e+01 
       4.324213212167e-05       6.818112721854e+01 
       4.390074941415e-05       6.918394130008e+01 
       4.455966734957e-05       7.018669776003e+01 
       4.521889057466e-05       7.118941073877e+01 
       4.587842374315e-05       7.219209416182e+01 
       4.653827151580e-05       7.319476174955e+01 
       4.719843856058e-05       7.419742702642e+01 
       4.785892955274e-05       7.520010332966e+01 
       4.851974917494e-05       7.620280381751e+01 
       4.918090211733e-05       7.720554147703e+01 
       4.984239307769e-05       7.820832913146e+01 
       5.050422676154e-05       7.921117944725e+01 
       5.116640788223e-05       8.021410494071e+01 
       5.182894116106e-05       8.121711798431e+01 
       5.249183132738e-05       8.222023081269e+01 
       5.315508311875e-05       8.322345552838e+01 
       5.381870128098e-05       8.422680410722e+01 
       5.448269056830e-05       8.523028840357e+01 
       5.514705574344e-05       8.623392015520e+01 
       5.581180157774e-05       8.723771098804e+01 
       5.647693285131e-05       8.824167242066e+01 
       5.714245435307e-05       8.924581586855e+01 
       5.780837088093e-05       9.025015264824e+01 
       5.847468724187e-05       9.125469398121e+01 
       5.914140825205e-05       9.225945099766e+01 
       5.980853873694e-05       9.326443474008e+01 
       6.047608353144e-05       9.426965616671e+01 
       6.114404747997e-05       9.527512615484e+01 
       6.181243543661e-05       9.628085550396e+01 
       6.248125226520e-05       9.728685493881e+01 
       6.315050283948e-05       9.829313511229e+01 
       6.382019204316e-05       9.929970660829e+01 
       6.449032477009e-05       1.003065799443e+02 
       6.516090592435e-05       1.013137655741e+02 
       6.583194042036e-05       1.023212738903e+02 
       6.650343318302e-05       1.033291152264e+02 
       6.717538914782e-05       1.043372998595e+02 
       6.784781326094e-05       1.053458380125e+02 
       6.852071047941e-05       1.063547398558e+02 
       6.919408577118e-05       1.073640155100e+02 
       6.986794411528e-05       1.083736750474e+02 
       7.054229050193e-05       1.093837284943e+02 
       7.121712993264e-05       1.103941858323e+02 
       7.189246742037e-05       1.114050570009e+02 
       7.256830798960e-05       1.124163518986e+02 
       7.324465667651e-05       1.134280803849e+02 
       7.392151852906e-05       1.144402522817e+02 
       7.459889860712e-05       1.154528773751e+02 
       7.527680198262e-05       1.164659654169e+02 
       7.595523373962e-05       1.174795261259e+02 
       7.663419897449e-05       1.184935691896e+02 
       7.731370279603e-05       1.195081042652e+02 
       7.799375032553e-05       1.205231409814e+02 
       7.867434669697e-05       1.215386889396e+02 
       7.935549705713e-05       1.225547577147e+02 
       8.003720656567e-05       1.235713568572e+02 
       8.071948039533e-05       1.245884958935e+02 
       8.140232373198e-05       1.256061843278e+02 
       8.208574177481e-05       1.266244316428e+02 
       8.276973973643e-05       1.276432473008e+02 
       8.345432284299e-05       1.286626407451e+02 
       8.413949633434e-05       1.296826214009e+02 
       8.482526546413e-05       1.307031986761e+02 
       8.551163549996e-05       1.317243819626e+02 
       8.619861172348e-05       1.327461806370e+02 
       8.688619943057e-05       1.337686040618e+02 
       8.757440393143e-05       1.347916615863e+02 
       8.826323055073e-05       1.358153625473e+02 
       8.895268462773e-05       1.368397162702e+02 
       8.964277151644e-05       1.378647320695e+02 
       9.033349658572e-05       1.388904192501e+02 
       9.102486521943e-05       1.399167871081e+02 
       9.171688281658e-05       1.409438449310e+02 
       9.240955479142e-05       1.419716019992e+02 
       9.310288657364e-05       1.430000675864e+02 
       9.379688360845e-05       1.440292509605e+02 
       9.449155135674e-05       1.450591613841e+02 
       9.518689529522e-05       1.460898081155e+02 
       9.588292091654e-05       1.471212004093e+02 
       9.657963372947e-05       1.481533475171e+02 
       9.727703925898e-05       1.491862586882e+02 
       9.797514304643e-05       1.502199431700e+02 
       9.867395064967e-05       1.512544102091e+02 
       9.937346764323e-05       1.522896690519e+02 
       1.000736996184e-04       1.533257289446e+02 
       1.007746521834e-04       1.543625991347e+02 
       1.014763309636e-04       1.554002888711e+02 
       1.021787416015e-04       1.564388074046e+02 
       1.028818897570e-04       1.574781639888e+02 
       1.035857811076e-04       1.585183678808e+02 
       1.042904213481e-04       1.595594283411e+02 
       1.049958161916e-04       1.606013546348e+02 
       1.057019713688e-04       1.616441560321e+02 
       1.064088926287e-04       1.626878418085e+02 
       1.071165857382e-04       1.637324212454e+02 
       1.078250564829e-04       1.647779036311e+02 
       1.085343106670e-04       1.658242982606e+02 
       1.092443541130e-04       1.668716144368e+02 
       1.099551926626e-04       1.679198614704e+02 
       1.106668321762e-04       1.689690486810e+02 
       1.113792785336e-04       1.700191853969e+02 
       1.120925376338e-04       1.710702809564e+02 
       1.128066153950e-04       1.721223447075e+02 
       1.135215177554e-04       1.731753860089e+02 
       1.142372506725e-04       1.742294142302e+02 
       1.149538201242e-04       1.752844387525e+02 
       1.156712321079e-04       1.763404689688e+02 
       1.163894926417e-04       1.773975142844e+02 
       1.171086077638e-04       1.784555841175e+02 
       1.178285835329e-04       1.795146878995e+02 
       1.185494260286e-04       1.805748350756e+02 
       1.192711413511e-04       1.816360351049e+02 
       1.199937356217e-04       1.826982974612e+02 
       1.207172149829e-04       1.837616316333e+02 
       1.214415855984e-04       1.848260471253e+02 
       1.221668536536e-04       1.858915534572e+02 
       1.228930253552e-04       1.869581601652e+02 
       1.236201069320e-04       1.880258768022e+02 
       1.243481046348e-04       1.890947129379e+02 
       1.250770247361e-04       1.901646781598e+02 
       1.258068735313e-04       1.912357820729e+02 
       1.265376573377e-04       1.923080343008e+02 
       1.272693824957e-04       1.933814444854e+02 
       1.280020553681e-04       1.944560222878e+02 
       1.287356823410e-04       1.955317773886e+02 
       1.294702698234e-04       1.966087194879e+02 
       1.302058242477e-04       1.976868583064e+02 
       1.309423520697e-04       1.987662035849e+02 
       1.316798597690e-04       1.998467650855e+02 
       1.324183538488e-04       2.009285525915e+02 
       1.331578408365e-04       2.020115759078e+02 
       1.338983272834e-04       2.030958448615e+02 
       1.346398197654e-04       2.041813693019e+02 
       1.353823248828e-04       2.052681591014e+02 
       1.361258492606e-04       2.063562241554e+02 
       1.368703995485e-04       2.074455743827e+02 
       1.376159824215e-04       2.085362197262e+02 
       1.383626045797e-04       2.096281701528e+02 
       1.391102727486e-04       2.107214356543e+02 
       1.398589936791e-04       2.118160262471e+02 
       1.406087741482e-04       2.129119519733e+02 
       1.413596209586e-04       2.140092229003e+02 
       1.421115409391e-04       2.151078491217e+02 
       1.428645409449e-04       2.162078407573e+02 
       1.436186278576e-04       2.173092079540e+02 
       1.443738085857e-04       2.184119608852e+02 
       1.451300900642e-04       2.195161097522e+02 
       1.458874792554e-04       2.206216647837e+02 
       1.466459831487e-04       2.217286362367e+02 
       1.474056087609e-04       2.228370343965e+02 
       1.481663631366e-04       2.239468695773e+02 
       1.489282533479e-04       2.250581521223e+02 
       1.496912864952e-04       2.261708924044e+02 
       1.504554697067e-04       2.272851008259e+02 
       1.512208101393e-04       2.284007878196e+02 
       1.519873149783e-04       2.295179638485e+02 
       1.527549914379e-04       2.306366394068e+02 
       1.535238467609e-04       2.317568250194e+02 
       1.542938882197e-04       2.328785312429e+02 
       1.550651231157e-04       2.340017686658e+02 
       1.558375587800e-04       2.351265479087e+02 
       1.566112025733e-04       2.362528796246e+02 
       1.573860618865e-04       2.373807744993e+02 
       1.581621441404e-04       2.385102432520e+02 
       1.589394567861e-04       2.396412966352e+02 
       1.597180073055e-04       2.407739454352e+02 
       1.604978032109e-04       2.419082004726e+02 
       1.612788520459e-04       2.430440726024e+02 
       1.620611613849e-04       2.441815727144e+02 
       1.628447388340e-04       2.453207117336e+02 
       1.636295920306e-04       2.464615006205e+02 
       1.644157286439e-04       2.476039503713e+02 
       1.652031563752e-04       2.487480720186e+02 
       1.659918829580e-04       2.498938766311e+02 
       1.667819161579e-04       2.510413753146e+02 
       1.675732637736e-04       2.521905792120e+02 
       1.683659336361e-04       2.533414995036e+02 
       1.691599336098e-04       2.544941474075e+02 
       1.699552715922e-04       2.556485341799e+02 
       1.707519555142e-04       2.568046711155e+02 
       1.715499933406e-04       2.579625695478e+02 
       1.723493930698e-04       2.591222408494e+02 
       1.731501627345e-04       2.602836964324e+02 
       1.739523104018e-04       2.614469477486e+02 
       1.747558441730e-04       2.626120062899e+02 
       1.755607721847e-04       2.637788835887e+02 
       1.763671026079e-04       2.649475912182e+02 
       1.771748436493e-04       2.661181407926e+02 
       1.779840035507e-04       2.672905439676e+02 
       1.787945905898e-04       2.684648124406e+02 
       1.796066130801e-04       2.696409579511e+02 
       1.804200793711e-04       2.708189922812e+02 
       1.812349978488e-04       2.719989272554e+02 
       1.820513769356e-04       2.731807747417e+02 
       1.828692250908e-04       2.743645466512e+02 
       1.836885508109e-04       2.755502549389e+02 
       1.845093626292e-04       2.767379116039e+02 
       1.853316691170e-04       2.779275286895e+02 
       1.861554788828e-04       2.791191182841e+02 
       1.869808005736e-04       2.803126925209e+02 
       1.878076428742e-04       2.815082635786e+02 
       1.886360145079e-04       2.827058436818e+02 
       1.894659242367e-04       2.839054451008e+02 
       1.902973808616e-04       2.851070801528e+02 
       1.911303932225e-04       2.863107612013e+02 
       1.919649701989e-04       2.875165006573e+02 
       1.928011207098e-04       2.887243109788e+02 
       1.936388537140e-04       2.899342046720e+02 
       1.944781782106e-04       2.911461942907e+02 
       1.953191032389e-04       2.923602924377e+02 
       1.961616378787e-04       2.935765117640e+02 
       1.970057912508e-04       2.947948649701e+02 
       1.978515725171e-04       2.960153648058e+02 
       1.986989908807e-04       2.972380240706e+02 
       1.995480555863e-04       2.984628556143e+02 
       2.003987759204e-04       2.996898723370e+02 
       2.012511612116e-04       3.009190871896e+02 
       2.021052208310e-04       3.021505131742e+02 
       2.029609641919e-04       3.033841633444e+02 
       2.038184007507e-04       3.046200508054e+02 
       2.046775400069e-04       3.058581887149e+02 
       2.055383915031e-04       3.070985902827e+02 
       2.064009648257e-04       3.083412687717e+02 
       2.072652696050e-04       3.095862374980e+02 
       2.081313155152e-04       3.108335098310e+02 
       2.089991122748e-04       3.120830991940e+02 
       2.098686696473e-04       3.133350190647e+02 
       2.107399974408e-04       3.145892829752e+02 
       2.116131055085e-04       3.158459045124e+02 
       2.124880037492e-04       3.171048973186e+02 
       2.133647021072e-04       3.183662750915e+02 
       2.142432105728e-04       3.196300515849e+02 
       2.151235391825e-04       3.208962406087e+02 
       2.160056980193e-04       3.221648560294e+02 
       2.168896972127e-04       3.234359117707e+02 
       2.177755469395e-04       3.247094218132e+02 
       2.186632574236e-04       3.259854001954e+02 
       2.195528389365e-04       3.272638610139e+02 
       2.204443017973e-04       3.285448184232e+02 
       2.213376563734e-04       3.298282866368e+02 
       2.222329130805e-04       3.311142799273e+02 
       2.231300823828e-04       3.324028126264e+02 
       2.240291747935e-04       3.336938991256e+02 
       2.249302008748e-04       3.349875538767e+02 
       2.258331712386e-04       3.362837913915e+02 
       2.267380965462e-04       3.375826262429e+02 
       2.276449875091e-04       3.388840730648e+02 
       2.285538548889e-04       3.401881465525e+02 
       2.294647094980e-04       3.414948614631e+02 
       2.303775621992e-04       3.428042326159e+02 
       2.312924239068e-04       3.441162748927e+02 
       2.322093055863e-04       3.454310032382e+02 
       2.331282182548e-04       3.467484326602e+02 
       2.340491729814e-04       3.480685782300e+02 
       2.349721808874e-04       3.493914550830e+02 
       2.358972531466e-04       3.507170784186e+02 
       2.368244009856e-04       3.520454635009e+02 
       2.377536356841e-04       3.533766256591e+02 
       2.386849685750e-04       3.547105802874e+02 
       2.396184110450e-04       3.560473428456e+02 
       2.405539745346e-04       3.573869288600e+02 
       2.414916705387e-04       3.587293539227e+02 
       2.424315106064e-04       3.600746336927e+02 
       2.433735063418e-04       3.614227838960e+02 
       2.443176694040e-04       3.627738203260e+02 
       2.452640115074e-04       3.641277588438e+02 
       2.462125444221e-04       3.654846153785e+02 
       2.471632799743e-04       3.668444059277e+02 
       2.481162300460e-04       3.682071465579e+02 
       2.490714065762e-04       3.695728534045e+02 
       2.500288215603e-04       3.709415426724e+02 
       2.509884870511e-04       3.723132306364e+02 
       2.519504151586e-04       3.736879336413e+02 
       2.529146180505e-04       3.750656681028e+02 
       2.538811079526e-04       3.764464505068e+02 
       2.548498971489e-04       3.778302974110e+02 
       2.558209979818e-04       3.792172254442e+02 
       2.567944228528e-04       3.806072513074e+02 
       2.577701842224e-04       3.820003917735e+02 
       2.587482946105e-04       3.833966636883e+02 
       2.597287665970e-04       3.847960839702e+02 
       2.607116128214e-04       3.861986696110e+02 
       2.616968459839e-04       3.876044376762e+02 
       2.626844788452e-04       3.890134053049e+02 
       2.636745242267e-04       3.904255897108e+02 
       2.646669950114e-04       3.918410081820e+02 
       2.656619041434e-04       3.932596780816e+02 
       2.666592646290e-04       3.946816168480e+02 
       2.676590895362e-04       3.961068419950e+02 
       2.686613919957e-04       3.975353711128e+02 
       2.696661852006e-04       3.989672218674e+02 
       2.706734824074e-04       4.004024120017e+02 
       2.716832969353e-04       4.018409593354e+02 
       2.726956421677e-04       4.032828817655e+02 
       2.737105315512e-04       4.047281972668e+02 
       2.747279785972e-04       4.061769238916e+02 
       2.757479968811e-04       4.076290797708e+02 
       2.767706000432e-04       4.090846831139e+02 
       2.777958017890e-04       4.105437522090e+02 
       2.788236158890e-04       4.120063054237e+02 
       2.798540561796e-04       4.134723612050e+02 
       2.808871365630e-04       4.149419380798e+02 
       2.819228710078e-04       4.164150546552e+02 
       2.829612735487e-04       4.178917296188e+02 
       2.840023582878e-04       4.193719817389e+02 
       2.850461393937e-04       4.208558298651e+02 
       2.860926311027e-04       4.223432929283e+02 
       2.871418477188e-04       4.238343899412e+02 
       2.881938036138e-04       4.253291399985e+02 
       2.892485132279e-04       4.268275622772e+02 
       2.903059910697e-04       4.283296760371e+02 
       2.913662517168e-04       4.298355006208e+02 
       2.924293098158e-04       4.313450554542e+02 
       2.934951800827e-04       4.328583600468e+02 
       2.945638773032e-04       4.343754339918e+02 
       2.956354163330e-04       4.358962969667e+02 
       2.967098120981e-04       4.374209687333e+02 
       2.977870795949e-04       4.389494691381e+02 
       2.988672338908e-04       4.404818181127e+02 
       2.999502901241e-04       4.420180356736e+02 
       3.010362635046e-04       4.435581419234e+02 
       3.021251693138e-04       4.451021570501e+02 
       3.032170229050e-04       4.466501013278e+02 
       3.043118397038e-04       4.482019951172e+02 
       3.054096352084e-04       4.497578588654e+02 
       3.065104249894e-04       4.513177131064e+02 
       3.076142246907e-04       4.528815784615e+02 
       3.087210500296e-04       4.544494756392e+02 
       3.098309167967e-04       4.560214254357e+02 
       3.109438408566e-04       4.575974487352e+02 
       3.120598381478e-04       4.591775665099e+02 
       3.131789246834e-04       4.607617998204e+02 
       3.143011165511e-04       4.623501698161e+02 
       3.154264299133e-04       4.639426977350e+02 
       3.165548810076e-04       4.655394049042e+02 
       3.176864861471e-04       4.671403127404e+02 
       3.188212617205e-04       4.687454427494e+02 
       3.199592241924e-04       4.703548165272e+02 
       3.211003901034e-04       4.719684557593e+02 
       3.222447760708e-04       4.735863822217e+02 
       3.233923987882e-04       4.752086177806e+02 
       3.245432750263e-04       4.768351843928e+02 
       3.256974216329e-04       4.784661041060e+02 
       3.268548555331e-04       4.801013990586e+02 
       3.280155937296e-04       4.817410914804e+02 
       3.291796533030e-04       4.833852036923e+02 
       3.303470514119e-04       4.850337581067e+02 
       3.315178052931e-04       4.866867772279e+02 
       3.326919322620e-04       4.883442836518e+02 
       3.338694497128e-04       4.900063000662e+02 
       3.350503751186e-04       4.916728492513e+02 
       3.362347260314e-04       4.933439540795e+02 
       3.374225200830e-04       4.950196375154e+02 
       3.386137749845e-04       4.966999226164e+02 
       3.398085085268e-04       4.983848325326e+02 
       3.410067385809e-04       5.000743905066e+02 
       3.422084830979e-04       5.017686198743e+02 
       3.434137601093e-04       5.034675440644e+02 
       3.446225877271e-04       5.051711865989e+02 
       3.458349841441e-04       5.068795710927e+02 
       3.470509676342e-04       5.085927212545e+02 
       3.482705565522e-04       5.103106608860e+02 
       3.494937693342e-04       5.120334138826e+02 
       3.507206244978e-04       5.137610042332e+02 
       3.519511406423e-04       5.154934560202e+02 
       3.531853364487e-04       5.172307934199e+02 
       3.544232306800e-04       5.189730407020e+02 
       3.556648421813e-04       5.207202222301e+02 
       3.569101898799e-04       5.224723624618e+02 
       3.581592927855e-04       5.242294859480e+02 
       3.594121699903e-04       5.259916173339e+02 
       3.606688406694e-04       5.277587813583e+02 
       3.619293240803e-04       5.295310028536e+02 
       3.631936395637e-04       5.313083067464e+02 
       3.644618065433e-04       5.330907180569e+02 
       3.657338445259e-04       5.348782618990e+02 
       3.670097731016e-04       5.366709634804e+02 
       3.682896119437e-04       5.384688481024e+02 
       3.695733808092e-04       5.402719411600e+02 
       3.708610995385e-04       5.420802681416e+02 
       3.721527880556e-04       5.438938546292e+02 
       3.734484663684e-04       5.457127262980e+02 
       3.747481545683e-04       5.475369089168e+02 
       3.760518728309e-04       5.493664283472e+02 
       3.773596414153e-04       5.512013105441e+02 
       3.786714806650e-04       5.530415815553e+02 
       3.799874110071e-04       5.548872675213e+02 
       3.813074529530e-04       5.567383946752e+02 
       3.826316270981e-04       5.585949893429e+02 
       3.839599541221e-04       5.604570779425e+02 
       3.852924547884e-04       5.623246869828e+02 
       3.866291499450e-04       5.641978430677e+02 
       3.879700605237e-04       5.660765728902e+02 
       3.893152075408e-04       5.679609032355e+02 
       3.906646120963e-04       5.698508609802e+02 
       3.920182953747e-04       5.717464730920e+02 
       3.933762786444e-04       5.736477666290e+02 
       3.947385832578e-04       5.755547687404e+02 
       3.961052306516e-04       5.774675066651e+02 
       3.974762423461e-04       5.793860077322e+02 
       3.988516399457e-04       5.813102993604e+02 
       4.002314451387e-04       5.832404090577e+02 
       4.016156796970e-04       5.851763644210e+02 
       4.030043654763e-04       5.871181931360e+02 
       4.043975244158e-04       5.890659229766e+02 
       4.057951785383e-04       5.910195818044e+02 
       4.071973499497e-04       5.929791975688e+02 
       4.086040608396e-04       5.949447983062e+02 
       4.100153334803e-04       5.969164121395e+02 
       4.114311902272e-04       5.988940672782e+02 
       4.128516535187e-04       6.008777920173e+02 
       4.142767458756e-04       6.028676147372e+02 
       4.157064899014e-04       6.048635639033e+02 
       4.171409082819e-04       6.068656680651e+02 
       4.185800237848e-04       6.088739558563e+02 
       4.200238592600e-04       6.108884559936e+02 
       4.214724376391e-04       6.129091972766e+02 
       4.229257819349e-04       6.149362085872e+02 
       4.243839152418e-04       6.169695188888e+02 
       4.258468607350e-04       6.190091572260e+02 
       4.273146416705e-04       6.210551527237e+02 
       4.287872813849e-04       6.231075345867e+02 
       4.302648032948e-04       6.251663320985e+02 
       4.317472308969e-04       6.272315746223e+02 
       4.332345877673e-04       6.293032915981e+02 
       4.347268975617e-04       6.313815125431e+02 
       4.362241840146e-04       6.334662670513e+02 
       4.377264709390e-04       6.355575847921e+02 
       4.392337822265e-04       6.376554955099e+02 
       4.407461418462e-04       6.397600290233e+02 
       4.422635738452e-04       6.418712152241e+02 
       4.437861023473e-04       6.439890840767e+02 
       4.453137515534e-04       6.461136656174e+02 
       4.468465457406e-04       6.482449899532e+02 
       4.483845092617e-04       6.503830872610e+02 
       4.499276665452e-04       6.525279877871e+02 
       4.514760420946e-04       6.546797218456e+02 
       4.530296604877e-04       6.568383198182e+02 
       4.545885463765e-04       6.590038121529e+02 
       4.561527244865e-04       6.611762293627e+02 
       4.577222196163e-04       6.633556020254e+02 
       4.592970566367e-04       6.655419607817e+02 
       4.608772604908e-04       6.677353363350e+02 
       4.624628561929e-04       6.699357594497e+02 
       4.640538688281e-04       6.721432609504e+02 
       4.656503235518e-04       6.743578717208e+02 
       4.672522455890e-04       6.765796227028e+02 
       4.688596602336e-04       6.788085448933e+02 
       4.704725928480e-04       6.810446693484e+02 
       4.720910688622e-04       6.832880271759e+02 
       4.737151137734e-04       6.855386495373e+02 
       4.753447531451e-04       6.877965676464e+02 
       4.769800126062e-04       6.900618127677e+02 
       4.786209178509e-04       6.923344162149e+02 
       4.802674946375e-04       6.946144093501e+02 
       4.819197687877e-04       6.969018235821e+02 
       4.835777661859e-04       6.991966903652e+02 
       4.852415127785e-04       7.014990411978e+02 
       4.869110345729e-04       7.038089076209e+02 
       4.885863576370e-04       7.061263212168e+02 
       4.902675080979e-04       7.084513136077e+02 
       4.919545121415e-04       7.107839164539e+02 
       4.936473960113e-04       7.131241614528e+02 
       4.953461860078e-04       7.154720803368e+02 
       4.970509084873e-04       7.178277048723e+02 
       4.987615898613e-04       7.201910668578e+02 
       5.004782565951e-04       7.225621981223e+02 
       5.022009352075e-04       7.249411305240e+02 
       5.039296522691e-04       7.273278959481e+02 
       5.056644344018e-04       7.297225263056e+02 
       5.074053082777e-04       7.321250535315e+02 
       5.091523006179e-04       7.345355095828e+02 
       5.109054381914e-04       7.369539264369e+02 
       5.126647478145e-04       7.393803360898e+02 
       5.144302563490e-04       7.418147705553e+02 
       5.162019907019e-04       7.442572618611e+02 
       5.179799778235e-04       7.467078420483e+02 
       5.197642447067e-04       7.491665431697e+02 
       5.215548183857e-04       7.516333972870e+02 
       5.233517259349e-04       7.541084364696e+02 
       5.251549944676e-04       7.565916927923e+02 
       5.269646511346e-04       7.590831983334e+02 
       5.287807231235e-04       7.615829851727e+02 
       5.306032376568e-04       7.640910853894e+02 
       5.324322219911e-04       7.666075310598e+02 
       5.342677034154e-04       7.691323542559e+02 
       5.361097092500e-04       7.716655870425e+02 
       5.379582668453e-04       7.742072614754e+02 
       5.398134035801e-04       7.767574095994e+02 
       5.416751468602e-04       7.793160634456e+02 
       5.435435241175e-04       7.818832550297e+02 
       5.454185628079e-04       7.844590163493e+02 
       5.473002904104e-04       7.870433793820e+02 
       5.491887344253e-04       7.896363760828e+02 
       5.510839223727e-04       7.922380383819e+02 
       5.529858817914e-04       7.948483981823e+02 
       5.548946402368e-04       7.974674873574e+02 
       5.568102252798e-04       8.000953377485e+02 
       5.587326645048e-04       8.027319811627e+02 
       5.606619855088e-04       8.053774493698e+02 
       5.625982158989e-04       8.080317741005e+02 
       5.645413832913e-04       8.106949870435e+02 
       5.664915153095e-04       8.133671198428e+02 
       5.684486395825e-04       8.160482040956e+02 
       5.704127837433e-04       8.187382713493e+02 
       5.723839754269e-04       8.214373530989e+02 
       5.743622422690e-04       8.241454807847e+02 
       5.763476119038e-04       8.268626857892e+02 
       5.783401119625e-04       8.295889994345e+02 
       5.803397700712e-04       8.323244529799e+02 
       5.823466138498e-04       8.350690776187e+02 
       5.843606709091e-04       8.378229044756e+02 
       5.863819688499e-04       8.405859646040e+02 
       5.884105352606e-04       8.433582889831e+02 
       5.904463977154e-04       8.461399085149e+02 
       5.924895837726e-04       8.489308540217e+02 
       5.945401209724e-04       8.517311562428e+02 
       5.965980368350e-04       8.545408458316e+02 
       5.986633588588e-04       8.573599533533e+02 
       6.007361145181e-04       8.601885092808e+02 
       6.028163312615e-04       8.630265439929e+02 
       6.049040365094e-04       8.658740877704e+02 
       6.069992576525e-04       8.687311707936e+02 
       6.091020220492e-04       8.715978231390e+02 
       6.112123570238e-04       8.744740747761e+02 
       6.133302898644e-04       8.773599555649e+02 
       6.154558478207e-04       8.802554952519e+02 
       6.175890581019e-04       8.831607234678e+02 
       6.197299478745e-04       8.860756697238e+02 
       6.218785442603e-04       8.890003634087e+02 
       6.240348743339e-04       8.919348337855e+02 
       6.261989651208e-04       8.948791099884e+02 
       6.283708435949e-04       8.978332210195e+02 
       6.305505366766e-04       9.007971957454e+02 
       6.327380712303e-04       9.037710628943e+02 
       6.349334740621e-04       9.067548510521e+02 
       6.371367719177e-04       9.097485886599e+02 
       6.393479914798e-04       9.127523040100e+02 
       6.415671593663e-04       9.157660252429e+02 
       6.437943021275e-04       9.187897803441e+02 
       6.460294462437e-04       9.218235971403e+02 
       6.482726181235e-04       9.248675032965e+02 
       6.505238441005e-04       9.279215263122e+02 
       6.527831504318e-04       9.309856935182e+02 
       6.550505632948e-04       9.340600320735e+02 
       6.573261087856e-04       9.371445689613e+02 
       6.596098129158e-04       9.402393309860e+02 
       6.619017016106e-04       9.433443447694e+02 
       6.642018007062e-04       9.464596367478e+02 
       6.665101359471e-04       9.495852331680e+02 
       6.688267329843e-04       9.527211600840e+02 
       6.711516173718e-04       9.558674433539e+02 
       6.734848145651e-04       9.590241086358e+02 
       6.758263499182e-04       9.621911813846e+02 
       6.781762486811e-04       9.653686868488e+02 
       6.805345359973e-04       9.685566500664e+02 
       6.829012369016e-04       9.717550958620e+02 
       6.852763763170e-04       9.749640488429e+02 
       6.876599790528e-04       9.781835333965e+02 
       6.900520698015e-04       9.814135736806e+02 
       6.924526731364e-04       9.846541936371e+02 
       6.948618135094e-04       9.879054169666e+02 
       6.972795152480e-04       9.911672671380e+02 
       6.997058025528e-04       9.944397673820e+02 
       7.021406994953e-04       9.977229406877e+02 
       7.045842300148e-04       1.001016809799e+03 
       7.070364179161e-04       1.004321397211e+03 
       7.094972868671e-04       1.007636725166e+03 
       7.119668603958e-04       1.010962815653e+03 
       7.144451618880e-04       1.014299690398e+03 
       7.169322145846e-04       1.017647370868e+03 
       7.194280415791e-04       1.021005878262e+03 
       7.219326658152e-04       1.024375233509e+03 
       7.244461100835e-04       1.027755457267e+03 
       7.269683970199e-04       1.031146569917e+03 
       7.294995491023e-04       1.034548591557e+03 
       7.320395886483e-04       1.037961542007e+03 
       7.345885378126e-04       1.041385440796e+03 
       7.371464185844e-04       1.044820307166e+03 
       7.397132527848e-04       1.048266160062e+03 
       7.422890620645e-04       1.051723018137e+03 
       7.448738679009e-04       1.055190899739e+03 
       7.474676915956e-04       1.058669822916e+03 
       7.500705542721e-04       1.062159805407e+03 
       7.526824768730e-04       1.065660864643e+03 
       7.553034801579e-04       1.069173017739e+03 
       7.579335847001e-04       1.072696281499e+03 
       7.605728108849e-04       1.076230672400e+03 
       7.632211789068e-04       1.079776206602e+03 
       7.658787087669e-04       1.083332899934e+03 
       7.685454202704e-04       1.086900767900e+03 
       7.712213330244e-04       1.090479825670e+03 
       7.739064664355e-04       1.094070088076e+03 
       7.766008397067e-04       1.097671569616e+03 
       7.793044718360e-04       1.101284284442e+03 
       7.820173816130e-04       1.104908246363e+03 
       7.847395876172e-04       1.108543468846e+03 
       7.874711082154e-04       1.112189964999e+03 
       7.902119615593e-04       1.115847747581e+03 
       7.929621655832e-04       1.119516828993e+03 
       7.957217380015e-04       1.123197221278e+03 
       7.984906963068e-04       1.126888936117e+03 
       8.012690577674e-04       1.130591984826e+03 
       8.040568394249e-04       1.134306378353e+03 
       8.068540580921e-04       1.138032127277e+03 
       8.096607303508e-04       1.141769241803e+03 
       8.124768725497e-04       1.145517731761e+03 
       8.153025008018e-04       1.149277606603e+03 
       8.181376309828e-04       1.153048875400e+03 
       8.209822787286e-04       1.156831546841e+03 
       8.238364594334e-04       1.160625629230e+03 
       8.267001882474e-04       1.164431130480e+03 
       8.295734800752e-04       1.168248058116e+03 
       8.324563495731e-04       1.172076419271e+03 
       8.353488111476e-04       1.175916220681e+03 
       8.382508789535e-04       1.179767468686e+03 
       8.411625668914e-04       1.183630169226e+03 
       8.440838886066e-04       1.187504327842e+03 
       8.470148574863e-04       1.191389949668e+03 
       8.499554866585e-04       1.195287039435e+03 
       8.529057889900e-04       1.199195601464e+03 
       8.558657770844e-04       1.203115639670e+03 
       8.588354632802e-04       1.207047157553e+03 
       8.618148596499e-04       1.210990158203e+03 
       8.648039779973e-04       1.214944644293e+03 
       8.678028298564e-04       1.218910618079e+03 
       8.708114264899e-04       1.222888081401e+03 
       8.738297788871e-04       1.226877035676e+03 
       8.768578977629e-04       1.230877481903e+03 
       8.798957935557e-04       1.234889420655e+03 
       8.829434764267e-04       1.238912852082e+03 
       8.860009562576e-04       1.242947775909e+03 
       8.890682426498e-04       1.246994191431e+03 
       8.921453449230e-04       1.251052097517e+03 
       8.952322721134e-04       1.255121492607e+03 
       8.983290329729e-04       1.259202374708e+03 
       9.014356359677e-04       1.263294741398e+03 
       9.045520892771e-04       1.267398589819e+03 
       9.076784007921e-04       1.271513916681e+03 
       9.108145781149e-04       1.275640718260e+03 
       9.139606285569e-04       1.279778990395e+03 
       9.171165591384e-04       1.283928728489e+03 
       9.202823765875e-04       1.288089927510e+03 
       9.234580873386e-04       1.292262581985e+03 
       9.266436975322e-04       1.296446686005e+03 
       9.298392130135e-04       1.300642233222e+03 
       9.330446393319e-04       1.304849216849e+03 
       9.362599817400e-04       1.309067629659e+03 
       9.394852451927e-04       1.313297463985e+03 
       9.427204343471e-04       1.317538711719e+03 
       9.459655535612e-04       1.321791364315e+03 
       9.492206068936e-04       1.326055412785e+03 
       9.524855981029e-04       1.330330847700e+03 
       9.557605306471e-04       1.334617659191e+03 
       9.590454076833e-04       1.338915836949e+03 
       9.623402320668e-04       1.343225370224e+03 
       9.656450063515e-04       1.347546247825e+03 
       9.689597327887e-04       1.351878458124e+03 
       9.722844133274e-04       1.356221989051e+03 
       9.756190496138e-04       1.360576828097e+03 
       9.789636429911e-04       1.364942962314e+03 
       9.823181944995e-04       1.369320378318e+03 
       9.856827048757e-04       1.373709062285e+03 
       9.890571745533e-04       1.378108999955e+03 
       9.924416036626e-04       1.382520176631e+03 
       9.958359920304e-04       1.386942577183e+03 
       9.992403391803e-04       1.391376186043e+03 
       1.002654644333e-03       1.395820987211e+03 
       1.006078906406e-03       1.400276964256e+03 
       1.009513124013e-03       1.404744100312e+03 
       1.012957295468e-03       1.409222378085e+03 
       1.016411418780e-03       1.413711779850e+03 
       1.019875491657e-03       1.418212287455e+03 
       1.023349511506e-03       1.422723882321e+03 
       1.026833475432e-03       1.427246545442e+03 
       1.030327380241e-03       1.431780257391e+03 
       1.033831222437e-03       1.436324998315e+03 
       1.037344998226e-03       1.440880747942e+03 
       1.040868703513e-03       1.445447485580e+03 
       1.044402333908e-03       1.450025190121e+03 
       1.047945884722e-03       1.454613840036e+03 
       1.051499350967e-03       1.459213413390e+03 
       1.055062727362e-03       1.463823887815e+03 
       1.058636008330e-03       1.468445240570e+03 
       1.062219188000e-03       1.473077448475e+03 
       1.065812260205e-03       1.477720487951e+03 
       1.069415218490e-03       1.482374335016e+03 
       1.073028056105e-03       1.487038965286e+03 
       1.076650766011e-03       1.491714353975e+03 
       1.080283340880e-03       1.496400475900e+03 
       1.083925773095e-03       1.501097305485e+03 
       1.087578054753e-03       1.505804816756e+03 
       1.091240177664e-03       1.510522983351e+03 
       1.094912133354e-03       1.515251778521e+03 
       1.098593913067e-03       1.519991175127e+03 
       1.102285507762e-03       1.524741145651e+03 
       1.105986908121e-03       1.529501662191e+03 
       1.109698104544e-03       1.534272696469e+03 
       1.113419087156e-03       1.539054219830e+03 
       1.117149845802e-03       1.543846203249e+03 
       1.120890370056e-03       1.548648617328e+03 
       1.124640649216e-03       1.553461432305e+03 
       1.128400672310e-03       1.558284618051e+03 
       1.132170428097e-03       1.563118144078e+03 
       1.135949905064e-03       1.567961979540e+03 
       1.139739091435e-03       1.572816093234e+03 
       1.143537975167e-03       1.577680453607e+03 
       1.147346543956e-03       1.582555028755e+03 
       1.151164785233e-03       1.587439786431e+03 
       1.154992686172e-03       1.592334694043e+03 
       1.158830233690e-03       1.597239718653e+03 
       1.162677414446e-03       1.602154827008e+03 
       1.166534214846e-03       1.607079985501e+03 
       1.170400621045e-03       1.612015160203e+03 
       1.174276618945e-03       1.616960316860e+03 
       1.178162194205e-03       1.621915420894e+03 
       1.182057332232e-03       1.626880437406e+03 
       1.185962018194e-03       1.631855331184e+03 
       1.189876237014e-03       1.636840066703e+03 
       1.193799973377e-03       1.641834608128e+03 
       1.197733211730e-03       1.646838919320e+03 
       1.201675936283e-03       1.651852963838e+03 
       1.205628131016e-03       1.656876704942e+03 
       1.209589779673e-03       1.661910105599e+03 
       1.213560865775e-03       1.666953128484e+03 
       1.217541372611e-03       1.672005735986e+03 
       1.221531283248e-03       1.677067890211e+03 
       1.225530580532e-03       1.682139552984e+03 
       1.229539247087e-03       1.687220685846e+03 
       1.233557265321e-03       1.692311250091e+03 
       1.237584617425e-03       1.697411206722e+03 
       1.241621285381e-03       1.702520516483e+03 
       1.245667250956e-03       1.707639139858e+03 
       1.249722495711e-03       1.712767037076e+03 
       1.253787001003e-03       1.717904168112e+03 
       1.257860747984e-03       1.723050492690e+03 
       1.261943717605e-03       1.728205970292e+03 
       1.266035890619e-03       1.733370560156e+03 
       1.270137247584e-03       1.738544221288e+03 
       1.274247768865e-03       1.743726912447e+03 
       1.278367434633e-03       1.748918592184e+03 
       1.282496224875e-03       1.754119218808e+03 
       1.286634119388e-03       1.759328750412e+03 
       1.290781097790e-03       1.764547144870e+03 
       1.294937139514e-03       1.769774359845e+03 
       1.299102223817e-03       1.775010352787e+03 
       1.303276329781e-03       1.780255080944e+03 
       1.307459436312e-03       1.785508501359e+03 
       1.311651522148e-03       1.790770570879e+03 
       1.315852565858e-03       1.796041246159e+03 
       1.320062545845e-03       1.801320483661e+03 
       1.324281440351e-03       1.806608239664e+03 
       1.328509227454e-03       1.811904470265e+03 
       1.332745885078e-03       1.817209131382e+03 
       1.336991390991e-03       1.822522178761e+03 
       1.341245722806e-03       1.827843567977e+03 
       1.345508857988e-03       1.833173254441e+03 
       1.349780773856e-03       1.838511193400e+03 
       1.354061447581e-03       1.843857339947e+03 
       1.358350856194e-03       1.849211649017e+03 
       1.362648976585e-03       1.854574075398e+03 
       1.366955785509e-03       1.859944573731e+03 
       1.371271259583e-03       1.865323098517e+03 
       1.375595375296e-03       1.870709604116e+03 
       1.379928109005e-03       1.876104044757e+03 
       1.384269436942e-03       1.881506374538e+03 
       1.388619335213e-03       1.886916547430e+03 
       1.392977779804e-03       1.892334517283e+03 
       1.397344746581e-03       1.897760237827e+03 
       1.401720211295e-03       1.903193662681e+03 
       1.406104149581e-03       1.908634745349e+03 
       1.410496536964e-03       1.914083439231e+03 
       1.414897348860e-03       1.919539697623e+03 
       1.419306560577e-03       1.925003473723e+03 
       1.423724147323e-03       1.930474720634e+03 
       1.428150084200e-03       1.935953391364e+03 
       1.432584346216e-03       1.941439438837e+03 
       1.437026908278e-03       1.946932815892e+03 
       1.441477745202e-03       1.952433475287e+03 
       1.445936831713e-03       1.957941369704e+03 
       1.450404142447e-03       1.963456451752e+03 
       1.454879651951e-03       1.968978673970e+03 
       1.459363334690e-03       1.974507988833e+03 
       1.463855165049e-03       1.980044348754e+03 
       1.468355117332e-03       1.985587706084e+03 
       1.472863165765e-03       1.991138013125e+03 
       1.477379284503e-03       1.996695222123e+03 
       1.481903447626e-03       2.002259285279e+03 
       1.486435629146e-03       2.007830154748e+03 
       1.490975803008e-03       2.013407782647e+03 
       1.495523943091e-03       2.018992121053e+03 
       1.500080023213e-03       2.024583122010e+03 
       1.504644017130e-03       2.030180737533e+03 
       1.509215898540e-03       2.035784919608e+03 
       1.513795641087e-03       2.041395620199e+03 
       1.518383218361e-03       2.047012791248e+03 
       1.522978603900e-03       2.052636384682e+03 
       1.527581771194e-03       2.058266352412e+03 
       1.532192693685e-03       2.063902646341e+03 
       1.536811344772e-03       2.069545218364e+03 
       1.541437697810e-03       2.075194020377e+03 
       1.546071726115e-03       2.080849004223e+03 
       1.550713402965e-03       2.086510121869e+03 
       1.555362701601e-03       2.092177325175e+03 
       1.560019595231e-03       2.097850566048e+03 
       1.564684057032e-03       2.103529796407e+03 
       1.569356060149e-03       2.109214968182e+03 
       1.574035577702e-03       2.114906033322e+03 
       1.578722582783e-03       2.120602943798e+03 
       1.583417048463e-03       2.126305651601e+03 
       1.588118947789e-03       2.132014108750e+03 
       1.592828253790e-03       2.137728267294e+03 
       1.597544939477e-03       2.143448079313e+03 
       1.602268977844e-03       2.149173496921e+03 
       1.607000341874e-03       2.154904472271e+03 
       1.611739004536e-03       2.160640957554e+03 
       1.616484938789e-03       2.166382905007e+03 
       1.621238117585e-03       2.172130266910e+03 
       1.625998513869e-03       2.177882995591e+03 
       1.630766100582e-03       2.183641043432e+03 
       1.635540850662e-03       2.189404362865e+03 
       1.640322737045e-03       2.195172906380e+03 
       1.645111732670e-03       2.200946626524e+03 
       1.649907810477e-03       2.206725475906e+03 
       1.654710943412e-03       2.212509407197e+03 
       1.659521104425e-03       2.218298373136e+03 
       1.664338266476e-03       2.224092326528e+03 
       1.669162402531e-03       2.229891220250e+03 
       1.673993485571e-03       2.235695007250e+03 
       1.678831488587e-03       2.241503640552e+03 
       1.683676384585e-03       2.247317073259e+03 
       1.688528146587e-03       2.253135258550e+03 
       1.693386747633e-03       2.258958149689e+03 
       1.698252160779e-03       2.264785700022e+03 
       1.703124359105e-03       2.270617862980e+03 
       1.708003315711e-03       2.276454592085e+03 
       1.712889003720e-03       2.282295840946e+03 
       1.717781396283e-03       2.288141563248e+03 
       1.722680466572e-03       2.293991712823e+03 
       1.727586187792e-03       2.299846243544e+03 
       1.732498533173e-03       2.305705109402e+03 
       1.737417475979e-03       2.311568264487e+03 
       1.742342989502e-03       2.317435662991e+03 
       1.747275047070e-03       2.323307259209e+03 
       1.752213622045e-03       2.329183007540e+03 
       1.757158687823e-03       2.335062862492e+03 
       1.762110217840e-03       2.340946778680e+03 
       1.767068185568e-03       2.346834710829e+03 
       1.772032564519e-03       2.352726613779e+03 
       1.777003328245e-03       2.358622442481e+03 
       1.781980450343e-03       2.364522152000e+03 
       1.786963904449e-03       2.370425697521e+03 
       1.791953664246e-03       2.376333034345e+03 
       1.796949703461e-03       2.382244117893e+03 
       1.801951995868e-03       2.388158903709e+03 
       1.806960515289e-03       2.394077347456e+03 
       1.811975235594e-03       2.399999404926e+03 
       1.816996130703e-03       2.405925032032e+03 
       1.822023174587e-03       2.411854184816e+03 
       1.827056341268e-03       2.417786819458e+03 
       1.832095604823e-03       2.423722892193e+03 
       1.837140939379e-03       2.429662359541e+03 
       1.842192319120e-03       2.435605178027e+03 
       1.847249718287e-03       2.441551304342e+03 
       1.852313111175e-03       2.447500695317e+03 
       1.857382472139e-03       2.453453307913e+03 
       1.862457775590e-03       2.459409099233e+03 
       1.867538995999e-03       2.465368026512e+03 
       1.872626107898e-03       2.471330047127e+03 
       1.877719085881e-03       2.477295118598e+03 
       1.882817904600e-03       2.483263198557e+03 
       1.887922538773e-03       2.489234244835e+03 
       1.893032963181e-03       2.495208215358e+03 
       1.898149152667e-03       2.501185068210e+03 
       1.903271082143e-03       2.507164761618e+03 
       1.908398726581e-03       2.513147253954e+03 
       1.913532061025e-03       2.519132503737e+03 
       1.918671060583e-03       2.525120469634e+03 
       1.923815700431e-03       2.531111110455e+03 
       1.928965955814e-03       2.537104385163e+03 
       1.934121802046e-03       2.543100252868e+03 
       1.939283214510e-03       2.549098672828e+03 
       1.944450168662e-03       2.555099604456e+03 
       1.949622640025e-03       2.561103007311e+03 
       1.954800604197e-03       2.567108841108e+03 
       1.959984036846e-03       2.573117065710e+03 
       1.965172913715e-03       2.579127641136e+03 
       1.970367210617e-03       2.585140527558e+03 
       1.975566903441e-03       2.591155685301e+03 
       1.980771968150e-03       2.597173074846e+03 
       1.985982380783e-03       2.603192656828e+03 
       1.991198117451e-03       2.609214392036e+03 
       1.996419154344e-03       2.615238241418e+03 
       2.001645467727e-03       2.621264166076e+03 
       2.006877033942e-03       2.627292127271e+03 
       2.012113829408e-03       2.633322086419e+03 
       2.017355830620e-03       2.639354005095e+03 
       2.022603014154e-03       2.645387845030e+03 
       2.027855356663e-03       2.651423568117e+03 
       2.033112834878e-03       2.657461136403e+03 
       2.038375425609e-03       2.663500512098e+03 
       2.043643105747e-03       2.669541657568e+03 
       2.048915852263e-03       2.675584535341e+03 
       2.054193642205e-03       2.681629108102e+03 
       2.059476452704e-03       2.687675338697e+03 
       2.064764260973e-03       2.693723190133e+03 
       2.070057044302e-03       2.699772625577e+03 
       2.075354780067e-03       2.705823608354e+03 
       2.080657445723e-03       2.711876101954e+03 
       2.085965018806e-03       2.717930070025e+03 
       2.091277476937e-03       2.723985476374e+03 
       2.096594797816e-03       2.730042284974e+03 
       2.101916959229e-03       2.736100459953e+03 
       2.107243939043e-03       2.742159965606e+03 
       2.112575715208e-03       2.748220766385e+03 
       2.117912265757e-03       2.754282826906e+03 
       2.123253568807e-03       2.760346111943e+03 
       2.128599602560e-03       2.766410586435e+03 
       2.133950345298e-03       2.772476215480e+03 
       2.139305775390e-03       2.778542964338e+03 
       2.144665871288e-03       2.784610798431e+03 
       2.150030611529e-03       2.790679683340e+03 
       2.155399974732e-03       2.796749584810e+03 
       2.160773939604e-03       2.802820468744e+03 
       2.166152484934e-03       2.808892301235e+03 
       2.171535589595e-03       2.814965048358e+03 
       2.176923232547e-03       2.821038676728e+03 
       2.182315392834e-03       2.827113152785e+03 
       2.187712049584e-03       2.833188443244e+03 
       2.193113182010e-03       2.839264514974e+03 
       2.198518769411e-03       2.845341335006e+03 
       2.203928791171e-03       2.851418870529e+03 
       2.209343226757e-03       2.857497088895e+03 
       2.214762055725e-03       2.863575957612e+03 
       2.220185257712e-03       2.869655444350e+03 
       2.225612812442e-03       2.875735516940e+03 
       2.231044699726e-03       2.881816143368e+03 
       2.236480899455e-03       2.887897291784e+03 
       2.241921391612e-03       2.893978930494e+03 
       2.247366156258e-03       2.900061027962e+03 
       2.252815173545e-03       2.906143552813e+03 
       2.258268423707e-03       2.912226473828e+03 
       2.263725887064e-03       2.918309759947e+03 
       2.269187544019e-03       2.924393380267e+03 
       2.274653375064e-03       2.930477304044e+03 
       2.280123360772e-03       2.936561500688e+03 
       2.285597481803e-03       2.942645939769e+03 
       2.291075718900e-03       2.948730591012e+03 
       2.296558052894e-03       2.954815424297e+03 
       2.302044464696e-03       2.960900409663e+03 
       2.307534935306e-03       2.966985517302e+03 
       2.313029445804e-03       2.973070717564e+03 
       2.318527977359e-03       2.979155980950e+03 
       2.324030511221e-03       2.985241278118e+03 
       2.329537028725e-03       2.991326579880e+03 
       2.335047511290e-03       2.997411857203e+03 
       2.340561940419e-03       3.003497081206e+03 
       2.346080297699e-03       3.009582223162e+03 
       2.351602564799e-03       3.015667254495e+03 
       2.357128723475e-03       3.021752146785e+03 
       2.362658755563e-03       3.027836871762e+03 
       2.368192642983e-03       3.033921401306e+03 
       2.373730367739e-03       3.040005707454e+03 
       2.379271911918e-03       3.046089762386e+03 
       2.384817257688e-03       3.052173538440e+03 
       2.390366387302e-03       3.058257008098e+03 
       2.395919283093e-03       3.064340101788e+03 
       2.401475927478e-03       3.070422824726e+03 
       2.407036302956e-03       3.076505159520e+03 
       2.412600392108e-03       3.082587079355e+03 
       2.418168177595e-03       3.088668557375e+03 
       2.423739642161e-03       3.094749567017e+03 
       2.429314768631e-03       3.100830081709e+03 
       2.434893539912e-03       3.106910075233e+03 
       2.440475938992e-03       3.112989521370e+03 
       2.446061948937e-03       3.119068394036e+03 
       2.451651552897e-03       3.125146667408e+03 
       2.457244734101e-03       3.131224315725e+03 
       2.462841475858e-03       3.137301313290e+03 
       2.468441761557e-03       3.143377634755e+03 
       2.474045574667e-03       3.149453254797e+03 
       2.479652898736e-03       3.155528148239e+03 
       2.485263717392e-03       3.161602289919e+03 
       2.490878014342e-03       3.167675655146e+03 
       2.496495773371e-03       3.173748219105e+03 
       2.502116978343e-03       3.179819957120e+03 
       2.507741613202e-03       3.185890844842e+03 
       2.513369661967e-03       3.191960857836e+03 
       2.519001108738e-03       3.198029972003e+03 
       2.524635937690e-03       3.204098163292e+03 
       2.530274133078e-03       3.210165407793e+03 
       2.535915679232e-03       3.216231681645e+03 
       2.541560560561e-03       3.222296961358e+03 
       2.547208761548e-03       3.228361223393e+03 
       2.552860266755e-03       3.234424444344e+03 
       2.558515060819e-03       3.240486601071e+03 
       2.564173128453e-03       3.246547670472e+03 
       2.569834454447e-03       3.252607629502e+03 
       2.575499023664e-03       3.258666455477e+03 
       2.581166821043e-03       3.264724125696e+03 
       2.586837831600e-03       3.270780617522e+03 
       2.592512040424e-03       3.276835908669e+03 
       2.598189432677e-03       3.282889976770e+03 
       2.603869993597e-03       3.288942799752e+03 
       2.609553708495e-03       3.294994355486e+03 
       2.615240562758e-03       3.301044622185e+03 
       2.620930541842e-03       3.307093578102e+03 
       2.626623631280e-03       3.313141201597e+03 
       2.632319816675e-03       3.319187471193e+03 
       2.638019083704e-03       3.325232365315e+03 
       2.643721418117e-03       3.331275863035e+03 
       2.649426805733e-03       3.337317943126e+03 
       2.655135232446e-03       3.343358584613e+03 
       2.660846684219e-03       3.349397766566e+03 
       2.666561147087e-03       3.355435468370e+03 
       2.672278607157e-03       3.361471669383e+03 
       2.677999050605e-03       3.367506349140e+03 
       2.683722463678e-03       3.373539487355e+03 
       2.689448832692e-03       3.379571063433e+03 
       2.695178144034e-03       3.385601057714e+03 
       2.700910384161e-03       3.391629450081e+03 
       2.706645539597e-03       3.397656220667e+03 
       2.712383596936e-03       3.403681349751e+03 
       2.718124542841e-03       3.409704817526e+03 
       2.723868364044e-03       3.415726604783e+03 
       2.729615047342e-03       3.421746692044e+03 
       2.735364579603e-03       3.427765059973e+03 
       2.741116947761e-03       3.433781689560e+03 
       2.746872138818e-03       3.439796561753e+03 
       2.752630139841e-03       3.445809657536e+03 
       2.758390937966e-03       3.451820958275e+03 
       2.764154520394e-03       3.457830445288e+03 
       2.769920874392e-03       3.463838100015e+03 
       2.775689987292e-03       3.469843904042e+03 
       2.781461846495e-03       3.475847838844e+03 
       2.787236439463e-03       3.481849886533e+03 
       2.793013753724e-03       3.487850028907e+03 
       2.798793776872e-03       3.493848247910e+03 
       2.804576496564e-03       3.499844525811e+03 
       2.810361900522e-03       3.505838844825e+03 
       2.816149976530e-03       3.511831187199e+03 
       2.821940712438e-03       3.517821535560e+03 
       2.827734096157e-03       3.523809872473e+03 
       2.833530115662e-03       3.529796180627e+03 
       2.839328758990e-03       3.535780442844e+03 
       2.845130014240e-03       3.541762641834e+03 
       2.850933869574e-03       3.547742760938e+03 
       2.856740313216e-03       3.553720783173e+03 
       2.862549333450e-03       3.559696691694e+03 
       2.868360918621e-03       3.565670469988e+03 
       2.874175057138e-03       3.571642101469e+03 
       2.879991737466e-03       3.577611569573e+03 
       2.885810948133e-03       3.583578858130e+03 
       2.891632677728e-03       3.589543950888e+03 
       2.897456914898e-03       3.595506831713e+03 
       2.903283648349e-03       3.601467484601e+03 
       2.909112866847e-03       3.607425893419e+03 
       2.914944559217e-03       3.613382042685e+03 
       2.920778714343e-03       3.619335916565e+03 
       2.926615321167e-03       3.625287499362e+03 
       2.932454368687e-03       3.631236775710e+03 
       2.938295845963e-03       3.637183730158e+03 
       2.944139742108e-03       3.643128347273e+03 
       2.949986046295e-03       3.649070612013e+03 
       2.955834747754e-03       3.655010509245e+03 
       2.961685835770e-03       3.660948023950e+03 
       2.967539299684e-03       3.666883141230e+03 
       2.973395128896e-03       3.672815846058e+03 
       2.979253312860e-03       3.678746124048e+03 
       2.985113841084e-03       3.684673960455e+03 
       2.990976703134e-03       3.690599340670e+03 
       2.996841888630e-03       3.696522250403e+03 
       3.002709387246e-03       3.702442675279e+03 
       3.008579188711e-03       3.708360600937e+03 
       3.014451282808e-03       3.714276013426e+03 
       3.020325659374e-03       3.720188898566e+03 
       3.026202308300e-03       3.726099242494e+03 
       3.032081219530e-03       3.732007031321e+03 
       3.037962383060e-03       3.737912251081e+03 
       3.043845788941e-03       3.743814888391e+03 
       3.049731427274e-03       3.749714929546e+03 
       3.055619288215e-03       3.755612361031e+03 
       3.061509361971e-03       3.761507169383e+03 
       3.067401638798e-03       3.767399341414e+03 
       3.073296109009e-03       3.773288863852e+03 
       3.079192762962e-03       3.779175723367e+03 
       3.085091591071e-03       3.785059907146e+03 
       3.090992583798e-03       3.790941402184e+03 
       3.096895731657e-03       3.796820195581e+03 
       3.102801025210e-03       3.802696274606e+03 
       3.108708455070e-03       3.808569626139e+03 
       3.114618011902e-03       3.814440238125e+03 
       3.120529686416e-03       3.820308097816e+03 
       3.126443469374e-03       3.826173192655e+03 
       3.132359351587e-03       3.832035510448e+03 
       3.138277323912e-03       3.837895038853e+03 
       3.144197377258e-03       3.843751765535e+03 
       3.150119502580e-03       3.849605678597e+03 
       3.156043690881e-03       3.855456765861e+03 
       3.161969933211e-03       3.861305015475e+03 
       3.167898220668e-03       3.867150415541e+03 
       3.173828544399e-03       3.872992954082e+03 
       3.179760895595e-03       3.878832619687e+03 
       3.185695265494e-03       3.884669400612e+03 
       3.191631645383e-03       3.890503285300e+03 
       3.197570026591e-03       3.896334262326e+03 
       3.203510400495e-03       3.902162320107e+03 
       3.209452758520e-03       3.907987447568e+03 
       3.215397092132e-03       3.913809633443e+03 
       3.221343392845e-03       3.919628866552e+03 
       3.227291652217e-03       3.925445135837e+03 
       3.233241861850e-03       3.931258430030e+03 
       3.239194013392e-03       3.937068738624e+03 
       3.245148098534e-03       3.942876050607e+03 
       3.251104109012e-03       3.948680355109e+03 
       3.257062036604e-03       3.954481641599e+03 
       3.263021873132e-03       3.960279899396e+03 
       3.268983610464e-03       3.966075118021e+03 
       3.274947240506e-03       3.971867286617e+03 
       3.280912755212e-03       3.977656395242e+03 
       3.286880146574e-03       3.983442433466e+03 
       3.292849406629e-03       3.989225391012e+03 
       3.298820527456e-03       3.995005257749e+03 
       3.304793501174e-03       4.000782023145e+03 
       3.310768319947e-03       4.006555677765e+03 
       3.316744975976e-03       4.012326211420e+03 
       3.322723461507e-03       4.018093614089e+03 
       3.328703768825e-03       4.023857876141e+03 
       3.334685890256e-03       4.029618987759e+03 
       3.340669818167e-03       4.035376939108e+03 
       3.346655544965e-03       4.041131720815e+03 
       3.352643063097e-03       4.046883323171e+03 
       3.358632365050e-03       4.052631736816e+03 
       3.364623443350e-03       4.058376952307e+03 
       3.370616290563e-03       4.064118960394e+03 
       3.376610899295e-03       4.069857751229e+03 
       3.382607262189e-03       4.075593316386e+03 
       3.388605371929e-03       4.081325646429e+03 
       3.394605221236e-03       4.087054732158e+03 
       3.400606802869e-03       4.092780564778e+03 
       3.406610109627e-03       4.098503135273e+03 
       3.412615134346e-03       4.104222434860e+03 
       3.418621869898e-03       4.109938454237e+03 
       3.424630309196e-03       4.115651185241e+03 
       3.430640445187e-03       4.121360619050e+03 
       3.436652270857e-03       4.127066747013e+03 
       3.442665779229e-03       4.132769560602e+03 
       3.448680963361e-03       4.138469050986e+03 
       3.454697816349e-03       4.144165210266e+03 
       3.460716331325e-03       4.149858029869e+03 
       3.466736501456e-03       4.155547501406e+03 
       3.472758319947e-03       4.161233616752e+03 
       3.478781780037e-03       4.166916367731e+03 
       3.484806875001e-03       4.172595746221e+03 
       3.490833598149e-03       4.178271743933e+03 
       3.496861942827e-03       4.183944353185e+03 
       3.502891902414e-03       4.189613565980e+03 
       3.508923470326e-03       4.195279374424e+03 
       3.514956640012e-03       4.200941770713e+03 
       3.520991404956e-03       4.206600746809e+03 
       3.527027758676e-03       4.212256295460e+03 
       3.533065694724e-03       4.217908408858e+03 
       3.539105206685e-03       4.223557079431e+03 
       3.545146288179e-03       4.229202299496e+03 
       3.551188932857e-03       4.234844061852e+03 
       3.557233134406e-03       4.240482359002e+03 
       3.563278886545e-03       4.246117183582e+03 
       3.569326183025e-03       4.251748528089e+03 
       3.575375017630e-03       4.257376385604e+03 
       3.581425384177e-03       4.263000748907e+03 
       3.587477276514e-03       4.268621610832e+03 
       3.593530688524e-03       4.274238964332e+03 
       3.599585614118e-03       4.279852802044e+03 
       3.605642047242e-03       4.285463117569e+03 
       3.611699981872e-03       4.291069903779e+03 
       3.617759412015e-03       4.296673153843e+03 
       3.623820331711e-03       4.302272860773e+03 
       3.629882735028e-03       4.307869018144e+03 
       3.635946616068e-03       4.313461619153e+03 
       3.642011968963e-03       4.319050656956e+03 
       3.648078787874e-03       4.324636125322e+03 
       3.654147066993e-03       4.330218017498e+03 
       3.660216800544e-03       4.335796327152e+03 
       3.666287982777e-03       4.341371047816e+03 
       3.672360607977e-03       4.346942173144e+03 
       3.678434670454e-03       4.352509696414e+03 
       3.684510164551e-03       4.358073611989e+03 
       3.690587084638e-03       4.363633913401e+03 
       3.696665425115e-03       4.369190594499e+03 
       3.702745180412e-03       4.374743648946e+03 
       3.708826344985e-03       4.380293071030e+03 
       3.714908913322e-03       4.385838854607e+03 
       3.720992879938e-03       4.391380993471e+03 
       3.727078239376e-03       4.396919482095e+03 
       3.733164986209e-03       4.402454314357e+03 
       3.739253115034e-03       4.407985484599e+03 
       3.745342620482e-03       4.413512986999e+03 
       3.751433497206e-03       4.419036815857e+03 
       3.757525739890e-03       4.424556965054e+03 
       3.763619343244e-03       4.430073429666e+03 
       3.769714302005e-03       4.435586203831e+03 
       3.775810610940e-03       4.441095282071e+03 
       3.781908264838e-03       4.446600658539e+03 
       3.788007258520e-03       4.452102328307e+03 
       3.794107586830e-03       4.457600285798e+03 
       3.800209244640e-03       4.463094525404e+03 
       3.806312226848e-03       4.468585042249e+03 
       3.812416528378e-03       4.474071830750e+03 
       3.818522144182e-03       4.479554885948e+03 
       3.824629069235e-03       4.485034202580e+03 
       3.830737298539e-03       4.490509775532e+03 
       3.836846827123e-03       4.495981599742e+03 
       3.842957650040e-03       4.501449670202e+03 
       3.849069762367e-03       4.506913981371e+03 
       3.855183159210e-03       4.512374529187e+03 
       3.861297835698e-03       4.517831308384e+03 
       3.867413786983e-03       4.523284314112e+03 
       3.873531008245e-03       4.528733541563e+03 
       3.879649494687e-03       4.534178985977e+03 
       3.885769241536e-03       4.539620642352e+03 
       3.891890244046e-03       4.545058506445e+03 
       3.898012497493e-03       4.550492573433e+03 
       3.904135997177e-03       4.555922838720e+03 
       3.910260738422e-03       4.561349297756e+03 
       3.916386716577e-03       4.566771946048e+03 
       3.922513927015e-03       4.572190778630e+03 
       3.928642365130e-03       4.577605791846e+03 
       3.934772026343e-03       4.583016980889e+03 
       3.940902906094e-03       4.588424341549e+03 
       3.947034999850e-03       4.593827869454e+03 
       3.953168303100e-03       4.599227560342e+03 
       3.959302811355e-03       4.604623409996e+03 
       3.965438520149e-03       4.610015413717e+03 
       3.971575425040e-03       4.615403568162e+03 
       3.977713521607e-03       4.620787868874e+03 
       3.983852805451e-03       4.626168311784e+03 
       3.989993272198e-03       4.631544892625e+03 
       3.996134917493e-03       4.636917607771e+03 
       4.002277737005e-03       4.642286453108e+03 
       4.008421726424e-03       4.647651424723e+03 
       4.014566881463e-03       4.653012518393e+03 
       4.020713197855e-03       4.658369730824e+03 
       4.026860671356e-03       4.663723057845e+03 
       4.033009297743e-03       4.669072495885e+03 
       4.039159072813e-03       4.674418041132e+03 
       4.045309992386e-03       4.679759689901e+03 
       4.051462052302e-03       4.685097438071e+03 
       4.057615248423e-03       4.690431282745e+03 
       4.063769576631e-03       4.695761220026e+03 
       4.069925032829e-03       4.701087246363e+03 
       4.076081612940e-03       4.706409358340e+03 
       4.082239312908e-03       4.711727551892e+03 
       4.088398128698e-03       4.717041824336e+03 
       4.094558056295e-03       4.722352171968e+03 
       4.100719091703e-03       4.727658591483e+03 
       4.106881230947e-03       4.732961078939e+03 
       4.113044470072e-03       4.738259631782e+03 
       4.119208805142e-03       4.743554246554e+03 
       4.125374232243e-03       4.748844919945e+03 
       4.131540747478e-03       4.754131648756e+03 
       4.137708346970e-03       4.759414429831e+03 
       4.143877026862e-03       4.764693259490e+03 
       4.150046783316e-03       4.769968135494e+03 
       4.156217612514e-03       4.775239054404e+03 
       4.162389510657e-03       4.780506013183e+03 
       4.168562473962e-03       4.785769008589e+03 
       4.174736498669e-03       4.791028038027e+03 
       4.180911581034e-03       4.796283098398e+03 
       4.187087717333e-03       4.801534186799e+03 
       4.193264903861e-03       4.806781300020e+03 
       4.199443136929e-03       4.812024435757e+03 
       4.205622412868e-03       4.817263590845e+03 
       4.211802728029e-03       4.822498762694e+03 
       4.217984078777e-03       4.827729948470e+03 
       4.224166461499e-03       4.832957145465e+03 
       4.230349872597e-03       4.838180351008e+03 
       4.236534308493e-03       4.843399561814e+03 
       4.242719765625e-03       4.848614776260e+03 
       4.248906240451e-03       4.853825991319e+03 
       4.255093729443e-03       4.859033204433e+03 
       4.261282229094e-03       4.864236412799e+03 
       4.267471735913e-03       4.869435614335e+03 
       4.273662246425e-03       4.874630806382e+03 
       4.279853757174e-03       4.879821986506e+03 
       4.286046264721e-03       4.885009151926e+03 
       4.292239765641e-03       4.890192300842e+03 
       4.298434256531e-03       4.895371430510e+03 
       4.304629734000e-03       4.900546538805e+03 
       4.310826194677e-03       4.905717623342e+03 
       4.317023635205e-03       4.910884681857e+03 
       4.323222052246e-03       4.916047712119e+03 
       4.329421442477e-03       4.921206711257e+03 
       4.335621802592e-03       4.926361678135e+03 
       4.341823129299e-03       4.931512610144e+03 
       4.348025419326e-03       4.936659505155e+03 
       4.354228669415e-03       4.941802360792e+03 
       4.360432876323e-03       4.946941175406e+03 
       4.366638036824e-03       4.952075946766e+03 
       4.372844147709e-03       4.957206672857e+03 
       4.379051205782e-03       4.962333351850e+03 
       4.385259207865e-03       4.967455980787e+03 
       4.391468150795e-03       4.972574558892e+03 
       4.397678031423e-03       4.977689083988e+03 
       4.403888846618e-03       4.982799554043e+03 
       4.410100593261e-03       4.987905967211e+03 
       4.416313268252e-03       4.993008321668e+03 
       4.422526868503e-03       4.998106615025e+03 
       4.428741390942e-03       5.003200846438e+03 
       4.434956832513e-03       5.008291013735e+03 
       4.441173190174e-03       5.013377115181e+03 
       4.447390460898e-03       5.018459149073e+03 
       4.453608641672e-03       5.023537113391e+03 
       4.459827729499e-03       5.028611007022e+03 
       4.466047721395e-03       5.033680828095e+03 
       4.472268614392e-03       5.038746575007e+03 
       4.478490405536e-03       5.043808245749e+03 
       4.484713091887e-03       5.048865839458e+03 
       4.490936670518e-03       5.053919354148e+03 
       4.497161138520e-03       5.058968788535e+03 
       4.503386492993e-03       5.064014141033e+03 
       4.509612731056e-03       5.069055410181e+03 
       4.515839849838e-03       5.074092594558e+03 
       4.522067846484e-03       5.079125692076e+03 
       4.528296718152e-03       5.084154702418e+03 
       4.534526462015e-03       5.089179623745e+03 
       4.540757075258e-03       5.094200454713e+03 
       4.546988555080e-03       5.099217194005e+03 
       4.553220898694e-03       5.104229839943e+03 
       4.559454103326e-03       5.109238391847e+03 
       4.565688166216e-03       5.114242848203e+03 
       4.571923084617e-03       5.119243207787e+03 
       4.578158855795e-03       5.124239468942e+03 
       4.584395477028e-03       5.129231631203e+03 
       4.590632945610e-03       5.134219692935e+03 
       4.596871258846e-03       5.139203653232e+03 
       4.603110414053e-03       5.144183510867e+03 
       4.609350408563e-03       5.149159264740e+03 
       4.615591239721e-03       5.154130913778e+03 
       4.621832904882e-03       5.159098456268e+03 
       4.628075401415e-03       5.164061892240e+03 
       4.634318726704e-03       5.169021220211e+03 
       4.640562878142e-03       5.173976439181e+03 
       4.646807853136e-03       5.178927548176e+03 
       4.653053649106e-03       5.183874545890e+03 
       4.659300263483e-03       5.188817431960e+03 
       4.665547693711e-03       5.193756205226e+03 
       4.671795937247e-03       5.198690864793e+03 
       4.678044991558e-03       5.203621409464e+03 
       4.684294854125e-03       5.208547838924e+03 
       4.690545522440e-03       5.213470152114e+03 
       4.696796994007e-03       5.218388348239e+03 
       4.703049266344e-03       5.223302425683e+03 
       4.709302336976e-03       5.228212384995e+03 
       4.715556203446e-03       5.233118224847e+03 
       4.721810863303e-03       5.238019944509e+03 
       4.728066314111e-03       5.242917542885e+03 
       4.734322553445e-03       5.247811019956e+03 
       4.740579578890e-03       5.252700374654e+03 
       4.746837388045e-03       5.257585606379e+03 
       4.753095978518e-03       5.262466714507e+03 
       4.759355347930e-03       5.267343697816e+03 
       4.765615493912e-03       5.272216556674e+03 
       4.771876414107e-03       5.277085289867e+03 
       4.778138106169e-03       5.281949897155e+03 
       4.784400567763e-03       5.286810377851e+03 
       4.790663796565e-03       5.291666731435e+03 
       4.796927790263e-03       5.296518957083e+03 
       4.803192546554e-03       5.301367054335e+03 
       4.809458063146e-03       5.306211023267e+03 
       4.815724337761e-03       5.311050863079e+03 
       4.821991368128e-03       5.315886573333e+03 
       4.828259151987e-03       5.320718153232e+03 
       4.834527687092e-03       5.325545602962e+03 
       4.840796971204e-03       5.330368921873e+03 
       4.847067002097e-03       5.335188109598e+03 
       4.853337777552e-03       5.340003165913e+03 
       4.859609295365e-03       5.344814089444e+03 
       4.865881553339e-03       5.349620881380e+03 
       4.872154549289e-03       5.354423540425e+03 
       4.878428281039e-03       5.359222066820e+03 
       4.884702746424e-03       5.364016460080e+03 
       4.890977943290e-03       5.368806719953e+03 
       4.897253869490e-03       5.373592845481e+03 
       4.903530522891e-03       5.378374837614e+03 
       4.909807901368e-03       5.383152695626e+03 
       4.916086002806e-03       5.387926419320e+03 
       4.922364825099e-03       5.392696008518e+03 
       4.928644366153e-03       5.397461462655e+03 
       4.934924623882e-03       5.402222782238e+03 
       4.941205596210e-03       5.406979966855e+03 
       4.947487281072e-03       5.411733016394e+03 
       4.953769676411e-03       5.416481930952e+03 
       4.960052780180e-03       5.421226709161e+03 
       4.966336590342e-03       5.425967352758e+03 
       4.972621104870e-03       5.430703860555e+03 
       4.978906321746e-03       5.435436233098e+03 
       4.985192238959e-03       5.440164470122e+03 
       4.991478854511e-03       5.444888571622e+03 
       4.997766166412e-03       5.449608536846e+03 
       5.004054172681e-03       5.454324367086e+03 
       5.010342871345e-03       5.459036061791e+03 
       5.016632260442e-03       5.463743621015e+03 
       5.022922338019e-03       5.468447044819e+03 
       5.029213102131e-03       5.473146332871e+03 
       5.035504550842e-03       5.477841485931e+03 
       5.041796682227e-03       5.482532503813e+03 
       5.048089494367e-03       5.487219386636e+03 
       5.054382985354e-03       5.491902134541e+03 
       5.060677153288e-03       5.496580746963e+03 
       5.066971996278e-03       5.501255225234e+03 
       5.073267512442e-03       5.505925568783e+03 
       5.079563699906e-03       5.510591778177e+03 
       5.085860556804e-03       5.515253853446e+03 
       5.092158081282e-03       5.519911794806e+03 
       5.098456271490e-03       5.524565602507e+03 
       5.104755125589e-03       5.529215275773e+03 
       5.111054641750e-03       5.533860816537e+03 
       5.117354818149e-03       5.538502224320e+03 
       5.123655652972e-03       5.543139499400e+03 
       5.129957144414e-03       5.547772642101e+03 
       5.136259290678e-03       5.552401652123e+03 
       5.142562089974e-03       5.557026530744e+03 
       5.148865540521e-03       5.561647277877e+03 
       5.155169640548e-03       5.566263893871e+03 
       5.161474388289e-03       5.570876378439e+03 
       5.167779781989e-03       5.575484733025e+03 
       5.174085819898e-03       5.580088957326e+03 
       5.180392500277e-03       5.584689052076e+03 
       5.186699821393e-03       5.589285017523e+03 
       5.193007781522e-03       5.593876854087e+03 
       5.199316378948e-03       5.598464562217e+03 
       5.205625611961e-03       5.603048141456e+03 
       5.211935478862e-03       5.607627593752e+03 
       5.218245977956e-03       5.612202918899e+03 
       5.224557107559e-03       5.616774117373e+03 
       5.230868865993e-03       5.621341189673e+03 
       5.237181251589e-03       5.625904135833e+03 
       5.243494262684e-03       5.630462957136e+03 
       5.249807897623e-03       5.635017653764e+03 
       5.256122154760e-03       5.639568226252e+03 
       5.262437032454e-03       5.644114675164e+03 
       5.268752529074e-03       5.648657000294e+03 
       5.275068642995e-03       5.653195203489e+03 
       5.281385372599e-03       5.657729284514e+03 
       5.287702716278e-03       5.662259244370e+03 
       5.294020672428e-03       5.666785083478e+03 
       5.300339239453e-03       5.671306802463e+03 
       5.306658415767e-03       5.675824401968e+03 
       5.312978199788e-03       5.680337881601e+03 
       5.319298589943e-03       5.684847243716e+03 
       5.325619584665e-03       5.689352488211e+03 
       5.331941182394e-03       5.693853615757e+03 
       5.338263381580e-03       5.698350627040e+03 
       5.344586180675e-03       5.702843522234e+03 
       5.350909578144e-03       5.707332302896e+03 
       5.357233572453e-03       5.711816969354e+03 
       5.363558162079e-03       5.716297522336e+03 
       5.369883345504e-03       5.720773962591e+03 
       5.376209121219e-03       5.725246290039e+03 
       5.382535487719e-03       5.729714506808e+03 
       5.388862443508e-03       5.734178612784e+03 
       5.395189987095e-03       5.738638609178e+03 
       5.401518116997e-03       5.743094496580e+03 
       5.407846831739e-03       5.747546275791e+03 
       5.414176129849e-03       5.751993947632e+03 
       5.420506009864e-03       5.756437511856e+03 
       5.426836470329e-03       5.760876971052e+03 
       5.433167509792e-03       5.765312325267e+03 
       5.439499126811e-03       5.769743575343e+03 
       5.445831319948e-03       5.774170722138e+03 
       5.452164087773e-03       5.778593765996e+03 
       5.458497428861e-03       5.783012708649e+03 
       5.464831341796e-03       5.787427550593e+03 
       5.471165825166e-03       5.791838292723e+03 
       5.477500877566e-03       5.796244935951e+03 
       5.483836497597e-03       5.800647480391e+03 
       5.490172683868e-03       5.805045928299e+03 
       5.496509434992e-03       5.809440279757e+03 
       5.502846749589e-03       5.813830536114e+03 
       5.509184626286e-03       5.818216698133e+03 
       5.515523063716e-03       5.822598766770e+03 
       5.521862060518e-03       5.826976743004e+03 
       5.528201615335e-03       5.831350627720e+03 
       5.534541726820e-03       5.835720420858e+03 
       5.540882393630e-03       5.840086125370e+03 
       5.547223614427e-03       5.844447741350e+03 
       5.553565387881e-03       5.848805269810e+03 
       5.559907712666e-03       5.853158711775e+03 
       5.566250587464e-03       5.857508067621e+03 
       5.572594010962e-03       5.861853339467e+03 
       5.578937981852e-03       5.866194527874e+03 
       5.585282498834e-03       5.870531633901e+03 
       5.591627560611e-03       5.874864658599e+03 
       5.597973165895e-03       5.879193602148e+03 
       5.604319313400e-03       5.883518467176e+03 
       5.610666001850e-03       5.887839253615e+03 
       5.617013229971e-03       5.892155963314e+03 
       5.623360996497e-03       5.896468597029e+03 
       5.629709300167e-03       5.900777155870e+03 
       5.636058139726e-03       5.905081640952e+03 
       5.642407513923e-03       5.909382053405e+03 
       5.648757421515e-03       5.913678394372e+03 
       5.655107861262e-03       5.917970665011e+03 
       5.661458831932e-03       5.922258864825e+03 
       5.667810332298e-03       5.926542997773e+03 
       5.674162361136e-03       5.930823063764e+03 
       5.680514917231e-03       5.935099063965e+03 
       5.686867999372e-03       5.939370999546e+03 
       5.693221606351e-03       5.943638871692e+03 
       5.699575736970e-03       5.947902681598e+03 
       5.705930390032e-03       5.952162430475e+03 
       5.712285564349e-03       5.956418119912e+03 
       5.718641258736e-03       5.960669748940e+03 
       5.724997472013e-03       5.964917321720e+03 
       5.731354203007e-03       5.969160838291e+03 
       5.737711450549e-03       5.973400299890e+03 
       5.744069213475e-03       5.977635707771e+03 
       5.750427490628e-03       5.981867063196e+03 
       5.756786280855e-03       5.986094367443e+03 
       5.763145583006e-03       5.990317620449e+03 
       5.769505395941e-03       5.994536825754e+03 
       5.775865718519e-03       5.998751983621e+03 
       5.782226549610e-03       6.002963095367e+03 
       5.788587888086e-03       6.007170161874e+03 
       5.794949732823e-03       6.011373185095e+03 
       5.801312082704e-03       6.015572166054e+03 
       5.807674936617e-03       6.019767106069e+03 
       5.814038293453e-03       6.023958006477e+03 
       5.820402152111e-03       6.028144867204e+03 
       5.826766511491e-03       6.032327692280e+03 
       5.833131370502e-03       6.036506481476e+03 
       5.839496728054e-03       6.040681236349e+03 
       5.845862583065e-03       6.044851958254e+03 
       5.852228934456e-03       6.049018648561e+03 
       5.858595781153e-03       6.053181307982e+03 
       5.864963122088e-03       6.057339939023e+03 
       5.871330956196e-03       6.061494542556e+03 
       5.877699282418e-03       6.065645119966e+03 
       5.884068099699e-03       6.069791672655e+03 
       5.890437406989e-03       6.073934202352e+03 
       5.896807203242e-03       6.078072708382e+03 
       5.903177487418e-03       6.082207195066e+03 
       5.909548258481e-03       6.086337662278e+03 
       5.915919515398e-03       6.090464112031e+03 
       5.922291257144e-03       6.094586545487e+03 
       5.928663482695e-03       6.098704964089e+03 
       5.935036191034e-03       6.102819369295e+03 
       5.941409381148e-03       6.106929762577e+03 
       5.947783052027e-03       6.111036143881e+03 
       5.954157202667e-03       6.115138517239e+03 
       5.960531832068e-03       6.119236882956e+03 
       5.966906939235e-03       6.123331242507e+03 
       5.973282523176e-03       6.127421597376e+03 
       5.979658582905e-03       6.131507949059e+03 
       5.986035117440e-03       6.135590298244e+03 
       5.992412125802e-03       6.139668647785e+03 
       5.998789607018e-03       6.143742998568e+03 
       6.005167560118e-03       6.147813352105e+03 
       6.011545984138e-03       6.151879709923e+03 
       6.017924878117e-03       6.155942072551e+03 
       6.024304241098e-03       6.160000443219e+03 
       6.030684072129e-03       6.164054822686e+03 
       6.037064370261e-03       6.168105212095e+03 
       6.043445134552e-03       6.172151613635e+03 
       6.049826364062e-03       6.176194028563e+03 
       6.056208057854e-03       6.180232458438e+03 
       6.062590214998e-03       6.184266904822e+03 
       6.068972834566e-03       6.188297369246e+03 
       6.075355915636e-03       6.192323851764e+03 
       6.081739457288e-03       6.196346356633e+03 
       6.088123458607e-03       6.200364884203e+03 
       6.094507918682e-03       6.204379436060e+03 
       6.100892836607e-03       6.208390013790e+03 
       6.107278211479e-03       6.212396619202e+03 
       6.113664042398e-03       6.216399252368e+03 
       6.120050328471e-03       6.220397917035e+03 
       6.126437068805e-03       6.224392613918e+03 
       6.132824262515e-03       6.228383344638e+03 
       6.139211908716e-03       6.232370110824e+03 
       6.145600006531e-03       6.236352912972e+03 
       6.151988555083e-03       6.240331754632e+03 
       6.158377553502e-03       6.244306636319e+03 
       6.164767000920e-03       6.248277559965e+03 
       6.171156896473e-03       6.252244527220e+03 
       6.177547239301e-03       6.256207539639e+03 
       6.183938028549e-03       6.260166598872e+03 
       6.190329263365e-03       6.264121706579e+03 
       6.196720942899e-03       6.268072862861e+03 
       6.203113066307e-03       6.272020072252e+03 
       6.209505632749e-03       6.275963334880e+03 
       6.215898641386e-03       6.279902652553e+03 
       6.222292091387e-03       6.283838026945e+03 
       6.228685981920e-03       6.287769459733e+03 
       6.235080312160e-03       6.291696951716e+03 
       6.241475081284e-03       6.295620506275e+03 
       6.247870288474e-03       6.299540124104e+03 
       6.254265932914e-03       6.303455807040e+03 
       6.260662013793e-03       6.307367556785e+03 
       6.267058530302e-03       6.311275375052e+03 
       6.273455481638e-03       6.315179262339e+03 
       6.279852867000e-03       6.319079222444e+03 
       6.286250685590e-03       6.322975255725e+03 
       6.292648936615e-03       6.326867364682e+03 
       6.299047619285e-03       6.330755550588e+03 
       6.305446732813e-03       6.334639815223e+03 
       6.311846276415e-03       6.338520160319e+03 
       6.318246249312e-03       6.342396587622e+03 
       6.324646650728e-03       6.346269099116e+03 
       6.331047479890e-03       6.350137693943e+03 
       6.337448736029e-03       6.354002377846e+03 
       6.343850418378e-03       6.357863150846e+03 
       6.350252526176e-03       6.361720014691e+03 
       6.356655058663e-03       6.365572971137e+03 
       6.363058015083e-03       6.369422022174e+03 
       6.369461394684e-03       6.373267167920e+03 
       6.375865196717e-03       6.377108412497e+03 
       6.382269420436e-03       6.380945756688e+03 
       6.388674065099e-03       6.384779202270e+03 
       6.395079129967e-03       6.388608751026e+03 
       6.401484614303e-03       6.392434403547e+03 
       6.407890517376e-03       6.396256163690e+03 
       6.414296838456e-03       6.400074032298e+03 
       6.420703576817e-03       6.403888010709e+03 
       6.427110731736e-03       6.407698101489e+03 
       6.433518302494e-03       6.411504306082e+03 
       6.439926288375e-03       6.415306626287e+03 
       6.446334688664e-03       6.419105063917e+03 
       6.452743502653e-03       6.422899620795e+03 
       6.459152729634e-03       6.426690296910e+03 
       6.465562368904e-03       6.430477097232e+03 
       6.471972419762e-03       6.434260022137e+03 
       6.478382881512e-03       6.438039073437e+03 
       6.484793753457e-03       6.441814252955e+03 
       6.491205034908e-03       6.445585562519e+03 
       6.497616725177e-03       6.449353003056e+03 
       6.504028823578e-03       6.453116577952e+03 
       6.510441329429e-03       6.456876288327e+03 
       6.516854242052e-03       6.460632136013e+03 
       6.523267560771e-03       6.464384122856e+03 
       6.529681284912e-03       6.468132250710e+03 
       6.536095413807e-03       6.471876520052e+03 
       6.542509946788e-03       6.475616935104e+03 
       6.548924883191e-03       6.479353496717e+03 
       6.555340222356e-03       6.483086205972e+03 
       6.561755963624e-03       6.486815065862e+03 
       6.568172106342e-03       6.490540077758e+03 
       6.574588649856e-03       6.494261243521e+03 
       6.581005593518e-03       6.497978565019e+03 
       6.587422936681e-03       6.501692044134e+03 
       6.593840678703e-03       6.505401680751e+03 
       6.600258818942e-03       6.509107480185e+03 
       6.606677356763e-03       6.512809442733e+03 
       6.613096291529e-03       6.516507570271e+03 
       6.619515622609e-03       6.520201864671e+03 
       6.625935349374e-03       6.523892327814e+03 
       6.632355471199e-03       6.527578960636e+03 
       6.638775987459e-03       6.531261766656e+03 
       6.645196897535e-03       6.534940747008e+03 
       6.651618200808e-03       6.538615903582e+03 
       6.658039896665e-03       6.542287238271e+03 
       6.664461984492e-03       6.545954752978e+03 
       6.670884463681e-03       6.549618448214e+03 
       6.677307333624e-03       6.553278328284e+03 
       6.683730593719e-03       6.556934393983e+03 
       6.690154243364e-03       6.560586646702e+03 
       6.696578281960e-03       6.564235089226e+03 
       6.703002708913e-03       6.567879723057e+03 
       6.709427523628e-03       6.571520550097e+03 
       6.715852725516e-03       6.575157572256e+03 
       6.722278313989e-03       6.578790791453e+03 
       6.728704288462e-03       6.582420207729e+03 
       6.735130648353e-03       6.586045826275e+03 
       6.741557393082e-03       6.589667647522e+03 
       6.747984522072e-03       6.593285673372e+03 
       6.754412034749e-03       6.596899905741e+03 
       6.760839930541e-03       6.600510346542e+03 
       6.767268208879e-03       6.604116997701e+03 
       6.773696869196e-03       6.607719860046e+03 
       6.780125910929e-03       6.611318937420e+03 
       6.786555333515e-03       6.614914230881e+03 
       6.792985136396e-03       6.618505742358e+03 
       6.799415319015e-03       6.622093473784e+03 
       6.805845880820e-03       6.625677427095e+03 
       6.812276821258e-03       6.629257602687e+03 
       6.818708139780e-03       6.632834005194e+03 
       6.825139835842e-03       6.636406635319e+03 
       6.831571908898e-03       6.639975494476e+03 
       6.838004358408e-03       6.643540585543e+03 
       6.844437183832e-03       6.647101910023e+03 
       6.850870384636e-03       6.650659469851e+03 
       6.857303960284e-03       6.654213266974e+03 
       6.863737910245e-03       6.657763303352e+03 
       6.870172233991e-03       6.661309578805e+03 
       6.876606930995e-03       6.664852099283e+03 
       6.883042000733e-03       6.668390864612e+03 
       6.889477442684e-03       6.671925876910e+03 
       6.895913256327e-03       6.675457138117e+03 
       6.902349441147e-03       6.678984650835e+03 
       6.908785996628e-03       6.682508414312e+03 
       6.915222922259e-03       6.686028433830e+03 
       6.921660217529e-03       6.689544710239e+03 
       6.928097881932e-03       6.693057244393e+03 
       6.934535914963e-03       6.696566039784e+03 
       6.940974316119e-03       6.700071097729e+03 
       6.947413084899e-03       6.703572420196e+03 
       6.953852220805e-03       6.707070009169e+03 
       6.960291723342e-03       6.710563866644e+03 
       6.966731592016e-03       6.714053992295e+03 
       6.973171826337e-03       6.717540392110e+03 
       6.979612425815e-03       6.721023066214e+03 
       6.986053389963e-03       6.724502016570e+03 
       6.992494718299e-03       6.727977245148e+03 
       6.998936410338e-03       6.731448753933e+03 
       7.005378465602e-03       6.734916543828e+03 
       7.011820883614e-03       6.738380618676e+03 
       7.018263663897e-03       6.741840979625e+03 
       7.024706805979e-03       6.745297628636e+03 
       7.031150309389e-03       6.748750567691e+03 
       7.037594173658e-03       6.752199798780e+03 
       7.044038398320e-03       6.755645322286e+03 
       7.050482982911e-03       6.759087143007e+03 
       7.056927926968e-03       6.762525261643e+03 
       7.063373230031e-03       6.765959679585e+03 
       7.069818891643e-03       6.769390399846e+03 
       7.076264911349e-03       6.772817423946e+03 
       7.082711288694e-03       6.776240753871e+03 
       7.089158023228e-03       6.779660391615e+03 
       7.095605114502e-03       6.783076339184e+03 
       7.102052562067e-03       6.786488596294e+03 
       7.108500365481e-03       6.789897169023e+03 
       7.114948524298e-03       6.793302057383e+03 
       7.121397038080e-03       6.796703263432e+03 
       7.127845906387e-03       6.800100789163e+03 
       7.134295128784e-03       6.803494636573e+03 
       7.140744704834e-03       6.806884807661e+03 
       7.147194634107e-03       6.810271303111e+03 
       7.153644916171e-03       6.813654127210e+03 
       7.160095550599e-03       6.817033280910e+03 
       7.166546536964e-03       6.820408766220e+03 
       7.172997874842e-03       6.823780585152e+03 
       7.179449563812e-03       6.827148739727e+03 
       7.185901603452e-03       6.830513230069e+03 
       7.192353993346e-03       6.833874061464e+03 
       7.198806733076e-03       6.837231234559e+03 
       7.205259822229e-03       6.840584750237e+03 
       7.211713260392e-03       6.843934612127e+03 
       7.218167047157e-03       6.847280821555e+03 
       7.224621182114e-03       6.850623380536e+03 
       7.231075664857e-03       6.853962291086e+03 
       7.237530494982e-03       6.857297555230e+03 
       7.243985672088e-03       6.860629172445e+03 
       7.250441195773e-03       6.863957149182e+03 
       7.256897065640e-03       6.867281485409e+03 
       7.263353281292e-03       6.870602183141e+03 
       7.269809842334e-03       6.873919244392e+03 
       7.276266748375e-03       6.877232671181e+03 
       7.282723999023e-03       6.880542465926e+03 
       7.289181593891e-03       6.883848627956e+03 
       7.295639532590e-03       6.887151163075e+03 
       7.302097814737e-03       6.890450071707e+03 
       7.308556439948e-03       6.893745355873e+03 
       7.315015407842e-03       6.897037017605e+03 
       7.321474718040e-03       6.900325058192e+03 
       7.327934370165e-03       6.903609479782e+03 
       7.334394363841e-03       6.906890285868e+03 
       7.340854698694e-03       6.910167476904e+03 
       7.347315374353e-03       6.913441055963e+03 
       7.353776390447e-03       6.916711024572e+03 
       7.360237746609e-03       6.919977384752e+03 
       7.366699442472e-03       6.923240138529e+03 
       7.373161477672e-03       6.926499287940e+03 
       7.379623851846e-03       6.929754834953e+03 
       7.386086564633e-03       6.933006778989e+03 
       7.392549615675e-03       6.936255126827e+03 
       7.399013004613e-03       6.939499878269e+03 
       7.405476731093e-03       6.942741035329e+03 
       7.411940794761e-03       6.945978600032e+03 
       7.418405195265e-03       6.949212574409e+03 
       7.424869932255e-03       6.952442959172e+03 
       7.431335005382e-03       6.955669758669e+03 
       7.437800414300e-03       6.958892973855e+03 
       7.444266158664e-03       6.962112606749e+03 
       7.450732238131e-03       6.965328659375e+03 
       7.457198652360e-03       6.968541133770e+03 
       7.463665401010e-03       6.971750030092e+03 
       7.470132483745e-03       6.974955353680e+03 
       7.476599900227e-03       6.978157105038e+03 
       7.483067650123e-03       6.981355285524e+03 
       7.489535733100e-03       6.984549898346e+03 
       7.496004148826e-03       6.987740944982e+03 
       7.502472896973e-03       6.990928427454e+03 
       7.508941977212e-03       6.994112347791e+03 
       7.515411389218e-03       6.997292708036e+03 
       7.521881132666e-03       7.000469511322e+03 
       7.528351207234e-03       7.003642753351e+03 
       7.534821612601e-03       7.006812444857e+03 
       7.541292348448e-03       7.009978584283e+03 
       7.547763414456e-03       7.013141173650e+03 
       7.554234810311e-03       7.016300214964e+03 
       7.560706535697e-03       7.019455710295e+03 
       7.567178590302e-03       7.022607660241e+03 
       7.573650973815e-03       7.025756069341e+03 
       7.580123685927e-03       7.028900938460e+03 
       7.586596726329e-03       7.032042269627e+03 
       7.593070094716e-03       7.035180064882e+03 
       7.599543790783e-03       7.038314326273e+03 
       7.606017814227e-03       7.041445053849e+03 
       7.612492164746e-03       7.044572253170e+03 
       7.618966842042e-03       7.047695924634e+03 
       7.625441845815e-03       7.050816069552e+03 
       7.631917175769e-03       7.053932691208e+03 
       7.638392831610e-03       7.057045791056e+03 
       7.644868813044e-03       7.060155371132e+03 
       7.651345119778e-03       7.063261433476e+03 
       7.657821751523e-03       7.066363980138e+03 
       7.664298707990e-03       7.069463013936e+03 
       7.670775988891e-03       7.072558531372e+03 
       7.677253593942e-03       7.075650542483e+03 
       7.683731522857e-03       7.078739045907e+03 
       7.690209775355e-03       7.081824043678e+03 
       7.696688351155e-03       7.084905537833e+03 
       7.703167249976e-03       7.087983530413e+03 
       7.709646471542e-03       7.091058021984e+03 
       7.716126015575e-03       7.094129017170e+03 
       7.722605881800e-03       7.097196516794e+03 
       7.729086069945e-03       7.100260522888e+03 
       7.735566579737e-03       7.103321037492e+03 
       7.742047410906e-03       7.106378062656e+03 
       7.748528563183e-03       7.109431598159e+03 
       7.755010036300e-03       7.112481650352e+03 
       7.761491829992e-03       7.115528218874e+03 
       7.767973943993e-03       7.118571305276e+03 
       7.774456378042e-03       7.121610912854e+03 
       7.780939131876e-03       7.124647043052e+03 
       7.787422205236e-03       7.127679697903e+03 
       7.793905597862e-03       7.130708879448e+03 
       7.800389309498e-03       7.133734589734e+03 
       7.806873339888e-03       7.136756830815e+03 
       7.813357688778e-03       7.139775601538e+03 
       7.819842355914e-03       7.142790909583e+03 
       7.826327341046e-03       7.145802754369e+03 
       7.832812643924e-03       7.148811137926e+03 
       7.839298264298e-03       7.151816062287e+03 
       7.845784201922e-03       7.154817529489e+03 
       7.852270456550e-03       7.157815541567e+03 
       7.858757027938e-03       7.160810098810e+03 
       7.865243915843e-03       7.163801206339e+03 
       7.871731120024e-03       7.166788864753e+03 
       7.878218640240e-03       7.169773076087e+03 
       7.884706476252e-03       7.172753842381e+03 
       7.891194627824e-03       7.175731165686e+03 
       7.897683094720e-03       7.178705045663e+03 
       7.904171876705e-03       7.181675488560e+03 
       7.910660973545e-03       7.184642494438e+03 
       7.917150385010e-03       7.187606064544e+03 
       7.923640110868e-03       7.190566202328e+03 
       7.930130150891e-03       7.193522909154e+03 
       7.936620504851e-03       7.196476187054e+03 
       7.943111172522e-03       7.199426038063e+03 
       7.949602153678e-03       7.202372464227e+03 
       7.956093448097e-03       7.205315468801e+03 
       7.962585055555e-03       7.208255046578e+03 
       7.969076975832e-03       7.211191209637e+03 
       7.975569208708e-03       7.214123955831e+03 
       7.982061753965e-03       7.217053287184e+03 
       7.988554611386e-03       7.219979205721e+03 
       7.995047780755e-03       7.222901713473e+03 
       8.001541261859e-03       7.225820810708e+03 
       8.008035054483e-03       7.228736502794e+03 
       8.014529158416e-03       7.231648789932e+03 
       8.021023573449e-03       7.234557674312e+03 
       8.027518299371e-03       7.237463157963e+03 
       8.034013335976e-03       7.240365242920e+03 
       8.040508683056e-03       7.243263931139e+03 
       8.047004340406e-03       7.246159222297e+03 
       8.053500307823e-03       7.249051122799e+03 
       8.059996585103e-03       7.251939632903e+03 
       8.066493172046e-03       7.254824752852e+03 
       8.072990068451e-03       7.257706487150e+03 
       8.079487274119e-03       7.260584836782e+03 
       8.085984788854e-03       7.263459803772e+03 
       8.092482612458e-03       7.266331390146e+03 
       8.098980744736e-03       7.269199597940e+03 
       8.105479185496e-03       7.272064430581e+03 
       8.111977934543e-03       7.274925882092e+03 
       8.118476991688e-03       7.277783965508e+03 
       8.124976356740e-03       7.280638678290e+03 
       8.131476029509e-03       7.283490022452e+03 
       8.137976009810e-03       7.286338000013e+03 
       8.144476297454e-03       7.289182612992e+03 
       8.150976892258e-03       7.292023863873e+03 
       8.157477794037e-03       7.294861751260e+03 
       8.163979002608e-03       7.297696282168e+03 
       8.170480517791e-03       7.300527456483e+03 
       8.176982339405e-03       7.303355276221e+03 
       8.183484467270e-03       7.306179743405e+03 
       8.189986901209e-03       7.309000860067e+03 
       8.196489641046e-03       7.311818625572e+03 
       8.202992686605e-03       7.314633046667e+03 
       8.209496037712e-03       7.317444123167e+03 
       8.215999694194e-03       7.320251856551e+03 
       8.222503655878e-03       7.323056249781e+03 
       8.229007922595e-03       7.325857304434e+03 
       8.235512494175e-03       7.328655022533e+03 
       8.242017370449e-03       7.331449403894e+03 
       8.248522551251e-03       7.334240454449e+03 
       8.255028036414e-03       7.337028174382e+03 
       8.261533825774e-03       7.339812565703e+03 
       8.268039919168e-03       7.342593629314e+03 
       8.274546316431e-03       7.345371369212e+03 
       8.281053017404e-03       7.348145786458e+03 
       8.287560021927e-03       7.350916883085e+03 
       8.294067329840e-03       7.353684659539e+03 
       8.300574940985e-03       7.356449120641e+03 
       8.307082855205e-03       7.359210265731e+03 
       8.313591072346e-03       7.361968099204e+03 
       8.320099592253e-03       7.364722621940e+03 
       8.326608414772e-03       7.367473835931e+03 
       8.333117539752e-03       7.370221743171e+03 
       8.339626967040e-03       7.372966345655e+03 
       8.346136696488e-03       7.375707645389e+03 
       8.352646727947e-03       7.378445644357e+03 
       8.359157061269e-03       7.381180344581e+03 
       8.365667696307e-03       7.383911748067e+03 
       8.372178632917e-03       7.386639856844e+03 
       8.378689870953e-03       7.389364667374e+03 
       8.385201410272e-03       7.392086191637e+03 
       8.391713250733e-03       7.394804426984e+03 
       8.398225392194e-03       7.397519375385e+03 
       8.404737834516e-03       7.400231038826e+03 
       8.411250577560e-03       7.402939419289e+03 
       8.417763621187e-03       7.405644518755e+03 
       8.424276965262e-03       7.408346339205e+03 
       8.430790609648e-03       7.411044882620e+03 
       8.437304554212e-03       7.413740150991e+03 
       8.443818798819e-03       7.416432146318e+03 
       8.450333343339e-03       7.419120869302e+03 
       8.456848187638e-03       7.421806322448e+03 
       8.463363331588e-03       7.424488509926e+03 
       8.469878775059e-03       7.427167432186e+03 
       8.476394517923e-03       7.429843091197e+03 
       8.482910560052e-03       7.432515488930e+03 
       8.489426901322e-03       7.435184627361e+03 
       8.495943541608e-03       7.437850508472e+03 
       8.502460480784e-03       7.440513134253e+03 
       8.508977718730e-03       7.443172506700e+03 
       8.515495255322e-03       7.445828627819e+03 
       8.522013090441e-03       7.448481495114e+03 
       8.528531223966e-03       7.451131118649e+03 
       8.535049655780e-03       7.453777496612e+03 
       8.541568385763e-03       7.456420630969e+03 
       8.548087413801e-03       7.459060523797e+03 
       8.554606739778e-03       7.461697175702e+03 
       8.561126363578e-03       7.464330590861e+03 
       8.567646285089e-03       7.466960770263e+03 
       8.574166504199e-03       7.469587715873e+03 
       8.580687020795e-03       7.472211429657e+03 
       8.587207834767e-03       7.474831913582e+03 
       8.593728946007e-03       7.477449169628e+03 
       8.600250354405e-03       7.480063198120e+03 
       8.606772059854e-03       7.482674001376e+03 
       8.613294062249e-03       7.485281584744e+03 
       8.619816361483e-03       7.487885947956e+03 
       8.626338957452e-03       7.490487092972e+03 
       8.632861850053e-03       7.493085021746e+03 
       8.639385039184e-03       7.495679736232e+03 
       8.645908524744e-03       7.498271238388e+03 
       8.652432306631e-03       7.500859528049e+03 
       8.658956384746e-03       7.503444611018e+03 
       8.665480758992e-03       7.506026487440e+03 
       8.672005429270e-03       7.508605159277e+03 
       8.678530395485e-03       7.511180628488e+03 
       8.685055657541e-03       7.513752897029e+03 
       8.691581215343e-03       7.516321966861e+03 
       8.698107068797e-03       7.518887836696e+03 
       8.704633217813e-03       7.521450514750e+03 
       8.711159662297e-03       7.524009999508e+03 
       8.717686402159e-03       7.526566293563e+03 
       8.724213437309e-03       7.529119396753e+03 
       8.730740767660e-03       7.531669314062e+03 
       8.737268393122e-03       7.534216046147e+03 
       8.743796313610e-03       7.536759594947e+03 
       8.750324529038e-03       7.539299962402e+03 
       8.756853039320e-03       7.541837150457e+03 
       8.763381844373e-03       7.544371161061e+03 
       8.769910944114e-03       7.546901997511e+03 
       8.776440338460e-03       7.549429652917e+03 
       8.782970027332e-03       7.551954141977e+03 
       8.789500010648e-03       7.554475461209e+03 
       8.796030288329e-03       7.556993612543e+03 
       8.802560860297e-03       7.559508597911e+03 
       8.809091726476e-03       7.562020419236e+03 
       8.815622886787e-03       7.564529078454e+03 
       8.822154341156e-03       7.567034578162e+03 
       8.828686089509e-03       7.569536915759e+03 
       8.835218131771e-03       7.572036099763e+03 
       8.841750467871e-03       7.574532129295e+03 
       8.848283097735e-03       7.577025006286e+03 
       8.854816021294e-03       7.579514732664e+03 
       8.861349238477e-03       7.582001310363e+03 
       8.867882749215e-03       7.584484741318e+03 
       8.874416553441e-03       7.586965024087e+03 
       8.880950651086e-03       7.589442166701e+03 
       8.887485042085e-03       7.591916168216e+03 
       8.894019726372e-03       7.594387029521e+03 
       8.900554703883e-03       7.596854754386e+03 
       8.907089974554e-03       7.599319343891e+03 
       8.913625538321e-03       7.601780799935e+03 
       8.920161395125e-03       7.604239124427e+03 
       8.926697544902e-03       7.606694319283e+03 
       8.933233987594e-03       7.609146386420e+03 
       8.939770723142e-03       7.611595327768e+03 
       8.946307751486e-03       7.614041140757e+03 
       8.952845072570e-03       7.616483835474e+03 
       8.959382686336e-03       7.618923409994e+03 
       8.965920592731e-03       7.621359866223e+03 
       8.972458791697e-03       7.623793206064e+03 
       8.978997283183e-03       7.626223431418e+03 
       8.985536067134e-03       7.628650544188e+03 
       8.992075143499e-03       7.631074546277e+03 
       8.998614512226e-03       7.633495437194e+03 
       9.005154173265e-03       7.635913223196e+03 
       9.011694126567e-03       7.638327904133e+03 
       9.018234372082e-03       7.640739481911e+03 
       9.024774909763e-03       7.643147958435e+03 
       9.031315739564e-03       7.645553335609e+03 
       9.037856861436e-03       7.647955615339e+03 
       9.044398275337e-03       7.650354795940e+03 
       9.050939981221e-03       7.652750886277e+03 
       9.057481979044e-03       7.655143884370e+03 
       9.064024268765e-03       7.657533792523e+03 
       9.070566850341e-03       7.659920611269e+03 
       9.077109723731e-03       7.662304344858e+03 
       9.083652888895e-03       7.664684994096e+03 
       9.090196345794e-03       7.667062560870e+03 
       9.096740094389e-03       7.669437047066e+03 
       9.103284134643e-03       7.671808454572e+03 
       9.109828466518e-03       7.674176785279e+03 
       9.116373089980e-03       7.676542041236e+03 
       9.122918004993e-03       7.678904218767e+03 
       9.129463211522e-03       7.681263329538e+03 
       9.136008709534e-03       7.683619370903e+03 
       9.142554498997e-03       7.685972344743e+03 
       9.149100579878e-03       7.688322252934e+03 
       9.155646952147e-03       7.690669097348e+03 
       9.162193615774e-03       7.693012879859e+03 
       9.168740570728e-03       7.695353602330e+03 
       9.175287816983e-03       7.697691263989e+03 
       9.181835354509e-03       7.700025871562e+03 
       9.188383183281e-03       7.702357424639e+03 
       9.194931303272e-03       7.704685925095e+03 
       9.201479714456e-03       7.707011374807e+03 
       9.208028416810e-03       7.709333775649e+03 
       9.214577410309e-03       7.711653129502e+03 
       9.221126694932e-03       7.713969434668e+03 
       9.227676270655e-03       7.716282699527e+03 
       9.234226137457e-03       7.718592922874e+03 
       9.240776295319e-03       7.720900105730e+03 
       9.247326744221e-03       7.723204251134e+03 
       9.253877484143e-03       7.725505360880e+03 
       9.260428515068e-03       7.727803436520e+03 
       9.266979836978e-03       7.730098479912e+03 
       9.273531449858e-03       7.732390492916e+03 
       9.280083353691e-03       7.734679477392e+03 
       9.286635548462e-03       7.736965435210e+03 
       9.293188034158e-03       7.739248370103e+03 
       9.299740810765e-03       7.741528272812e+03 
       9.306293878270e-03       7.743805160882e+03 
       9.312847236663e-03       7.746079029563e+03 
       9.319400885932e-03       7.748349880702e+03 
       9.325954826066e-03       7.750617716147e+03 
       9.332509057057e-03       7.752882537742e+03 
       9.339063578896e-03       7.755144347337e+03 
       9.345618391575e-03       7.757403146749e+03 
       9.352173495087e-03       7.759658935090e+03 
       9.358728889426e-03       7.761911719280e+03 
       9.365284574586e-03       7.764161498759e+03 
       9.371840550562e-03       7.766408275373e+03 
       9.378396817351e-03       7.768652050965e+03 
       9.384953374949e-03       7.770892827394e+03 
       9.391510223355e-03       7.773130606484e+03 
       9.398067362565e-03       7.775365386392e+03 
       9.404624792580e-03       7.777597175787e+03 
       9.411182513399e-03       7.779825973234e+03 
       9.417740525023e-03       7.782051780900e+03 
       9.424298827452e-03       7.784274598312e+03 
       9.430857420691e-03       7.786494430746e+03 
       9.437416304740e-03       7.788711278541e+03 
       9.443975479604e-03       7.790925143530e+03 
       9.450534945287e-03       7.793136027540e+03 
       9.457094701795e-03       7.795343932405e+03 
       9.463654749132e-03       7.797548859965e+03 
       9.470215087307e-03       7.799750812065e+03 
       9.476775716325e-03       7.801949785029e+03 
       9.483336636196e-03       7.804145790785e+03 
       9.489897846928e-03       7.806338826398e+03 
       9.496459348531e-03       7.808528893672e+03 
       9.503021141015e-03       7.810715994442e+03 
       9.509583224391e-03       7.812900130520e+03 
       9.516145598671e-03       7.815081303726e+03 
       9.522708263867e-03       7.817259515882e+03 
       9.529271219994e-03       7.819434766030e+03 
       9.535834467064e-03       7.821607061112e+03 
       9.542398005093e-03       7.823776400479e+03 
       9.548961834096e-03       7.825942785965e+03 
       9.555525954089e-03       7.828106219385e+03 
       9.562090365089e-03       7.830266702557e+03 
       9.568655067115e-03       7.832424237302e+03 
       9.575220060184e-03       7.834578825438e+03 
       9.581785344315e-03       7.836730464724e+03 
       9.588350919528e-03       7.838879164425e+03 
       9.594916785844e-03       7.841024922826e+03 
       9.601482943285e-03       7.843167741642e+03 
       9.608049391871e-03       7.845307621454e+03 
       9.614616131626e-03       7.847444566530e+03 
       9.621183162574e-03       7.849578577476e+03 
       9.627750484738e-03       7.851709656092e+03 
       9.634318098143e-03       7.853837804179e+03 
       9.640886002816e-03       7.855963023541e+03 
       9.647454198781e-03       7.858085315986e+03 
       9.654022686067e-03       7.860204683335e+03 
       9.660591464700e-03       7.862321121582e+03 
       9.667160534710e-03       7.864434643211e+03 
       9.673729896125e-03       7.866545244968e+03 
       9.680299548975e-03       7.868652928644e+03 
       9.686869493291e-03       7.870757696027e+03 
       9.693439729104e-03       7.872859548907e+03 
       9.700010256446e-03       7.874958489070e+03 
       9.706581075350e-03       7.877054518308e+03 
       9.713152185848e-03       7.879147639503e+03 
       9.719723587976e-03       7.881237847920e+03 
       9.726295281767e-03       7.883325154594e+03 
       9.732867267257e-03       7.885409557402e+03 
       9.739439544483e-03       7.887491058130e+03 
       9.746012113480e-03       7.889569658571e+03 
       9.752584974287e-03       7.891645360513e+03 
       9.759158126942e-03       7.893718165744e+03 
       9.765731571483e-03       7.895788071526e+03 
       9.772305307951e-03       7.897855088527e+03 
       9.778879336385e-03       7.899919213570e+03 
       9.785453656826e-03       7.901980448905e+03 
       9.792028269317e-03       7.904038794813e+03 
       9.798603173898e-03       7.906094255810e+03 
       9.805178370614e-03       7.908146832375e+03 
       9.811753859509e-03       7.910196526283e+03 
       9.818329640625e-03       7.912243339299e+03 
       9.824905714009e-03       7.914287273200e+03 
       9.831482079707e-03       7.916328329760e+03 
       9.838058737763e-03       7.918366510765e+03 
       9.844635688227e-03       7.920401818492e+03 
       9.851212931145e-03       7.922434246596e+03 
       9.857790466565e-03       7.924463810551e+03 
       9.864368294538e-03       7.926490505866e+03 
       9.870946415113e-03       7.928514334299e+03 
       9.877524828339e-03       7.930535297609e+03 
       9.884103534269e-03       7.932553397556e+03 
       9.890682532954e-03       7.934568635901e+03 
       9.897261824446e-03       7.936581014411e+03 
       9.903841408799e-03       7.938590531591e+03 
       9.910421286067e-03       7.940597195185e+03 
       9.917001456303e-03       7.942601004121e+03 
       9.923581919563e-03       7.944601960155e+03 
       9.930162675903e-03       7.946600065042e+03 
       9.936743725380e-03       7.948595320543e+03 
       9.943325068049e-03       7.950587728432e+03 
       9.949906703970e-03       7.952577290376e+03 
       9.956488633200e-03       7.954564003675e+03 
       9.963070855799e-03       7.956547878491e+03 
       9.969653371826e-03       7.958528912565e+03 
       9.976236181342e-03       7.960507108580e+03 
       9.982819284408e-03       7.962482466539e+03 
       9.989402681085e-03       7.964454989054e+03 
       9.995986371436e-03       7.966424679481e+03 
       1.000257035552e-02       7.968391527972e+03 
       1.000915463341e-02       7.970355553599e+03 
       1.001573920516e-02       7.972316750584e+03 
       1.002232407085e-02       7.974275120659e+03 
       1.002890923053e-02       7.976230665555e+03 
       1.003549468427e-02       7.978183387007e+03 
       1.004208043213e-02       7.980133286759e+03 
       1.004866647420e-02       7.982080366564e+03 
       1.005525281053e-02       7.984024624748e+03 
       1.006183944119e-02       7.985966069323e+03 
       1.006842636625e-02       7.987904699056e+03 
       1.007501358579e-02       7.989840515676e+03 
       1.008160109987e-02       7.991773520908e+03 
       1.008818890857e-02       7.993703716484e+03 
       1.009477701195e-02       7.995631104142e+03 
       1.010136541009e-02       7.997555686193e+03 
       1.010795410307e-02       7.999477457663e+03 
       1.011454309095e-02       8.001396431194e+03 
       1.012113237382e-02       8.003312603606e+03 
       1.012772195174e-02       8.005225975026e+03 
       1.013431182479e-02       8.007136550110e+03 
       1.014090199305e-02       8.009044329183e+03 
       1.014749245660e-02       8.010949313962e+03 
       1.015408321551e-02       8.012851506158e+03 
       1.016067426987e-02       8.014750907490e+03 
       1.016726561975e-02       8.016647519684e+03 
       1.017385726523e-02       8.018541344476e+03 
       1.018044920639e-02       8.020432384429e+03 
       1.018704144331e-02       8.022320631616e+03 
       1.019363397607e-02       8.024206103449e+03 
       1.020022680477e-02       8.026088794570e+03 
       1.020681992947e-02       8.027968706682e+03 
       1.021341335026e-02       8.029845841486e+03 
       1.022000706723e-02       8.031720200685e+03 
       1.022660108046e-02       8.033591785984e+03 
       1.023319539004e-02       8.035460599096e+03 
       1.023978999605e-02       8.037326638195e+03 
       1.024638489858e-02       8.039189914300e+03 
       1.025298009771e-02       8.041050420903e+03 
       1.025957559354e-02       8.042908157141e+03 
       1.026617138615e-02       8.044763133950e+03 
       1.027276747563e-02       8.046615348656e+03 
       1.027936386207e-02       8.048464803567e+03 
       1.028596054556e-02       8.050311496710e+03 
       1.029255752620e-02       8.052155434977e+03 
       1.029915480406e-02       8.053996617856e+03 
       1.030575237926e-02       8.055835047042e+03 
       1.031235025187e-02       8.057670724236e+03 
       1.031894842199e-02       8.059503651140e+03 
       1.032554688972e-02       8.061333829465e+03 
       1.033214565515e-02       8.063161260931e+03 
       1.033874471837e-02       8.064985940027e+03 
       1.034534407949e-02       8.066807881720e+03 
       1.035194373859e-02       8.068627081402e+03 
       1.035854369577e-02       8.070443540752e+03 
       1.036514395114e-02       8.072257261443e+03 
       1.037174450479e-02       8.074068245158e+03 
       1.037834535681e-02       8.075876493583e+03 
       1.038494650732e-02       8.077682008410e+03 
       1.039154795640e-02       8.079484790935e+03 
       1.039814970416e-02       8.081284839935e+03 
       1.040475175070e-02       8.083082163424e+03 
       1.041135409612e-02       8.084876759919e+03 
       1.041795674053e-02       8.086668631088e+03 
       1.042455968402e-02       8.088457778604e+03 
       1.043116292671e-02       8.090244204145e+03 
       1.043776646869e-02       8.092027909400e+03 
       1.044437031007e-02       8.093808890889e+03 
       1.045097445095e-02       8.095587159862e+03 
       1.045757889145e-02       8.097362713406e+03 
       1.046418363167e-02       8.099135553191e+03 
       1.047078867171e-02       8.100905679103e+03 
       1.047739401168e-02       8.102673096145e+03 
       1.048399965169e-02       8.104437804378e+03 
       1.049060559186e-02       8.106199805457e+03 
       1.049721183228e-02       8.107959101043e+03 
       1.050381837308e-02       8.109715692797e+03 
       1.051042521436e-02       8.111469582398e+03 
       1.051703235622e-02       8.113220771543e+03 
       1.052363979880e-02       8.114969254613e+03 
       1.053024754219e-02       8.116715046712e+03 
       1.053685558651e-02       8.118458143141e+03 
       1.054346393187e-02       8.120198545530e+03 
       1.055007257840e-02       8.121936255524e+03 
       1.055668152619e-02       8.123671274762e+03 
       1.056329077538e-02       8.125403604895e+03 
       1.056990032607e-02       8.127133247569e+03 
       1.057651017838e-02       8.128860204673e+03 
       1.058312033243e-02       8.130584473050e+03 
       1.058973078834e-02       8.132306062633e+03 
       1.059634154622e-02       8.134024971244e+03 
       1.060295260619e-02       8.135741200530e+03 
       1.060956396838e-02       8.137454752133e+03 
       1.061617563291e-02       8.139165627702e+03 
       1.062278759989e-02       8.140873828886e+03 
       1.062939986944e-02       8.142579358264e+03 
       1.063601244169e-02       8.144282208745e+03 
       1.064262531677e-02       8.145982395719e+03 
       1.064923849478e-02       8.147679914717e+03 
       1.065585197587e-02       8.149374765491e+03 
       1.066246576015e-02       8.151066953144e+03 
       1.066907984774e-02       8.152756477663e+03 
       1.067569423877e-02       8.154443340677e+03 
       1.068230893338e-02       8.156127543817e+03 
       1.068892393168e-02       8.157809088713e+03 
       1.069553923380e-02       8.159487977000e+03 
       1.070215483987e-02       8.161164210323e+03 
       1.070877075002e-02       8.162837793508e+03 
       1.071538696437e-02       8.164508710254e+03 
       1.072200348306e-02       8.166176987216e+03 
       1.072862030622e-02       8.167842615513e+03 
       1.073523743398e-02       8.169505596761e+03 
       1.074185486646e-02       8.171165932577e+03 
       1.074847260380e-02       8.172823624581e+03 
       1.075509064614e-02       8.174478674394e+03 
       1.076170899360e-02       8.176131083640e+03 
       1.076832764632e-02       8.177780849822e+03 
       1.077494660444e-02       8.179427982156e+03 
       1.078156586808e-02       8.181072478634e+03 
       1.078818543738e-02       8.182714340867e+03 
       1.079480531249e-02       8.184353570468e+03 
       1.080142549352e-02       8.185990169055e+03 
       1.080804598064e-02       8.187624138249e+03 
       1.081466677396e-02       8.189255479671e+03 
       1.082128787362e-02       8.190884189071e+03 
       1.082790927978e-02       8.192510278931e+03 
       1.083453099256e-02       8.194133745694e+03 
       1.084115301210e-02       8.195754589818e+03 
       1.084777533855e-02       8.197372814172e+03 
       1.085439797205e-02       8.198988420887e+03 
       1.086102091274e-02       8.200601410832e+03 
       1.086764416075e-02       8.202211785605e+03 
       1.087426771624e-02       8.203819546810e+03 
       1.088089157934e-02       8.205424696054e+03 
       1.088751575021e-02       8.207027234950e+03 
       1.089414022898e-02       8.208627165124e+03 
       1.090076501579e-02       8.210224479927e+03 
       1.090739011080e-02       8.211819196227e+03 
       1.091401551416e-02       8.213411308358e+03 
       1.092064122599e-02       8.215000817897e+03 
       1.092726724647e-02       8.216587726425e+03 
       1.093389357572e-02       8.218172035530e+03 
       1.094052021391e-02       8.219753746801e+03 
       1.094714716117e-02       8.221332861830e+03 
       1.095377441766e-02       8.222909383464e+03 
       1.096040198353e-02       8.224483304964e+03 
       1.096702985893e-02       8.226054640132e+03 
       1.097365804401e-02       8.227623385279e+03 
       1.098028653891e-02       8.229189541976e+03 
       1.098691534381e-02       8.230753111799e+03 
       1.099354445884e-02       8.232314096330e+03 
       1.100017388415e-02       8.233872497164e+03 
       1.100680361992e-02       8.235428317293e+03 
       1.101343366628e-02       8.236981547593e+03 
       1.102006402339e-02       8.238532205898e+03 
       1.102669469141e-02       8.240080286690e+03 
       1.103332567049e-02       8.241625789437e+03 
       1.103995696080e-02       8.243168719565e+03 
       1.104658856248e-02       8.244709076805e+03 
       1.105322047571e-02       8.246246862715e+03 
       1.105985270062e-02       8.247782078857e+03 
       1.106648523739e-02       8.249314726801e+03 
       1.107311808617e-02       8.250844808124e+03 
       1.107975124712e-02       8.252372324414e+03 
       1.108638472041e-02       8.253897277092e+03 
       1.109301850619e-02       8.255419659263e+03 
       1.109965260463e-02       8.256939488634e+03 
       1.110628701588e-02       8.258456759030e+03 
       1.111292174012e-02       8.259971472016e+03 
       1.111955677749e-02       8.261483629089e+03 
       1.112619212818e-02       8.262993231853e+03 
       1.113282779234e-02       8.264500281841e+03 
       1.113946377014e-02       8.266004780614e+03 
       1.114610006174e-02       8.267506728104e+03 
       1.115273666731e-02       8.269006125825e+03 
       1.115937358701e-02       8.270502979583e+03 
       1.116601082102e-02       8.271997288228e+03 
       1.117264836950e-02       8.273489053310e+03 
       1.117928623261e-02       8.274978276378e+03 
       1.118592441054e-02       8.276464958985e+03 
       1.119256290344e-02       8.277949102693e+03 
       1.119920171148e-02       8.279430703304e+03 
       1.120584083485e-02       8.280909772692e+03 
       1.121248027370e-02       8.282386307992e+03 
       1.121912002821e-02       8.283860310417e+03 
       1.122576009856e-02       8.285331779319e+03 
       1.123240048491e-02       8.286800720302e+03 
       1.123904118743e-02       8.288267132973e+03 
       1.124568220631e-02       8.289731018865e+03 
       1.125232354172e-02       8.291192379515e+03 
       1.125896519382e-02       8.292651216462e+03 
       1.126560716280e-02       8.294107531247e+03 
       1.127224944884e-02       8.295561325421e+03 
       1.127889205210e-02       8.297012600264e+03 
       1.128553497276e-02       8.298461348745e+03 
       1.129217821102e-02       8.299907589034e+03 
       1.129882176703e-02       8.301351314642e+03 
       1.130546564098e-02       8.302792527093e+03 
       1.131210983305e-02       8.304231227913e+03 
       1.131875434342e-02       8.305667418637e+03 
       1.132539917227e-02       8.307101100764e+03 
       1.133204431978e-02       8.308532275850e+03 
       1.133868978613e-02       8.309960947037e+03 
       1.134533557150e-02       8.311387105891e+03 
       1.135198167608e-02       8.312810768246e+03 
       1.135862810005e-02       8.314231929511e+03 
       1.136527484359e-02       8.315650591207e+03 
       1.137192190689e-02       8.317066754860e+03 
       1.137856929013e-02       8.318480421998e+03 
       1.138521699349e-02       8.319891594156e+03 
       1.139186501717e-02       8.321300274568e+03 
       1.139851336135e-02       8.322706452613e+03 
       1.140516202621e-02       8.324110148002e+03 
       1.141181101195e-02       8.325511354325e+03 
       1.141846031874e-02       8.326910070703e+03 
       1.142510994679e-02       8.328306303268e+03 
       1.143175989627e-02       8.329700051062e+03 
       1.143841016738e-02       8.331091315756e+03 
       1.144506076031e-02       8.332480098857e+03 
       1.145171167525e-02       8.333866401883e+03 
       1.145836291239e-02       8.335250226351e+03 
       1.146501447192e-02       8.336631573786e+03 
       1.147166635403e-02       8.338010445721e+03 
       1.147831855892e-02       8.339386834268e+03 
       1.148497108678e-02       8.340760758445e+03 
       1.149162393780e-02       8.342132211414e+03 
       1.149827711218e-02       8.343501194653e+03 
       1.150493061012e-02       8.344867709652e+03 
       1.151158443180e-02       8.346231757906e+03 
       1.151823857742e-02       8.347593340918e+03 
       1.152489304719e-02       8.348952460194e+03 
       1.153154784130e-02       8.350309117246e+03 
       1.153820295994e-02       8.351663308557e+03 
       1.154485840332e-02       8.353015044957e+03 
       1.155151417163e-02       8.354364323499e+03 
       1.155817026507e-02       8.355711145659e+03 
       1.156482668385e-02       8.357055512924e+03 
       1.157148342815e-02       8.358397426785e+03 
       1.157814049819e-02       8.359736888740e+03 
       1.158479789417e-02       8.361073900296e+03 
       1.159145561628e-02       8.362408456067e+03 
       1.159811366473e-02       8.363740570428e+03 
       1.160477203972e-02       8.365070238695e+03 
       1.161143074146e-02       8.366397462371e+03 
       1.161808977015e-02       8.367722240492e+03 
       1.162474912599e-02       8.369044579092e+03 
       1.163140880920e-02       8.370364477476e+03 
       1.163806881996e-02       8.371681937115e+03 
       1.164472915851e-02       8.372996959487e+03 
       1.165138982502e-02       8.374309546071e+03 
       1.165805081973e-02       8.375619698357e+03 
       1.166471214283e-02       8.376927417843e+03 
       1.167137379453e-02       8.378232706041e+03 
       1.167803577505e-02       8.379535554261e+03 
       1.168469808458e-02       8.380835982977e+03 
       1.169136072335e-02       8.382133984609e+03 
       1.169802369156e-02       8.383429560619e+03 
       1.170468698942e-02       8.384722712472e+03 
       1.171135061714e-02       8.386013441623e+03 
       1.171801457494e-02       8.387301749545e+03 
       1.172467886303e-02       8.388587637710e+03 
       1.173134348162e-02       8.389871107594e+03 
       1.173800843093e-02       8.391152155310e+03 
       1.174467371117e-02       8.392430792327e+03 
       1.175133932256e-02       8.393707015343e+03 
       1.175800526531e-02       8.394980825824e+03 
       1.176467153963e-02       8.396252225234e+03 
       1.177133814575e-02       8.397521215041e+03 
       1.177800508388e-02       8.398787796714e+03 
       1.178467235423e-02       8.400051971732e+03 
       1.179133995704e-02       8.401313733768e+03 
       1.179800789250e-02       8.402573099487e+03 
       1.180467616085e-02       8.403830062200e+03 
       1.181134476231e-02       8.405084623924e+03 
       1.181801369709e-02       8.406336783554e+03 
       1.182468296541e-02       8.407586547330e+03 
       1.183135256750e-02       8.408833914418e+03 
       1.183802250358e-02       8.410078886276e+03 
       1.184469277387e-02       8.411321464353e+03 
       1.185136337859e-02       8.412561650106e+03 
       1.185803431797e-02       8.413799444991e+03 
       1.186470559223e-02       8.415034850473e+03 
       1.187137720159e-02       8.416267868028e+03 
       1.187804914629e-02       8.417498488727e+03 
       1.188472142654e-02       8.418726733330e+03 
       1.189139404258e-02       8.419952594211e+03 
       1.189806699462e-02       8.421176072709e+03 
       1.190474028290e-02       8.422397170268e+03 
       1.191141390764e-02       8.423615888329e+03 
       1.191808786907e-02       8.424832228336e+03 
       1.192476216743e-02       8.426046191734e+03 
       1.193143680294e-02       8.427257779974e+03 
       1.193811177582e-02       8.428466988339e+03 
       1.194478708632e-02       8.429673830608e+03 
       1.195146273466e-02       8.430878301171e+03 
       1.195813872107e-02       8.432080402183e+03 
       1.196481504579e-02       8.433280135075e+03 
       1.197149170905e-02       8.434477501287e+03 
       1.197816871108e-02       8.435672502264e+03 
       1.198484605211e-02       8.436865139461e+03 
       1.199152373238e-02       8.438055414485e+03 
       1.199820175212e-02       8.439243320171e+03 
       1.200488011158e-02       8.440428873631e+03 
       1.201155881097e-02       8.441612068887e+03 
       1.201823785055e-02       8.442792908438e+03 
       1.202491723055e-02       8.443971387609e+03 
       1.203159695121e-02       8.445147516396e+03 
       1.203827701275e-02       8.446321292594e+03 
       1.204495741543e-02       8.447492717624e+03 
       1.205163815948e-02       8.448661792913e+03 
       1.205831924514e-02       8.449828519896e+03 
       1.206500067265e-02       8.450992900012e+03 
       1.207168244225e-02       8.452154934710e+03 
       1.207836455419e-02       8.453314625188e+03 
       1.208504700869e-02       8.454471962055e+03 
       1.209172980602e-02       8.455626967617e+03 
       1.209841294640e-02       8.456779633207e+03 
       1.210509643009e-02       8.457929960228e+03 
       1.211178025732e-02       8.459077950087e+03 
       1.211846442835e-02       8.460223604193e+03 
       1.212514894341e-02       8.461366923959e+03 
       1.213183380275e-02       8.462507910805e+03 
       1.213851900662e-02       8.463646566164e+03 
       1.214520455526e-02       8.464782885546e+03 
       1.215189044892e-02       8.465916881402e+03 
       1.215857668786e-02       8.467048549885e+03 
       1.216526327231e-02       8.468177892383e+03 
       1.217195020252e-02       8.469304910300e+03 
       1.217863747875e-02       8.470429605040e+03 
       1.218532510124e-02       8.471551978012e+03 
       1.219201307025e-02       8.472672030635e+03 
       1.219870138603e-02       8.473789766996e+03 
       1.220539004882e-02       8.474905171750e+03 
       1.221207905888e-02       8.476018270664e+03 
       1.221876841646e-02       8.477129054681e+03 
       1.222545812182e-02       8.478237525280e+03 
       1.223214817521e-02       8.479343681919e+03 
       1.223883857687e-02       8.480447529418e+03 
       1.224552932708e-02       8.481549067583e+03 
       1.225222042607e-02       8.482648297818e+03 
       1.225891187412e-02       8.483745221355e+03 
       1.226560367147e-02       8.484839833188e+03 
       1.227229581838e-02       8.485932147127e+03 
       1.227898831511e-02       8.487022158562e+03 
       1.228568116191e-02       8.488109868884e+03 
       1.229237435905e-02       8.489195279488e+03 
       1.229906790678e-02       8.490278388343e+03 
       1.230576180537e-02       8.491359203205e+03 
       1.231245605506e-02       8.492437722515e+03 
       1.231915065614e-02       8.493513947602e+03 
       1.232584560884e-02       8.494587879861e+03 
       1.233254091345e-02       8.495659514968e+03 
       1.233923657021e-02       8.496728866035e+03 
       1.234593257939e-02       8.497795928376e+03 
       1.235262894126e-02       8.498860696794e+03 
       1.235932565607e-02       8.499923184193e+03 
       1.236602272410e-02       8.500983386833e+03 
       1.237272014561e-02       8.502041306088e+03 
       1.237941792086e-02       8.503096943331e+03 
       1.238611605012e-02       8.504150299937e+03 
       1.239281453366e-02       8.505201377277e+03 
       1.239951337174e-02       8.506250176722e+03 
       1.240621256462e-02       8.507296699645e+03 
       1.241291211259e-02       8.508340947421e+03 
       1.241961201591e-02       8.509382921424e+03 
       1.242631227484e-02       8.510422623047e+03 
       1.243301288966e-02       8.511460053650e+03 
       1.243971386063e-02       8.512495214668e+03 
       1.244641518803e-02       8.513528108338e+03 
       1.245311687213e-02       8.514558714029e+03 
       1.245981891321e-02       8.515587072286e+03 
       1.246652131152e-02       8.516613166103e+03 
       1.247322406736e-02       8.517636996833e+03 
       1.247992718098e-02       8.518658565830e+03 
       1.248663065267e-02       8.519677874444e+03 
       1.249333448269e-02       8.520694924024e+03 
       1.250003867133e-02       8.521709715918e+03 
       1.250674321887e-02       8.522722251472e+03 
       1.251344812556e-02       8.523732532036e+03 
       1.252015339170e-02       8.524740558960e+03 
       1.252685901757e-02       8.525746333601e+03 
       1.253356500343e-02       8.526749857321e+03 
       1.254027134956e-02       8.527751131492e+03 
       1.254697805626e-02       8.528750157490e+03 
       1.255368512379e-02       8.529746926616e+03 
       1.256039255243e-02       8.530741459146e+03 
       1.256710034248e-02       8.531733747389e+03 
       1.257380849420e-02       8.532723792659e+03 
       1.258051700788e-02       8.533711596294e+03 
       1.258722588380e-02       8.534697159643e+03 
       1.259393512225e-02       8.535680483993e+03 
       1.260064472351e-02       8.536661570731e+03 
       1.260735468785e-02       8.537640421181e+03 
       1.261406501558e-02       8.538617036689e+03 
       1.262077570697e-02       8.539591418610e+03 
       1.262748676230e-02       8.540563568301e+03 
       1.263419818187e-02       8.541533487128e+03 
       1.264090996596e-02       8.542501176462e+03 
       1.264762211486e-02       8.543466621265e+03 
       1.265433462886e-02       8.544429856614e+03 
       1.266104750823e-02       8.545390863739e+03 
       1.266776075329e-02       8.546349646464e+03 
       1.267447436430e-02       8.547306206115e+03 
       1.268118834157e-02       8.548260544018e+03 
       1.268790268538e-02       8.549212661449e+03 
       1.269461739602e-02       8.550162556718e+03 
       1.270133247379e-02       8.551110236987e+03 
       1.270804791898e-02       8.552055700768e+03 
       1.271476373188e-02       8.552998949391e+03 
       1.272147991278e-02       8.553939984182e+03 
       1.272819646198e-02       8.554878806473e+03 
       1.273491337978e-02       8.555815417596e+03 
       1.274163066646e-02       8.556749818887e+03 
       1.274834832233e-02       8.557682011689e+03 
       1.275506634767e-02       8.558611997343e+03 
       1.276178474279e-02       8.559539764114e+03 
       1.276850350799e-02       8.560465337962e+03 
       1.277522264355e-02       8.561388708414e+03 
       1.278194214979e-02       8.562309876759e+03 
       1.278866202699e-02       8.563228844315e+03 
       1.279538227546e-02       8.564145612400e+03 
       1.280210289550e-02       8.565060182332e+03 
       1.280882388740e-02       8.565972555431e+03 
       1.281554525148e-02       8.566882733012e+03 
       1.282226698803e-02       8.567790716414e+03 
       1.282898909735e-02       8.568696500260e+03 
       1.283571157974e-02       8.569600098341e+03 
       1.284243443552e-02       8.570501506163e+03 
       1.284915766498e-02       8.571400724897e+03 
       1.285588126842e-02       8.572297755852e+03 
       1.286260524616e-02       8.573192600337e+03 
       1.286932959850e-02       8.574085259670e+03 
       1.287605432574e-02       8.574975735173e+03 
       1.288277942819e-02       8.575864028174e+03 
       1.288950490616e-02       8.576750143532e+03 
       1.289623075996e-02       8.577634061779e+03 
       1.290295698989e-02       8.578515814011e+03 
       1.290968359626e-02       8.579395388808e+03 
       1.291641057939e-02       8.580272787810e+03 
       1.292313793958e-02       8.581148007806e+03 
       1.292986567714e-02       8.582021057678e+03 
       1.293659379239e-02       8.582891935225e+03 
       1.294332228563e-02       8.583760641745e+03 
       1.295005115718e-02       8.584627178552e+03 
       1.295678040736e-02       8.585491546896e+03 
       1.296351003646e-02       8.586353748137e+03 
       1.297024004482e-02       8.587213783564e+03 
       1.297697043274e-02       8.588071654496e+03 
       1.298370120054e-02       8.588927362253e+03 
       1.299043234853e-02       8.589780893164e+03 
       1.299716387703e-02       8.590632278199e+03 
       1.300389578636e-02       8.591481502498e+03 
       1.301062807684e-02       8.592328568535e+03 
       1.301736074877e-02       8.593173477591e+03 
       1.302409380249e-02       8.594016230945e+03 
       1.303082723831e-02       8.594856829881e+03 
       1.303756105654e-02       8.595695275690e+03 
       1.304429525752e-02       8.596531569662e+03 
       1.305102984155e-02       8.597365713097e+03 
       1.305776480897e-02       8.598197707303e+03 
       1.306450016009e-02       8.599027545888e+03 
       1.307123589524e-02       8.599855244611e+03 
       1.307797201474e-02       8.600680797808e+03 
       1.308470851890e-02       8.601504206755e+03 
       1.309144540807e-02       8.602325472724e+03 
       1.309818268256e-02       8.603144596991e+03 
       1.310492034269e-02       8.603961580833e+03 
       1.311165838880e-02       8.604776425539e+03 
       1.311839682120e-02       8.605589132404e+03 
       1.312513564023e-02       8.606399703812e+03 
       1.313187484622e-02       8.607208126780e+03 
       1.313861443948e-02       8.608014426627e+03 
       1.314535442036e-02       8.608818593584e+03 
       1.315209478917e-02       8.609620628818e+03 
       1.315883554626e-02       8.610420530386e+03 
       1.316557669195e-02       8.611218305921e+03 
       1.317231822656e-02       8.612013953580e+03 
       1.317906015044e-02       8.612807474622e+03 
       1.318580246392e-02       8.613598870310e+03 
       1.319254516732e-02       8.614388141910e+03 
       1.319928826098e-02       8.615175290693e+03 
       1.320603174524e-02       8.615960317937e+03 
       1.321277562042e-02       8.616743224935e+03 
       1.321951988687e-02       8.617524012959e+03 
       1.322626454492e-02       8.618302666657e+03 
       1.323300959491e-02       8.619079221645e+03 
       1.323975503717e-02       8.619853658728e+03 
       1.324650087203e-02       8.620625981676e+03 
       1.325324709985e-02       8.621396191742e+03 
       1.325999372095e-02       8.622164290175e+03 
       1.326674073568e-02       8.622930278226e+03 
       1.327348814437e-02       8.623694157148e+03 
       1.328023594737e-02       8.624455928201e+03 
       1.328698414501e-02       8.625215592647e+03 
       1.329373273764e-02       8.625973152603e+03 
       1.330048172560e-02       8.626728598893e+03 
       1.330723110924e-02       8.627481950245e+03 
       1.331398088889e-02       8.628233199894e+03 
       1.332073106489e-02       8.628982349092e+03 
       1.332748163760e-02       8.629729399092e+03 
       1.333423260736e-02       8.630474351148e+03 
       1.334098397451e-02       8.631217206515e+03 
       1.334773573940e-02       8.631957966448e+03 
       1.335448790238e-02       8.632696632209e+03 
       1.336124046379e-02       8.633433194219e+03 
       1.336799342398e-02       8.634167674819e+03 
       1.337474678330e-02       8.634900064344e+03 
       1.338150054210e-02       8.635630364517e+03 
       1.338825470072e-02       8.636358577271e+03 
       1.339500925953e-02       8.637084698008e+03 
       1.340176421886e-02       8.637808737191e+03 
       1.340851957907e-02       8.638530691936e+03 
       1.341527534052e-02       8.639250563483e+03 
       1.342203150355e-02       8.639968353075e+03 
       1.342878806851e-02       8.640684061947e+03 
       1.343554503577e-02       8.641397691343e+03 
       1.344230240568e-02       8.642109242506e+03 
       1.344906017858e-02       8.642818716690e+03 
       1.345581835484e-02       8.643526115156e+03 
       1.346257693481e-02       8.644231422152e+03 
       1.346933591885e-02       8.644934673556e+03 
       1.347609530732e-02       8.645635850578e+03 
       1.348285510057e-02       8.646334956583e+03 
       1.348961529896e-02       8.647031992803e+03 
       1.349637590285e-02       8.647726960472e+03 
       1.350313691260e-02       8.648419860819e+03 
       1.350989832857e-02       8.649110695078e+03 
       1.351666015112e-02       8.649799464479e+03 
       1.352342238062e-02       8.650486170286e+03 
       1.353018501742e-02       8.651170813591e+03 
       1.353694806188e-02       8.651853387708e+03 
       1.354371151438e-02       8.652533909149e+03 
       1.355047537527e-02       8.653212371730e+03 
       1.355723964492e-02       8.653888776681e+03 
       1.356400432369e-02       8.654563125222e+03 
       1.357076941195e-02       8.655235418579e+03 
       1.357753491007e-02       8.655905657985e+03 
       1.358430081840e-02       8.656573844678e+03 
       1.359106713733e-02       8.657239979898e+03 
       1.359783386721e-02       8.657904066659e+03 
       1.360460100842e-02       8.658566089306e+03 
       1.361136856132e-02       8.659226076302e+03 
       1.361813652629e-02       8.659884016539e+03 
       1.362490490369e-02       8.660539911238e+03 
       1.363167369390e-02       8.661193757835e+03 
       1.363844289728e-02       8.661845564648e+03 
       1.364521251422e-02       8.662495329540e+03 
       1.365198254507e-02       8.663143053670e+03 
       1.365875299022e-02       8.663788738250e+03 
       1.366552385004e-02       8.664432384498e+03 
       1.367229512490e-02       8.665073993634e+03 
       1.367906681518e-02       8.665713566882e+03 
       1.368583892126e-02       8.666351105468e+03 
       1.369261144351e-02       8.666986610630e+03 
       1.369938438230e-02       8.667620083580e+03 
       1.370615773802e-02       8.668251509420e+03 
       1.371293151105e-02       8.668880919988e+03 
       1.371970570176e-02       8.669508301738e+03 
       1.372648031053e-02       8.670133655855e+03 
       1.373325533774e-02       8.670756983538e+03 
       1.374003078377e-02       8.671378285986e+03 
       1.374680664901e-02       8.671997564399e+03 
       1.375358293384e-02       8.672614819981e+03 
       1.376035963863e-02       8.673230053945e+03 
       1.376713676377e-02       8.673843267509e+03 
       1.377391430965e-02       8.674454461724e+03 
       1.378069227665e-02       8.675063629625e+03 
       1.378747066515e-02       8.675670788360e+03 
       1.379424947555e-02       8.676275931354e+03 
       1.380102870822e-02       8.676879059805e+03 
       1.380780836355e-02       8.677480174905e+03 
       1.381458844193e-02       8.678079277849e+03 
       1.382136894375e-02       8.678676369835e+03 
       1.382814986940e-02       8.679271452063e+03 
       1.383493121926e-02       8.679864525740e+03 
       1.384171299373e-02       8.680455591915e+03 
       1.384849519320e-02       8.681044640306e+03 
       1.385527781805e-02       8.681631694409e+03 
       1.386206086868e-02       8.682216744585e+03 
       1.386884434549e-02       8.682799792037e+03 
       1.387562824886e-02       8.683380839374e+03 
       1.388241257918e-02       8.683959879202e+03 
       1.388919733686e-02       8.684536925145e+03 
       1.389598252229e-02       8.685111973054e+03 
       1.390276813586e-02       8.685685024088e+03 
       1.390955417797e-02       8.686256079428e+03 
       1.391634064901e-02       8.686825140263e+03 
       1.392312754939e-02       8.687392207780e+03 
       1.392991487950e-02       8.687957283174e+03 
       1.393670263974e-02       8.688520367653e+03 
       1.394349083050e-02       8.689081462437e+03 
       1.395027945220e-02       8.689640553513e+03 
       1.395706850522e-02       8.690197669517e+03 
       1.396385798997e-02       8.690752800499e+03 
       1.397064790686e-02       8.691305946257e+03 
       1.397743825628e-02       8.691857107959e+03 
       1.398422903863e-02       8.692406286775e+03 
       1.399102025433e-02       8.692953483878e+03 
       1.399781190377e-02       8.693498700442e+03 
       1.400460398736e-02       8.694041937641e+03 
       1.401139650551e-02       8.694583196653e+03 
       1.401818945862e-02       8.695122478665e+03 
       1.402498284709e-02       8.695659776086e+03 
       1.403177667134e-02       8.696195106601e+03 
       1.403857093178e-02       8.696728463659e+03 
       1.404536562881e-02       8.697259848280e+03 
       1.405216076284e-02       8.697789261634e+03 
       1.405895633428e-02       8.698316704886e+03 
       1.406575234354e-02       8.698842179207e+03 
       1.407254879104e-02       8.699365685771e+03 
       1.407934567718e-02       8.699887225757e+03 
       1.408614300238e-02       8.700406800348e+03 
       1.409294076705e-02       8.700924398206e+03 
       1.409973897161e-02       8.701440044355e+03 
       1.410653761647e-02       8.701953728370e+03 
       1.411333670204e-02       8.702465451462e+03 
       1.412013622874e-02       8.702975216185e+03 
       1.412693619698e-02       8.703483015039e+03 
       1.413373660719e-02       8.703988861897e+03 
       1.414053745978e-02       8.704492752419e+03 
       1.414733875518e-02       8.704994687760e+03 
       1.415414049378e-02       8.705494669073e+03 
       1.416094267603e-02       8.705992697520e+03 
       1.416774530234e-02       8.706488774260e+03 
       1.417454837312e-02       8.706982900460e+03 
       1.418135188881e-02       8.707475077291e+03 
       1.418815584981e-02       8.707965305940e+03 
       1.419496025657e-02       8.708453592994e+03 
       1.420176510949e-02       8.708939904620e+03 
       1.420857040900e-02       8.709424293818e+03 
       1.421537615554e-02       8.709906739186e+03 
       1.422218234952e-02       8.710387241874e+03 
       1.422898899136e-02       8.710865803032e+03 
       1.423579608151e-02       8.711342423809e+03 
       1.424260362037e-02       8.711817105350e+03 
       1.424941160839e-02       8.712289847518e+03 
       1.425622004599e-02       8.712760653918e+03 
       1.426302893360e-02       8.713229524525e+03 
       1.426983827165e-02       8.713696460431e+03 
       1.427664806057e-02       8.714161462853e+03 
       1.428345830079e-02       8.714624532930e+03 
       1.429026899275e-02       8.715085676109e+03 
       1.429708013687e-02       8.715544867020e+03 
       1.430389173359e-02       8.716002145594e+03 
       1.431070378334e-02       8.716457496219e+03 
       1.431751628657e-02       8.716910920044e+03 
       1.432432924370e-02       8.717362413724e+03 
       1.433114265516e-02       8.717811986922e+03 
       1.433795652141e-02       8.718259636661e+03 
       1.434477084287e-02       8.718705364079e+03 
       1.435158561998e-02       8.719149170307e+03 
       1.435840085318e-02       8.719591056487e+03 
       1.436521654291e-02       8.720031023756e+03 
       1.437203268960e-02       8.720469073258e+03 
       1.437884929371e-02       8.720905206141e+03 
       1.438566635567e-02       8.721339423563e+03 
       1.439248387593e-02       8.721771730448e+03 
       1.439930185492e-02       8.722202097426e+03 
       1.440612029309e-02       8.722630573438e+03 
       1.441293919088e-02       8.723057138268e+03 
       1.441975854874e-02       8.723481793041e+03 
       1.442657836711e-02       8.723904538882e+03 
       1.443339864645e-02       8.724325376918e+03 
       1.444021938719e-02       8.724744308278e+03 
       1.444704058978e-02       8.725161334082e+03 
       1.445386225467e-02       8.725576455476e+03 
       1.446068438232e-02       8.725989673589e+03 
       1.446750697316e-02       8.726400980605e+03 
       1.447433002765e-02       8.726810393974e+03 
       1.448115354625e-02       8.727217907912e+03 
       1.448797752939e-02       8.727623522902e+03 
       1.449480197754e-02       8.728027240064e+03 
       1.450162689114e-02       8.728429060526e+03 
       1.450845227066e-02       8.728828985413e+03 
       1.451527811654e-02       8.729227015902e+03 
       1.452210442923e-02       8.729623152998e+03 
       1.452893120921e-02       8.730017397975e+03 
       1.453575845691e-02       8.730409738211e+03 
       1.454258617280e-02       8.730800201013e+03 
       1.454941435733e-02       8.731188774717e+03 
       1.455624301097e-02       8.731575460526e+03 
       1.456307213417e-02       8.731960261296e+03 
       1.456990172739e-02       8.732343167987e+03 
       1.457673179110e-02       8.732724196267e+03 
       1.458356232574e-02       8.733103341012e+03 
       1.459039333180e-02       8.733480603342e+03 
       1.459722480971e-02       8.733855984343e+03 
       1.460405675996e-02       8.734229485158e+03 
       1.461088918301e-02       8.734601106898e+03 
       1.461772207931e-02       8.734970850688e+03 
       1.462455544933e-02       8.735338717664e+03 
       1.463138929354e-02       8.735704708972e+03 
       1.463822361241e-02       8.736068806768e+03 
       1.464505840641e-02       8.736431047970e+03 
       1.465189367599e-02       8.736791416799e+03 
       1.465872942164e-02       8.737149914078e+03 
       1.466556564381e-02       8.737506540906e+03 
       1.467240234298e-02       8.737861298371e+03 
       1.467923951962e-02       8.738214187576e+03 
       1.468607717421e-02       8.738565209627e+03 
       1.469291530720e-02       8.738914365628e+03 
       1.469975391908e-02       8.739261656693e+03 
       1.470659301033e-02       8.739607083603e+03 
       1.471343258140e-02       8.739950637987e+03 
       1.472027263279e-02       8.740292339864e+03 
       1.472711316496e-02       8.740632181061e+03 
       1.473395417839e-02       8.740970162670e+03 
       1.474079567356e-02       8.741306285783e+03 
       1.474763765094e-02       8.741640551496e+03 
       1.475448011102e-02       8.741972960903e+03 
       1.476132305427e-02       8.742303515109e+03 
       1.476816648118e-02       8.742632215270e+03 
       1.477501039222e-02       8.742959067227e+03 
       1.478185478787e-02       8.743284042789e+03 
       1.478869966863e-02       8.743607185806e+03 
       1.479554503496e-02       8.743928478914e+03 
       1.480239088736e-02       8.744247923207e+03 
       1.480923722630e-02       8.744565514862e+03 
       1.481608405228e-02       8.744881264324e+03 
       1.482293136577e-02       8.745195168147e+03 
       1.482977916727e-02       8.745507227423e+03 
       1.483662745726e-02       8.745817443236e+03 
       1.484347623623e-02       8.746125816667e+03 
       1.485032550467e-02       8.746432348807e+03 
       1.485717526307e-02       8.746737040744e+03 
       1.486402551191e-02       8.747039893578e+03 
       1.487087625169e-02       8.747340908420e+03 
       1.487772748291e-02       8.747640088298e+03 
       1.488457920604e-02       8.747937407710e+03 
       1.489143142158e-02       8.748232913165e+03 
       1.489828413004e-02       8.748526584680e+03 
       1.490513733189e-02       8.748818423332e+03 
       1.491199102765e-02       8.749108430196e+03 
       1.491884521779e-02       8.749396606349e+03 
       1.492569990283e-02       8.749682952866e+03 
       1.493255508325e-02       8.749967470827e+03 
       1.493941075956e-02       8.750250161309e+03 
       1.494626693224e-02       8.750531025408e+03 
       1.495312360182e-02       8.750810067303e+03 
       1.495998076877e-02       8.751087267390e+03 
       1.496683843361e-02       8.751362657640e+03 
       1.497369659683e-02       8.751636225622e+03 
       1.498055525894e-02       8.751907972407e+03 
       1.498741442045e-02       8.752177899065e+03 
       1.499427408184e-02       8.752446006671e+03 
       1.500113424364e-02       8.752712296304e+03 
       1.500799490634e-02       8.752976769055e+03 
       1.501485607045e-02       8.753239426018e+03 
       1.502171773647e-02       8.753500251091e+03 
       1.502857990493e-02       8.753759280955e+03 
       1.503544257631e-02       8.754016495443e+03 
       1.504230575114e-02       8.754271898202e+03 
       1.504916942992e-02       8.754525490922e+03 
       1.505603361316e-02       8.754777267521e+03 
       1.506289830137e-02       8.755027240956e+03 
       1.506976349507e-02       8.755275406821e+03 
       1.507662919477e-02       8.755521766177e+03 
       1.508349540098e-02       8.755766320082e+03 
       1.509036211422e-02       8.756009069600e+03 
       1.509722933500e-02       8.756250015802e+03 
       1.510409706383e-02       8.756489159762e+03 
       1.511096530124e-02       8.756726502562e+03 
       1.511783404774e-02       8.756962045295e+03 
       1.512470330385e-02       8.757195797645e+03 
       1.513157307009e-02       8.757427712636e+03 
       1.513844334697e-02       8.757657859461e+03 
       1.514531413502e-02       8.757886210151e+03 
       1.515218543476e-02       8.758112765752e+03 
       1.515905724671e-02       8.758337527309e+03 
       1.516592957139e-02       8.758560495870e+03 
       1.517280240933e-02       8.758781672483e+03 
       1.517967576105e-02       8.759001058212e+03 
       1.518654962707e-02       8.759218654104e+03 
       1.519342400792e-02       8.759434461227e+03 
       1.520029890414e-02       8.759648471492e+03 
       1.520717431623e-02       8.759860701427e+03 
       1.521405024474e-02       8.760071147423e+03 
       1.522092669019e-02       8.760279808695e+03 
       1.522780365311e-02       8.760486686288e+03 
       1.523468113403e-02       8.760691781249e+03 
       1.524155913349e-02       8.760895094624e+03 
       1.524843765200e-02       8.761096627466e+03 
       1.525531669012e-02       8.761296380834e+03 
       1.526219624836e-02       8.761494343847e+03 
       1.526907632727e-02       8.761690540320e+03 
       1.527595692737e-02       8.761884960283e+03 
       1.528283804921e-02       8.762077604769e+03 
       1.528971969332e-02       8.762268474834e+03 
       1.529660186024e-02       8.762457571504e+03 
       1.530348455050e-02       8.762644895836e+03 
       1.531036776465e-02       8.762830448886e+03 
       1.531725150323e-02       8.763014231720e+03 
       1.532413576677e-02       8.763196245412e+03 
       1.533102055581e-02       8.763376494044e+03 
       1.533790587090e-02       8.763554946233e+03 
       1.534479171258e-02       8.763731656552e+03 
       1.535167808140e-02       8.763906601570e+03 
       1.535856497789e-02       8.764079782322e+03 
       1.536545240261e-02       8.764251199820e+03 
       1.537234035610e-02       8.764420855111e+03 
       1.537922883890e-02       8.764588749223e+03 
       1.538611785157e-02       8.764754883188e+03 
       1.539300739465e-02       8.764919258044e+03 
       1.539989746868e-02       8.765081874841e+03 
       1.540678807423e-02       8.765242722919e+03 
       1.541367921184e-02       8.765401825736e+03 
       1.542057088207e-02       8.765559173325e+03 
       1.542746308545e-02       8.765714766810e+03 
       1.543435582256e-02       8.765868607214e+03 
       1.544124909394e-02       8.766020695565e+03 
       1.544814290014e-02       8.766171032894e+03 
       1.545503724173e-02       8.766319620240e+03 
       1.546193211925e-02       8.766466458646e+03 
       1.546882753327e-02       8.766611549149e+03 
       1.547572348434e-02       8.766754876540e+03 
       1.548261997302e-02       8.766896472879e+03 
       1.548951699987e-02       8.767036324182e+03 
       1.549641456546e-02       8.767174431466e+03 
       1.550331267033e-02       8.767310797428e+03 
       1.551021131506e-02       8.767445412173e+03 
       1.551711050021e-02       8.767578292965e+03 
       1.552401022634e-02       8.767709433736e+03 
       1.553091049401e-02       8.767838835502e+03 
       1.553781130380e-02       8.767966499282e+03 
       1.554471265625e-02       8.768092426098e+03 
       1.555161455196e-02       8.768216616975e+03 
       1.555851699147e-02       8.768339072945e+03 
       1.556541997536e-02       8.768459795051e+03 
       1.557232350419e-02       8.768578784344e+03 
       1.557922757855e-02       8.768696018424e+03 
       1.558613219899e-02       8.768811543842e+03 
       1.559303736610e-02       8.768925338486e+03 
       1.559994308044e-02       8.769037404051e+03 
       1.560684934258e-02       8.769147741539e+03 
       1.561375615311e-02       8.769256351960e+03 
       1.562066351259e-02       8.769363236329e+03 
       1.562757142160e-02       8.769468395640e+03 
       1.563447988072e-02       8.769571830924e+03 
       1.564138889052e-02       8.769673543192e+03 
       1.564829845159e-02       8.769773533467e+03 
       1.565520856451e-02       8.769871790665e+03 
       1.566211922984e-02       8.769968338813e+03 
       1.566903044818e-02       8.770063167908e+03 
       1.567594222011e-02       8.770156278863e+03 
       1.568285454620e-02       8.770247672677e+03 
       1.568976742704e-02       8.770337350358e+03 
       1.569668086322e-02       8.770425312914e+03 
       1.570359485532e-02       8.770511561360e+03 
       1.571050940393e-02       8.770596096716e+03 
       1.571742450963e-02       8.770678920014e+03 
       1.572434017301e-02       8.770760015327e+03 
       1.573125639466e-02       8.770839415959e+03 
       1.573817317517e-02       8.770917107361e+03 
       1.574509051513e-02       8.770993090483e+03 
       1.575200841512e-02       8.771067368319e+03 
       1.575892687575e-02       8.771139929765e+03 
       1.576584589760e-02       8.771210793463e+03 
       1.577276548127e-02       8.771279952777e+03 
       1.577968562735e-02       8.771347408701e+03 
       1.578660633644e-02       8.771413162227e+03 
       1.579352760913e-02       8.771477214353e+03 
       1.580044944602e-02       8.771539566083e+03 
       1.580737184771e-02       8.771600218474e+03 
       1.581429481479e-02       8.771659172396e+03 
       1.582121834788e-02       8.771716429024e+03 
       1.582814244755e-02       8.771771998918e+03 
       1.583506711443e-02       8.771825828861e+03 
       1.584199234910e-02       8.771877997154e+03 
       1.584891815218e-02       8.771928471751e+03 
       1.585584452426e-02       8.771977253637e+03 
       1.586277146595e-02       8.772024343791e+03 
       1.586969897786e-02       8.772069743200e+03 
       1.587662706060e-02       8.772113452849e+03 
       1.588355571476e-02       8.772155473725e+03 
       1.589048494096e-02       8.772195806819e+03 
       1.589741473981e-02       8.772234452140e+03 
       1.590434511192e-02       8.772271416902e+03 
       1.591127605789e-02       8.772306672802e+03 
       1.591820757834e-02       8.772340262423e+03 
       1.592513967389e-02       8.772372169028e+03 
       1.593207234514e-02       8.772402393531e+03 
       1.593900559272e-02       8.772430937005e+03 
       1.594593941723e-02       8.772457800401e+03 
       1.595287381929e-02       8.772482984709e+03 
       1.595980879951e-02       8.772506490925e+03 
       1.596674435853e-02       8.772528320052e+03 
       1.597368049695e-02       8.772548480289e+03 
       1.598061721539e-02       8.772566932483e+03 
       1.598755451448e-02       8.772583734602e+03 
       1.599449239483e-02       8.772598863338e+03 
       1.600143085708e-02       8.772612319628e+03 
       1.600836990183e-02       8.772624098481e+03 
       1.601530952972e-02       8.772634212233e+03 
       1.602224974138e-02       8.772642656485e+03 
       1.602919053742e-02       8.772649431996e+03 
       1.603613191847e-02       8.772654539935e+03 
       1.604307388516e-02       8.772657981185e+03 
       1.605001643813e-02       8.772659756725e+03 
       1.605695957799e-02       8.772659867539e+03 
       1.606390330538e-02       8.772658314613e+03 
       1.607084762094e-02       8.772655098944e+03 
       1.607779252528e-02       8.772650221546e+03 
       1.608473801906e-02       8.772643657050e+03 
       1.609168410289e-02       8.772635458298e+03 
       1.609863077742e-02       8.772625599047e+03 
       1.610557804328e-02       8.772614081597e+03 
       1.611252590110e-02       8.772600906902e+03 
       1.611947435153e-02       8.772586075808e+03 
       1.612642339521e-02       8.772569589471e+03 
       1.613337303277e-02       8.772551448761e+03 
       1.614032326485e-02       8.772531654646e+03 
       1.614727409210e-02       8.772510208095e+03 
       1.615422551515e-02       8.772487110090e+03 
       1.616117753465e-02       8.772462346118e+03 
       1.616813015125e-02       8.772435949360e+03 
       1.617508336559e-02       8.772407901468e+03 
       1.618203717831e-02       8.772378205781e+03 
       1.618899159007e-02       8.772346863253e+03 
       1.619594660150e-02       8.772313874847e+03 
       1.620290221326e-02       8.772279241524e+03 
       1.620985842600e-02       8.772242964147e+03 
       1.621681524037e-02       8.772205043860e+03 
       1.622377265702e-02       8.772165481564e+03 
       1.623073067661e-02       8.772124276529e+03 
       1.623768929977e-02       8.772081415504e+03 
       1.624464852718e-02       8.772036931215e+03 
       1.625160835949e-02       8.771990808493e+03 
       1.625856879734e-02       8.771943048301e+03 
       1.626552984140e-02       8.771893645243e+03 
       1.627249149233e-02       8.771842612440e+03 
       1.627945375079e-02       8.771789944901e+03 
       1.628641661743e-02       8.771735643600e+03 
       1.629338009292e-02       8.771679709480e+03 
       1.630034417792e-02       8.771622143397e+03 
       1.630730887308e-02       8.771562946463e+03 
       1.631427417908e-02       8.771502119570e+03 
       1.632124009659e-02       8.771439663674e+03 
       1.632820662625e-02       8.771375579746e+03 
       1.633517376875e-02       8.771309868778e+03 
       1.634214152475e-02       8.771242502176e+03 
       1.634910989491e-02       8.771173541600e+03 
       1.635607887991e-02       8.771102952614e+03 
       1.636304848042e-02       8.771030740027e+03 
       1.637001869711e-02       8.770956904749e+03 
       1.637698953065e-02       8.770881447723e+03 
       1.638396098171e-02       8.770804369886e+03 
       1.639093305098e-02       8.770725672175e+03 
       1.639790573911e-02       8.770645355416e+03 
       1.640487904680e-02       8.770563420759e+03 
       1.641185297471e-02       8.770479869063e+03 
       1.641882752353e-02       8.770394702450e+03 
       1.642580269393e-02       8.770307903906e+03 
       1.643277848660e-02       8.770219505443e+03 
       1.643975490222e-02       8.770129493504e+03 
       1.644673194146e-02       8.770037869020e+03 
       1.645370960501e-02       8.769944632916e+03 
       1.646068789356e-02       8.769849786126e+03 
       1.646766680778e-02       8.769753329588e+03 
       1.647464634838e-02       8.769655264254e+03 
       1.648162651602e-02       8.769555591077e+03 
       1.648860731141e-02       8.769454315228e+03 
       1.649558873522e-02       8.769351405414e+03 
       1.650257078815e-02       8.769246912640e+03 
       1.650955347090e-02       8.769140815522e+03 
       1.651653678414e-02       8.769033114989e+03 
       1.652352072858e-02       8.768923807663e+03 
       1.653050530491e-02       8.768812900538e+03 
       1.653749051383e-02       8.768700394692e+03 
       1.654447635602e-02       8.768586289033e+03 
       1.655146283218e-02       8.768470584480e+03 
       1.655844994303e-02       8.768353281953e+03 
       1.656543768924e-02       8.768234382380e+03 
       1.657242607153e-02       8.768113886689e+03 
       1.657941509059e-02       8.767991795718e+03 
       1.658640474712e-02       8.767868110583e+03 
       1.659339504184e-02       8.767742832167e+03 
       1.660038597543e-02       8.767615971360e+03 
       1.660737754862e-02       8.767487471613e+03 
       1.661436976209e-02       8.767357416536e+03 
       1.662136261657e-02       8.767225771527e+03 
       1.662835611275e-02       8.767092537506e+03 
       1.663535025135e-02       8.766957715379e+03 
       1.664234503308e-02       8.766821306057e+03 
       1.664934045864e-02       8.766683310451e+03 
       1.665633652875e-02       8.766543729481e+03 
       1.666333324413e-02       8.766402564063e+03 
       1.667033060548e-02       8.766259815118e+03 
       1.667732861352e-02       8.766115484402e+03 
       1.668432726897e-02       8.765969555887e+03 
       1.669132657255e-02       8.765822060600e+03 
       1.669832652497e-02       8.765672985261e+03 
       1.670532712694e-02       8.765522330771e+03 
       1.671232837921e-02       8.765370098041e+03 
       1.671933028247e-02       8.765216287979e+03 
       1.672633283746e-02       8.765060901509e+03 
       1.673333604490e-02       8.764903939545e+03 
       1.674033990551e-02       8.764745403015e+03 
       1.674734442002e-02       8.764585292838e+03 
       1.675434958916e-02       8.764423590600e+03 
       1.676135541365e-02       8.764260334386e+03 
       1.676836189422e-02       8.764095506806e+03 
       1.677536903160e-02       8.763929109059e+03 
       1.678237682652e-02       8.763761143391e+03 
       1.678938527971e-02       8.763591599623e+03 
       1.679639439191e-02       8.763420495920e+03 
       1.680340416385e-02       8.763247825468e+03 
       1.681041459626e-02       8.763073589159e+03 
       1.681742568988e-02       8.762897787906e+03 
       1.682443744545e-02       8.762720422607e+03 
       1.683144986370e-02       8.762541494168e+03 
       1.683846294538e-02       8.762361003497e+03 
       1.684547669122e-02       8.762178951519e+03 
       1.685249110196e-02       8.761995339162e+03 
       1.685950617836e-02       8.761810166646e+03 
       1.686652192114e-02       8.761623409517e+03 
       1.687353833106e-02       8.761435119113e+03 
       1.688055540886e-02       8.761245271648e+03 
       1.688757315528e-02       8.761053867950e+03 
       1.689459157108e-02       8.760860908906e+03 
       1.690161065700e-02       8.760666395399e+03 
       1.690863041380e-02       8.760470328327e+03 
       1.691565084221e-02       8.760272708579e+03 
       1.692267194301e-02       8.760073537051e+03 
       1.692969371693e-02       8.759872814642e+03 
       1.693671616473e-02       8.759670542267e+03 
       1.694373928717e-02       8.759466706867e+03 
       1.695076308501e-02       8.759261335766e+03 
       1.695778755899e-02       8.759054417322e+03 
       1.696481270989e-02       8.758845952373e+03 
       1.697183853845e-02       8.758635941701e+03 
       1.697886504545e-02       8.758424386193e+03 
       1.698589223163e-02       8.758211286735e+03 
       1.699292009777e-02       8.757996644219e+03 
       1.699994864463e-02       8.757780459543e+03 
       1.700697787297e-02       8.757562733625e+03 
       1.701400778356e-02       8.757343453083e+03 
       1.702103837716e-02       8.757122640839e+03 
       1.702806965455e-02       8.756900294701e+03 
       1.703510161649e-02       8.756676410620e+03 
       1.704213426375e-02       8.756450989432e+03 
       1.704916759711e-02       8.756224025240e+03 
       1.705620161734e-02       8.755995532026e+03 
       1.706323632522e-02       8.755765504263e+03 
       1.707027172150e-02       8.755533942856e+03 
       1.707730780699e-02       8.755300848675e+03 
       1.708434458244e-02       8.755066222595e+03 
       1.709138204864e-02       8.754830065490e+03 
       1.709842020637e-02       8.754592378262e+03 
       1.710545905640e-02       8.754353161795e+03 
       1.711249859953e-02       8.754112416988e+03 
       1.711953883653e-02       8.753870144747e+03 
       1.712657976819e-02       8.753626314751e+03 
       1.713362139529e-02       8.753380991881e+03 
       1.714066371862e-02       8.753134139941e+03 
       1.714770673896e-02       8.752885763794e+03 
       1.715475045711e-02       8.752635864225e+03 
       1.716179487385e-02       8.752384442101e+03 
       1.716883998997e-02       8.752131498294e+03 
       1.717588580627e-02       8.751877033670e+03 
       1.718293232354e-02       8.751621049093e+03 
       1.718997954257e-02       8.751363545446e+03 
       1.719702746416e-02       8.751104523607e+03 
       1.720407608911e-02       8.750843986153e+03 
       1.721112541821e-02       8.750581913528e+03 
       1.721817545226e-02       8.750318341011e+03 
       1.722522619206e-02       8.750053253580e+03 
       1.723227763841e-02       8.749786652098e+03 
       1.723932979212e-02       8.749518537302e+03 
       1.724638265399e-02       8.749248910283e+03 
       1.725343622482e-02       8.748977771806e+03 
       1.726049050541e-02       8.748705122747e+03 
       1.726754549658e-02       8.748430963994e+03 
       1.727460119914e-02       8.748155300856e+03 
       1.728165761388e-02       8.747878100307e+03 
       1.728871474163e-02       8.747599415976e+03 
       1.729577258319e-02       8.747319225166e+03 
       1.730283113938e-02       8.747037528741e+03 
       1.730989041101e-02       8.746754324220e+03 
       1.731695039890e-02       8.746469615191e+03 
       1.732401110386e-02       8.746183406419e+03 
       1.733107252670e-02       8.745895695235e+03 
       1.733813466826e-02       8.745606482706e+03 
       1.734519752934e-02       8.745315769589e+03 
       1.735226111077e-02       8.745023556743e+03 
       1.735932541337e-02       8.744729845025e+03 
       1.736639043797e-02       8.744434635303e+03 
       1.737345618538e-02       8.744137928448e+03 
       1.738052265644e-02       8.743839725363e+03 
       1.738758985198e-02       8.743540034690e+03 
       1.739465777281e-02       8.743238804691e+03 
       1.740172641977e-02       8.742936115610e+03 
       1.740879579368e-02       8.742631933369e+03 
       1.741586589539e-02       8.742326258806e+03 
       1.742293672573e-02       8.742019092652e+03 
       1.743000828552e-02       8.741710435933e+03 
       1.743708057561e-02       8.741400289415e+03 
       1.744415359682e-02       8.741088653950e+03 
       1.745122735001e-02       8.740775530391e+03 
       1.745830183600e-02       8.740460919586e+03 
       1.746537705564e-02       8.740144822068e+03 
       1.747245300976e-02       8.739827224616e+03 
       1.747952969922e-02       8.739508155901e+03 
       1.748660712486e-02       8.739187603188e+03 
       1.749368528751e-02       8.738865567263e+03 
       1.750076418803e-02       8.738542048975e+03 
       1.750784382727e-02       8.738217049163e+03 
       1.751492420606e-02       8.737890568673e+03 
       1.752200532527e-02       8.737562608225e+03 
       1.752908718575e-02       8.737233168906e+03 
       1.753616978834e-02       8.736902251476e+03 
       1.754325313390e-02       8.736569832846e+03 
       1.755033722329e-02       8.736235963801e+03 
       1.755742205736e-02       8.735900615231e+03 
       1.756450763696e-02       8.735563791662e+03 
       1.757159396297e-02       8.735225493772e+03 
       1.757868103623e-02       8.734885715768e+03 
       1.758576885762e-02       8.734544471615e+03 
       1.759285742798e-02       8.734201755727e+03 
       1.759994674819e-02       8.733857568916e+03 
       1.760703681911e-02       8.733511912006e+03 
       1.761412764160e-02       8.733164785706e+03 
       1.762121921654e-02       8.732816191149e+03 
       1.762831154479e-02       8.732466128851e+03 
       1.763540462723e-02       8.732114599879e+03 
       1.764249846472e-02       8.731761605015e+03 
       1.764959305813e-02       8.731407145137e+03 
       1.765668840835e-02       8.731051190102e+03 
       1.766378451624e-02       8.730693802784e+03 
       1.767088138268e-02       8.730334950223e+03 
       1.767797900855e-02       8.729974635603e+03 
       1.768507739473e-02       8.729612859743e+03 
       1.769217654209e-02       8.729249623472e+03 
       1.769927645153e-02       8.728884927608e+03 
       1.770637712392e-02       8.728518772857e+03 
       1.771347856015e-02       8.728151160240e+03 
       1.772058076110e-02       8.727782090499e+03 
       1.772768372766e-02       8.727411564471e+03 
       1.773478746071e-02       8.727039587561e+03 
       1.774189196115e-02       8.726666131064e+03 
       1.774899722987e-02       8.726291239789e+03 
       1.775610326775e-02       8.725914895330e+03 
       1.776321007570e-02       8.725537098560e+03 
       1.777031765460e-02       8.725157850111e+03 
       1.777742600536e-02       8.724777150986e+03 
       1.778453512886e-02       8.724395001951e+03 
       1.779164502601e-02       8.724011403836e+03 
       1.779875569771e-02       8.723626357372e+03 
       1.780586714485e-02       8.723239863508e+03 
       1.781297936834e-02       8.722851902042e+03 
       1.782009236909e-02       8.722462514310e+03 
       1.782720614800e-02       8.722071681268e+03 
       1.783432070597e-02       8.721679403834e+03 
       1.784143604391e-02       8.721285684014e+03 
       1.784855216274e-02       8.720890511603e+03 
       1.785566906335e-02       8.720493905220e+03 
       1.786278674667e-02       8.720095857582e+03 
       1.786990521361e-02       8.719696369496e+03 
       1.787702446508e-02       8.719295441778e+03 
       1.788414450199e-02       8.718893075235e+03 
       1.789126532526e-02       8.718489270678e+03 
       1.789838693582e-02       8.718084028795e+03 
       1.790550933458e-02       8.717677350650e+03 
       1.791263252246e-02       8.717269236972e+03 
       1.791975650038e-02       8.716859688589e+03 
       1.792688126927e-02       8.716448673667e+03 
       1.793400683006e-02       8.716036259204e+03 
       1.794113318366e-02       8.715622408928e+03 
       1.794826033101e-02       8.715207126831e+03 
       1.795538827304e-02       8.714790413695e+03 
       1.796251701067e-02       8.714372270315e+03 
       1.796964654484e-02       8.713952697480e+03 
       1.797677687648e-02       8.713531696001e+03 
       1.798390800653e-02       8.713109266681e+03 
       1.799103993593e-02       8.712685410198e+03 
       1.799817266560e-02       8.712260127584e+03 
       1.800530619649e-02       8.711833424331e+03 
       1.801244052953e-02       8.711405270708e+03 
       1.801957566568e-02       8.710975712901e+03 
       1.802671160587e-02       8.710544731877e+03 
       1.803384835105e-02       8.710112328421e+03 
       1.804098590216e-02       8.709678503340e+03 
       1.804812426015e-02       8.709243257428e+03 
       1.805526342596e-02       8.708806591486e+03 
       1.806240340056e-02       8.708368506311e+03 
       1.806954418488e-02       8.707929002714e+03 
       1.807668577989e-02       8.707488081513e+03 
       1.808382818653e-02       8.707045722272e+03 
       1.809097140576e-02       8.706601966150e+03 
       1.809811543854e-02       8.706156794901e+03 
       1.810526028582e-02       8.705710208956e+03 
       1.811240594857e-02       8.705262208947e+03 
       1.811955242775e-02       8.704812790615e+03 
       1.812669972432e-02       8.704361964863e+03 
       1.813384783924e-02       8.703909727508e+03 
       1.814099677348e-02       8.703456079339e+03 
       1.814814652800e-02       8.703001021136e+03 
       1.815529710378e-02       8.702544553699e+03 
       1.816244850178e-02       8.702086677840e+03 
       1.816960072297e-02       8.701627394370e+03 
       1.817675376833e-02       8.701166678468e+03 
       1.818390763883e-02       8.700704583991e+03 
       1.819106233544e-02       8.700241080370e+03 
       1.819821785915e-02       8.699776171991e+03 
       1.820537421093e-02       8.699309859633e+03 
       1.821253139176e-02       8.698842144072e+03 
       1.821968940262e-02       8.698373026090e+03 
       1.822684824449e-02       8.697902506471e+03 
       1.823400791836e-02       8.697430590487e+03 
       1.824116842522e-02       8.696957253476e+03 
       1.824832976604e-02       8.696482532689e+03 
       1.825549194183e-02       8.696006413267e+03 
       1.826265495356e-02       8.695528895975e+03 
       1.826981880223e-02       8.695049981615e+03 
       1.827698348884e-02       8.694569670831e+03 
       1.828414901437e-02       8.694087964668e+03 
       1.829131537983e-02       8.693604848277e+03 
       1.829848258620e-02       8.693120351909e+03 
       1.830565063449e-02       8.692634462489e+03 
       1.831281952571e-02       8.692147184880e+03 
       1.831998926084e-02       8.691658494815e+03 
       1.832715984089e-02       8.691168428966e+03 
       1.833433126688e-02       8.690676972685e+03 
       1.834150353980e-02       8.690184126734e+03 
       1.834867666065e-02       8.689689891874e+03 
       1.835585063047e-02       8.689194268884e+03 
       1.836302545024e-02       8.688697258511e+03 
       1.837020112098e-02       8.688198861386e+03 
       1.837737764372e-02       8.687699078520e+03 
       1.838455501945e-02       8.687197910573e+03 
       1.839173324921e-02       8.686695358322e+03 
       1.839891233400e-02       8.686191422539e+03 
       1.840609227485e-02       8.685686104007e+03 
       1.841327307277e-02       8.685179403508e+03 
       1.842045472880e-02       8.684671321858e+03 
       1.842763724395e-02       8.684161859865e+03 
       1.843482061925e-02       8.683651026283e+03 
       1.844200485573e-02       8.683138749894e+03 
       1.844918995442e-02       8.682625147674e+03 
       1.845637591634e-02       8.682110167659e+03 
       1.846356274254e-02       8.681593810457e+03 
       1.847075043403e-02       8.681076077048e+03 
       1.847793899186e-02       8.680556968069e+03 
       1.848512841707e-02       8.680036484273e+03 
       1.849231871068e-02       8.679514626407e+03 
       1.849950987375e-02       8.678991395222e+03 
       1.850670190731e-02       8.678466791461e+03 
       1.851389481240e-02       8.677940815888e+03 
       1.852108859008e-02       8.677413469241e+03 
       1.852828324137e-02       8.676884752273e+03 
       1.853547876735e-02       8.676354665754e+03 
       1.854267516904e-02       8.675823210442e+03 
       1.854987244750e-02       8.675290387107e+03 
       1.855707060379e-02       8.674756196402e+03 
       1.856426963895e-02       8.674220614856e+03 
       1.857146955405e-02       8.673683689626e+03 
       1.857867035013e-02       8.673145399505e+03 
       1.858587202827e-02       8.672605744820e+03 
       1.859307458951e-02       8.672064726310e+03 
       1.860027803492e-02       8.671522344707e+03 
       1.860748236556e-02       8.670978600765e+03 
       1.861468758250e-02       8.670433495223e+03 
       1.862189368680e-02       8.669887028826e+03 
       1.862910067953e-02       8.669339202313e+03 
       1.863630856177e-02       8.668790016438e+03 
       1.864351733457e-02       8.668239471946e+03 
       1.865072699902e-02       8.667687569474e+03 
       1.865793755619e-02       8.667134309998e+03 
       1.866514900715e-02       8.666579694200e+03 
       1.867236135299e-02       8.666023722867e+03 
       1.867957459477e-02       8.665466362687e+03 
       1.868678873359e-02       8.664907679717e+03 
       1.869400377052e-02       8.664347643152e+03 
       1.870121970666e-02       8.663786253622e+03 
       1.870843654307e-02       8.663223511845e+03 
       1.871565428086e-02       8.662659418556e+03 
       1.872287292110e-02       8.662093974491e+03 
       1.873009246490e-02       8.661527181458e+03 
       1.873731291334e-02       8.660959028793e+03 
       1.874453426752e-02       8.660389536040e+03 
       1.875175652853e-02       8.659818695435e+03 
       1.875897969747e-02       8.659246507619e+03 
       1.876620377544e-02       8.658672973324e+03 
       1.877342876353e-02       8.658098093286e+03 
       1.878065466286e-02       8.657521868242e+03 
       1.878788147452e-02       8.656944298922e+03 
       1.879510919962e-02       8.656365386091e+03 
       1.880233783927e-02       8.655785130494e+03 
       1.880956739458e-02       8.655203532906e+03 
       1.881679786665e-02       8.654620561417e+03 
       1.882402925660e-02       8.654036280287e+03 
       1.883126156554e-02       8.653450658272e+03 
       1.883849479459e-02       8.652863696682e+03 
       1.884572894486e-02       8.652275396446e+03 
       1.885296401748e-02       8.651685758193e+03 
       1.886020001356e-02       8.651094782644e+03 
       1.886743693423e-02       8.650502470515e+03 
       1.887467478060e-02       8.649908822531e+03 
       1.888191355382e-02       8.649313839415e+03 
       1.888915325499e-02       8.648717521920e+03 
       1.889639388526e-02       8.648119871275e+03 
       1.890363544575e-02       8.647520869514e+03 
       1.891087793760e-02       8.646920551872e+03 
       1.891812136193e-02       8.646318902531e+03 
       1.892536571989e-02       8.645715922215e+03 
       1.893261101261e-02       8.645111611524e+03 
       1.893985724124e-02       8.644505971368e+03 
       1.894710440691e-02       8.643899002382e+03 
       1.895435251076e-02       8.643290705291e+03 
       1.896160155395e-02       8.642681080828e+03 
       1.896885153761e-02       8.642070129733e+03 
       1.897610246289e-02       8.641457862332e+03 
       1.898335433095e-02       8.640844226484e+03 
       1.899060714294e-02       8.640229297908e+03 
       1.899786090000e-02       8.639613045315e+03 
       1.900511560330e-02       8.638995469421e+03 
       1.901237125399e-02       8.638376568475e+03 
       1.901962785323e-02       8.637756342051e+03 
       1.902688540217e-02       8.637134799701e+03 
       1.903414390199e-02       8.636511936864e+03 
       1.904140335385e-02       8.635887754168e+03 
       1.904866375890e-02       8.635262252315e+03 
       1.905592511832e-02       8.634635432013e+03 
       1.906318743328e-02       8.634007293970e+03 
       1.907045070495e-02       8.633377838895e+03 
       1.907771493449e-02       8.632747067525e+03 
       1.908498012309e-02       8.632114980591e+03 
       1.909224627193e-02       8.631481578836e+03 
       1.909951338217e-02       8.630846845083e+03 
       1.910678145500e-02       8.630210798620e+03 
       1.911405049160e-02       8.629573453835e+03 
       1.912132049315e-02       8.628934796562e+03 
       1.912859146084e-02       8.628294827690e+03 
       1.913586339586e-02       8.627653547831e+03 
       1.914313629940e-02       8.627010962828e+03 
       1.915041017264e-02       8.626367063461e+03 
       1.915768501677e-02       8.625721855291e+03 
       1.916496083300e-02       8.625075346197e+03 
       1.917223762252e-02       8.624427497133e+03 
       1.917951538653e-02       8.623778365259e+03 
       1.918679412622e-02       8.623127927168e+03 
       1.919407384279e-02       8.622476183545e+03 
       1.920135453746e-02       8.621823135092e+03 
       1.920863621143e-02       8.621168782495e+03 
       1.921591886590e-02       8.620513126344e+03 
       1.922320250208e-02       8.619856167541e+03 
       1.923048712118e-02       8.619197906714e+03 
       1.923777272442e-02       8.618538344577e+03 
       1.924505931301e-02       8.617877454167e+03 
       1.925234688817e-02       8.617215293785e+03 
       1.925963545111e-02       8.616551829840e+03 
       1.926692500306e-02       8.615887067105e+03 
       1.927421554524e-02       8.615221006268e+03 
       1.928150707887e-02       8.614553639913e+03 
       1.928879960517e-02       8.613884984376e+03 
       1.929609312538e-02       8.613215032641e+03 
       1.930338764072e-02       8.612543785445e+03 
       1.931068315243e-02       8.611871243372e+03 
       1.931797966174e-02       8.611197407284e+03 
       1.932527716988e-02       8.610522277797e+03 
       1.933257567809e-02       8.609845855600e+03 
       1.933987518762e-02       8.609168141392e+03 
       1.934717569969e-02       8.608489135877e+03 
       1.935447721556e-02       8.607808839760e+03 
       1.936177973647e-02       8.607127262878e+03 
       1.936908326366e-02       8.606444344567e+03 
       1.937638779839e-02       8.605760178169e+03 
       1.938369334190e-02       8.605074723557e+03 
       1.939099989545e-02       8.604387981411e+03 
       1.939830746029e-02       8.603699952401e+03 
       1.940561603768e-02       8.603010637080e+03 
       1.941292562887e-02       8.602320036327e+03 
       1.942023623514e-02       8.601628150742e+03 
       1.942754785772e-02       8.600934981001e+03 
       1.943486049791e-02       8.600240527789e+03 
       1.944217415695e-02       8.599544791787e+03 
       1.944948883611e-02       8.598847754781e+03 
       1.945680453668e-02       8.598149455618e+03 
       1.946412125991e-02       8.597449873809e+03 
       1.947143900708e-02       8.596749011716e+03 
       1.947875777947e-02       8.596046869988e+03 
       1.948607757836e-02       8.595343449298e+03 
       1.949339840502e-02       8.594638750329e+03 
       1.950072026074e-02       8.593932773641e+03 
       1.950804314681e-02       8.593225520122e+03 
       1.951536706450e-02       8.592516990378e+03 
       1.952269201510e-02       8.591807190263e+03 
       1.953001799991e-02       8.591096080575e+03 
       1.953734502022e-02       8.590383724331e+03 
       1.954467307731e-02       8.589670094303e+03 
       1.955200217249e-02       8.588955191165e+03 
       1.955933230706e-02       8.588239018814e+03 
       1.956666348231e-02       8.587521559686e+03 
       1.957399569954e-02       8.586802840480e+03 
       1.958132896007e-02       8.586082850707e+03 
       1.958866326519e-02       8.585361591016e+03 
       1.959599861621e-02       8.584639061939e+03 
       1.960333501445e-02       8.583915264346e+03 
       1.961067246121e-02       8.583190198842e+03 
       1.961801095781e-02       8.582463866072e+03 
       1.962535050556e-02       8.581736266723e+03 
       1.963269110579e-02       8.581007401481e+03 
       1.964003275981e-02       8.580277270880e+03 
       1.964737546895e-02       8.579545842803e+03 
       1.965471923453e-02       8.578813181151e+03 
       1.966206405787e-02       8.578079256184e+03 
       1.966940994031e-02       8.577344068284e+03 
       1.967675688317e-02       8.576607618104e+03 
       1.968410488780e-02       8.575869906275e+03 
       1.969145395551e-02       8.575130933346e+03 
       1.969880408765e-02       8.574390700179e+03 
       1.970615528557e-02       8.573649207328e+03 
       1.971350755059e-02       8.572906455445e+03 
       1.972086088406e-02       8.572162445191e+03 
       1.972821528733e-02       8.571417184324e+03 
       1.973557076175e-02       8.570670633940e+03 
       1.974292730866e-02       8.569922851055e+03 
       1.975028492941e-02       8.569173812205e+03 
       1.975764362536e-02       8.568423518031e+03 
       1.976500339787e-02       8.567671969181e+03 
       1.977236424829e-02       8.566919166316e+03 
       1.977972617798e-02       8.566165110092e+03 
       1.978708918831e-02       8.565409801019e+03 
       1.979445328064e-02       8.564653240021e+03 
       1.980181845633e-02       8.563895427631e+03 
       1.980918471675e-02       8.563136340832e+03 
       1.981655206328e-02       8.562376025492e+03 
       1.982392049729e-02       8.561614460790e+03 
       1.983129002014e-02       8.560851647014e+03 
       1.983866063323e-02       8.560087584561e+03 
       1.984603233793e-02       8.559322266468e+03 
       1.985340513561e-02       8.558555708672e+03 
       1.986077902767e-02       8.557787904278e+03 
       1.986815401549e-02       8.557018853906e+03 
       1.987553010045e-02       8.556248558190e+03 
       1.988290728396e-02       8.555477017620e+03 
       1.989028556739e-02       8.554704233094e+03 
       1.989766495215e-02       8.553930205149e+03 
       1.990504543963e-02       8.553154934438e+03 
       1.991242703123e-02       8.552378421621e+03 
       1.991980972835e-02       8.551600667367e+03 
       1.992719353239e-02       8.550821682093e+03 
       1.993457844477e-02       8.550041401620e+03 
       1.994196446688e-02       8.549259924128e+03 
       1.994935160015e-02       8.548477207367e+03 
       1.995673984597e-02       8.547693251959e+03 
       1.996412920577e-02       8.546908058527e+03 
       1.997151968096e-02       8.546121627697e+03 
       1.997891127296e-02       8.545333959940e+03 
       1.998630398319e-02       8.544545056151e+03 
       1.999369781308e-02       8.543754916838e+03 
       2.000109276405e-02       8.542963542639e+03 
       2.000848883753e-02       8.542170934044e+03 
       2.001588603495e-02       8.541377074227e+03 
       2.002328435775e-02       8.540581997784e+03 
       2.003068380735e-02       8.539785688804e+03 
       2.003808438519e-02       8.538988147875e+03 
       2.004548609272e-02       8.538189375616e+03 
       2.005288893137e-02       8.537389372658e+03 
       2.006029290259e-02       8.536588139623e+03 
       2.006769800783e-02       8.535785677016e+03 
       2.007510424853e-02       8.534981985676e+03 
       2.008251162614e-02       8.534177066161e+03 
       2.008992014213e-02       8.533370927783e+03 
       2.009732979793e-02       8.532563519819e+03 
       2.010474059502e-02       8.531754917573e+03 
       2.011215253485e-02       8.530945089359e+03 
       2.011956561888e-02       8.530134035829e+03 
       2.012697984859e-02       8.529321756732e+03 
       2.013439522542e-02       8.528508246340e+03 
       2.014181175086e-02       8.527693519758e+03 
       2.014922942638e-02       8.526877570198e+03 
       2.015664825345e-02       8.526060398248e+03 
       2.016406823355e-02       8.525242004406e+03 
       2.017148936815e-02       8.524422389500e+03 
       2.017891165874e-02       8.523601554055e+03 
       2.018633510680e-02       8.522779498693e+03 
       2.019375971382e-02       8.521956224041e+03 
       2.020118548128e-02       8.521131730732e+03 
       2.020861241068e-02       8.520306019188e+03 
       2.021604050351e-02       8.519479056364e+03 
       2.022346976126e-02       8.518650907915e+03 
       2.023090018544e-02       8.517821543247e+03 
       2.023833177753e-02       8.516990962613e+03 
       2.024576453906e-02       8.516159166612e+03 
       2.025319847151e-02       8.515326155851e+03 
       2.026063357640e-02       8.514491930775e+03 
       2.026806985524e-02       8.513656492236e+03 
       2.027550730953e-02       8.512819840723e+03 
       2.028294594081e-02       8.511981976846e+03 
       2.029038575057e-02       8.511142901216e+03 
       2.029782674035e-02       8.510302619780e+03 
       2.030526891165e-02       8.509461098404e+03 
       2.031271226602e-02       8.508618389694e+03 
       2.032015680497e-02       8.507774471431e+03 
       2.032760253004e-02       8.506929344210e+03 
       2.033504944275e-02       8.506083008621e+03 
       2.034249754465e-02       8.505235465267e+03 
       2.034994683726e-02       8.504386714757e+03 
       2.035739732213e-02       8.503536757535e+03 
       2.036484900079e-02       8.502685594484e+03 
       2.037230187480e-02       8.501833226097e+03 
       2.037975594570e-02       8.500979626906e+03 
       2.038721121504e-02       8.500124849420e+03 
       2.039466768437e-02       8.499268866550e+03 
       2.040212535524e-02       8.498411680455e+03 
       2.040958422921e-02       8.497553291726e+03 
       2.041704430785e-02       8.496693692416e+03 
       2.042450559271e-02       8.495832899503e+03 
       2.043196808535e-02       8.494970905658e+03 
       2.043943178735e-02       8.494107711374e+03 
       2.044689670027e-02       8.493243317172e+03 
       2.045436282569e-02       8.492377723829e+03 
       2.046183016518e-02       8.491510931842e+03 
       2.046929872031e-02       8.490642941804e+03 
       2.047676849267e-02       8.489773754314e+03 
       2.048423948384e-02       8.488903369980e+03 
       2.049171169540e-02       8.488031789411e+03 
       2.049918512894e-02       8.487159016077e+03 
       2.050665978605e-02       8.486285006168e+03 
       2.051413566833e-02       8.485409837803e+03 
       2.052161277736e-02       8.484533475151e+03 
       2.052909111475e-02       8.483655918813e+03 
       2.053657068209e-02       8.482777169354e+03 
       2.054405148099e-02       8.481897227205e+03 
       2.055153351306e-02       8.481016093178e+03 
       2.055901677989e-02       8.480133767740e+03 
       2.056650128311e-02       8.479250251469e+03 
       2.057398702433e-02       8.478365544946e+03 
       2.058147400515e-02       8.477479648758e+03 
       2.058896222721e-02       8.476592570307e+03 
       2.059645169212e-02       8.475704270448e+03 
       2.060394240150e-02       8.474814807244e+03 
       2.061143435699e-02       8.473924156474e+03 
       2.061892756020e-02       8.473032318700e+03 
       2.062642201278e-02       8.472139294496e+03 
       2.063391771636e-02       8.471245084432e+03 
       2.064141467257e-02       8.470349688924e+03 
       2.064891288305e-02       8.469453108820e+03 
       2.065641234945e-02       8.468555344584e+03 
       2.066391307342e-02       8.467656396811e+03 
       2.067141505659e-02       8.466756238338e+03 
       2.067891830062e-02       8.465854925979e+03 
       2.068642280716e-02       8.464952428884e+03 
       2.069392857788e-02       8.464048750250e+03 
       2.070143561442e-02       8.463143890555e+03 
       2.070894391845e-02       8.462237841904e+03 
       2.071645349164e-02       8.461330621294e+03 
       2.072396433564e-02       8.460422221345e+03 
       2.073147645214e-02       8.459512642425e+03 
       2.073898984280e-02       8.458601885306e+03 
       2.074650450929e-02       8.457689950456e+03 
       2.075402045330e-02       8.456776838434e+03 
       2.076153767651e-02       8.455862549803e+03 
       2.076905618059e-02       8.454947085132e+03 
       2.077657596725e-02       8.454030444995e+03 
       2.078409703815e-02       8.453112629993e+03 
       2.079161939500e-02       8.452193644582e+03 
       2.079914303949e-02       8.451273441240e+03 
       2.080666797332e-02       8.450352102304e+03 
       2.081419419819e-02       8.449429590362e+03 
       2.082172171580e-02       8.448505905955e+03 
       2.082925052786e-02       8.447581049480e+03 
       2.083678063607e-02       8.446655021734e+03 
       2.084431204214e-02       8.445727823145e+03 
       2.085184474780e-02       8.444799454266e+03 
       2.085937875475e-02       8.443869915645e+03 
       2.086691406472e-02       8.442939207837e+03 
       2.087445067943e-02       8.442007331396e+03 
       2.088198860061e-02       8.441074294679e+03 
       2.088952782998e-02       8.440140055361e+03 
       2.089706836928e-02       8.439204674859e+03 
       2.090461022023e-02       8.438268127691e+03 
       2.091215338458e-02       8.437330414435e+03 
       2.091969786407e-02       8.436391535620e+03 
       2.092724366043e-02       8.435451491625e+03 
       2.093479077542e-02       8.434510283282e+03 
       2.094233921079e-02       8.433567911012e+03 
       2.094988896827e-02       8.432624375375e+03 
       2.095744004964e-02       8.431679676931e+03 
       2.096499245664e-02       8.430733791080e+03 
       2.097254619104e-02       8.429786766666e+03 
       2.098010125460e-02       8.428838580966e+03 
       2.098765764908e-02       8.427889234348e+03 
       2.099521537626e-02       8.426938727343e+03 
       2.100277443790e-02       8.425987050790e+03 
       2.101033483578e-02       8.425034224873e+03 
       2.101789657169e-02       8.424080239040e+03 
       2.102545964739e-02       8.423125094950e+03 
       2.103302406468e-02       8.422168793028e+03 
       2.104058982534e-02       8.421211333810e+03 
       2.104815693115e-02       8.420252717827e+03 
       2.105572538392e-02       8.419292945616e+03 
       2.106329518544e-02       8.418332017712e+03 
       2.107086633751e-02       8.417369934679e+03 
       2.107843884193e-02       8.416406697066e+03 
       2.108601270050e-02       8.415442304949e+03 
       2.109358791503e-02       8.414476723928e+03 
       2.110116448733e-02       8.413510023067e+03 
       2.110874241922e-02       8.412542169488e+03 
       2.111632171251e-02       8.411573163441e+03 
       2.112390236903e-02       8.410603005721e+03 
       2.113148439059e-02       8.409631696712e+03 
       2.113906777903e-02       8.408659236941e+03 
       2.114665253616e-02       8.407685626920e+03 
       2.115423866383e-02       8.406710867169e+03 
       2.116182616387e-02       8.405734958225e+03 
       2.116941503811e-02       8.404757900617e+03 
       2.117700528841e-02       8.403779695887e+03 
       2.118459691659e-02       8.402800322122e+03 
       2.119218992452e-02       8.401819820219e+03 
       2.119978431403e-02       8.400838171546e+03 
       2.120738008700e-02       8.399855376463e+03 
       2.121497724526e-02       8.398871435718e+03 
       2.122257579069e-02       8.397886349720e+03 
       2.123017572514e-02       8.396900119014e+03 
       2.123777705048e-02       8.395912744038e+03 
       2.124537976859e-02       8.394924225396e+03 
       2.125298388133e-02       8.393934563586e+03 
       2.126058939057e-02       8.392943767285e+03 
       2.126819629821e-02       8.391951785713e+03 
       2.127580460612e-02       8.390958695528e+03 
       2.128341431618e-02       8.389964463969e+03 
       2.129102543029e-02       8.388969091550e+03 
       2.129863795034e-02       8.387972582498e+03 
       2.130625187822e-02       8.386974916673e+03 
       2.131386721582e-02       8.385976123950e+03 
       2.132148396506e-02       8.384976192273e+03 
       2.132910212784e-02       8.383975122205e+03 
       2.133672170606e-02       8.382972914082e+03 
       2.134434270163e-02       8.381969568565e+03 
       2.135196511647e-02       8.380965086115e+03 
       2.135958895250e-02       8.379959467242e+03 
       2.136721421164e-02       8.378952712457e+03 
       2.137484089580e-02       8.377944822283e+03 
       2.138246900693e-02       8.376935797263e+03 
       2.139009854695e-02       8.375925638315e+03 
       2.139772951779e-02       8.374914306064e+03 
       2.140536192139e-02       8.373901876550e+03 
       2.141299575969e-02       8.372888313790e+03 
       2.142063103464e-02       8.371873618349e+03 
       2.142826774818e-02       8.370857790483e+03 
       2.143590590226e-02       8.369840830911e+03 
       2.144354549884e-02       8.368822740041e+03 
       2.145118653988e-02       8.367803518381e+03 
       2.145882902732e-02       8.366783166419e+03 
       2.146647296315e-02       8.365761684658e+03 
       2.147411834932e-02       8.364739073593e+03 
       2.148176518781e-02       8.363715311639e+03 
       2.148941348058e-02       8.362690445141e+03 
       2.149706322963e-02       8.361664447416e+03 
       2.150471443692e-02       8.360637322266e+03 
       2.151236710444e-02       8.359609070040e+03 
       2.152002123419e-02       8.358579691223e+03 
       2.152767682814e-02       8.357549186299e+03 
       2.153533388830e-02       8.356517555750e+03 
       2.154299241666e-02       8.355484800082e+03 
       2.155065241522e-02       8.354450919789e+03 
       2.155831388599e-02       8.353415915278e+03 
       2.156597683098e-02       8.352379761387e+03 
       2.157364125219e-02       8.351342507869e+03 
       2.158130715165e-02       8.350304131843e+03 
       2.158897453137e-02       8.349264633214e+03 
       2.159664339337e-02       8.348224012530e+03 
       2.160431373968e-02       8.347182261594e+03 
       2.161198557232e-02       8.346139397935e+03 
       2.161965889334e-02       8.345095413580e+03 
       2.162733370476e-02       8.344050309036e+03 
       2.163501000862e-02       8.343004084769e+03 
       2.164268780697e-02       8.341956741261e+03 
       2.165036710186e-02       8.340908278983e+03 
       2.165804789533e-02       8.339858698412e+03 
       2.166573018944e-02       8.338808000076e+03 
       2.167341398624e-02       8.337756184340e+03 
       2.168109928779e-02       8.336703251695e+03 
       2.168878609617e-02       8.335649207237e+03 
       2.169647441343e-02       8.334594000430e+03 
       2.170416424165e-02       8.333537717567e+03 
       2.171185558291e-02       8.332480319377e+03 
       2.171954843927e-02       8.331421806340e+03 
       2.172724281283e-02       8.330362178906e+03 
       2.173493870567e-02       8.329301437549e+03 
       2.174263611988e-02       8.328239582720e+03 
       2.175033505755e-02       8.327176614885e+03 
       2.175803552078e-02       8.326112534581e+03 
       2.176573751166e-02       8.325047342050e+03 
       2.177344103231e-02       8.323981037994e+03 
       2.178114608483e-02       8.322913630203e+03 
       2.178885267133e-02       8.321845076661e+03 
       2.179656079393e-02       8.320775439025e+03 
       2.180427045474e-02       8.319704691412e+03 
       2.181198165589e-02       8.318632834271e+03 
       2.181969439951e-02       8.317559868051e+03 
       2.182740868771e-02       8.316485793213e+03 
       2.183512452265e-02       8.315410610214e+03 
       2.184284190644e-02       8.314334319516e+03 
       2.185056084124e-02       8.313256921587e+03 
       2.185828132919e-02       8.312178416918e+03 
       2.186600337244e-02       8.311098791835e+03 
       2.187372697314e-02       8.310018061148e+03 
       2.188145213344e-02       8.308936236815e+03 
       2.188917885550e-02       8.307853307272e+03 
       2.189690714150e-02       8.306769272963e+03 
       2.190463699359e-02       8.305684123730e+03 
       2.191236841395e-02       8.304597882190e+03 
       2.192010140475e-02       8.303510535496e+03 
       2.192783596817e-02       8.302422085715e+03 
       2.193557210639e-02       8.301332533280e+03 
       2.194330982161e-02       8.300241878630e+03 
       2.195104911600e-02       8.299150122210e+03 
       2.195878999176e-02       8.298057264470e+03 
       2.196653245110e-02       8.296963305725e+03 
       2.197427649621e-02       8.295868246659e+03 
       2.198202212930e-02       8.294772087644e+03 
       2.198976935258e-02       8.293674828582e+03 
       2.199751816825e-02       8.292576434522e+03 
       2.200526857855e-02       8.291476975525e+03 
       2.201302058569e-02       8.290376418096e+03 
       2.202077419189e-02       8.289274762610e+03 
       2.202852939939e-02       8.288172009433e+03 
       2.203628621041e-02       8.287068158988e+03 
       2.204404462720e-02       8.285963211699e+03 
       2.205180465200e-02       8.284857168005e+03 
       2.205956628704e-02       8.283750028335e+03 
       2.206732953459e-02       8.282641792961e+03 
       2.207509439688e-02       8.281532462611e+03 
       2.208286087619e-02       8.280422041153e+03 
       2.209062897476e-02       8.279310498386e+03 
       2.209839869487e-02       8.278197883863e+03 
       2.210617003878e-02       8.277084175728e+03 
       2.211394300876e-02       8.275969374421e+03 
       2.212171760710e-02       8.274853480362e+03 
       2.212949383608e-02       8.273736493974e+03 
       2.213727169797e-02       8.272618415679e+03 
       2.214505119507e-02       8.271499245910e+03 
       2.215283232967e-02       8.270378985111e+03 
       2.216061510407e-02       8.269257633563e+03 
       2.216839952057e-02       8.268135202445e+03 
       2.217618558147e-02       8.267011632925e+03 
       2.218397328909e-02       8.265887010190e+03 
       2.219176264574e-02       8.264761298275e+03 
       2.219955365373e-02       8.263634497597e+03 
       2.220734631539e-02       8.262506605929e+03 
       2.221514063304e-02       8.261377621975e+03 
       2.222293660902e-02       8.260247556752e+03 
       2.223073424566e-02       8.259116404307e+03 
       2.223853354529e-02       8.257984165057e+03 
       2.224633451027e-02       8.256850839503e+03 
       2.225413714293e-02       8.255716427628e+03 
       2.226194144562e-02       8.254580930376e+03 
       2.226974742072e-02       8.253444347965e+03 
       2.227755507056e-02       8.252306680823e+03 
       2.228536439752e-02       8.251167929377e+03 
       2.229317540396e-02       8.250028094068e+03 
       2.230098809226e-02       8.248887135533e+03 
       2.230880246480e-02       8.247745133581e+03 
       2.231661852395e-02       8.246602046108e+03 
       2.232443627210e-02       8.245457876002e+03 
       2.233225571163e-02       8.244312623658e+03 
       2.234007684495e-02       8.243166289474e+03 
       2.234789967445e-02       8.242018873846e+03 
       2.235572420253e-02       8.240870376992e+03 
       2.236355043160e-02       8.239720799623e+03 
       2.237137836407e-02       8.238570142005e+03 
       2.237920800236e-02       8.237418404543e+03 
       2.238703934888e-02       8.236265587318e+03 
       2.239487240606e-02       8.235111671827e+03 
       2.240270717633e-02       8.233956695773e+03 
       2.241054366212e-02       8.232800641295e+03 
       2.241838186587e-02       8.231643508747e+03 
       2.242622179001e-02       8.230485298516e+03 
       2.243406343700e-02       8.229326010997e+03 
       2.244190680929e-02       8.228165646580e+03 
       2.244975190933e-02       8.227004205488e+03 
       2.245759873958e-02       8.225841688417e+03 
       2.246544730250e-02       8.224678095641e+03 
       2.247329760056e-02       8.223513436689e+03 
       2.248114963624e-02       8.222347656914e+03 
       2.248900341202e-02       8.221180837374e+03 
       2.249685893036e-02       8.220012943414e+03 
       2.250471619377e-02       8.218843975441e+03 
       2.251257520473e-02       8.217673937222e+03 
       2.252043596573e-02       8.216502809322e+03 
       2.252829847929e-02       8.215330620841e+03 
       2.253616274789e-02       8.214157359757e+03 
       2.254402877405e-02       8.212983026278e+03 
       2.255189656029e-02       8.211807621064e+03 
       2.255976610911e-02       8.210631144364e+03 
       2.256763742306e-02       8.209453596563e+03 
       2.257551050464e-02       8.208274978043e+03 
       2.258338535640e-02       8.207095289189e+03 
       2.259126198087e-02       8.205914530405e+03 
       2.259914038059e-02       8.204732702074e+03 
       2.260702055811e-02       8.203549763656e+03 
       2.261490251597e-02       8.202365798504e+03 
       2.262278625674e-02       8.201180760882e+03 
       2.263067178297e-02       8.199994654840e+03 
       2.263855909724e-02       8.198807480580e+03 
       2.264644820209e-02       8.197619238737e+03 
       2.265433910012e-02       8.196429929547e+03 
       2.266223179390e-02       8.195239553379e+03 
       2.267012628602e-02       8.194048110599e+03 
       2.267802257905e-02       8.192855601574e+03 
       2.268592067560e-02       8.191662026679e+03 
       2.269382057826e-02       8.190467385964e+03 
       2.270172228964e-02       8.189271661035e+03 
       2.270962581234e-02       8.188074889162e+03 
       2.271753114898e-02       8.186877052840e+03 
       2.272543830217e-02       8.185678152253e+03 
       2.273334727453e-02       8.184478187600e+03 
       2.274125806869e-02       8.183277159499e+03 
       2.274917068728e-02       8.182075068187e+03 
       2.275708513294e-02       8.180871914026e+03 
       2.276500140831e-02       8.179667697382e+03 
       2.277291951604e-02       8.178462418626e+03 
       2.278083945877e-02       8.177256083452e+03 
       2.278876123916e-02       8.176048648622e+03 
       2.279668485988e-02       8.174840183825e+03 
       2.280461032359e-02       8.173630657899e+03 
       2.281253763296e-02       8.172420071466e+03 
       2.282046679066e-02       8.171208427888e+03 
       2.282839779938e-02       8.169995708448e+03 
       2.283633066179e-02       8.168781941565e+03 
       2.284426538061e-02       8.167567115365e+03 
       2.285220195851e-02       8.166351230189e+03 
       2.286014039819e-02       8.165134286374e+03 
       2.286808070238e-02       8.163916284260e+03 
       2.287602287376e-02       8.162697224188e+03 
       2.288396691507e-02       8.161477106520e+03 
       2.289191282902e-02       8.160255931598e+03 
       2.289986061834e-02       8.159033699783e+03 
       2.290781028575e-02       8.157810411458e+03 
       2.291576183400e-02       8.156586069787e+03 
       2.292371526582e-02       8.155360626680e+03 
       2.293167058397e-02       8.154134167876e+03 
       2.293962779119e-02       8.152906653523e+03 
       2.294758689023e-02       8.151678083937e+03 
       2.295554788387e-02       8.150448459469e+03 
       2.296351077487e-02       8.149217780420e+03 
       2.297147556600e-02       8.147986047124e+03 
       2.297944226004e-02       8.146753259923e+03 
       2.298741085976e-02       8.145519419146e+03 
       2.299538136797e-02       8.144284525127e+03 
       2.300335378744e-02       8.143048578217e+03 
       2.301132812098e-02       8.141811555976e+03 
       2.301930437140e-02       8.140573505606e+03 
       2.302728254150e-02       8.139334400306e+03 
       2.303526263409e-02       8.138094243188e+03 
       2.304324465199e-02       8.136853034568e+03 
       2.305122859804e-02       8.135610774821e+03 
       2.305921447505e-02       8.134367464090e+03 
       2.306720228587e-02       8.133123102874e+03 
       2.307519203334e-02       8.131877691454e+03 
       2.308318372029e-02       8.130631230162e+03 
       2.309117734959e-02       8.129383718331e+03 
       2.309917292408e-02       8.128135131645e+03 
       2.310717044664e-02       8.126885520941e+03 
       2.311516992012e-02       8.125634861074e+03 
       2.312317134741e-02       8.124383152778e+03 
       2.313117473138e-02       8.123130397151e+03 
       2.313918007491e-02       8.121876582267e+03 
       2.314718738089e-02       8.120621729611e+03 
       2.315519665222e-02       8.119365829398e+03 
       2.316320789180e-02       8.118108882162e+03 
       2.317122110254e-02       8.116850888134e+03 
       2.317923628734e-02       8.115591847615e+03 
       2.318725344912e-02       8.114331760911e+03 
       2.319527259081e-02       8.113070628341e+03 
       2.320329371533e-02       8.111808450216e+03 
       2.321131682561e-02       8.110545226713e+03 
       2.321934192460e-02       8.109280958415e+03 
       2.322736901524e-02       8.108015657839e+03 
       2.323539810049e-02       8.106749248850e+03 
       2.324342918328e-02       8.105481844841e+03 
       2.325146226660e-02       8.104213396771e+03 
       2.325949735340e-02       8.102943904917e+03 
       2.326753444666e-02       8.101673369580e+03 
       2.327557354936e-02       8.100401791045e+03 
       2.328361466448e-02       8.099129169600e+03 
       2.329165779501e-02       8.097855505546e+03 
       2.329970294394e-02       8.096580799163e+03 
       2.330775011429e-02       8.095305050635e+03 
       2.331579930905e-02       8.094028260486e+03 
       2.332385053124e-02       8.092750430445e+03 
       2.333190378388e-02       8.091471535113e+03 
       2.333995906999e-02       8.090191619978e+03 
       2.334801639260e-02       8.088910664061e+03 
       2.335607575475e-02       8.087628667639e+03 
       2.336413715948e-02       8.086345630999e+03 
       2.337220060984e-02       8.085061554420e+03 
       2.338026610889e-02       8.083776438186e+03 
       2.338833365968e-02       8.082490282597e+03 
       2.339640326527e-02       8.081203087946e+03 
       2.340447492874e-02       8.079914854419e+03 
       2.341254865318e-02       8.078625550804e+03 
       2.342062444165e-02       8.077335243201e+03 
       2.342870229725e-02       8.076043892998e+03 
       2.343678222307e-02       8.074751504879e+03 
       2.344486422223e-02       8.073458079073e+03 
       2.345294829781e-02       8.072163606588e+03 
       2.346103445294e-02       8.070868105610e+03 
       2.346912269074e-02       8.069571567782e+03 
       2.347721301433e-02       8.068273993287e+03 
       2.348530542685e-02       8.066975382396e+03 
       2.349339993142e-02       8.065675735376e+03 
       2.350149653120e-02       8.064375052389e+03 
       2.350959522933e-02       8.063073333818e+03 
       2.351769602897e-02       8.061770579977e+03 
       2.352579893328e-02       8.060466791099e+03 
       2.353390394543e-02       8.059161967473e+03 
       2.354201106860e-02       8.057856107990e+03 
       2.355012030596e-02       8.056549177836e+03 
       2.355823166070e-02       8.055241249051e+03 
       2.356634513601e-02       8.053932286024e+03 
       2.357446073510e-02       8.052622289191e+03 
       2.358257846117e-02       8.051311258806e+03 
       2.359069831742e-02       8.049999195117e+03 
       2.359882030709e-02       8.048686098207e+03 
       2.360694443338e-02       8.047371968617e+03 
       2.361507069954e-02       8.046056806470e+03 
       2.362319910880e-02       8.044740612026e+03 
       2.363132966440e-02       8.043423385550e+03 
       2.363946236960e-02       8.042105131914e+03 
       2.364759722764e-02       8.040785816735e+03 
       2.365573424179e-02       8.039465494199e+03 
       2.366387341532e-02       8.038144140415e+03 
       2.367201475150e-02       8.036821755630e+03 
       2.368015825362e-02       8.035498340091e+03 
       2.368830392496e-02       8.034173894038e+03 
       2.369645176882e-02       8.032848417539e+03 
       2.370460178850e-02       8.031521911148e+03 
       2.371275398731e-02       8.030194374984e+03 
       2.372090836856e-02       8.028865809305e+03 
       2.372906493556e-02       8.027536225806e+03 
       2.373722369166e-02       8.026205561717e+03 
       2.374538464018e-02       8.024873906890e+03 
       2.375354778446e-02       8.023541223244e+03 
       2.376171312784e-02       8.022207511013e+03 
       2.376988067369e-02       8.020872770829e+03 
       2.377805042537e-02       8.019536992187e+03 
       2.378622238623e-02       8.018200194892e+03 
       2.379439655965e-02       8.016862369654e+03 
       2.380257294901e-02       8.015523517016e+03 
       2.381075155771e-02       8.014183637065e+03 
       2.381893238913e-02       8.012842730027e+03 
       2.382711544667e-02       8.011500796135e+03 
       2.383530073373e-02       8.010157835618e+03 
       2.384348825375e-02       8.008813848731e+03 
       2.385167801013e-02       8.007468835718e+03 
       2.385987000630e-02       8.006122806008e+03 
       2.386806424569e-02       8.004775694258e+03 
       2.387626073175e-02       8.003427601543e+03 
       2.388445946793e-02       8.002078483082e+03 
       2.389266045768e-02       8.000728339336e+03 
       2.390086370445e-02       7.999377170439e+03 
       2.390906921173e-02       7.998024976507e+03 
       2.391727698298e-02       7.996671757840e+03 
       2.392548702169e-02       7.995317514623e+03 
       2.393369933135e-02       7.993962247070e+03 
       2.394191391545e-02       7.992605955413e+03 
       2.395013077750e-02       7.991248639181e+03 
       2.395834992101e-02       7.989890280943e+03 
       2.396657134949e-02       7.988530916947e+03 
       2.397479506647e-02       7.987170529409e+03 
       2.398302107549e-02       7.985809118450e+03 
       2.399124938007e-02       7.984446684549e+03 
       2.399947998377e-02       7.983083227784e+03 
       2.400771289014e-02       7.981718748362e+03 
       2.401594810274e-02       7.980353246488e+03 
       2.402418562513e-02       7.978986722372e+03 
       2.403242546089e-02       7.977619176206e+03 
       2.404066761361e-02       7.976250581187e+03 
       2.404891208687e-02       7.974880990614e+03 
       2.405715888427e-02       7.973510377554e+03 
       2.406540800940e-02       7.972138743022e+03 
       2.407365946589e-02       7.970766090511e+03 
       2.408191325735e-02       7.969392395220e+03 
       2.409016938741e-02       7.968017696276e+03 
       2.409842785969e-02       7.966641976443e+03 
       2.410668867784e-02       7.965265235909e+03 
       2.411495184550e-02       7.963887474846e+03 
       2.412321736634e-02       7.962508693444e+03 
       2.413148524401e-02       7.961128891873e+03 
       2.413975548217e-02       7.959748070311e+03 
       2.414802808452e-02       7.958366228939e+03 
       2.415630305474e-02       7.956983367934e+03 
       2.416458039650e-02       7.955599487478e+03 
       2.417286011353e-02       7.954214587610e+03 
       2.418114220951e-02       7.952828668748e+03 
       2.418942668817e-02       7.951441730990e+03 
       2.419771355324e-02       7.950053774533e+03 
       2.420600280843e-02       7.948664799581e+03 
       2.421429445749e-02       7.947274806349e+03 
       2.422258850416e-02       7.945883793051e+03 
       2.423088495219e-02       7.944491704747e+03 
       2.423918380535e-02       7.943098653796e+03 
       2.424748506740e-02       7.941704584565e+03 
       2.425578874213e-02       7.940309497392e+03 
       2.426409483330e-02       7.938913392427e+03 
       2.427240334472e-02       7.937516269672e+03 
       2.428071428018e-02       7.936118129542e+03 
       2.428902764349e-02       7.934718972070e+03 
       2.429734343847e-02       7.933318797411e+03 
       2.430566166893e-02       7.931917612264e+03 
       2.431398233872e-02       7.930515404101e+03 
       2.432230545165e-02       7.929112179267e+03 
       2.433063101159e-02       7.927707937926e+03 
       2.433895902239e-02       7.926302680252e+03 
       2.434728948791e-02       7.924896407203e+03 
       2.435562241201e-02       7.923489087234e+03 
       2.436395779858e-02       7.922080779376e+03 
       2.437229565151e-02       7.920671455415e+03 
       2.438063597468e-02       7.919261115724e+03 
       2.438897877200e-02       7.917849760310e+03 
       2.439732404738e-02       7.916437389312e+03 
       2.440567180473e-02       7.915024002872e+03 
       2.441402204799e-02       7.913609601127e+03 
       2.442237478109e-02       7.912194184232e+03 
       2.443073000797e-02       7.910777752327e+03 
       2.443908773258e-02       7.909360305558e+03 
       2.444744795889e-02       7.907941844081e+03 
       2.445581069085e-02       7.906522368054e+03 
       2.446417593245e-02       7.905101877491e+03 
       2.447254368766e-02       7.903680372204e+03 
       2.448091396049e-02       7.902257815235e+03 
       2.448928675492e-02       7.900834279139e+03 
       2.449766207498e-02       7.899409729465e+03 
       2.450603992467e-02       7.897984165716e+03 
       2.451442030802e-02       7.896557588016e+03 
       2.452280322907e-02       7.895129996499e+03 
       2.453118869186e-02       7.893701390969e+03 
       2.453957670044e-02       7.892271762717e+03 
       2.454796725886e-02       7.890841129839e+03 
       2.455636037121e-02       7.889409483495e+03 
       2.456475604154e-02       7.887976823672e+03 
       2.457315427396e-02       7.886543150782e+03 
       2.458155507254e-02       7.885108464823e+03 
       2.458995844140e-02       7.883672765895e+03 
       2.459836438464e-02       7.882236054149e+03 
       2.460677290638e-02       7.880798329695e+03 
       2.461518401076e-02       7.879359592686e+03 
       2.462359770190e-02       7.877919843256e+03 
       2.463201398396e-02       7.876479092822e+03 
       2.464043286109e-02       7.875037267608e+03 
       2.464885433744e-02       7.873594478798e+03 
       2.465727841720e-02       7.872150677522e+03 
       2.466570510453e-02       7.870705864110e+03 
       2.467413440364e-02       7.869260038556e+03 
       2.468256631872e-02       7.867813200960e+03 
       2.469100085397e-02       7.866365351419e+03 
       2.469943801362e-02       7.864916490034e+03 
       2.470787780189e-02       7.863466616904e+03 
       2.471632022300e-02       7.862015732145e+03 
       2.472476528121e-02       7.860563835869e+03 
       2.473321298076e-02       7.859110923551e+03 
       2.474166332592e-02       7.857656987692e+03 
       2.475011632096e-02       7.856202055869e+03 
       2.475857197015e-02       7.854746112530e+03 
       2.476703027778e-02       7.853289158061e+03 
       2.477549124815e-02       7.851831192417e+03 
       2.478395488557e-02       7.850372215693e+03 
       2.479242119435e-02       7.848912227983e+03 
       2.480089017881e-02       7.847451229382e+03 
       2.480936184330e-02       7.845989220003e+03 
       2.481783619215e-02       7.844526199779e+03 
       2.482631322971e-02       7.843062141772e+03 
       2.483479296035e-02       7.841597098433e+03 
       2.484327538844e-02       7.840131044670e+03 
       2.485176051836e-02       7.838663980148e+03 
       2.486024835450e-02       7.837195904841e+03 
       2.486873890125e-02       7.835726809903e+03 
       2.487723216303e-02       7.834256713431e+03 
       2.488572814425e-02       7.832785606472e+03 
       2.489422684935e-02       7.831313489143e+03 
       2.490272828275e-02       7.829840361510e+03 
       2.491123244891e-02       7.828366223651e+03 
       2.491973935229e-02       7.826891075637e+03 
       2.492824899733e-02       7.825414917543e+03 
       2.493676138854e-02       7.823937749454e+03 
       2.494527653037e-02       7.822459571453e+03 
       2.495379442735e-02       7.820980383471e+03 
       2.496231508395e-02       7.819500192233e+03 
       2.497083850471e-02       7.818018938384e+03 
       2.497936469415e-02       7.816536718689e+03 
       2.498789365679e-02       7.815053489042e+03 
       2.499642539718e-02       7.813569249503e+03 
       2.500495991988e-02       7.812084000130e+03 
       2.501349722945e-02       7.810597740958e+03 
       2.502203733046e-02       7.809110472031e+03 
       2.503058022750e-02       7.807622193402e+03 
       2.503912592515e-02       7.806132905118e+03 
       2.504767442802e-02       7.804642607076e+03 
       2.505622574073e-02       7.803151299596e+03 
       2.506477986789e-02       7.801658990255e+03 
       2.507333681414e-02       7.800165634806e+03 
       2.508189658413e-02       7.798671297422e+03 
       2.509045918250e-02       7.797175950456e+03 
       2.509902461392e-02       7.795679593957e+03 
       2.510759288306e-02       7.794182228033e+03 
       2.511616399461e-02       7.792683852504e+03 
       2.512473795327e-02       7.791184467630e+03 
       2.513331476372e-02       7.789684073389e+03 
       2.514189443070e-02       7.788182669828e+03 
       2.515047695892e-02       7.786680256820e+03 
       2.515906235312e-02       7.785176830973e+03 
       2.516765061804e-02       7.783672374001e+03 
       2.517624175845e-02       7.782166931397e+03 
       2.518483577911e-02       7.780660479370e+03 
       2.519343268479e-02       7.779153017931e+03 
       2.520203248028e-02       7.777644536267e+03 
       2.521063517038e-02       7.776135056854e+03 
       2.521924075991e-02       7.774624566620e+03 
       2.522784925367e-02       7.773113066826e+03 
       2.523646065650e-02       7.771600557674e+03 
       2.524507497324e-02       7.770087038945e+03 
       2.525369220873e-02       7.768572510958e+03 
       2.526231236785e-02       7.767056973605e+03 
       2.527093545547e-02       7.765540426916e+03 
       2.527956147646e-02       7.764022870927e+03 
       2.528819043572e-02       7.762504305672e+03 
       2.529682233816e-02       7.760984738784e+03 
       2.530545718870e-02       7.759464107943e+03 
       2.531409499225e-02       7.757942512237e+03 
       2.532273575376e-02       7.756419906944e+03 
       2.533137947818e-02       7.754896291986e+03 
       2.534002617046e-02       7.753371667291e+03 
       2.534867583558e-02       7.751846033086e+03 
       2.535732847851e-02       7.750319389239e+03 
       2.536598410426e-02       7.748791735743e+03 
       2.537464271783e-02       7.747263072595e+03 
       2.538330432422e-02       7.745733399788e+03 
       2.539196892847e-02       7.744202717339e+03 
       2.540063653562e-02       7.742671001450e+03 
       2.540930715071e-02       7.741138302005e+03 
       2.541798077880e-02       7.739604588916e+03 
       2.542665742497e-02       7.738069865987e+03 
       2.543533709429e-02       7.736534133006e+03 
       2.544401979187e-02       7.734997390203e+03 
       2.545270552281e-02       7.733459637456e+03 
       2.546139429222e-02       7.731920874760e+03 
       2.547008610523e-02       7.730381102098e+03 
       2.547878096699e-02       7.728840319466e+03 
       2.548747888264e-02       7.727298534496e+03 
       2.549617985735e-02       7.725755695990e+03 
       2.550488389629e-02       7.724211881358e+03 
       2.551359100465e-02       7.722667056296e+03 
       2.552230118764e-02       7.721121220922e+03 
       2.553101445044e-02       7.719574376216e+03 
       2.553973079830e-02       7.718026508804e+03 
       2.554845023645e-02       7.716477641308e+03 
       2.555717277012e-02       7.714927763181e+03 
       2.556589840457e-02       7.713376874380e+03 
       2.557462714509e-02       7.711824974865e+03 
       2.558335899693e-02       7.710272064598e+03 
       2.559209396541e-02       7.708718143552e+03 
       2.560083205582e-02       7.707163211695e+03 
       2.560957327349e-02       7.705607269001e+03 
       2.561831762373e-02       7.704050315461e+03 
       2.562706511189e-02       7.702492351161e+03 
       2.563581574333e-02       7.700933336530e+03 
       2.564456952341e-02       7.699373347314e+03 
       2.565332645751e-02       7.697812346757e+03 
       2.566208655102e-02       7.696250334714e+03 
       2.567084980934e-02       7.694687311308e+03 
       2.567961623789e-02       7.693123275896e+03 
       2.568838584208e-02       7.691558228988e+03 
       2.569715862737e-02       7.689992170326e+03 
       2.570593459921e-02       7.688425099847e+03 
       2.571471376305e-02       7.686857017497e+03 
       2.572349612438e-02       7.685287923209e+03 
       2.573228168869e-02       7.683717795376e+03 
       2.574107046147e-02       7.682146677037e+03 
       2.574986244825e-02       7.680574544927e+03 
       2.575865765454e-02       7.679001400397e+03 
       2.576745608590e-02       7.677427243369e+03 
       2.577625774787e-02       7.675852073766e+03 
       2.578506264601e-02       7.674275891521e+03 
       2.579387078592e-02       7.672698696555e+03 
       2.580268217317e-02       7.671120488800e+03 
       2.581149681337e-02       7.669541268198e+03 
       2.582031471215e-02       7.667961042384e+03 
       2.582913587512e-02       7.666379759847e+03 
       2.583796030794e-02       7.664797498141e+03 
       2.584678801625e-02       7.663214222995e+03 
       2.585561900574e-02       7.661629934296e+03 
       2.586445328207e-02       7.660044630784e+03 
       2.587329085096e-02       7.658458305901e+03 
       2.588213171810e-02       7.656870975209e+03 
       2.589097588921e-02       7.655282630461e+03 
       2.589982337004e-02       7.653693271555e+03 
       2.590867416634e-02       7.652102898392e+03 
       2.591752828385e-02       7.650511510876e+03 
       2.592638572837e-02       7.648919108748e+03 
       2.593524650567e-02       7.647325692188e+03 
       2.594411062157e-02       7.645731260988e+03 
       2.595297808188e-02       7.644135815069e+03 
       2.596184889242e-02       7.642539359148e+03 
       2.597072305904e-02       7.640941839519e+03 
       2.597960058760e-02       7.639343346042e+03 
       2.598848148397e-02       7.637743837138e+03 
       2.599736575403e-02       7.636143312371e+03 
       2.600625340368e-02       7.634541771921e+03 
       2.601514443883e-02       7.632939215560e+03 
       2.602403886541e-02       7.631335642994e+03 
       2.603293668936e-02       7.629731054368e+03 
       2.604183791664e-02       7.628125449436e+03 
       2.605074255320e-02       7.626518828080e+03 
       2.605965060503e-02       7.624911190178e+03 
       2.606856207814e-02       7.623302513569e+03 
       2.607747697852e-02       7.621692842731e+03 
       2.608639531220e-02       7.620082152787e+03 
       2.609531708523e-02       7.618470445553e+03 
       2.610424230365e-02       7.616857720886e+03 
       2.611317097353e-02       7.615243978650e+03 
       2.612210310095e-02       7.613629218541e+03 
       2.613103869201e-02       7.612013440696e+03 
       2.613997775282e-02       7.610396644862e+03 
       2.614892028950e-02       7.608778830912e+03 
       2.615786630819e-02       7.607160010083e+03 
       2.616681581505e-02       7.605540119743e+03 
       2.617576881625e-02       7.603919248518e+03 
       2.618472531796e-02       7.602297358311e+03 
       2.619368532640e-02       7.600674448967e+03 
       2.620264884775e-02       7.599050509242e+03 
       2.621161588827e-02       7.597425562197e+03 
       2.622058645419e-02       7.595799593549e+03 
       2.622956055176e-02       7.594172605115e+03 
       2.623853818726e-02       7.592544596602e+03 
       2.624751936697e-02       7.590915567841e+03 
       2.625650409720e-02       7.589285518665e+03 
       2.626549238427e-02       7.587654448906e+03 
       2.627448423451e-02       7.586022358414e+03 
       2.628347965426e-02       7.584389247111e+03 
       2.629247864989e-02       7.582755114615e+03 
       2.630148122777e-02       7.581119975264e+03 
       2.631048739431e-02       7.579483746394e+03 
       2.631949715590e-02       7.577846546812e+03 
       2.632851051898e-02       7.576208325222e+03 
       2.633752748998e-02       7.574569081304e+03 
       2.634654807536e-02       7.572928814862e+03 
       2.635557228159e-02       7.571287525701e+03 
       2.636460011515e-02       7.569645213623e+03 
       2.637363158256e-02       7.568001878441e+03 
       2.638266669031e-02       7.566357519958e+03 
       2.639170544496e-02       7.564712137986e+03 
       2.640074785305e-02       7.563065731665e+03 
       2.640979392114e-02       7.561418282417e+03 
       2.641884365582e-02       7.559769827223e+03 
       2.642789706369e-02       7.558120347603e+03 
       2.643695415135e-02       7.556469843263e+03 
       2.644601492543e-02       7.554818313996e+03 
       2.645507939259e-02       7.553165759585e+03 
       2.646414755948e-02       7.551512179818e+03 
       2.647321943278e-02       7.549857574496e+03 
       2.648229501919e-02       7.548201943420e+03 
       2.649137432541e-02       7.546545286380e+03 
       2.650045735818e-02       7.544887571720e+03 
       2.650954412424e-02       7.543228864812e+03 
       2.651863463034e-02       7.541569126303e+03 
       2.652772888326e-02       7.539908360823e+03 
       2.653682688980e-02       7.538246567664e+03 
       2.654592865677e-02       7.536583738046e+03 
       2.655503419098e-02       7.534919889201e+03 
       2.656414349930e-02       7.533255012165e+03 
       2.657325658856e-02       7.531589106744e+03 
       2.658237346566e-02       7.529922172691e+03 
       2.659149413749e-02       7.528254209764e+03 
       2.660061861095e-02       7.526585217728e+03 
       2.660974689298e-02       7.524915196348e+03 
       2.661887899052e-02       7.523244145194e+03 
       2.662801491053e-02       7.521572064379e+03 
       2.663715465999e-02       7.519898953520e+03 
       2.664629824589e-02       7.518224768952e+03 
       2.665544567526e-02       7.516549600359e+03 
       2.666459695512e-02       7.514873394918e+03 
       2.667375209252e-02       7.513196158066e+03 
       2.668291109453e-02       7.511517889511e+03 
       2.669207396822e-02       7.509838588992e+03 
       2.670124072071e-02       7.508158256246e+03 
       2.671041135911e-02       7.506476890848e+03 
       2.671958589056e-02       7.504794492790e+03 
       2.672876432220e-02       7.503111061693e+03 
       2.673794666122e-02       7.501426597298e+03 
       2.674713291481e-02       7.499741107668e+03 
       2.675632309016e-02       7.498054546716e+03 
       2.676551719452e-02       7.496366979238e+03 
       2.677471523511e-02       7.494678377236e+03 
       2.678391721921e-02       7.492988740125e+03 
       2.679312315409e-02       7.491298067913e+03 
       2.680233304706e-02       7.489606360221e+03 
       2.681154690542e-02       7.487913616594e+03 
       2.682076473652e-02       7.486219837035e+03 
       2.682998654771e-02       7.484525021148e+03 
       2.683921234636e-02       7.482829171317e+03 
       2.684844213985e-02       7.481132251700e+03 
       2.685767593561e-02       7.479434323101e+03 
       2.686691374106e-02       7.477735356753e+03 
       2.687615556365e-02       7.476035352335e+03 
       2.688540141083e-02       7.474334312649e+03 
       2.689465129010e-02       7.472632218307e+03 
       2.690390520896e-02       7.470929097098e+03 
       2.691316317493e-02       7.469224936280e+03 
       2.692242519555e-02       7.467519735852e+03 
       2.693169127839e-02       7.465813495356e+03 
       2.694096143101e-02       7.464106214461e+03 
       2.695023566103e-02       7.462397892878e+03 
       2.695951397605e-02       7.460688530266e+03 
       2.696879638372e-02       7.458978126328e+03 
       2.697808289170e-02       7.457266680767e+03 
       2.698737350765e-02       7.455554202708e+03 
       2.699666823928e-02       7.453840624720e+03 
       2.700596709430e-02       7.452126049390e+03 
       2.701527008045e-02       7.450410430849e+03 
       2.702457720548e-02       7.448693768634e+03 
       2.703388847716e-02       7.446976062398e+03 
       2.704320390330e-02       7.445257311793e+03 
       2.705252349170e-02       7.443537516547e+03 
       2.706184725020e-02       7.441816676081e+03 
       2.707117518666e-02       7.440094790286e+03 
       2.708050730894e-02       7.438371858740e+03 
       2.708984362495e-02       7.436647880796e+03 
       2.709918414260e-02       7.434922836943e+03 
       2.710852886983e-02       7.433196764371e+03 
       2.711787781459e-02       7.431469644570e+03 
       2.712723098486e-02       7.429741477000e+03 
       2.713658838864e-02       7.428012261288e+03 
       2.714595003394e-02       7.426281997065e+03 
       2.715531592880e-02       7.424550683949e+03 
       2.716468608129e-02       7.422818321618e+03 
       2.717406049948e-02       7.421084909668e+03 
       2.718343919147e-02       7.419350447661e+03 
       2.719282216539e-02       7.417614909151e+03 
       2.720220942939e-02       7.415878343781e+03 
       2.721160099161e-02       7.414140727533e+03 
       2.722099686025e-02       7.412402059526e+03 
       2.723039704353e-02       7.410662341798e+03 
       2.723980154965e-02       7.408921557206e+03 
       2.724921038688e-02       7.407179730860e+03 
       2.725862356349e-02       7.405436851080e+03 
       2.726804108777e-02       7.403692917457e+03 
       2.727746296802e-02       7.401947929588e+03 
       2.728688921260e-02       7.400201887074e+03 
       2.729631982986e-02       7.398454789517e+03 
       2.730575482817e-02       7.396706636338e+03 
       2.731519421594e-02       7.394957427437e+03 
       2.732463800160e-02       7.393207162282e+03 
       2.733408619358e-02       7.391455846766e+03 
       2.734353880036e-02       7.389703423645e+03 
       2.735299583043e-02       7.387949984619e+03 
       2.736245729229e-02       7.386195487291e+03 
       2.737192319449e-02       7.384439931251e+03 
       2.738139354559e-02       7.382683316061e+03 
       2.739086835415e-02       7.380925641287e+03 
       2.740034762880e-02       7.379166906345e+03 
       2.740983137814e-02       7.377407111047e+03 
       2.741931961083e-02       7.375646254844e+03 
       2.742881233554e-02       7.373884337317e+03 
       2.743830956097e-02       7.372121360756e+03 
       2.744781129583e-02       7.370357296615e+03 
       2.745731754886e-02       7.368592191040e+03 
       2.746682832883e-02       7.366826022152e+03 
       2.747634364452e-02       7.365058789501e+03 
       2.748586350474e-02       7.363290492632e+03 
       2.749538791833e-02       7.361521131081e+03 
       2.750491689414e-02       7.359750704209e+03 
       2.751445044105e-02       7.357979211864e+03 
       2.752398856798e-02       7.356206653459e+03 
       2.753353128384e-02       7.354433029747e+03 
       2.754307859759e-02       7.352658309960e+03 
       2.755263051821e-02       7.350882548537e+03 
       2.756218705469e-02       7.349105719031e+03 
       2.757174821606e-02       7.347327820854e+03 
       2.758131401137e-02       7.345548851983e+03 
       2.759088444969e-02       7.343768807004e+03 
       2.760045954011e-02       7.341987699002e+03 
       2.761003929177e-02       7.340205520396e+03 
       2.761962371380e-02       7.338422270570e+03 
       2.762921281538e-02       7.336637949030e+03 
       2.763880660570e-02       7.334852555283e+03 
       2.764840509398e-02       7.333066088835e+03 
       2.765800828946e-02       7.331278549197e+03 
       2.766761620143e-02       7.329489935885e+03 
       2.767722883916e-02       7.327700248426e+03 
       2.768684621199e-02       7.325909461574e+03 
       2.769646832926e-02       7.324117610331e+03 
       2.770609520034e-02       7.322324694146e+03 
       2.771572683462e-02       7.320530701600e+03 
       2.772536324153e-02       7.318735631908e+03 
       2.773500443052e-02       7.316939484545e+03 
       2.774465041105e-02       7.315142258971e+03 
       2.775430119263e-02       7.313343954659e+03 
       2.776395678478e-02       7.311544571077e+03 
       2.777361719706e-02       7.309744107699e+03 
       2.778328243904e-02       7.307942564003e+03 
       2.779295252032e-02       7.306139917014e+03 
       2.780262745053e-02       7.304336212923e+03 
       2.781230723934e-02       7.302531423450e+03 
       2.782199189641e-02       7.300725551284e+03 
       2.783168143147e-02       7.298918595866e+03 
       2.784137585424e-02       7.297110556634e+03 
       2.785107517449e-02       7.295301433028e+03 
       2.786077940200e-02       7.293491224490e+03 
       2.787048854660e-02       7.291679930467e+03 
       2.788020261813e-02       7.289867550413e+03 
       2.788992162645e-02       7.288054056784e+03 
       2.789964558147e-02       7.286239502090e+03 
       2.790937449311e-02       7.284423858369e+03 
       2.791910837131e-02       7.282607126059e+03 
       2.792884722607e-02       7.280789307499e+03 
       2.793859106739e-02       7.278970384094e+03 
       2.794833990530e-02       7.277150381828e+03 
       2.795809374987e-02       7.275329288537e+03 
       2.796785261118e-02       7.273507103622e+03 
       2.797761649937e-02       7.271683826487e+03 
       2.798738542456e-02       7.269859456536e+03 
       2.799715939695e-02       7.268033993014e+03 
       2.800693842673e-02       7.266207435585e+03 
       2.801672252414e-02       7.264379783549e+03 
       2.802651169943e-02       7.262551036327e+03 
       2.803630596289e-02       7.260721201778e+03 
       2.804610532486e-02       7.258890216101e+03 
       2.805590979566e-02       7.257058176810e+03 
       2.806571938568e-02       7.255225039498e+03 
       2.807553410532e-02       7.253390803535e+03 
       2.808535396502e-02       7.251555468293e+03 
       2.809517897525e-02       7.249719032989e+03 
       2.810500914648e-02       7.247881497233e+03 
       2.811484448926e-02       7.246042860276e+03 
       2.812468501412e-02       7.244203121482e+03 
       2.813453073165e-02       7.242362280209e+03 
       2.814438165247e-02       7.240520313769e+03 
       2.815423778721e-02       7.238677267496e+03 
       2.816409914655e-02       7.236833113346e+03 
       2.817396574119e-02       7.234987853908e+03 
       2.818383758186e-02       7.233141488521e+03 
       2.819371467933e-02       7.231294016526e+03 
       2.820359704438e-02       7.229445437063e+03 
       2.821348468785e-02       7.227595749812e+03 
       2.822337762059e-02       7.225744953977e+03 
       2.823327585348e-02       7.223893048602e+03 
       2.824317939744e-02       7.222040008459e+03 
       2.825308826342e-02       7.220185880854e+03 
       2.826300246240e-02       7.218330641890e+03 
       2.827292200538e-02       7.216474290702e+03 
       2.828284690342e-02       7.214616829124e+03 
       2.829277716758e-02       7.212758239623e+03 
       2.830271280897e-02       7.210898546656e+03 
       2.831265383872e-02       7.209037738685e+03 
       2.832260026801e-02       7.207175814860e+03 
       2.833255210804e-02       7.205312774474e+03 
       2.834250937004e-02       7.203448616817e+03 
       2.835247206527e-02       7.201583341193e+03 
       2.836244020504e-02       7.199716946900e+03 
       2.837241380067e-02       7.197849433252e+03 
       2.838239286353e-02       7.195980799570e+03 
       2.839237740501e-02       7.194111005898e+03 
       2.840236743654e-02       7.192240130994e+03 
       2.841236296960e-02       7.190368129854e+03 
       2.842236401566e-02       7.188495005369e+03 
       2.843237058626e-02       7.186620756788e+03 
       2.844238269296e-02       7.184745383351e+03 
       2.845240034736e-02       7.182868884309e+03 
       2.846242356109e-02       7.180991258907e+03 
       2.847245234581e-02       7.179112506393e+03 
       2.848248671321e-02       7.177232626017e+03 
       2.849252667503e-02       7.175351618271e+03 
       2.850257224304e-02       7.173469459447e+03 
       2.851262342903e-02       7.171586189453e+03 
       2.852268024484e-02       7.169701788329e+03 
       2.853274270233e-02       7.167816255306e+03 
       2.854281081342e-02       7.165929589604e+03 
       2.855288459003e-02       7.164041790455e+03 
       2.856296404415e-02       7.162152857082e+03 
       2.857304918778e-02       7.160262788710e+03 
       2.858314003296e-02       7.158371584572e+03 
       2.859323659178e-02       7.156479254214e+03 
       2.860333887635e-02       7.154585739522e+03 
       2.861344689883e-02       7.152691121272e+03 
       2.862356067139e-02       7.150795363787e+03 
       2.863368020626e-02       7.148898465934e+03 
       2.864380551570e-02       7.147000419035e+03 
       2.865393661200e-02       7.145101238300e+03 
       2.866407350750e-02       7.143200914951e+03 
       2.867421621457e-02       7.141299448168e+03 
       2.868436474560e-02       7.139396837124e+03 
       2.869451911305e-02       7.137493080845e+03 
       2.870467932938e-02       7.135588178753e+03 
       2.871484540712e-02       7.133682129918e+03 
       2.872501735881e-02       7.131774933511e+03 
       2.873519519706e-02       7.129866588740e+03 
       2.874537893447e-02       7.127957109356e+03 
       2.875556858374e-02       7.126046414179e+03 
       2.876576415754e-02       7.124134616391e+03 
       2.877596566863e-02       7.122221666448e+03 
       2.878617312979e-02       7.120307563461e+03 
       2.879638655384e-02       7.118392306413e+03 
       2.880660595362e-02       7.116475894686e+03 
       2.881683134205e-02       7.114558327288e+03 
       2.882706273204e-02       7.112639603344e+03 
       2.883730013657e-02       7.110719721978e+03 
       2.884754356867e-02       7.108798682251e+03 
       2.885779304137e-02       7.106876465416e+03 
       2.886804856776e-02       7.104953104797e+03 
       2.887831016099e-02       7.103028583355e+03 
       2.888857783421e-02       7.101102899839e+03 
       2.889885160064e-02       7.099176053325e+03 
       2.890913147352e-02       7.097248042688e+03 
       2.891941746616e-02       7.095318867387e+03 
       2.892970959187e-02       7.093388526349e+03 
       2.894000786403e-02       7.091457018671e+03 
       2.895031229606e-02       7.089524350400e+03 
       2.896062290139e-02       7.087590474326e+03 
       2.897093969353e-02       7.085655459295e+03 
       2.898126268602e-02       7.083719273678e+03 
       2.899159189242e-02       7.081781916438e+03 
       2.900192732636e-02       7.079843378111e+03 
       2.901226900149e-02       7.077903674338e+03 
       2.902261693152e-02       7.075962796088e+03 
       2.903297113018e-02       7.074020742401e+03 
       2.904333161128e-02       7.072077512304e+03 
       2.905369838862e-02       7.070133104838e+03 
       2.906407147608e-02       7.068187519030e+03 
       2.907445088758e-02       7.066240753910e+03 
       2.908483663708e-02       7.064292808519e+03 
       2.909522873856e-02       7.062343681750e+03 
       2.910562720607e-02       7.060393386965e+03 
       2.911603205370e-02       7.058441844867e+03 
       2.912644329558e-02       7.056489165816e+03 
       2.913686094588e-02       7.054535301205e+03 
       2.914728501882e-02       7.052580250024e+03 
       2.915771552865e-02       7.050624011264e+03 
       2.916815248969e-02       7.048666583916e+03 
       2.917859591627e-02       7.046707966971e+03 
       2.918904582281e-02       7.044748159422e+03 
       2.919950222374e-02       7.042787160090e+03 
       2.920996513353e-02       7.040824967677e+03 
       2.922043456673e-02       7.038861564400e+03 
       2.923091053790e-02       7.036896982826e+03 
       2.924139306167e-02       7.034931205226e+03 
       2.925188215270e-02       7.032964230593e+03 
       2.926237782571e-02       7.030996057868e+03 
       2.927288009545e-02       7.029026685995e+03 
       2.928338897673e-02       7.027056113924e+03 
       2.929390448441e-02       7.025084340611e+03 
       2.930442663337e-02       7.023111364966e+03 
       2.931495543857e-02       7.021137190629e+03 
       2.932549091499e-02       7.019161776996e+03 
       2.933603307768e-02       7.017185186082e+03 
       2.934658194173e-02       7.015207388334e+03 
       2.935713752226e-02       7.013228384266e+03 
       2.936769983447e-02       7.011248159352e+03 
       2.937826889358e-02       7.009266733901e+03 
       2.938884471487e-02       7.007284097144e+03 
       2.939942731368e-02       7.005300247802e+03 
       2.941001670537e-02       7.003315185020e+03 
       2.942061290538e-02       7.001328907562e+03 
       2.943121592918e-02       6.999341414305e+03 
       2.944182579229e-02       6.997352704145e+03 
       2.945244251028e-02       6.995362775962e+03 
       2.946306609879e-02       6.993371628666e+03 
       2.947369657348e-02       6.991379226698e+03 
       2.948433395008e-02       6.989385635847e+03 
       2.949497824437e-02       6.987390821445e+03 
       2.950562947216e-02       6.985394782779e+03 
       2.951628764933e-02       6.983397519002e+03 
       2.952695279182e-02       6.981399028813e+03 
       2.953762491559e-02       6.979399311039e+03 
       2.954830403669e-02       6.977398364539e+03 
       2.955899017118e-02       6.975396188125e+03 
       2.956968333521e-02       6.973392780640e+03 
       2.958038354496e-02       6.971388144725e+03 
       2.959109081666e-02       6.969382249176e+03 
       2.960180516662e-02       6.967375139652e+03 
       2.961252661116e-02       6.965366794206e+03 
       2.962325516669e-02       6.963357211466e+03 
       2.963399084967e-02       6.961346390216e+03 
       2.964473367658e-02       6.959334329243e+03 
       2.965548366399e-02       6.957321027338e+03 
       2.966624082852e-02       6.955306483295e+03 
       2.967700518681e-02       6.953290696116e+03 
       2.968777675561e-02       6.951273639761e+03 
       2.969855555167e-02       6.949255359960e+03 
       2.970934159184e-02       6.947235832931e+03 
       2.972013489299e-02       6.945215057322e+03 
       2.973093547206e-02       6.943193031859e+03 
       2.974174334606e-02       6.941169751812e+03 
       2.975255853202e-02       6.939145214382e+03 
       2.976338104707e-02       6.937119430950e+03 
       2.977421090836e-02       6.935092392475e+03 
       2.978504813312e-02       6.933064097681e+03 
       2.979589273862e-02       6.931034545279e+03 
       2.980674474220e-02       6.929003733797e+03 
       2.981760416126e-02       6.926971662245e+03 
       2.982847101323e-02       6.924938329216e+03 
       2.983934531563e-02       6.922903732985e+03 
       2.985022708603e-02       6.920867844427e+03 
       2.986111634204e-02       6.918830716822e+03 
       2.987201310136e-02       6.916792322230e+03 
       2.988291738173e-02       6.914752659265e+03 
       2.989382920094e-02       6.912711726590e+03 
       2.990474857685e-02       6.910669522699e+03 
       2.991567552740e-02       6.908626046519e+03 
       2.992661007055e-02       6.906581296593e+03 
       2.993755222435e-02       6.904535271392e+03 
       2.994850200690e-02       6.902487954827e+03 
       2.995945943635e-02       6.900439374218e+03 
       2.997042453095e-02       6.898389514371e+03 
       2.998139730896e-02       6.896338373769e+03 
       2.999237778874e-02       6.894285951023e+03 
       3.000336598868e-02       6.892232244589e+03 
       3.001436192727e-02       6.890177253338e+03 
       3.002536562304e-02       6.888120975765e+03 
       3.003637709457e-02       6.886063416125e+03 
       3.004739636053e-02       6.884004534535e+03 
       3.005842343964e-02       6.881944387928e+03 
       3.006945835068e-02       6.879882949146e+03 
       3.008050111251e-02       6.877820218676e+03 
       3.009155174403e-02       6.875756180994e+03 
       3.010261026422e-02       6.873690856287e+03 
       3.011367669212e-02       6.871624233634e+03 
       3.012475104685e-02       6.869556311632e+03 
       3.013583334757e-02       6.867487088370e+03 
       3.014692361352e-02       6.865416562840e+03 
       3.015802186400e-02       6.863344733423e+03 
       3.016912811839e-02       6.861271598650e+03 
       3.018024239612e-02       6.859197157057e+03 
       3.019136471669e-02       6.857121407179e+03 
       3.020249509968e-02       6.855044360855e+03 
       3.021363356472e-02       6.852965942795e+03 
       3.022478013151e-02       6.850886256527e+03 
       3.023593481984e-02       6.848805255634e+03 
       3.024709764954e-02       6.846722938664e+03 
       3.025826864052e-02       6.844639303864e+03 
       3.026944781276e-02       6.842554349918e+03 
       3.028063518631e-02       6.840468075212e+03 
       3.029183078129e-02       6.838380478205e+03 
       3.030303461789e-02       6.836291557357e+03 
       3.031424671637e-02       6.834201310941e+03 
       3.032546709705e-02       6.832109722307e+03 
       3.033669578033e-02       6.830016818027e+03 
       3.034793278669e-02       6.827922584799e+03 
       3.035917813666e-02       6.825827019712e+03 
       3.037043185087e-02       6.823730121177e+03 
       3.038169394999e-02       6.821631887595e+03 
       3.039296445480e-02       6.819532317375e+03 
       3.040424338611e-02       6.817431408926e+03 
       3.041553076484e-02       6.815329160467e+03 
       3.042682661196e-02       6.813225570625e+03 
       3.043813094853e-02       6.811120615657e+03 
       3.044944379568e-02       6.809014336097e+03 
       3.046076517460e-02       6.806906710395e+03 
       3.047209510657e-02       6.804797736494e+03 
       3.048343361295e-02       6.802687415619e+03 
       3.049478071516e-02       6.800575729282e+03 
       3.050613643471e-02       6.798462700212e+03 
       3.051750079317e-02       6.796348316030e+03 
       3.052887381221e-02       6.794232575360e+03 
       3.054025551355e-02       6.792115476367e+03 
       3.055164591901e-02       6.789997017420e+03 
       3.056304505047e-02       6.787877196774e+03 
       3.057445292991e-02       6.785756012753e+03 
       3.058586957937e-02       6.783633463672e+03 
       3.059729502098e-02       6.781509547810e+03 
       3.060872927693e-02       6.779384232395e+03 
       3.062017236952e-02       6.777257575272e+03 
       3.063162432111e-02       6.775129546184e+03 
       3.064308515413e-02       6.773000143086e+03 
       3.065455489113e-02       6.770869364218e+03 
       3.066603355469e-02       6.768737207812e+03 
       3.067752116752e-02       6.766603672095e+03 
       3.068901775238e-02       6.764468755303e+03 
       3.070052333212e-02       6.762332455663e+03 
       3.071203792968e-02       6.760194771331e+03 
       3.072356156808e-02       6.758055705843e+03 
       3.073509427042e-02       6.755915224683e+03 
       3.074663605989e-02       6.753773374430e+03 
       3.075818695975e-02       6.751630132154e+03 
       3.076974699336e-02       6.749485496027e+03 
       3.078131618417e-02       6.747339464219e+03 
       3.079289455569e-02       6.745192034908e+03 
       3.080448213154e-02       6.743043206263e+03 
       3.081607893543e-02       6.740892976306e+03 
       3.082768499112e-02       6.738741343473e+03 
       3.083930032251e-02       6.736588280301e+03 
       3.085092495354e-02       6.734433837917e+03 
       3.086255890827e-02       6.732277982955e+03 
       3.087420221084e-02       6.730120717240e+03 
       3.088585488546e-02       6.727962041990e+03 
       3.089751695646e-02       6.725801938174e+03 
       3.090918844825e-02       6.723640428209e+03 
       3.092086938531e-02       6.721477499637e+03 
       3.093255979224e-02       6.719313150784e+03 
       3.094425969371e-02       6.717147379607e+03 
       3.095596911450e-02       6.714980184151e+03 
       3.096768807946e-02       6.712811562520e+03 
       3.097941661355e-02       6.710641512724e+03 
       3.099115474182e-02       6.708470032849e+03 
       3.100290248941e-02       6.706297122321e+03 
       3.101465988156e-02       6.704122744536e+03 
       3.102642694358e-02       6.701946960229e+03 
       3.103820370092e-02       6.699769737653e+03 
       3.104999017908e-02       6.697591074749e+03 
       3.106178640369e-02       6.695410969499e+03 
       3.107359240046e-02       6.693229419879e+03 
       3.108540819519e-02       6.691046423866e+03 
       3.109723381379e-02       6.688861979438e+03 
       3.110906928226e-02       6.686676084570e+03 
       3.112091462672e-02       6.684488736954e+03 
       3.113276987335e-02       6.682299919525e+03 
       3.114463504846e-02       6.680109659680e+03 
       3.115651017846e-02       6.677917941043e+03 
       3.116839528983e-02       6.675724761441e+03 
       3.118029040918e-02       6.673530118780e+03 
       3.119219556322e-02       6.671334010964e+03 
       3.120411077874e-02       6.669136435900e+03 
       3.121603608266e-02       6.666937391407e+03 
       3.122797150198e-02       6.664736875451e+03 
       3.123991706383e-02       6.662534866314e+03 
       3.125187279540e-02       6.660331398639e+03 
       3.126383872403e-02       6.658126453716e+03 
       3.127581487714e-02       6.655920028525e+03 
       3.128780128226e-02       6.653712123656e+03 
       3.129979796703e-02       6.651502721117e+03 
       3.131180495920e-02       6.649291841452e+03 
       3.132382228661e-02       6.647079472729e+03 
       3.133584997722e-02       6.644865612705e+03 
       3.134788805911e-02       6.642650259214e+03 
       3.135993656045e-02       6.640433410011e+03 
       3.137199550952e-02       6.638215062915e+03 
       3.138406493471e-02       6.635995215590e+03 
       3.139614486454e-02       6.633773865928e+03 
       3.140823532762e-02       6.631551023101e+03 
       3.142033635268e-02       6.629326620555e+03 
       3.143244796856e-02       6.627100747793e+03 
       3.144457020421e-02       6.624873363288e+03 
       3.145670308870e-02       6.622644464709e+03 
       3.146884665121e-02       6.620414049754e+03 
       3.148100092103e-02       6.618182116120e+03 
       3.149316592758e-02       6.615948661496e+03 
       3.150534170037e-02       6.613713683576e+03 
       3.151752826906e-02       6.611477179974e+03 
       3.152972566341e-02       6.609239154598e+03 
       3.154193391328e-02       6.606999570897e+03 
       3.155415304867e-02       6.604758475057e+03 
       3.156638309970e-02       6.602515843956e+03 
       3.157862409661e-02       6.600271675203e+03 
       3.159087606973e-02       6.598025966397e+03 
       3.160313904956e-02       6.595778715134e+03 
       3.161541306667e-02       6.593529918987e+03 
       3.162769815180e-02       6.591279575528e+03 
       3.163999433578e-02       6.589027688696e+03 
       3.165230164957e-02       6.586774216488e+03 
       3.166462012426e-02       6.584519214965e+03 
       3.167694979107e-02       6.582262656170e+03 
       3.168929068132e-02       6.580004539038e+03 
       3.170164282649e-02       6.577744849778e+03 
       3.171400625815e-02       6.575483603748e+03 
       3.172638100803e-02       6.573220790455e+03 
       3.173876710798e-02       6.570956407356e+03 
       3.175116458996e-02       6.568690451950e+03 
       3.176357348608e-02       6.566422921681e+03 
       3.177599382857e-02       6.564153814009e+03 
       3.178842564979e-02       6.561883126395e+03 
       3.180086898224e-02       6.559610856281e+03 
       3.181332385855e-02       6.557337010466e+03 
       3.182579031147e-02       6.555061529673e+03 
       3.183826837390e-02       6.552784494268e+03 
       3.185075807886e-02       6.550505865706e+03 
       3.186325945952e-02       6.548225641346e+03 
       3.187577254918e-02       6.545943818568e+03 
       3.188829738127e-02       6.543660394747e+03 
       3.190083398936e-02       6.541375367245e+03 
       3.191338240717e-02       6.539088733394e+03 
       3.192594266854e-02       6.536800490658e+03 
       3.193851480745e-02       6.534510634066e+03 
       3.195109885805e-02       6.532219152120e+03 
       3.196369485459e-02       6.529926064997e+03 
       3.197630283149e-02       6.527631357915e+03 
       3.198892282330e-02       6.525335028141e+03 
       3.200155486473e-02       6.523037072929e+03 
       3.201419899060e-02       6.520737489502e+03 
       3.202685523591e-02       6.518436275153e+03 
       3.203952363579e-02       6.516133427121e+03 
       3.205220422552e-02       6.513828923290e+03 
       3.206489704053e-02       6.511522798556e+03 
       3.207760211638e-02       6.509215031032e+03 
       3.209031948880e-02       6.506905618439e+03 
       3.210304919367e-02       6.504594552086e+03 
       3.211579126701e-02       6.502281839657e+03 
       3.212854574498e-02       6.499967474306e+03 
       3.214131266393e-02       6.497651452457e+03 
       3.215409206034e-02       6.495333771236e+03 
       3.216688397082e-02       6.493014427750e+03 
       3.217968843219e-02       6.490693419094e+03 
       3.219250548138e-02       6.488370742362e+03 
       3.220533515549e-02       6.486046394631e+03 
       3.221817749178e-02       6.483720372779e+03 
       3.223103252768e-02       6.481392647749e+03 
       3.224390030076e-02       6.479063267502e+03 
       3.225678084876e-02       6.476732203960e+03 
       3.226967420958e-02       6.474399454329e+03 
       3.228258042127e-02       6.472065015618e+03 
       3.229549952207e-02       6.469728884824e+03 
       3.230843155036e-02       6.467391058962e+03 
       3.232137654470e-02       6.465051535024e+03 
       3.233433454380e-02       6.462710309995e+03 
       3.234730558655e-02       6.460367385670e+03 
       3.236028971200e-02       6.458022730105e+03 
       3.237328695938e-02       6.455676382196e+03 
       3.238629736808e-02       6.453328320689e+03 
       3.239932097765e-02       6.450978542467e+03 
       3.241235782784e-02       6.448627044400e+03 
       3.242540795855e-02       6.446273823349e+03 
       3.243847140986e-02       6.443918876181e+03 
       3.245154822202e-02       6.441562199757e+03 
       3.246463843547e-02       6.439203774318e+03 
       3.247774209081e-02       6.436843627191e+03 
       3.249085922883e-02       6.434481742120e+03 
       3.250398989049e-02       6.432118114947e+03 
       3.251713411693e-02       6.429752734897e+03 
       3.253029194949e-02       6.427385614312e+03 
       3.254346342965e-02       6.425016740567e+03 
       3.255664859912e-02       6.422646111617e+03 
       3.256984749976e-02       6.420273724151e+03 
       3.258306017363e-02       6.417899574858e+03 
       3.259628666298e-02       6.415523660420e+03 
       3.260952701024e-02       6.413145977530e+03 
       3.262278125802e-02       6.410766522860e+03 
       3.263604944914e-02       6.408385297269e+03 
       3.264933162660e-02       6.406002258985e+03 
       3.266262783357e-02       6.403617466836e+03 
       3.267593811346e-02       6.401230888773e+03 
       3.268926250984e-02       6.398842521904e+03 
       3.270260106648e-02       6.396452362635e+03 
       3.271595382735e-02       6.394060407553e+03 
       3.272932083661e-02       6.391666653228e+03 
       3.274270213864e-02       6.389271096236e+03 
       3.275609777799e-02       6.386873733111e+03 
       3.276950779944e-02       6.384474547225e+03 
       3.278293224795e-02       6.382073560299e+03 
       3.279637116869e-02       6.379670756480e+03 
       3.280982460705e-02       6.377266132224e+03 
       3.282329260860e-02       6.374859684020e+03 
       3.283677521913e-02       6.372451408268e+03 
       3.285027248464e-02       6.370041301394e+03 
       3.286378445135e-02       6.367629359812e+03 
       3.287731116565e-02       6.365215584323e+03 
       3.289085267420e-02       6.362799940251e+03 
       3.290440902383e-02       6.360382471287e+03 
       3.291798026161e-02       6.357963152877e+03 
       3.293156643480e-02       6.355541983922e+03 
       3.294516759090e-02       6.353118946804e+03 
       3.295878377762e-02       6.350694057539e+03 
       3.297241504290e-02       6.348267304011e+03 
       3.298606143488e-02       6.345838682482e+03 
       3.299972300194e-02       6.343408189177e+03 
       3.301339979269e-02       6.340975820314e+03 
       3.302709185594e-02       6.338541572119e+03 
       3.304079924076e-02       6.336105440793e+03 
       3.305452199642e-02       6.333667423123e+03 
       3.306826017242e-02       6.331227489188e+03 
       3.308201381853e-02       6.328785683414e+03 
       3.309578298470e-02       6.326341978838e+03 
       3.310956772115e-02       6.323896371563e+03 
       3.312336807832e-02       6.321448857687e+03 
       3.313718410689e-02       6.318999433293e+03 
       3.315101585779e-02       6.316548094483e+03 
       3.316486338217e-02       6.314094837339e+03 
       3.317872673143e-02       6.311639658188e+03 
       3.319260595722e-02       6.309182540633e+03 
       3.320650111142e-02       6.306723504257e+03 
       3.322041224618e-02       6.304262533335e+03 
       3.323433941387e-02       6.301799623873e+03 
       3.324828266712e-02       6.299334771773e+03 
       3.326224205883e-02       6.296867972962e+03 
       3.327621764211e-02       6.294399223333e+03 
       3.329020947037e-02       6.291928518829e+03 
       3.330421759724e-02       6.289455840105e+03 
       3.331824207662e-02       6.286981211266e+03 
       3.333228296269e-02       6.284504615658e+03 
       3.334634030985e-02       6.282026048349e+03 
       3.336041417279e-02       6.279545499516e+03 
       3.337450460646e-02       6.277062975678e+03 
       3.338861166607e-02       6.274578467480e+03 
       3.340273540710e-02       6.272091970607e+03 
       3.341687588530e-02       6.269603480773e+03 
       3.343103315668e-02       6.267112993675e+03 
       3.344520727754e-02       6.264620505004e+03 
       3.345939830445e-02       6.262126010405e+03 
       3.347360629424e-02       6.259629505582e+03 
       3.348783130404e-02       6.257130963845e+03 
       3.350207339125e-02       6.254630423475e+03 
       3.351633261354e-02       6.252127859337e+03 
       3.353060902888e-02       6.249623267050e+03 
       3.354490269552e-02       6.247116642174e+03 
       3.355921367199e-02       6.244607980239e+03 
       3.357354201712e-02       6.242097276743e+03 
       3.358788779003e-02       6.239584527246e+03 
       3.360225105011e-02       6.237069727035e+03 
       3.361663185709e-02       6.234552860388e+03 
       3.363103027095e-02       6.232033944501e+03 
       3.364544635199e-02       6.229512964195e+03 
       3.365988016080e-02       6.226989914862e+03 
       3.367433175830e-02       6.224464791883e+03 
       3.368880120569e-02       6.221937590566e+03 
       3.370328856447e-02       6.219408306243e+03 
       3.371779389647e-02       6.216876937707e+03 
       3.373231726381e-02       6.214343454162e+03 
       3.374685872894e-02       6.211807891102e+03 
       3.376141835462e-02       6.209270225973e+03 
       3.377599620393e-02       6.206730448631e+03 
       3.379059234024e-02       6.204188564535e+03 
       3.380520682729e-02       6.201644563875e+03 
       3.381983972911e-02       6.199098441833e+03 
       3.383449111006e-02       6.196550193543e+03 
       3.384916103483e-02       6.193999814101e+03 
       3.386384956844e-02       6.191447298606e+03 
       3.387855677625e-02       6.188892642148e+03 
       3.389328272395e-02       6.186335818794e+03 
       3.390802747755e-02       6.183776863911e+03 
       3.392279110342e-02       6.181215752353e+03 
       3.393757366827e-02       6.178652479559e+03 
       3.395237523914e-02       6.176087040498e+03 
       3.396719588343e-02       6.173519430065e+03 
       3.398203566888e-02       6.170949643244e+03 
       3.399689466358e-02       6.168377674907e+03 
       3.401177293597e-02       6.165803508139e+03 
       3.402667055487e-02       6.163227161458e+03 
       3.404158758943e-02       6.160648616458e+03 
       3.405652410916e-02       6.158067869036e+03 
       3.407148018396e-02       6.155484913945e+03 
       3.408645588406e-02       6.152899745996e+03 
       3.410145128010e-02       6.150312359648e+03 
       3.411646644305e-02       6.147722755651e+03 
       3.413150144427e-02       6.145130896486e+03 
       3.414655635550e-02       6.142536822175e+03 
       3.416163124886e-02       6.139940507924e+03 
       3.417672619685e-02       6.137341943821e+03 
       3.419184127233e-02       6.134741133511e+03 
       3.420697654858e-02       6.132138067082e+03 
       3.422213209925e-02       6.129532739056e+03 
       3.423730799840e-02       6.126925143931e+03 
       3.425250432045e-02       6.124315276160e+03 
       3.426772114026e-02       6.121703130176e+03 
       3.428295853306e-02       6.119088702635e+03 
       3.429821657450e-02       6.116471961360e+03 
       3.431349534062e-02       6.113852944974e+03 
       3.432879490788e-02       6.111231627522e+03 
       3.434411535316e-02       6.108608003310e+03 
       3.435945675373e-02       6.105982066638e+03 
       3.437481918731e-02       6.103353811795e+03 
       3.439020273201e-02       6.100723233038e+03 
       3.440560746639e-02       6.098090328626e+03 
       3.442103346941e-02       6.095455070016e+03 
       3.443648082049e-02       6.092817483472e+03 
       3.445194959946e-02       6.090177549433e+03 
       3.446743988659e-02       6.087535261993e+03 
       3.448295176260e-02       6.084890615174e+03 
       3.449848530865e-02       6.082243603012e+03 
       3.451404060633e-02       6.079594223042e+03 
       3.452961773770e-02       6.076942445044e+03 
       3.454521678526e-02       6.074288299188e+03 
       3.456083783198e-02       6.071631763478e+03 
       3.457648096127e-02       6.068972827549e+03 
       3.459214625700e-02       6.066311493713e+03 
       3.460783380354e-02       6.063647751688e+03 
       3.462354368570e-02       6.060981595296e+03 
       3.463927598876e-02       6.058313018242e+03 
       3.465503079849e-02       6.055642014297e+03 
       3.467080820113e-02       6.052968577261e+03 
       3.468660828342e-02       6.050292707872e+03 
       3.470243113258e-02       6.047614359413e+03 
       3.471827683630e-02       6.044933582558e+03 
       3.473414548279e-02       6.042250346676e+03 
       3.475003716075e-02       6.039564645228e+03 
       3.476595195938e-02       6.036876471807e+03 
       3.478188996838e-02       6.034185819935e+03 
       3.479785127798e-02       6.031492683202e+03 
       3.481383597890e-02       6.028797045432e+03 
       3.482984416238e-02       6.026098917935e+03 
       3.484587592020e-02       6.023398285468e+03 
       3.486193134465e-02       6.020695141241e+03 
       3.487801052854e-02       6.017989478717e+03 
       3.489411356524e-02       6.015281291057e+03 
       3.491024054863e-02       6.012570571507e+03 
       3.492639157315e-02       6.009857301306e+03 
       3.494256673377e-02       6.007141496106e+03 
       3.495876612603e-02       6.004423138197e+03 
       3.497498984600e-02       6.001702216511e+03 
       3.499123799033e-02       5.998978732213e+03 
       3.500751065621e-02       5.996252674015e+03 
       3.502380794141e-02       5.993524035397e+03 
       3.504012994428e-02       5.990792809167e+03 
       3.505647676373e-02       5.988058988270e+03 
       3.507284849926e-02       5.985322565467e+03 
       3.508924525093e-02       5.982583539622e+03 
       3.510566711944e-02       5.979841868974e+03 
       3.512211420603e-02       5.977097595702e+03 
       3.513858661256e-02       5.974350691425e+03 
       3.515508444151e-02       5.971601148821e+03 
       3.517160779594e-02       5.968848960484e+03 
       3.518815677955e-02       5.966094119083e+03 
       3.520473149662e-02       5.963336617102e+03 
       3.522133205209e-02       5.960576438964e+03 
       3.523795855151e-02       5.957813592880e+03 
       3.525461110106e-02       5.955048063724e+03 
       3.527128980756e-02       5.952279843962e+03 
       3.528799477849e-02       5.949508925802e+03 
       3.530472612194e-02       5.946735301801e+03 
       3.532148394669e-02       5.943958957438e+03 
       3.533826836216e-02       5.941179893827e+03 
       3.535507947843e-02       5.938398104353e+03 
       3.537191740626e-02       5.935613574133e+03 
       3.538878225708e-02       5.932826301681e+03 
       3.540567414299e-02       5.930036276605e+03 
       3.542259317679e-02       5.927243490621e+03 
       3.543953947196e-02       5.924447935787e+03 
       3.545651314269e-02       5.921649604099e+03 
       3.547351430385e-02       5.918848487534e+03 
       3.549054307104e-02       5.916044577943e+03 
       3.550759956055e-02       5.913237851713e+03 
       3.552468388942e-02       5.910428329834e+03 
       3.554179617538e-02       5.907615990014e+03 
       3.555893653692e-02       5.904800823994e+03 
       3.557610509325e-02       5.901982823467e+03 
       3.559330196434e-02       5.899161980068e+03 
       3.561052727089e-02       5.896338285257e+03 
       3.562778113437e-02       5.893511730826e+03 
       3.564506367700e-02       5.890682299921e+03 
       3.566237502178e-02       5.887849999666e+03 
       3.567971529248e-02       5.885014813904e+03 
       3.569708461365e-02       5.882176734044e+03 
       3.571448311064e-02       5.879335751239e+03 
       3.573191090956e-02       5.876491856939e+03 
       3.574936813737e-02       5.873645042267e+03 
       3.576685492180e-02       5.870795298060e+03 
       3.578437139142e-02       5.867942605735e+03 
       3.580191767559e-02       5.865086975576e+03 
       3.581949390454e-02       5.862228389173e+03 
       3.583710020929e-02       5.859366839045e+03 
       3.585473672175e-02       5.856502308136e+03 
       3.587240357465e-02       5.853634798769e+03 
       3.589010090158e-02       5.850764296900e+03 
       3.590782883701e-02       5.847890793323e+03 
       3.592558751626e-02       5.845014278613e+03 
       3.594337707555e-02       5.842134743612e+03 
       3.596119765197e-02       5.839252178839e+03 
       3.597904938352e-02       5.836366574872e+03 
       3.599693240910e-02       5.833477922182e+03 
       3.601484686851e-02       5.830586197293e+03 
       3.603279290249e-02       5.827691417101e+03 
       3.605077065268e-02       5.824793559437e+03 
       3.606878026167e-02       5.821892614516e+03 
       3.608682187299e-02       5.818988572623e+03 
       3.610489563113e-02       5.816081423984e+03 
       3.612300168152e-02       5.813171158798e+03 
       3.614114017058e-02       5.810257767046e+03 
       3.615931124570e-02       5.807341238711e+03 
       3.617751505524e-02       5.804421556915e+03 
       3.619575174857e-02       5.801498724809e+03 
       3.621402147606e-02       5.798572729625e+03 
       3.623232438909e-02       5.795643554191e+03 
       3.625066064007e-02       5.792711182523e+03 
       3.626903038242e-02       5.789775621465e+03 
       3.628743377063e-02       5.786836852279e+03 
       3.630587096020e-02       5.783894865719e+03 
       3.632434210772e-02       5.780949645295e+03 
       3.634284737084e-02       5.778001189209e+03 
       3.636138690827e-02       5.775049483216e+03 
       3.637996087984e-02       5.772094516614e+03 
       3.639856944645e-02       5.769136278620e+03 
       3.641721277012e-02       5.766174758461e+03 
       3.643589101398e-02       5.763209949443e+03 
       3.645460434230e-02       5.760241816642e+03 
       3.647335292046e-02       5.757270383109e+03 
       3.649213691503e-02       5.754295623489e+03 
       3.651095649371e-02       5.751317526732e+03 
       3.652981182537e-02       5.748336081712e+03 
       3.654870308008e-02       5.745351277263e+03 
       3.656763042908e-02       5.742363103953e+03 
       3.658659404482e-02       5.739371541292e+03 
       3.660559410098e-02       5.736376590030e+03 
       3.662463077245e-02       5.733378233684e+03 
       3.664370423534e-02       5.730376453869e+03 
       3.666281466705e-02       5.727371251503e+03 
       3.668196224621e-02       5.724362609062e+03 
       3.670114715272e-02       5.721350512284e+03 
       3.672036956779e-02       5.718334954034e+03 
       3.673962967390e-02       5.715315920208e+03 
       3.675892765485e-02       5.712293398890e+03 
       3.677826369577e-02       5.709267377867e+03 
       3.679763798311e-02       5.706237845283e+03 
       3.681705070467e-02       5.703204791538e+03 
       3.683650204961e-02       5.700168187030e+03 
       3.685599220847e-02       5.697128044793e+03 
       3.687552137316e-02       5.694084339911e+03 
       3.689508973701e-02       5.691037063109e+03 
       3.691469749474e-02       5.687986200217e+03 
       3.693434484252e-02       5.684931738667e+03 
       3.695403197795e-02       5.681873665806e+03 
       3.697375910008e-02       5.678811964374e+03 
       3.699352640944e-02       5.675746629551e+03 
       3.701333410802e-02       5.672677644933e+03 
       3.703318239934e-02       5.669604997387e+03 
       3.705307148841e-02       5.666528673708e+03 
       3.707300158178e-02       5.663448655218e+03 
       3.709297288753e-02       5.660364938691e+03 
       3.711298561532e-02       5.657277504374e+03 
       3.713303997636e-02       5.654186342084e+03 
       3.715313618345e-02       5.651091436885e+03 
       3.717327445102e-02       5.647992775194e+03 
       3.719345499510e-02       5.644890343434e+03 
       3.721367803336e-02       5.641784120711e+03 
       3.723394378513e-02       5.638674106077e+03 
       3.725425247141e-02       5.635560279618e+03 
       3.727460431488e-02       5.632442627320e+03 
       3.729499953994e-02       5.629321135086e+03 
       3.731543837269e-02       5.626195789895e+03 
       3.733592104100e-02       5.623066569655e+03 
       3.735644777446e-02       5.619933471302e+03 
       3.737701880448e-02       5.616796475610e+03 
       3.739763436422e-02       5.613655568058e+03 
       3.741829468869e-02       5.610510735622e+03 
       3.743900001470e-02       5.607361953816e+03 
       3.745975058094e-02       5.604209221476e+03 
       3.748054662793e-02       5.601052517124e+03 
       3.750138839813e-02       5.597891827374e+03 
       3.752227613586e-02       5.594727136259e+03 
       3.754321008740e-02       5.591558425214e+03 
       3.756419050097e-02       5.588385684980e+03 
       3.758521762675e-02       5.585208897346e+03 
       3.760629171693e-02       5.582028046782e+03 
       3.762741302568e-02       5.578843117576e+03 
       3.764858180925e-02       5.575654092345e+03 
       3.766979832589e-02       5.572460958079e+03 
       3.769106283596e-02       5.569263698165e+03 
       3.771237560192e-02       5.566062296196e+03 
       3.773373688833e-02       5.562856735920e+03 
       3.775514696190e-02       5.559647001190e+03 
       3.777660609153e-02       5.556433075538e+03 
       3.779811454826e-02       5.553214942842e+03 
       3.781967260541e-02       5.549992583115e+03 
       3.784128053847e-02       5.546765985254e+03 
       3.786293862524e-02       5.543535129835e+03 
       3.788464714579e-02       5.540299999514e+03 
       3.790640638251e-02       5.537060578016e+03 
       3.792821662010e-02       5.533816848488e+03 
       3.795007814565e-02       5.530568792266e+03 
       3.797199124863e-02       5.527316392031e+03 
       3.799395622094e-02       5.524059630889e+03 
       3.801597335689e-02       5.520798492959e+03 
       3.803804295329e-02       5.517532958927e+03 
       3.806016530943e-02       5.514263010863e+03 
       3.808234072713e-02       5.510988630956e+03 
       3.810456951077e-02       5.507709801116e+03 
       3.812685196729e-02       5.504426503162e+03 
       3.814918840626e-02       5.501138718826e+03 
       3.817157913989e-02       5.497846429548e+03 
       3.819402448305e-02       5.494549616839e+03 
       3.821652475333e-02       5.491248261864e+03 
       3.823908027102e-02       5.487942345678e+03 
       3.826169135921e-02       5.484631849292e+03 
       3.828435834375e-02       5.481316753449e+03 
       3.830708155333e-02       5.477997039101e+03 
       3.832986131952e-02       5.474672686857e+03 
       3.835269797674e-02       5.471343677232e+03 
       3.837559186238e-02       5.468009990532e+03 
       3.839854331676e-02       5.464671607216e+03 
       3.842155268319e-02       5.461328506992e+03 
       3.844462030804e-02       5.457980670003e+03 
       3.846774654073e-02       5.454628075859e+03 
       3.849093173376e-02       5.451270704040e+03 
       3.851417624279e-02       5.447908534174e+03 
       3.853748042667e-02       5.444541545586e+03 
       3.856084464741e-02       5.441169717488e+03 
       3.858426927033e-02       5.437793028981e+03 
       3.860775466400e-02       5.434411458857e+03 
       3.863130120033e-02       5.431024986075e+03 
       3.865490925460e-02       5.427633589163e+03 
       3.867857920551e-02       5.424237246485e+03 
       3.870231143517e-02       5.420835936155e+03 
       3.872610632924e-02       5.417429636360e+03 
       3.874996427687e-02       5.414018325007e+03 
       3.877388567081e-02       5.410601979868e+03 
       3.879787090741e-02       5.407180578628e+03 
       3.882192038671e-02       5.403754098627e+03 
       3.884603451245e-02       5.400322517367e+03 
       3.887021369212e-02       5.396885811954e+03 
       3.889445833703e-02       5.393443959339e+03 
       3.891876886232e-02       5.389996936165e+03 
       3.894314568704e-02       5.386544719105e+03 
       3.896758923418e-02       5.383087284520e+03 
       3.899209993073e-02       5.379624608627e+03 
       3.901667820773e-02       5.376156667417e+03 
       3.904132450031e-02       5.372683436906e+03 
       3.906603924775e-02       5.369204892762e+03 
       3.909082289354e-02       5.365721010534e+03 
       3.911567588541e-02       5.362231765613e+03 
       3.914059867540e-02       5.358737133031e+03 
       3.916559171994e-02       5.355237087849e+03 
       3.919065547984e-02       5.351731604744e+03 
       3.921579042042e-02       5.348220658288e+03 
       3.924099701151e-02       5.344704222542e+03 
       3.926627572757e-02       5.341182271973e+03 
       3.929162704766e-02       5.337654780462e+03 
       3.931705145560e-02       5.334121721764e+03 
       3.934254943997e-02       5.330583069393e+03 
       3.936812149417e-02       5.327038796826e+03 
       3.939376811653e-02       5.323488877172e+03 
       3.941948981033e-02       5.319933283270e+03 
       3.944528708389e-02       5.316371987819e+03 
       3.947116045063e-02       5.312804963132e+03 
       3.949711042912e-02       5.309232181777e+03 
       3.952313754318e-02       5.305653615323e+03 
       3.954924232193e-02       5.302069236014e+03 
       3.957542529989e-02       5.298479015197e+03 
       3.960168701700e-02       5.294882924419e+03 
       3.962802801874e-02       5.291280934789e+03 
       3.965444885618e-02       5.287673017140e+03 
       3.968095008608e-02       5.284059141980e+03 
       3.970753227093e-02       5.280439279882e+03 
       3.973419597908e-02       5.276813400784e+03 
       3.976094178477e-02       5.273181474780e+03 
       3.978777026825e-02       5.269543471384e+03 
       3.981468201584e-02       5.265899360165e+03 
       3.984167762002e-02       5.262249110288e+03 
       3.986875767952e-02       5.258592690671e+03 
       3.989592279940e-02       5.254930069831e+03 
       3.992317359116e-02       5.251261216221e+03 
       3.995051067280e-02       5.247586097894e+03 
       3.997793466893e-02       5.243904682660e+03 
       4.000544621086e-02       5.240216937993e+03 
       4.003304593671e-02       5.236522831326e+03 
       4.006073449147e-02       5.232822329668e+03 
       4.008851252715e-02       5.229115399764e+03 
       4.011638070283e-02       5.225402007975e+03 
       4.014433968480e-02       5.221682120575e+03 
       4.017239014664e-02       5.217955703328e+03 
       4.020053276935e-02       5.214222721854e+03 
       4.022876824142e-02       5.210483140938e+03 
       4.025709725899e-02       5.206736926043e+03 
       4.028552052593e-02       5.202984041655e+03 
       4.031403875395e-02       5.199224452093e+03 
       4.034265266274e-02       5.195458121503e+03 
       4.037136298007e-02       5.191685013567e+03 
       4.040017044191e-02       5.187905091621e+03 
       4.042907579258e-02       5.184118318592e+03 
       4.045807978483e-02       5.180324657223e+03 
       4.048718318000e-02       5.176524069885e+03 
       4.051638674815e-02       5.172716518552e+03 
       4.054569126818e-02       5.168901964964e+03 
       4.057509752795e-02       5.165080370537e+03 
       4.060460632447e-02       5.161251696371e+03 
       4.063421846397e-02       5.157415903069e+03 
       4.066393476212e-02       5.153572950732e+03 
       4.069375604410e-02       5.149722799460e+03 
       4.072368314479e-02       5.145865408366e+03 
       4.075371690893e-02       5.142000736844e+03 
       4.078385819124e-02       5.138128743670e+03 
       4.081410785660e-02       5.134249387279e+03 
       4.084446678021e-02       5.130362625736e+03 
       4.087493584775e-02       5.126468416619e+03 
       4.090551595553e-02       5.122566717223e+03 
       4.093620801070e-02       5.118657484199e+03 
       4.096701293137e-02       5.114740673795e+03 
       4.099793164682e-02       5.110816242024e+03 
       4.102896509771e-02       5.106884144462e+03 
       4.106011423618e-02       5.102944336087e+03 
       4.109138002611e-02       5.098996771749e+03 
       4.112276344329e-02       5.095041405832e+03 
       4.115426547561e-02       5.091078192113e+03 
       4.118588712326e-02       5.087107083790e+03 
       4.121762939893e-02       5.083128033673e+03 
       4.124949332803e-02       5.079140994121e+03 
       4.128147994890e-02       5.075145917068e+03 
       4.131359031300e-02       5.071142753916e+03 
       4.134582548517e-02       5.067131455839e+03 
       4.137818654384e-02       5.063111973387e+03 
       4.141067458124e-02       5.059084256542e+03 
       4.144329070366e-02       5.055048254782e+03 
       4.147603603168e-02       5.051003916935e+03 
       4.150891170042e-02       5.046951191366e+03 
       4.154191885978e-02       5.042890025877e+03 
       4.157505867472e-02       5.038820368043e+03 
       4.160833232547e-02       5.034742164723e+03 
       4.164174100786e-02       5.030655362251e+03 
       4.167528593354e-02       5.026559906522e+03 
       4.170896833031e-02       5.022455742579e+03 
       4.174278944234e-02       5.018342814818e+03 
       4.177675053052e-02       5.014221067241e+03 
       4.181085287273e-02       5.010090443241e+03 
       4.184509776413e-02       5.005950885593e+03 
       4.187948651750e-02       5.001802336660e+03 
       4.191402046356e-02       4.997644738170e+03 
       4.194870095125e-02       4.993478031035e+03 
       4.198352934810e-02       4.989302155474e+03 
       4.201850704059e-02       4.985117051067e+03 
       4.205363543441e-02       4.980922656748e+03 
       4.208891595493e-02       4.976718910752e+03 
       4.212435004748e-02       4.972505750944e+03 
       4.215993917773e-02       4.968283114386e+03 
       4.219568483213e-02       4.964050937357e+03 
       4.223158851823e-02       4.959809155488e+03 
       4.226765176510e-02       4.955557703451e+03 
       4.230387612375e-02       4.951296515186e+03 
       4.234026316756e-02       4.947025524157e+03 
       4.237681449264e-02       4.942744662934e+03 
       4.241353171836e-02       4.938453863401e+03 
       4.245041648773e-02       4.934153056851e+03 
       4.248747046788e-02       4.929842173502e+03 
       4.252469535052e-02       4.925521142607e+03 
       4.256209285244e-02       4.921189892823e+03 
       4.259966471600e-02       4.916848351885e+03 
       4.263741270961e-02       4.912496446678e+03 
       4.267533862827e-02       4.908134103520e+03 
       4.271344429409e-02       4.903761247725e+03 
       4.275173155683e-02       4.899377803532e+03 
       4.279020229447e-02       4.894983694371e+03 
       4.282885841377e-02       4.890578842597e+03 
       4.286770185084e-02       4.886163169697e+03 
       4.290673457179e-02       4.881736596421e+03 
       4.294595857326e-02       4.877299042443e+03 
       4.298537588315e-02       4.872850426595e+03 
       4.302498856117e-02       4.868390666517e+03 
       4.306479869958e-02       4.863919678667e+03 
       4.310480842382e-02       4.859437378626e+03 
       4.314501989325e-02       4.854943680933e+03 
       4.318543530180e-02       4.850438499058e+03 
       4.322605687878e-02       4.845921745593e+03 
       4.326688688960e-02       4.841393331879e+03 
       4.330792763652e-02       4.836853167907e+03 
       4.334918145950e-02       4.832301162650e+03 
       4.339065073697e-02       4.827737223759e+03 
       4.343233788668e-02       4.823161257947e+03 
       4.347424536657e-02       4.818573170696e+03 
       4.351637567565e-02       4.813972866250e+03 
       4.355873135491e-02       4.809360247616e+03 
       4.360131498824e-02       4.804735216202e+03 
       4.364412920341e-02       4.800097672215e+03 
       4.368717667304e-02       4.795447514611e+03 
       4.373046011563e-02       4.790784641044e+03 
       4.377398229656e-02       4.786108947953e+03 
       4.381774602924e-02       4.781420330215e+03 
       4.386175417611e-02       4.776718681054e+03 
       4.390600964988e-02       4.772003892173e+03 
       4.395051541460e-02       4.767275853942e+03 
       4.399527448692e-02       4.762534455357e+03 
       4.404028993731e-02       4.757779583896e+03 
       4.408556489131e-02       4.753011125334e+03 
       4.413110253086e-02       4.748228963807e+03 
       4.417690609565e-02       4.743432981533e+03 
       4.422297888448e-02       4.738623058984e+03 
       4.426932425671e-02       4.733799075528e+03 
       4.431594563370e-02       4.728960908605e+03 
       4.436284650038e-02       4.724108433864e+03 
       4.441003040674e-02       4.719241524779e+03 
       4.445750096949e-02       4.714360052987e+03 
       4.450526187370e-02       4.709463888249e+03 
       4.455331687450e-02       4.704552898695e+03 
       4.460166979885e-02       4.699626950375e+03 
       4.465032454736e-02       4.694685907292e+03 
       4.469928509614e-02       4.689729631271e+03 
       4.474855549876e-02       4.684757981670e+03 
       4.479813988824e-02       4.679770816111e+03 
       4.484804247907e-02       4.674767990000e+03 
       4.489826756939e-02       4.669749356455e+03 
       4.494881954314e-02       4.664714766359e+03 
       4.499970287234e-02       4.659664067864e+03 
       4.505092211941e-02       4.654597106731e+03 
       4.510248193962e-02       4.649513726574e+03 
       4.515438708353e-02       4.644413768263e+03 
       4.520664239962e-02       4.639297070192e+03 
       4.525925283692e-02       4.634163468073e+03 
       4.531222344779e-02       4.629012794530e+03 
       4.536555939073e-02       4.623844879843e+03 
       4.541926593334e-02       4.618659551208e+03 
       4.547334845540e-02       4.613456633076e+03 
       4.552781245195e-02       4.608235946781e+03 
       4.558266353662e-02       4.602997310489e+03 
       4.563790744496e-02       4.597740539320e+03 
       4.569355003795e-02       4.592465445213e+03 
       4.574959730561e-02       4.587171836695e+03 
       4.580605537075e-02       4.581859519019e+03 
       4.586293049287e-02       4.576528293748e+03 
       4.592022907213e-02       4.571177959094e+03 
       4.597795765360e-02       4.565808309509e+03 
       4.603612293148e-02       4.560419135676e+03 
       4.609473175367e-02       4.555010224385e+03 
       4.615379112637e-02       4.549581358470e+03 
       4.621330821892e-02       4.544132316578e+03 
       4.627329036879e-02       4.538662873649e+03 
       4.633374508678e-02       4.533172799765e+03 
       4.639468006241e-02       4.527661860800e+03 
       4.645610316953e-02       4.522129817831e+03 
       4.651802247212e-02       4.516576427854e+03 
       4.658044623032e-02       4.511001442610e+03 
       4.664338290677e-02       4.505404608827e+03 
       4.670684117305e-02       4.499785668290e+03 
       4.677082991656e-02       4.494144357559e+03 
       4.683535824750e-02       4.488480407893e+03 
       4.690043550630e-02       4.482793544620e+03 
       4.696607127117e-02       4.477083487687e+03 
       4.703227536616e-02       4.471349951021e+03 
       4.709905786936e-02       4.465592642394e+03 
       4.716642912160e-02       4.459811263289e+03 
       4.723439973542e-02       4.454005508844e+03 
       4.730298060443e-02       4.448175067308e+03 
       4.737218291311e-02       4.442319620292e+03 
       4.744201814702e-02       4.436438842007e+03 
       4.751249810338e-02       4.430532399278e+03 
       4.758363490221e-02       4.424599951664e+03 
       4.765544099792e-02       4.418641150680e+03 
       4.772792919139e-02       4.412655639391e+03 
       4.780111264260e-02       4.406643052736e+03 
       4.787500488385e-02       4.400603017134e+03 
       4.794961983358e-02       4.394535149812e+03 
       4.802497181076e-02       4.388439058204e+03 
       4.810107555002e-02       4.382314340796e+03 
       4.817794621742e-02       4.376160585502e+03 
       4.825559942701e-02       4.369977370452e+03 
       4.833405125814e-02       4.363764262322e+03 
       4.841331827356e-02       4.357520816744e+03 
       4.849341753846e-02       4.351246578139e+03 
       4.857436664039e-02       4.344941078653e+03 
       4.865618371013e-02       4.338603837607e+03 
       4.873888744360e-02       4.332234361368e+03 
       4.882249712489e-02       4.325832143262e+03 
       4.890703265037e-02       4.319396662092e+03 
       4.899251455408e-02       4.312927381758e+03 
       4.907896403436e-02       4.306423751110e+03 
       4.916640298184e-02       4.299885203431e+03 
       4.925485400894e-02       4.293311154878e+03 
       4.934434048081e-02       4.286701004145e+03 
       4.943488654798e-02       4.280054132252e+03 
       4.952651718066e-02       4.273369901436e+03 
       4.961925820493e-02       4.266647653546e+03 
       4.971313634086e-02       4.259886710044e+03 
       4.980817924267e-02       4.253086371290e+03 
       4.990441554114e-02       4.246245914323e+03 
       5.000187488831e-02       4.239364592588e+03 
       5.010058800473e-02       4.232441635216e+03 
       5.020058672930e-02       4.225476244845e+03 
       5.030190407197e-02       4.218467596197e+03 
       5.040457426945e-02       4.211414836717e+03 
       5.050863284415e-02       4.204317082449e+03 
       5.061411666648e-02       4.197173417829e+03 
       5.072106402090e-02       4.189982894494e+03 
       5.082951467581e-02       4.182744528158e+03 
       5.093950995761e-02       4.175457297470e+03 
       5.105109282928e-02       4.168120142584e+03 
       5.116430797364e-02       4.160731961400e+03 
       5.127920188179e-02       4.153291608385e+03 
       5.139582294695e-02       4.145797892380e+03 
       5.151422156416e-02       4.138249572161e+03 
       5.163445023624e-02       4.130645355359e+03 
       5.175656368644e-02       4.122983894906e+03 
       5.188061897830e-02       4.115263784053e+03 
       5.200667564317e-02       4.107483555410e+03 
       5.213479581599e-02       4.099641675094e+03 
       5.226504437998e-02       4.091736538332e+03 
       5.239748912079e-02       4.083766466552e+03 
       5.253220089084e-02       4.075729700637e+03 
       5.266925378465e-02       4.067624396284e+03 
       5.280872532590e-02       4.059448618587e+03 
       5.295069666710e-02       4.051200333984e+03 
       5.309525280286e-02       4.042877405778e+03 
       5.324248279766e-02       4.034477584041e+03 
       5.339248002922e-02       4.025998499207e+03 
       5.354534244870e-02       4.017437652429e+03 
       5.370117285881e-02       4.008792404931e+03 
       5.386007921124e-02       4.000059969227e+03 
       5.402217492469e-02       3.991237394656e+03 
       5.418757922511e-02       3.982321557277e+03 
       5.435641750950e-02       3.973309143028e+03 
       5.452882173508e-02       3.964196634408e+03 
       5.470493083533e-02       3.954980291302e+03 
       5.488489116485e-02       3.945656133942e+03 
       5.506885697466e-02       3.936219920298e+03 
       5.525699091985e-02       3.926667124712e+03 
       5.544946460139e-02       3.916992911077e+03 
       5.564645914387e-02       3.907192105813e+03 
       5.584816581089e-02       3.897259166483e+03 
       5.605478665952e-02       3.887188146721e+03 
       5.626653523539e-02       3.876972659667e+03 
       5.648363730909e-02       3.866605833779e+03 
       5.670633165458e-02       3.856080267802e+03 
       5.693487086938e-02       3.845387977353e+03 
       5.716952223568e-02       3.834520337910e+03 
       5.741056862010e-02       3.823468020718e+03 
       5.765830940886e-02       3.812220921397e+03 
       5.791306147284e-02       3.800768081519e+03 
       5.817516015524e-02       3.789097600589e+03 
       5.844496027120e-02       3.777196539974e+03 
       5.872283710572e-02       3.765050816247e+03 
       5.900918739158e-02       3.752645082303e+03 
       5.930443024391e-02       3.739962598101e+03 
       5.960900802168e-02       3.726985089470e+03 
       5.992338707901e-02       3.713692592307e+03 
       6.024805836021e-02       3.700063284404e+03 
       6.058353778242e-02       3.686073304229e+03 
       6.093036633800e-02       3.671696558084e+03 
       6.128910983606e-02       3.656904515446e+03 
       6.166035818811e-02       3.641665996933e+03 
       6.204472412890e-02       3.625946957586e+03 
       6.244284124861e-02       3.609710271884e+03 
       6.285536120008e-02       3.592915528190e+03 
       6.328294993511e-02       3.575518843095e+03 
       6.372628281978e-02       3.557472709742e+03 
       6.418603848346e-02       3.538725897333e+03 
       6.466289127284e-02       3.519223423052e+03 
       6.515750221553e-02       3.498906622383e+03 
       6.567050845069e-02       3.477713346980e+03 
       6.620251116191e-02       3.455578322156e+03 
       6.675406214953e-02       3.432433698235e+03 
       6.732564930757e-02       3.408209828290e+03 
       6.791768141747e-02       3.382836302105e+03 
       6.853047282733e-02       3.356243256409e+03 
       6.916422873505e-02       3.328362965731e+03 
       6.981903191501e-02       3.299131705553e+03 
       7.049483179564e-02       3.268491848268e+03 
       7.119143678557e-02       3.236394133365e+03 
       7.190851064055e-02       3.202800028601e+03 
       7.264557345690e-02       3.167684070113e+03 
       7.340200757846e-02       3.131036050570e+03 
       7.417706834337e-02       3.092862932385e+03 
       7.496989921657e-02       3.053190354015e+03 
       7.577955050509e-02       3.012063630736e+03 
       7.660500058504e-02       2.969548172220e+03 
       7.744517841732e-02       2.925729281598e+03 
       7.829898610849e-02       2.880711338663e+03 
       7.916532037770e-02       2.834616410039e+03 
       8.004309199348e-02       2.787582362987e+03 
       8.093124250736e-02       2.739760575789e+03 
       8.182875789405e-02       2.691313360371e+03 
       8.273467897396e-02       2.642411206572e+03 
       8.364810871732e-02       2.593229956621e+03 
       8.456821669612e-02       2.543948005124e+03 
       8.549424105728e-02       2.494743599287e+03 
       8.642548844365e-02       2.445792309602e+03 
       8.736133229763e-02       2.397264718946e+03 
       8.830120995891e-02       2.349324370239e+03 
       8.924461892345e-02       2.302125997293e+03 
       9.019111257598e-02       2.255814041166e+03 
       9.114029565047e-02       2.210521446469e+03 
       9.209181961758e-02       2.166368713015e+03 
       9.304537814803e-02       2.123463193451e+03 
       9.400070275784e-02       2.081898623729e+03 
       9.495755870645e-02       2.041754873192e+03 
       9.591574119018e-02       2.003097897619e+03 
       9.687507185218e-02       1.965979864893e+03 
       9.783539561424e-02       1.930439426668e+03 
       9.879657782384e-02       1.896502107101e+03 
       9.975850170287e-02       1.864180791206e+03 
       1.007210660788e-01       1.833476292390e+03 
       1.016841833766e-01       1.804377987099e+03 
       1.026477778495e-01       1.776864499329e+03 
       1.036117840239e-01       1.750904422335e+03 
       1.045761453384e-01       1.726457066461e+03 
       1.055408129540e-01       1.703473224277e+03 
       1.065057447175e-01       1.681895942725e+03 
       1.074709042589e-01       1.661661303003e+03 
       1.084362602076e-01       1.642699198126e+03 
       1.094017855122e-01       1.624934106970e+03 
       1.103674568504e-01       1.608285868383e+03 
       1.113332541192e-01       1.592670444383e+03 
       1.122991599926e-01       1.578000684919e+03 
       1.132651595401e-01       1.564187084565e+03 
       1.142312398967e-01       1.551138529828e+03 
       1.151973899778e-01       1.538763047168e+03 
       1.161636002338e-01       1.526968536591e+03 
       1.171298624372e-01       1.515663498893e+03 
       1.180961695004e-01       1.504757748751e+03 
       1.190625153171e-01       1.494163112226e+03 
       1.200288946271e-01       1.483794104494e+03 
       1.209953028982e-01       1.473568579381e+03 
       1.219617362258e-01       1.463408348164e+03 
       1.229281912457e-01       1.453239755702e+03 
       1.238946650587e-01       1.442994218663e+03 
       1.248611551667e-01       1.432608708145e+03 
       1.258276594165e-01       1.422026179107e+03 
       1.267941759521e-01       1.411195936821e+03 
       1.277607031735e-01       1.400073935472e+03 
       1.287272397011e-01       1.388623004166e+03 
       1.296937843448e-01       1.376812994179e+03 
       1.306603360782e-01       1.364620849775e+03 
       1.316268940157e-01       1.352030600032e+03 
       1.325934573928e-01       1.339033273373e+03 
       1.335600255492e-01       1.325626737996e+03 
       1.345265979150e-01       1.311815471055e+03 
       1.354931739974e-01       1.297610258063e+03 
       1.364597533703e-01       1.283027826620e+03 
       1.374263356654e-01       1.268090419054e+03 
       1.383929205635e-01       1.252825312709e+03 
       1.393595077885e-01       1.237264298249e+03 
       1.403260971009e-01       1.221443125343e+03 
       1.412926882927e-01       1.205400925194e+03 
       1.422592811836e-01       1.189179617671e+03 
       1.432258756166e-01       1.172823311196e+03 
       1.441924714552e-01       1.156377702928e+03 
       1.451590685803e-01       1.139889488415e+03 
       1.461256668879e-01       1.123405786856e+03 
       1.470922662873e-01       1.106973590919e+03 
       1.480588666987e-01       1.090639245533e+03 
       1.490254680524e-01       1.074447962349e+03 
       1.499920702869e-01       1.058443373505e+03 
       1.509586733481e-01       1.042667128751e+03 
       1.519252771880e-01       1.027158537783e+03 
       1.528918817643e-01       1.011954260093e+03 
       1.538584870392e-01       9.970880410759e+02 
       1.548250929791e-01       9.825904964280e+02 
       1.557916995540e-01       9.684889413324e+02 
       1.567583067368e-01       9.548072644712e+02 
       1.577249145033e-01       9.415658434358e+02 
       1.586915228314e-01       9.287814990032e+02 
       1.596581317012e-01       9.164674853884e+02 
       1.606247410945e-01       9.046335141547e+02 
       1.615913509946e-01       8.932858090854e+02 
       1.625579613863e-01       8.824271878954e+02 
       1.635245722555e-01       8.720571689951e+02 
       1.644911835892e-01       8.621720984500e+02 
       1.654577953750e-01       8.527652953537e+02 
       1.664244076019e-01       8.438272132675e+02 
       1.673910202591e-01       8.353456152694e+02 
       1.683576333366e-01       8.273057618037e+02 
       1.693242468251e-01       8.196906082596e+02 
       1.702908607157e-01       8.124810111709e+02 
       1.712574749998e-01       8.056559405498e+02 
       1.722240896695e-01       7.991926977652e+02 
       1.731907047171e-01       7.930671368233e+02 
       1.741573201352e-01       7.872538891717e+02 
       1.751239359168e-01       7.817265903387e+02 
       1.760905520551e-01       7.764581092747e+02 
       1.770571685436e-01       7.714207769142e+02 
       1.780237853760e-01       7.665866157452e+02 
       1.789904025462e-01       7.619275667681e+02 
       1.799570200484e-01       7.574157135644e+02 
       1.809236378768e-01       7.530235012825e+02 
       1.818902560259e-01       7.487239486680e+02 
       1.828568744903e-01       7.444908520840e+02 
       1.838234932649e-01       7.402989809368e+02 
       1.847901123445e-01       7.361242625292e+02 
       1.857567317242e-01       7.319439546751e+02 
       1.867233513992e-01       7.277368053171e+02 
       1.876899713647e-01       7.234831958196e+02 
       1.886565916163e-01       7.191652680543e+02 
       1.896232121493e-01       7.147670322070e+02 
       1.905898329595e-01       7.102744549050e+02 
       1.915564540425e-01       7.056755275626e+02 
       1.925230753941e-01       7.009603131438e+02 
       1.934896970104e-01       6.961209721914e+02 
       1.944563188872e-01       6.911517664247e+02 
       1.954229410207e-01       6.860490426310e+02 
       1.963895634070e-01       6.808111948361e+02 
       1.973561860425e-01       6.754386072583e+02 
       1.983228089233e-01       6.699335774827e+02 
       1.992894320459e-01       6.643002232585e+02 
       2.002560554068e-01       6.585443721732e+02 
       2.012226790025e-01       6.526734374353e+02 
       2.021893028296e-01       6.466962817268e+02 
       2.031559268849e-01       6.406230694976e+02 
       2.041225511650e-01       6.344651104338e+02 
       2.050891756667e-01       6.282346976532e+02 
       2.060558003870e-01       6.219449419517e+02 
       2.070224253227e-01       6.156096025985e+02 
       2.079890504708e-01       6.092429209210e+02 
       2.089556758284e-01       6.028594538922e+02 
       2.099223013926e-01       5.964739138556e+02 
       2.108889271605e-01       5.901010110704e+02 
       2.118555531293e-01       5.837553047213e+02 
       2.128221792963e-01       5.774510636665e+02 
       2.137888056587e-01       5.712021342345e+02 
       2.147554322140e-01       5.650218206758e+02 
       2.157220589594e-01       5.589227774367e+02 
       2.166886858926e-01       5.529169112092e+02 
       2.176553130109e-01       5.470152961055e+02 
       2.186219403120e-01       5.412281017772e+02 
       2.195885677933e-01       5.355645307952e+02 
       2.205551954525e-01       5.300327717227e+02 
       2.215218232873e-01       5.246399603495e+02 
       2.224884512954e-01       5.193921544922e+02 
       2.234550794745e-01       5.142943205993e+02 
       2.244217078224e-01       5.093503280746e+02 
       2.253883363370e-01       5.045629562636e+02 
       2.263549650161e-01       4.999339075744e+02 
       2.273215938575e-01       4.954638316887e+02 
       2.282882228593e-01       4.911523545245e+02 
       2.292548520193e-01       4.869981155318e+02 
       2.302214813357e-01       4.829988116729e+02 
       2.311881108064e-01       4.791512468019e+02 
       2.321547404294e-01       4.754513853242e+02 
       2.331213702030e-01       4.718944115282e+02 
       2.340880001252e-01       4.684747918756e+02 
       2.350546301942e-01       4.651863411550e+02 
       2.360212604082e-01       4.620222903657e+02 
       2.369878907654e-01       4.589753586152e+02 
       2.379545212640e-01       4.560378249792e+02 
       2.389211519024e-01       4.532016013100e+02 
       2.398877826789e-01       4.504583086574e+02 
       2.408544135917e-01       4.477993494017e+02 
       2.418210446392e-01       4.452159825300e+02 
       2.427876758199e-01       4.426993968802e+02 
       2.437543071321e-01       4.402407828285e+02 
       2.447209385743e-01       4.378314034367e+02 
       2.456875701450e-01       4.354626619738e+02 
       2.466542018426e-01       4.331261677290e+02 
       2.476208336656e-01       4.308137979828e+02 
       2.485874656126e-01       4.285177564498e+02 
       2.495540976821e-01       4.262306281311e+02 
       2.505207298727e-01       4.239454291274e+02 
       2.514873621831e-01       4.216556523357e+02 
       2.524539946118e-01       4.193553072122e+02 
       2.534206271574e-01       4.170389544666e+02 
       2.543872598187e-01       4.147017346175e+02 
       2.553538925943e-01       4.123393907331e+02 
       2.563205254830e-01       4.099482852657e+02 
       2.572871584834e-01       4.075254106606e+02 
       2.582537915943e-01       4.050683943089e+02 
       2.592204248144e-01       4.025754970677e+02 
       2.601870581426e-01       4.000456064303e+02 
       2.611536915776e-01       3.974782234489e+02 
       2.621203251183e-01       3.948734447412e+02 
       2.630869587635e-01       3.922319388325e+02 
       2.640535925120e-01       3.895549182559e+02 
       2.650202263627e-01       3.868441070155e+02 
       2.659868603145e-01       3.841017044593e+02 
       2.669534943662e-01       3.813303458863e+02 
       2.679201285169e-01       3.785330602447e+02 
       2.688867627654e-01       3.757132259271e+02 
       2.698533971107e-01       3.728745243747e+02 
       2.708200315517e-01       3.700208929757e+02 
       2.717866660875e-01       3.671564765231e+02 
       2.727533007169e-01       3.642855796335e+02 
       2.737199354391e-01       3.614126183550e+02 
       2.746865702530e-01       3.585420724555e+02 
       2.756532051577e-01       3.556784414834e+02 
       2.766198401522e-01       3.528261995625e+02 
       2.775864752356e-01       3.499897539467e+02 
       2.785531104069e-01       3.471734053646e+02 
       2.795197456652e-01       3.443813113170e+02 
       2.804863810097e-01       3.416174521267e+02 
       2.814530164394e-01       3.388856001034e+02 
       2.824196519535e-01       3.361892918353e+02 
       2.833862875511e-01       3.335318039126e+02 
       2.843529232314e-01       3.309161318806e+02 
       2.853195589934e-01       3.283449729040e+02 
       2.862861948365e-01       3.258207113817e+02 
       2.872528307597e-01       3.233454083681e+02 
       2.882194667622e-01       3.209207938090e+02 
       2.891861028433e-01       3.185482623151e+02 
       2.901527390022e-01       3.162288715757e+02 
       2.911193752380e-01       3.139633442656e+02 
       2.920860115501e-01       3.117520722033e+02 
       2.930526479377e-01       3.095951237310e+02 
       2.940192843999e-01       3.074922528144e+02 
       2.949859209362e-01       3.054429110534e+02 
       2.959525575457e-01       3.034462609969e+02 
       2.969191942278e-01       3.015011919775e+02 
       2.978858309817e-01       2.996063370545e+02 
       2.988524678068e-01       2.977600920058e+02 
       2.998191047023e-01       2.959606350743e+02 
       3.007857416676e-01       2.942059484004e+02 
       3.017523787020e-01       2.924938397132e+02 
       3.027190158048e-01       2.908219652594e+02 
       3.036856529754e-01       2.891878526242e+02 
       3.046522902131e-01       2.875889244705e+02 
       3.056189275174e-01       2.860225219033e+02 
       3.065855648875e-01       2.844859280902e+02 
       3.075522023228e-01       2.829763914589e+02 
       3.085188398228e-01       2.814911487285e+02 
       3.094854773868e-01       2.800274471979e+02 
       3.104521150142e-01       2.785825662819e+02 
       3.114187527045e-01       2.771538384345e+02 
       3.123853904570e-01       2.757386685799e+02 
       3.133520282712e-01       2.743345529212e+02 
       3.143186661465e-01       2.729390959343e+02 
       3.152853040824e-01       2.715500263641e+02 
       3.162519420782e-01       2.701652113370e+02 
       3.172185801334e-01       2.687826691885e+02 
       3.181852182476e-01       2.674005804228e+02 
       3.191518564201e-01       2.660172970688e+02 
       3.201184946504e-01       2.646313503523e+02 
       3.210851329381e-01       2.632414564455e+02 
       3.220517712825e-01       2.618465206044e+02 
       3.230184096832e-01       2.604456392930e+02 
       3.239850481397e-01       2.590381008703e+02 
       3.249516866515e-01       2.576233840638e+02 
       3.259183252180e-01       2.562011554935e+02 
       3.268849638388e-01       2.547712649334e+02 
       3.278516025135e-01       2.533337395031e+02 
       3.288182412415e-01       2.518887764093e+02 
       3.297848800223e-01       2.504367341306e+02 
       3.307515188556e-01       2.489781228953e+02 
       3.317181577408e-01       2.475135936471e+02 
       3.326847966775e-01       2.460439266950e+02 
       3.336514356653e-01       2.445700190578e+02 
       3.346180747036e-01       2.430928716604e+02 
       3.355847137921e-01       2.416135757461e+02 
       3.365513529304e-01       2.401332989908e+02 
       3.375179921179e-01       2.386532716490e+02 
       3.384846313543e-01       2.371747723059e+02 
       3.394512706392e-01       2.356991141940e+02 
       3.404179099722e-01       2.342276312787e+02 
       3.413845493527e-01       2.327616651040e+02 
       3.423511887806e-01       2.313025517278e+02 
       3.433178282552e-01       2.298516093742e+02 
       3.442844677763e-01       2.284101267093e+02 
       3.452511073434e-01       2.269793517120e+02 
       3.462177469562e-01       2.255604815242e+02 
       3.471843866143e-01       2.241546529487e+02 
       3.481510263173e-01       2.227629340797e+02 
       3.491176660649e-01       2.213863166794e+02 
       3.500843058565e-01       2.200257096378e+02 
       3.510509456920e-01       2.186819333588e+02 
       3.520175855709e-01       2.173557151337e+02 
       3.529842254929e-01       2.160476855369e+02 
       3.539508654577e-01       2.147583756433e+02 
       3.549175054648e-01       2.134882154019e+02 
       3.558841455139e-01       2.122375327307e+02 
       3.568507856047e-01       2.110065537005e+02 
       3.578174257369e-01       2.097954035024e+02 
       3.587840659100e-01       2.086041082001e+02 
       3.597507061239e-01       2.074325974170e+02 
       3.607173463781e-01       2.062807074576e+02 
       3.616839866724e-01       2.051481853910e+02 
       3.626506270063e-01       2.040346935471e+02 
       3.636172673797e-01       2.029398145670e+02 
       3.645839077921e-01       2.018630571623e+02 
       3.655505482433e-01       2.008038619200e+02 
       3.665171887330e-01       1.997616078735e+02 
       3.674838292608e-01       1.987356191305e+02 
       3.684504698265e-01       1.977251716677e+02 
       3.694171104297e-01       1.967295006331e+02 
       3.703837510702e-01       1.957478072732e+02 
       3.713503917477e-01       1.947792663362e+02 
       3.723170324619e-01       1.938230333326e+02 
       3.732836732124e-01       1.928782515006e+02 
       3.742503139991e-01       1.919440591300e+02 
       3.752169548217e-01       1.910195961765e+02 
       3.761835956797e-01       1.901040109229e+02 
       3.771502365731e-01       1.891964664518e+02 
       3.781168775015e-01       1.882961463762e+02 
       3.790835184647e-01       1.874022607707e+02 
       3.800501594623e-01       1.865140513613e+02 
       3.810168004941e-01       1.856307962024e+02 
       3.819834415600e-01       1.847518143682e+02 
       3.829500826595e-01       1.838764695232e+02 
       3.839167237924e-01       1.830041734235e+02 
       3.848833649586e-01       1.821343888916e+02 
       3.858500061577e-01       1.812666318764e+02 
       3.868166473895e-01       1.804004735749e+02 
       3.877832886538e-01       1.795355416041e+02 
       3.887499299502e-01       1.786715206885e+02 
       3.897165712787e-01       1.778081531869e+02 
       3.906832126389e-01       1.769452386272e+02 
       3.916498540305e-01       1.760826330063e+02 
       3.926164954535e-01       1.752202478393e+02 
       3.935831369075e-01       1.743580481964e+02 
       3.945497783922e-01       1.734960509187e+02 
       3.955164199076e-01       1.726343222196e+02 
       3.964830614533e-01       1.717729747366e+02 
       3.974497030292e-01       1.709121647810e+02 
       3.984163446350e-01       1.700520888654e+02 
       3.993829862704e-01       1.691929800930e+02 
       4.003496279354e-01       1.683351046656e+02 
       4.013162696296e-01       1.674787578051e+02 
       4.022829113529e-01       1.666242597919e+02 
       4.032495531050e-01       1.657719520819e+02 
       4.042161948858e-01       1.649221929654e+02 
       4.051828366950e-01       1.640753536140e+02 
       4.061494785325e-01       1.632318140899e+02 
       4.071161203980e-01       1.623919591383e+02 
       4.080827622913e-01       1.615561745266e+02 
       4.090494042122e-01       1.607248432788e+02 
       4.100160461606e-01       1.598983419619e+02 
       4.109826881362e-01       1.590770375057e+02 
       4.119493301389e-01       1.582612839581e+02 
       4.129159721685e-01       1.574514194605e+02 
       4.138826142247e-01       1.566477637276e+02 
       4.148492563074e-01       1.558506155059e+02 
       4.158158984164e-01       1.550602503630e+02 
       4.167825405515e-01       1.542769189392e+02 
       4.177491827126e-01       1.535008452372e+02 
       4.187158248994e-01       1.527322253239e+02 
       4.196824671118e-01       1.519712263903e+02 
       4.206491093496e-01       1.512179859540e+02 
       4.216157516127e-01       1.504726113916e+02 
       4.225823939008e-01       1.497351797984e+02 
       4.235490362138e-01       1.490057380207e+02 
       4.245156785515e-01       1.482843029842e+02 
       4.254823209137e-01       1.475708623093e+02 
       4.264489633003e-01       1.468653750969e+02 
       4.274156057112e-01       1.461677729591e+02 
       4.283822481460e-01       1.454779612443e+02 
       4.293488906048e-01       1.447958204387e+02 
       4.303155330873e-01       1.441212076975e+02 
       4.312821755933e-01       1.434539585537e+02 
       4.322488181228e-01       1.427938887454e+02 
       4.332154606755e-01       1.421407961163e+02 
       4.341821032513e-01       1.414944626412e+02 
       4.351487458501e-01       1.408546565158e+02 
       4.361153884716e-01       1.402211342638e+02 
       4.370820311158e-01       1.395936429011e+02 
       4.380486737824e-01       1.389719221030e+02 
       4.390153164714e-01       1.383557063371e+02 
       4.399819591826e-01       1.377447269989e+02 
       4.409486019158e-01       1.371387144887e+02 
       4.419152446709e-01       1.365374002065e+02 
       4.428818874478e-01       1.359405185232e+02 
       4.438485302463e-01       1.353478086094e+02 
       4.448151730663e-01       1.347590161819e+02 
       4.457818159076e-01       1.341738951883e+02 
       4.467484587701e-01       1.335922092819e+02 
       4.477151016536e-01       1.330137332353e+02 
       4.486817445581e-01       1.324382542217e+02 
       4.496483874833e-01       1.318655728761e+02 
       4.506150304292e-01       1.312955042658e+02 
       4.515816733957e-01       1.307278787343e+02 
       4.525483163825e-01       1.301625424903e+02 
       4.535149593895e-01       1.295993581286e+02 
       4.544816024167e-01       1.290382050281e+02 
       4.554482454639e-01       1.284789794644e+02 
       4.564148885310e-01       1.279215946903e+02 
       4.573815316178e-01       1.273659808799e+02 
       4.583481747242e-01       1.268120848346e+02 
       4.593148178502e-01       1.262598696422e+02 
       4.602814609955e-01       1.257093142183e+02 
       4.612481041600e-01       1.251604126821e+02 
       4.622147473437e-01       1.246131736137e+02 
       4.631813905464e-01       1.240676192898e+02 
       4.641480337680e-01       1.235237848085e+02 
       4.651146770083e-01       1.229817170565e+02 
       4.660813202673e-01       1.224414737577e+02 
       4.670479635449e-01       1.219031223971e+02 
       4.680146068409e-01       1.213667390109e+02 
       4.689812501551e-01       1.208324070958e+02 
       4.699478934876e-01       1.203002164363e+02 
       4.709145368382e-01       1.197702618694e+02 
       4.718811802068e-01       1.192426421189e+02 
       4.728478235932e-01       1.187174586408e+02 
       4.738144669973e-01       1.181948144780e+02 
       4.747811104192e-01       1.176748130976e+02 
       4.757477538585e-01       1.171575573473e+02 
       4.767143973153e-01       1.166431484394e+02 
       4.776810407894e-01       1.161316848810e+02 
       4.786476842808e-01       1.156232616150e+02 
       4.796143277892e-01       1.151179691723e+02 
       4.805809713147e-01       1.146158928137e+02 
       4.815476148571e-01       1.141171118600e+02 
       4.825142584162e-01       1.136216990411e+02 
       4.834809019921e-01       1.131297199736e+02 
       4.844475455847e-01       1.126412326068e+02 
       4.854141891937e-01       1.121562869042e+02 
       4.863808328191e-01       1.116749245312e+02 
       4.873474764608e-01       1.111971785517e+02 
       4.883141201188e-01       1.107230733626e+02 
       4.892807637929e-01       1.102526245823e+02 
       4.902474074830e-01       1.097858390758e+02 
       4.912140511890e-01       1.093227150200e+02 
       4.921806949108e-01       1.088632420706e+02 
       4.931473386484e-01       1.084074016216e+02 
       4.941139824017e-01       1.079551670103e+02 
       4.950806261705e-01       1.075065039244e+02 
       4.960472699548e-01       1.070613707791e+02 
       4.970139137545e-01       1.066197191475e+02 
       4.979805575694e-01       1.061814942588e+02 
       4.989472013995e-01       1.057466355281e+02 
       4.999138452448e-01       1.053150771221e+02 
       5.008804891051e-01       1.048867484930e+02 
       5.018471329803e-01       1.044615750411e+02 
       5.028137768703e-01       1.040394786701e+02 
       5.037804207752e-01       1.036203784525e+02 
       5.047470646947e-01       1.032041912443e+02 
       5.057137086288e-01       1.027908323044e+02 
       5.066803525774e-01       1.023802159245e+02 
       5.076469965404e-01       1.019722559945e+02 
       5.086136405178e-01       1.015668666558e+02 
       5.095802845094e-01       1.011639627759e+02 
       5.105469285152e-01       1.007634605735e+02 
       5.115135725352e-01       1.003652780934e+02 
       5.124802165691e-01       9.996933570605e+01 
       5.134468606170e-01       9.957555653719e+01 
       5.144135046788e-01       9.918386687996e+01 
       5.153801487543e-01       9.879419659031e+01 
       5.163467928436e-01       9.840647935854e+01 
       5.173134369465e-01       9.802065304376e+01 
       5.182800810629e-01       9.763665987919e+01 
       5.192467251928e-01       9.725444672141e+01 
       5.202133693362e-01       9.687396512314e+01 
       5.211800134928e-01       9.649517151818e+01 
       5.221466576627e-01       9.611802725037e+01 
       5.231133018458e-01       9.574248169597e+01 
       5.240799460420e-01       9.536853918896e+01 
       5.250465902513e-01       9.499617396094e+01 
       5.260132344735e-01       9.462536166893e+01 
       5.269798787086e-01       9.425608046604e+01 
       5.279465229565e-01       9.388831261768e+01 
       5.289131672172e-01       9.352204605239e+01 
       5.298798114905e-01       9.315727558014e+01 
       5.308464557765e-01       9.279400345376e+01 
       5.318131000750e-01       9.243223927043e+01 
       5.327797443860e-01       9.207199891163e+01 
       5.337463887094e-01       9.171330291342e+01 
       5.347130330451e-01       9.135617439067e+01 
       5.356796773931e-01       9.100063701445e+01 
       5.366463217534e-01       9.064671322979e+01 
       5.376129661257e-01       9.029442306110e+01 
       5.385796105102e-01       8.994378373291e+01 
       5.395462549066e-01       8.959481009454e+01 
       5.405128993150e-01       8.924751567861e+01 
       5.414795437353e-01       8.890191411215e+01 
       5.424461881674e-01       8.855802069647e+01 
       5.434128326112e-01       8.821585365021e+01 
       5.443794770668e-01       8.787543479438e+01 
       5.453461215339e-01       8.753678941266e+01 
       5.463127660127e-01       8.719994548289e+01 
       5.472794105029e-01       8.686493211779e+01 
       5.482460550046e-01       8.653177766447e+01 
       5.492126995177e-01       8.620050759772e+01 
       5.501793440421e-01       8.587114284534e+01 
       5.511459885778e-01       8.554369849667e+01 
       5.521126331247e-01       8.521818333011e+01 
       5.530792776828e-01       8.489460003097e+01 
       5.540459222519e-01       8.457294625613e+01 
       5.550125668320e-01       8.425321606345e+01 
       5.559792114232e-01       8.393540157925e+01 
       5.569458560252e-01       8.361949447768e+01 
       5.579125006381e-01       8.330548714411e+01 
       5.588791452618e-01       8.299337312999e+01 
       5.598457898963e-01       8.268314696015e+01 
       5.608124345415e-01       8.237480329836e+01 
       5.617790791973e-01       8.206833575226e+01 
       5.627457238636e-01       8.176373546604e+01 
       5.637123685405e-01       8.146098985445e+01 
       5.646790132279e-01       8.116008174515e+01 
       5.656456579257e-01       8.086098913890e+01 
       5.666123026339e-01       8.056368559855e+01 
       5.675789473524e-01       8.026814120089e+01 
       5.685455920811e-01       7.997432394325e+01 
       5.695122368200e-01       7.968220130068e+01 
       5.704788815692e-01       7.939174168206e+01 
       5.714455263284e-01       7.910291546318e+01 
       5.724121710976e-01       7.881569550626e+01 
       5.733788158769e-01       7.853005707832e+01 
       5.743454606661e-01       7.824597719517e+01 
       5.753121054652e-01       7.796343355180e+01 
       5.762787502742e-01       7.768240331392e+01 
       5.772453950930e-01       7.740286203610e+01 
       5.782120399215e-01       7.712478294922e+01 
       5.791786847598e-01       7.684813674978e+01 
       5.801453296077e-01       7.657289198684e+01 
       5.811119744652e-01       7.629901604577e+01 
       5.820786193322e-01       7.602647643280e+01 
       5.830452642088e-01       7.575524245277e+01 
       5.840119090948e-01       7.548528625565e+01 
       5.849785539903e-01       7.521658418495e+01 
       5.859451988951e-01       7.494911692721e+01 
       5.869118438093e-01       7.468286966560e+01 
       5.878784887327e-01       7.441783115407e+01 
       5.888451336654e-01       7.415399266018e+01 
       5.898117786072e-01       7.389134656919e+01 
       5.907784235582e-01       7.362988513119e+01 
       5.917450685183e-01       7.336959934928e+01 
       5.927117134875e-01       7.311047863480e+01 
       5.936783584657e-01       7.285251068111e+01 
       5.946450034528e-01       7.259568209547e+01 
       5.956116484488e-01       7.233997962203e+01 
       5.965782934538e-01       7.208539101280e+01 
       5.975449384675e-01       7.183190651459e+01 
       5.985115834901e-01       7.157951977411e+01 
       5.994782285214e-01       7.132822814887e+01 
       6.004448735614e-01       7.107803273706e+01 
       6.014115186101e-01       7.082893782031e+01 
       6.023781636674e-01       7.058094962970e+01 
       6.033448087333e-01       7.033407542980e+01 
       6.043114538077e-01       7.008832186726e+01 
       6.052780988906e-01       6.984369419285e+01 
       6.062447439820e-01       6.960019540317e+01 
       6.072113890818e-01       6.935782641420e+01 
       6.081780341900e-01       6.911658607268e+01 
       6.091446793065e-01       6.887647204491e+01 
       6.101113244313e-01       6.863748196767e+01 
       6.110779695644e-01       6.839961427386e+01 
       6.120446147057e-01       6.816286896276e+01 
       6.130112598552e-01       6.792724821111e+01 
       6.139779050128e-01       6.769275630154e+01 
       6.149445501785e-01       6.745939910236e+01 
       6.159111953523e-01       6.722718311930e+01 
       6.168778405341e-01       6.699611458107e+01 
       6.178444857240e-01       6.676619823016e+01 
       6.188111309217e-01       6.653743654316e+01 
       6.197777761274e-01       6.630982907208e+01 
       6.207444213410e-01       6.608337242276e+01 
       6.217110665624e-01       6.585806064275e+01 
       6.226777117916e-01       6.563388602232e+01 
       6.236443570286e-01       6.541084009291e+01 
       6.246110022733e-01       6.518891452354e+01 
       6.255776475257e-01       6.496810214316e+01 
       6.265442927858e-01       6.474839742365e+01 
       6.275109380535e-01       6.452979649331e+01 
       6.284775833288e-01       6.431229680564e+01 
       6.294442286116e-01       6.409589646041e+01 
       6.304108739020e-01       6.388059309942e+01 
       6.313775191998e-01       6.366638318339e+01 
       6.323441645051e-01       6.345326092072e+01 
       6.333108098179e-01       6.324121788469e+01 
       6.342774551380e-01       6.303024291608e+01 
       6.352441004654e-01       6.282032252932e+01 
       6.362107458002e-01       6.261144161344e+01 
       6.371773911423e-01       6.240358445547e+01 
       6.381440364916e-01       6.219673575046e+01 
       6.391106818481e-01       6.199088154969e+01 
       6.400773272118e-01       6.178600984881e+01 
       6.410439725827e-01       6.158211083521e+01 
       6.420106179607e-01       6.137917656901e+01 
       6.429772633458e-01       6.117720060045e+01 
       6.439439087379e-01       6.097617685512e+01 
       6.449105541370e-01       6.077609901764e+01 
       6.458771995432e-01       6.057695950409e+01 
       6.468438449563e-01       6.037874899190e+01 
       6.478104903763e-01       6.018145630430e+01 
       6.487771358033e-01       5.998506861785e+01 
       6.497437812371e-01       5.978957202276e+01 
       6.507104266777e-01       5.959495243322e+01 
       6.516770721252e-01       5.940119650935e+01 
       6.526437175794e-01       5.920829243373e+01 
       6.536103630404e-01       5.901623054136e+01 
       6.545770085081e-01       5.882500353504e+01 
       6.555436539825e-01       5.863460630714e+01 
       6.565102994635e-01       5.844503546711e+01 
       6.574769449512e-01       5.825628855264e+01 
       6.584435904454e-01       5.806836312057e+01 
       6.594102359463e-01       5.788125616406e+01 
       6.603768814536e-01       5.769496327430e+01 
       6.613435269675e-01       5.750947865687e+01 
       6.623101724879e-01       5.732479510222e+01 
       6.632768180147e-01       5.714090456144e+01 
       6.642434635480e-01       5.695779880032e+01 
       6.652101090876e-01       5.677547021156e+01 
       6.661767546337e-01       5.659391259122e+01 
       6.671434001860e-01       5.641312156067e+01 
       6.681100457447e-01       5.623309491547e+01 
       6.690766913097e-01       5.605383229665e+01 
       6.700433368809e-01       5.587533488159e+01 
       6.710099824584e-01       5.569760453735e+01 
       6.719766280421e-01       5.552064306813e+01 
       6.729432736319e-01       5.534445141882e+01 
       6.739099192279e-01       5.516902910889e+01 
       6.748765648301e-01       5.499437397420e+01 
       6.758432104383e-01       5.482048223916e+01 
       6.768098560526e-01       5.464734892278e+01 
       6.777765016730e-01       5.447496847828e+01 
       6.787431472994e-01       5.430333555763e+01 
       6.797097929318e-01       5.413244570859e+01 
       6.806764385701e-01       5.396229590318e+01 
       6.816430842144e-01       5.379288479113e+01 
       6.826097298647e-01       5.362421260891e+01 
       6.835763755208e-01       5.345628075029e+01 
       6.845430211828e-01       5.328909116286e+01 
       6.855096668506e-01       5.312264551838e+01 
       6.864763125243e-01       5.295694457152e+01 
       6.874429582037e-01       5.279198749629e+01 
       6.884096038890e-01       5.262777168682e+01 
       6.893762495799e-01       5.246429274086e+01 
       6.903428952767e-01       5.230154477589e+01 
       6.913095409791e-01       5.213952110015e+01 
       6.922761866871e-01       5.197821483732e+01 
       6.932428324009e-01       5.181761970204e+01 
       6.942094781202e-01       5.165773050605e+01 
       6.951761238452e-01       5.149854352632e+01 
       6.961427695757e-01       5.134005640237e+01 
       6.971094153119e-01       5.118226791180e+01 
       6.980760610535e-01       5.102517742996e+01 
       6.990427068006e-01       5.086878422763e+01 
       7.000093525533e-01       5.071308679978e+01 
       7.009759983114e-01       5.055808237018e+01 
       7.019426440750e-01       5.040376653388e+01 
       7.029092898439e-01       5.025013331528e+01 
       7.038759356183e-01       5.009717540820e+01 
       7.048425813981e-01       4.994488470766e+01 
       7.058092271832e-01       4.979325301447e+01 
       7.067758729736e-01       4.964227259384e+01 
       7.077425187694e-01       4.949193683230e+01 
       7.087091645704e-01       4.934224052709e+01 
       7.096758103767e-01       4.919317989755e+01 
       7.106424561883e-01       4.904475240268e+01 
       7.116091020051e-01       4.889695623917e+01 
       7.125757478271e-01       4.874978977279e+01 
       7.135423936543e-01       4.860325087637e+01 
       7.145090394866e-01       4.845733649046e+01 
       7.154756853241e-01       4.831204221059e+01 
       7.164423311667e-01       4.816736232419e+01 
       7.174089770143e-01       4.802329007562e+01 
       7.183756228671e-01       4.787981804714e+01 
       7.193422687249e-01       4.773693871760e+01 
       7.203089145878e-01       4.759464525686e+01 
       7.212755604557e-01       4.745293182055e+01 
       7.222422063286e-01       4.731179407927e+01 
       7.232088522064e-01       4.717122912314e+01 
       7.241754980893e-01       4.703123534694e+01 
       7.251421439770e-01       4.689181200527e+01 
       7.261087898697e-01       4.675295867421e+01 
       7.270754357673e-01       4.661467459921e+01 
       7.280420816697e-01       4.647695824252e+01 
       7.290087275770e-01       4.633980690932e+01 
       7.299753734892e-01       4.620321667134e+01 
       7.309420194061e-01       4.606718258180e+01 
       7.319086653279e-01       4.593169902806e+01 
       7.328753112544e-01       4.579676030701e+01 
       7.338419571858e-01       4.566236113744e+01 
       7.348086031218e-01       4.552849724219e+01 
       7.357752490626e-01       4.539516561125e+01 
       7.367418950081e-01       4.526236457210e+01 
       7.377085409583e-01       4.513009375010e+01 
       7.386751869131e-01       4.499835355331e+01 
       7.396418328726e-01       4.486714468764e+01 
       7.406084788368e-01       4.473646762605e+01 
       7.415751248055e-01       4.460632208396e+01 
       7.425417707789e-01       4.447670666690e+01 
       7.435084167568e-01       4.434761870723e+01 
       7.444750627393e-01       4.421905448830e+01 
       7.454417087264e-01       4.409100946842e+01 
       7.464083547179e-01       4.396347884023e+01 
       7.473750007140e-01       4.383645808697e+01 
       7.483416467146e-01       4.370994337200e+01 
       7.493082927196e-01       4.358393198873e+01 
       7.502749387291e-01       4.345842237738e+01 
       7.512415847431e-01       4.333341414013e+01 
       7.522082307614e-01       4.320890757789e+01 
       7.531748767842e-01       4.308490338143e+01 
       7.541415228113e-01       4.296140193492e+01 
       7.551081688429e-01       4.283840296205e+01 
       7.560748148787e-01       4.271590512012e+01 
       7.570414609190e-01       4.259390588748e+01 
       7.580081069635e-01       4.247240163049e+01 
       7.589747530123e-01       4.235138786195e+01 
       7.599413990655e-01       4.223085974210e+01 
       7.609080451229e-01       4.211081255062e+01 
       7.618746911845e-01       4.199124214840e+01 
       7.628413372504e-01       4.187214536747e+01 
       7.638079833206e-01       4.175352008332e+01 
       7.647746293949e-01       4.163536521528e+01 
       7.657412754734e-01       4.151768043323e+01 
       7.667079215561e-01       4.140046574952e+01 
       7.676745676430e-01       4.128372102281e+01 
       7.686412137340e-01       4.116744552141e+01 
       7.696078598291e-01       4.105163755574e+01 
       7.705745059284e-01       4.093629436663e+01 
       7.715411520317e-01       4.082141211010e+01 
       7.725077981391e-01       4.070698617149e+01 
       7.734744442506e-01       4.059301153761e+01 
       7.744410903662e-01       4.047948326992e+01 
       7.754077364858e-01       4.036639697596e+01 
       7.763743826094e-01       4.025374909754e+01 
       7.773410287370e-01       4.014153715137e+01 
       7.783076748686e-01       4.002975968063e+01 
       7.792743210041e-01       3.991841598900e+01 
       7.802409671437e-01       3.980750581583e+01 
       7.812076132872e-01       3.969702885450e+01 
       7.821742594346e-01       3.958698436720e+01 
       7.831409055859e-01       3.947737076745e+01 
       7.841075517412e-01       3.936818552009e+01 
       7.850741979003e-01       3.925942513489e+01 
       7.860408440633e-01       3.915108537113e+01 
       7.870074902302e-01       3.904316160481e+01 
       7.879741364009e-01       3.893564927244e+01 
       7.889407825754e-01       3.882854430971e+01 
       7.899074287538e-01       3.872184344092e+01 
       7.908740749359e-01       3.861554445486e+01 
       7.918407211219e-01       3.850964609012e+01 
       7.928073673116e-01       3.840414794044e+01 
       7.937740135051e-01       3.829905005922e+01 
       7.947406597024e-01       3.819435256910e+01 
       7.957073059033e-01       3.809005523552e+01 
       7.966739521080e-01       3.798615708536e+01 
       7.976405983165e-01       3.788265627336e+01 
       7.986072445286e-01       3.777955004224e+01 
       7.995738907443e-01       3.767683491134e+01 
       8.005405369638e-01       3.757450693362e+01 
       8.015071831869e-01       3.747256219598e+01 
       8.024738294136e-01       3.737099713949e+01 
       8.034404756440e-01       3.726980892335e+01 
       8.044071218780e-01       3.716899564358e+01 
       8.053737681156e-01       3.706855634366e+01 
       8.063404143568e-01       3.696849082939e+01 
       8.073070606015e-01       3.686879941617e+01 
       8.082737068498e-01       3.676948250191e+01 
       8.092403531017e-01       3.667054019505e+01 
       8.102069993571e-01       3.657197196608e+01 
       8.111736456160e-01       3.647377642634e+01 
       8.121402918785e-01       3.637595135717e+01 
       8.131069381444e-01       3.627849373760e+01 
       8.140735844138e-01       3.618140011481e+01 
       8.150402306867e-01       3.608466694538e+01 
       8.160068769631e-01       3.598829096874e+01 
       8.169735232429e-01       3.589226954351e+01 
       8.179401695262e-01       3.579660086258e+01 
       8.189068158129e-01       3.570128398140e+01 
       8.198734621030e-01       3.560631870774e+01 
       8.208401083965e-01       3.551170533590e+01 
       8.218067546933e-01       3.541744429937e+01 
       8.227734009936e-01       3.532353576244e+01 
       8.237400472972e-01       3.522997931619e+01 
       8.247066936042e-01       3.513677376955e+01 
       8.256733399145e-01       3.504391708225e+01 
       8.266399862282e-01       3.495140646798e+01 
       8.276066325452e-01       3.485923865697e+01 
       8.285732788655e-01       3.476741019508e+01 
       8.295399251890e-01       3.467591785980e+01 
       8.305065715159e-01       3.458475894688e+01 
       8.314732178460e-01       3.449393150351e+01 
       8.324398641794e-01       3.440343438947e+01 
       8.334065105161e-01       3.431326717909e+01 
       8.343731568560e-01       3.422342994405e+01 
       8.353398031991e-01       3.413392292430e+01 
       8.363064495454e-01       3.404474616924e+01 
       8.372730958949e-01       3.395589923214e+01 
       8.382397422477e-01       3.386738094783e+01 
       8.392063886036e-01       3.377918935047e+01 
       8.401730349626e-01       3.369132176667e+01 
       8.411396813249e-01       3.360377501947e+01 
       8.421063276903e-01       3.351654577546e+01 
       8.430729740588e-01       3.342963081476e+01 
       8.440396204305e-01       3.334302744478e+01 
       8.450062668052e-01       3.325673363180e+01 
       8.459729131831e-01       3.317074811592e+01 
       8.469395595641e-01       3.308507039747e+01 
       8.479062059482e-01       3.299970043433e+01 
       8.488728523353e-01       3.291463845563e+01 
       8.498394987255e-01       3.282988454530e+01 
       8.508061451188e-01       3.274543835228e+01 
       8.517727915151e-01       3.266129889729e+01 
       8.527394379144e-01       3.257746446150e+01 
       8.537060843168e-01       3.249393263639e+01 
       8.546727307222e-01       3.241070051010e+01 
       8.556393771305e-01       3.232776498528e+01 
       8.566060235419e-01       3.224512302611e+01 
       8.575726699563e-01       3.216277203557e+01 
       8.585393163736e-01       3.208071006852e+01 
       8.595059627939e-01       3.199893590405e+01 
       8.604726092171e-01       3.191744901190e+01 
       8.614392556433e-01       3.183624940547e+01 
       8.624059020724e-01       3.175533734180e+01 
       8.633725485044e-01       3.167471301982e+01 
       8.643391949394e-01       3.159437630043e+01 
       8.653058413772e-01       3.151432645637e+01 
       8.662724878180e-01       3.143456207917e+01 
       8.672391342616e-01       3.135508108687e+01 
       8.682057807081e-01       3.127588092589e+01 
       8.691724271575e-01       3.119695877955e+01 
       8.701390736097e-01       3.111831190433e+01 
       8.711057200647e-01       3.103993791277e+01 
       8.720723665226e-01       3.096183498325e+01 
       8.730390129834e-01       3.088400199254e+01 
       8.740056594469e-01       3.080643848301e+01 
       8.749723059133e-01       3.072914450019e+01 
       8.759389523824e-01       3.065212039865e+01 
       8.769055988544e-01       3.057536650506e+01 
       8.778722453291e-01       3.049888284037e+01 
       8.788388918066e-01       3.042266889719e+01 
       8.798055382868e-01       3.034672352730e+01 
       8.807721847698e-01       3.027104492017e+01 
       8.817388312556e-01       3.019563079703e+01 
       8.827054777441e-01       3.012047857007e+01 
       8.836721242353e-01       3.004558568301e+01 
       8.846387707292e-01       2.997094986376e+01 
       8.856054172258e-01       2.989656934084e+01 
       8.865720637252e-01       2.982244298413e+01 
       8.875387102272e-01       2.974857030109e+01 
       8.885053567319e-01       2.967495130757e+01 
       8.894720032392e-01       2.960158632792e+01 
       8.904386497493e-01       2.952847569644e+01 
       8.914052962620e-01       2.945561950365e+01 
       8.923719427773e-01       2.938301734819e+01 
       8.933385892953e-01       2.931066824117e+01 
       8.943052358159e-01       2.923857055514e+01 
       8.952718823391e-01       2.916672220671e+01 
       8.962385288650e-01       2.909512076178e+01 
       8.972051753934e-01       2.902376377861e+01 
       8.981718219244e-01       2.895264905091e+01 
       8.991384684581e-01       2.888177480004e+01 
       9.001051149943e-01       2.881113986866e+01 
       9.010717615330e-01       2.874074369097e+01 
       9.020384080744e-01       2.867058619604e+01 
       9.030050546183e-01       2.860066764148e+01 
       9.039717011647e-01       2.853098833099e+01 
       9.049383477137e-01       2.846154837505e+01 
       9.059049942652e-01       2.839234742107e+01 
       9.068716408192e-01       2.832338460008e+01 
       9.078382873757e-01       2.825465843964e+01 
       9.088049339348e-01       2.818616695690e+01 
       9.097715804963e-01       2.811790786776e+01 
       9.107382270603e-01       2.804987882336e+01 
       9.117048736269e-01       2.798207765058e+01 
       9.126715201958e-01       2.791450259075e+01 
       9.136381667673e-01       2.784715244018e+01 
       9.146048133412e-01       2.778002656647e+01 
       9.155714599175e-01       2.771312482923e+01 
       9.165381064963e-01       2.764644745817e+01 
       9.175047530776e-01       2.757999472695e+01 
       9.184713996612e-01       2.751376678142e+01 
       9.194380462473e-01       2.744776339348e+01 
       9.204046928358e-01       2.738198380664e+01 
       9.213713394267e-01       2.731642672466e+01 
       9.223379860200e-01       2.725109035490e+01 
       9.233046326157e-01       2.718597257862e+01 
       9.242712792137e-01       2.712107117792e+01 
       9.252379258142e-01       2.705638409387e+01 
       9.262045724170e-01       2.699190961070e+01 
       9.271712190221e-01       2.692764651921e+01 
       9.281378656296e-01       2.686359417791e+01 
       9.291045122395e-01       2.679975242830e+01 
       9.300711588517e-01       2.673612145885e+01 
       9.310378054662e-01       2.667270156368e+01 
       9.320044520830e-01       2.660949295067e+01 
       9.329710987022e-01       2.654649548998e+01 
       9.339377453237e-01       2.648370858701e+01 
       9.349043919474e-01       2.642113110593e+01 
       9.358710385735e-01       2.635876145285e+01 
       9.368376852018e-01       2.629659768128e+01 
       9.378043318325e-01       2.623463774149e+01 
       9.387709784654e-01       2.617287967906e+01 
       9.397376251005e-01       2.611132185744e+01 
       9.407042717380e-01       2.604996309939e+01 
       9.416709183776e-01       2.598880276376e+01 
       9.426375650196e-01       2.592784067628e+01 
       9.436042116637e-01       2.586707701459e+01 
       9.445708583101e-01       2.580651210420e+01 
       9.455375049587e-01       2.574614621154e+01 
       9.465041516095e-01       2.568597928989e+01 
       9.474707982626e-01       2.562601088692e+01 
       9.484374449178e-01       2.556624002894e+01 
       9.494040915753e-01       2.550666529656e+01 
       9.503707382349e-01       2.544728490923e+01 
       9.513373848967e-01       2.538809694721e+01 
       9.523040315607e-01       2.532909956674e+01 
       9.532706782269e-01       2.527029117217e+01 
       9.542373248952e-01       2.521167060886e+01 
       9.552039715657e-01       2.515323721080e+01 
       9.561706182383e-01       2.509499076527e+01 
       9.571372649131e-01       2.503693143400e+01 
       9.581039115900e-01       2.497905952524e+01 
       9.590705582690e-01       2.492137531867e+01 
       9.600372049502e-01       2.486387885056e+01 
       9.610038516335e-01       2.480656975827e+01 
       9.619704983189e-01       2.474944721046e+01 
       9.629371450064e-01       2.469250991240e+01 
       9.639037916960e-01       2.463575624256e+01 
       9.648704383877e-01       2.457918438858e+01 
       9.658370850815e-01       2.452279258535e+01 
       9.668037317774e-01       2.446657929081e+01 
       9.677703784753e-01       2.441054334291e+01 
       9.687370251753e-01       2.435468405398e+01 
       9.697036718774e-01       2.429900116552e+01 
       9.706703185815e-01       2.424349479583e+01 
       9.716369652877e-01       2.418816522642e+01 
       9.726036119959e-01       2.413301275234e+01 
       9.735702587061e-01       2.407803744185e+01 
       9.745369054184e-01       2.402323901777e+01 
       9.755035521327e-01       2.396861674976e+01 
       9.764701988490e-01       2.391416947597e+01 
       9.774368455674e-01       2.385989569105e+01 
       9.784034922877e-01       2.380579369735e+01 
       9.793701390101e-01       2.375186178718e+01 
       9.803367857344e-01       2.369809846924e+01 
       9.813034324607e-01       2.364450258869e+01 
       9.822700791891e-01       2.359107341705e+01 
       9.832367259194e-01       2.353781067018e+01 
       9.842033726516e-01       2.348471441089e+01 
       9.851700193858e-01       2.343178492251e+01 
       9.861366661220e-01       2.337902248289e+01 
       9.871033128602e-01       2.332642721628e+01 
       9.880699596003e-01       2.327399892032e+01 
       9.890366063423e-01       2.322173697424e+01 
       9.900032530863e-01       2.316964034769e+01 
       9.909698998322e-01       2.311770764956e+01 
       9.919365465800e-01       2.306593729210e+01 
       9.929031933298e-01       2.301432766850e+01 
       9.938698400814e-01       2.296287731696e+01 
       9.948364868350e-01       2.291158510827e+01 
       9.958031335905e-01       2.286045029752e+01 
       9.967697803479e-01       2.280947256845e+01 
       9.977364271071e-01       2.275865195849e+01 
       9.987030738683e-01       2.270798872240e+01 
       9.996697206313e-01       2.265748314949e+01 
       1.000636367396e+00       2.260713541147e+01 
       1.001603014163e+00       2.255694537329e+01 
       1.002569660932e+00       2.250691253501e+01 
       1.003536307702e+00       2.245703596345e+01 
       1.004502954475e+00       2.240731440889e+01 
       1.005469601249e+00       2.235774639749e+01 
       1.006436248025e+00       2.230833040676e+01 
       1.007402894803e+00       2.225906504028e+01 
       1.008369541582e+00       2.220994918450e+01 
       1.009336188364e+00       2.216098209852e+01 
       1.010302835147e+00       2.211216344272e+01 
       1.011269481933e+00       2.206349322446e+01 
       1.012236128720e+00       2.201497168088e+01 
       1.013202775508e+00       2.196659911621e+01 
       1.014169422299e+00       2.191837572843e+01 
       1.015136069091e+00       2.187030145946e+01 
       1.016102715886e+00       2.182237589283e+01 
       1.017069362682e+00       2.177459822823e+01 
       1.018036009479e+00       2.172696732349e+01 
       1.019002656279e+00       2.167948181157e+01 
       1.019969303080e+00       2.163214025417e+01 
       1.020935949883e+00       2.158494131215e+01 
       1.021902596688e+00       2.153788389237e+01 
       1.022869243495e+00       2.149096724983e+01 
       1.023835890303e+00       2.144419102296e+01 
       1.024802537113e+00       2.139755518940e+01 
       1.025769183925e+00       2.135105996432e+01 
       1.026735830739e+00       2.130470565158e+01 
       1.027702477554e+00       2.125849247756e+01 
       1.028669124371e+00       2.121242044033e+01 
       1.029635771190e+00       2.116648920935e+01 
       1.030602418010e+00       2.112069808650e+01 
       1.031569064832e+00       2.107504603881e+01 
       1.032535711656e+00       2.102953179680e+01 
       1.033502358482e+00       2.098415400320e+01 
       1.034469005309e+00       2.093891137070e+01 
       1.035435652138e+00       2.089380282658e+01 
       1.036402298969e+00       2.084882762073e+01 
       1.037368945801e+00       2.080398536517e+01 
       1.038335592635e+00       2.075927600790e+01 
       1.039302239471e+00       2.071469973661e+01 
       1.040268886308e+00       2.067025684570e+01 
       1.041235533147e+00       2.062594757966e+01 
       1.042202179988e+00       2.058177198436e+01 
       1.043168826830e+00       2.053772980131e+01 
       1.044135473674e+00       2.049382042436e+01 
       1.045102120520e+00       2.045004292127e+01 
       1.046068767367e+00       2.040639611658e+01 
       1.047035414216e+00       2.036287872605e+01 
       1.048002061067e+00       2.031948951443e+01 
       1.048968707919e+00       2.027622743307e+01 
       1.049935354773e+00       2.023309172610e+01 
       1.050902001628e+00       2.019008198365e+01 
       1.051868648485e+00       2.014719812286e+01 
       1.052835295344e+00       2.010444030707e+01 
       1.053801942204e+00       2.006180881767e+01 
       1.054768589066e+00       2.001930391055e+01 
       1.055735235930e+00       1.997692567443e+01 
       1.056701882795e+00       1.993467391621e+01 
       1.057668529661e+00       1.989254811357e+01 
       1.058635176530e+00       1.985054742768e+01 
       1.059601823399e+00       1.980867077455e+01 
       1.060568470271e+00       1.976691694550e+01 
       1.061535117144e+00       1.972528475317e+01 
       1.062501764018e+00       1.968377317375e+01 
       1.063468410894e+00       1.964238145356e+01 
       1.064435057772e+00       1.960110915933e+01 
       1.065401704651e+00       1.955995617983e+01 
       1.066368351532e+00       1.951892265314e+01 
       1.067334998414e+00       1.947800885062e+01 
       1.068301645298e+00       1.943721503502e+01 
       1.069268292183e+00       1.939654132759e+01 
       1.070234939070e+00       1.935598759956e+01 
       1.071201585959e+00       1.931555340804e+01 
       1.072168232849e+00       1.927523800057e+01 
       1.073134879740e+00       1.923504038045e+01 
       1.074101526633e+00       1.919495941466e+01 
       1.075068173528e+00       1.915499396883e+01 
       1.076034820424e+00       1.911514304233e+01 
       1.077001467321e+00       1.907540588339e+01 
       1.077968114220e+00       1.903578204531e+01 
       1.078934761121e+00       1.899627138615e+01 
       1.079901408023e+00       1.895687401690e+01 
       1.080868054926e+00       1.891759019490e+01 
       1.081834701831e+00       1.887842019030e+01 
       1.082801348738e+00       1.883936415278e+01 
       1.083767995646e+00       1.880042200324e+01 
       1.084734642555e+00       1.876159337371e+01 
       1.085701289466e+00       1.872287759561e+01 
       1.086667936378e+00       1.868427375206e+01 
       1.087634583292e+00       1.864578078061e+01 
       1.088601230207e+00       1.860739759999e+01 
       1.089567877124e+00       1.856912323990e+01 
       1.090534524042e+00       1.853095694801e+01 
       1.091501170962e+00       1.849289826112e+01 
       1.092467817883e+00       1.845494701462e+01 
       1.093434464805e+00       1.841710329110e+01 
       1.094401111729e+00       1.837936732870e+01 
       1.095367758655e+00       1.834173939906e+01 
       1.096334405581e+00       1.830421967717e+01 
       1.097301052510e+00       1.826680813154e+01 
       1.098267699439e+00       1.822950445491e+01 
       1.099234346370e+00       1.819230805627e+01 
       1.100200993303e+00       1.815521809806e+01 
       1.101167640236e+00       1.811823358378e+01 
       1.102134287172e+00       1.808135348120e+01 
       1.103100934108e+00       1.804457684749e+01 
       1.104067581046e+00       1.800790293863e+01 
       1.105034227986e+00       1.797133127642e+01 
       1.106000874927e+00       1.793486166663e+01 
       1.106967521869e+00       1.789849416740e+01 
       1.107934168812e+00       1.786222899902e+01 
       1.108900815757e+00       1.782606642856e+01 
       1.109867462704e+00       1.779000664894e+01 
       1.110834109651e+00       1.775404966920e+01 
       1.111800756601e+00       1.771819524540e+01 
       1.112767403551e+00       1.768244285475e+01 
       1.113734050503e+00       1.764679173002e+01 
       1.114700697456e+00       1.761124094347e+01 
       1.115667344410e+00       1.757578951266e+01 
       1.116633991366e+00       1.754043652235e+01 
       1.117600638324e+00       1.750518123430e+01 
       1.118567285282e+00       1.747002315861e+01 
       1.119533932242e+00       1.743496208046e+01 
       1.120500579203e+00       1.739999802799e+01 
       1.121467226166e+00       1.736513119946e+01 
       1.122433873130e+00       1.733036185904e+01 
       1.123400520095e+00       1.729569021357e+01 
       1.124367167061e+00       1.726111630725e+01 
       1.125333814029e+00       1.722663994868e+01 
       1.126300460998e+00       1.719226068143e+01 
       1.127267107969e+00       1.715797781077e+01 
       1.128233754941e+00       1.712379046903e+01 
       1.129200401914e+00       1.708969772203e+01 
       1.130167048888e+00       1.705569868667e+01 
       1.131133695864e+00       1.702179263307e+01 
       1.132100342841e+00       1.698797906113e+01 
       1.133066989819e+00       1.695425773235e+01 
       1.134033636799e+00       1.692062864912e+01 
       1.135000283779e+00       1.688709199119e+01 
       1.135966930762e+00       1.685364801221e+01 
       1.136933577745e+00       1.682029692862e+01 
       1.137900224730e+00       1.678703881700e+01 
       1.138866871716e+00       1.675387353449e+01 
       1.139833518703e+00       1.672080068585e+01 
       1.140800165691e+00       1.668781963993e+01 
       1.141766812681e+00       1.665492959035e+01 
       1.142733459672e+00       1.662212965394e+01 
       1.143700106664e+00       1.658941897566e+01 
       1.144666753658e+00       1.655679683553e+01 
       1.145633400653e+00       1.652426272677e+01 
       1.146600047649e+00       1.649181639032e+01 
       1.147566694646e+00       1.645945780303e+01 
       1.148533341644e+00       1.642718712108e+01 
       1.149499988644e+00       1.639500458757e+01 
       1.150466635645e+00       1.636291042849e+01 
       1.151433282647e+00       1.633090474544e+01 
       1.152399929651e+00       1.629898743832e+01 
       1.153366576655e+00       1.626715816923e+01 
       1.154333223661e+00       1.623541636875e+01 
       1.155299870668e+00       1.620376128938e+01 
       1.156266517677e+00       1.617219209266e+01 
       1.157233164686e+00       1.614070795388e+01 
       1.158199811697e+00       1.610930816610e+01 
       1.159166458709e+00       1.607799221618e+01 
       1.160133105722e+00       1.604675982472e+01 
       1.161099752736e+00       1.601561094377e+01 
       1.162066399752e+00       1.598454570728e+01 
       1.163033046768e+00       1.595356434675e+01 
       1.163999693786e+00       1.592266708937e+01 
       1.164966340805e+00       1.589185405772e+01 
       1.165932987826e+00       1.586112519197e+01 
       1.166899634847e+00       1.583048020705e+01 
       1.167866281870e+00       1.579991859044e+01 
       1.168832928894e+00       1.576943965010e+01 
       1.169799575919e+00       1.573904259431e+01 
       1.170766222945e+00       1.570872663001e+01 
       1.171732869972e+00       1.567849106153e+01 
       1.172699517001e+00       1.564833537013e+01 
       1.173666164030e+00       1.561825925929e+01 
       1.174632811061e+00       1.558826265871e+01 
       1.175599458093e+00       1.555834567917e+01 
       1.176566105126e+00       1.552850853785e+01 
       1.177532752161e+00       1.549875146292e+01 
       1.178499399196e+00       1.546907459557e+01 
       1.179466046233e+00       1.543947791093e+01 
       1.180432693270e+00       1.540996116988e+01 
       1.181399340309e+00       1.538052391428e+01 
       1.182365987349e+00       1.535116550722e+01 
       1.183332634390e+00       1.532188520286e+01 
       1.184299281433e+00       1.529268223883e+01 
       1.185265928476e+00       1.526355593362e+01 
       1.186232575520e+00       1.523450576667e+01 
       1.187199222566e+00       1.520553142656e+01 
       1.188165869613e+00       1.517663281853e+01 
       1.189132516661e+00       1.514781003057e+01 
       1.190099163710e+00       1.511906326543e+01 
       1.191065810760e+00       1.509039275139e+01 
       1.192032457811e+00       1.506179864455e+01 
       1.192999104863e+00       1.503328095058e+01 
       1.193965751917e+00       1.500483947480e+01 
       1.194932398971e+00       1.497647381170e+01 
       1.195899046027e+00       1.494818337523e+01 
       1.196865693084e+00       1.491996746314e+01 
       1.197832340141e+00       1.489182534478e+01 
       1.198798987200e+00       1.486375635592e+01 
       1.199765634260e+00       1.483575997650e+01 
       1.200732281321e+00       1.480783588107e+01 
       1.201698928383e+00       1.477998395369e+01 
       1.202665575447e+00       1.475220426124e+01 
       1.203632222511e+00       1.472449699113e+01 
       1.204598869576e+00       1.469686236703e+01 
       1.205565516643e+00       1.466930055687e+01 
       1.206532163710e+00       1.464181159440e+01 
       1.207498810779e+00       1.461439532801e+01 
       1.208465457848e+00       1.458705140119e+01 
       1.209432104919e+00       1.455977927681e+01 
       1.210398751991e+00       1.453257829662e+01 
       1.211365399064e+00       1.450544776276e+01 
       1.212332046138e+00       1.447838702784e+01 
       1.213298693213e+00       1.445139557246e+01 
       1.214265340289e+00       1.442447305943e+01 
       1.215231987366e+00       1.439761935406e+01 
       1.216198634444e+00       1.437083450325e+01 
       1.217165281523e+00       1.434411867812e+01 
       1.218131928603e+00       1.431747209669e+01 
       1.219098575684e+00       1.429089493660e+01 
       1.220065222766e+00       1.426438725671e+01 
       1.221031869850e+00       1.423794894187e+01 
       1.221998516934e+00       1.421157968104e+01 
       1.222965164019e+00       1.418527898455e+01 
       1.223931811106e+00       1.415904623848e+01 
       1.224898458193e+00       1.413288077794e+01 
       1.225865105281e+00       1.410678197398e+01 
       1.226831752371e+00       1.408074930930e+01 
       1.227798399461e+00       1.405478243714e+01 
       1.228765046553e+00       1.402888120526e+01 
       1.229731693645e+00       1.400304563824e+01 
       1.230698340738e+00       1.397727589103e+01 
       1.231664987833e+00       1.395157217507e+01 
       1.232631634928e+00       1.392593467656e+01 
       1.233598282025e+00       1.390036347602e+01 
       1.234564929122e+00       1.387485849229e+01 
       1.235531576221e+00       1.384941945603e+01 
       1.236498223320e+00       1.382404592394e+01 
       1.237464870420e+00       1.379873732364e+01 
       1.238431517522e+00       1.377349302228e+01 
       1.239398164624e+00       1.374831240865e+01 
       1.240364811728e+00       1.372319497159e+01 
       1.241331458832e+00       1.369814035782e+01 
       1.242298105937e+00       1.367314839729e+01 
       1.243264753044e+00       1.364821909475e+01 
       1.244231400151e+00       1.362335258804e+01 
       1.245198047259e+00       1.359854908009e+01 
       1.246164694368e+00       1.357380876231e+01 
       1.247131341479e+00       1.354913173240e+01 
       1.248097988590e+00       1.352451794003e+01 
       1.249064635702e+00       1.349996715738e+01 
       1.250031282815e+00       1.347547898528e+01 
       1.250997929929e+00       1.345105289183e+01 
       1.251964577044e+00       1.342668827588e+01 
       1.252931224160e+00       1.340238454649e+01 
       1.253897871277e+00       1.337814119777e+01 
       1.254864518395e+00       1.335395787041e+01 
       1.255831165514e+00       1.332983437815e+01 
       1.256797812634e+00       1.330577070670e+01 
       1.257764459754e+00       1.328176697714e+01 
       1.258731106876e+00       1.325782338557e+01 
       1.259697753998e+00       1.323394012382e+01 
       1.260664401122e+00       1.321011730672e+01 
       1.261631048246e+00       1.318635491129e+01 
       1.262597695372e+00       1.316265274758e+01 
       1.263564342498e+00       1.313901045699e+01 
       1.264530989625e+00       1.311542754683e+01 
       1.265497636754e+00       1.309190344779e+01 
       1.266464283883e+00       1.306843759012e+01 
       1.267430931013e+00       1.304502947751e+01 
       1.268397578144e+00       1.302167874483e+01 
       1.269364225276e+00       1.299838519138e+01 
       1.270330872408e+00       1.297514878386e+01 
       1.271297519542e+00       1.295196962767e+01 
       1.272264166677e+00       1.292884790761e+01 
       1.273230813812e+00       1.290578381653e+01 
       1.274197460949e+00       1.288277748137e+01 
       1.275164108086e+00       1.285982890631e+01 
       1.276130755224e+00       1.283693793654e+01 
       1.277097402363e+00       1.281410425309e+01 
       1.278064049503e+00       1.279132740039e+01 
       1.279030696644e+00       1.276860684093e+01 
       1.279997343786e+00       1.274594202641e+01 
       1.280963990929e+00       1.272333246904e+01 
       1.281930638072e+00       1.270077779988e+01 
       1.282897285217e+00       1.267827780580e+01 
       1.283863932362e+00       1.265583243672e+01 
       1.284830579509e+00       1.263344178136e+01 
       1.285797226656e+00       1.261110601338e+01 
       1.286763873804e+00       1.258882532432e+01 
       1.287730520953e+00       1.256659985232e+01 
       1.288697168103e+00       1.254442962409e+01 
       1.289663815253e+00       1.252231451677e+01 
       1.290630462405e+00       1.250025424829e+01 
       1.291597109557e+00       1.247824839963e+01 
       1.292563756710e+00       1.245629646487e+01 
       1.293530403865e+00       1.243439791805e+01 
       1.294497051020e+00       1.241255228071e+01 
       1.295463698176e+00       1.239075918211e+01 
       1.296430345332e+00       1.236901839735e+01 
       1.297396992490e+00       1.234732985987e+01 
       1.298363639648e+00       1.232569364099e+01 
       1.299330286808e+00       1.230410990258e+01 
       1.300296933968e+00       1.228257883304e+01 
       1.301263581129e+00       1.226110057935e+01 
       1.302230228291e+00       1.223967518908e+01 
       1.303196875453e+00       1.221830256873e+01 
       1.304163522617e+00       1.219698247097e+01 
       1.305130169781e+00       1.217571451200e+01 
       1.306096816947e+00       1.215449821644e+01 
       1.307063464113e+00       1.213333307965e+01 
       1.308030111280e+00       1.211221863412e+01 
       1.308996758448e+00       1.209115450779e+01 
       1.309963405616e+00       1.207014046550e+01 
       1.310930052786e+00       1.204917642506e+01 
       1.311896699956e+00       1.202826244130e+01 
       1.312863347127e+00       1.200739866314e+01 
       1.313829994299e+00       1.198658527468e+01 
       1.314796641472e+00       1.196582242956e+01 
       1.315763288645e+00       1.194511019238e+01 
       1.316729935820e+00       1.192444849650e+01 
       1.317696582995e+00       1.190383712708e+01 
       1.318663230171e+00       1.188327573377e+01 
       1.319629877348e+00       1.186276387154e+01 
       1.320596524525e+00       1.184230105796e+01 
       1.321563171704e+00       1.182188683591e+01 
       1.322529818883e+00       1.180152083399e+01 
       1.323496466063e+00       1.178120280835e+01 
       1.324463113244e+00       1.176093266086e+01 
       1.325429760426e+00       1.174071042934e+01 
       1.326396407609e+00       1.172053625020e+01 
       1.327363054792e+00       1.170041030134e+01 
       1.328329701976e+00       1.168033274070e+01 
       1.329296349161e+00       1.166030364819e+01 
       1.330262996347e+00       1.164032298130e+01 
       1.331229643533e+00       1.162039055632e+01 
       1.332196290721e+00       1.160050605534e+01 
       1.333162937909e+00       1.158066906165e+01 
       1.334129585098e+00       1.156087911414e+01 
       1.335096232287e+00       1.154113576846e+01 
       1.336062879478e+00       1.152143865396e+01 
       1.337029526669e+00       1.150178751854e+01 
       1.337996173861e+00       1.148218225009e+01 
       1.338962821054e+00       1.146262287004e+01 
       1.339929468248e+00       1.144310950038e+01 
       1.340896115442e+00       1.142364231309e+01 
       1.341862762637e+00       1.140422146876e+01 
       1.342829409833e+00       1.138484705944e+01 
       1.343796057030e+00       1.136551906494e+01 
       1.344762704227e+00       1.134623732982e+01 
       1.345729351426e+00       1.132700156671e+01 
       1.346695998625e+00       1.130781138732e+01 
       1.347662645824e+00       1.128866635223e+01 
       1.348629293025e+00       1.126956602921e+01 
       1.349595940226e+00       1.125051005056e+01 
       1.350562587428e+00       1.123149815773e+01 
       1.351529234631e+00       1.121253022435e+01 
       1.352495881835e+00       1.119360625568e+01 
       1.353462529039e+00       1.117472636040e+01 
       1.354429176244e+00       1.115589070199e+01 
       1.355395823450e+00       1.113709944187e+01 
       1.356362470657e+00       1.111835268306e+01 
       1.357329117864e+00       1.109965042520e+01 
       1.358295765072e+00       1.108099253891e+01 
       1.359262412281e+00       1.106237876717e+01 
       1.360229059491e+00       1.104380874901e+01 
       1.361195706701e+00       1.102528206598e+01 
       1.362162353912e+00       1.100679829911e+01 
       1.363129001124e+00       1.098835708412e+01 
       1.364095648337e+00       1.096995815623e+01 
       1.365062295550e+00       1.095160137702e+01 
       1.366028942764e+00       1.093328673582e+01 
       1.366995589979e+00       1.091501432676e+01 
       1.367962237194e+00       1.089678430503e+01 
       1.368928884411e+00       1.087859683230e+01 
       1.369895531628e+00       1.086045201995e+01 
       1.370862178845e+00       1.084234988520e+01 
       1.371828826064e+00       1.082429032388e+01 
       1.372795473283e+00       1.080627310593e+01 
       1.373762120503e+00       1.078829789724e+01 
       1.374728767724e+00       1.077036430128e+01 
       1.375695414945e+00       1.075247191187e+01 
       1.376662062167e+00       1.073462036880e+01 
       1.377628709390e+00       1.071680940360e+01 
       1.378595356613e+00       1.069903886659e+01 
       1.379562003837e+00       1.068130873164e+01 
       1.380528651062e+00       1.066361907871e+01 
       1.381495298288e+00       1.064597005385e+01 
       1.382461945514e+00       1.062836181587e+01 
       1.383428592741e+00       1.061079448410e+01 
       1.384395239969e+00       1.059326809162e+01 
       1.385361887198e+00       1.057578255601e+01 
       1.386328534427e+00       1.055833767408e+01 
       1.387295181657e+00       1.054093313834e+01 
       1.388261828887e+00       1.052356857352e+01 
       1.389228476119e+00       1.050624358717e+01 
       1.390195123351e+00       1.048895782448e+01 
       1.391161770583e+00       1.047171101314e+01 
       1.392128417817e+00       1.045450299245e+01 
       1.393095065051e+00       1.043733372293e+01 
       1.394061712285e+00       1.042020326984e+01 
       1.395028359521e+00       1.040311176823e+01 
       1.395995006757e+00       1.038605937482e+01 
       1.396961653994e+00       1.036904621497e+01 
       1.397928301231e+00       1.035207233581e+01 
       1.398894948470e+00       1.033513767597e+01 
       1.399861595708e+00       1.031824205718e+01 
       1.400828242948e+00       1.030138519643e+01 
       1.401794890188e+00       1.028456673988e+01 
       1.402761537429e+00       1.026778631017e+01 
       1.403728184671e+00       1.025104355734e+01 
       1.404694831913e+00       1.023433820635e+01 
       1.405661479156e+00       1.021767008754e+01 
       1.406628126400e+00       1.020103914847e+01 
       1.407594773644e+00       1.018444544034e+01 
       1.408561420889e+00       1.016788908781e+01 
       1.409528068135e+00       1.015137024337e+01 
       1.410494715381e+00       1.013488903625e+01 
       1.411461362628e+00       1.011844552597e+01 
       1.412428009876e+00       1.010203967115e+01 
       1.413394657124e+00       1.008567131635e+01 
       1.414361304373e+00       1.006934020231e+01 
       1.415327951623e+00       1.005304599631e+01 
       1.416294598873e+00       1.003678833675e+01 
       1.417261246124e+00       1.002056688102e+01 
       1.418227893375e+00       1.000438135172e+01 
       1.419194540628e+00       9.988231571135e+00 
       1.420161187881e+00       9.972117473381e+00 
       1.421127835134e+00       9.956039096385e+00 
       1.422094482388e+00       9.939996554422e+00 
       1.423061129643e+00       9.923989994184e+00 
       1.424027776899e+00       9.908019547102e+00 
       1.424994424155e+00       9.892085284417e+00 
       1.425961071412e+00       9.876187183013e+00 
       1.426927718669e+00       9.860325110137e+00 
       1.427894365928e+00       9.844498829691e+00 
       1.428861013186e+00       9.828708029727e+00 
       1.429827660446e+00       9.812952362987e+00 
       1.430794307706e+00       9.797231494677e+00 
       1.431760954967e+00       9.781545147735e+00 
       1.432727602228e+00       9.765893136157e+00 
       1.433694249490e+00       9.750275381534e+00 
       1.434660896752e+00       9.734691908826e+00 
       1.435627544016e+00       9.719142822164e+00 
       1.436594191280e+00       9.703628263031e+00 
       1.437560838544e+00       9.688148364267e+00 
       1.438527485809e+00       9.672703206335e+00 
       1.439494133075e+00       9.657292782071e+00 
       1.440460780341e+00       9.641916979883e+00 
       1.441427427608e+00       9.626575586615e+00 
       1.442394074876e+00       9.611268310396e+00 
       1.443360722144e+00       9.595994818690e+00 
       1.444327369413e+00       9.580754785380e+00 
       1.445294016683e+00       9.565547934283e+00 
       1.446260663953e+00       9.550374073844e+00 
       1.447227311224e+00       9.535233114640e+00 
       1.448193958495e+00       9.520125068593e+00 
       1.449160605767e+00       9.505050028008e+00 
       1.450127253040e+00       9.490008128164e+00 
       1.451093900313e+00       9.474999502870e+00 
       1.452060547587e+00       9.460024240860e+00 
       1.453027194861e+00       9.445082349106e+00 
       1.453993842136e+00       9.430173735581e+00 
       1.454960489412e+00       9.415298209409e+00 
       1.455927136688e+00       9.400455499374e+00 
       1.456893783965e+00       9.385645289590e+00 
       1.457860431242e+00       9.370867261674e+00 
       1.458827078521e+00       9.356121141054e+00 
       1.459793725799e+00       9.341406730493e+00 
       1.460760373079e+00       9.326723930947e+00 
       1.461727020358e+00       9.312072742031e+00 
       1.462693667639e+00       9.297453244336e+00 
       1.463660314920e+00       9.282865566024e+00 
       1.464626962202e+00       9.268309840900e+00 
       1.465593609484e+00       9.253786164838e+00 
       1.466560256767e+00       9.239294559384e+00 
       1.467526904050e+00       9.224834950894e+00 
       1.468493551334e+00       9.210407168821e+00 
       1.469460198619e+00       9.196010961389e+00 
       1.470426845904e+00       9.181646028540e+00 
       1.471393493190e+00       9.167312062275e+00 
       1.472360140477e+00       9.153008789885e+00 
       1.473326787764e+00       9.138736009359e+00 
       1.474293435051e+00       9.124493612020e+00 
       1.475260082339e+00       9.110281586578e+00 
       1.476226729628e+00       9.096100003240e+00 
       1.477193376918e+00       9.081948983074e+00 
       1.478160024208e+00       9.067828658029e+00 
       1.479126671498e+00       9.053739129074e+00 
       1.480093318789e+00       9.039680430161e+00 
       1.481059966081e+00       9.025652505644e+00 
       1.482026613373e+00       9.011655204699e+00 
       1.482993260666e+00       8.997688294766e+00 
       1.483959907959e+00       8.983751491069e+00 
       1.484926555253e+00       8.969844496151e+00 
       1.485893202548e+00       8.955967041137e+00 
       1.486859849843e+00       8.942118921331e+00 
       1.487826497139e+00       8.928300019240e+00 
       1.488793144435e+00       8.914510311705e+00 
       1.489759791732e+00       8.900749857771e+00 
       1.490726439029e+00       8.887018771203e+00 
       1.491693086327e+00       8.873317182088e+00 
       1.492659733626e+00       8.859645195642e+00 
       1.493626380925e+00       8.846002856535e+00 
       1.494593028224e+00       8.832390125136e+00 
       1.495559675524e+00       8.818806870063e+00 
       1.496526322825e+00       8.805252878411e+00 
       1.497492970127e+00       8.791727881774e+00 
       1.498459617428e+00       8.778231592435e+00 
       1.499426264731e+00       8.764763745273e+00 
       1.500392912034e+00       8.751324132956e+00 
       1.501359559337e+00       8.737912630879e+00 
       1.502326206641e+00       8.724529205056e+00 
       1.503292853946e+00       8.711173903501e+00 
       1.504259501251e+00       8.697846831714e+00 
       1.505226148557e+00       8.684548116767e+00 
       1.506192795863e+00       8.671277867795e+00 
       1.507159443170e+00       8.658036140113e+00 
       1.508126090478e+00       8.644822909011e+00 
       1.509092737786e+00       8.631638060867e+00 
       1.510059385094e+00       8.618481400460e+00 
       1.511026032403e+00       8.605352675403e+00 
       1.511992679713e+00       8.592251609698e+00 
       1.512959327023e+00       8.579177942255e+00 
       1.513925974333e+00       8.566131464139e+00 
       1.514892621645e+00       8.553112043232e+00 
       1.515859268956e+00       8.540119635786e+00 
       1.516825916269e+00       8.527154279850e+00 
       1.517792563582e+00       8.514216072918e+00 
       1.518759210895e+00       8.501305138495e+00 
       1.519725858209e+00       8.488421587383e+00 
       1.520692505523e+00       8.475565483110e+00 
       1.521659152838e+00       8.462736815401e+00 
       1.522625800154e+00       8.449935487689e+00 
       1.523592447470e+00       8.437161322855e+00 
       1.524559094786e+00       8.424414083382e+00 
       1.525525742103e+00       8.411693504288e+00 
       1.526492389421e+00       8.398999330537e+00 
       1.527459036739e+00       8.386331352348e+00 
       1.528425684058e+00       8.373689432123e+00 
       1.529392331377e+00       8.361073516105e+00 
       1.530358978696e+00       8.348483631380e+00 
       1.531325626017e+00       8.335919866718e+00 
       1.532292273337e+00       8.323382341474e+00 
       1.533258920659e+00       8.310871168261e+00 
       1.534225567980e+00       8.298386417747e+00 
       1.535192215303e+00       8.285928092010e+00 
       1.536158862626e+00       8.273496110645e+00 
       1.537125509949e+00       8.261090310475e+00 
       1.538092157273e+00       8.248710477481e+00 
       1.539058804597e+00       8.236356353483e+00 
       1.540025451922e+00       8.224027690027e+00 
       1.540992099247e+00       8.211724276184e+00 
       1.541958746573e+00       8.199445968620e+00 
       1.542925393900e+00       8.187192705455e+00 
       1.543892041227e+00       8.174964502959e+00 
       1.544858688554e+00       8.162761441301e+00 
       1.545825335882e+00       8.150583635349e+00 
       1.546791983211e+00       8.138431196888e+00 
       1.547758630539e+00       8.126304203839e+00 
       1.548725277869e+00       8.114202669723e+00 
       1.549691925199e+00       8.102126530251e+00 
       1.550658572529e+00       8.090075641439e+00 
       1.551625219860e+00       8.078049796636e+00 
       1.552591867192e+00       8.066048753685e+00 
       1.553558514524e+00       8.054072269628e+00 
       1.554525161856e+00       8.042120134684e+00 
       1.555491809189e+00       8.030192200790e+00 
       1.556458456523e+00       8.018288396700e+00 
       1.557425103857e+00       8.006408728831e+00 
       1.558391751191e+00       7.994553269069e+00 
       1.559358398526e+00       7.982722125780e+00 
       1.560325045862e+00       7.970915412179e+00 
       1.561291693197e+00       7.959133210651e+00 
       1.562258340534e+00       7.947375544449e+00 
       1.563224987871e+00       7.935642363545e+00 
       1.564191635208e+00       7.923933539565e+00 
       1.565158282546e+00       7.912248881400e+00 
       1.566124929885e+00       7.900588157583e+00 
       1.567091577223e+00       7.888951132858e+00 
       1.568058224563e+00       7.877337597609e+00 
       1.569024871903e+00       7.865747399391e+00 
       1.569991519243e+00       7.854180459858e+00 
       1.570958166584e+00       7.842636776180e+00 
       1.571924813925e+00       7.831116410559e+00 
       1.572891461267e+00       7.819619465692e+00 
       1.573858108609e+00       7.808146052245e+00 
       1.574824755952e+00       7.796696257689e+00 
       1.982433284529e+00       4.477843388397e+00 
       2.495734778507e+00       2.549837134148e+00 
       3.141943933019e+00       1.441003393675e+00 
       3.955473059709e+00       8.087773144395e-01 
       4.979645550535e+00       4.510983887575e-01 
       6.269002325297e+00       2.501656064796e-01 
       7.892206333913e+00       1.380085411822e-01 
       9.935699108886e+00       7.576870069847e-02 
       1.250830409212e+01       4.141329271864e-02 
       1.574702188002e+01       2.254211594066e-02 
       1.982432600483e+01       1.222282475024e-02 
       2.495734777917e+01       6.603341908766e-03 
       3.141943933018e+01       3.554974776929e-03 
       3.955473059709e+01       1.907300938319e-03 
       4.979645550535e+01       1.019746283951e-03 
       6.269002325297e+01       5.432065041316e-04 
