# Matter power spectrum P(k) at redshift z=1
# for k=2.22897e-07 to 52.8722 h/Mpc,
# number of wavenumbers equal to 7253
#    1:k (h/Mpc)              2:P (Mpc/h)^3        
       2.228973728849e-07       5.907944012034e-01 
       9.231521935689e-07       2.191665005134e+00 
       1.623412033627e-06       3.689181874883e+00 
       2.323682448164e-06       5.135793932427e+00 
       3.023968992508e-06       6.548503640503e+00 
       3.724277222367e-06       7.935890953017e+00 
       4.424612693965e-06       9.303135124071e+00 
       5.124980964197e-06       1.065369979024e+01 
       5.825387590772e-06       1.199006230114e+01 
       6.525838132360e-06       1.331408126532e+01 
       7.226338148743e-06       1.462720191701e+01 
       7.926893200957e-06       1.593057983515e+01 
       8.627508851441e-06       1.722515989167e+01 
       9.328190664185e-06       1.851172897915e+01 
       1.002894420488e-05       1.979095255461e+01 
       1.072977504105e-05       2.106340075657e+01 
       1.143068874223e-05       2.232956756040e+01 
       1.213169088008e-05       2.358988514215e+01 
       1.283278702855e-05       2.484473485805e+01 
       1.353398276403e-05       2.609445577889e+01 
       1.423528366549e-05       2.733935142253e+01 
       1.493669531464e-05       2.857969513517e+01 
       1.563822329604e-05       2.981573444344e+01 
       1.633987319732e-05       3.104769461149e+01 
       1.704165060924e-05       3.227578157628e+01 
       1.774356112592e-05       3.350018439084e+01 
       1.844561034493e-05       3.472107727434e+01 
       1.914780386746e-05       3.593862134464e+01 
       1.985014729849e-05       3.715296609244e+01 
       2.055264624690e-05       3.836425064334e+01 
       2.125530632564e-05       3.957260484451e+01 
       2.195813315187e-05       4.077815020538e+01 
       2.266113234714e-05       4.198100071589e+01 
       2.336430953750e-05       4.318126356172e+01 
       2.406767035365e-05       4.437903975204e+01 
       2.477122043114e-05       4.557442467272e+01 
       2.547496541045e-05       4.676750857586e+01 
       2.617891093720e-05       4.795837701435e+01 
       2.688306266228e-05       4.914711122907e+01 
       2.758742624197e-05       5.033378849490e+01 
       2.829200733814e-05       5.151848243097e+01 
       2.899681161839e-05       5.270126327957e+01 
       2.970184475617e-05       5.388219815756e+01 
       3.040711243095e-05       5.506135128361e+01 
       3.111262032840e-05       5.623878418416e+01 
       3.181837414051e-05       5.741455588041e+01 
       3.252437956573e-05       5.858872305849e+01 
       3.323064230916e-05       5.976134022484e+01 
       3.393716808270e-05       6.093245984806e+01 
       3.464396260516e-05       6.210213248894e+01 
       3.535103160245e-05       6.327040691973e+01 
       3.605838080776e-05       6.443733023377e+01 
       3.676601596164e-05       6.560294794650e+01 
       3.747394281221e-05       6.676730408851e+01 
       3.818216711532e-05       6.793044129164e+01 
       3.889069463466e-05       6.909240086853e+01 
       3.959953114195e-05       7.025322288641e+01 
       4.030868241710e-05       7.141294623551e+01 
       4.101815424834e-05       7.257160869269e+01 
       4.172795243239e-05       7.372924698058e+01 
       4.243808277464e-05       7.488589682275e+01 
       4.314855108926e-05       7.604159299508e+01 
       4.385936319938e-05       7.719636937384e+01 
       4.457052493728e-05       7.835025898054e+01 
       4.528204214450e-05       7.950329402402e+01 
       4.599392067202e-05       8.065550593979e+01 
       4.670616638040e-05       8.180692542699e+01 
       4.741878513999e-05       8.295758248307e+01 
       4.813178283105e-05       8.410750643644e+01 
       4.884516534389e-05       8.525672597712e+01 
       4.955893857908e-05       8.640526918562e+01 
       5.027310844759e-05       8.755316356021e+01 
       5.098768087095e-05       8.870043604258e+01 
       5.170266178141e-05       8.984711304214e+01 
       5.241805712211e-05       9.099322045889e+01 
       5.313387284723e-05       9.213878370518e+01 
       5.385011492218e-05       9.328382772616e+01 
       5.456678932372e-05       9.442837701928e+01 
       5.528390204017e-05       9.557245565269e+01 
       5.600145907157e-05       9.671608728276e+01 
       5.671946642979e-05       9.785929517063e+01 
       5.743793013878e-05       9.900210219805e+01 
       5.815685623467e-05       1.001445308823e+02 
       5.887625076597e-05       1.012866033906e+02 
       5.959611979371e-05       1.024283415535e+02 
       6.031646939166e-05       1.035697668779e+02 
       6.103730564644e-05       1.047109005594e+02 
       6.175863465771e-05       1.058517634942e+02 
       6.248046253836e-05       1.069923762899e+02 
       6.320279541466e-05       1.081327592769e+02 
       6.392563942643e-05       1.092729325179e+02 
       6.464900072721e-05       1.104129158181e+02 
       6.537288548445e-05       1.115527287346e+02 
       6.609729987965e-05       1.126923905853e+02 
       6.682225010858e-05       1.138319204574e+02 
       6.754774238140e-05       1.149713372155e+02 
       6.827378292289e-05       1.161106595100e+02 
       6.900037797255e-05       1.172499057842e+02 
       6.972753378487e-05       1.183890942815e+02 
       7.045525662942e-05       1.195282430527e+02 
       7.118355279109e-05       1.206673699627e+02 
       7.191242857021e-05       1.218064926965e+02 
       7.264189028279e-05       1.229456287659e+02 
       7.337194426065e-05       1.240847955148e+02 
       7.410259685161e-05       1.252240101259e+02 
       7.483385441969e-05       1.263632896252e+02 
       7.556572334528e-05       1.275026508878e+02 
       7.629821002529e-05       1.286421106431e+02 
       7.703132087338e-05       1.297816854796e+02 
       7.776506232013e-05       1.309213918493e+02 
       7.849944081320e-05       1.320612460731e+02 
       7.923446281754e-05       1.332012643444e+02 
       7.997013481554e-05       1.343414627338e+02 
       8.070646330727e-05       1.354818571932e+02 
       8.144345481062e-05       1.366224635597e+02 
       8.218111586151e-05       1.377632975596e+02 
       8.291945301405e-05       1.389043748119e+02 
       8.365847284077e-05       1.400457108320e+02 
       8.439818193279e-05       1.411873210355e+02 
       8.513858689998e-05       1.423292207409e+02 
       8.587969437121e-05       1.434714251738e+02 
       8.662151099448e-05       1.446139494690e+02 
       8.736404343716e-05       1.457568086747e+02 
       8.810729838617e-05       1.469000177545e+02 
       8.885128254814e-05       1.480435915909e+02 
       8.959600264965e-05       1.491875449880e+02 
       9.034146543743e-05       1.503318926740e+02 
       9.108767767849e-05       1.514766493041e+02 
       9.183464616038e-05       1.526218294630e+02 
       9.258237769140e-05       1.537674476673e+02 
       9.333087910071e-05       1.549135183680e+02 
       9.408015723863e-05       1.560600559531e+02 
       9.483021897678e-05       1.572070747492e+02 
       9.558107120832e-05       1.583545890247e+02 
       9.633272084809e-05       1.595026129912e+02 
       9.708517483290e-05       1.606511608060e+02 
       9.783844012165e-05       1.618002465739e+02 
       9.859252369560e-05       1.629498843496e+02 
       9.934743255853e-05       1.641000881392e+02 
       1.001031737370e-04       1.652508719027e+02 
       1.008597542804e-04       1.664022495550e+02 
       1.016171812616e-04       1.675542349687e+02 
       1.023754617763e-04       1.687068419752e+02 
       1.031346029444e-04       1.698600843664e+02 
       1.038946119091e-04       1.710139758971e+02 
       1.046554958378e-04       1.721685302859e+02 
       1.054172619222e-04       1.733237612169e+02 
       1.061799173783e-04       1.744796823419e+02 
       1.069434694468e-04       1.756363072811e+02 
       1.077079253933e-04       1.767936496253e+02 
       1.084732925083e-04       1.779517229370e+02 
       1.092395781078e-04       1.791105407518e+02 
       1.100067895333e-04       1.802701165802e+02 
       1.107749341519e-04       1.814304639085e+02 
       1.115440193568e-04       1.825915962004e+02 
       1.123140525673e-04       1.837535268985e+02 
       1.130850412291e-04       1.849162694253e+02 
       1.138569928145e-04       1.860798371845e+02 
       1.146299148229e-04       1.872442435625e+02 
       1.154038147804e-04       1.884095019293e+02 
       1.161787002406e-04       1.895756256401e+02 
       1.169545787848e-04       1.907426280360e+02 
       1.177314580216e-04       1.919105224454e+02 
       1.185093455882e-04       1.930793221855e+02 
       1.192882491495e-04       1.942490405627e+02 
       1.200681763991e-04       1.954196908742e+02 
       1.208491350593e-04       1.965912864089e+02 
       1.216311328814e-04       1.977638404486e+02 
       1.224141776455e-04       1.989373662689e+02 
       1.231982771616e-04       2.001118771401e+02 
       1.239834392689e-04       2.012873863287e+02 
       1.247696718369e-04       2.024639070979e+02 
       1.255569827648e-04       2.036414527086e+02 
       1.263453799825e-04       2.048200364209e+02 
       1.271348714503e-04       2.059996714943e+02 
       1.279254651594e-04       2.071803711892e+02 
       1.287171691321e-04       2.083621487675e+02 
       1.295099914222e-04       2.095450174938e+02 
       1.303039401148e-04       2.107289906360e+02 
       1.310990233270e-04       2.119140814662e+02 
       1.318952492080e-04       2.131003032619e+02 
       1.326926259393e-04       2.142876693064e+02 
       1.334911617350e-04       2.154761928900e+02 
       1.342908648420e-04       2.166658873108e+02 
       1.350917435405e-04       2.178567658753e+02 
       1.358938061437e-04       2.190488418994e+02 
       1.366970609988e-04       2.202421287090e+02 
       1.375015164867e-04       2.214366396412e+02 
       1.383071810223e-04       2.226323880447e+02 
       1.391140630550e-04       2.238293872808e+02 
       1.399221710691e-04       2.250276507240e+02 
       1.407315135834e-04       2.262271917628e+02 
       1.415420991522e-04       2.274280238006e+02 
       1.423539363652e-04       2.286301602562e+02 
       1.431670338476e-04       2.298336145649e+02 
       1.439814002609e-04       2.310384001787e+02 
       1.447970443026e-04       2.322445305676e+02 
       1.456139747070e-04       2.334520192198e+02 
       1.464322002450e-04       2.346608796427e+02 
       1.472517297247e-04       2.358711253636e+02 
       1.480725719913e-04       2.370827699304e+02 
       1.488947359281e-04       2.382958269120e+02 
       1.497182304558e-04       2.395103098993e+02 
       1.505430645337e-04       2.407262325058e+02 
       1.513692471594e-04       2.419436083682e+02 
       1.521967873691e-04       2.431624511472e+02 
       1.530256942384e-04       2.443827745279e+02 
       1.538559768819e-04       2.456045922207e+02 
       1.546876444540e-04       2.468279179619e+02 
       1.555207061489e-04       2.480527655143e+02 
       1.563551712011e-04       2.492791486677e+02 
       1.571910488854e-04       2.505070812400e+02 
       1.580283485175e-04       2.517365770770e+02 
       1.588670794542e-04       2.529676500541e+02 
       1.597072510936e-04       2.542003140761e+02 
       1.605488728754e-04       2.554345830779e+02 
       1.613919542814e-04       2.566704710256e+02 
       1.622365048354e-04       2.579079919166e+02 
       1.630825341042e-04       2.591471597804e+02 
       1.639300516969e-04       2.603879886793e+02 
       1.647790672663e-04       2.616304927089e+02 
       1.656295905082e-04       2.628746859986e+02 
       1.664816311625e-04       2.641205827123e+02 
       1.673351990130e-04       2.653681970491e+02 
       1.681903038881e-04       2.666175432436e+02 
       1.690469556606e-04       2.678686355668e+02 
       1.699051642485e-04       2.691214883264e+02 
       1.707649396152e-04       2.703761158676e+02 
       1.716262917696e-04       2.716325325735e+02 
       1.724892307666e-04       2.728907528658e+02 
       1.733537667074e-04       2.741507912053e+02 
       1.742199097397e-04       2.754126620925e+02 
       1.750876700584e-04       2.766763800681e+02 
       1.759570579052e-04       2.779419597137e+02 
       1.768280835699e-04       2.792094156522e+02 
       1.777007573897e-04       2.804787625485e+02 
       1.785750897503e-04       2.817500151100e+02 
       1.794510910858e-04       2.830231880870e+02 
       1.803287718795e-04       2.842982962735e+02 
       1.812081426634e-04       2.855753545076e+02 
       1.820892140196e-04       2.868543776723e+02 
       1.829719965795e-04       2.881353806955e+02 
       1.838565010253e-04       2.894183785511e+02 
       1.847427380893e-04       2.907033862593e+02 
       1.856307185549e-04       2.919904188872e+02 
       1.865204532567e-04       2.932794915492e+02 
       1.874119530809e-04       2.945706194077e+02 
       1.883052289657e-04       2.958638176737e+02 
       1.892002919012e-04       2.971591016071e+02 
       1.900971529307e-04       2.984564865174e+02 
       1.909958231499e-04       2.997559877640e+02 
       1.918963137082e-04       3.010576207574e+02 
       1.927986358085e-04       3.023614009587e+02 
       1.937028007077e-04       3.036673438811e+02 
       1.946088197170e-04       3.049754650898e+02 
       1.955167042027e-04       3.062857802028e+02 
       1.964264655857e-04       3.075983048913e+02 
       1.973381153426e-04       3.089130548804e+02 
       1.982516650059e-04       3.102300459495e+02 
       1.991671261639e-04       3.115492939328e+02 
       2.000845104619e-04       3.128708147198e+02 
       2.010038296016e-04       3.141946242560e+02 
       2.019250953425e-04       3.155207385433e+02 
       2.028483195012e-04       3.168491736404e+02 
       2.037735139527e-04       3.181799456635e+02 
       2.047006906301e-04       3.195130707868e+02 
       2.056298615254e-04       3.208485652429e+02 
       2.065610386897e-04       3.221864453235e+02 
       2.074942342335e-04       3.235267273798e+02 
       2.084294603272e-04       3.248694278228e+02 
       2.093667292015e-04       3.262145631243e+02 
       2.103060531476e-04       3.275621498171e+02 
       2.112474445179e-04       3.289122044954e+02 
       2.121909157261e-04       3.302647438155e+02 
       2.131364792475e-04       3.316197844966e+02 
       2.140841476198e-04       3.329773433205e+02 
       2.150339334431e-04       3.343374371330e+02 
       2.159858493804e-04       3.357000828437e+02 
       2.169399081583e-04       3.370652974271e+02 
       2.178961225667e-04       3.384330979227e+02 
       2.188545054598e-04       3.398035014355e+02 
       2.198150697564e-04       3.411765251369e+02 
       2.207778284401e-04       3.425521862646e+02 
       2.217427945596e-04       3.439305021238e+02 
       2.227099812295e-04       3.453114900871e+02 
       2.236794016305e-04       3.466951675953e+02 
       2.246510690096e-04       3.480815521580e+02 
       2.256249966808e-04       3.494706613537e+02 
       2.266011980254e-04       3.508625128308e+02 
       2.275796864923e-04       3.522571243076e+02 
       2.285604755986e-04       3.536545135733e+02 
       2.295435789298e-04       3.550546984880e+02 
       2.305290101404e-04       3.564576969837e+02 
       2.315167829540e-04       3.578635270644e+02 
       2.325069111641e-04       3.592722068068e+02 
       2.334994086343e-04       3.606837543605e+02 
       2.344942892988e-04       3.620981879491e+02 
       2.354915671626e-04       3.635155258700e+02 
       2.364912563023e-04       3.649357864954e+02 
       2.374933708659e-04       3.663589882725e+02 
       2.384979250740e-04       3.677851497243e+02 
       2.395049332197e-04       3.692142894495e+02 
       2.405144096689e-04       3.706464261237e+02 
       2.415263688612e-04       3.720815784994e+02 
       2.425408253100e-04       3.735197654067e+02 
       2.435577936030e-04       3.749610057537e+02 
       2.445772884026e-04       3.764053185270e+02 
       2.455993244463e-04       3.778527227922e+02 
       2.466239165473e-04       3.793032376944e+02 
       2.476510795944e-04       3.807568824586e+02 
       2.486808285533e-04       3.822136763904e+02 
       2.497131784663e-04       3.836736388760e+02 
       2.507481444528e-04       3.851367893832e+02 
       2.517857417100e-04       3.866031474617e+02 
       2.528259855135e-04       3.880727327434e+02 
       2.538688912169e-04       3.895455649430e+02 
       2.549144742532e-04       3.910216638587e+02 
       2.559627501345e-04       3.925010493723e+02 
       2.570137344529e-04       3.939837414494e+02 
       2.580674428808e-04       3.954697601412e+02 
       2.591238911711e-04       3.969591255833e+02 
       2.601830951579e-04       3.984518579971e+02 
       2.612450707568e-04       3.999479776901e+02 
       2.623098339654e-04       4.014475050563e+02 
       2.633774008638e-04       4.029504605767e+02 
       2.644477876148e-04       4.044568648196e+02 
       2.655210104646e-04       4.059667384416e+02 
       2.665970857429e-04       4.074801021871e+02 
       2.676760298638e-04       4.089969768895e+02 
       2.687578593256e-04       4.105173834716e+02 
       2.698425907121e-04       4.120413429456e+02 
       2.709302406921e-04       4.135688764139e+02 
       2.720208260203e-04       4.151000050697e+02 
       2.731143635380e-04       4.166347501968e+02 
       2.742108701730e-04       4.181731331707e+02 
       2.753103629402e-04       4.197151754585e+02 
       2.764128589422e-04       4.212608986199e+02 
       2.775183753697e-04       4.228103243070e+02 
       2.786269295015e-04       4.243634742652e+02 
       2.797385387058e-04       4.259203703335e+02 
       2.808532204396e-04       4.274810344446e+02 
       2.819709922499e-04       4.290454886260e+02 
       2.830918717740e-04       4.306137549995e+02 
       2.842158767394e-04       4.321858557825e+02 
       2.853430249649e-04       4.337618132877e+02 
       2.864733343607e-04       4.353416499240e+02 
       2.876068229288e-04       4.369253881967e+02 
       2.887435087637e-04       4.385130507076e+02 
       2.898834100522e-04       4.401046601561e+02 
       2.910265450746e-04       4.417002393387e+02 
       2.921729322047e-04       4.432998111503e+02 
       2.933225899102e-04       4.449033985838e+02 
       2.944755367531e-04       4.465110247309e+02 
       2.956317913904e-04       4.481227127823e+02 
       2.967913725742e-04       4.497384860282e+02 
       2.979542991524e-04       4.513583678585e+02 
       2.991205900687e-04       4.529823817634e+02 
       3.002902643635e-04       4.546105513333e+02 
       3.014633411739e-04       4.562429002596e+02 
       3.026398397343e-04       4.578794523349e+02 
       3.038197793769e-04       4.595202314533e+02 
       3.050031795318e-04       4.611652616107e+02 
       3.061900597277e-04       4.628145669050e+02 
       3.073804395921e-04       4.644681715370e+02 
       3.085743388520e-04       4.661260998098e+02 
       3.097717773337e-04       4.677883761298e+02 
       3.109727749638e-04       4.694550250070e+02 
       3.121773517693e-04       4.711260710548e+02 
       3.133855278780e-04       4.728015389907e+02 
       3.145973235190e-04       4.744814536365e+02 
       3.158127590228e-04       4.761658399184e+02 
       3.170318548220e-04       4.778547228677e+02 
       3.182546314516e-04       4.795481276205e+02 
       3.194811095492e-04       4.812460794183e+02 
       3.207113098555e-04       4.829486036083e+02 
       3.219452532146e-04       4.846557256434e+02 
       3.231829605746e-04       4.863674710827e+02 
       3.244244529874e-04       4.880838655913e+02 
       3.256697516098e-04       4.898049349411e+02 
       3.269188777031e-04       4.915307050107e+02 
       3.281718526340e-04       4.932612017855e+02 
       3.294286978747e-04       4.949964513580e+02 
       3.306894350032e-04       4.967364799282e+02 
       3.319540857039e-04       4.984813138033e+02 
       3.332226717675e-04       5.002309793985e+02 
       3.344952150917e-04       5.019855032365e+02 
       3.357717376812e-04       5.037449119481e+02 
       3.370522616484e-04       5.055092322724e+02 
       3.383368092133e-04       5.072784910564e+02 
       3.396254027041e-04       5.090527152557e+02 
       3.409180645574e-04       5.108319319343e+02 
       3.422148173182e-04       5.126161682649e+02 
       3.435156836409e-04       5.144054515288e+02 
       3.448206862888e-04       5.161998091160e+02 
       3.461298481349e-04       5.179992685255e+02 
       3.474431921617e-04       5.198038573651e+02 
       3.487607414621e-04       5.216136033517e+02 
       3.500825192391e-04       5.234285343109e+02 
       3.514085488062e-04       5.252486781777e+02 
       3.527388535878e-04       5.270740629958e+02 
       3.540734571191e-04       5.289047169183e+02 
       3.554123830469e-04       5.307406682070e+02 
       3.567556551291e-04       5.325819452330e+02 
       3.581032972354e-04       5.344285764762e+02 
       3.594553333475e-04       5.362805905256e+02 
       3.608117875590e-04       5.381380160791e+02 
       3.621726840758e-04       5.400008819433e+02 
       3.635380472163e-04       5.418692170337e+02 
       3.649079014115e-04       5.437430503742e+02 
       3.662822712050e-04       5.456224110975e+02 
       3.676611812536e-04       5.475073284447e+02 
       3.690446563271e-04       5.493978317650e+02 
       3.704327213085e-04       5.512939505158e+02 
       3.718254011940e-04       5.531957142624e+02 
       3.732227210934e-04       5.551031526782e+02 
       3.746247062301e-04       5.570162955437e+02 
       3.760313819412e-04       5.589351727470e+02 
       3.774427736773e-04       5.608598142833e+02 
       3.788589070032e-04       5.627902502548e+02 
       3.802798075974e-04       5.647265108700e+02 
       3.817055012524e-04       5.666686264442e+02 
       3.831360138746e-04       5.686166273984e+02 
       3.845713714847e-04       5.705705442594e+02 
       3.860116002173e-04       5.725304076595e+02 
       3.874567263211e-04       5.744962483359e+02 
       3.889067761589e-04       5.764680971307e+02 
       3.903617762076e-04       5.784459849902e+02 
       3.918217530582e-04       5.804299429646e+02 
       3.932867334156e-04       5.824200022075e+02 
       3.947567440988e-04       5.844161939758e+02 
       3.962318120406e-04       5.864185496288e+02 
       3.977119642878e-04       5.884271006279e+02 
       3.991972280007e-04       5.904418785361e+02 
       4.006876304536e-04       5.924629150177e+02 
       4.021831990340e-04       5.944902418374e+02 
       4.036839612430e-04       5.965238908597e+02 
       4.051899446949e-04       5.985638940490e+02 
       4.067011771173e-04       6.006102834680e+02 
       4.082176863505e-04       6.026630912778e+02 
       4.097395003477e-04       6.047223497370e+02 
       4.112666471746e-04       6.067880912011e+02 
       4.127991550092e-04       6.088603481224e+02 
       4.143370521419e-04       6.109391530476e+02 
       4.158803669745e-04       6.130245386188e+02 
       4.174291280207e-04       6.151165375718e+02 
       4.189833639055e-04       6.172151827358e+02 
       4.205431033649e-04       6.193205070322e+02 
       4.221083752456e-04       6.214325434741e+02 
       4.236792085046e-04       6.235513251652e+02 
       4.252556322091e-04       6.256768852992e+02 
       4.268376755357e-04       6.278092571585e+02 
       4.284253677706e-04       6.299484741137e+02 
       4.300187383086e-04       6.320945696223e+02 
       4.316178166532e-04       6.342475772277e+02 
       4.332226324157e-04       6.364075305588e+02 
       4.348332153150e-04       6.385744633280e+02 
       4.364495951772e-04       6.407484093309e+02 
       4.380718019349e-04       6.429294024449e+02 
       4.396998656268e-04       6.451174766282e+02 
       4.413338163970e-04       6.473126659186e+02 
       4.429736844947e-04       6.495150044321e+02 
       4.446195002736e-04       6.517245263622e+02 
       4.462712941908e-04       6.539412659782e+02 
       4.479290968070e-04       6.561652576242e+02 
       4.495929387852e-04       6.583965357177e+02 
       4.512628508904e-04       6.606351347484e+02 
       4.529388639886e-04       6.628810892768e+02 
       4.546210090464e-04       6.651344339325e+02 
       4.563093171303e-04       6.673952034135e+02 
       4.580038194053e-04       6.696634324840e+02 
       4.597045471353e-04       6.719391559735e+02 
       4.614115316810e-04       6.742224087748e+02 
       4.631248045001e-04       6.765132258434e+02 
       4.648443971458e-04       6.788116421945e+02 
       4.665703412664e-04       6.811176929027e+02 
       4.683026686040e-04       6.834314130996e+02 
       4.700414109939e-04       6.857528379723e+02 
       4.717866003634e-04       6.880820027622e+02 
       4.735382687311e-04       6.904189427624e+02 
       4.752964482056e-04       6.927636933167e+02 
       4.770611709849e-04       6.951162898175e+02 
       4.788324693547e-04       6.974767677039e+02 
       4.806103756881e-04       6.998451624599e+02 
       4.823949224439e-04       7.022215096125e+02 
       4.841861421658e-04       7.046058447300e+02 
       4.859840674811e-04       7.069982034197e+02 
       4.877887310996e-04       7.093986213259e+02 
       4.896001658124e-04       7.118071341281e+02 
       4.914184044906e-04       7.142237775389e+02 
       4.932434800840e-04       7.166485873017e+02 
       4.950754256200e-04       7.190815991888e+02 
       4.969142742021e-04       7.215228489987e+02 
       4.987600590086e-04       7.239723725551e+02 
       5.006128132912e-04       7.264302057016e+02 
       5.024725703739e-04       7.288963843056e+02 
       5.043393636510e-04       7.313709442486e+02 
       5.062132265862e-04       7.338539214286e+02 
       5.080941927105e-04       7.363453517560e+02 
       5.099822956215e-04       7.388452711515e+02 
       5.118775689810e-04       7.413537155440e+02 
       5.137800465140e-04       7.438707208673e+02 
       5.156897620069e-04       7.463963230583e+02 
       5.176067493057e-04       7.489305580538e+02 
       5.195310423147e-04       7.514734617886e+02 
       5.214626749944e-04       7.540250701920e+02 
       5.234016813600e-04       7.565854191857e+02 
       5.253480954797e-04       7.591545446808e+02 
       5.273019514725e-04       7.617324825754e+02 
       5.292632835070e-04       7.643192687510e+02 
       5.312321257990e-04       7.669149390707e+02 
       5.332085126098e-04       7.695195293753e+02 
       5.351924782444e-04       7.721330754811e+02 
       5.371840570493e-04       7.747556131767e+02 
       5.391832834109e-04       7.773871782192e+02 
       5.411901917530e-04       7.800278063337e+02 
       5.432048165350e-04       7.826775332068e+02 
       5.452271922499e-04       7.853363944859e+02 
       5.472573534221e-04       7.880044257750e+02 
       5.492953346053e-04       7.906816626321e+02 
       5.513411703801e-04       7.933681405654e+02 
       5.533948953520e-04       7.960638950305e+02 
       5.554565441493e-04       7.987689614269e+02 
       5.575261514205e-04       8.014833750946e+02 
       5.596037518322e-04       8.042071713109e+02 
       5.616893800665e-04       8.069403852870e+02 
       5.637830708193e-04       8.096830521641e+02 
       5.658848587969e-04       8.124352070107e+02 
       5.679947787144e-04       8.151968848183e+02 
       5.701128652929e-04       8.179681204984e+02 
       5.722391532570e-04       8.207489488786e+02 
       5.743736773322e-04       8.235394046993e+02 
       5.765164722425e-04       8.263395226094e+02 
       5.786675727079e-04       8.291493371634e+02 
       5.808270134413e-04       8.319688828172e+02 
       5.829948291465e-04       8.347981939243e+02 
       5.851710545148e-04       8.376373047323e+02 
       5.873557242229e-04       8.404862493788e+02 
       5.895488729297e-04       8.433450618876e+02 
       5.917505352740e-04       8.462137761649e+02 
       5.939607458710e-04       8.490924259954e+02 
       5.961795393101e-04       8.519810450382e+02 
       5.984069501518e-04       8.548796668227e+02 
       6.006430129245e-04       8.577883247450e+02 
       6.028877621221e-04       8.607070520634e+02 
       6.051412322007e-04       8.636358818947e+02 
       6.074034575755e-04       8.665748472096e+02 
       6.096744726182e-04       8.695239808293e+02 
       6.119543116535e-04       8.724833154204e+02 
       6.142430089563e-04       8.754528834917e+02 
       6.165405987484e-04       8.784327173890e+02 
       6.188471151955e-04       8.814228492918e+02 
       6.211625924043e-04       8.844233112083e+02 
       6.234870644184e-04       8.874341349713e+02 
       6.258205652163e-04       8.904553522342e+02 
       6.281631287072e-04       8.934869944663e+02 
       6.305147887282e-04       8.965290929485e+02 
       6.328755790407e-04       8.995816787690e+02 
       6.352455333276e-04       9.026447828189e+02 
       6.376246851893e-04       9.057184357876e+02 
       6.400130681408e-04       9.088026681585e+02 
       6.424107156081e-04       9.118975102048e+02 
       6.448176609249e-04       9.150029919842e+02 
       6.472339373291e-04       9.181191433355e+02 
       6.496595779592e-04       9.212459938730e+02 
       6.520946158511e-04       9.243835729828e+02 
       6.545390839345e-04       9.275319098179e+02 
       6.569930150293e-04       9.306910332936e+02 
       6.594564418419e-04       9.338609720831e+02 
       6.619293969621e-04       9.370417546127e+02 
       6.644119128592e-04       9.402334090575e+02 
       6.669040218785e-04       9.434359633365e+02 
       6.694057562374e-04       9.466494451082e+02 
       6.719171480222e-04       9.498738817661e+02 
       6.744382291845e-04       9.531093004335e+02 
       6.769690315370e-04       9.563557279597e+02 
       6.795095867502e-04       9.596131909147e+02 
       6.820599263489e-04       9.628817155849e+02 
       6.846200817079e-04       9.661613279684e+02 
       6.871900840489e-04       9.694520537704e+02 
       6.897699644366e-04       9.727539183985e+02 
       6.923597537746e-04       9.760669469580e+02 
       6.949594828024e-04       9.793911642476e+02 
       6.975691820907e-04       9.827265947544e+02 
       7.001888820387e-04       9.860732626496e+02 
       7.028186128695e-04       9.894311917837e+02 
       7.054584046266e-04       9.928004056818e+02 
       7.081082871702e-04       9.961809275394e+02 
       7.107682901737e-04       9.995727802176e+02 
       7.134384431191e-04       1.002975986238e+03 
       7.161187752940e-04       1.006390567780e+03 
       7.188093157877e-04       1.009816546673e+03 
       7.215100934871e-04       1.013253944396e+03 
       7.242211370729e-04       1.016702782070e+03 
       7.269424750164e-04       1.020163080453e+03 
       7.296741355750e-04       1.023634859940e+03 
       7.324161467891e-04       1.027118140553e+03 
       7.351685364777e-04       1.030612941940e+03 
       7.379313322350e-04       1.034119283367e+03 
       7.407045614268e-04       1.037637183726e+03 
       7.434882511863e-04       1.041166661512e+03 
       7.462824284107e-04       1.044707734828e+03 
       7.490871197575e-04       1.048260421385e+03 
       7.519023516404e-04       1.051824738490e+03 
       7.547281502263e-04       1.055400703047e+03 
       7.575645414307e-04       1.058988331550e+03 
       7.604115509149e-04       1.062587640079e+03 
       7.632692040818e-04       1.066198644298e+03 
       7.661375260725e-04       1.069821359450e+03 
       7.690165417624e-04       1.073455800351e+03 
       7.719062757581e-04       1.077101981389e+03 
       7.748067523933e-04       1.080759916518e+03 
       7.777179957256e-04       1.084429619256e+03 
       7.806400295328e-04       1.088111102678e+03 
       7.835728773093e-04       1.091804379415e+03 
       7.865165622629e-04       1.095509461651e+03 
       7.894711073112e-04       1.099226361116e+03 
       7.924365350778e-04       1.102955089085e+03 
       7.954128678896e-04       1.106695656374e+03 
       7.984001277728e-04       1.110448073335e+03 
       8.013983364501e-04       1.114212349853e+03 
       8.044075153368e-04       1.117988495346e+03 
       8.074276855379e-04       1.121776518756e+03 
       8.104588678448e-04       1.125576428549e+03 
       8.135010827322e-04       1.129388232714e+03 
       8.165543503544e-04       1.133211938754e+03 
       8.196186905430e-04       1.137047553687e+03 
       8.226941228030e-04       1.140895084043e+03 
       8.257806663103e-04       1.144754535859e+03 
       8.288783399083e-04       1.148625914677e+03 
       8.319871621051e-04       1.152509225543e+03 
       8.351071510708e-04       1.156404473000e+03 
       8.382383246342e-04       1.160311661086e+03 
       8.413807002799e-04       1.164230793343e+03 
       8.445342951462e-04       1.168161872795e+03 
       8.476991260215e-04       1.172104901959e+03 
       8.508752093420e-04       1.176059882839e+03 
       8.540625611893e-04       1.180026816922e+03 
       8.572611972872e-04       1.184005705178e+03 
       8.604711329996e-04       1.187996548059e+03 
       8.636923833279e-04       1.191999345493e+03 
       8.669249629083e-04       1.196014096885e+03 
       8.701688860098e-04       1.200040801115e+03 
       8.734241665318e-04       1.204079456532e+03 
       8.766908180013e-04       1.208130060961e+03 
       8.799688535715e-04       1.212192611693e+03 
       8.832582860188e-04       1.216267105486e+03 
       8.865591277415e-04       1.220353538566e+03 
       8.898713907570e-04       1.224451906621e+03 
       8.931950867002e-04       1.228562204806e+03 
       8.965302268218e-04       1.232684427735e+03 
       8.998768219857e-04       1.236818569484e+03 
       9.032348826680e-04       1.240964623588e+03 
       9.066044189547e-04       1.245122583045e+03 
       9.099854405404e-04       1.249292440306e+03 
       9.133779567262e-04       1.253474187282e+03 
       9.167819764188e-04       1.257667815341e+03 
       9.201975081284e-04       1.261873315308e+03 
       9.236245599676e-04       1.266090677460e+03 
       9.270631396501e-04       1.270319891535e+03 
       9.305132544893e-04       1.274560946721e+03 
       9.339749113969e-04       1.278813831664e+03 
       9.374481168822e-04       1.283078534464e+03 
       9.409328770506e-04       1.287355042675e+03 
       9.444291976028e-04       1.291643343308e+03 
       9.479370838339e-04       1.295943422826e+03 
       9.514565406322e-04       1.300255267151e+03 
       9.549875724790e-04       1.304578861658e+03 
       9.585301834473e-04       1.308914191179e+03 
       9.620843772012e-04       1.313261240004e+03 
       9.656501569959e-04       1.317619991880e+03 
       9.692275256765e-04       1.321990430011e+03 
       9.728164856777e-04       1.326372537063e+03 
       9.764170390237e-04       1.330766295158e+03 
       9.800291873279e-04       1.335171685884e+03 
       9.836529317922e-04       1.339588690288e+03 
       9.872882732073e-04       1.344017288881e+03 
       9.909352119526e-04       1.348457461640e+03 
       9.945937479960e-04       1.352909188008e+03 
       9.982638808939e-04       1.357372446896e+03 
       1.001945609792e-03       1.361847216685e+03 
       1.005638933423e-03       1.366333475225e+03 
       1.009343850113e-03       1.370831199842e+03 
       1.013060357773e-03       1.375340367335e+03 
       1.016788453907e-03       1.379860953981e+03 
       1.020528135609e-03       1.384392935535e+03 
       1.024279399563e-03       1.388936287235e+03 
       1.028042242047e-03       1.393490983801e+03 
       1.031816658928e-03       1.398056999439e+03 
       1.035602645670e-03       1.402634307843e+03 
       1.039400197329e-03       1.407222882200e+03 
       1.043209308555e-03       1.411822695186e+03 
       1.047029973598e-03       1.416433718978e+03 
       1.050862186300e-03       1.421055925249e+03 
       1.054705940104e-03       1.425689285175e+03 
       1.058561228053e-03       1.430333769435e+03 
       1.062428042790e-03       1.434989348217e+03 
       1.066306376558e-03       1.439655991221e+03 
       1.070196221207e-03       1.444333667658e+03 
       1.074097568189e-03       1.449022346259e+03 
       1.078010408563e-03       1.453721995275e+03 
       1.081934732997e-03       1.458432582480e+03 
       1.085870531768e-03       1.463154075177e+03 
       1.089817794764e-03       1.467886440199e+03 
       1.093776511488e-03       1.472629643915e+03 
       1.097746671056e-03       1.477383652231e+03 
       1.101728262201e-03       1.482148430596e+03 
       1.105721273276e-03       1.486923944006e+03 
       1.109725692255e-03       1.491710157006e+03 
       1.113741506735e-03       1.496507033695e+03 
       1.117768703937e-03       1.501314537730e+03 
       1.121807270711e-03       1.506132632322e+03 
       1.125857193536e-03       1.510961280276e+03 
       1.129918458523e-03       1.515800443939e+03 
       1.133991051418e-03       1.520650085242e+03 
       1.138074957603e-03       1.525510165696e+03 
       1.142170162100e-03       1.530380646397e+03 
       1.146276649572e-03       1.535261488027e+03 
       1.150394404329e-03       1.540152650862e+03 
       1.154523410324e-03       1.545054094775e+03 
       1.158663651164e-03       1.549965779240e+03 
       1.162815110107e-03       1.554887663339e+03 
       1.166977770064e-03       1.559819705764e+03 
       1.171151613609e-03       1.564761864825e+03 
       1.175336622972e-03       1.569714098452e+03 
       1.179532780051e-03       1.574676364199e+03 
       1.183740066409e-03       1.579648619253e+03 
       1.187958463279e-03       1.584630820435e+03 
       1.192187951567e-03       1.589622924208e+03 
       1.196428511857e-03       1.594624886681e+03 
       1.200680124411e-03       1.599636663610e+03 
       1.204942769172e-03       1.604658210412e+03 
       1.209216425770e-03       1.609689482161e+03 
       1.213501073525e-03       1.614730433598e+03 
       1.217796691447e-03       1.619781019135e+03 
       1.222103258243e-03       1.624841192862e+03 
       1.226420752318e-03       1.629910908549e+03 
       1.230749151780e-03       1.634990119653e+03 
       1.235088434442e-03       1.640078779323e+03 
       1.239438577826e-03       1.645176840400e+03 
       1.243799559167e-03       1.650284255446e+03 
       1.248171355415e-03       1.655400976712e+03 
       1.252553943240e-03       1.660526956170e+03 
       1.256947299036e-03       1.665662145510e+03 
       1.261351398923e-03       1.670806496147e+03 
       1.265766218749e-03       1.675959959224e+03 
       1.270191734100e-03       1.681122485621e+03 
       1.274627920296e-03       1.686294025956e+03 
       1.279074752399e-03       1.691474530596e+03 
       1.283532205215e-03       1.696663949657e+03 
       1.288000253301e-03       1.701862233013e+03 
       1.292478870963e-03       1.707069330299e+03 
       1.296968032265e-03       1.712285190920e+03 
       1.301467711028e-03       1.717509764051e+03 
       1.305977880839e-03       1.722742998649e+03 
       1.310498515050e-03       1.727984843451e+03 
       1.315029586785e-03       1.733235246989e+03 
       1.319571068940e-03       1.738494157571e+03 
       1.324122934193e-03       1.743761523345e+03 
       1.328685155000e-03       1.749037292230e+03 
       1.333257703607e-03       1.754321411968e+03 
       1.337840552045e-03       1.759613830115e+03 
       1.342433672142e-03       1.764914494052e+03 
       1.347037035522e-03       1.770223350985e+03 
       1.351650613609e-03       1.775540347955e+03 
       1.356274377632e-03       1.780865431839e+03 
       1.360908298629e-03       1.786198549357e+03 
       1.365552347451e-03       1.791539647083e+03 
       1.370206494763e-03       1.796888671441e+03 
       1.374870711051e-03       1.802245568714e+03 
       1.379544966625e-03       1.807610285050e+03 
       1.384229231623e-03       1.812982766470e+03 
       1.388923476011e-03       1.818362958866e+03 
       1.393627669594e-03       1.823750808014e+03 
       1.398341782012e-03       1.829146259573e+03 
       1.403065782751e-03       1.834549259095e+03 
       1.407799641139e-03       1.839959752025e+03 
       1.412543326359e-03       1.845377683713e+03 
       1.417296807442e-03       1.850802999413e+03 
       1.422060053280e-03       1.856235644289e+03 
       1.426833032624e-03       1.861675563423e+03 
       1.431615714092e-03       1.867122701819e+03 
       1.436408066168e-03       1.872577004404e+03 
       1.441210057209e-03       1.878038416039e+03 
       1.446021655447e-03       1.883506881521e+03 
       1.450842828993e-03       1.888982345586e+03 
       1.455673545841e-03       1.894464752917e+03 
       1.460513773872e-03       1.899954048148e+03 
       1.465363480855e-03       1.905450175868e+03 
       1.470222634456e-03       1.910953080624e+03 
       1.475091202234e-03       1.916462706931e+03 
       1.479969151650e-03       1.921978999272e+03 
       1.484856450069e-03       1.927501902102e+03 
       1.489753064764e-03       1.933031359859e+03 
       1.494658962916e-03       1.938567316961e+03 
       1.499574111625e-03       1.944109717813e+03 
       1.504498477903e-03       1.949658506814e+03 
       1.509432028688e-03       1.955213628360e+03 
       1.514374730838e-03       1.960775026846e+03 
       1.519326551141e-03       1.966342646673e+03 
       1.524287456316e-03       1.971916432252e+03 
       1.529257413015e-03       1.977496328007e+03 
       1.534236387828e-03       1.983082278381e+03 
       1.539224347284e-03       1.988674227838e+03 
       1.544221257859e-03       1.994272120869e+03 
       1.549227085972e-03       1.999875901995e+03 
       1.554241797995e-03       2.005485515772e+03 
       1.559265360252e-03       2.011100906794e+03 
       1.564297739023e-03       2.016722019697e+03 
       1.569338900547e-03       2.022348799163e+03 
       1.574388811026e-03       2.027981189927e+03 
       1.579447436627e-03       2.033619136773e+03 
       1.584514743484e-03       2.039262584547e+03 
       1.589590697704e-03       2.044911478153e+03 
       1.594675265367e-03       2.050565762562e+03 
       1.599768412529e-03       2.056225382814e+03 
       1.604870105227e-03       2.061890284019e+03 
       1.609980309480e-03       2.067560411366e+03 
       1.615098991291e-03       2.073235710121e+03 
       1.620226116654e-03       2.078916125632e+03 
       1.625361651550e-03       2.084601603334e+03 
       1.630505561956e-03       2.090292088753e+03 
       1.635657813844e-03       2.095987527505e+03 
       1.640818373184e-03       2.101687865313e+03 
       1.645987205949e-03       2.107393047931e+03 
       1.651164278113e-03       2.113103021363e+03 
       1.656349555659e-03       2.118817731583e+03 
       1.661543004577e-03       2.124537124723e+03 
       1.666744590868e-03       2.130261147023e+03 
       1.671954280548e-03       2.135989744837e+03 
       1.677172039648e-03       2.141722864635e+03 
       1.682397834218e-03       2.147460453009e+03 
       1.687631630327e-03       2.153202456672e+03 
       1.692873394069e-03       2.158948822465e+03 
       1.698123091562e-03       2.164699497354e+03 
       1.703380688952e-03       2.170454428440e+03 
       1.708646152413e-03       2.176213562954e+03 
       1.713919448154e-03       2.181976848266e+03 
       1.719200542414e-03       2.187744231884e+03 
       1.724489401471e-03       2.193515661455e+03 
       1.729785991640e-03       2.199291084773e+03 
       1.735090279276e-03       2.205070449776e+03 
       1.740402230776e-03       2.210853704550e+03 
       1.745721812582e-03       2.216640797334e+03 
       1.751048991179e-03       2.222431676518e+03 
       1.756383733104e-03       2.228226290646e+03 
       1.761726004941e-03       2.234024588423e+03 
       1.767075773327e-03       2.239826518709e+03 
       1.772433004952e-03       2.245632030528e+03 
       1.777797666560e-03       2.251441073066e+03 
       1.783169724953e-03       2.257253595676e+03 
       1.788549146993e-03       2.263069547878e+03 
       1.793935899599e-03       2.268888879359e+03 
       1.799329949756e-03       2.274711539980e+03 
       1.804731264509e-03       2.280537479772e+03 
       1.810139810970e-03       2.286366648942e+03 
       1.815555556317e-03       2.292198997875e+03 
       1.820978467799e-03       2.298034477129e+03 
       1.826408512730e-03       2.303873037446e+03 
       1.831845658499e-03       2.309714629747e+03 
       1.837289872567e-03       2.315559205144e+03 
       1.842741122469e-03       2.321406714886e+03 
       1.848199375814e-03       2.327257110501e+03 
       1.853664600290e-03       2.333110343627e+03 
       1.859136763663e-03       2.338966366112e+03 
       1.864615833776e-03       2.344825129996e+03 
       1.870101778557e-03       2.350686587508e+03 
       1.875594566013e-03       2.356550691069e+03 
       1.881094164234e-03       2.362417393294e+03 
       1.886600541397e-03       2.368286646992e+03 
       1.892113665762e-03       2.374158405169e+03 
       1.897633505677e-03       2.380032621027e+03 
       1.903160029578e-03       2.385909247965e+03 
       1.908693205990e-03       2.391788239581e+03 
       1.914233003527e-03       2.397669549674e+03 
       1.919779390894e-03       2.403553132242e+03 
       1.925332336890e-03       2.409438941486e+03 
       1.930891810405e-03       2.415326931809e+03 
       1.936457780425e-03       2.421217057816e+03 
       1.942030216027e-03       2.427109274318e+03 
       1.947609086389e-03       2.433003536330e+03 
       1.953194360781e-03       2.438899799072e+03 
       1.958786008574e-03       2.444798017974e+03 
       1.964383999235e-03       2.450698148634e+03 
       1.969988302332e-03       2.456600146954e+03 
       1.975598887531e-03       2.462503968955e+03 
       1.981215724602e-03       2.468409570896e+03 
       1.986838783412e-03       2.474316909243e+03 
       1.992468033934e-03       2.480225940674e+03 
       1.998103446242e-03       2.486136622074e+03 
       2.003744990513e-03       2.492048910542e+03 
       2.009392637031e-03       2.497962763390e+03 
       2.015046356183e-03       2.503878138117e+03 
       2.020706118460e-03       2.509794992484e+03 
       2.026371894461e-03       2.515713284423e+03 
       2.032043654892e-03       2.521632972088e+03 
       2.037721370564e-03       2.527554013849e+03 
       2.043405012398e-03       2.533476368286e+03 
       2.049094551422e-03       2.539399994193e+03 
       2.054789958773e-03       2.545324850578e+03 
       2.060491205697e-03       2.551250896662e+03 
       2.066198263549e-03       2.557178091877e+03 
       2.071911103795e-03       2.563106395873e+03 
       2.077629698011e-03       2.569035768508e+03 
       2.083354017884e-03       2.574966169860e+03 
       2.089084035212e-03       2.580897560215e+03 
       2.094819721904e-03       2.586829900075e+03 
       2.100561049983e-03       2.592763150157e+03 
       2.106307991583e-03       2.598697271389e+03 
       2.112060518948e-03       2.604632224914e+03 
       2.117818604439e-03       2.610567972089e+03 
       2.123582220528e-03       2.616504474482e+03 
       2.129351339800e-03       2.622441693877e+03 
       2.135125934955e-03       2.628379592269e+03 
       2.140905978805e-03       2.634318131866e+03 
       2.146691444279e-03       2.640257275090e+03 
       2.152482304416e-03       2.646196984574e+03 
       2.158278532372e-03       2.652137223165e+03 
       2.164080101419e-03       2.658077953919e+03 
       2.169886984940e-03       2.664019140107e+03 
       2.175699156436e-03       2.669960745210e+03 
       2.181516589521e-03       2.675902732919e+03 
       2.187339257926e-03       2.681845067138e+03 
       2.193167135494e-03       2.687787711979e+03 
       2.199000196188e-03       2.693730631766e+03 
       2.204838414082e-03       2.699673791032e+03 
       2.210681763367e-03       2.705617154520e+03 
       2.216530218350e-03       2.711560687180e+03 
       2.222383753453e-03       2.717504354173e+03 
       2.228242343213e-03       2.723448120867e+03 
       2.234105962283e-03       2.729391952837e+03 
       2.239974585431e-03       2.735335815866e+03 
       2.245848187542e-03       2.741279675944e+03 
       2.251726743615e-03       2.747223499267e+03 
       2.257610228763e-03       2.753167252236e+03 
       2.263498618219e-03       2.759110901458e+03 
       2.269391887325e-03       2.765054413745e+03 
       2.275290011544e-03       2.770997756112e+03 
       2.281192966451e-03       2.776940895778e+03 
       2.287100727737e-03       2.782883800167e+03 
       2.293013271207e-03       2.788826436902e+03 
       2.298930572781e-03       2.794768773811e+03 
       2.304852608496e-03       2.800710778946e+03 
       2.310779354501e-03       2.806652420397e+03 
       2.316710787060e-03       2.812593666806e+03 
       2.322646882552e-03       2.818534486698e+03 
       2.328587617469e-03       2.824474848907e+03 
       2.334532968419e-03       2.830414722459e+03 
       2.340482912122e-03       2.836354076580e+03 
       2.346437425411e-03       2.842292880689e+03 
       2.352396485235e-03       2.848231104403e+03 
       2.358360068655e-03       2.854168717537e+03 
       2.364328152844e-03       2.860105690098e+03 
       2.370300715089e-03       2.866041992288e+03 
       2.376277732790e-03       2.871977594504e+03 
       2.382259183458e-03       2.877912467335e+03 
       2.388245044717e-03       2.883846581563e+03 
       2.394235294303e-03       2.889779908160e+03 
       2.400229910064e-03       2.895712418292e+03 
       2.406228869958e-03       2.901644083312e+03 
       2.412232152056e-03       2.907574874764e+03 
       2.418239734538e-03       2.913504764381e+03 
       2.424251595697e-03       2.919433724084e+03 
       2.430267713934e-03       2.925361725981e+03 
       2.436288067761e-03       2.931288742367e+03 
       2.442312635800e-03       2.937214745722e+03 
       2.448341396783e-03       2.943139708712e+03 
       2.454374329550e-03       2.949063604187e+03 
       2.460411413050e-03       2.954986405180e+03 
       2.466452626342e-03       2.960908084909e+03 
       2.472497948592e-03       2.966828616772e+03 
       2.478547359074e-03       2.972747974349e+03 
       2.484600837170e-03       2.978666131400e+03 
       2.490658362369e-03       2.984583061867e+03 
       2.496719914267e-03       2.990498739869e+03 
       2.502785472567e-03       2.996413139704e+03 
       2.508855017079e-03       3.002326235847e+03 
       2.514928527717e-03       3.008238002950e+03 
       2.521005984502e-03       3.014148415842e+03 
       2.527087367560e-03       3.020057449525e+03 
       2.533172657122e-03       3.025965079178e+03 
       2.539261833523e-03       3.031871280152e+03 
       2.545354877204e-03       3.037776027970e+03 
       2.551451768706e-03       3.043679298331e+03 
       2.557552488678e-03       3.049581067100e+03 
       2.563657017870e-03       3.055481310316e+03 
       2.569765337133e-03       3.061380004186e+03 
       2.575877427423e-03       3.067277125105e+03 
       2.581993269798e-03       3.073172636309e+03 
       2.588112845415e-03       3.079066486049e+03 
       2.594236135535e-03       3.084958692930e+03 
       2.600363121519e-03       3.090849233907e+03 
       2.606493784826e-03       3.096738086294e+03 
       2.612628107020e-03       3.102625227456e+03 
       2.618766069759e-03       3.108510634950e+03 
       2.624907654805e-03       3.114394286258e+03 
       2.631052844016e-03       3.120276159525e+03 
       2.637201619349e-03       3.126156232622e+03 
       2.643353962860e-03       3.132034483796e+03 
       2.649509856702e-03       3.137910891374e+03 
       2.655669283126e-03       3.143785433762e+03 
       2.661832224477e-03       3.149658089726e+03 
       2.667998663201e-03       3.155528838072e+03 
       2.674168581836e-03       3.161397657765e+03 
       2.680341963019e-03       3.167264527790e+03 
       2.686518789478e-03       3.173129427633e+03 
       2.692699044040e-03       3.178992336667e+03 
       2.698882709625e-03       3.184853234360e+03 
       2.705069769245e-03       3.190712100615e+03 
       2.711260206008e-03       3.196568915183e+03 
       2.717454003115e-03       3.202423658199e+03 
       2.723651143859e-03       3.208276309844e+03 
       2.729851611624e-03       3.214126850455e+03 
       2.736055389889e-03       3.219975260402e+03 
       2.742262462222e-03       3.225821520488e+03 
       2.748472812283e-03       3.231665611437e+03 
       2.754686423823e-03       3.237507514109e+03 
       2.760903280682e-03       3.243347209676e+03 
       2.767123366791e-03       3.249184679359e+03 
       2.773346666169e-03       3.255019904304e+03 
       2.779573162926e-03       3.260852866265e+03 
       2.785802841260e-03       3.266683546854e+03 
       2.792035685454e-03       3.272511927650e+03 
       2.798271679884e-03       3.278337990793e+03 
       2.804510809010e-03       3.284161718308e+03 
       2.810753057378e-03       3.289983092325e+03 
       2.816998409623e-03       3.295802095219e+03 
       2.823246850465e-03       3.301618709510e+03 
       2.829498364709e-03       3.307432917788e+03 
       2.835752937246e-03       3.313244702813e+03 
       2.842010553051e-03       3.319054047302e+03 
       2.848271197185e-03       3.324860934516e+03 
       2.854534854790e-03       3.330665347515e+03 
       2.860801511094e-03       3.336467269585e+03 
       2.867071151408e-03       3.342266684152e+03 
       2.873343761124e-03       3.348063574630e+03 
       2.879619325717e-03       3.353857924889e+03 
       2.885897830745e-03       3.359649718664e+03 
       2.892179261846e-03       3.365438939905e+03 
       2.898463604740e-03       3.371225572481e+03 
       2.904750845227e-03       3.377009600874e+03 
       2.911040969186e-03       3.382791009216e+03 
       2.917333962578e-03       3.388569782045e+03 
       2.923629811442e-03       3.394345903907e+03 
       2.929928501897e-03       3.400119359302e+03 
       2.936230020139e-03       3.405890133317e+03 
       2.942534352443e-03       3.411658210784e+03 
       2.948841485162e-03       3.417423576678e+03 
       2.955151404725e-03       3.423186216298e+03 
       2.961464097640e-03       3.428946114904e+03 
       2.967779550490e-03       3.434703257790e+03 
       2.974097749934e-03       3.440457630640e+03 
       2.980418682706e-03       3.446209219086e+03 
       2.986742335618e-03       3.451958008885e+03 
       2.993068695555e-03       3.457703985888e+03 
       2.999397749475e-03       3.463447136023e+03 
       3.005729484413e-03       3.469187445589e+03 
       3.012063887475e-03       3.474924900744e+03 
       3.018400945843e-03       3.480659487734e+03 
       3.024740646770e-03       3.486391193162e+03 
       3.031082977581e-03       3.492120003554e+03 
       3.037427925675e-03       3.497845905448e+03 
       3.043775478521e-03       3.503568885810e+03 
       3.050125623660e-03       3.509288931513e+03 
       3.056478348704e-03       3.515006029553e+03 
       3.062833641335e-03       3.520720166915e+03 
       3.069191489305e-03       3.526431331023e+03 
       3.075551880437e-03       3.532139509136e+03 
       3.081914802622e-03       3.537844688701e+03 
       3.088280243820e-03       3.543546857152e+03 
       3.094648192060e-03       3.549246002309e+03 
       3.101018635440e-03       3.554942111870e+03 
       3.107391562124e-03       3.560635173533e+03 
       3.113766960344e-03       3.566325175458e+03 
       3.120144818401e-03       3.572012105676e+03 
       3.126525124660e-03       3.577695952336e+03 
       3.132907867554e-03       3.583376703542e+03 
       3.139293035580e-03       3.589054347896e+03 
       3.145680617303e-03       3.594728873774e+03 
       3.152070601352e-03       3.600400269656e+03 
       3.158462976421e-03       3.606068524340e+03 
       3.164857731267e-03       3.611733626518e+03 
       3.171254854713e-03       3.617395564950e+03 
       3.177654335646e-03       3.623054328758e+03 
       3.184056163014e-03       3.628709906862e+03 
       3.190460325830e-03       3.634362288488e+03 
       3.196866813169e-03       3.640011462849e+03 
       3.203275614169e-03       3.645657419099e+03 
       3.209686718027e-03       3.651300146924e+03 
       3.216100114006e-03       3.656939635736e+03 
       3.222515791427e-03       3.662575875067e+03 
       3.228933739673e-03       3.668208854721e+03 
       3.235353948186e-03       3.673838564454e+03 
       3.241776406471e-03       3.679464994018e+03 
       3.248201104091e-03       3.685088133582e+03 
       3.254628030668e-03       3.690707973049e+03 
       3.261057175883e-03       3.696324502651e+03 
       3.267488529478e-03       3.701937712595e+03 
       3.273922081252e-03       3.707547593022e+03 
       3.280357821061e-03       3.713154134597e+03 
       3.286795738819e-03       3.718757327706e+03 
       3.293235824500e-03       3.724357162926e+03 
       3.299678068133e-03       3.729953630788e+03 
       3.306122459802e-03       3.735546722229e+03 
       3.312568989651e-03       3.741136428004e+03 
       3.319017647878e-03       3.746722738841e+03 
       3.325468424737e-03       3.752305645951e+03 
       3.331921310537e-03       3.757885140367e+03 
       3.338376295644e-03       3.763461213217e+03 
       3.344833370476e-03       3.769033855799e+03 
       3.351292525508e-03       3.774603058983e+03 
       3.357753751266e-03       3.780168814742e+03 
       3.364217038334e-03       3.785731114323e+03 
       3.370682377346e-03       3.791289949162e+03 
       3.377149758991e-03       3.796845311052e+03 
       3.383619174010e-03       3.802397191632e+03 
       3.390090613196e-03       3.807945582533e+03 
       3.396564067396e-03       3.813490475833e+03 
       3.403039527508e-03       3.819031863308e+03 
       3.409516984480e-03       3.824569737060e+03 
       3.415996429315e-03       3.830104089137e+03 
       3.422477853063e-03       3.835634911477e+03 
       3.428961246827e-03       3.841162196628e+03 
       3.435446601761e-03       3.846685936756e+03 
       3.441933909066e-03       3.852206124214e+03 
       3.448423159996e-03       3.857722751491e+03 
       3.454914345854e-03       3.863235810882e+03 
       3.461407457990e-03       3.868745295226e+03 
       3.467902487805e-03       3.874251197135e+03 
       3.474399426748e-03       3.879753509303e+03 
       3.480898266317e-03       3.885252224579e+03 
       3.487398998056e-03       3.890747335406e+03 
       3.493901613559e-03       3.896238835291e+03 
       3.500406104466e-03       3.901726717010e+03 
       3.506912462465e-03       3.907210973510e+03 
       3.513420679291e-03       3.912691598109e+03 
       3.519930746725e-03       3.918168583938e+03 
       3.526442656595e-03       3.923641924103e+03 
       3.532956400773e-03       3.929111612186e+03 
       3.539471971180e-03       3.934577641406e+03 
       3.545989359781e-03       3.940040005341e+03 
       3.552508558585e-03       3.945498697485e+03 
       3.559029559648e-03       3.950953711185e+03 
       3.565552355069e-03       3.956405040454e+03 
       3.572076936993e-03       3.961852678867e+03 
       3.578603297609e-03       3.967296620209e+03 
       3.585131429147e-03       3.972736858156e+03 
       3.591661323884e-03       3.978173386860e+03 
       3.598192974140e-03       3.983606200198e+03 
       3.604726372277e-03       3.989035291988e+03 
       3.611261510699e-03       3.994460656570e+03 
       3.617798381855e-03       3.999882288045e+03 
       3.624336978235e-03       4.005300180591e+03 
       3.630877292370e-03       4.010714328480e+03 
       3.637419316835e-03       4.016124725753e+03 
       3.643963044245e-03       4.021531367223e+03 
       3.650508467257e-03       4.026934247153e+03 
       3.657055578569e-03       4.032333360052e+03 
       3.663604370919e-03       4.037728700278e+03 
       3.670154837087e-03       4.043120262738e+03 
       3.676706969892e-03       4.048508041987e+03 
       3.683260762193e-03       4.053892032527e+03 
       3.689816206892e-03       4.059272229425e+03 
       3.696373296925e-03       4.064648627456e+03 
       3.702932025272e-03       4.070021221475e+03 
       3.709492384951e-03       4.075390006443e+03 
       3.716054369017e-03       4.080754977066e+03 
       3.722617970566e-03       4.086116128835e+03 
       3.729183182731e-03       4.091473456673e+03 
       3.735749998684e-03       4.096826955751e+03 
       3.742318411635e-03       4.102176621098e+03 
       3.748888414830e-03       4.107522448247e+03 
       3.755460001554e-03       4.112864432414e+03 
       3.762033165130e-03       4.118202568755e+03 
       3.768607898917e-03       4.123536853010e+03 
       3.775184196310e-03       4.128867280425e+03 
       3.781762050743e-03       4.134193846662e+03 
       3.788341455683e-03       4.139516547239e+03 
       3.794922404635e-03       4.144835377513e+03 
       3.801504891142e-03       4.150150333550e+03 
       3.808088908779e-03       4.155461410908e+03 
       3.814674451159e-03       4.160768605357e+03 
       3.821261511929e-03       4.166071912553e+03 
       3.827850084771e-03       4.171371328598e+03 
       3.834440163403e-03       4.176666849314e+03 
       3.841031741577e-03       4.181958470721e+03 
       3.847624813079e-03       4.187246188367e+03 
       3.854219371730e-03       4.192529998851e+03 
       3.860815411384e-03       4.197809898142e+03 
       3.867412925931e-03       4.203085882339e+03 
       3.874011909292e-03       4.208357947647e+03 
       3.880612355422e-03       4.213626089954e+03 
       3.887214258311e-03       4.218890306077e+03 
       3.893817611980e-03       4.224150592119e+03 
       3.900422410484e-03       4.229406944460e+03 
       3.907028647909e-03       4.234659359316e+03 
       3.913636318376e-03       4.239907833452e+03 
       3.920245416036e-03       4.245152363250e+03 
       3.926855935072e-03       4.250392945035e+03 
       3.933467869701e-03       4.255629575744e+03 
       3.940081214170e-03       4.260862251770e+03 
       3.946695962757e-03       4.266090969930e+03 
       3.953312109772e-03       4.271315726888e+03 
       3.959929649557e-03       4.276536519421e+03 
       3.966548576482e-03       4.281753343898e+03 
       3.973168884951e-03       4.286966197817e+03 
       3.979790569397e-03       4.292175077790e+03 
       3.986413624283e-03       4.297379980637e+03 
       3.993038044103e-03       4.302580903412e+03 
       3.999663823379e-03       4.307777843157e+03 
       4.006290956667e-03       4.312970796883e+03 
       4.012919438547e-03       4.318159761403e+03 
       4.019549263633e-03       4.323344734269e+03 
       4.026180426565e-03       4.328525712320e+03 
       4.032812922016e-03       4.333702692963e+03 
       4.039446744683e-03       4.338875673360e+03 
       4.046081889296e-03       4.344044650480e+03 
       4.052718350611e-03       4.349209622106e+03 
       4.059356123413e-03       4.354370585395e+03 
       4.065995202515e-03       4.359527537736e+03 
       4.072635582759e-03       4.364680476382e+03 
       4.079277259014e-03       4.369829399059e+03 
       4.085920226177e-03       4.374974303159e+03 
       4.092564479172e-03       4.380115186227e+03 
       4.099210012952e-03       4.385252045523e+03 
       4.105856822495e-03       4.390384879158e+03 
       4.112504902806e-03       4.395513684331e+03 
       4.119154248920e-03       4.400638459055e+03 
       4.125804855896e-03       4.405759200903e+03 
       4.132456718820e-03       4.410875907625e+03 
       4.139109832804e-03       4.415988577015e+03 
       4.145764192988e-03       4.421097207099e+03 
       4.152419794536e-03       4.426201794422e+03 
       4.159076632639e-03       4.431302338581e+03 
       4.165734702515e-03       4.436398836817e+03 
       4.172393999404e-03       4.441491287077e+03 
       4.179054518574e-03       4.446579687345e+03 
       4.185716255320e-03       4.451664035729e+03 
       4.192379204958e-03       4.456744329648e+03 
       4.199043362833e-03       4.461820568020e+03 
       4.205708724312e-03       4.466892748620e+03 
       4.212375284787e-03       4.471960869597e+03 
       4.219043039677e-03       4.477024929136e+03 
       4.225711984423e-03       4.482084925015e+03 
       4.232382114490e-03       4.487140856143e+03 
       4.239053425370e-03       4.492192720501e+03 
       4.245725912576e-03       4.497240516272e+03 
       4.252399571646e-03       4.502284241966e+03 
       4.259074398142e-03       4.507323895867e+03 
       4.265750387649e-03       4.512359476374e+03 
       4.272427535776e-03       4.517390981447e+03 
       4.279105838155e-03       4.522418410257e+03 
       4.285785290440e-03       4.527441760973e+03 
       4.292465888311e-03       4.532461032101e+03 
       4.299147627467e-03       4.537476221963e+03 
       4.305830503633e-03       4.542487329459e+03 
       4.312514512555e-03       4.547494353038e+03 
       4.319199650001e-03       4.552497291327e+03 
       4.325885911763e-03       4.557496142652e+03 
       4.332573293654e-03       4.562490906204e+03 
       4.339261791510e-03       4.567481580343e+03 
       4.345951401187e-03       4.572468163989e+03 
       4.352642118566e-03       4.577450655824e+03 
       4.359333939546e-03       4.582429054643e+03 
       4.366026860050e-03       4.587403358817e+03 
       4.372720876021e-03       4.592373567877e+03 
       4.379415983426e-03       4.597339680392e+03 
       4.386112178250e-03       4.602301695255e+03 
       4.392809456500e-03       4.607259611478e+03 
       4.399507814205e-03       4.612213427438e+03 
       4.406207247414e-03       4.617163142841e+03 
       4.412907752196e-03       4.622108756397e+03 
       4.419609324642e-03       4.627050267244e+03 
       4.426311960863e-03       4.631987673681e+03 
       4.433015656989e-03       4.636920975675e+03 
       4.439720409172e-03       4.641850172076e+03 
       4.446426213584e-03       4.646775261941e+03 
       4.453133066414e-03       4.651696244414e+03 
       4.459840963875e-03       4.656613118678e+03 
       4.466549902198e-03       4.661525883371e+03 
       4.473259877633e-03       4.666434538587e+03 
       4.479970886449e-03       4.671339083189e+03 
       4.486682924937e-03       4.676239516439e+03 
       4.493395989405e-03       4.681135837380e+03 
       4.500110076181e-03       4.686028045710e+03 
       4.506825181611e-03       4.690916140594e+03 
       4.513541302062e-03       4.695800121392e+03 
       4.520258433917e-03       4.700679987135e+03 
       4.526976573582e-03       4.705555737782e+03 
       4.533695717476e-03       4.710427372390e+03 
       4.540415862042e-03       4.715294890597e+03 
       4.547137003737e-03       4.720158291788e+03 
       4.553859139039e-03       4.725017575460e+03 
       4.560582264444e-03       4.729872740677e+03 
       4.567306376464e-03       4.734723787686e+03 
       4.574031471631e-03       4.739570715722e+03 
       4.580757546494e-03       4.744413524365e+03 
       4.587484597621e-03       4.749252213217e+03 
       4.594212621595e-03       4.754086781600e+03 
       4.600941615020e-03       4.758917229612e+03 
       4.607671574515e-03       4.763743556715e+03 
       4.614402496716e-03       4.768565762598e+03 
       4.621134378279e-03       4.773383846559e+03 
       4.627867215874e-03       4.778197808958e+03 
       4.634601006191e-03       4.783007649112e+03 
       4.641335745934e-03       4.787813367007e+03 
       4.648071431826e-03       4.792614962328e+03 
       4.654808060607e-03       4.797412434880e+03 
       4.661545629031e-03       4.802205783991e+03 
       4.668284133872e-03       4.806995010276e+03 
       4.675023571918e-03       4.811780113256e+03 
       4.681763939974e-03       4.816561092806e+03 
       4.688505234862e-03       4.821337948820e+03 
       4.695247453419e-03       4.826110680904e+03 
       4.701990592500e-03       4.830879289476e+03 
       4.708734648974e-03       4.835643774280e+03 
       4.715479619727e-03       4.840404135291e+03 
       4.722225501660e-03       4.845160372088e+03 
       4.728972291691e-03       4.849912485325e+03 
       4.735719986753e-03       4.854660474602e+03 
       4.742468583794e-03       4.859404340184e+03 
       4.749218079779e-03       4.864144082030e+03 
       4.755968471686e-03       4.868879700216e+03 
       4.762719756510e-03       4.873611194848e+03 
       4.769471931261e-03       4.878338565361e+03 
       4.776224992965e-03       4.883061812976e+03 
       4.782978938661e-03       4.887780937357e+03 
       4.789733765404e-03       4.892495938664e+03 
       4.796489470264e-03       4.897206816804e+03 
       4.803246050326e-03       4.901913572408e+03 
       4.810003502688e-03       4.906616205494e+03 
       4.816761824466e-03       4.911314716287e+03 
       4.823521012787e-03       4.916009105036e+03 
       4.830281064794e-03       4.920699371506e+03 
       4.837041977645e-03       4.925385516822e+03 
       4.843803748512e-03       4.930067540635e+03 
       4.850566374579e-03       4.934745443636e+03 
       4.857329853047e-03       4.939419225992e+03 
       4.864094181131e-03       4.944088888050e+03 
       4.870859356057e-03       4.948754429606e+03 
       4.877625375068e-03       4.953415851922e+03 
       4.884392235419e-03       4.958073154989e+03 
       4.891159934380e-03       4.962726339203e+03 
       4.897928469233e-03       4.967375404980e+03 
       4.904697837276e-03       4.972020352431e+03 
       4.911468035818e-03       4.976661182498e+03 
       4.918239062184e-03       4.981297895420e+03 
       4.925010913709e-03       4.985930491672e+03 
       4.931783587744e-03       4.990558971892e+03 
       4.938557081653e-03       4.995183335587e+03 
       4.945331392812e-03       4.999803584659e+03 
       4.952106518610e-03       5.004419718768e+03 
       4.958882456450e-03       5.009031738896e+03 
       4.965659203748e-03       5.013639645422e+03 
       4.972436757932e-03       5.018243438915e+03 
       4.979215116443e-03       5.022843119287e+03 
       4.985994276734e-03       5.027438688359e+03 
       4.992774236273e-03       5.032030146040e+03 
       4.999554992538e-03       5.036617493041e+03 
       5.006336543020e-03       5.041200729996e+03 
       5.013118885224e-03       5.045779857239e+03 
       5.019902016665e-03       5.050354875937e+03 
       5.026685934872e-03       5.054925786541e+03 
       5.033470637387e-03       5.059492589735e+03 
       5.040256121761e-03       5.064055286225e+03 
       5.047042385559e-03       5.068613876178e+03 
       5.053829426360e-03       5.073168361367e+03 
       5.060617241751e-03       5.077718741897e+03 
       5.067405829333e-03       5.082265017900e+03 
       5.074195186719e-03       5.086807191305e+03 
       5.080985311533e-03       5.091345262372e+03 
       5.087776201412e-03       5.095879231888e+03 
       5.094567854003e-03       5.100409100642e+03 
       5.101360266964e-03       5.104934869038e+03 
       5.108153437968e-03       5.109456538551e+03 
       5.114947364696e-03       5.113974109727e+03 
       5.121742044841e-03       5.118487583417e+03 
       5.128537476109e-03       5.122996959933e+03 
       5.135333656215e-03       5.127502241011e+03 
       5.142130582887e-03       5.132003426957e+03 
       5.148928253863e-03       5.136500518951e+03 
       5.155726666892e-03       5.140993517764e+03 
       5.162525819736e-03       5.145482424307e+03 
       5.169325710164e-03       5.149967239544e+03 
       5.176126335960e-03       5.154447963437e+03 
       5.182927694917e-03       5.158924598429e+03 
       5.189729784839e-03       5.163397144825e+03 
       5.196532603539e-03       5.167865603584e+03 
       5.203336148844e-03       5.172329975328e+03 
       5.210140418589e-03       5.176790261591e+03 
       5.216945410620e-03       5.181246463117e+03 
       5.223751122794e-03       5.185698580913e+03 
       5.230557552979e-03       5.190146615989e+03 
       5.237364699052e-03       5.194590568759e+03 
       5.244172558901e-03       5.199030441258e+03 
       5.250981130424e-03       5.203466233859e+03 
       5.257790411529e-03       5.207897947968e+03 
       5.264600400135e-03       5.212325584486e+03 
       5.271411094171e-03       5.216749144489e+03 
       5.278222491574e-03       5.221168628376e+03 
       5.285034590295e-03       5.225584038332e+03 
       5.291847388290e-03       5.229995374978e+03 
       5.298660883529e-03       5.234402639407e+03 
       5.305475073990e-03       5.238805832734e+03 
       5.312289957660e-03       5.243204955688e+03 
       5.319105532538e-03       5.247600010035e+03 
       5.325921796631e-03       5.251990996641e+03 
       5.332738747955e-03       5.256377916655e+03 
       5.339556384538e-03       5.260760771456e+03 
       5.346374704414e-03       5.265139560876e+03 
       5.353193705631e-03       5.269514287914e+03 
       5.360013386242e-03       5.273884952681e+03 
       5.366833744312e-03       5.278251556877e+03 
       5.373654777915e-03       5.282614101487e+03 
       5.380476485132e-03       5.286972587727e+03 
       5.387298864057e-03       5.291327016082e+03 
       5.394121912791e-03       5.295677388985e+03 
       5.400945629443e-03       5.300023707138e+03 
       5.407770012134e-03       5.304365971771e+03 
       5.414595058991e-03       5.308704184132e+03 
       5.421420768152e-03       5.313038345071e+03 
       5.428247137763e-03       5.317368456522e+03 
       5.435074165979e-03       5.321694519465e+03 
       5.441901850965e-03       5.326016535179e+03 
       5.448730190892e-03       5.330334505062e+03 
       5.455559183944e-03       5.334648429390e+03 
       5.462388828309e-03       5.338958310976e+03 
       5.469219122186e-03       5.343264150205e+03 
       5.476050063784e-03       5.347565948847e+03 
       5.482881651317e-03       5.351863708032e+03 
       5.489713883011e-03       5.356157429100e+03 
       5.496546757098e-03       5.360447113664e+03 
       5.503380271820e-03       5.364732761270e+03 
       5.510214425426e-03       5.369014375746e+03 
       5.517049216175e-03       5.373291957441e+03 
       5.523884642333e-03       5.377565507724e+03 
       5.530720702175e-03       5.381835027556e+03 
       5.537557393983e-03       5.386100519029e+03 
       5.544394716048e-03       5.390361983184e+03 
       5.551232666669e-03       5.394619421432e+03 
       5.558071244154e-03       5.398872835186e+03 
       5.564910446818e-03       5.403122225182e+03 
       5.571750272984e-03       5.407367593961e+03 
       5.578590720983e-03       5.411608942222e+03 
       5.585431789154e-03       5.415846271756e+03 
       5.592273475844e-03       5.420079583833e+03 
       5.599115779408e-03       5.424308879905e+03 
       5.605958698208e-03       5.428534161442e+03 
       5.612802230615e-03       5.432755428937e+03 
       5.619646375006e-03       5.436972685432e+03 
       5.626491129768e-03       5.441185931688e+03 
       5.633336493293e-03       5.445395169182e+03 
       5.640182463983e-03       5.449600399403e+03 
       5.647029040245e-03       5.453801623336e+03 
       5.653876220497e-03       5.457998843296e+03 
       5.660724003160e-03       5.462192060414e+03 
       5.667572386666e-03       5.466381276199e+03 
       5.674421369454e-03       5.470566492137e+03 
       5.681270949968e-03       5.474747709052e+03 
       5.688121126662e-03       5.478924929766e+03 
       5.694971897996e-03       5.483098154786e+03 
       5.701823262437e-03       5.487267386275e+03 
       5.708675218461e-03       5.491432625519e+03 
       5.715527764548e-03       5.495593874076e+03 
       5.722380899188e-03       5.499751133486e+03 
       5.729234620876e-03       5.503904404263e+03 
       5.736088928117e-03       5.508053689745e+03 
       5.742943819420e-03       5.512198990706e+03 
       5.749799293302e-03       5.516340308724e+03 
       5.756655348288e-03       5.520477645386e+03 
       5.763511982908e-03       5.524611001699e+03 
       5.770369195700e-03       5.528740380198e+03 
       5.777226985210e-03       5.532865782059e+03 
       5.784085349988e-03       5.536987208896e+03 
       5.790944288593e-03       5.541104661658e+03 
       5.797803799591e-03       5.545218143059e+03 
       5.804663881552e-03       5.549327654114e+03 
       5.811524533056e-03       5.553433196458e+03 
       5.818385752687e-03       5.557534771897e+03 
       5.825247539039e-03       5.561632381956e+03 
       5.832109890707e-03       5.565726028279e+03 
       5.838972806299e-03       5.569815712497e+03 
       5.845836284425e-03       5.573901435149e+03 
       5.852700323702e-03       5.577983199783e+03 
       5.859564922756e-03       5.582061007206e+03 
       5.866430080218e-03       5.586134859083e+03 
       5.873295794723e-03       5.590204757087e+03 
       5.880162064917e-03       5.594270702294e+03 
       5.887028889448e-03       5.598332697358e+03 
       5.893896266973e-03       5.602390743526e+03 
       5.900764196154e-03       5.606444842494e+03 
       5.907632675660e-03       5.610494996249e+03 
       5.914501704166e-03       5.614541204723e+03 
       5.921371280353e-03       5.618583471986e+03 
       5.928241402907e-03       5.622621798502e+03 
       5.935112070522e-03       5.626656186447e+03 
       5.941983281898e-03       5.630686637327e+03 
       5.948855035739e-03       5.634713152865e+03 
       5.955727330758e-03       5.638735734802e+03 
       5.962600165670e-03       5.642754383697e+03 
       5.969473539201e-03       5.646769103223e+03 
       5.976347450079e-03       5.650779894251e+03 
       5.983221897038e-03       5.654786758518e+03 
       5.990096878821e-03       5.658789697771e+03 
       5.996972394174e-03       5.662788713191e+03 
       6.003848441850e-03       5.666783807469e+03 
       6.010725020607e-03       5.670774981941e+03 
       6.017602129209e-03       5.674762238370e+03 
       6.024479766427e-03       5.678745578529e+03 
       6.031357931035e-03       5.682725003353e+03 
       6.038236621816e-03       5.686700516018e+03 
       6.045115837556e-03       5.690672117295e+03 
       6.051995577048e-03       5.694639809588e+03 
       6.058875839090e-03       5.698603594394e+03 
       6.065756622486e-03       5.702563473494e+03 
       6.072637926045e-03       5.706519448677e+03 
       6.079519748582e-03       5.710471521741e+03 
       6.086402088917e-03       5.714419694490e+03 
       6.093284945875e-03       5.718363968745e+03 
       6.100168318289e-03       5.722304344725e+03 
       6.107052204994e-03       5.726240826947e+03 
       6.113936604833e-03       5.730173415988e+03 
       6.120821516652e-03       5.734102113670e+03 
       6.127706939305e-03       5.738026921803e+03 
       6.134592871649e-03       5.741947842208e+03 
       6.141479312547e-03       5.745864876710e+03 
       6.148366260868e-03       5.749778027146e+03 
       6.155253715486e-03       5.753687295541e+03 
       6.162141675279e-03       5.757592682133e+03 
       6.169030139131e-03       5.761494191085e+03 
       6.175919105933e-03       5.765391823260e+03 
       6.182808574577e-03       5.769285580503e+03 
       6.189698543963e-03       5.773175464666e+03 
       6.196589012996e-03       5.777061477610e+03 
       6.203479980586e-03       5.780943621210e+03 
       6.210371445646e-03       5.784821896016e+03 
       6.217263407097e-03       5.788696306114e+03 
       6.224155863863e-03       5.792566852371e+03 
       6.231048814873e-03       5.796433536770e+03 
       6.237942259062e-03       5.800296360504e+03 
       6.244836195370e-03       5.804155326360e+03 
       6.251730622740e-03       5.808010435845e+03 
       6.258625540122e-03       5.811861690841e+03 
       6.265520946469e-03       5.815709093247e+03 
       6.272416840740e-03       5.819552643764e+03 
       6.279313221900e-03       5.823392346316e+03 
       6.286210088915e-03       5.827228201875e+03 
       6.293107440760e-03       5.831060212333e+03 
       6.300005276412e-03       5.834888379584e+03 
       6.306903594854e-03       5.838712705540e+03 
       6.313802395072e-03       5.842533191439e+03 
       6.320701676058e-03       5.846349840324e+03 
       6.327601436810e-03       5.850162653593e+03 
       6.334501676328e-03       5.853971633156e+03 
       6.341402393618e-03       5.857776780935e+03 
       6.348303587690e-03       5.861578097975e+03 
       6.355205257559e-03       5.865375587707e+03 
       6.362107402245e-03       5.869169251374e+03 
       6.369010020770e-03       5.872959090544e+03 
       6.375913112164e-03       5.876745107743e+03 
       6.382816675460e-03       5.880527304628e+03 
       6.389720709694e-03       5.884305683142e+03 
       6.396625213909e-03       5.888080245232e+03 
       6.403530187150e-03       5.891850992904e+03 
       6.410435628468e-03       5.895617926419e+03 
       6.417341536918e-03       5.899381050483e+03 
       6.424247911559e-03       5.903140365810e+03 
       6.431154751455e-03       5.906895874353e+03 
       6.438062055673e-03       5.910647578068e+03 
       6.444969823286e-03       5.914395479138e+03 
       6.451878053370e-03       5.918139578032e+03 
       6.458786745005e-03       5.921879878765e+03 
       6.465695897277e-03       5.925616382446e+03 
       6.472605509275e-03       5.929349091046e+03 
       6.479515580091e-03       5.933078006543e+03 
       6.486426108824e-03       5.936803129875e+03 
       6.493337094575e-03       5.940524464781e+03 
       6.500248536450e-03       5.944242012302e+03 
       6.507160433558e-03       5.947955774400e+03 
       6.514072785013e-03       5.951665753335e+03 
       6.520985589934e-03       5.955371950917e+03 
       6.527898847442e-03       5.959074369134e+03 
       6.534812556664e-03       5.962773009976e+03 
       6.541726716730e-03       5.966467874117e+03 
       6.548641326774e-03       5.970158965788e+03 
       6.555556385933e-03       5.973846285961e+03 
       6.562471893351e-03       5.977529836625e+03 
       6.569387848172e-03       5.981209619774e+03 
       6.576304249548e-03       5.984885637405e+03 
       6.583221096632e-03       5.988557890799e+03 
       6.590138388581e-03       5.992226383163e+03 
       6.597056124558e-03       5.995891115950e+03 
       6.603974303727e-03       5.999552091163e+03 
       6.610892925259e-03       6.003209310815e+03 
       6.617811988326e-03       6.006862777126e+03 
       6.624731492105e-03       6.010512490307e+03 
       6.631651435777e-03       6.014158455008e+03 
       6.638571818527e-03       6.017800671764e+03 
       6.645492639543e-03       6.021439143193e+03 
       6.652413898016e-03       6.025073871036e+03 
       6.659335593144e-03       6.028704857311e+03 
       6.666257724124e-03       6.032332104037e+03 
       6.673180290161e-03       6.035955613244e+03 
       6.680103290461e-03       6.039575385432e+03 
       6.687026724235e-03       6.043191425243e+03 
       6.693950590696e-03       6.046803733518e+03 
       6.700874889063e-03       6.050412312277e+03 
       6.707799618557e-03       6.054017163545e+03 
       6.714724778403e-03       6.057618289351e+03 
       6.721650367829e-03       6.061215690918e+03 
       6.728576386068e-03       6.064809371658e+03 
       6.735502832355e-03       6.068399332980e+03 
       6.742429705930e-03       6.071985576923e+03 
       6.749357006034e-03       6.075568105525e+03 
       6.756284731914e-03       6.079146919636e+03 
       6.763212882821e-03       6.082722023568e+03 
       6.770141458007e-03       6.086293418037e+03 
       6.777070456728e-03       6.089861104867e+03 
       6.783999878245e-03       6.093425086771e+03 
       6.790929721821e-03       6.096985365485e+03 
       6.797859986723e-03       6.100541943051e+03 
       6.804790672221e-03       6.104094821517e+03 
       6.811721777589e-03       6.107644002949e+03 
       6.818653302105e-03       6.111189487764e+03 
       6.825585245047e-03       6.114731280828e+03 
       6.832517605701e-03       6.118269382913e+03 
       6.839450383352e-03       6.121803796063e+03 
       6.846383577292e-03       6.125334522327e+03 
       6.853317186814e-03       6.128861563761e+03 
       6.860251211214e-03       6.132384921582e+03 
       6.867185649794e-03       6.135904599289e+03 
       6.874120501856e-03       6.139420598284e+03 
       6.881055766706e-03       6.142932920622e+03 
       6.887991443656e-03       6.146441568365e+03 
       6.894927532018e-03       6.149946543857e+03 
       6.901864031107e-03       6.153447847006e+03 
       6.908800940245e-03       6.156945482996e+03 
       6.915738258752e-03       6.160439452183e+03 
       6.922675985956e-03       6.163929757299e+03 
       6.929614121184e-03       6.167416400097e+03 
       6.936552663770e-03       6.170899382638e+03 
       6.943491613047e-03       6.174378706991e+03 
       6.950430968354e-03       6.177854375235e+03 
       6.957370729033e-03       6.181326387845e+03 
       6.964310894428e-03       6.184794749672e+03 
       6.971251463887e-03       6.188259461492e+03 
       6.978192436759e-03       6.191720525377e+03 
       6.985133812399e-03       6.195177943394e+03 
       6.992075590162e-03       6.198631717613e+03 
       6.999017769409e-03       6.202081850400e+03 
       7.005960349503e-03       6.205528341944e+03 
       7.012903329808e-03       6.208971196937e+03 
       7.019846709693e-03       6.212410416366e+03 
       7.026790488529e-03       6.215846002302e+03 
       7.033734665692e-03       6.219277956830e+03 
       7.040679240558e-03       6.222706280816e+03 
       7.047624212508e-03       6.226130978437e+03 
       7.054569580924e-03       6.229552050810e+03 
       7.061515345194e-03       6.232969499550e+03 
       7.068461504705e-03       6.236383327514e+03 
       7.075408058850e-03       6.239793536419e+03 
       7.082355007023e-03       6.243200128343e+03 
       7.089302348622e-03       6.246603105367e+03 
       7.096250083047e-03       6.250002469583e+03 
       7.103198209702e-03       6.253398221301e+03 
       7.110146727992e-03       6.256790365680e+03 
       7.117095637327e-03       6.260178903387e+03 
       7.124044937117e-03       6.263563836495e+03 
       7.130994626777e-03       6.266945167083e+03 
       7.137944705725e-03       6.270322897229e+03 
       7.144895173380e-03       6.273697028824e+03 
       7.151846029165e-03       6.277067563447e+03 
       7.158797272505e-03       6.280434504473e+03 
       7.165748902829e-03       6.283797853322e+03 
       7.172700919567e-03       6.287157612075e+03 
       7.179653322152e-03       6.290513782823e+03 
       7.186606110021e-03       6.293866366383e+03 
       7.193559282613e-03       6.297215367056e+03 
       7.200512839369e-03       6.300560785890e+03 
       7.207466779734e-03       6.303902624509e+03 
       7.214421103154e-03       6.307240885795e+03 
       7.221375809078e-03       6.310575571463e+03 
       7.228330896960e-03       6.313906683592e+03 
       7.235286366252e-03       6.317234224265e+03 
       7.242242216414e-03       6.320558195573e+03 
       7.249198446904e-03       6.323878599115e+03 
       7.256155057185e-03       6.327195436269e+03 
       7.263112046723e-03       6.330508711464e+03 
       7.270069414984e-03       6.333818425530e+03 
       7.277027161439e-03       6.337124580544e+03 
       7.283985285561e-03       6.340427178584e+03 
       7.290943786825e-03       6.343726221735e+03 
       7.297902664707e-03       6.347021711059e+03 
       7.304861918690e-03       6.350313650414e+03 
       7.311821548255e-03       6.353602041071e+03 
       7.318781552888e-03       6.356886885112e+03 
       7.325741932076e-03       6.360168184621e+03 
       7.332702685310e-03       6.363445941686e+03 
       7.339663812082e-03       6.366720156946e+03 
       7.346625311887e-03       6.369990835008e+03 
       7.353587184223e-03       6.373257976796e+03 
       7.360549428589e-03       6.376521583884e+03 
       7.367512044489e-03       6.379781659246e+03 
       7.374475031426e-03       6.383038204548e+03 
       7.381438388909e-03       6.386291221865e+03 
       7.388402116445e-03       6.389540713278e+03 
       7.395366213549e-03       6.392786680878e+03 
       7.402330679732e-03       6.396029125459e+03 
       7.409295514514e-03       6.399268050682e+03 
       7.416260717412e-03       6.402503458822e+03 
       7.423226287947e-03       6.405735351379e+03 
       7.430192225644e-03       6.408963730424e+03 
       7.437158530029e-03       6.412188598030e+03 
       7.444125200629e-03       6.415409956281e+03 
       7.451092236976e-03       6.418627806225e+03 
       7.458059638602e-03       6.421842152016e+03 
       7.465027405043e-03       6.425052993947e+03 
       7.471995535836e-03       6.428260335197e+03 
       7.478964030521e-03       6.431464177409e+03 
       7.485932888640e-03       6.434664522666e+03 
       7.492902109737e-03       6.437861373061e+03 
       7.499871693359e-03       6.441054730698e+03 
       7.506841639054e-03       6.444244595535e+03 
       7.513811946375e-03       6.447430973358e+03 
       7.520782614873e-03       6.450613864537e+03 
       7.527753644104e-03       6.453793271138e+03 
       7.534725033626e-03       6.456969195233e+03 
       7.541696782998e-03       6.460141638909e+03 
       7.548668891784e-03       6.463310603518e+03 
       7.555641359546e-03       6.466476092050e+03 
       7.562614185851e-03       6.469638106626e+03 
       7.569587370268e-03       6.472796649027e+03 
       7.576560912368e-03       6.475951721328e+03 
       7.583534811722e-03       6.479103325610e+03 
       7.590509067907e-03       6.482251462453e+03 
       7.597483680499e-03       6.485396136566e+03 
       7.604458649077e-03       6.488537348814e+03 
       7.611433973223e-03       6.491675100716e+03 
       7.618409652520e-03       6.494809395302e+03 
       7.625385686553e-03       6.497940234203e+03 
       7.632362074910e-03       6.501067619490e+03 
       7.639338817182e-03       6.504191553238e+03 
       7.646315912958e-03       6.507312037533e+03 
       7.653293361834e-03       6.510429071986e+03 
       7.660271163405e-03       6.513542663460e+03 
       7.667249317268e-03       6.516652811213e+03 
       7.674227823025e-03       6.519759517686e+03 
       7.681206680276e-03       6.522862784948e+03 
       7.688185888626e-03       6.525962615065e+03 
       7.695165447681e-03       6.529059010109e+03 
       7.702145357049e-03       6.532151970904e+03 
       7.709125616339e-03       6.535241501681e+03 
       7.716106225165e-03       6.538327603517e+03 
       7.723087183138e-03       6.541410278484e+03 
       7.730068489877e-03       6.544489528659e+03 
       7.737050144998e-03       6.547565356125e+03 
       7.744032148122e-03       6.550637761160e+03 
       7.751014498870e-03       6.553706748947e+03 
       7.757997196866e-03       6.556772320258e+03 
       7.764980241736e-03       6.559834476098e+03 
       7.771963633108e-03       6.562893220065e+03 
       7.778947370611e-03       6.565948553579e+03 
       7.785931453876e-03       6.569000478708e+03 
       7.792915882538e-03       6.572048997521e+03 
       7.799900656231e-03       6.575094112095e+03 
       7.806885774593e-03       6.578135822064e+03 
       7.813871237263e-03       6.581174133738e+03 
       7.820857043882e-03       6.584209047223e+03 
       7.827843194092e-03       6.587240564583e+03 
       7.834829687539e-03       6.590268687879e+03 
       7.841816523869e-03       6.593293419178e+03 
       7.848803702731e-03       6.596314760121e+03 
       7.855791223775e-03       6.599332712585e+03 
       7.862779086653e-03       6.602347279865e+03 
       7.869767291020e-03       6.605358463292e+03 
       7.876755836530e-03       6.608366264929e+03 
       7.883744722843e-03       6.611370686847e+03 
       7.890733949616e-03       6.614371729195e+03 
       7.897723516512e-03       6.617369397761e+03 
       7.904713423194e-03       6.620363692409e+03 
       7.911703669327e-03       6.623354614885e+03 
       7.918694254577e-03       6.626342168259e+03 
       7.925685178613e-03       6.629326354109e+03 
       7.932676441105e-03       6.632307174488e+03 
       7.939668041726e-03       6.635284631455e+03 
       7.946659980148e-03       6.638258727077e+03 
       7.953652256048e-03       6.641229463947e+03 
       7.960644869103e-03       6.644196839795e+03 
       7.967637818991e-03       6.647160863073e+03 
       7.974631105395e-03       6.650121533077e+03 
       7.981624727996e-03       6.653078851853e+03 
       7.988618686478e-03       6.656032821446e+03 
       7.995612980529e-03       6.658983443915e+03 
       8.002607609834e-03       6.661930720020e+03 
       8.009602574084e-03       6.664874654074e+03 
       8.016597872971e-03       6.667815247075e+03 
       8.023593506186e-03       6.670752501056e+03 
       8.030589473424e-03       6.673686418064e+03 
       8.037585774382e-03       6.676617000152e+03 
       8.044582408757e-03       6.679544247536e+03 
       8.051579376249e-03       6.682468165491e+03 
       8.058576676560e-03       6.685388754577e+03 
       8.065574309391e-03       6.688306016174e+03 
       8.072572274448e-03       6.691219953476e+03 
       8.079570571438e-03       6.694130567980e+03 
       8.086569200066e-03       6.697037861720e+03 
       8.093568160044e-03       6.699941836735e+03 
       8.100567451083e-03       6.702842495079e+03 
       8.107567072895e-03       6.705739836076e+03 
       8.114567025194e-03       6.708633866930e+03 
       8.121567307696e-03       6.711524586844e+03 
       8.128567920120e-03       6.714411998118e+03 
       8.135568862184e-03       6.717296102780e+03 
       8.142570133609e-03       6.720176902855e+03 
       8.149571734118e-03       6.723054400379e+03 
       8.156573663435e-03       6.725928595973e+03 
       8.163575921284e-03       6.728799494176e+03 
       8.170578507395e-03       6.731667095852e+03 
       8.177581421494e-03       6.734531403029e+03 
       8.184584663312e-03       6.737392417745e+03 
       8.191588232582e-03       6.740250142047e+03 
       8.198592129037e-03       6.743104575991e+03 
       8.205596352411e-03       6.745955725098e+03 
       8.212600902442e-03       6.748803589761e+03 
       8.219605778867e-03       6.751648171347e+03 
       8.226610981426e-03       6.754489473067e+03 
       8.233616509860e-03       6.757327496390e+03 
       8.240622363911e-03       6.760162243345e+03 
       8.247628543325e-03       6.762993715963e+03 
       8.254635047846e-03       6.765821916283e+03 
       8.261641877223e-03       6.768646843616e+03 
       8.268649031203e-03       6.771468504933e+03 
       8.275656509536e-03       6.774286899769e+03 
       8.282664311975e-03       6.777102030253e+03 
       8.289672438273e-03       6.779913898404e+03 
       8.296680888185e-03       6.782722506244e+03 
       8.303689661466e-03       6.785527855800e+03 
       8.310698757875e-03       6.788329947613e+03 
       8.317708177169e-03       6.791128786288e+03 
       8.324717919111e-03       6.793924372639e+03 
       8.331727983462e-03       6.796716708679e+03 
       8.338738369986e-03       6.799505796430e+03 
       8.345749078447e-03       6.802291637923e+03 
       8.352760108613e-03       6.805074233147e+03 
       8.359771460250e-03       6.807853587710e+03 
       8.366783133128e-03       6.810629701955e+03 
       8.373795127018e-03       6.813402577162e+03 
       8.380807441692e-03       6.816172216612e+03 
       8.387820076924e-03       6.818938621724e+03 
       8.394833032488e-03       6.821701794509e+03 
       8.401846308161e-03       6.824461736982e+03 
       8.408859903722e-03       6.827218451163e+03 
       8.415873818948e-03       6.829971939717e+03 
       8.422888053621e-03       6.832722199499e+03 
       8.429902607522e-03       6.835469240142e+03 
       8.436917480436e-03       6.838213060376e+03 
       8.443932672147e-03       6.840953662203e+03 
       8.450948182441e-03       6.843691047626e+03 
       8.457964011106e-03       6.846425218652e+03 
       8.464980157930e-03       6.849156175799e+03 
       8.471996622704e-03       6.851883923736e+03 
       8.479013405220e-03       6.854608463153e+03 
       8.486030505270e-03       6.857329796083e+03 
       8.493047922650e-03       6.860047924527e+03 
       8.500065657155e-03       6.862762850494e+03 
       8.507083708581e-03       6.865474576855e+03 
       8.514102076728e-03       6.868183100607e+03 
       8.521120761394e-03       6.870888430615e+03 
       8.528139762383e-03       6.873590565343e+03 
       8.535159079494e-03       6.876289507988e+03 
       8.542178712534e-03       6.878985259986e+03 
       8.549198661305e-03       6.881677823319e+03 
       8.556218925616e-03       6.884367199981e+03 
       8.563239505274e-03       6.887053391970e+03 
       8.570260400087e-03       6.889736401291e+03 
       8.577281609866e-03       6.892416226914e+03 
       8.584303134423e-03       6.895092876202e+03 
       8.591324973571e-03       6.897766348645e+03 
       8.598347127124e-03       6.900436646219e+03 
       8.605369594897e-03       6.903103770906e+03 
       8.612392376707e-03       6.905767724689e+03 
       8.619415472373e-03       6.908428509557e+03 
       8.626438881713e-03       6.911086125849e+03 
       8.633462604549e-03       6.913740578457e+03 
       8.640486640702e-03       6.916391868008e+03 
       8.647510989996e-03       6.919039996477e+03 
       8.654535652254e-03       6.921684965847e+03 
       8.661560627304e-03       6.924326778108e+03 
       8.668585914971e-03       6.926965433037e+03 
       8.675611515083e-03       6.929600936556e+03 
       8.682637427472e-03       6.932233288783e+03 
       8.689663651966e-03       6.934862490934e+03 
       8.696690188398e-03       6.937488546338e+03 
       8.703717036601e-03       6.940111456331e+03 
       8.710744196410e-03       6.942731222882e+03 
       8.717771667660e-03       6.945347847961e+03 
       8.724799450188e-03       6.947961333544e+03 
       8.731827543832e-03       6.950571681619e+03 
       8.738855948432e-03       6.953178890891e+03 
       8.745884663828e-03       6.955782969156e+03 
       8.752913689862e-03       6.958383915669e+03 
       8.759943026376e-03       6.960981732388e+03 
       8.766972673215e-03       6.963576421271e+03 
       8.774002630224e-03       6.966167984278e+03 
       8.781032897250e-03       6.968756423376e+03 
       8.788063474141e-03       6.971341738790e+03 
       8.795094360745e-03       6.973923935566e+03 
       8.802125556912e-03       6.976503014228e+03 
       8.809157062494e-03       6.979078976730e+03 
       8.816188877343e-03       6.981651825032e+03 
       8.823221001314e-03       6.984221561098e+03 
       8.830253434260e-03       6.986788184202e+03 
       8.837286176037e-03       6.989351701607e+03 
       8.844319226504e-03       6.991912112120e+03 
       8.851352585517e-03       6.994469417661e+03 
       8.858386252938e-03       6.997023620971e+03 
       8.865420228625e-03       6.999574723632e+03 
       8.872454512442e-03       7.002122727597e+03 
       8.879489104250e-03       7.004667632974e+03 
       8.886524003915e-03       7.007209444969e+03 
       8.893559211300e-03       7.009748164050e+03 
       8.900594726274e-03       7.012283792130e+03 
       8.907630548702e-03       7.014816330649e+03 
       8.914666678454e-03       7.017345781888e+03 
       8.921703115399e-03       7.019872148368e+03 
       8.928739859409e-03       7.022395431576e+03 
       8.935776910355e-03       7.024915632074e+03 
       8.942814268111e-03       7.027432754242e+03 
       8.949851932550e-03       7.029946797651e+03 
       8.956889903548e-03       7.032457766468e+03 
       8.963928180981e-03       7.034965661562e+03 
       8.970966764727e-03       7.037470484859e+03 
       8.978005654665e-03       7.039972238281e+03 
       8.985044850675e-03       7.042470923754e+03 
       8.992084352636e-03       7.044966543205e+03 
       8.999124160432e-03       7.047459098563e+03 
       9.006164273945e-03       7.049948591763e+03 
       9.013204693060e-03       7.052435024744e+03 
       9.020245417661e-03       7.054918399464e+03 
       9.027286447634e-03       7.057398712546e+03 
       9.034327782869e-03       7.059875975481e+03 
       9.041369423251e-03       7.062350185720e+03 
       9.048411368673e-03       7.064821345176e+03 
       9.055453619022e-03       7.067289455756e+03 
       9.062496174193e-03       7.069754519371e+03 
       9.069539034076e-03       7.072216537926e+03 
       9.076582198567e-03       7.074675513330e+03 
       9.083625667560e-03       7.077131447492e+03 
       9.090669440950e-03       7.079584342326e+03 
       9.097713518635e-03       7.082034199754e+03 
       9.104757900512e-03       7.084481018917e+03 
       9.111802586482e-03       7.086924806807e+03 
       9.118847576443e-03       7.089365562853e+03 
       9.125892870298e-03       7.091803289009e+03 
       9.132938467947e-03       7.094237987173e+03 
       9.139984369295e-03       7.096669659239e+03 
       9.147030574246e-03       7.099098307105e+03 
       9.154077082704e-03       7.101523932675e+03 
       9.161123894577e-03       7.103946537857e+03 
       9.168171009771e-03       7.106366124570e+03 
       9.175218428196e-03       7.108782694624e+03 
       9.182266149759e-03       7.111196245906e+03 
       9.189314174372e-03       7.113606787824e+03 
       9.196362501947e-03       7.116014318717e+03 
       9.203411132394e-03       7.118418840471e+03 
       9.210460065629e-03       7.120820355035e+03 
       9.217509301565e-03       7.123218863099e+03 
       9.224558840118e-03       7.125614368571e+03 
       9.231608681204e-03       7.128006872424e+03 
       9.238658824741e-03       7.130396376543e+03 
       9.245709270647e-03       7.132782882814e+03 
       9.252760018841e-03       7.135166393121e+03 
       9.259811069244e-03       7.137546909363e+03 
       9.266862421777e-03       7.139924429607e+03 
       9.273914076364e-03       7.142298962683e+03 
       9.280966032926e-03       7.144670507184e+03 
       9.288018291388e-03       7.147039065008e+03 
       9.295070851677e-03       7.149404638029e+03 
       9.302123713717e-03       7.151767228117e+03 
       9.309176877437e-03       7.154126837142e+03 
       9.316230342764e-03       7.156483466979e+03 
       9.323284109628e-03       7.158837117413e+03 
       9.330338177959e-03       7.161187794080e+03 
       9.337392547688e-03       7.163535497092e+03 
       9.344447218747e-03       7.165880228318e+03 
       9.351502191070e-03       7.168221989631e+03 
       9.358557464590e-03       7.170560782901e+03 
       9.365613039242e-03       7.172896610003e+03 
       9.372668914962e-03       7.175229469923e+03 
       9.379725091687e-03       7.177559369731e+03 
       9.386781569355e-03       7.179886308846e+03 
       9.393838347905e-03       7.182210288135e+03 
       9.400895427276e-03       7.184531311306e+03 
       9.407952807409e-03       7.186849379284e+03 
       9.415010488246e-03       7.189164493964e+03 
       9.422068469728e-03       7.191476657196e+03 
       9.429126751800e-03       7.193785870832e+03 
       9.436185334406e-03       7.196092136728e+03 
       9.443244217492e-03       7.198395456749e+03 
       9.450303401002e-03       7.200695828737e+03 
       9.457362884886e-03       7.202993261826e+03 
       9.464422669089e-03       7.205287754472e+03 
       9.471482753563e-03       7.207579308502e+03 
       9.478543138256e-03       7.209867925758e+03 
       9.485603823120e-03       7.212153608077e+03 
       9.492664808105e-03       7.214436357295e+03 
       9.499726093166e-03       7.216716175254e+03 
       9.506787678255e-03       7.218993061707e+03 
       9.513849563326e-03       7.221267022236e+03 
       9.520911748336e-03       7.223538056982e+03 
       9.527974233240e-03       7.225806167743e+03 
       9.535037017996e-03       7.228071356359e+03 
       9.542100102562e-03       7.230333624665e+03 
       9.549163486896e-03       7.232592974500e+03 
       9.556227170959e-03       7.234849408469e+03 
       9.563291154711e-03       7.237102922754e+03 
       9.570355438114e-03       7.239353527561e+03 
       9.577420021130e-03       7.241601221110e+03 
       9.584484903723e-03       7.243846004176e+03 
       9.591550085857e-03       7.246087880491e+03 
       9.598615567498e-03       7.248326850987e+03 
       9.605681348611e-03       7.250562917484e+03 
       9.612747429163e-03       7.252796081799e+03 
       9.619813809122e-03       7.255026345755e+03 
       9.626880488457e-03       7.257253711177e+03 
       9.633947467138e-03       7.259478179902e+03 
       9.641014745134e-03       7.261699749251e+03 
       9.648082322417e-03       7.263918429221e+03 
       9.655150198959e-03       7.266134217799e+03 
       9.662218374733e-03       7.268347116795e+03 
       9.669286849714e-03       7.270557128016e+03 
       9.676355623875e-03       7.272764253265e+03 
       9.683424697193e-03       7.274968494354e+03 
       9.690494069643e-03       7.277169853009e+03 
       9.697563741203e-03       7.279368328871e+03 
       9.704633711852e-03       7.281563927871e+03 
       9.711703981568e-03       7.283756649851e+03 
       9.718774550331e-03       7.285946496619e+03 
       9.725845418121e-03       7.288133469981e+03 
       9.732916584921e-03       7.290317571744e+03 
       9.739988050713e-03       7.292498803721e+03 
       9.747059815480e-03       7.294677164462e+03 
       9.754131879205e-03       7.296852661668e+03 
       9.761204241875e-03       7.299025294359e+03 
       9.768276903474e-03       7.301195063303e+03 
       9.775349863989e-03       7.303361972140e+03 
       9.782423123408e-03       7.305526021827e+03 
       9.789496681718e-03       7.307687214136e+03 
       9.796570538910e-03       7.309845550856e+03 
       9.803644694972e-03       7.312001033774e+03 
       9.810719149895e-03       7.314153664680e+03 
       9.817793903672e-03       7.316303445374e+03 
       9.824868956293e-03       7.318450373267e+03 
       9.831944307753e-03       7.320594458101e+03 
       9.839019958046e-03       7.322735697973e+03 
       9.846095907165e-03       7.324874094627e+03 
       9.853172155108e-03       7.327009649843e+03 
       9.860248701869e-03       7.329142365396e+03 
       9.867325547447e-03       7.331272243061e+03 
       9.874402691840e-03       7.333399284614e+03 
       9.881480135046e-03       7.335523489503e+03 
       9.888557877065e-03       7.337644863738e+03 
       9.895635917897e-03       7.339763407097e+03 
       9.902714257545e-03       7.341879121353e+03 
       9.909792896008e-03       7.343992008283e+03 
       9.916871833292e-03       7.346102069671e+03 
       9.923951069399e-03       7.348209307268e+03 
       9.931030604333e-03       7.350313723967e+03 
       9.938110438101e-03       7.352415314613e+03 
       9.945190570707e-03       7.354514090873e+03 
       9.952271002160e-03       7.356610050309e+03 
       9.959351732466e-03       7.358703193510e+03 
       9.966432761633e-03       7.360793524376e+03 
       9.973514089672e-03       7.362881043664e+03 
       9.980595716592e-03       7.364965753134e+03 
       9.987677642403e-03       7.367047654542e+03 
       9.994759867118e-03       7.369126749646e+03 
       1.000184239075e-02       7.371203040209e+03 
       1.000892521331e-02       7.373276528002e+03 
       1.001600833481e-02       7.375347209939e+03 
       1.002309175527e-02       7.377415096627e+03 
       1.003017547470e-02       7.379480185653e+03 
       1.003725949312e-02       7.381542478764e+03 
       1.004434381055e-02       7.383601977708e+03 
       1.005142842700e-02       7.385658684227e+03 
       1.005851334249e-02       7.387712600068e+03 
       1.006559855704e-02       7.389763726977e+03 
       1.007268407068e-02       7.391812064209e+03 
       1.007976988342e-02       7.393857618048e+03 
       1.008685599528e-02       7.395900388102e+03 
       1.009394240628e-02       7.397940376103e+03 
       1.010102911646e-02       7.399977583796e+03 
       1.010811612583e-02       7.402012012922e+03 
       1.011520343441e-02       7.404043665231e+03 
       1.012229104224e-02       7.406072543311e+03 
       1.012937894934e-02       7.408098642568e+03 
       1.013646715574e-02       7.410121974217e+03 
       1.014355566145e-02       7.412142535879e+03 
       1.015064446652e-02       7.414160328063e+03 
       1.015773357097e-02       7.416175354727e+03 
       1.016482297484e-02       7.418187616551e+03 
       1.017191267814e-02       7.420197115260e+03 
       1.017900268091e-02       7.422203852583e+03 
       1.018609298319e-02       7.424207830248e+03 
       1.019318358501e-02       7.426209049985e+03 
       1.020027448640e-02       7.428207513535e+03 
       1.020736568739e-02       7.430203217392e+03 
       1.021445718803e-02       7.432196173282e+03 
       1.022154898834e-02       7.434186377669e+03 
       1.022864108836e-02       7.436173832601e+03 
       1.023573348813e-02       7.438158539794e+03 
       1.024282618770e-02       7.440140500962e+03 
       1.024991918708e-02       7.442119717820e+03 
       1.025701248634e-02       7.444096192086e+03 
       1.026410608550e-02       7.446069926133e+03 
       1.027119998460e-02       7.448040916839e+03 
       1.027829418370e-02       7.450009173126e+03 
       1.028538868283e-02       7.451974693579e+03 
       1.029248348203e-02       7.453937479905e+03 
       1.029957858135e-02       7.455897533819e+03 
       1.030667398083e-02       7.457854857035e+03 
       1.031376968052e-02       7.459809451269e+03 
       1.032086568046e-02       7.461761314650e+03 
       1.032796198070e-02       7.463710455396e+03 
       1.033505858129e-02       7.465656872230e+03 
       1.034215548227e-02       7.467600566741e+03 
       1.034925268370e-02       7.469541539413e+03 
       1.035635018563e-02       7.471479794278e+03 
       1.036344798809e-02       7.473415331917e+03 
       1.037054609116e-02       7.475348154023e+03 
       1.037764449486e-02       7.477278262295e+03 
       1.038474319927e-02       7.479205658429e+03 
       1.039184220443e-02       7.481130344128e+03 
       1.039894151040e-02       7.483052321102e+03 
       1.040604111722e-02       7.484971585878e+03 
       1.041314102496e-02       7.486888149575e+03 
       1.042024123368e-02       7.488802009552e+03 
       1.042734174342e-02       7.490713167412e+03 
       1.043444255424e-02       7.492621624838e+03 
       1.044154366621e-02       7.494527383515e+03 
       1.044864507938e-02       7.496430445127e+03 
       1.045574679381e-02       7.498330811354e+03 
       1.046284880956e-02       7.500228483813e+03 
       1.046995112669e-02       7.502123461443e+03 
       1.047705374527e-02       7.504015751148e+03 
       1.048415666535e-02       7.505905352111e+03 
       1.049125988700e-02       7.507792266009e+03 
       1.049836341028e-02       7.509676494524e+03 
       1.050546723526e-02       7.511558039336e+03 
       1.051257136200e-02       7.513436902129e+03 
       1.051967579056e-02       7.515313085487e+03 
       1.052678052102e-02       7.517186584149e+03 
       1.053388555343e-02       7.519057410285e+03 
       1.054099088788e-02       7.520925560989e+03 
       1.054809652441e-02       7.522791036591e+03 
       1.055520246312e-02       7.524653841237e+03 
       1.056230870405e-02       7.526513975403e+03 
       1.056941524729e-02       7.528371440766e+03 
       1.057652209291e-02       7.530226238988e+03 
       1.058362924097e-02       7.532078371734e+03 
       1.059073669155e-02       7.533927840672e+03 
       1.059784444472e-02       7.535774647476e+03 
       1.060495250056e-02       7.537618793781e+03 
       1.061206085914e-02       7.539460275459e+03 
       1.061916952054e-02       7.541299104961e+03 
       1.062627848483e-02       7.543135278835e+03 
       1.063338775208e-02       7.544968798725e+03 
       1.064049732238e-02       7.546799666290e+03 
       1.064760719580e-02       7.548627883179e+03 
       1.065471737242e-02       7.550453451043e+03 
       1.066182785232e-02       7.552276371538e+03 
       1.066893863559e-02       7.554096646825e+03 
       1.067604972229e-02       7.555914273747e+03 
       1.068316111251e-02       7.557729261526e+03 
       1.069027280633e-02       7.559541607536e+03 
       1.069738480384e-02       7.561351315197e+03 
       1.070449710512e-02       7.563158385280e+03 
       1.071160971025e-02       7.564962820023e+03 
       1.071872261932e-02       7.566764617751e+03 
       1.072583583240e-02       7.568563784712e+03 
       1.073294934960e-02       7.570360320612e+03 
       1.074006317098e-02       7.572154227091e+03 
       1.074717729665e-02       7.573945505792e+03 
       1.075429172669e-02       7.575734158363e+03 
       1.076140646118e-02       7.577520186465e+03 
       1.076852150021e-02       7.579303591765e+03 
       1.077563684388e-02       7.581084369708e+03 
       1.078275249228e-02       7.582862533318e+03 
       1.078986844549e-02       7.584638078849e+03 
       1.079698470361e-02       7.586411007925e+03 
       1.080410126673e-02       7.588181322168e+03 
       1.081121813494e-02       7.589949023205e+03 
       1.081833530833e-02       7.591714112671e+03 
       1.082545278701e-02       7.593476592206e+03 
       1.083257057106e-02       7.595236460413e+03 
       1.083968866058e-02       7.596993724439e+03 
       1.084680705567e-02       7.598748383381e+03 
       1.085392575641e-02       7.600500438805e+03 
       1.086104476292e-02       7.602249892330e+03 
       1.086816407529e-02       7.603996745577e+03 
       1.087528369362e-02       7.605741000173e+03 
       1.088240361800e-02       7.607482657755e+03 
       1.088952384854e-02       7.609221715405e+03 
       1.089664438533e-02       7.610958183108e+03 
       1.090376522848e-02       7.612692058537e+03 
       1.091088637809e-02       7.614423342067e+03 
       1.091800783426e-02       7.616152037358e+03 
       1.092512959710e-02       7.617878145361e+03 
       1.093225166671e-02       7.619601667491e+03 
       1.093937404319e-02       7.621322605345e+03 
       1.094649672664e-02       7.623040960534e+03 
       1.095361971718e-02       7.624756734675e+03 
       1.096074301491e-02       7.626469929392e+03 
       1.096786661994e-02       7.628180546324e+03 
       1.097499053237e-02       7.629888580528e+03 
       1.098211475232e-02       7.631594045679e+03 
       1.098923927988e-02       7.633296937678e+03 
       1.099636411518e-02       7.634997258119e+03 
       1.100348925832e-02       7.636695008594e+03 
       1.101061470940e-02       7.638390190699e+03 
       1.101774046855e-02       7.640082806029e+03 
       1.102486653588e-02       7.641772856189e+03 
       1.103199291149e-02       7.643460339714e+03 
       1.103911959550e-02       7.645145263699e+03 
       1.104624658803e-02       7.646827627355e+03 
       1.105337388918e-02       7.648507432130e+03 
       1.106050149908e-02       7.650184679618e+03 
       1.106762941783e-02       7.651859370046e+03 
       1.107475764556e-02       7.653531507561e+03 
       1.108188618238e-02       7.655201090875e+03 
       1.108901502841e-02       7.656868124603e+03 
       1.109614418377e-02       7.658532608889e+03 
       1.110327364858e-02       7.660194545320e+03 
       1.111040342294e-02       7.661853935485e+03 
       1.111753350700e-02       7.663510780978e+03 
       1.112466390086e-02       7.665165083395e+03 
       1.113179460465e-02       7.666816844347e+03 
       1.113892561848e-02       7.668466058817e+03 
       1.114605694249e-02       7.670112740601e+03 
       1.115318857679e-02       7.671756885428e+03 
       1.116032052151e-02       7.673398494899e+03 
       1.116745277677e-02       7.675037570582e+03 
       1.117458534270e-02       7.676674114050e+03 
       1.118171821942e-02       7.678308126881e+03 
       1.118885140706e-02       7.679939610658e+03 
       1.119598490574e-02       7.681568567704e+03 
       1.120311871560e-02       7.683194993627e+03 
       1.121025283675e-02       7.684818899097e+03 
       1.121738726934e-02       7.686440281688e+03 
       1.122452201348e-02       7.688059142960e+03 
       1.123165706931e-02       7.689675484475e+03 
       1.123879243695e-02       7.691289307803e+03 
       1.124592811655e-02       7.692900614522e+03 
       1.125306410822e-02       7.694509401579e+03 
       1.126020041211e-02       7.696115679023e+03 
       1.126733702834e-02       7.697719444501e+03 
       1.127447395705e-02       7.699320699504e+03 
       1.128161119838e-02       7.700919443877e+03 
       1.128874875245e-02       7.702515682314e+03 
       1.129588661940e-02       7.704109414875e+03 
       1.130302479936e-02       7.705700643107e+03 
       1.131016329249e-02       7.707289368558e+03 
       1.131730209890e-02       7.708875592787e+03 
       1.132444121874e-02       7.710459317356e+03 
       1.133158065214e-02       7.712040543860e+03 
       1.133872039926e-02       7.713619266803e+03 
       1.134586046021e-02       7.715195501156e+03 
       1.135300083515e-02       7.716769241561e+03 
       1.136014152422e-02       7.718340489894e+03 
       1.136728252755e-02       7.719909247688e+03 
       1.137442384528e-02       7.721475516478e+03 
       1.138156547757e-02       7.723039297802e+03 
       1.138870742455e-02       7.724600593202e+03 
       1.139584968637e-02       7.726159404216e+03 
       1.140299226316e-02       7.727715728631e+03 
       1.141013515508e-02       7.729269574944e+03 
       1.141727836227e-02       7.730820941397e+03 
       1.142442188488e-02       7.732369829523e+03 
       1.143156572305e-02       7.733916240857e+03 
       1.143870987693e-02       7.735460176936e+03 
       1.144585434666e-02       7.737001639301e+03 
       1.145299913240e-02       7.738540630958e+03 
       1.146014423429e-02       7.740077143565e+03 
       1.146728965249e-02       7.741611193157e+03 
       1.147443538714e-02       7.743142775020e+03 
       1.148158143839e-02       7.744671888956e+03 
       1.148872780640e-02       7.746198539673e+03 
       1.149587449131e-02       7.747722727191e+03 
       1.150302149329e-02       7.749244453024e+03 
       1.151016881247e-02       7.750763718696e+03 
       1.151731644902e-02       7.752280525726e+03 
       1.152446440309e-02       7.753794875641e+03 
       1.153161267483e-02       7.755306769972e+03 
       1.153876126440e-02       7.756816211886e+03 
       1.154591017196e-02       7.758323190278e+03 
       1.155305939766e-02       7.759827725854e+03 
       1.156020894165e-02       7.761329811733e+03 
       1.156735880410e-02       7.762829449425e+03 
       1.157450898517e-02       7.764326640437e+03 
       1.158165948501e-02       7.765821386282e+03 
       1.158881030377e-02       7.767313688471e+03 
       1.159596144164e-02       7.768803548519e+03 
       1.160311289875e-02       7.770290964131e+03 
       1.161026467528e-02       7.771775943835e+03 
       1.161741677138e-02       7.773258485802e+03 
       1.162456918722e-02       7.774738591530e+03 
       1.163172192295e-02       7.776216262523e+03 
       1.163887497875e-02       7.777691500290e+03 
       1.164602835478e-02       7.779164306345e+03 
       1.165318205120e-02       7.780634682208e+03 
       1.166033606818e-02       7.782102623917e+03 
       1.166749040588e-02       7.783568143090e+03 
       1.167464506447e-02       7.785031236422e+03 
       1.168180004411e-02       7.786491905915e+03 
       1.168895534498e-02       7.787950149536e+03 
       1.169611096723e-02       7.789405973973e+03 
       1.170326691105e-02       7.790859378474e+03 
       1.171042317659e-02       7.792310364530e+03 
       1.171757976403e-02       7.793758933635e+03 
       1.172473667354e-02       7.795205087288e+03 
       1.173189390529e-02       7.796648826994e+03 
       1.173905145945e-02       7.798090154268e+03 
       1.174620933620e-02       7.799529062919e+03 
       1.175336753569e-02       7.800965568669e+03 
       1.176052605812e-02       7.802399666226e+03 
       1.176768490365e-02       7.803831357068e+03 
       1.177484407245e-02       7.805260642671e+03 
       1.178200356471e-02       7.806687524514e+03 
       1.178916338059e-02       7.808112004082e+03 
       1.179632352027e-02       7.809534082859e+03 
       1.180348398393e-02       7.810953763241e+03 
       1.181064477175e-02       7.812371039708e+03 
       1.181780588390e-02       7.813785924365e+03 
       1.182496732057e-02       7.815198414031e+03 
       1.183212908192e-02       7.816608510167e+03 
       1.183929116815e-02       7.818016214241e+03 
       1.184645357942e-02       7.819421527731e+03 
       1.185361631593e-02       7.820824452123e+03 
       1.186077937785e-02       7.822224990944e+03 
       1.186794276536e-02       7.823623133465e+03 
       1.187510647865e-02       7.825018898546e+03 
       1.188227051789e-02       7.826412280282e+03 
       1.188943488328e-02       7.827803278204e+03 
       1.189659957500e-02       7.829191897349e+03 
       1.190376459322e-02       7.830578137467e+03 
       1.191092993814e-02       7.831962000012e+03 
       1.191809560994e-02       7.833343486442e+03 
       1.192526160881e-02       7.834722598219e+03 
       1.193242793493e-02       7.836099336815e+03 
       1.193959458849e-02       7.837473703709e+03 
       1.194676156968e-02       7.838845700238e+03 
       1.195392887869e-02       7.840215319893e+03 
       1.196109651571e-02       7.841582579295e+03 
       1.196826448092e-02       7.842947472638e+03 
       1.197543277452e-02       7.844310001363e+03 
       1.198260139670e-02       7.845670166918e+03 
       1.198977034764e-02       7.847027970741e+03 
       1.199693962755e-02       7.848383414281e+03 
       1.200410923660e-02       7.849736498995e+03 
       1.201127917501e-02       7.851087223676e+03 
       1.201844944295e-02       7.852435593121e+03 
       1.202562004062e-02       7.853781609386e+03 
       1.203279096823e-02       7.855125272508e+03 
       1.203996222595e-02       7.856466583934e+03 
       1.204713381400e-02       7.857805545095e+03 
       1.205430573256e-02       7.859142157452e+03 
       1.206147798183e-02       7.860476422453e+03 
       1.206865056202e-02       7.861808334812e+03 
       1.207582347331e-02       7.863137909644e+03 
       1.208299671590e-02       7.864465140285e+03 
       1.209017029000e-02       7.865790029182e+03 
       1.209734419581e-02       7.867112575710e+03 
       1.210451843352e-02       7.868432785128e+03 
       1.211169300334e-02       7.869750657050e+03 
       1.211886790546e-02       7.871066192905e+03 
       1.212604314010e-02       7.872379394123e+03 
       1.213321870744e-02       7.873690262139e+03 
       1.214039460771e-02       7.874998798387e+03 
       1.214757084109e-02       7.876305004313e+03 
       1.215474740779e-02       7.877608881456e+03 
       1.216192430802e-02       7.878910422102e+03 
       1.216910154198e-02       7.880209644438e+03 
       1.217627910988e-02       7.881506541970e+03 
       1.218345701193e-02       7.882801116120e+03 
       1.219063524833e-02       7.884093368310e+03 
       1.219781381929e-02       7.885383299956e+03 
       1.220499272501e-02       7.886670912481e+03 
       1.221217196572e-02       7.887956207310e+03 
       1.221935154160e-02       7.889239187471e+03 
       1.222653145289e-02       7.890519844740e+03 
       1.223371169977e-02       7.891798194295e+03 
       1.224089228248e-02       7.893074231700e+03 
       1.224807320121e-02       7.894347958374e+03 
       1.225525445618e-02       7.895619375736e+03 
       1.226243604761e-02       7.896888485218e+03 
       1.226961797570e-02       7.898155288230e+03 
       1.227680024067e-02       7.899419788769e+03 
       1.228398284273e-02       7.900681973901e+03 
       1.229116578210e-02       7.901941865115e+03 
       1.229834905899e-02       7.903199455370e+03 
       1.230553267363e-02       7.904454743950e+03 
       1.231271662621e-02       7.905707736205e+03 
       1.231990091698e-02       7.906958431642e+03 
       1.232708554613e-02       7.908206831674e+03 
       1.233427051389e-02       7.909452937708e+03 
       1.234145582047e-02       7.910696751151e+03 
       1.234864146611e-02       7.911938273421e+03 
       1.235582745100e-02       7.913177505933e+03 
       1.236301377539e-02       7.914414450120e+03 
       1.237020043948e-02       7.915649098426e+03 
       1.237738744350e-02       7.916881468932e+03 
       1.238457478767e-02       7.918111555084e+03 
       1.239176247222e-02       7.919339358268e+03 
       1.239895049736e-02       7.920564879872e+03 
       1.240613886332e-02       7.921788121292e+03 
       1.241332757032e-02       7.923009083925e+03 
       1.242051661859e-02       7.924227769191e+03 
       1.242770600836e-02       7.925444178441e+03 
       1.243489573985e-02       7.926658308339e+03 
       1.244208581328e-02       7.927870169162e+03 
       1.244927622889e-02       7.929079758054e+03 
       1.245646698689e-02       7.930287076396e+03 
       1.246365808753e-02       7.931492125574e+03 
       1.247084953102e-02       7.932694906975e+03 
       1.247804131760e-02       7.933895421994e+03 
       1.248523344750e-02       7.935093672040e+03 
       1.249242592094e-02       7.936289651960e+03 
       1.249961873816e-02       7.937483375335e+03 
       1.250681189939e-02       7.938674837762e+03 
       1.251400540486e-02       7.939864040546e+03 
       1.252119925481e-02       7.941050982915e+03 
       1.252839344946e-02       7.942235670403e+03 
       1.253558798905e-02       7.943418102374e+03 
       1.254278287382e-02       7.944598280201e+03 
       1.254997810399e-02       7.945776205258e+03 
       1.255717367981e-02       7.946951878921e+03 
       1.256436960151e-02       7.948125302579e+03 
       1.257156586932e-02       7.949296477631e+03 
       1.257876248349e-02       7.950465405260e+03 
       1.258595944425e-02       7.951632077763e+03 
       1.259315675184e-02       7.952796514022e+03 
       1.260035440650e-02       7.953958706976e+03 
       1.260755240846e-02       7.955118657983e+03 
       1.261475075797e-02       7.956276368403e+03 
       1.262194945527e-02       7.957431839598e+03 
       1.262914850059e-02       7.958585072932e+03 
       1.263634789419e-02       7.959736069777e+03 
       1.264354763629e-02       7.960884831401e+03 
       1.265074772715e-02       7.962031354351e+03 
       1.265794816700e-02       7.963175649254e+03 
       1.266514895610e-02       7.964317713019e+03 
       1.267235009467e-02       7.965457547008e+03 
       1.267955158298e-02       7.966595152583e+03 
       1.268675342126e-02       7.967730531105e+03 
       1.269395560976e-02       7.968863683943e+03 
       1.270115814873e-02       7.969994612473e+03 
       1.270836103841e-02       7.971123311108e+03 
       1.271556427905e-02       7.972249794170e+03 
       1.272276787090e-02       7.973374056832e+03 
       1.272997181420e-02       7.974496100401e+03 
       1.273717610921e-02       7.975615923917e+03 
       1.274438075618e-02       7.976733533173e+03 
       1.275158575535e-02       7.977848927383e+03 
       1.275879110698e-02       7.978962107897e+03 
       1.276599681132e-02       7.980073076063e+03 
       1.277320286862e-02       7.981181833234e+03 
       1.278040927913e-02       7.982288380762e+03 
       1.278761604311e-02       7.983392720013e+03 
       1.279482316080e-02       7.984494852361e+03 
       1.280203063247e-02       7.985594769055e+03 
       1.280923845837e-02       7.986692490303e+03 
       1.281644663875e-02       7.987788008455e+03 
       1.282365517387e-02       7.988881324850e+03 
       1.283086406398e-02       7.989972440827e+03 
       1.283807330935e-02       7.991061357725e+03 
       1.284528291022e-02       7.992148076886e+03 
       1.285249286686e-02       7.993232599652e+03 
       1.285970317953e-02       7.994314927371e+03 
       1.286691384848e-02       7.995395056147e+03 
       1.287412487398e-02       7.996472997072e+03 
       1.288133625628e-02       7.997548746838e+03 
       1.288854799565e-02       7.998622306761e+03 
       1.289576009234e-02       7.999693678173e+03 
       1.290297254663e-02       8.000762862416e+03 
       1.291018535876e-02       8.001829860835e+03 
       1.291739852901e-02       8.002894674780e+03 
       1.292461205763e-02       8.003957306689e+03 
       1.293182594490e-02       8.005017746746e+03 
       1.293904019107e-02       8.006076014256e+03 
       1.294625479642e-02       8.007132102458e+03 
       1.295346976120e-02       8.008186010106e+03 
       1.296068508569e-02       8.009237743440e+03 
       1.296790077015e-02       8.010287301258e+03 
       1.297511681484e-02       8.011334684984e+03 
       1.298233322004e-02       8.012379895940e+03 
       1.298954998602e-02       8.013422935456e+03 
       1.299676711303e-02       8.014463804865e+03 
       1.300398460137e-02       8.015502505504e+03 
       1.301120245128e-02       8.016539038720e+03 
       1.301842066305e-02       8.017573410152e+03 
       1.302563923694e-02       8.018605597023e+03 
       1.303285817323e-02       8.019635634465e+03 
       1.304007747220e-02       8.020663509521e+03 
       1.304729713410e-02       8.021689223498e+03 
       1.305451715922e-02       8.022712777702e+03 
       1.306173754783e-02       8.023734173442e+03 
       1.306895830020e-02       8.024753412033e+03 
       1.307617941662e-02       8.025770494805e+03 
       1.308340089735e-02       8.026785422901e+03 
       1.309062274267e-02       8.027798192440e+03 
       1.309784495287e-02       8.028808814903e+03 
       1.310506752820e-02       8.029817286667e+03 
       1.311229046897e-02       8.030823609032e+03 
       1.311951377543e-02       8.031827783300e+03 
       1.312673744788e-02       8.032829810773e+03 
       1.313396148659e-02       8.033829692765e+03 
       1.314118589185e-02       8.034827430596e+03 
       1.314841066392e-02       8.035823017344e+03 
       1.315563580310e-02       8.036816470535e+03 
       1.316286130967e-02       8.037807782624e+03 
       1.317008718391e-02       8.038796955609e+03 
       1.317731342609e-02       8.039783989368e+03 
       1.318454003652e-02       8.040768887864e+03 
       1.319176701546e-02       8.041751651110e+03 
       1.319899436320e-02       8.042732280413e+03 
       1.320622208004e-02       8.043710777085e+03 
       1.321345016625e-02       8.044687136553e+03 
       1.322067862212e-02       8.045661371038e+03 
       1.322790744794e-02       8.046633476667e+03 
       1.323513664400e-02       8.047603454692e+03 
       1.324236621058e-02       8.048571306407e+03 
       1.324959614798e-02       8.049537033232e+03 
       1.325682645647e-02       8.050500632672e+03 
       1.326405713636e-02       8.051462112786e+03 
       1.327128818793e-02       8.052421471695e+03 
       1.327851961148e-02       8.053378710692e+03 
       1.328575140728e-02       8.054333826180e+03 
       1.329298357565e-02       8.055286829259e+03 
       1.330021611686e-02       8.056237716930e+03 
       1.330744903122e-02       8.057186482743e+03 
       1.331468231901e-02       8.058133140088e+03 
       1.332191598053e-02       8.059077685015e+03 
       1.332915001608e-02       8.060020118797e+03 
       1.333638442595e-02       8.060960442708e+03 
       1.334361921043e-02       8.061898658024e+03 
       1.335085436983e-02       8.062834766017e+03 
       1.335808990444e-02       8.063768767961e+03 
       1.336532581455e-02       8.064700665130e+03 
       1.337256210047e-02       8.065630458799e+03 
       1.337979876250e-02       8.066558150244e+03 
       1.338703580093e-02       8.067483740756e+03 
       1.339427321606e-02       8.068407231611e+03 
       1.340151100820e-02       8.069328624132e+03 
       1.340874917764e-02       8.070247924850e+03 
       1.341598772470e-02       8.071165100912e+03 
       1.342322664965e-02       8.072080203922e+03 
       1.343046595283e-02       8.072993213364e+03 
       1.343770563451e-02       8.073904130496e+03 
       1.344494569502e-02       8.074812956572e+03 
       1.345218613465e-02       8.075719692844e+03 
       1.345942695371e-02       8.076624340566e+03 
       1.346666815250e-02       8.077526900986e+03 
       1.347390973133e-02       8.078427375353e+03 
       1.348115169051e-02       8.079325764920e+03 
       1.348839403035e-02       8.080222070943e+03 
       1.349563675114e-02       8.081116294678e+03 
       1.350287985321e-02       8.082008437392e+03 
       1.351012333686e-02       8.082898500361e+03 
       1.351736720239e-02       8.083786484671e+03 
       1.352461145013e-02       8.084672382553e+03 
       1.353185608037e-02       8.085556212750e+03 
       1.353910109344e-02       8.086437968052e+03 
       1.354634648964e-02       8.087317649700e+03 
       1.355359226928e-02       8.088195258933e+03 
       1.356083843269e-02       8.089070796992e+03 
       1.356808498016e-02       8.089944265108e+03 
       1.357533191202e-02       8.090815664531e+03 
       1.358257922859e-02       8.091684996503e+03 
       1.358982693016e-02       8.092552262274e+03 
       1.359707501708e-02       8.093417463100e+03 
       1.360432348963e-02       8.094280600246e+03 
       1.361157234816e-02       8.095141674978e+03 
       1.361882159297e-02       8.096000688567e+03 
       1.362607122438e-02       8.096857629016e+03 
       1.363332124270e-02       8.097712522529e+03 
       1.364057164827e-02       8.098565358404e+03 
       1.364782244140e-02       8.099416137853e+03 
       1.365507362241e-02       8.100264862101e+03 
       1.366232519161e-02       8.101111532382e+03 
       1.366957714934e-02       8.101956150960e+03 
       1.367682949591e-02       8.102798712908e+03 
       1.368408223165e-02       8.103639228319e+03 
       1.369133535688e-02       8.104477694639e+03 
       1.369858887193e-02       8.105314113102e+03 
       1.370584277711e-02       8.106148484938e+03 
       1.371309707276e-02       8.106980811382e+03 
       1.372035175919e-02       8.107811093670e+03 
       1.372760683674e-02       8.108639333042e+03 
       1.373486230574e-02       8.109465530745e+03 
       1.374211816650e-02       8.110289689849e+03 
       1.374937441936e-02       8.111111793487e+03 
       1.375663106465e-02       8.111931872150e+03 
       1.376388810269e-02       8.112749913833e+03 
       1.377114553382e-02       8.113565919757e+03 
       1.377840335836e-02       8.114379891143e+03 
       1.378566157665e-02       8.115191829215e+03 
       1.379292018901e-02       8.116001735194e+03 
       1.380017919579e-02       8.116809610305e+03 
       1.380743859730e-02       8.117615455796e+03 
       1.381469839390e-02       8.118419272636e+03 
       1.382195858590e-02       8.119221056107e+03 
       1.382921917364e-02       8.120020819228e+03 
       1.383648015746e-02       8.120818557451e+03 
       1.384374153770e-02       8.121614271983e+03 
       1.385100331468e-02       8.122407964037e+03 
       1.385826548875e-02       8.123199634829e+03 
       1.386552806025e-02       8.123989285582e+03 
       1.387279102951e-02       8.124776917526e+03 
       1.388005439686e-02       8.125562531897e+03 
       1.388731816266e-02       8.126346121054e+03 
       1.389458232723e-02       8.127127702913e+03 
       1.390184689092e-02       8.127907270702e+03 
       1.390911185407e-02       8.128684825600e+03 
       1.391637721702e-02       8.129460366284e+03 
       1.392364298012e-02       8.130233898154e+03 
       1.393090914370e-02       8.131005421188e+03 
       1.393817570811e-02       8.131774936066e+03 
       1.394544267369e-02       8.132542443990e+03 
       1.395271004078e-02       8.133307946166e+03 
       1.395997780974e-02       8.134071443803e+03 
       1.396724598090e-02       8.134832938114e+03 
       1.397451455462e-02       8.135592430316e+03 
       1.398178353123e-02       8.136349921635e+03 
       1.398905291110e-02       8.137105412930e+03 
       1.399632269455e-02       8.137858893100e+03 
       1.400359288195e-02       8.138610387544e+03 
       1.401086347364e-02       8.139359885679e+03 
       1.401813446997e-02       8.140107388688e+03 
       1.402540587130e-02       8.140852897756e+03 
       1.403267767796e-02       8.141596414071e+03 
       1.403994989032e-02       8.142337938827e+03 
       1.404722250873e-02       8.143077473219e+03 
       1.405449553353e-02       8.143815018449e+03 
       1.406176896508e-02       8.144550575722e+03 
       1.406904280374e-02       8.145284140427e+03 
       1.407631704986e-02       8.146015723738e+03 
       1.408359170379e-02       8.146745323452e+03 
       1.409086676590e-02       8.147472939843e+03 
       1.409814223653e-02       8.148198574091e+03 
       1.410541811604e-02       8.148922227379e+03 
       1.411269440479e-02       8.149643900887e+03 
       1.411997110314e-02       8.150363595805e+03 
       1.412724821145e-02       8.151081313327e+03 
       1.413452573007e-02       8.151797054660e+03 
       1.414180365937e-02       8.152510811315e+03 
       1.414908199970e-02       8.153222602776e+03 
       1.415636075143e-02       8.153932421457e+03 
       1.416363991492e-02       8.154640268525e+03 
       1.417091949053e-02       8.155346143635e+03 
       1.417819947862e-02       8.156050049078e+03 
       1.418547987956e-02       8.156751987980e+03 
       1.419276069371e-02       8.157451959911e+03 
       1.420004192143e-02       8.158149966036e+03 
       1.420732356309e-02       8.158846007527e+03 
       1.421460561906e-02       8.159540085558e+03 
       1.422188808970e-02       8.160232201310e+03 
       1.422917097538e-02       8.160922355973e+03 
       1.423645427647e-02       8.161610550741e+03 
       1.424373799333e-02       8.162296786471e+03 
       1.425102212633e-02       8.162981051558e+03 
       1.425830667585e-02       8.163663372283e+03 
       1.426559164225e-02       8.164343737600e+03 
       1.427287702590e-02       8.165022148671e+03 
       1.428016282718e-02       8.165698606659e+03 
       1.428744904645e-02       8.166373112721e+03 
       1.429473568410e-02       8.167045668018e+03 
       1.430202274048e-02       8.167716273710e+03 
       1.430931021598e-02       8.168384930963e+03 
       1.431659811097e-02       8.169051640961e+03 
       1.432388642582e-02       8.169716397488e+03 
       1.433117516092e-02       8.170379216104e+03 
       1.433846431663e-02       8.171040090465e+03 
       1.434575389333e-02       8.171699022100e+03 
       1.435304389140e-02       8.172356012169e+03 
       1.436033431122e-02       8.173011061834e+03 
       1.436762515316e-02       8.173664172257e+03 
       1.437491641761e-02       8.174315344602e+03 
       1.438220810495e-02       8.174964580036e+03 
       1.438950021555e-02       8.175611879556e+03 
       1.439679274980e-02       8.176257234672e+03 
       1.440408570807e-02       8.176900665267e+03 
       1.441137909076e-02       8.177542163420e+03 
       1.441867289824e-02       8.178181730291e+03 
       1.442596713089e-02       8.178819363718e+03 
       1.443326178911e-02       8.179455071066e+03 
       1.444055687327e-02       8.180088850588e+03 
       1.444785238376e-02       8.180720703371e+03 
       1.445514832097e-02       8.181350630567e+03 
       1.446244468528e-02       8.181978633323e+03 
       1.446974147708e-02       8.182604712791e+03 
       1.447703869675e-02       8.183228870120e+03 
       1.448433634470e-02       8.183851106466e+03 
       1.449163442129e-02       8.184471422995e+03 
       1.449893292694e-02       8.185089822552e+03 
       1.450623186202e-02       8.185706286623e+03 
       1.451353122692e-02       8.186320849105e+03 
       1.452083102204e-02       8.186933496140e+03 
       1.452813124777e-02       8.187544228868e+03 
       1.453543190450e-02       8.188153048427e+03 
       1.454273299263e-02       8.188759955958e+03 
       1.455003451255e-02       8.189364952602e+03 
       1.455733646465e-02       8.189968039501e+03 
       1.456463884933e-02       8.190569217797e+03 
       1.457194166698e-02       8.191168488633e+03 
       1.457924491801e-02       8.191765845999e+03 
       1.458654860281e-02       8.192361304427e+03 
       1.459385272177e-02       8.192954858830e+03 
       1.460115727530e-02       8.193546510183e+03 
       1.460846226379e-02       8.194136259620e+03 
       1.461576768764e-02       8.194724108276e+03 
       1.462307354726e-02       8.195310057288e+03 
       1.463037984304e-02       8.195894107801e+03 
       1.463768657539e-02       8.196476260962e+03 
       1.464499374471e-02       8.197056517919e+03 
       1.465230135140e-02       8.197634869347e+03 
       1.465960939586e-02       8.198211336329e+03 
       1.466691787850e-02       8.198785910267e+03 
       1.467422679973e-02       8.199358592353e+03 
       1.468153615994e-02       8.199929385183e+03 
       1.468884595955e-02       8.200498281680e+03 
       1.469615619896e-02       8.201065294547e+03 
       1.470346687858e-02       8.201630419993e+03 
       1.471077799881e-02       8.202193659140e+03 
       1.471808956007e-02       8.202755013129e+03 
       1.472540156277e-02       8.203314483038e+03 
       1.473271400730e-02       8.203872070051e+03 
       1.474002689409e-02       8.204427775284e+03 
       1.474734022355e-02       8.204981599878e+03 
       1.475465399609e-02       8.205533544977e+03 
       1.476196821211e-02       8.206083597171e+03 
       1.476928287203e-02       8.206631785152e+03 
       1.477659797628e-02       8.207178096825e+03 
       1.478391352525e-02       8.207722533234e+03 
       1.479122951936e-02       8.208265095488e+03 
       1.479854595904e-02       8.208805784700e+03 
       1.480586284470e-02       8.209344601983e+03 
       1.481318017675e-02       8.209881548449e+03 
       1.482049795561e-02       8.210416625218e+03 
       1.482781618169e-02       8.210949833413e+03 
       1.483513485543e-02       8.211481174161e+03 
       1.484245397724e-02       8.212010640709e+03 
       1.484977354753e-02       8.212538249165e+03 
       1.485709356673e-02       8.213063993343e+03 
       1.486441403526e-02       8.213587874377e+03 
       1.487173495355e-02       8.214109893372e+03 
       1.487905632201e-02       8.214630051433e+03 
       1.488637814106e-02       8.215148349666e+03 
       1.489370041114e-02       8.215664789188e+03 
       1.490102313267e-02       8.216179371115e+03 
       1.490834630607e-02       8.216692096569e+03 
       1.491566993176e-02       8.217202955907e+03 
       1.492299401018e-02       8.217711970550e+03 
       1.493031854175e-02       8.218219132031e+03 
       1.493764352690e-02       8.218724441310e+03 
       1.494496896606e-02       8.219227900190e+03 
       1.495229485966e-02       8.219729503739e+03 
       1.495962120813e-02       8.220229262601e+03 
       1.496694801189e-02       8.220727173581e+03 
       1.497427527138e-02       8.221223237770e+03 
       1.498160298703e-02       8.221717456261e+03 
       1.498893115928e-02       8.222209830154e+03 
       1.499625978855e-02       8.222700360547e+03 
       1.500358887529e-02       8.223189048543e+03 
       1.501091841992e-02       8.223675895253e+03 
       1.501824842288e-02       8.224160901795e+03 
       1.502557888460e-02       8.224644068982e+03 
       1.503290980553e-02       8.225125382674e+03 
       1.504024118610e-02       8.225604873789e+03 
       1.504757302675e-02       8.226082528909e+03 
       1.505490532791e-02       8.226558349108e+03 
       1.506223809002e-02       8.227032335465e+03 
       1.506957131354e-02       8.227504489063e+03 
       1.507690499889e-02       8.227974810985e+03 
       1.508423914651e-02       8.228443302315e+03 
       1.509157375685e-02       8.228909964143e+03 
       1.509890883036e-02       8.229374797563e+03 
       1.510624436747e-02       8.229837803631e+03 
       1.511358036863e-02       8.230298975130e+03 
       1.512091683428e-02       8.230758329037e+03 
       1.512825376486e-02       8.231215858787e+03 
       1.513559116084e-02       8.231671565441e+03 
       1.514292902264e-02       8.232125450087e+03 
       1.515026735072e-02       8.232577513811e+03 
       1.515760614552e-02       8.233027757679e+03 
       1.516494540750e-02       8.233476182775e+03 
       1.517228513710e-02       8.233922790189e+03 
       1.517962533478e-02       8.234367581012e+03 
       1.518696600098e-02       8.234810547071e+03 
       1.519430713615e-02       8.235251706980e+03 
       1.520164874075e-02       8.235691053395e+03 
       1.520899081523e-02       8.236128587393e+03 
       1.521633336005e-02       8.236564310059e+03 
       1.522367637565e-02       8.236998222485e+03 
       1.523101986249e-02       8.237430325769e+03 
       1.523836382103e-02       8.237860621016e+03 
       1.524570825172e-02       8.238289115783e+03 
       1.525305315502e-02       8.238715774369e+03 
       1.526039853139e-02       8.239140650204e+03 
       1.526774438128e-02       8.239563722031e+03 
       1.527509070516e-02       8.239984990915e+03 
       1.528243750348e-02       8.240404457917e+03 
       1.528978477671e-02       8.240822124104e+03 
       1.529713252530e-02       8.241237990542e+03 
       1.530448074971e-02       8.241652058298e+03 
       1.531182945042e-02       8.242064328450e+03 
       1.531917862787e-02       8.242474802083e+03 
       1.532652828254e-02       8.242883471513e+03 
       1.533387841489e-02       8.243290354549e+03 
       1.534122902538e-02       8.243695444045e+03 
       1.534858011449e-02       8.244098741142e+03 
       1.535593168266e-02       8.244500246900e+03 
       1.536328373039e-02       8.244899962375e+03 
       1.537063625812e-02       8.245297888634e+03 
       1.537798926633e-02       8.245694026744e+03 
       1.538534275549e-02       8.246088377780e+03 
       1.539269672607e-02       8.246480942731e+03 
       1.540005117854e-02       8.246871710599e+03 
       1.540740611337e-02       8.247260705607e+03 
       1.541476153103e-02       8.247647917602e+03 
       1.542211743200e-02       8.248033347654e+03 
       1.542947381674e-02       8.248416993834e+03 
       1.543683068574e-02       8.248798861725e+03 
       1.544418803946e-02       8.249178951830e+03 
       1.545154587839e-02       8.249557264138e+03 
       1.545890420299e-02       8.249933799694e+03 
       1.546626301376e-02       8.250308559554e+03 
       1.547362231115e-02       8.250681544772e+03 
       1.548098209566e-02       8.251052756402e+03 
       1.548834236775e-02       8.251422195506e+03 
       1.549570312792e-02       8.251789863152e+03 
       1.550306437664e-02       8.252155760425e+03 
       1.551042611439e-02       8.252519871007e+03 
       1.551778834165e-02       8.252882228966e+03 
       1.552515105891e-02       8.253242819438e+03 
       1.553251426665e-02       8.253601643463e+03 
       1.553987796535e-02       8.253958702081e+03 
       1.554724215550e-02       8.254313996331e+03 
       1.555460683758e-02       8.254667527252e+03 
       1.556197201209e-02       8.255019295891e+03 
       1.556933767950e-02       8.255369303290e+03 
       1.557670384030e-02       8.255717550503e+03 
       1.558407049499e-02       8.256064040685e+03 
       1.559143764405e-02       8.256408759067e+03 
       1.559880528797e-02       8.256751731011e+03 
       1.560617342724e-02       8.257092946776e+03 
       1.561354206235e-02       8.257432407401e+03 
       1.562091119380e-02       8.257770113925e+03 
       1.562828082208e-02       8.258106067392e+03 
       1.563565094767e-02       8.258440268850e+03 
       1.564302157108e-02       8.258772719346e+03 
       1.565039269280e-02       8.259103419936e+03 
       1.565776431333e-02       8.259432371271e+03 
       1.566513643315e-02       8.259759562122e+03 
       1.567250905278e-02       8.260085017882e+03 
       1.567988217270e-02       8.260408727688e+03 
       1.568725579341e-02       8.260730692417e+03 
       1.569462991542e-02       8.261050909122e+03 
       1.570200453922e-02       8.261369386779e+03 
       1.570937966531e-02       8.261686122516e+03 
       1.571675529420e-02       8.262001117357e+03 
       1.572413142639e-02       8.262314372334e+03 
       1.573150806237e-02       8.262625888480e+03 
       1.573888520266e-02       8.262935666830e+03 
       1.574626284776e-02       8.263243708420e+03 
       1.575364099817e-02       8.263550014296e+03 
       1.576101965440e-02       8.263854585511e+03 
       1.576839881695e-02       8.264157430539e+03 
       1.577577848634e-02       8.264458509160e+03 
       1.578315866307e-02       8.264757880704e+03 
       1.579053934764e-02       8.265055521414e+03 
       1.579792054057e-02       8.265351432298e+03 
       1.580530224238e-02       8.265645614369e+03 
       1.581268445356e-02       8.265938068645e+03 
       1.582006717463e-02       8.266228796145e+03 
       1.582745040611e-02       8.266517797894e+03 
       1.583483414850e-02       8.266805074919e+03 
       1.584221840232e-02       8.267090628254e+03 
       1.584960316809e-02       8.267374449588e+03 
       1.585698844632e-02       8.267656557559e+03 
       1.586437423753e-02       8.267936944873e+03 
       1.587176054223e-02       8.268215612412e+03 
       1.587914736094e-02       8.268492561184e+03 
       1.588653469419e-02       8.268767792201e+03 
       1.589392254248e-02       8.269041306478e+03 
       1.590131090634e-02       8.269313105031e+03 
       1.590869978629e-02       8.269583188883e+03 
       1.591608918285e-02       8.269851558853e+03 
       1.592347909655e-02       8.270118203182e+03 
       1.593086952790e-02       8.270383147797e+03 
       1.593826047743e-02       8.270646381579e+03 
       1.594565194567e-02       8.270907905548e+03 
       1.595304393313e-02       8.271167716535e+03 
       1.596043644035e-02       8.271425823221e+03 
       1.596782946786e-02       8.271682223298e+03 
       1.597522301617e-02       8.271936917509e+03 
       1.598261708582e-02       8.272189906854e+03 
       1.599001167734e-02       8.272441192337e+03 
       1.599740679126e-02       8.272690774959e+03 
       1.600480242810e-02       8.272938655728e+03 
       1.601219858841e-02       8.273184835656e+03 
       1.601959527270e-02       8.273429315771e+03 
       1.602699248152e-02       8.273672097112e+03 
       1.603439021540e-02       8.273913161676e+03 
       1.604178847487e-02       8.274152546769e+03 
       1.604918726046e-02       8.274390235717e+03 
       1.605658657272e-02       8.274626229606e+03 
       1.606398641218e-02       8.274860529428e+03 
       1.607138677938e-02       8.275093136177e+03 
       1.607878767485e-02       8.275324050850e+03 
       1.608618909914e-02       8.275553274439e+03 
       1.609359105278e-02       8.275780807945e+03 
       1.610099353632e-02       8.276006652362e+03 
       1.610839655029e-02       8.276230810006e+03 
       1.611580009525e-02       8.276453267672e+03 
       1.612320417172e-02       8.276674049818e+03 
       1.613060878027e-02       8.276893146699e+03 
       1.613801392142e-02       8.277110559304e+03 
       1.614541959573e-02       8.277326288626e+03 
       1.615282580373e-02       8.277540335656e+03 
       1.616023254599e-02       8.277752701390e+03 
       1.616763982305e-02       8.277963386836e+03 
       1.617504763544e-02       8.278172393004e+03 
       1.618245598374e-02       8.278379726628e+03 
       1.618986486847e-02       8.278585357017e+03 
       1.619727429021e-02       8.278789329924e+03 
       1.620468424948e-02       8.278991627312e+03 
       1.621209474686e-02       8.279192250149e+03 
       1.621950578289e-02       8.279391194671e+03 
       1.622691735813e-02       8.279588470916e+03 
       1.623432947312e-02       8.279784075497e+03 
       1.624174212843e-02       8.279978009384e+03 
       1.624915532462e-02       8.280170273556e+03 
       1.625656906224e-02       8.280360868998e+03 
       1.626398334184e-02       8.280549796695e+03 
       1.627139816399e-02       8.280737057643e+03 
       1.627881352925e-02       8.280922652843e+03 
       1.628622943817e-02       8.281106583300e+03 
       1.629364589133e-02       8.281288851362e+03 
       1.630106288927e-02       8.281469433708e+03 
       1.630848043256e-02       8.281648373970e+03 
       1.631589852178e-02       8.281825653128e+03 
       1.632331715747e-02       8.282001272150e+03 
       1.633073634021e-02       8.282175232003e+03 
       1.633815607056e-02       8.282347533656e+03 
       1.634557634909e-02       8.282518178108e+03 
       1.635299717637e-02       8.282687166250e+03 
       1.636041855297e-02       8.282854499144e+03 
       1.636784047945e-02       8.283020177746e+03 
       1.637526295638e-02       8.283184207307e+03 
       1.638268598434e-02       8.283346565062e+03 
       1.639010956390e-02       8.283507285607e+03 
       1.639753369562e-02       8.283666355602e+03 
       1.640495838009e-02       8.283823776013e+03 
       1.641238361788e-02       8.283979547805e+03 
       1.641980940956e-02       8.284133671946e+03 
       1.642723575571e-02       8.284286149410e+03 
       1.643466265691e-02       8.284436981171e+03 
       1.644209011373e-02       8.284586168218e+03 
       1.644951812675e-02       8.284733710120e+03 
       1.645694669654e-02       8.284879596737e+03 
       1.646437582370e-02       8.285023854043e+03 
       1.647180550881e-02       8.285166470216e+03 
       1.647923575243e-02       8.285307448581e+03 
       1.648666655516e-02       8.285446785687e+03 
       1.649409791757e-02       8.285584484666e+03 
       1.650152984026e-02       8.285720546499e+03 
       1.650896232381e-02       8.285854972177e+03 
       1.651639536880e-02       8.285987765684e+03 
       1.652382897582e-02       8.286118897824e+03 
       1.653126314546e-02       8.286248418880e+03 
       1.653869787831e-02       8.286376307340e+03 
       1.654613317495e-02       8.286502564154e+03 
       1.655356903597e-02       8.286627190276e+03 
       1.656100546197e-02       8.286750186656e+03 
       1.656844245354e-02       8.286871554250e+03 
       1.657588001127e-02       8.286991294011e+03 
       1.658331813575e-02       8.287109406898e+03 
       1.659075682758e-02       8.287225893881e+03 
       1.659819608735e-02       8.287340757777e+03 
       1.660563591566e-02       8.287453982498e+03 
       1.661307631310e-02       8.287565596414e+03 
       1.662051728028e-02       8.287675588087e+03 
       1.662795881779e-02       8.287783958463e+03 
       1.663540092623e-02       8.287890708489e+03 
       1.664284360621e-02       8.287995839119e+03 
       1.665028685831e-02       8.288099351309e+03 
       1.665773068315e-02       8.288201246023e+03 
       1.666517508132e-02       8.288301524238e+03 
       1.667262005344e-02       8.288400169421e+03 
       1.668006560010e-02       8.288497218821e+03 
       1.668751172191e-02       8.288592651691e+03 
       1.669495841947e-02       8.288686471639e+03 
       1.670240569340e-02       8.288778680452e+03 
       1.670985354430e-02       8.288869271199e+03 
       1.671730197278e-02       8.288958257549e+03 
       1.672475097945e-02       8.289045634674e+03 
       1.673220056492e-02       8.289131403514e+03 
       1.673965072980e-02       8.289215565011e+03 
       1.674710147470e-02       8.289298120100e+03 
       1.675455280025e-02       8.289379069744e+03 
       1.676200470704e-02       8.289458414879e+03 
       1.676945719569e-02       8.289536156473e+03 
       1.677691026683e-02       8.289612295496e+03 
       1.678436392107e-02       8.289686841448e+03 
       1.679181815902e-02       8.289759747120e+03 
       1.679927298131e-02       8.289831082014e+03 
       1.680672838855e-02       8.289900817796e+03 
       1.681418438136e-02       8.289968955396e+03 
       1.682164096036e-02       8.290035495744e+03 
       1.682909812619e-02       8.290100439774e+03 
       1.683655587945e-02       8.290163788427e+03 
       1.684401422077e-02       8.290225542630e+03 
       1.685147315078e-02       8.290285703325e+03 
       1.685893267010e-02       8.290344271459e+03 
       1.686639277936e-02       8.290401242923e+03 
       1.687385347919e-02       8.290456621679e+03 
       1.688131477021e-02       8.290510416585e+03 
       1.688877665306e-02       8.290562622491e+03 
       1.689623912835e-02       8.290613240322e+03 
       1.690370219673e-02       8.290662271005e+03 
       1.691116585883e-02       8.290709715473e+03 
       1.691863011527e-02       8.290755574663e+03 
       1.692609496670e-02       8.290799849518e+03 
       1.693356041374e-02       8.290842540990e+03 
       1.694102645703e-02       8.290883632300e+03 
       1.694849309721e-02       8.290923160645e+03 
       1.695596033491e-02       8.290961105972e+03 
       1.696342817078e-02       8.290997471412e+03 
       1.697089660544e-02       8.291032257950e+03 
       1.697836563955e-02       8.291065460743e+03 
       1.698583527374e-02       8.291097091537e+03 
       1.699330550865e-02       8.291127146047e+03 
       1.700077634493e-02       8.291155625189e+03 
       1.700824778321e-02       8.291182529880e+03 
       1.701571982415e-02       8.291207861041e+03 
       1.702319246839e-02       8.291231619600e+03 
       1.703066571657e-02       8.291253806540e+03 
       1.703813956935e-02       8.291274422642e+03 
       1.704561402736e-02       8.291293469013e+03 
       1.705308909126e-02       8.291310949314e+03 
       1.706056476171e-02       8.291326832902e+03 
       1.706804103934e-02       8.291341173395e+03 
       1.707551792481e-02       8.291353947480e+03 
       1.708299541877e-02       8.291365156065e+03 
       1.709047352189e-02       8.291374800058e+03 
       1.709795223480e-02       8.291382880369e+03 
       1.710543155817e-02       8.291389397907e+03 
       1.711291149266e-02       8.291394353585e+03 
       1.712039203891e-02       8.291397748319e+03 
       1.712787319759e-02       8.291399583030e+03 
       1.713535496937e-02       8.291399861369e+03 
       1.714283735488e-02       8.291398563697e+03 
       1.715032035481e-02       8.291395722709e+03 
       1.715780396981e-02       8.291391325181e+03 
       1.716528820054e-02       8.291385372018e+03 
       1.717277304767e-02       8.291377864127e+03 
       1.718025851186e-02       8.291368802425e+03 
       1.718774459378e-02       8.291358187472e+03 
       1.719523129410e-02       8.291346019859e+03 
       1.720271861347e-02       8.291332301187e+03 
       1.721020655258e-02       8.291317035653e+03 
       1.721769511209e-02       8.291300197275e+03 
       1.722518429266e-02       8.291281829373e+03 
       1.723267409498e-02       8.291261913835e+03 
       1.724016451971e-02       8.291240451526e+03 
       1.724765556753e-02       8.291217436642e+03 
       1.725514723911e-02       8.291192884050e+03 
       1.726263953513e-02       8.291166786296e+03 
       1.727013245626e-02       8.291139145301e+03 
       1.727762600318e-02       8.291109961957e+03 
       1.728512017657e-02       8.291079237165e+03 
       1.729261497710e-02       8.291046971827e+03 
       1.730011040546e-02       8.291013166851e+03 
       1.730760646233e-02       8.290977823144e+03 
       1.731510314839e-02       8.290940941640e+03 
       1.732260046432e-02       8.290902523259e+03 
       1.733009841081e-02       8.290862547832e+03 
       1.733759698854e-02       8.290821054467e+03 
       1.734509619820e-02       8.290778028492e+03 
       1.735259604046e-02       8.290733468980e+03 
       1.736009651603e-02       8.290687376738e+03 
       1.736759762560e-02       8.290639752647e+03 
       1.737509936984e-02       8.290590597599e+03 
       1.738260174945e-02       8.290539912484e+03 
       1.739010476512e-02       8.290487698190e+03 
       1.739760841754e-02       8.290433955616e+03 
       1.740511270742e-02       8.290378685659e+03 
       1.741261763544e-02       8.290321885413e+03 
       1.742012320229e-02       8.290263554103e+03 
       1.742762940868e-02       8.290203706181e+03 
       1.743513625530e-02       8.290142334264e+03 
       1.744264374286e-02       8.290079439149e+03 
       1.745015187204e-02       8.290015021877e+03 
       1.745766064356e-02       8.289949083265e+03 
       1.746517005810e-02       8.289881624199e+03 
       1.747268011638e-02       8.289812645581e+03 
       1.748019081910e-02       8.289742148312e+03 
       1.748770216696e-02       8.289670140381e+03 
       1.749521416067e-02       8.289596583559e+03 
       1.750272680094e-02       8.289521534077e+03 
       1.751024008846e-02       8.289444969260e+03 
       1.751775402396e-02       8.289366889992e+03 
       1.752526860813e-02       8.289287291416e+03 
       1.753278384170e-02       8.289206185249e+03 
       1.754029972537e-02       8.289123567215e+03 
       1.754781625985e-02       8.289039438216e+03 
       1.755533344586e-02       8.288953799055e+03 
       1.756285128411e-02       8.288866650607e+03 
       1.757036977532e-02       8.288777993759e+03 
       1.757788892021e-02       8.288687829390e+03 
       1.758540871948e-02       8.288596158387e+03 
       1.759292917387e-02       8.288502981646e+03 
       1.760045028409e-02       8.288408300077e+03 
       1.760797205085e-02       8.288312091403e+03 
       1.761549447489e-02       8.288214400156e+03 
       1.762301755693e-02       8.288115207033e+03 
       1.763054129768e-02       8.288014512251e+03 
       1.763806569788e-02       8.287912316672e+03 
       1.764559075824e-02       8.287808621063e+03 
       1.765311647951e-02       8.287703426468e+03 
       1.766064286239e-02       8.287596733670e+03 
       1.766816990763e-02       8.287488543542e+03 
       1.767569761595e-02       8.287378856956e+03 
       1.768322598808e-02       8.287267674794e+03 
       1.769075502476e-02       8.287155003062e+03 
       1.769828472671e-02       8.287040813851e+03 
       1.770581509468e-02       8.286925148963e+03 
       1.771334612940e-02       8.286807991794e+03 
       1.772087783159e-02       8.286689343192e+03 
       1.772841020201e-02       8.286569204018e+03 
       1.773594324139e-02       8.286447575132e+03 
       1.774347695046e-02       8.286324457312e+03 
       1.775101132997e-02       8.286199851601e+03 
       1.775854638067e-02       8.286073758807e+03 
       1.776608210328e-02       8.285946182082e+03 
       1.777361849856e-02       8.285817097429e+03 
       1.778115556724e-02       8.285686547035e+03 
       1.778869331009e-02       8.285554512792e+03 
       1.779623172783e-02       8.285420995557e+03 
       1.780377082122e-02       8.285285995315e+03 
       1.781131059102e-02       8.285149509178e+03 
       1.781885103795e-02       8.285011547518e+03 
       1.782639216279e-02       8.284872106191e+03 
       1.783393396628e-02       8.284731186049e+03 
       1.784147644917e-02       8.284588787851e+03 
       1.784901961222e-02       8.284444912609e+03 
       1.785656345618e-02       8.284299561114e+03 
       1.786410798181e-02       8.284152734227e+03 
       1.787165318987e-02       8.284004432833e+03 
       1.787919908111e-02       8.283854657808e+03 
       1.788674565630e-02       8.283703417740e+03 
       1.789429291619e-02       8.283550664666e+03 
       1.790184086154e-02       8.283396471687e+03 
       1.790938949313e-02       8.283240808172e+03 
       1.791693881170e-02       8.283083674974e+03 
       1.792448881804e-02       8.282925072927e+03 
       1.793203951289e-02       8.282765002871e+03 
       1.793959089704e-02       8.282603465647e+03 
       1.794714297124e-02       8.282440461999e+03 
       1.795469573628e-02       8.282275992960e+03 
       1.796224919291e-02       8.282110059294e+03 
       1.796980334190e-02       8.281942661803e+03 
       1.797735818404e-02       8.281773788208e+03 
       1.798491372010e-02       8.281603464625e+03 
       1.799246995084e-02       8.281431679631e+03 
       1.800002687705e-02       8.281258434065e+03 
       1.800758449950e-02       8.281083728760e+03 
       1.801514281898e-02       8.280907564571e+03 
       1.802270183625e-02       8.280729942337e+03 
       1.803026155210e-02       8.280550862910e+03 
       1.803782196731e-02       8.280370327142e+03 
       1.804538308266e-02       8.280188335808e+03 
       1.805294489894e-02       8.280004872096e+03 
       1.806050741694e-02       8.279819970765e+03 
       1.806807063742e-02       8.279633616361e+03 
       1.807563456120e-02       8.279445809598e+03 
       1.808319918904e-02       8.279256552376e+03 
       1.809076452175e-02       8.279065836022e+03 
       1.809833056011e-02       8.278873676625e+03 
       1.810589730491e-02       8.278680068110e+03 
       1.811346475694e-02       8.278485011311e+03 
       1.812103291700e-02       8.278288507062e+03 
       1.812860178589e-02       8.278090556194e+03 
       1.813617136439e-02       8.277891159543e+03 
       1.814374165332e-02       8.277690317862e+03 
       1.815131265345e-02       8.277488032160e+03 
       1.815888436560e-02       8.277284303221e+03 
       1.816645679057e-02       8.277079131519e+03 
       1.817402992915e-02       8.276872493592e+03 
       1.818160378214e-02       8.276664437798e+03 
       1.818917835036e-02       8.276454941846e+03 
       1.819675363461e-02       8.276244006491e+03 
       1.820432963569e-02       8.276031632551e+03 
       1.821190635441e-02       8.275817820843e+03 
       1.821948379158e-02       8.275602572200e+03 
       1.822706194801e-02       8.275385887442e+03 
       1.823464082451e-02       8.275167767399e+03 
       1.824222042188e-02       8.274948212900e+03 
       1.824980074096e-02       8.274727224674e+03 
       1.825738178254e-02       8.274504790447e+03 
       1.826496354744e-02       8.274280936535e+03 
       1.827254603649e-02       8.274055651203e+03 
       1.828012925049e-02       8.273828935364e+03 
       1.828771319027e-02       8.273600789834e+03 
       1.829529785665e-02       8.273371215432e+03 
       1.830288325044e-02       8.273140212976e+03 
       1.831046937248e-02       8.272907783283e+03 
       1.831805622358e-02       8.272673927197e+03 
       1.832564380456e-02       8.272438645550e+03 
       1.833323211627e-02       8.272201937089e+03 
       1.834082115951e-02       8.271963789622e+03 
       1.834841093512e-02       8.271724234468e+03 
       1.835600144394e-02       8.271483256882e+03 
       1.836359268678e-02       8.271240857603e+03 
       1.837118466449e-02       8.270997031170e+03 
       1.837877737789e-02       8.270751790403e+03 
       1.838637082782e-02       8.270505130296e+03 
       1.839396501511e-02       8.270257051652e+03 
       1.840155994061e-02       8.270007555285e+03 
       1.840915560514e-02       8.269756641998e+03 
       1.841675200955e-02       8.269504312609e+03 
       1.842434915468e-02       8.269250567935e+03 
       1.843194704137e-02       8.268995408797e+03 
       1.843954567046e-02       8.268738836026e+03 
       1.844714504280e-02       8.268480850380e+03 
       1.845474515923e-02       8.268221424028e+03 
       1.846234602059e-02       8.267960616616e+03 
       1.846994762774e-02       8.267698395132e+03 
       1.847754998152e-02       8.267434763769e+03 
       1.848515308278e-02       8.267169723320e+03 
       1.849275693238e-02       8.266903274586e+03 
       1.850036153117e-02       8.266635418367e+03 
       1.850796687999e-02       8.266366155469e+03 
       1.851557297971e-02       8.266095486693e+03 
       1.852317983118e-02       8.265823412857e+03 
       1.853078743525e-02       8.265549934767e+03 
       1.853839579279e-02       8.265275058287e+03 
       1.854600490466e-02       8.264998754834e+03 
       1.855361477171e-02       8.264721067467e+03 
       1.856122539482e-02       8.264441978958e+03 
       1.856883677483e-02       8.264161490009e+03 
       1.857644891262e-02       8.263879601424e+03 
       1.858406180905e-02       8.263596314004e+03 
       1.859167546499e-02       8.263311628556e+03 
       1.859928988131e-02       8.263025545887e+03 
       1.860690505887e-02       8.262738066814e+03 
       1.861452099856e-02       8.262449194915e+03 
       1.862213770123e-02       8.262158903568e+03 
       1.862975516777e-02       8.261867238523e+03 
       1.863737339904e-02       8.261574180054e+03 
       1.864499239592e-02       8.261279728949e+03 
       1.865261215930e-02       8.260983885271e+03 
       1.866023269005e-02       8.260686645117e+03 
       1.866785398904e-02       8.260388020238e+03 
       1.867547605716e-02       8.260088005787e+03 
       1.868309889530e-02       8.259786602556e+03 
       1.869072250433e-02       8.259483811334e+03 
       1.869834688513e-02       8.259179632916e+03 
       1.870597203861e-02       8.258874068098e+03 
       1.871359796563e-02       8.258567117672e+03 
       1.872122466710e-02       8.258258782456e+03 
       1.872885214389e-02       8.257949063272e+03 
       1.873648039691e-02       8.257637967282e+03 
       1.874410942704e-02       8.257325449017e+03 
       1.875173923518e-02       8.257011580346e+03 
       1.875936982222e-02       8.256696330632e+03 
       1.876700118906e-02       8.256379700530e+03 
       1.877463333659e-02       8.256061690863e+03 
       1.878226626572e-02       8.255742302400e+03 
       1.878989997735e-02       8.255421535913e+03 
       1.879753447237e-02       8.255099392187e+03 
       1.880516975168e-02       8.254775872007e+03 
       1.881280581621e-02       8.254450976179e+03 
       1.882044266683e-02       8.254124705243e+03 
       1.882808030447e-02       8.253797046655e+03 
       1.883571873004e-02       8.253468027378e+03 
       1.884335794443e-02       8.253137635413e+03 
       1.885099794857e-02       8.252805871521e+03 
       1.885863874336e-02       8.252472736369e+03 
       1.886628032971e-02       8.252138230930e+03 
       1.887392270855e-02       8.251802355891e+03 
       1.888156588078e-02       8.251465112044e+03 
       1.888920984733e-02       8.251126500179e+03 
       1.889685460911e-02       8.250786521102e+03 
       1.890450016704e-02       8.250445153805e+03 
       1.891214652204e-02       8.250102444064e+03 
       1.891979367504e-02       8.249758366248e+03 
       1.892744162695e-02       8.249412924097e+03 
       1.893509037871e-02       8.249066118274e+03 
       1.894273993124e-02       8.248717943216e+03 
       1.895039028546e-02       8.248368412099e+03 
       1.895804144232e-02       8.248017519530e+03 
       1.896569340273e-02       8.247665266460e+03 
       1.897334616762e-02       8.247311653570e+03 
       1.898099973794e-02       8.246956681621e+03 
       1.898865411462e-02       8.246600351402e+03 
       1.899630929858e-02       8.246242663680e+03 
       1.900396529078e-02       8.245883619241e+03 
       1.901162209214e-02       8.245523218874e+03 
       1.901927970361e-02       8.245161463378e+03 
       1.902693812613e-02       8.244798328708e+03 
       1.903459736064e-02       8.244433861401e+03 
       1.904225740809e-02       8.244068042716e+03 
       1.904991826941e-02       8.243700871639e+03 
       1.905757994556e-02       8.243332348828e+03 
       1.906524243749e-02       8.242962475212e+03 
       1.907290574614e-02       8.242591251477e+03 
       1.908056987246e-02       8.242218678378e+03 
       1.908823481741e-02       8.241844756686e+03 
       1.909590058194e-02       8.241469487159e+03 
       1.910356716701e-02       8.241092870572e+03 
       1.911123457357e-02       8.240714911768e+03 
       1.911890280257e-02       8.240335584582e+03 
       1.912657185499e-02       8.239954930161e+03 
       1.913424173177e-02       8.239572931577e+03 
       1.914191243389e-02       8.239189589486e+03 
       1.914958396230e-02       8.238804904739e+03 
       1.915725631797e-02       8.238418878066e+03 
       1.916492950186e-02       8.238031510108e+03 
       1.917260351494e-02       8.237642801838e+03 
       1.918027835819e-02       8.237252753929e+03 
       1.918795403256e-02       8.236861367104e+03 
       1.919563053904e-02       8.236468622592e+03 
       1.920330787860e-02       8.236074558910e+03 
       1.921098605220e-02       8.235679158303e+03 
       1.921866506083e-02       8.235282421623e+03 
       1.922634490547e-02       8.234884350772e+03 
       1.923402558708e-02       8.234484936131e+03 
       1.924170710666e-02       8.234084195151e+03 
       1.924938946518e-02       8.233682120999e+03 
       1.925707266363e-02       8.233278714420e+03 
       1.926475670300e-02       8.232873976055e+03 
       1.927244158425e-02       8.232467906842e+03 
       1.928012730840e-02       8.232060507468e+03 
       1.928781387642e-02       8.231651778659e+03 
       1.929550128930e-02       8.231241721192e+03 
       1.930318954803e-02       8.230830335840e+03 
       1.931087865362e-02       8.230417623369e+03 
       1.931856860704e-02       8.230003555057e+03 
       1.932625940931e-02       8.229588190440e+03 
       1.933395106141e-02       8.229171498630e+03 
       1.934164356435e-02       8.228753482354e+03 
       1.934933691912e-02       8.228334142346e+03 
       1.935703112674e-02       8.227913479336e+03 
       1.936472618819e-02       8.227491493955e+03 
       1.937242210448e-02       8.227068187127e+03 
       1.938011887663e-02       8.226643559515e+03 
       1.938781650564e-02       8.226217611860e+03 
       1.939551499252e-02       8.225790344919e+03 
       1.940321433827e-02       8.225361764385e+03 
       1.941091454392e-02       8.224931841037e+03 
       1.941861561047e-02       8.224500619428e+03 
       1.942631753894e-02       8.224068081307e+03 
       1.943402033035e-02       8.223634227409e+03 
       1.944172398571e-02       8.223199058473e+03 
       1.944942850605e-02       8.222762575224e+03 
       1.945713389238e-02       8.222324778406e+03 
       1.946484014573e-02       8.221885668662e+03 
       1.947254726712e-02       8.221445246917e+03 
       1.948025525758e-02       8.221003513824e+03 
       1.948796411813e-02       8.220560450367e+03 
       1.949567384980e-02       8.220116094983e+03 
       1.950338445363e-02       8.219670430481e+03 
       1.951109593064e-02       8.219223457345e+03 
       1.951880828186e-02       8.218775176455e+03 
       1.952652150834e-02       8.218325582824e+03 
       1.953423561111e-02       8.217874687753e+03 
       1.954195059120e-02       8.217422486823e+03 
       1.954966644965e-02       8.216968980875e+03 
       1.955738318751e-02       8.216514170597e+03 
       1.956510080582e-02       8.216058056725e+03 
       1.957281930562e-02       8.215600639879e+03 
       1.958053868795e-02       8.215141921026e+03 
       1.958825895387e-02       8.214681890186e+03 
       1.959598010442e-02       8.214220557730e+03 
       1.960370214065e-02       8.213757935067e+03 
       1.961142506361e-02       8.213294012938e+03 
       1.961914887435e-02       8.212828792065e+03 
       1.962687357394e-02       8.212362273166e+03 
       1.963459916342e-02       8.211894456959e+03 
       1.964232564385e-02       8.211425344182e+03 
       1.965005301630e-02       8.210954936068e+03 
       1.965778128182e-02       8.210483220614e+03 
       1.966551044148e-02       8.210010221576e+03 
       1.967324049633e-02       8.209535928573e+03 
       1.968097144745e-02       8.209060342576e+03 
       1.968870329590e-02       8.208583464200e+03 
       1.969643604275e-02       8.208105294176e+03 
       1.970416968907e-02       8.207625833239e+03 
       1.971190423593e-02       8.207145086349e+03 
       1.971963968441e-02       8.206663025800e+03 
       1.972737603557e-02       8.206179695139e+03 
       1.973511329051e-02       8.205695075933e+03 
       1.974285145028e-02       8.205209159204e+03 
       1.975059051598e-02       8.204721965121e+03 
       1.975833048869e-02       8.204233484833e+03 
       1.976607136948e-02       8.203743719093e+03 
       1.977381315945e-02       8.203252668267e+03 
       1.978155585967e-02       8.202760333486e+03 
       1.978929947124e-02       8.202266715288e+03 
       1.979704399525e-02       8.201771814376e+03 
       1.980478943278e-02       8.201275631460e+03 
       1.981253578492e-02       8.200778167253e+03 
       1.982028305279e-02       8.200279422465e+03 
       1.982803123745e-02       8.199779397814e+03 
       1.983578034003e-02       8.199278094010e+03 
       1.984353036160e-02       8.198775511791e+03 
       1.985128130329e-02       8.198271651887e+03 
       1.985903316618e-02       8.197766515045e+03 
       1.986678595137e-02       8.197260102064e+03 
       1.987453965999e-02       8.196752369721e+03 
       1.988229429313e-02       8.196243403184e+03 
       1.989004985190e-02       8.195733161895e+03 
       1.989780633741e-02       8.195221646721e+03 
       1.990556375078e-02       8.194708858362e+03 
       1.991332209311e-02       8.194194797504e+03 
       1.992108136553e-02       8.193679464836e+03 
       1.992884156914e-02       8.193162861047e+03 
       1.993660270508e-02       8.192644986827e+03 
       1.994436477445e-02       8.192125842876e+03 
       1.995212777839e-02       8.191605429885e+03 
       1.995989171800e-02       8.191083748598e+03 
       1.996765659443e-02       8.190560799542e+03 
       1.997542240880e-02       8.190036583478e+03 
       1.998318916223e-02       8.189511101240e+03 
       1.999095685585e-02       8.188984353452e+03 
       1.999872549080e-02       8.188456340825e+03 
       2.000649506822e-02       8.187927070725e+03 
       2.001426558923e-02       8.187396499632e+03 
       2.002203705497e-02       8.186864694686e+03 
       2.002980946659e-02       8.186331627404e+03 
       2.003758282521e-02       8.185797298466e+03 
       2.004535713200e-02       8.185261708554e+03 
       2.005313238808e-02       8.184724858356e+03 
       2.006090859460e-02       8.184186748554e+03 
       2.006868575272e-02       8.183647379837e+03 
       2.007646386357e-02       8.183106752788e+03 
       2.008424292832e-02       8.182564868276e+03 
       2.009202294811e-02       8.182021726909e+03 
       2.009980392410e-02       8.181477329372e+03 
       2.010758585744e-02       8.180931676402e+03 
       2.011536874929e-02       8.180384768680e+03 
       2.012315260081e-02       8.179836606937e+03 
       2.013093741316e-02       8.179287199167e+03 
       2.013872318751e-02       8.178736490780e+03 
       2.014650992501e-02       8.178184568400e+03 
       2.015429762684e-02       8.177631394390e+03 
       2.016208629416e-02       8.177076969420e+03 
       2.016987592814e-02       8.176521294168e+03 
       2.017766652996e-02       8.175964369211e+03 
       2.018545810078e-02       8.175406196619e+03 
       2.019325064179e-02       8.174846765900e+03 
       2.020104415415e-02       8.174286095685e+03 
       2.020883863905e-02       8.173724178482e+03 
       2.021663409766e-02       8.173161014966e+03 
       2.022443053118e-02       8.172596605813e+03 
       2.023222794078e-02       8.172030951699e+03 
       2.024002632764e-02       8.171464053306e+03 
       2.024782569296e-02       8.170895911311e+03 
       2.025562603793e-02       8.170326526408e+03 
       2.026342736373e-02       8.169755899290e+03 
       2.027122967157e-02       8.169184030663e+03 
       2.027903296262e-02       8.168610927945e+03 
       2.028683723809e-02       8.168036540234e+03 
       2.029464249918e-02       8.167460948649e+03 
       2.030244874709e-02       8.166884117842e+03 
       2.031025598302e-02       8.166306048585e+03 
       2.031806420817e-02       8.165726741505e+03 
       2.032587342374e-02       8.165146197274e+03 
       2.033368363095e-02       8.164564416550e+03 
       2.034149483101e-02       8.163981400005e+03 
       2.034930702512e-02       8.163397148299e+03 
       2.035712021449e-02       8.162811662125e+03 
       2.036493440035e-02       8.162224942164e+03 
       2.037274958391e-02       8.161636973294e+03 
       2.038056576638e-02       8.161047786674e+03 
       2.038838294899e-02       8.160457367809e+03 
       2.039620113295e-02       8.159865717717e+03 
       2.040402031949e-02       8.159272836958e+03 
       2.041184050984e-02       8.158678726197e+03 
       2.041966170523e-02       8.158083386096e+03 
       2.042748390687e-02       8.157486817322e+03 
       2.043530711602e-02       8.156889020549e+03 
       2.044313133388e-02       8.156289996472e+03 
       2.045095656171e-02       8.155689746692e+03 
       2.045878280074e-02       8.155088247135e+03 
       2.046661005220e-02       8.154485543444e+03 
       2.047443831734e-02       8.153881614847e+03 
       2.048226759739e-02       8.153276462016e+03 
       2.049009789361e-02       8.152670087528e+03 
       2.049792920724e-02       8.152062478379e+03 
       2.050576153952e-02       8.151453656135e+03 
       2.051359489171e-02       8.150843612181e+03 
       2.052142926506e-02       8.150232347169e+03 
       2.052926466082e-02       8.149619861753e+03 
       2.053710108024e-02       8.149006156598e+03 
       2.054493852459e-02       8.148391232318e+03 
       2.055277699513e-02       8.147775089607e+03 
       2.056061649310e-02       8.147157729130e+03 
       2.056845701979e-02       8.146539151559e+03 
       2.057629857644e-02       8.145919357579e+03 
       2.058414116434e-02       8.145298357337e+03 
       2.059198478474e-02       8.144676090966e+03 
       2.059982943892e-02       8.144052649171e+03 
       2.060767512815e-02       8.143427993230e+03 
       2.061552185371e-02       8.142802123791e+03 
       2.062336961687e-02       8.142175041493e+03 
       2.063121841891e-02       8.141546747028e+03 
       2.063906826112e-02       8.140917240883e+03 
       2.064691914476e-02       8.140286523861e+03 
       2.065477107114e-02       8.139654596552e+03 
       2.066262404152e-02       8.139021459621e+03 
       2.067047805721e-02       8.138387113712e+03 
       2.067833311950e-02       8.137751565435e+03 
       2.068618922966e-02       8.137114780696e+03 
       2.069404638901e-02       8.136476814821e+03 
       2.070190459883e-02       8.135837638202e+03 
       2.070976386042e-02       8.135197255681e+03 
       2.071762417509e-02       8.134555667915e+03 
       2.072548554413e-02       8.133912875561e+03 
       2.073334796885e-02       8.133268879281e+03 
       2.074121145055e-02       8.132623687558e+03 
       2.074907599055e-02       8.131977254502e+03 
       2.075694159015e-02       8.131329648482e+03 
       2.076480825067e-02       8.130680840868e+03 
       2.077267597341e-02       8.130030832291e+03 
       2.078054475970e-02       8.129379625776e+03 
       2.078841461085e-02       8.128727206952e+03 
       2.079628552819e-02       8.128073598528e+03 
       2.080415751303e-02       8.127418791683e+03 
       2.081203056670e-02       8.126762786943e+03 
       2.081990469052e-02       8.126105584941e+03 
       2.082777988583e-02       8.125447186309e+03 
       2.083565615395e-02       8.124787591690e+03 
       2.084353349622e-02       8.124126801725e+03 
       2.085141191397e-02       8.123464817069e+03 
       2.085929140853e-02       8.122801638369e+03 
       2.086717198125e-02       8.122137265975e+03 
       2.087505363346e-02       8.121471670390e+03 
       2.088293636651e-02       8.120804911282e+03 
       2.089082018175e-02       8.120136960144e+03 
       2.089870508051e-02       8.119467817678e+03 
       2.090659106415e-02       8.118797484721e+03 
       2.091447813401e-02       8.118125961793e+03 
       2.092236629146e-02       8.117453249522e+03 
       2.093025553785e-02       8.116779348533e+03 
       2.093814587452e-02       8.116104259457e+03 
       2.094603730285e-02       8.115427982919e+03 
       2.095392982419e-02       8.114750519554e+03 
       2.096182343991e-02       8.114071876513e+03 
       2.096971815137e-02       8.113392018017e+03 
       2.097761395994e-02       8.112710996579e+03 
       2.098551086699e-02       8.112028790619e+03 
       2.099340887389e-02       8.111345400751e+03 
       2.100130798201e-02       8.110660827469e+03 
       2.100920819273e-02       8.109975071623e+03 
       2.101710950744e-02       8.109288133753e+03 
       2.102501192749e-02       8.108600014460e+03 
       2.103291545429e-02       8.107910714392e+03 
       2.104082008922e-02       8.107220234094e+03 
       2.104872583366e-02       8.106528552436e+03 
       2.105663268899e-02       8.105835711997e+03 
       2.106454065662e-02       8.105141693180e+03 
       2.107244973793e-02       8.104446496473e+03 
       2.108035993432e-02       8.103750122790e+03 
       2.108827124719e-02       8.103052564073e+03 
       2.109618367794e-02       8.102353836728e+03 
       2.110409722796e-02       8.101653933697e+03 
       2.111201189866e-02       8.100952855824e+03 
       2.111992769146e-02       8.100250603651e+03 
       2.112784460775e-02       8.099547177651e+03 
       2.113576264894e-02       8.098842578581e+03 
       2.114368181645e-02       8.098136807020e+03 
       2.115160211170e-02       8.097429863592e+03 
       2.115952353610e-02       8.096721748931e+03 
       2.116744609106e-02       8.096012463677e+03 
       2.117536977802e-02       8.095301990908e+03 
       2.118329459840e-02       8.094590351045e+03 
       2.119122055361e-02       8.093877555089e+03 
       2.119914764509e-02       8.093163590638e+03 
       2.120707587427e-02       8.092448458152e+03 
       2.121500524258e-02       8.091732158468e+03 
       2.122293575146e-02       8.091014692111e+03 
       2.123086740234e-02       8.090296059569e+03 
       2.123880019666e-02       8.089576261558e+03 
       2.124673413587e-02       8.088855298634e+03 
       2.125466922140e-02       8.088133171429e+03 
       2.126260545471e-02       8.087409880258e+03 
       2.127054283723e-02       8.086685409962e+03 
       2.127848137043e-02       8.085959792198e+03 
       2.128642105575e-02       8.085233012379e+03 
       2.129436189465e-02       8.084505071084e+03 
       2.130230388858e-02       8.083775968800e+03 
       2.131024703901e-02       8.083045706322e+03 
       2.131819134740e-02       8.082314284211e+03 
       2.132613681521e-02       8.081581702943e+03 
       2.133408344391e-02       8.080847963265e+03 
       2.134203123496e-02       8.080113065744e+03 
       2.134998018984e-02       8.079377007204e+03 
       2.135793031002e-02       8.078639776043e+03 
       2.136588159698e-02       8.077901406727e+03 
       2.137383405219e-02       8.077161881701e+03 
       2.138178767713e-02       8.076421201561e+03 
       2.138974247329e-02       8.075679358521e+03 
       2.139769844216e-02       8.074936370042e+03 
       2.140565558521e-02       8.074192227290e+03 
       2.141361390393e-02       8.073446931761e+03 
       2.142157339983e-02       8.072700483952e+03 
       2.142953407439e-02       8.071952884446e+03 
       2.143749592911e-02       8.071204133845e+03 
       2.144545896549e-02       8.070454232742e+03 
       2.145342318503e-02       8.069703181740e+03 
       2.146138858924e-02       8.068950981450e+03 
       2.146935517961e-02       8.068197632476e+03 
       2.147732295766e-02       8.067443141108e+03 
       2.148529192490e-02       8.066687458554e+03 
       2.149326208285e-02       8.065930664633e+03 
       2.150123343301e-02       8.065172724047e+03 
       2.150920597690e-02       8.064413637247e+03 
       2.151717971605e-02       8.063653405011e+03 
       2.152515465198e-02       8.062892027818e+03 
       2.153313078621e-02       8.062129506241e+03 
       2.154110812027e-02       8.061365840866e+03 
       2.154908665569e-02       8.060601032271e+03 
       2.155706639400e-02       8.059835081040e+03 
       2.156504733674e-02       8.059067987768e+03 
       2.157302948544e-02       8.058299737072e+03 
       2.158101284165e-02       8.057530359829e+03 
       2.158899740690e-02       8.056759842511e+03 
       2.159698318274e-02       8.055988185276e+03 
       2.160497017072e-02       8.055215388692e+03 
       2.161295837238e-02       8.054441453211e+03 
       2.162094778929e-02       8.053666379630e+03 
       2.162893842298e-02       8.052890168425e+03 
       2.163693027502e-02       8.052112820175e+03 
       2.164492334697e-02       8.051334335473e+03 
       2.165291764039e-02       8.050554714397e+03 
       2.166091315684e-02       8.049773936007e+03 
       2.166890989789e-02       8.048992043634e+03 
       2.167690786511e-02       8.048209016894e+03 
       2.168490706007e-02       8.047424856331e+03 
       2.169290748435e-02       8.046639564672e+03 
       2.170090913951e-02       8.045853127901e+03 
       2.170891202715e-02       8.045065568605e+03 
       2.171691614883e-02       8.044276877523e+03 
       2.172492150615e-02       8.043487055444e+03 
       2.173292810070e-02       8.042696102823e+03 
       2.174093593405e-02       8.041904020231e+03 
       2.174894500781e-02       8.041110808234e+03 
       2.175695532356e-02       8.040316467405e+03 
       2.176496688291e-02       8.039520998319e+03 
       2.177297968745e-02       8.038724401563e+03 
       2.178099373879e-02       8.037926677728e+03 
       2.178900903852e-02       8.037127796443e+03 
       2.179702558826e-02       8.036327817087e+03 
       2.180504338961e-02       8.035526712726e+03 
       2.181306244419e-02       8.034724483059e+03 
       2.182108275362e-02       8.033921128848e+03 
       2.182910431950e-02       8.033116650538e+03 
       2.183712714346e-02       8.032311048681e+03 
       2.184515122713e-02       8.031504323844e+03 
       2.185317657211e-02       8.030696476577e+03 
       2.186120318006e-02       8.029887507441e+03 
       2.186923105258e-02       8.029077416997e+03 
       2.187726019133e-02       8.028266205187e+03 
       2.188529059792e-02       8.027453857372e+03 
       2.189332227401e-02       8.026640405033e+03 
       2.190135522123e-02       8.025825833452e+03 
       2.190938944122e-02       8.025010143140e+03 
       2.191742493563e-02       8.024193334525e+03 
       2.192546170611e-02       8.023375408371e+03 
       2.193349975431e-02       8.022556365132e+03 
       2.194153908188e-02       8.021736205364e+03 
       2.194957969048e-02       8.020914929633e+03 
       2.195762158177e-02       8.020092538506e+03 
       2.196566475742e-02       8.019269042186e+03 
       2.197370921907e-02       8.018444388251e+03 
       2.198175496842e-02       8.017618652385e+03 
       2.198980200711e-02       8.016791803078e+03 
       2.199785033683e-02       8.015963840869e+03 
       2.200589995925e-02       8.015134761908e+03 
       2.201395087605e-02       8.014304571480e+03 
       2.202200308891e-02       8.013473273008e+03 
       2.203005659951e-02       8.012640863785e+03 
       2.203811140954e-02       8.011807344255e+03 
       2.204616752068e-02       8.010972714955e+03 
       2.205422493464e-02       8.010136976439e+03 
       2.206228365310e-02       8.009300129221e+03 
       2.207034367776e-02       8.008462173882e+03 
       2.207840501031e-02       8.007623110972e+03 
       2.208646765248e-02       8.006782941047e+03 
       2.209453160595e-02       8.005941664496e+03 
       2.210259687243e-02       8.005099250082e+03 
       2.211066345364e-02       8.004255759583e+03 
       2.211873135129e-02       8.003411164319e+03 
       2.212680056710e-02       8.002565464256e+03 
       2.213487110279e-02       8.001718660159e+03 
       2.214294296007e-02       8.000870752437e+03 
       2.215101614067e-02       8.000021741627e+03 
       2.215909064633e-02       7.999171628251e+03 
       2.216716647876e-02       7.998320412850e+03 
       2.217524363970e-02       7.997468095953e+03 
       2.218332213090e-02       7.996614678102e+03 
       2.219140195408e-02       7.995760163779e+03 
       2.219948311100e-02       7.994904524064e+03 
       2.220756560338e-02       7.994047805203e+03 
       2.221564943299e-02       7.993189987327e+03 
       2.222373460157e-02       7.992331070836e+03 
       2.223182111087e-02       7.991471056457e+03 
       2.223990896265e-02       7.990609944620e+03 
       2.224799815867e-02       7.989747735851e+03 
       2.225608870069e-02       7.988884430687e+03 
       2.226418059047e-02       7.988020029658e+03 
       2.227227382979e-02       7.987154533321e+03 
       2.228036842040e-02       7.986287938779e+03 
       2.228846436410e-02       7.985420232132e+03 
       2.229656166264e-02       7.984551451084e+03 
       2.230466031781e-02       7.983681576563e+03 
       2.231276033139e-02       7.982810609086e+03 
       2.232086170517e-02       7.981938539732e+03 
       2.232896444093e-02       7.981065388601e+03 
       2.233706854047e-02       7.980191144648e+03 
       2.234517400557e-02       7.979315809706e+03 
       2.235328083804e-02       7.978439384286e+03 
       2.236138903967e-02       7.977561868913e+03 
       2.236949861227e-02       7.976683264082e+03 
       2.237760955763e-02       7.975803570330e+03 
       2.238572187758e-02       7.974922788174e+03 
       2.239383557391e-02       7.974040918138e+03 
       2.240195064845e-02       7.973157960774e+03 
       2.241006710301e-02       7.972273916170e+03 
       2.241818493941e-02       7.971388752755e+03 
       2.242630415948e-02       7.970502534110e+03 
       2.243442476503e-02       7.969615229673e+03 
       2.244254675791e-02       7.968726840230e+03 
       2.245067013993e-02       7.967837366163e+03 
       2.245879491294e-02       7.966946807982e+03 
       2.246692107878e-02       7.966055166183e+03 
       2.247504863928e-02       7.965162441276e+03 
       2.248317759630e-02       7.964268633769e+03 
       2.249130795167e-02       7.963373744171e+03 
       2.249943970725e-02       7.962477772996e+03 
       2.250757286488e-02       7.961580724108e+03 
       2.251570742644e-02       7.960682570092e+03 
       2.252384339377e-02       7.959783355897e+03 
       2.253198076874e-02       7.958883061817e+03 
       2.254011955322e-02       7.957981688577e+03 
       2.254825974907e-02       7.957079236578e+03 
       2.255640135816e-02       7.956175706314e+03 
       2.256454438238e-02       7.955271098294e+03 
       2.257268882359e-02       7.954365413023e+03 
       2.258083468368e-02       7.953458651009e+03 
       2.258898196454e-02       7.952550812772e+03 
       2.259713066804e-02       7.951641907591e+03 
       2.260528079609e-02       7.950731884766e+03 
       2.261343235057e-02       7.949820818974e+03 
       2.262158533339e-02       7.948908678705e+03 
       2.262973974643e-02       7.947995464460e+03 
       2.263789559161e-02       7.947081173163e+03 
       2.264605287083e-02       7.946165807136e+03 
       2.265421158600e-02       7.945249373168e+03 
       2.266237173903e-02       7.944331867080e+03 
       2.267053333184e-02       7.943413289356e+03 
       2.267869636635e-02       7.942493640488e+03 
       2.268686084448e-02       7.941572920967e+03 
       2.269502676815e-02       7.940651131285e+03 
       2.270319413929e-02       7.939728271934e+03 
       2.271136295984e-02       7.938804343429e+03 
       2.271953323173e-02       7.937879346268e+03 
       2.272770495690e-02       7.936953280982e+03 
       2.273587813729e-02       7.936026109336e+03 
       2.274405277484e-02       7.935097911897e+03 
       2.275222887150e-02       7.934168642322e+03 
       2.276040642923e-02       7.933238306186e+03 
       2.276858544997e-02       7.932306903972e+03 
       2.277676593569e-02       7.931374436149e+03 
       2.278494788834e-02       7.930440903199e+03 
       2.279313130990e-02       7.929506305599e+03 
       2.280131620232e-02       7.928570643821e+03 
       2.280950256758e-02       7.927633918365e+03 
       2.281769040766e-02       7.926696129713e+03 
       2.282587972452e-02       7.925757278104e+03 
       2.283407052016e-02       7.924817346969e+03 
       2.284226279655e-02       7.923876370173e+03 
       2.285045655569e-02       7.922934332028e+03 
       2.285865179956e-02       7.921991232881e+03 
       2.286684853015e-02       7.921047073200e+03 
       2.287504674947e-02       7.920101853460e+03 
       2.288324645952e-02       7.919155574133e+03 
       2.289144766230e-02       7.918208235698e+03 
       2.289965035981e-02       7.917259838640e+03 
       2.290785455407e-02       7.916310383439e+03 
       2.291606024710e-02       7.915359872695e+03 
       2.292426744091e-02       7.914408275890e+03 
       2.293247613751e-02       7.913455647353e+03 
       2.294068633895e-02       7.912501962205e+03 
       2.294889804724e-02       7.911547221134e+03 
       2.295711126441e-02       7.910591426472e+03 
       2.296532599250e-02       7.909634564240e+03 
       2.297354223356e-02       7.908676657262e+03 
       2.298175998961e-02       7.907717696032e+03 
       2.298997926271e-02       7.906757681009e+03 
       2.299820005490e-02       7.905796612657e+03 
       2.300642236824e-02       7.904834491428e+03 
       2.301464620478e-02       7.903871317800e+03 
       2.302287156658e-02       7.902907092237e+03 
       2.303109845571e-02       7.901941815210e+03 
       2.303932687422e-02       7.900975487202e+03 
       2.304755682419e-02       7.900008108565e+03 
       2.305578830769e-02       7.899039693126e+03 
       2.306402132681e-02       7.898070166535e+03 
       2.307225588361e-02       7.897099636662e+03 
       2.308049198018e-02       7.896128057783e+03 
       2.308872961861e-02       7.895155430350e+03 
       2.309696880099e-02       7.894181754813e+03 
       2.310520952941e-02       7.893207031622e+03 
       2.311345180598e-02       7.892231261220e+03 
       2.312169563279e-02       7.891254444101e+03 
       2.312994101195e-02       7.890276580641e+03 
       2.313818794556e-02       7.889297671375e+03 
       2.314643643574e-02       7.888317716618e+03 
       2.315468648461e-02       7.887336717586e+03 
       2.316293809428e-02       7.886354654188e+03 
       2.317119126688e-02       7.885371564673e+03 
       2.317944600453e-02       7.884387431391e+03 
       2.318770230936e-02       7.883402254779e+03 
       2.319596018352e-02       7.882416035280e+03 
       2.320421962912e-02       7.881428773341e+03 
       2.321248064833e-02       7.880440469406e+03 
       2.322074324327e-02       7.879451123941e+03 
       2.322900741610e-02       7.878460737395e+03 
       2.323727316898e-02       7.877469310245e+03 
       2.324554050405e-02       7.876476814413e+03 
       2.325380942348e-02       7.875483309821e+03 
       2.326207992944e-02       7.874488761530e+03 
       2.327035202408e-02       7.873493174158e+03 
       2.327862570957e-02       7.872496548156e+03 
       2.328690098810e-02       7.871498875019e+03 
       2.329517786184e-02       7.870500173023e+03 
       2.330345633298e-02       7.869500433029e+03 
       2.331173640369e-02       7.868499656042e+03 
       2.332001807617e-02       7.867497842493e+03 
       2.332830135261e-02       7.866494992823e+03 
       2.333658623521e-02       7.865491107465e+03 
       2.334487272617e-02       7.864486186855e+03 
       2.335316082769e-02       7.863480231311e+03 
       2.336145054198e-02       7.862473241508e+03 
       2.336974187126e-02       7.861465217802e+03 
       2.337803481773e-02       7.860456159603e+03 
       2.338632938363e-02       7.859446035654e+03 
       2.339462557117e-02       7.858434910642e+03 
       2.340292338258e-02       7.857422752899e+03 
       2.341122282010e-02       7.856409563083e+03 
       2.341952388595e-02       7.855395341610e+03 
       2.342782658238e-02       7.854380088914e+03 
       2.343613091163e-02       7.853363805413e+03 
       2.344443687594e-02       7.852346491530e+03 
       2.345274447757e-02       7.851328147692e+03 
       2.346105371877e-02       7.850308774175e+03 
       2.346936460181e-02       7.849288371677e+03 
       2.347767712893e-02       7.848266944367e+03 
       2.348599130242e-02       7.847244462662e+03 
       2.349430712454e-02       7.846220974030e+03 
       2.350262459755e-02       7.845196457820e+03 
       2.351094372376e-02       7.844170914421e+03 
       2.351926450542e-02       7.843144344247e+03 
       2.352758694484e-02       7.842116747726e+03 
       2.353591104429e-02       7.841088125277e+03 
       2.354423680609e-02       7.840058477326e+03 
       2.355256423251e-02       7.839027804302e+03 
       2.356089332587e-02       7.837996106511e+03 
       2.356922408847e-02       7.836963394411e+03 
       2.357755652262e-02       7.835929613342e+03 
       2.358589063064e-02       7.834894842370e+03 
       2.359422641484e-02       7.833859048178e+03 
       2.360256387755e-02       7.832822231210e+03 
       2.361090302109e-02       7.831784390460e+03 
       2.361924384779e-02       7.830745521613e+03 
       2.362758635999e-02       7.829705637992e+03 
       2.363593056003e-02       7.828664733110e+03 
       2.364427645024e-02       7.827622807365e+03 
       2.365262403298e-02       7.826579861160e+03 
       2.366097331060e-02       7.825535894775e+03 
       2.366932428545e-02       7.824490908844e+03 
       2.367767695989e-02       7.823444903679e+03 
       2.368603133628e-02       7.822397879703e+03 
       2.369438741700e-02       7.821349837346e+03 
       2.370274520441e-02       7.820300777054e+03 
       2.371110470089e-02       7.819250661457e+03 
       2.371946590881e-02       7.818199567462e+03 
       2.372782883057e-02       7.817147452963e+03 
       2.373619346855e-02       7.816094321785e+03 
       2.374455982515e-02       7.815040174313e+03 
       2.375292790275e-02       7.813985010940e+03 
       2.376129770377e-02       7.812928832054e+03 
       2.376966923060e-02       7.811871637900e+03 
       2.377804248566e-02       7.810813429142e+03 
       2.378641747136e-02       7.809754206058e+03 
       2.379479419012e-02       7.808693969057e+03 
       2.380317264436e-02       7.807632717910e+03 
       2.381155283651e-02       7.806570436528e+03 
       2.381993476899e-02       7.805507158832e+03 
       2.382831844425e-02       7.804442868577e+03 
       2.383670386472e-02       7.803377566180e+03 
       2.384509103284e-02       7.802311252026e+03 
       2.385347995107e-02       7.801243926504e+03 
       2.386187062186e-02       7.800175590002e+03 
       2.387026304766e-02       7.799106242779e+03 
       2.387865723093e-02       7.798035885483e+03 
       2.388705317415e-02       7.796964518409e+03 
       2.389545087977e-02       7.795892149547e+03 
       2.390385035028e-02       7.794818731055e+03 
       2.391225158816e-02       7.793744335135e+03 
       2.392065459588e-02       7.792668930749e+03 
       2.392905937593e-02       7.791592518279e+03 
       2.393746593081e-02       7.790515101623e+03 
       2.394587426301e-02       7.789436661754e+03 
       2.395428437503e-02       7.788357226638e+03 
       2.396269626939e-02       7.787276784852e+03 
       2.397110994858e-02       7.786195336639e+03 
       2.397952541512e-02       7.785112882604e+03 
       2.398794267153e-02       7.784029423027e+03 
       2.399636172034e-02       7.782944958284e+03 
       2.400478256407e-02       7.781859488763e+03 
       2.401320520525e-02       7.780773014855e+03 
       2.402162964643e-02       7.779685536956e+03 
       2.403005589013e-02       7.778597055462e+03 
       2.403848393892e-02       7.777507536431e+03 
       2.404691379533e-02       7.776417046553e+03 
       2.405534546193e-02       7.775325553824e+03 
       2.406377894127e-02       7.774233058649e+03 
       2.407221423592e-02       7.773139561261e+03 
       2.408065134844e-02       7.772045062267e+03 
       2.408909028142e-02       7.770949561869e+03 
       2.409753103742e-02       7.769853060492e+03 
       2.410597361903e-02       7.768755558485e+03 
       2.411441802884e-02       7.767657056217e+03 
       2.412286426944e-02       7.766557554056e+03 
       2.413131234343e-02       7.765457052133e+03 
       2.413976225340e-02       7.764355533422e+03 
       2.414821400197e-02       7.763253032296e+03 
       2.415666759174e-02       7.762149532754e+03 
       2.416512302534e-02       7.761045034951e+03 
       2.417358030537e-02       7.759939539243e+03 
       2.418203943446e-02       7.758833045908e+03 
       2.419050041525e-02       7.757725555365e+03 
       2.419896325037e-02       7.756617068064e+03 
       2.420742794246e-02       7.755507584308e+03 
       2.421589449416e-02       7.754397104468e+03 
       2.422436290812e-02       7.753285633758e+03 
       2.423283318699e-02       7.752173132539e+03 
       2.424130533344e-02       7.751059664800e+03 
       2.424977935012e-02       7.749945202163e+03 
       2.425825523970e-02       7.748829744990e+03 
       2.426673300486e-02       7.747713296509e+03 
       2.427521264827e-02       7.746595839573e+03 
       2.428369417262e-02       7.745477400074e+03 
       2.429217758060e-02       7.744357967448e+03 
       2.430066287488e-02       7.743237541918e+03 
       2.430915005819e-02       7.742116123834e+03 
       2.431763913320e-02       7.740993713538e+03 
       2.432613010264e-02       7.739870311384e+03 
       2.433462296921e-02       7.738745917724e+03 
       2.434311773563e-02       7.737620533005e+03 
       2.435161440463e-02       7.736494157309e+03 
       2.436011297892e-02       7.735366791312e+03 
       2.436861346125e-02       7.734238431236e+03 
       2.437711585434e-02       7.733109052729e+03 
       2.438562016094e-02       7.731978714703e+03 
       2.439412638380e-02       7.730847387395e+03 
       2.440263452566e-02       7.729715071020e+03 
       2.441114458930e-02       7.728581765914e+03 
       2.441965657745e-02       7.727447472408e+03 
       2.442817049290e-02       7.726312190835e+03 
       2.443668633842e-02       7.725175921529e+03 
       2.444520411678e-02       7.724038664830e+03 
       2.445372383076e-02       7.722900421072e+03 
       2.446224548316e-02       7.721761190615e+03 
       2.447076907676e-02       7.720620954370e+03 
       2.447929461436e-02       7.719479751281e+03 
       2.448782209877e-02       7.718337561068e+03 
       2.449635153279e-02       7.717194385375e+03 
       2.450488291923e-02       7.716050224417e+03 
       2.451341626092e-02       7.714905078519e+03 
       2.452195156068e-02       7.713758948010e+03 
       2.453048882133e-02       7.712611833224e+03 
       2.453902804571e-02       7.711463734496e+03 
       2.454756923666e-02       7.710314652172e+03 
       2.455611239702e-02       7.709164586451e+03 
       2.456465752964e-02       7.708013512701e+03 
       2.457320463738e-02       7.706861479720e+03 
       2.458175372310e-02       7.705708464263e+03 
       2.459030478966e-02       7.704554466466e+03 
       2.459885783993e-02       7.703399488646e+03 
       2.460741287680e-02       7.702243516889e+03 
       2.461596990313e-02       7.701086573800e+03 
       2.462452892182e-02       7.699928649691e+03 
       2.463308993575e-02       7.698769744854e+03 
       2.464165294784e-02       7.697609859599e+03 
       2.465021796097e-02       7.696448994239e+03 
       2.465878497806e-02       7.695287149082e+03 
       2.466735400202e-02       7.694124324463e+03 
       2.467592503577e-02       7.692960520695e+03 
       2.468449808223e-02       7.691795738112e+03 
       2.469307314434e-02       7.690629976921e+03 
       2.470165022502e-02       7.689463252440e+03 
       2.471022932723e-02       7.688295483940e+03 
       2.471881045390e-02       7.687126786628e+03 
       2.472739360798e-02       7.685957111750e+03 
       2.473597879245e-02       7.684786459585e+03 
       2.474456601025e-02       7.683614830437e+03 
       2.475315526435e-02       7.682442224605e+03 
       2.476174655774e-02       7.681268642387e+03 
       2.477033989338e-02       7.680094084095e+03 
       2.477893527427e-02       7.678918550031e+03 
       2.478753270339e-02       7.677742040499e+03 
       2.479613218375e-02       7.676564555673e+03 
       2.480473371833e-02       7.675386079535e+03 
       2.481333731016e-02       7.674206642383e+03 
       2.482194296224e-02       7.673026232498e+03 
       2.483055067759e-02       7.671844848446e+03 
       2.483916045923e-02       7.670662490513e+03 
       2.484777231021e-02       7.669479158990e+03 
       2.485638623354e-02       7.668294854177e+03 
       2.486500223228e-02       7.667109576363e+03 
       2.487362030946e-02       7.665923325865e+03 
       2.488224046815e-02       7.664736102990e+03 
       2.489086271140e-02       7.663547907822e+03 
       2.489948704228e-02       7.662358716345e+03 
       2.490811346385e-02       7.661168575847e+03 
       2.491674197920e-02       7.659977464384e+03 
       2.492537259140e-02       7.658785381761e+03 
       2.493400530354e-02       7.657592327946e+03 
       2.494264011872e-02       7.656398295318e+03 
       2.495127704003e-02       7.655203300336e+03 
       2.495991607059e-02       7.654007335184e+03 
       2.496855721349e-02       7.652810400177e+03 
       2.497720047186e-02       7.651612495604e+03 
       2.498584584882e-02       7.650413621765e+03 
       2.499449334750e-02       7.649213778858e+03 
       2.500314297104e-02       7.648012967118e+03 
       2.501179472256e-02       7.646811187035e+03 
       2.502044860523e-02       7.645608438807e+03 
       2.502910462220e-02       7.644404722731e+03 
       2.503776277662e-02       7.643200046547e+03 
       2.504642307165e-02       7.641994351772e+03 
       2.505508551047e-02       7.640787731300e+03 
       2.506375009626e-02       7.639580143733e+03 
       2.507241683219e-02       7.638371589353e+03 
       2.508108572146e-02       7.637162068437e+03 
       2.508975676726e-02       7.635951581244e+03 
       2.509842997279e-02       7.634740128037e+03 
       2.510710534126e-02       7.633527708954e+03 
       2.511578287588e-02       7.632314324488e+03 
       2.512446257988e-02       7.631099974808e+03 
       2.513314445647e-02       7.629884660184e+03 
       2.514182850888e-02       7.628668388679e+03 
       2.515051474037e-02       7.627451117776e+03 
       2.515920315416e-02       7.626232908502e+03 
       2.516789375352e-02       7.625013735147e+03 
       2.517658654169e-02       7.623793597957e+03 
       2.518528152194e-02       7.622572497204e+03 
       2.519397869755e-02       7.621350433141e+03 
       2.520267807177e-02       7.620127406032e+03 
       2.521137964790e-02       7.618903416005e+03 
       2.522008342923e-02       7.617678463578e+03 
       2.522878941904e-02       7.616452548902e+03 
       2.523749762064e-02       7.615225648947e+03 
       2.524620803734e-02       7.613997807055e+03 
       2.525492067244e-02       7.612769005255e+03 
       2.526363552927e-02       7.611539241994e+03 
       2.527235261116e-02       7.610308517525e+03 
       2.528107192144e-02       7.609076822086e+03 
       2.528979346344e-02       7.607844176555e+03 
       2.529851724051e-02       7.606610569209e+03 
       2.530724325600e-02       7.605376001532e+03 
       2.531597151328e-02       7.604140473625e+03 
       2.532470201570e-02       7.602903985979e+03 
       2.533343476664e-02       7.601666538720e+03 
       2.534216976947e-02       7.600428132099e+03 
       2.535090702759e-02       7.599188766367e+03 
       2.535964654438e-02       7.597948441786e+03 
       2.536838832323e-02       7.596707158621e+03 
       2.537713236756e-02       7.595464916580e+03 
       2.538587868077e-02       7.594221682001e+03 
       2.539462726628e-02       7.592977521598e+03 
       2.540337812752e-02       7.591732403718e+03 
       2.541213126791e-02       7.590486328113e+03 
       2.542088669090e-02       7.589239294870e+03 
       2.542964439992e-02       7.587991304461e+03 
       2.543840439844e-02       7.586742356999e+03 
       2.544716668989e-02       7.585492452713e+03 
       2.545593127776e-02       7.584241591835e+03 
       2.546469816551e-02       7.582989774598e+03 
       2.547346735662e-02       7.581737001238e+03 
       2.548223885458e-02       7.580483273635e+03 
       2.549101266286e-02       7.579228567945e+03 
       2.549978878499e-02       7.577972926198e+03 
       2.550856722445e-02       7.576716329074e+03 
       2.551734798476e-02       7.575458776762e+03 
       2.552613106944e-02       7.574200269333e+03 
       2.553491648202e-02       7.572940807266e+03 
       2.554370422603e-02       7.571680390668e+03 
       2.555249430500e-02       7.570419019771e+03 
       2.556128672249e-02       7.569156694801e+03 
       2.557008148205e-02       7.567893415998e+03 
       2.557887858724e-02       7.566629192464e+03 
       2.558767804162e-02       7.565363971339e+03 
       2.559647984878e-02       7.564097830505e+03 
       2.560528401228e-02       7.562830736381e+03 
       2.561409053573e-02       7.561562689303e+03 
       2.562289942272e-02       7.560293692874e+03 
       2.563171067685e-02       7.559023727981e+03 
       2.564052430173e-02       7.557752822474e+03 
       2.564934030098e-02       7.556480964700e+03 
       2.565815867822e-02       7.555208154866e+03 
       2.566697943709e-02       7.553934393173e+03 
       2.567580258121e-02       7.552659679829e+03 
       2.568462811425e-02       7.551384015043e+03 
       2.569345603985e-02       7.550107399023e+03 
       2.570228636167e-02       7.548829832068e+03 
       2.571111908338e-02       7.547551314197e+03 
       2.571995420865e-02       7.546271845707e+03 
       2.572879174117e-02       7.544991391938e+03 
       2.573763168463e-02       7.543710020486e+03 
       2.574647404272e-02       7.542427698783e+03 
       2.575531881915e-02       7.541144426956e+03 
       2.576416601763e-02       7.539860205197e+03 
       2.577301564187e-02       7.538575033694e+03 
       2.578186769562e-02       7.537288912637e+03 
       2.579072218259e-02       7.536001842219e+03 
       2.579957910653e-02       7.534713822630e+03 
       2.580843847119e-02       7.533424854078e+03 
       2.581730028032e-02       7.532134936759e+03 
       2.582616453770e-02       7.530844051027e+03 
       2.583503124708e-02       7.529552237117e+03 
       2.584390041226e-02       7.528259473134e+03 
       2.585277203701e-02       7.526965760933e+03 
       2.586164612512e-02       7.525671100691e+03 
       2.587052268042e-02       7.524375492587e+03 
       2.587940170669e-02       7.523078936830e+03 
       2.588828320776e-02       7.521781433582e+03 
       2.589716718745e-02       7.520482983042e+03 
       2.590605364960e-02       7.519183585412e+03 
       2.591494259804e-02       7.517883242909e+03 
       2.592383403662e-02       7.516581923874e+03 
       2.593272796920e-02       7.515279684187e+03 
       2.594162439965e-02       7.513976497748e+03 
       2.595052333182e-02       7.512672364892e+03 
       2.595942476961e-02       7.511367272728e+03 
       2.596832871689e-02       7.510061246392e+03 
       2.597723517757e-02       7.508754274214e+03 
       2.598614415554e-02       7.507446356113e+03 
       2.599505565471e-02       7.506137492262e+03 
       2.600396967901e-02       7.504827682799e+03 
       2.601288623236e-02       7.503516927893e+03 
       2.602180531869e-02       7.502205227704e+03 
       2.603072694195e-02       7.500892582390e+03 
       2.603965110608e-02       7.499578992108e+03 
       2.604857781504e-02       7.498264456861e+03 
       2.605750707281e-02       7.496948977085e+03 
       2.606643888335e-02       7.495632552820e+03 
       2.607537325064e-02       7.494315184249e+03 
       2.608431017868e-02       7.492996871541e+03 
       2.609324967147e-02       7.491677614871e+03 
       2.610219173301e-02       7.490357414466e+03 
       2.611113636731e-02       7.489036270508e+03 
       2.612008357840e-02       7.487714117675e+03 
       2.612903337031e-02       7.486391093282e+03 
       2.613798574709e-02       7.485067115284e+03 
       2.614694071277e-02       7.483742193666e+03 
       2.615589827141e-02       7.482416328826e+03 
       2.616485842708e-02       7.481089520786e+03 
       2.617382118385e-02       7.479761769673e+03 
       2.618278654580e-02       7.478433075630e+03 
       2.619175451703e-02       7.477103438788e+03 
       2.620072510162e-02       7.475772859278e+03 
       2.620969830368e-02       7.474441337231e+03 
       2.621867412733e-02       7.473108872770e+03 
       2.622765257669e-02       7.471775466040e+03 
       2.623663365590e-02       7.470441124812e+03 
       2.624561736909e-02       7.469105834666e+03 
       2.625460372041e-02       7.467769572563e+03 
       2.626359271401e-02       7.466432400474e+03 
       2.627258435407e-02       7.465094283300e+03 
       2.628157864476e-02       7.463755224497e+03 
       2.629057559026e-02       7.462415224190e+03 
       2.629957519475e-02       7.461074282504e+03 
       2.630857746245e-02       7.459732399566e+03 
       2.631758239756e-02       7.458389575495e+03 
       2.632659000430e-02       7.457045810423e+03 
       2.633560028689e-02       7.455701104473e+03 
       2.634461324957e-02       7.454355457775e+03 
       2.635362889658e-02       7.453008870459e+03 
       2.636264723217e-02       7.451661342499e+03 
       2.637166826061e-02       7.450312874314e+03 
       2.638069198617e-02       7.448963465937e+03 
       2.638971841312e-02       7.447613093194e+03 
       2.639874754575e-02       7.446261790782e+03 
       2.640777938836e-02       7.444909559753e+03 
       2.641681394526e-02       7.443556388656e+03 
       2.642585122075e-02       7.442202277594e+03 
       2.643489121917e-02       7.440847226689e+03 
       2.644393394485e-02       7.439491236050e+03 
       2.645297940212e-02       7.438134295297e+03 
       2.646202759534e-02       7.436776426381e+03 
       2.647107852887e-02       7.435417616448e+03 
       2.648013220707e-02       7.434057867103e+03 
       2.648918863433e-02       7.432697178473e+03 
       2.649824781504e-02       7.431335550638e+03 
       2.650730975358e-02       7.429972983713e+03 
       2.651637445436e-02       7.428609477801e+03 
       2.652544192181e-02       7.427245033012e+03 
       2.653451216033e-02       7.425879649461e+03 
       2.654358517438e-02       7.424513327285e+03 
       2.655266096838e-02       7.423146065461e+03 
       2.656173954680e-02       7.421777830872e+03 
       2.657082091408e-02       7.420408690912e+03 
       2.657990507472e-02       7.419038612325e+03 
       2.658899203317e-02       7.417667595240e+03 
       2.659808179394e-02       7.416295639748e+03 
       2.660717436152e-02       7.414922745930e+03 
       2.661626974043e-02       7.413548913875e+03 
       2.662536793517e-02       7.412174143670e+03 
       2.663446895028e-02       7.410798435400e+03 
       2.664357279029e-02       7.409421789169e+03 
       2.665267945976e-02       7.408044205088e+03 
       2.666178896323e-02       7.406665688489e+03 
       2.667090130528e-02       7.405286203992e+03 
       2.668001649048e-02       7.403905805359e+03 
       2.668913452341e-02       7.402524468993e+03 
       2.669825540867e-02       7.401142194962e+03 
       2.670737915087e-02       7.399758983343e+03 
       2.671650575462e-02       7.398374834211e+03 
       2.672563522454e-02       7.396989747646e+03 
       2.673476756527e-02       7.395603723729e+03 
       2.674390278145e-02       7.394216762546e+03 
       2.675304087774e-02       7.392828864206e+03 
       2.676218185881e-02       7.391440022167e+03 
       2.677132572931e-02       7.390050229329e+03 
       2.678047249395e-02       7.388659517751e+03 
       2.678962215741e-02       7.387267869201e+03 
       2.679877472440e-02       7.385875283574e+03 
       2.680793019963e-02       7.384481750414e+03 
       2.681708858782e-02       7.383087291818e+03 
       2.682624989372e-02       7.381691894629e+03 
       2.683541412206e-02       7.380295560512e+03 
       2.684458127760e-02       7.378898289517e+03 
       2.685375136510e-02       7.377500081710e+03 
       2.686292438934e-02       7.376100937146e+03 
       2.687210035510e-02       7.374700855887e+03 
       2.688127926718e-02       7.373299837874e+03 
       2.689046113039e-02       7.371897883369e+03 
       2.689964594954e-02       7.370494992390e+03 
       2.690883372946e-02       7.369091164810e+03 
       2.691802447498e-02       7.367686364854e+03 
       2.692721819096e-02       7.366280662062e+03 
       2.693641488224e-02       7.364874022857e+03 
       2.694561455371e-02       7.363466447073e+03 
       2.695481721023e-02       7.362057934749e+03 
       2.696402285669e-02       7.360648485924e+03 
       2.697323149801e-02       7.359238100629e+03 
       2.698244313908e-02       7.357826778904e+03 
       2.699165778483e-02       7.356414520622e+03 
       2.700087544019e-02       7.355001326109e+03 
       2.701009611010e-02       7.353587195282e+03 
       2.701931979952e-02       7.352172127771e+03 
       2.702854651341e-02       7.350756105413e+03 
       2.703777625674e-02       7.349339164551e+03 
       2.704700903451e-02       7.347921287301e+03 
       2.705624485170e-02       7.346502473727e+03 
       2.706548371333e-02       7.345082723852e+03 
       2.707472562441e-02       7.343662037703e+03 
       2.708397058997e-02       7.342240415307e+03 
       2.709321861505e-02       7.340817856552e+03 
       2.710246970471e-02       7.339394361728e+03 
       2.711172386400e-02       7.337969930760e+03 
       2.712098109800e-02       7.336544570684e+03 
       2.713024141180e-02       7.335118233800e+03 
       2.713950481048e-02       7.333690992666e+03 
       2.714877129916e-02       7.332262815233e+03 
       2.715804088295e-02       7.330833701510e+03 
       2.716731356699e-02       7.329403654890e+03 
       2.717658935641e-02       7.327972656142e+03 
       2.718586825636e-02       7.326540732974e+03 
       2.719515027201e-02       7.325107873330e+03 
       2.720443540853e-02       7.323674077450e+03 
       2.721372367111e-02       7.322239345239e+03 
       2.722301506494e-02       7.320803676706e+03 
       2.723230959524e-02       7.319367071866e+03 
       2.724160726722e-02       7.317929530737e+03 
       2.725090808612e-02       7.316491053338e+03 
       2.726021205717e-02       7.315051639693e+03 
       2.726951918563e-02       7.313611289712e+03 
       2.727882947678e-02       7.312169967822e+03 
       2.728814293588e-02       7.310727743131e+03 
       2.729745956823e-02       7.309284581779e+03 
       2.730677937912e-02       7.307840483679e+03 
       2.731610237388e-02       7.306395449095e+03 
       2.732542855782e-02       7.304949477883e+03 
       2.733475793629e-02       7.303502570030e+03 
       2.734409051463e-02       7.302054725520e+03 
       2.735342629820e-02       7.300605944340e+03 
       2.736276529237e-02       7.299156226488e+03 
       2.737210750253e-02       7.297705571952e+03 
       2.738145293408e-02       7.296253988447e+03 
       2.739080159242e-02       7.294801433334e+03 
       2.740015348297e-02       7.293347967284e+03 
       2.740950861118e-02       7.291893564158e+03 
       2.741886698247e-02       7.290438224192e+03 
       2.742822860231e-02       7.288981947242e+03 
       2.743759347616e-02       7.287524733292e+03 
       2.744696160952e-02       7.286066582316e+03 
       2.745633300786e-02       7.284607494302e+03 
       2.746570767671e-02       7.283147469269e+03 
       2.747508562157e-02       7.281686506727e+03 
       2.748446684798e-02       7.280224582653e+03 
       2.749385136147e-02       7.278761744083e+03 
       2.750323916761e-02       7.277297968500e+03 
       2.751263027197e-02       7.275833255318e+03 
       2.752202468012e-02       7.274367606273e+03 
       2.753142239765e-02       7.272901007619e+03 
       2.754082343018e-02       7.271433481261e+03 
       2.755022778331e-02       7.269965017173e+03 
       2.755963546269e-02       7.268495615316e+03 
       2.756904647396e-02       7.267025275649e+03 
       2.757846082276e-02       7.265553998126e+03 
       2.758787851478e-02       7.264081782714e+03 
       2.759729955569e-02       7.262608629375e+03 
       2.760672395119e-02       7.261134538073e+03 
       2.761615170698e-02       7.259659508646e+03 
       2.762558282879e-02       7.258183541300e+03 
       2.763501732236e-02       7.256706593986e+03 
       2.764445519341e-02       7.255228754448e+03 
       2.765389644773e-02       7.253749969910e+03 
       2.766334109108e-02       7.252270246928e+03 
       2.767278912924e-02       7.250789584946e+03 
       2.768224056802e-02       7.249307984371e+03 
       2.769169541322e-02       7.247825444973e+03 
       2.770115367068e-02       7.246341966690e+03 
       2.771061534624e-02       7.244857549453e+03 
       2.772008044573e-02       7.243372193202e+03 
       2.772954897504e-02       7.241885897710e+03 
       2.773902094004e-02       7.240398669625e+03 
       2.774849634662e-02       7.238910470151e+03 
       2.775797520069e-02       7.237421355745e+03 
       2.776745750817e-02       7.235931301792e+03 
       2.777694327499e-02       7.234440308213e+03 
       2.778643250710e-02       7.232948374929e+03 
       2.779592521046e-02       7.231455501857e+03 
       2.780542139104e-02       7.229961688924e+03 
       2.781492105484e-02       7.228466936056e+03 
       2.782442420784e-02       7.226971243185e+03 
       2.783393085607e-02       7.225474609718e+03 
       2.784344100557e-02       7.223977011782e+03 
       2.785295466236e-02       7.222478496223e+03 
       2.786247183251e-02       7.220979040421e+03 
       2.787199252209e-02       7.219478643929e+03 
       2.788151673718e-02       7.217977308491e+03 
       2.789104448389e-02       7.216475019485e+03 
       2.790057576833e-02       7.214971799677e+03 
       2.791011059662e-02       7.213467638686e+03 
       2.791964897491e-02       7.211962536414e+03 
       2.792919090935e-02       7.210456492760e+03 
       2.793873640611e-02       7.208949507464e+03 
       2.794828547139e-02       7.207441580705e+03 
       2.795783811136e-02       7.205932712264e+03 
       2.796739433227e-02       7.204422902051e+03 
       2.797695414031e-02       7.202912149978e+03 
       2.798651754175e-02       7.201400455964e+03 
       2.799608454284e-02       7.199887781337e+03 
       2.800565514985e-02       7.198374203781e+03 
       2.801522936906e-02       7.196859680354e+03 
       2.802480720678e-02       7.195344214258e+03 
       2.803438866932e-02       7.193827805274e+03 
       2.804397376302e-02       7.192310453117e+03 
       2.805356249421e-02       7.190792157926e+03 
       2.806315486926e-02       7.189272919453e+03 
       2.807275089454e-02       7.187752737576e+03 
       2.808235057645e-02       7.186231612169e+03 
       2.809195392139e-02       7.184709543123e+03 
       2.810156093577e-02       7.183186537922e+03 
       2.811117162604e-02       7.181662554172e+03 
       2.812078599864e-02       7.180137652009e+03 
       2.813040406004e-02       7.178611805494e+03 
       2.814002581672e-02       7.177085014485e+03 
       2.814965127517e-02       7.175557278687e+03 
       2.815928044192e-02       7.174028598230e+03 
       2.816891332347e-02       7.172498972855e+03 
       2.817854992639e-02       7.170968402433e+03 
       2.818819025721e-02       7.169436886831e+03 
       2.819783432252e-02       7.167904425638e+03 
       2.820748212891e-02       7.166370993940e+03 
       2.821713368298e-02       7.164836640101e+03 
       2.822678899135e-02       7.163301340298e+03 
       2.823644806065e-02       7.161765094334e+03 
       2.824611089754e-02       7.160227905434e+03 
       2.825577750869e-02       7.158689754060e+03 
       2.826544790077e-02       7.157150667940e+03 
       2.827512208049e-02       7.155610634912e+03 
       2.828480005456e-02       7.154069654815e+03 
       2.829448182971e-02       7.152527727483e+03 
       2.830416741269e-02       7.150984852753e+03 
       2.831385681027e-02       7.149441030464e+03 
       2.832355002922e-02       7.147896260524e+03 
       2.833324707633e-02       7.146350542579e+03 
       2.834294795842e-02       7.144803876692e+03 
       2.835265268233e-02       7.143256261427e+03 
       2.836236125488e-02       7.141707664007e+03 
       2.837207368295e-02       7.140158150767e+03 
       2.838178997341e-02       7.138607688229e+03 
       2.839151013315e-02       7.137056276451e+03 
       2.840123416909e-02       7.135503915241e+03 
       2.841096208816e-02       7.133950604407e+03 
       2.842069389728e-02       7.132396343757e+03 
       2.843042960344e-02       7.130841133097e+03 
       2.844016921360e-02       7.129284972247e+03 
       2.844991273476e-02       7.127727861014e+03 
       2.845966017392e-02       7.126169799213e+03 
       2.846941153813e-02       7.124610767054e+03 
       2.847916683442e-02       7.123050803273e+03 
       2.848892606985e-02       7.121489887097e+03 
       2.849868925151e-02       7.119928019368e+03 
       2.850845638648e-02       7.118365199885e+03 
       2.851822748189e-02       7.116801428439e+03 
       2.852800254487e-02       7.115236704828e+03 
       2.853778158256e-02       7.113671028852e+03 
       2.854756460212e-02       7.112104400319e+03 
       2.855735161075e-02       7.110536819037e+03 
       2.856714261564e-02       7.108968293747e+03 
       2.857693762401e-02       7.107398771196e+03 
       2.858673664310e-02       7.105828328472e+03 
       2.859653968015e-02       7.104256931892e+03 
       2.860634674245e-02       7.102684581234e+03 
       2.861615783727e-02       7.101111267840e+03 
       2.862597297193e-02       7.099537007558e+03 
       2.863579215375e-02       7.097961792606e+03 
       2.864561539007e-02       7.096385622566e+03 
       2.865544268825e-02       7.094808497205e+03 
       2.866527405568e-02       7.093230416293e+03 
       2.867510949974e-02       7.091651379459e+03 
       2.868494902786e-02       7.090071386710e+03 
       2.869479264746e-02       7.088490437714e+03 
       2.870464036600e-02       7.086908532254e+03 
       2.871449219095e-02       7.085325670121e+03 
       2.872434812979e-02       7.083741863026e+03 
       2.873420819004e-02       7.082157038408e+03 
       2.874407237921e-02       7.080571302182e+03 
       2.875394070485e-02       7.078984607967e+03 
       2.876381317453e-02       7.077396955505e+03 
       2.877368979582e-02       7.075808344536e+03 
       2.878357057632e-02       7.074218774655e+03 
       2.879345552366e-02       7.072628245848e+03 
       2.880334464547e-02       7.071036757746e+03 
       2.881323794941e-02       7.069444310090e+03 
       2.882313544315e-02       7.067850902626e+03 
       2.883303713439e-02       7.066256534575e+03 
       2.884294303083e-02       7.064661188449e+03 
       2.885285314023e-02       7.063064898742e+03 
       2.886276747032e-02       7.061467647770e+03 
       2.887268602888e-02       7.059869435562e+03 
       2.888260882370e-02       7.058270261739e+03 
       2.889253586259e-02       7.056670125869e+03 
       2.890246715338e-02       7.055069027947e+03 
       2.891240270392e-02       7.053466967592e+03 
       2.892234252208e-02       7.051863944532e+03 
       2.893228661576e-02       7.050259958509e+03 
       2.894223499284e-02       7.048654980472e+03 
       2.895218766128e-02       7.047049069762e+03 
       2.896214462901e-02       7.045442191140e+03 
       2.897210590400e-02       7.043834348164e+03 
       2.898207149425e-02       7.042225540748e+03 
       2.899204140775e-02       7.040615759175e+03 
       2.900201565255e-02       7.039005020506e+03 
       2.901199423668e-02       7.037393316324e+03 
       2.902197716823e-02       7.035780646171e+03 
       2.903196445527e-02       7.034167009726e+03 
       2.904195610593e-02       7.032552406730e+03 
       2.905195212832e-02       7.030936836828e+03 
       2.906195253060e-02       7.029320299732e+03 
       2.907195732095e-02       7.027702795152e+03 
       2.908196650756e-02       7.026084322798e+03 
       2.909198009863e-02       7.024464882288e+03 
       2.910199810241e-02       7.022844438459e+03 
       2.911202052715e-02       7.021223058402e+03 
       2.912204738113e-02       7.019600709017e+03 
       2.913207867264e-02       7.017977389927e+03 
       2.914211441001e-02       7.016353100799e+03 
       2.915215460157e-02       7.014727841347e+03 
       2.916219925568e-02       7.013101611098e+03 
       2.917224838073e-02       7.011474409854e+03 
       2.918230198512e-02       7.009846237240e+03 
       2.919236007727e-02       7.008217092921e+03 
       2.920242266564e-02       7.006586976561e+03 
       2.921248975869e-02       7.004955868580e+03 
       2.922256136492e-02       7.003323806763e+03 
       2.923263749282e-02       7.001690770719e+03 
       2.924271815095e-02       7.000056761051e+03 
       2.925280334785e-02       6.998421777404e+03 
       2.926289309211e-02       6.996785819421e+03 
       2.927298739232e-02       6.995148886755e+03 
       2.928308625710e-02       6.993510979030e+03 
       2.929318969511e-02       6.991872095958e+03 
       2.930329771500e-02       6.990232237172e+03 
       2.931341032547e-02       6.988591410597e+03 
       2.932352753523e-02       6.986949564998e+03 
       2.933364935301e-02       6.985306774951e+03 
       2.934377578757e-02       6.983663007482e+03 
       2.935390684768e-02       6.982018262203e+03 
       2.936404254216e-02       6.980372530259e+03 
       2.937418287983e-02       6.978725827666e+03 
       2.938432786953e-02       6.977078146045e+03 
       2.939447752014e-02       6.975429485015e+03 
       2.940463184055e-02       6.973779844186e+03 
       2.941479083968e-02       6.972129223171e+03 
       2.942495452646e-02       6.970477621432e+03 
       2.943512290987e-02       6.968825038847e+03 
       2.944529599889e-02       6.967171474921e+03 
       2.945547380253e-02       6.965516929280e+03 
       2.946565632983e-02       6.963861401571e+03 
       2.947584358984e-02       6.962204852468e+03 
       2.948603559165e-02       6.960547361581e+03 
       2.949623234436e-02       6.958888882457e+03 
       2.950643385710e-02       6.957229419295e+03 
       2.951664013903e-02       6.955568971680e+03 
       2.952685119932e-02       6.953907539059e+03 
       2.953706704717e-02       6.952245121242e+03 
       2.954728769182e-02       6.950581717713e+03 
       2.955751314250e-02       6.948917328060e+03 
       2.956774340851e-02       6.947251951937e+03 
       2.957797849913e-02       6.945585588722e+03 
       2.958821842368e-02       6.943918217145e+03 
       2.959846319153e-02       6.942249880661e+03 
       2.960871281204e-02       6.940580552598e+03 
       2.961896729461e-02       6.938910235716e+03 
       2.962922664866e-02       6.937238929537e+03 
       2.963949088364e-02       6.935566633466e+03 
       2.964976000902e-02       6.933893347331e+03 
       2.966003403431e-02       6.932219070577e+03 
       2.967031296902e-02       6.930543802773e+03 
       2.968059682270e-02       6.928867543473e+03 
       2.969088560494e-02       6.927190265383e+03 
       2.970117932532e-02       6.925512022875e+03 
       2.971147799348e-02       6.923832784519e+03 
       2.972178161906e-02       6.922152552644e+03 
       2.973209021175e-02       6.920471327477e+03 
       2.974240378124e-02       6.918789097787e+03 
       2.975272233727e-02       6.917105881904e+03 
       2.976304588958e-02       6.915421670550e+03 
       2.977337444797e-02       6.913736463249e+03 
       2.978370802223e-02       6.912050259531e+03 
       2.979404662221e-02       6.910363058925e+03 
       2.980439025776e-02       6.908674860956e+03 
       2.981473893876e-02       6.906985665152e+03 
       2.982509267514e-02       6.905295471053e+03 
       2.983545147684e-02       6.903604278199e+03 
       2.984581535381e-02       6.901912091914e+03 
       2.985618431606e-02       6.900218859401e+03 
       2.986655837360e-02       6.898524664819e+03 
       2.987693753648e-02       6.896829469148e+03 
       2.988732181479e-02       6.895133271911e+03 
       2.989771121861e-02       6.893436072604e+03 
       2.990810575808e-02       6.891737870720e+03 
       2.991850544336e-02       6.890038665758e+03 
       2.992891028464e-02       6.888338457229e+03 
       2.993932029212e-02       6.886637244608e+03 
       2.994973547605e-02       6.884935027395e+03 
       2.996015584669e-02       6.883231810236e+03 
       2.997058141435e-02       6.881527558614e+03 
       2.998101218934e-02       6.879822323131e+03 
       2.999144818202e-02       6.878116080807e+03 
       3.000188940278e-02       6.876408831108e+03 
       3.001233586201e-02       6.874700573504e+03 
       3.002278757016e-02       6.872991307459e+03 
       3.003324453770e-02       6.871281032442e+03 
       3.004370677511e-02       6.869569747926e+03 
       3.005417429294e-02       6.867857453388e+03 
       3.006464710172e-02       6.866144157282e+03 
       3.007512521204e-02       6.864429807063e+03 
       3.008560863451e-02       6.862714477322e+03 
       3.009609737977e-02       6.860998135137e+03 
       3.010659145850e-02       6.859280779927e+03 
       3.011709088139e-02       6.857562403051e+03 
       3.012759565916e-02       6.855843019505e+03 
       3.013810580259e-02       6.854122621331e+03 
       3.014862132246e-02       6.852401207851e+03 
       3.015914222958e-02       6.850678778493e+03 
       3.016966853481e-02       6.848955332564e+03 
       3.018020024901e-02       6.847230869707e+03 
       3.019073738311e-02       6.845505389257e+03 
       3.020127994805e-02       6.843778890647e+03 
       3.021182795478e-02       6.842051373318e+03 
       3.022238141431e-02       6.840322835513e+03 
       3.023294033767e-02       6.838593246339e+03 
       3.024350473592e-02       6.836862666935e+03 
       3.025407462016e-02       6.835131066143e+03 
       3.026465000151e-02       6.833398443366e+03 
       3.027523089112e-02       6.831664798004e+03 
       3.028581730017e-02       6.829930129278e+03 
       3.029640923990e-02       6.828194436904e+03 
       3.030700672153e-02       6.826457720123e+03 
       3.031760975636e-02       6.824719978341e+03 
       3.032821835570e-02       6.822981210958e+03 
       3.033883253088e-02       6.821241422195e+03 
       3.034945229329e-02       6.819500578891e+03 
       3.036007765433e-02       6.817758729655e+03 
       3.037070862545e-02       6.816015852159e+03 
       3.038134521811e-02       6.814271945770e+03 
       3.039198744382e-02       6.812527009693e+03 
       3.040263531411e-02       6.810781043573e+03 
       3.041328884056e-02       6.809034046657e+03 
       3.042394803477e-02       6.807286018331e+03 
       3.043461290837e-02       6.805536957974e+03 
       3.044528347304e-02       6.803786873991e+03 
       3.045595974047e-02       6.802035714020e+03 
       3.046664172240e-02       6.800283551893e+03 
       3.047732943059e-02       6.798530354926e+03 
       3.048802287686e-02       6.796776122177e+03 
       3.049872207303e-02       6.795020845362e+03 
       3.050942703097e-02       6.793264539264e+03 
       3.052013776259e-02       6.791507195525e+03 
       3.053085427982e-02       6.789748813502e+03 
       3.054157659464e-02       6.787989392555e+03 
       3.055230471906e-02       6.786228931984e+03 
       3.056303866510e-02       6.784467431126e+03 
       3.057377844485e-02       6.782704889318e+03 
       3.058452407041e-02       6.780941305896e+03 
       3.059527555394e-02       6.779176680218e+03 
       3.060603290760e-02       6.777411021122e+03 
       3.061679614362e-02       6.775644265190e+03 
       3.062756527424e-02       6.773876506026e+03 
       3.063834031174e-02       6.772107701500e+03 
       3.064912126846e-02       6.770337850896e+03 
       3.065990815673e-02       6.768566953501e+03 
       3.067070098896e-02       6.766795008594e+03 
       3.068149977758e-02       6.765022015462e+03 
       3.069230453504e-02       6.763247973387e+03 
       3.070311527385e-02       6.761472881658e+03 
       3.071393200654e-02       6.759696739397e+03 
       3.072475474568e-02       6.757919531908e+03 
       3.073558350389e-02       6.756141282891e+03 
       3.074641829380e-02       6.754361983888e+03 
       3.075725912811e-02       6.752581631421e+03 
       3.076810601953e-02       6.750800224755e+03 
       3.077895898082e-02       6.749017763154e+03 
       3.078981802477e-02       6.747234245889e+03 
       3.080068316422e-02       6.745449672224e+03 
       3.081155441203e-02       6.743664041426e+03 
       3.082243178111e-02       6.741877352375e+03 
       3.083331528441e-02       6.740089582103e+03 
       3.084420493490e-02       6.738300773439e+03 
       3.085510074562e-02       6.736510904564e+03 
       3.086600272961e-02       6.734719974518e+03 
       3.087691089998e-02       6.732927983197e+03 
       3.088782526987e-02       6.731134919342e+03 
       3.089874585244e-02       6.729340800454e+03 
       3.090967266092e-02       6.727545617187e+03 
       3.092060570855e-02       6.725749368759e+03 
       3.093154500863e-02       6.723952054224e+03 
       3.094249057449e-02       6.722153673075e+03 
       3.095344241950e-02       6.720354224415e+03 
       3.096440055708e-02       6.718553707463e+03 
       3.097536500067e-02       6.716752121450e+03 
       3.098633576376e-02       6.714949465351e+03 
       3.099731285989e-02       6.713145706903e+03 
       3.100829630263e-02       6.711340906150e+03 
       3.101928610559e-02       6.709535033165e+03 
       3.103028228241e-02       6.707728086736e+03 
       3.104128484681e-02       6.705920065860e+03 
       3.105229381250e-02       6.704110969996e+03 
       3.106330919327e-02       6.702300798186e+03 
       3.107433100294e-02       6.700489549597e+03 
       3.108535925535e-02       6.698677223399e+03 
       3.109639396441e-02       6.696863818764e+03 
       3.110743514407e-02       6.695049341265e+03 
       3.111848280830e-02       6.693233753220e+03 
       3.112953697113e-02       6.691417106892e+03 
       3.114059764663e-02       6.689599378424e+03 
       3.115166484891e-02       6.687780567215e+03 
       3.116273859213e-02       6.685960672264e+03 
       3.117381889047e-02       6.684139692721e+03 
       3.118490575818e-02       6.682317627724e+03 
       3.119599920954e-02       6.680494476415e+03 
       3.120709925888e-02       6.678670237940e+03 
       3.121820592056e-02       6.676844885454e+03 
       3.122931920899e-02       6.675018471661e+03 
       3.124043913864e-02       6.673190964525e+03 
       3.125156572400e-02       6.671362366315e+03 
       3.126269897962e-02       6.669532679654e+03 
       3.127383892008e-02       6.667701885518e+03 
       3.128498556003e-02       6.665870008487e+03 
       3.129613891413e-02       6.664037036893e+03 
       3.130729899711e-02       6.662202969758e+03 
       3.131846582374e-02       6.660367806170e+03 
       3.132963940884e-02       6.658531545218e+03 
       3.134081976725e-02       6.656694185986e+03 
       3.135200691389e-02       6.654855727559e+03 
       3.136320086371e-02       6.653016168874e+03 
       3.137440163170e-02       6.651175509141e+03 
       3.138560923291e-02       6.649333716276e+03 
       3.139682368242e-02       6.647490848937e+03 
       3.140804499536e-02       6.645646877952e+03 
       3.141927318693e-02       6.643801801842e+03 
       3.143050827236e-02       6.641955619654e+03 
       3.144175026691e-02       6.640108330430e+03 
       3.145299918591e-02       6.638259933209e+03 
       3.146425504473e-02       6.636410427040e+03 
       3.147551785880e-02       6.634559810785e+03 
       3.148678764357e-02       6.632708083782e+03 
       3.149806441457e-02       6.630855251266e+03 
       3.150934818736e-02       6.629001275819e+03 
       3.152063897754e-02       6.627146208954e+03 
       3.153193680079e-02       6.625290027088e+03 
       3.154324167280e-02       6.623432729214e+03 
       3.155455360935e-02       6.621574314335e+03 
       3.156587262623e-02       6.619714781454e+03 
       3.157719873931e-02       6.617854129434e+03 
       3.158853196448e-02       6.615992357530e+03 
       3.159987231772e-02       6.614129464358e+03 
       3.161121981502e-02       6.612265427119e+03 
       3.162257447245e-02       6.610400287630e+03 
       3.163393630611e-02       6.608534023786e+03 
       3.164530533217e-02       6.606666634660e+03 
       3.165668156682e-02       6.604798112134e+03 
       3.166806502634e-02       6.602928468173e+03 
       3.167945572704e-02       6.601057696334e+03 
       3.169085368528e-02       6.599185794797e+03 
       3.170225891748e-02       6.597312762776e+03 
       3.171367144011e-02       6.595438599170e+03 
       3.172509126968e-02       6.593563302680e+03 
       3.173651842278e-02       6.591686872482e+03 
       3.174795291602e-02       6.589809307450e+03 
       3.175939476609e-02       6.587930606537e+03 
       3.177084398971e-02       6.586050776277e+03 
       3.178230060369e-02       6.584169760666e+03 
       3.179376462484e-02       6.582287643082e+03 
       3.180523607007e-02       6.580404385075e+03 
       3.181671495633e-02       6.578519985441e+03 
       3.182820130061e-02       6.576634443076e+03 
       3.183969511998e-02       6.574747756883e+03 
       3.185119643154e-02       6.572859925757e+03 
       3.186270525246e-02       6.570970948595e+03 
       3.187422159995e-02       6.569080824296e+03 
       3.188574549131e-02       6.567189551635e+03 
       3.189727694385e-02       6.565297113437e+03 
       3.190881597498e-02       6.563403539512e+03 
       3.192036260212e-02       6.561508813930e+03 
       3.193191684279e-02       6.559612935349e+03 
       3.194347871454e-02       6.557715902615e+03 
       3.195504823499e-02       6.555817714583e+03 
       3.196662542181e-02       6.553918370107e+03 
       3.197821029272e-02       6.552017868045e+03 
       3.198980286552e-02       6.550116207262e+03 
       3.200140315805e-02       6.548213389694e+03 
       3.201301118821e-02       6.546309381721e+03 
       3.202462697397e-02       6.544404235914e+03 
       3.203625053334e-02       6.542497926480e+03 
       3.204788188441e-02       6.540590452355e+03 
       3.205952104530e-02       6.538681809688e+03 
       3.207116803423e-02       6.536772002613e+03 
       3.208282286945e-02       6.534861016938e+03 
       3.209448556927e-02       6.532948870544e+03 
       3.210615615207e-02       6.531035553212e+03 
       3.211783463629e-02       6.529121063725e+03 
       3.212952104044e-02       6.527205400679e+03 
       3.214121538306e-02       6.525288563150e+03 
       3.215291768279e-02       6.523370549796e+03 
       3.216462795830e-02       6.521451359390e+03 
       3.217634622833e-02       6.519531001615e+03 
       3.218807251170e-02       6.517609415116e+03 
       3.219980682728e-02       6.515686683975e+03 
       3.221154919399e-02       6.513762770530e+03 
       3.222329963083e-02       6.511837673522e+03 
       3.223505815686e-02       6.509911391522e+03 
       3.224682479120e-02       6.507983923529e+03 
       3.225859955303e-02       6.506055268162e+03 
       3.227038246161e-02       6.504125424152e+03 
       3.228217353625e-02       6.502194395287e+03 
       3.229397279631e-02       6.500262150535e+03 
       3.230578026126e-02       6.498328731739e+03 
       3.231759595059e-02       6.496394118973e+03 
       3.232941988388e-02       6.494458310927e+03 
       3.234125208077e-02       6.492521306141e+03 
       3.235309256096e-02       6.490583103538e+03 
       3.236494134423e-02       6.488643701704e+03 
       3.237679845041e-02       6.486703099324e+03 
       3.238866389941e-02       6.484761272995e+03 
       3.240053771121e-02       6.482818267148e+03 
       3.241241990583e-02       6.480874053518e+03 
       3.242431050339e-02       6.478928633792e+03 
       3.243620952407e-02       6.476981997968e+03 
       3.244811698810e-02       6.475034162519e+03 
       3.246003291581e-02       6.473085115684e+03 
       3.247195732758e-02       6.471134857212e+03 
       3.248389024385e-02       6.469183385729e+03 
       3.249583168515e-02       6.467230699859e+03 
       3.250778167207e-02       6.465276798217e+03 
       3.251974022527e-02       6.463321679416e+03 
       3.253170736549e-02       6.461365342067e+03 
       3.254368311352e-02       6.459407784790e+03 
       3.255566749024e-02       6.457449005981e+03 
       3.256766051660e-02       6.455488975195e+03 
       3.257966221362e-02       6.453527746909e+03 
       3.259167260238e-02       6.451565293285e+03 
       3.260369170405e-02       6.449601612324e+03 
       3.261571953987e-02       6.447636702587e+03 
       3.262775613115e-02       6.445670562625e+03 
       3.263980149926e-02       6.443703190983e+03 
       3.265185566566e-02       6.441734586210e+03 
       3.266391865189e-02       6.439764746854e+03 
       3.267599047956e-02       6.437793671286e+03 
       3.268807117033e-02       6.435821359727e+03 
       3.270016074597e-02       6.433847790421e+03 
       3.271225922832e-02       6.431872996831e+03 
       3.272436663926e-02       6.429896961121e+03 
       3.273648300081e-02       6.427919681794e+03 
       3.274860833500e-02       6.425941157342e+03 
       3.276074266398e-02       6.423961386259e+03 
       3.277288600996e-02       6.421980367039e+03 
       3.278503839525e-02       6.419998098011e+03 
       3.279719984220e-02       6.418014577939e+03 
       3.280937037327e-02       6.416029812765e+03 
       3.282155001099e-02       6.414043756556e+03 
       3.283373877796e-02       6.412056472173e+03 
       3.284593669688e-02       6.410067930263e+03 
       3.285814379050e-02       6.408078129178e+03 
       3.287036008168e-02       6.406087060380e+03 
       3.288258559334e-02       6.404094735930e+03 
       3.289482034850e-02       6.402101147499e+03 
       3.290706437025e-02       6.400106293726e+03 
       3.291931768175e-02       6.398110172940e+03 
       3.293158030627e-02       6.396112783515e+03 
       3.294385226714e-02       6.394114123872e+03 
       3.295613358778e-02       6.392114192414e+03 
       3.296842429170e-02       6.390112987546e+03 
       3.298072440248e-02       6.388110507677e+03 
       3.299303394380e-02       6.386106760091e+03 
       3.300535293941e-02       6.384101686437e+03 
       3.301768141316e-02       6.382095369516e+03 
       3.303001938897e-02       6.380087770762e+03 
       3.304236689085e-02       6.378078888530e+03 
       3.305472394291e-02       6.376068721107e+03 
       3.306709056934e-02       6.374057266873e+03 
       3.307946679439e-02       6.372044524140e+03 
       3.309185264245e-02       6.370030491242e+03 
       3.310424813794e-02       6.368015166514e+03 
       3.311665330542e-02       6.365998548101e+03 
       3.312906816950e-02       6.363980617482e+03 
       3.314149275491e-02       6.361961408024e+03 
       3.315392708644e-02       6.359940897714e+03 
       3.316637118899e-02       6.357919086997e+03 
       3.317882508754e-02       6.355895973855e+03 
       3.319128880717e-02       6.353871556858e+03 
       3.320376237305e-02       6.351845834177e+03 
       3.321624581044e-02       6.349818803953e+03 
       3.322873914468e-02       6.347790464660e+03 
       3.324124240123e-02       6.345760817107e+03 
       3.325375560561e-02       6.343729830954e+03 
       3.326627878346e-02       6.341697552078e+03 
       3.327881196051e-02       6.339663956750e+03 
       3.329135516257e-02       6.337629043200e+03 
       3.330390841555e-02       6.335592802595e+03 
       3.331647174547e-02       6.333555246837e+03 
       3.332904517842e-02       6.331516367132e+03 
       3.334162874062e-02       6.329476162021e+03 
       3.335422245837e-02       6.327434629585e+03 
       3.336682635804e-02       6.325391768002e+03 
       3.337944046615e-02       6.323347575437e+03 
       3.339206480928e-02       6.321302050061e+03 
       3.340469941412e-02       6.319255190051e+03 
       3.341734430746e-02       6.317206993578e+03 
       3.342999951620e-02       6.315157460215e+03 
       3.344266506731e-02       6.313106554687e+03 
       3.345534098790e-02       6.311054335298e+03 
       3.346802730515e-02       6.309000771641e+03 
       3.348072404635e-02       6.306945861806e+03 
       3.349343123891e-02       6.304889603963e+03 
       3.350614891032e-02       6.302831995971e+03 
       3.351887708818e-02       6.300773036151e+03 
       3.353161580019e-02       6.298712722520e+03 
       3.354436507417e-02       6.296651053086e+03 
       3.355712493804e-02       6.294588030537e+03 
       3.356989541980e-02       6.292523624398e+03 
       3.358267654759e-02       6.290457874987e+03 
       3.359546834963e-02       6.288390761881e+03 
       3.360827085427e-02       6.286322283110e+03 
       3.362108408996e-02       6.284252436692e+03 
       3.363390808524e-02       6.282181220676e+03 
       3.364674286878e-02       6.280108632995e+03 
       3.365958846935e-02       6.278034671698e+03 
       3.367244491583e-02       6.275959334157e+03 
       3.368531223721e-02       6.273882600966e+03 
       3.369819046261e-02       6.271804505345e+03 
       3.371107962122e-02       6.269725027850e+03 
       3.372397974238e-02       6.267644166440e+03 
       3.373689085552e-02       6.265561912355e+03 
       3.374981299019e-02       6.263478276507e+03 
       3.376274617606e-02       6.261393250385e+03 
       3.377569044292e-02       6.259306832037e+03 
       3.378864582064e-02       6.257219019406e+03 
       3.380161233924e-02       6.255129810369e+03 
       3.381459002885e-02       6.253039202814e+03 
       3.382757891970e-02       6.250947194698e+03 
       3.384057904215e-02       6.248853783880e+03 
       3.385359042669e-02       6.246758968264e+03 
       3.386661310390e-02       6.244662715326e+03 
       3.387964710450e-02       6.242565085732e+03 
       3.389269245933e-02       6.240466040598e+03 
       3.390574919932e-02       6.238365581791e+03 
       3.391881735557e-02       6.236263707129e+03 
       3.393189695925e-02       6.234160414439e+03 
       3.394498804170e-02       6.232055701538e+03 
       3.395809063435e-02       6.229949566272e+03 
       3.397120476877e-02       6.227842006384e+03 
       3.398433047664e-02       6.225733019732e+03 
       3.399746778977e-02       6.223622588216e+03 
       3.401061674010e-02       6.221510742416e+03 
       3.402377735970e-02       6.219397460892e+03 
       3.403694968076e-02       6.217282743497e+03 
       3.405013373558e-02       6.215166587975e+03 
       3.406332955663e-02       6.213048992065e+03 
       3.407653717646e-02       6.210929953458e+03 
       3.408975662779e-02       6.208809469928e+03 
       3.410298794345e-02       6.206687539180e+03 
       3.411623115639e-02       6.204564141025e+03 
       3.412948629972e-02       6.202439307369e+03 
       3.414275340666e-02       6.200313019568e+03 
       3.415603251058e-02       6.198185275124e+03 
       3.416932364495e-02       6.196056071374e+03 
       3.418262684342e-02       6.193925400169e+03 
       3.419594213975e-02       6.191793271167e+03 
       3.420926956782e-02       6.189659676046e+03 
       3.422260916168e-02       6.187524612418e+03 
       3.423596095550e-02       6.185388077927e+03 
       3.424932498358e-02       6.183250070159e+03 
       3.426270128037e-02       6.181110586714e+03 
       3.427608988046e-02       6.178969625196e+03 
       3.428949081858e-02       6.176827183216e+03 
       3.430290412959e-02       6.174683233494e+03 
       3.431632984850e-02       6.172537820966e+03 
       3.432976801046e-02       6.170390920641e+03 
       3.434321865076e-02       6.168242529766e+03 
       3.435668180485e-02       6.166092645854e+03 
       3.437015750831e-02       6.163941266420e+03 
       3.438364579686e-02       6.161788388985e+03 
       3.439714670637e-02       6.159634011045e+03 
       3.441066027288e-02       6.157478130115e+03 
       3.442418653254e-02       6.155320743698e+03 
       3.443772552167e-02       6.153161836117e+03 
       3.445127727675e-02       6.151001429854e+03 
       3.446484183438e-02       6.148839510473e+03 
       3.447841923133e-02       6.146676075217e+03 
       3.449200950454e-02       6.144511121505e+03 
       3.450561269105e-02       6.142344646731e+03 
       3.451922882811e-02       6.140176648317e+03 
       3.453285795309e-02       6.138007123668e+03 
       3.454650010353e-02       6.135836070077e+03 
       3.456015531712e-02       6.133663467483e+03 
       3.457382363170e-02       6.131489347110e+03 
       3.458750508529e-02       6.129313689732e+03 
       3.460119971604e-02       6.127136492758e+03 
       3.461490756228e-02       6.124957747423e+03 
       3.462862866251e-02       6.122777462773e+03 
       3.464236305535e-02       6.120595630486e+03 
       3.465611077963e-02       6.118412247817e+03 
       3.466987187430e-02       6.116227312055e+03 
       3.468364637852e-02       6.114040820461e+03 
       3.469743433157e-02       6.111852770294e+03 
       3.471123577293e-02       6.109663158812e+03 
       3.472505074222e-02       6.107471983256e+03 
       3.473887927926e-02       6.105279245019e+03 
       3.475272142400e-02       6.103084903935e+03 
       3.476657721658e-02       6.100889017491e+03 
       3.478044669732e-02       6.098691555569e+03 
       3.479432990671e-02       6.096492515343e+03 
       3.480822688538e-02       6.094291893985e+03 
       3.482213767417e-02       6.092089688659e+03 
       3.483606231408e-02       6.089885896546e+03 
       3.485000084629e-02       6.087680514808e+03 
       3.486395331215e-02       6.085473540583e+03 
       3.487791975320e-02       6.083264964141e+03 
       3.489190021114e-02       6.081054789641e+03 
       3.490589472786e-02       6.078843019408e+03 
       3.491990334543e-02       6.076629644871e+03 
       3.493392610611e-02       6.074414663075e+03 
       3.494796305233e-02       6.072198071084e+03 
       3.496201422670e-02       6.069979865934e+03 
       3.497607967203e-02       6.067760044660e+03 
       3.499015943131e-02       6.065538604306e+03 
       3.500425354772e-02       6.063315525399e+03 
       3.501836206461e-02       6.061090836186e+03 
       3.503248502553e-02       6.058864518989e+03 
       3.504662247424e-02       6.056636570471e+03 
       3.506077445466e-02       6.054406981770e+03 
       3.507494101092e-02       6.052175761050e+03 
       3.508912218735e-02       6.049942899834e+03 
       3.510331802844e-02       6.047708395015e+03 
       3.511752857893e-02       6.045472243476e+03 
       3.513175388370e-02       6.043234442099e+03 
       3.514599398787e-02       6.040994987747e+03 
       3.516024893673e-02       6.038753877292e+03 
       3.517451877580e-02       6.036511107609e+03 
       3.518880355079e-02       6.034266685119e+03 
       3.520310330759e-02       6.032020553780e+03 
       3.521741809232e-02       6.029772785210e+03 
       3.523174795130e-02       6.027523344476e+03 
       3.524609293106e-02       6.025272228276e+03 
       3.526045307832e-02       6.023019433388e+03 
       3.527482844002e-02       6.020764956593e+03 
       3.528921906332e-02       6.018508794665e+03 
       3.530362499558e-02       6.016250944350e+03 
       3.531804628437e-02       6.013991402191e+03 
       3.533248297748e-02       6.011730153221e+03 
       3.534693512292e-02       6.009467216942e+03 
       3.536140276890e-02       6.007202578898e+03 
       3.537588596386e-02       6.004936235693e+03 
       3.539038475645e-02       6.002668183975e+03 
       3.540489919556e-02       6.000398420373e+03 
       3.541942933029e-02       5.998126941498e+03 
       3.543397520994e-02       5.995853743979e+03 
       3.544853688408e-02       5.993578830870e+03 
       3.546311440246e-02       5.991302162698e+03 
       3.547770781510e-02       5.989023787293e+03 
       3.549231717221e-02       5.986743679370e+03 
       3.550694252425e-02       5.984461832966e+03 
       3.552158392191e-02       5.982178246135e+03 
       3.553624141612e-02       5.979892919201e+03 
       3.555091505801e-02       5.977605845741e+03 
       3.556560489899e-02       5.975317022197e+03 
       3.558031099069e-02       5.973026445493e+03 
       3.559503338496e-02       5.970734111688e+03 
       3.560977213391e-02       5.968440017097e+03 
       3.562452728989e-02       5.966144158208e+03 
       3.563929890548e-02       5.963846537323e+03 
       3.565408703353e-02       5.961547110676e+03 
       3.566889172710e-02       5.959245935230e+03 
       3.568371303953e-02       5.956942980581e+03 
       3.569855102440e-02       5.954638243075e+03 
       3.571340573551e-02       5.952331719059e+03 
       3.572827722697e-02       5.950023404860e+03 
       3.574316555309e-02       5.947713296808e+03 
       3.575807076846e-02       5.945401391238e+03 
       3.577299292792e-02       5.943087683798e+03 
       3.578793208658e-02       5.940772160503e+03 
       3.580288829980e-02       5.938454838532e+03 
       3.581786162320e-02       5.936135703686e+03 
       3.583285211266e-02       5.933814752131e+03 
       3.584785982434e-02       5.931491980048e+03 
       3.586288481466e-02       5.929167383621e+03 
       3.587792714029e-02       5.926840958837e+03 
       3.589298685820e-02       5.924512701998e+03 
       3.590806402560e-02       5.922182592510e+03 
       3.592315870001e-02       5.919850660276e+03 
       3.593827093920e-02       5.917516882179e+03 
       3.595340080121e-02       5.915181256067e+03 
       3.596854834438e-02       5.912843772841e+03 
       3.598371362733e-02       5.910504438509e+03 
       3.599889670894e-02       5.908163244218e+03 
       3.601409764838e-02       5.905820185941e+03 
       3.602931650513e-02       5.903475259638e+03 
       3.604455333894e-02       5.901128461232e+03 
       3.605980820984e-02       5.898779786640e+03 
       3.607508117816e-02       5.896429231790e+03 
       3.609037230453e-02       5.894076792451e+03 
       3.610568164987e-02       5.891722444277e+03 
       3.612100927540e-02       5.889366222091e+03 
       3.613635524263e-02       5.887008102833e+03 
       3.615171961337e-02       5.884648082314e+03 
       3.616710244975e-02       5.882286156335e+03 
       3.618250381419e-02       5.879922320676e+03 
       3.619792376943e-02       5.877556571135e+03 
       3.621336237849e-02       5.875188903473e+03 
       3.622881970473e-02       5.872819313071e+03 
       3.624429581182e-02       5.870447785852e+03 
       3.625979076373e-02       5.868074337139e+03 
       3.627530462476e-02       5.865698952905e+03 
       3.629083745952e-02       5.863321628790e+03 
       3.630638933294e-02       5.860942360386e+03 
       3.632196031029e-02       5.858561143311e+03 
       3.633755045715e-02       5.856177973180e+03 
       3.635315983944e-02       5.853792845338e+03 
       3.636878852338e-02       5.851405742135e+03 
       3.638443657556e-02       5.849016684982e+03 
       3.640010406289e-02       5.846625656777e+03 
       3.641579105261e-02       5.844232647332e+03 
       3.643149761229e-02       5.841837663909e+03 
       3.644722380987e-02       5.839440694931e+03 
       3.646296971361e-02       5.837041736682e+03 
       3.647873539213e-02       5.834640784584e+03 
       3.649452091438e-02       5.832237833999e+03 
       3.651032634968e-02       5.829832880280e+03 
       3.652615176768e-02       5.827425918843e+03 
       3.654199723841e-02       5.825016944036e+03 
       3.655786283224e-02       5.822605933641e+03 
       3.657374861991e-02       5.820192918640e+03 
       3.658965467252e-02       5.817777876751e+03 
       3.660558106152e-02       5.815360803202e+03 
       3.662152785874e-02       5.812941693218e+03 
       3.663749513639e-02       5.810520542025e+03 
       3.665348296704e-02       5.808097344776e+03 
       3.666949142363e-02       5.805672100100e+03 
       3.668552057948e-02       5.803244782313e+03 
       3.670157050831e-02       5.800815416729e+03 
       3.671764128419e-02       5.798383985382e+03 
       3.673373298159e-02       5.795950483300e+03 
       3.674984567539e-02       5.793514905582e+03 
       3.676597944081e-02       5.791077247152e+03 
       3.678213435352e-02       5.788637502867e+03 
       3.679831048954e-02       5.786195655045e+03 
       3.681450792532e-02       5.783751723175e+03 
       3.683072673769e-02       5.781305690287e+03 
       3.684696700390e-02       5.778857546737e+03 
       3.686322880160e-02       5.776407296096e+03 
       3.687951220884e-02       5.773954928967e+03 
       3.689581730411e-02       5.771500440235e+03 
       3.691214416630e-02       5.769043824659e+03 
       3.692849287470e-02       5.766585077043e+03 
       3.694486350906e-02       5.764124192108e+03 
       3.696125614953e-02       5.761661164605e+03 
       3.697767087668e-02       5.759195971518e+03 
       3.699410777153e-02       5.756728640997e+03 
       3.701056691554e-02       5.754259151658e+03 
       3.702704839058e-02       5.751787498102e+03 
       3.704355227898e-02       5.749313674935e+03 
       3.706007866350e-02       5.746837676734e+03 
       3.707662762736e-02       5.744359498085e+03 
       3.709319925422e-02       5.741879133223e+03 
       3.710979362821e-02       5.739396568109e+03 
       3.712641083388e-02       5.736911814169e+03 
       3.714305095627e-02       5.734424857525e+03 
       3.715971408088e-02       5.731935692610e+03 
       3.717640029366e-02       5.729444313765e+03 
       3.719310968105e-02       5.726950715359e+03 
       3.720984232994e-02       5.724454891718e+03 
       3.722659832772e-02       5.721956825125e+03 
       3.724337776224e-02       5.719456532656e+03 
       3.726018072184e-02       5.716953997640e+03 
       3.727700729536e-02       5.714449210216e+03 
       3.729385757210e-02       5.711942172281e+03 
       3.731073164189e-02       5.709432874445e+03 
       3.732762959503e-02       5.706921310789e+03 
       3.734455152234e-02       5.704407475370e+03 
       3.736149751512e-02       5.701891362299e+03 
       3.737846766520e-02       5.699372965662e+03 
       3.739546206493e-02       5.696852279052e+03 
       3.741248080714e-02       5.694329281121e+03 
       3.742952398523e-02       5.691803995899e+03 
       3.744659169307e-02       5.689276402695e+03 
       3.746368402510e-02       5.686746495358e+03 
       3.748080107628e-02       5.684214267816e+03 
       3.749794294209e-02       5.681679713980e+03 
       3.751510971857e-02       5.679142827667e+03 
       3.753230150230e-02       5.676603605065e+03 
       3.754951839040e-02       5.674062023848e+03 
       3.756676048053e-02       5.671518101872e+03 
       3.758402787095e-02       5.668971822084e+03 
       3.760132066043e-02       5.666423178401e+03 
       3.761863894835e-02       5.663872164343e+03 
       3.763598283461e-02       5.661318773503e+03 
       3.765335241973e-02       5.658762992457e+03 
       3.767074780478e-02       5.656204824043e+03 
       3.768816909141e-02       5.653644262732e+03 
       3.770561638189e-02       5.651081299909e+03 
       3.772308977904e-02       5.648515920787e+03 
       3.774058938629e-02       5.645948130636e+03 
       3.775811530768e-02       5.643377917787e+03 
       3.777566764786e-02       5.640805275613e+03 
       3.779324651206e-02       5.638230197423e+03 
       3.781085200614e-02       5.635652676438e+03 
       3.782848423660e-02       5.633072705836e+03 
       3.784614331052e-02       5.630490264304e+03 
       3.786382933566e-02       5.627905372632e+03 
       3.788154242037e-02       5.625318010664e+03 
       3.789928267366e-02       5.622728171460e+03 
       3.791705020518e-02       5.620135848035e+03 
       3.793484512522e-02       5.617541033446e+03 
       3.795266754475e-02       5.614943720773e+03 
       3.797051757537e-02       5.612343895295e+03 
       3.798839532935e-02       5.609741564567e+03 
       3.800630091964e-02       5.607136714258e+03 
       3.802423445986e-02       5.604529337362e+03 
       3.804219606430e-02       5.601919426583e+03 
       3.806018584796e-02       5.599306974838e+03 
       3.807820392651e-02       5.596691974596e+03 
       3.809625041631e-02       5.594074409251e+03 
       3.811432543445e-02       5.591454289485e+03 
       3.813242909870e-02       5.588831599101e+03 
       3.815056152756e-02       5.586206327193e+03 
       3.816872284024e-02       5.583578473058e+03 
       3.818691315668e-02       5.580948026020e+03 
       3.820513259756e-02       5.578314978526e+03 
       3.822338128427e-02       5.575679323022e+03 
       3.824165933897e-02       5.573041051948e+03 
       3.825996688455e-02       5.570400157660e+03 
       3.827830404467e-02       5.567756638119e+03 
       3.829667094375e-02       5.565110453562e+03 
       3.831506770695e-02       5.562461641376e+03 
       3.833349446024e-02       5.559810174637e+03 
       3.835195133035e-02       5.557156045522e+03 
       3.837043844480e-02       5.554499246007e+03 
       3.838895593190e-02       5.551839768165e+03 
       3.840750392077e-02       5.549177604164e+03 
       3.842608254132e-02       5.546512747127e+03 
       3.844469192429e-02       5.543845177412e+03 
       3.846333220123e-02       5.541174905547e+03 
       3.848200350451e-02       5.538501914991e+03 
       3.850070596734e-02       5.535826197466e+03 
       3.851943972378e-02       5.533147744827e+03 
       3.853820490872e-02       5.530466548734e+03 
       3.855700165791e-02       5.527782600846e+03 
       3.857583010797e-02       5.525095883284e+03 
       3.859469039637e-02       5.522406405595e+03 
       3.861358266148e-02       5.519714150525e+03 
       3.863250704254e-02       5.517019110198e+03 
       3.865146367968e-02       5.514321271206e+03 
       3.867045271394e-02       5.511620632878e+03 
       3.868947428724e-02       5.508917182983e+03 
       3.870852854244e-02       5.506210912806e+03 
       3.872761562332e-02       5.503501813497e+03 
       3.874673567458e-02       5.500789876366e+03 
       3.876588884186e-02       5.498075092498e+03 
       3.878507527174e-02       5.495357452976e+03 
       3.880429511177e-02       5.492636949766e+03 
       3.882354851046e-02       5.489913558291e+03 
       3.884283561727e-02       5.487187296492e+03 
       3.886215658266e-02       5.484458142855e+03 
       3.888151155806e-02       5.481726088176e+03 
       3.890090069593e-02       5.478991123257e+03 
       3.892032414969e-02       5.476253238917e+03 
       3.893978207381e-02       5.473512425841e+03 
       3.895927462376e-02       5.470768674577e+03 
       3.897880195606e-02       5.468021975830e+03 
       3.899836422825e-02       5.465272312716e+03 
       3.901796159893e-02       5.462519690803e+03 
       3.903759422778e-02       5.459764091689e+03 
       3.905726227551e-02       5.457005506761e+03 
       3.907696590393e-02       5.454243930578e+03 
       3.909670527594e-02       5.451479337105e+03 
       3.911648055553e-02       5.448711736171e+03 
       3.913629190780e-02       5.445941110423e+03 
       3.915613949898e-02       5.443167447295e+03 
       3.917602349639e-02       5.440390741929e+03 
       3.919594406854e-02       5.437610981943e+03 
       3.921590138504e-02       5.434828156929e+03 
       3.923589561670e-02       5.432042257159e+03 
       3.925592693545e-02       5.429253272285e+03 
       3.927599551445e-02       5.426461192095e+03 
       3.929610152802e-02       5.423665996585e+03 
       3.931624515169e-02       5.420867693327e+03 
       3.933642656220e-02       5.418066263633e+03 
       3.935664593751e-02       5.415261696925e+03 
       3.937690345683e-02       5.412453982717e+03 
       3.939719930059e-02       5.409643110434e+03 
       3.941753365050e-02       5.406829069369e+03 
       3.943790668953e-02       5.404011843832e+03 
       3.945831860193e-02       5.401191432433e+03 
       3.947876957325e-02       5.398367819779e+03 
       3.949925979034e-02       5.395540994952e+03 
       3.951978944136e-02       5.392710944073e+03 
       3.954035871580e-02       5.389877661374e+03 
       3.956096780452e-02       5.387041132849e+03 
       3.958161689969e-02       5.384201346486e+03 
       3.960230619488e-02       5.381358293989e+03 
       3.962303588503e-02       5.378511962488e+03 
       3.964380616647e-02       5.375662340644e+03 
       3.966461723695e-02       5.372809416885e+03 
       3.968546929561e-02       5.369953179872e+03 
       3.970636254307e-02       5.367093609939e+03 
       3.972729718134e-02       5.364230710284e+03 
       3.974827341395e-02       5.361364462124e+03 
       3.976929144587e-02       5.358494853568e+03 
       3.979035148356e-02       5.355621872926e+03 
       3.981145373499e-02       5.352745506399e+03 
       3.983259840965e-02       5.349865745693e+03 
       3.985378571857e-02       5.346982577039e+03 
       3.987501587431e-02       5.344095985203e+03 
       3.989628909102e-02       5.341205962172e+03 
       3.991760558439e-02       5.338312495499e+03 
       3.993896557174e-02       5.335415571698e+03 
       3.996036927198e-02       5.332515178343e+03 
       3.998181690565e-02       5.329611297875e+03 
       4.000330869494e-02       5.326703926543e+03 
       4.002484486369e-02       5.323793046282e+03 
       4.004642563741e-02       5.320878646842e+03 
       4.006805124330e-02       5.317960714284e+03 
       4.008972191028e-02       5.315039235699e+03 
       4.011143786899e-02       5.312114198051e+03 
       4.013319935181e-02       5.309185582276e+03 
       4.015500659287e-02       5.306253386171e+03 
       4.017685982810e-02       5.303317591587e+03 
       4.019875929520e-02       5.300378185056e+03 
       4.022070523370e-02       5.297435153148e+03 
       4.024269788496e-02       5.294488482809e+03 
       4.026473749219e-02       5.291538155366e+03 
       4.028682430046e-02       5.288584165332e+03 
       4.030895855674e-02       5.285626495383e+03 
       4.033114050990e-02       5.282665131673e+03 
       4.035337041075e-02       5.279700061333e+03 
       4.037564851202e-02       5.276731262922e+03 
       4.039797506845e-02       5.273758733213e+03 
       4.042035033672e-02       5.270782452733e+03 
       4.044277457555e-02       5.267802408428e+03 
       4.046524804568e-02       5.264818586073e+03 
       4.048777100990e-02       5.261830965954e+03 
       4.051034373307e-02       5.258839541030e+03 
       4.053296648216e-02       5.255844293487e+03 
       4.055563952622e-02       5.252845208535e+03 
       4.057836313648e-02       5.249842269491e+03 
       4.060113758629e-02       5.246835464723e+03 
       4.062396315121e-02       5.243824777642e+03 
       4.064684010901e-02       5.240810193146e+03 
       4.066976873966e-02       5.237791695962e+03 
       4.069274932542e-02       5.234769270647e+03 
       4.071578215081e-02       5.231742901821e+03 
       4.073886750264e-02       5.228712572395e+03 
       4.076200567007e-02       5.225678268476e+03 
       4.078519694460e-02       5.222639974750e+03 
       4.080844162010e-02       5.219597674585e+03 
       4.083173999288e-02       5.216551351830e+03 
       4.085509236162e-02       5.213500991215e+03 
       4.087849902752e-02       5.210446571063e+03 
       4.090196029421e-02       5.207388083825e+03 
       4.092547646786e-02       5.204325509029e+03 
       4.094904785717e-02       5.201258830252e+03 
       4.097267477340e-02       5.198188030745e+03 
       4.099635753041e-02       5.195113093746e+03 
       4.102009644470e-02       5.192034002362e+03 
       4.104389183537e-02       5.188950739543e+03 
       4.106774402427e-02       5.185863288342e+03 
       4.109165333590e-02       5.182771631511e+03 
       4.111562009754e-02       5.179675751775e+03 
       4.113964463923e-02       5.176575631693e+03 
       4.116372729382e-02       5.173471253580e+03 
       4.118786839698e-02       5.170362599830e+03 
       4.121206828726e-02       5.167249652491e+03 
       4.123632730611e-02       5.164132393586e+03 
       4.126064579791e-02       5.161010805058e+03 
       4.128502411001e-02       5.157884868553e+03 
       4.130946259275e-02       5.154754565992e+03 
       4.133396159952e-02       5.151619878861e+03 
       4.135852148677e-02       5.148480788648e+03 
       4.138314261406e-02       5.145337276565e+03 
       4.140782534408e-02       5.142189323903e+03 
       4.143257004273e-02       5.139036911537e+03 
       4.145737707908e-02       5.135880020306e+03 
       4.148224682548e-02       5.132718630874e+03 
       4.150717965757e-02       5.129552723755e+03 
       4.153217595432e-02       5.126382279566e+03 
       4.155723609805e-02       5.123207278606e+03 
       4.158236047450e-02       5.120027701118e+03 
       4.160754947288e-02       5.116843527170e+03 
       4.163280348585e-02       5.113654736557e+03 
       4.165812290962e-02       5.110461309236e+03 
       4.168350814399e-02       5.107263224667e+03 
       4.170895959234e-02       5.104060462243e+03 
       4.173447766175e-02       5.100853001101e+03 
       4.176006276297e-02       5.097640820495e+03 
       4.178571531052e-02       5.094423899377e+03 
       4.181143572269e-02       5.091202216640e+03 
       4.183722442165e-02       5.087975750982e+03 
       4.186308183341e-02       5.084744480839e+03 
       4.188900838796e-02       5.081508384794e+03 
       4.191500451923e-02       5.078267440974e+03 
       4.194107066522e-02       5.075021627391e+03 
       4.196720726798e-02       5.071770921746e+03 
       4.199341477372e-02       5.068515301808e+03 
       4.201969363282e-02       5.065254745035e+03 
       4.204604429988e-02       5.061989228810e+03 
       4.207246723382e-02       5.058718730351e+03 
       4.209896289789e-02       5.055443226562e+03 
       4.212553175972e-02       5.052162694500e+03 
       4.215217429142e-02       5.048877110798e+03 
       4.217889096958e-02       5.045586451949e+03 
       4.220568227540e-02       5.042290694133e+03 
       4.223254869465e-02       5.038989813544e+03 
       4.225949071781e-02       5.035683785988e+03 
       4.228650884012e-02       5.032372587217e+03 
       4.231360356160e-02       5.029056192673e+03 
       4.234077538714e-02       5.025734577860e+03 
       4.236802482656e-02       5.022407717919e+03 
       4.239535239468e-02       5.019075587876e+03 
       4.242275861137e-02       5.015738162539e+03 
       4.245024400163e-02       5.012395416364e+03 
       4.247780909565e-02       5.009047323855e+03 
       4.250545442887e-02       5.005693859074e+03 
       4.253318054207e-02       5.002334995938e+03 
       4.256098798143e-02       4.998970708053e+03 
       4.258887729859e-02       4.995600969135e+03 
       4.261684905074e-02       4.992225752453e+03 
       4.264490380069e-02       4.988845031143e+03 
       4.267304211693e-02       4.985458778058e+03 
       4.270126457374e-02       4.982066966034e+03 
       4.272957175124e-02       4.978669567435e+03 
       4.275796423546e-02       4.975266554447e+03 
       4.278644261845e-02       4.971857898923e+03 
       4.281500749835e-02       4.968443572732e+03 
       4.284365947947e-02       4.965023547319e+03 
       4.287239917237e-02       4.961597794018e+03 
       4.290122719396e-02       4.958166283784e+03 
       4.293014416758e-02       4.954728987601e+03 
       4.295915072307e-02       4.951285876023e+03 
       4.298824749691e-02       4.947836919381e+03 
       4.301743513226e-02       4.944382087600e+03 
       4.304671427908e-02       4.940921350566e+03 
       4.307608559422e-02       4.937454677753e+03 
       4.310554974152e-02       4.933982038477e+03 
       4.313510739189e-02       4.930503401687e+03 
       4.316475922347e-02       4.927018736263e+03 
       4.319450592163e-02       4.923528010696e+03 
       4.322434817918e-02       4.920031193285e+03 
       4.325428669641e-02       4.916528251889e+03 
       4.328432218121e-02       4.913019154267e+03 
       4.331445534920e-02       4.909503867713e+03 
       4.334468692381e-02       4.905982359313e+03 
       4.337501763645e-02       4.902454595789e+03 
       4.340544822653e-02       4.898920543803e+03 
       4.343597944170e-02       4.895380169553e+03 
       4.346661203784e-02       4.891833439002e+03 
       4.349734677930e-02       4.888280317724e+03 
       4.352818443895e-02       4.884720771193e+03 
       4.355912579832e-02       4.881154764320e+03 
       4.359017164776e-02       4.877582261752e+03 
       4.362132278653e-02       4.874003227718e+03 
       4.365258002297e-02       4.870417626434e+03 
       4.368394417461e-02       4.866825421605e+03 
       4.371541606832e-02       4.863226576575e+03 
       4.374699654044e-02       4.859621054545e+03 
       4.377868643697e-02       4.856008818230e+03 
       4.381048661364e-02       4.852389830019e+03 
       4.384239793612e-02       4.848764051790e+03 
       4.387442128016e-02       4.845131445288e+03 
       4.390655753174e-02       4.841491971773e+03 
       4.393880758722e-02       4.837845592223e+03 
       4.397117235350e-02       4.834192267160e+03 
       4.400365274824e-02       4.830531956992e+03 
       4.403624969992e-02       4.826864621602e+03 
       4.406896414814e-02       4.823190220387e+03 
       4.410179704367e-02       4.819508712472e+03 
       4.413474934874e-02       4.815820056436e+03 
       4.416782203712e-02       4.812124210550e+03 
       4.420101609440e-02       4.808421132599e+03 
       4.423433251811e-02       4.804710780231e+03 
       4.426777231793e-02       4.800993110522e+03 
       4.430133651591e-02       4.797268080137e+03 
       4.433502614665e-02       4.793535645451e+03 
       4.436884225749e-02       4.789795762198e+03 
       4.440278590877e-02       4.786048385688e+03 
       4.443685817398e-02       4.782293470675e+03 
       4.447106014003e-02       4.778530971715e+03 
       4.450539290743e-02       4.774760842892e+03 
       4.453985759054e-02       4.770983037683e+03 
       4.457445531782e-02       4.767197509383e+03 
       4.460918723200e-02       4.763404210676e+03 
       4.464405449041e-02       4.759603093704e+03 
       4.467905826515e-02       4.755794109940e+03 
       4.471419974339e-02       4.751977210586e+03 
       4.474948012757e-02       4.748152346257e+03 
       4.478490063575e-02       4.744319467044e+03 
       4.482046250180e-02       4.740478522753e+03 
       4.485616697569e-02       4.736629462573e+03 
       4.489201532381e-02       4.732772235140e+03 
       4.492800882918e-02       4.728906788590e+03 
       4.496414879184e-02       4.725033070304e+03 
       4.500043652904e-02       4.721151027136e+03 
       4.503687337563e-02       4.717260605365e+03 
       4.507346068432e-02       4.713361750965e+03 
       4.511019982603e-02       4.709454409218e+03 
       4.514709219020e-02       4.705538524818e+03 
       4.518413918509e-02       4.701614042050e+03 
       4.522134223820e-02       4.697680904438e+03 
       4.525870279652e-02       4.693739054319e+03 
       4.529622232698e-02       4.689788434210e+03 
       4.533390231671e-02       4.685828985562e+03 
       4.537174427352e-02       4.681860649293e+03 
       4.540974972619e-02       4.677883365865e+03 
       4.544792022490e-02       4.673897075038e+03 
       4.548625734162e-02       4.669901715795e+03 
       4.552476267053e-02       4.665897226419e+03 
       4.556343782841e-02       4.661883544336e+03 
       4.560228445508e-02       4.657860606304e+03 
       4.564130421382e-02       4.653828348557e+03 
       4.568049879184e-02       4.649786706574e+03 
       4.571986990073e-02       4.645735615125e+03 
       4.575941927690e-02       4.641675008351e+03 
       4.579914868209e-02       4.637604819401e+03 
       4.583905990386e-02       4.633524980510e+03 
       4.587915475605e-02       4.629435423261e+03 
       4.591943507935e-02       4.625336078427e+03 
       4.595990274177e-02       4.621226876004e+03 
       4.600055963923e-02       4.617107745348e+03 
       4.604140769607e-02       4.612978614906e+03 
       4.608244886565e-02       4.608839412108e+03 
       4.612368513089e-02       4.604690063521e+03 
       4.616511850491e-02       4.600530494788e+03 
       4.620675103159e-02       4.596360630508e+03 
       4.624858478624e-02       4.592180394807e+03 
       4.629062187620e-02       4.587989710733e+03 
       4.633286444152e-02       4.583788500520e+03 
       4.637531465562e-02       4.579576684856e+03 
       4.641797472600e-02       4.575354184133e+03 
       4.646084689492e-02       4.571120917137e+03 
       4.650393344013e-02       4.566876801971e+03 
       4.654723667563e-02       4.562621755720e+03 
       4.659075895244e-02       4.558355694380e+03 
       4.663450265934e-02       4.554078533089e+03 
       4.667847022372e-02       4.549790185520e+03 
       4.672266411240e-02       4.545490564348e+03 
       4.676708683245e-02       4.541179581006e+03 
       4.681174093208e-02       4.536857145942e+03 
       4.685662900154e-02       4.532523168502e+03 
       4.690175367402e-02       4.528177556897e+03 
       4.694711762660e-02       4.523820217900e+03 
       4.699272358123e-02       4.519451057117e+03 
       4.703857430572e-02       4.515069978679e+03 
       4.708467261474e-02       4.510676885690e+03 
       4.713102137090e-02       4.506271679928e+03 
       4.717762348582e-02       4.501854261868e+03 
       4.722448192123e-02       4.497424530704e+03 
       4.727159969015e-02       4.492982383939e+03 
       4.731897985800e-02       4.488527717700e+03 
       4.736662554385e-02       4.484060426700e+03 
       4.741453992168e-02       4.479580404293e+03 
       4.746272622161e-02       4.475087542468e+03 
       4.751118773125e-02       4.470581731569e+03 
       4.755992779702e-02       4.466062860285e+03 
       4.760894982558e-02       4.461530815544e+03 
       4.765825728526e-02       4.456985482686e+03 
       4.770785370749e-02       4.452426745666e+03 
       4.775774268838e-02       4.447854486745e+03 
       4.780792789024e-02       4.443268586517e+03 
       4.785841304322e-02       4.438668923499e+03 
       4.790920194695e-02       4.434055374246e+03 
       4.796029847228e-02       4.429427813701e+03 
       4.801170656302e-02       4.424786115000e+03 
       4.806343023774e-02       4.420130149602e+03 
       4.811547359171e-02       4.415459786756e+03 
       4.816784079877e-02       4.410774893573e+03 
       4.822053611333e-02       4.406075334971e+03 
       4.827356387248e-02       4.401360973880e+03 
       4.832692849803e-02       4.396631671419e+03 
       4.838063449877e-02       4.391887286410e+03 
       4.843468647269e-02       4.387127675452e+03 
       4.848908910932e-02       4.382352692471e+03 
       4.854384719214e-02       4.377562189137e+03 
       4.859896560107e-02       4.372756014920e+03 
       4.865444931501e-02       4.367934016911e+03 
       4.871030341455e-02       4.363096039724e+03 
       4.876653308463e-02       4.358241925169e+03 
       4.882314361746e-02       4.353371512293e+03 
       4.888014041538e-02       4.348484637565e+03 
       4.893752899391e-02       4.343581134941e+03 
       4.899531498487e-02       4.338660835410e+03 
       4.905350413966e-02       4.333723567100e+03 
       4.911210233253e-02       4.328769154966e+03 
       4.917111556413e-02       4.323797420934e+03 
       4.923054996502e-02       4.318808183949e+03 
       4.929041179943e-02       4.313801259842e+03 
       4.935070746909e-02       4.308776461102e+03 
       4.941144351722e-02       4.303733596732e+03 
       4.947262663261e-02       4.298672472185e+03 
       4.953426365396e-02       4.293592889667e+03 
       4.959636157424e-02       4.288494647596e+03 
       4.965892754533e-02       4.283377540757e+03 
       4.972196888274e-02       4.278241359908e+03 
       4.978549307056e-02       4.273085891912e+03 
       4.984950776660e-02       4.267910919789e+03 
       4.991402080765e-02       4.262716222296e+03 
       4.997904021504e-02       4.257501573887e+03 
       5.004457420032e-02       4.252266744542e+03 
       5.011063117124e-02       4.247011499744e+03 
       5.017721973791e-02       4.241735600738e+03 
       5.024434871916e-02       4.236438803472e+03 
       5.031202714928e-02       4.231120859205e+03 
       5.038026428490e-02       4.225781514050e+03 
       5.044906961219e-02       4.220420509163e+03 
       5.051845285435e-02       4.215037580167e+03 
       5.058842397941e-02       4.209632457016e+03 
       5.065899320831e-02       4.204204864243e+03 
       5.073017102338e-02       4.198754520398e+03 
       5.080196817707e-02       4.193281138071e+03 
       5.087439570114e-02       4.187784423454e+03 
       5.094746491617e-02       4.182264076458e+03 
       5.102118744151e-02       4.176719790366e+03 
       5.109557520559e-02       4.171151251604e+03 
       5.117064045679e-02       4.165558139399e+03 
       5.124639577462e-02       4.159940125825e+03 
       5.132285408155e-02       4.154296875464e+03 
       5.140002865518e-02       4.148628045010e+03 
       5.147793314116e-02       4.142933282977e+03 
       5.155658156644e-02       4.137212229814e+03 
       5.163598835333e-02       4.131464517326e+03 
       5.171616833409e-02       4.125689768100e+03 
       5.179713676615e-02       4.119887595685e+03 
       5.187890934810e-02       4.114057604146e+03 
       5.196150223644e-02       4.108199387639e+03 
       5.204493206296e-02       4.102312529810e+03 
       5.212921595314e-02       4.096396603738e+03 
       5.221437154525e-02       4.090451171555e+03 
       5.230041701047e-02       4.084475784051e+03 
       5.238737107392e-02       4.078469979745e+03 
       5.247525303671e-02       4.072433284800e+03 
       5.256408279911e-02       4.066365212840e+03 
       5.265388088485e-02       4.060265264102e+03 
       5.274466846655e-02       4.054132924567e+03 
       5.283646739257e-02       4.047967665742e+03 
       5.292930021506e-02       4.041768944560e+03 
       5.302319021957e-02       4.035536202003e+03 
       5.311816145610e-02       4.029268862395e+03 
       5.321423877178e-02       4.022966333135e+03 
       5.331144784526e-02       4.016628004331e+03 
       5.340981522294e-02       4.010253246938e+03 
       5.350936835708e-02       4.003841412437e+03 
       5.361013564597e-02       3.997391832428e+03 
       5.371214647628e-02       3.990903817388e+03 
       5.381543126772e-02       3.984376655017e+03 
       5.392002152015e-02       3.977809610064e+03 
       5.402594986330e-02       3.971201923467e+03 
       5.413325010931e-02       3.964552809845e+03 
       5.424195730812e-02       3.957861457364e+03 
       5.435210780623e-02       3.951127026545e+03 
       5.446373930856e-02       3.944348647856e+03 
       5.457689094415e-02       3.937525420831e+03 
       5.469160333554e-02       3.930656412953e+03 
       5.480791867227e-02       3.923740656778e+03 
       5.492588078878e-02       3.916777148935e+03 
       5.504553524700e-02       3.909764848276e+03 
       5.516692942383e-02       3.902702673009e+03 
       5.529011260406e-02       3.895589499194e+03 
       5.541513607897e-02       3.888424158304e+03 
       5.554205325103e-02       3.881205433773e+03 
       5.567091974514e-02       3.873932059523e+03 
       5.580179352691e-02       3.866602716260e+03 
       5.593473502845e-02       3.859216027742e+03 
       5.606980728214e-02       3.851770559036e+03 
       5.620707606317e-02       3.844264810833e+03 
       5.634661004123e-02       3.836697216502e+03 
       5.648848094217e-02       3.829066138260e+03 
       5.663276372033e-02       3.821369860753e+03 
       5.677953674234e-02       3.813606588062e+03 
       5.692888198316e-02       3.805774436783e+03 
       5.708088523532e-02       3.797871430305e+03 
       5.723563633236e-02       3.789895493413e+03 
       5.739322938747e-02       3.781844443290e+03 
       5.755376304841e-02       3.773715984154e+03 
       5.771734076996e-02       3.765507697187e+03 
       5.788407110524e-02       3.757217032114e+03 
       5.805406801710e-02       3.748841297916e+03 
       5.822745121118e-02       3.740377650350e+03 
       5.840434649210e-02       3.731823082532e+03 
       5.858488614441e-02       3.723174409147e+03 
       5.876920934007e-02       3.714428255094e+03 
       5.895746257418e-02       3.705581037298e+03 
       5.914980013082e-02       3.696628949904e+03 
       5.934638458098e-02       3.687567943225e+03 
       5.954738731453e-02       3.678393705216e+03 
       5.975298910806e-02       3.669101636242e+03 
       5.996338073076e-02       3.659686826305e+03 
       6.017876359006e-02       3.650144025371e+03 
       6.039935041877e-02       3.640467613326e+03 
       6.062536600544e-02       3.630651566542e+03 
       6.085704796888e-02       3.620689418787e+03 
       6.109464757788e-02       3.610574221579e+03 
       6.133843061626e-02       3.600298496702e+03 
       6.158867829251e-02       3.589854185468e+03 
       6.184568819254e-02       3.579232593221e+03 
       6.210977527242e-02       3.568424325520e+03 
       6.238127288635e-02       3.557419219896e+03 
       6.266053384292e-02       3.546206269154e+03 
       6.294793147991e-02       3.534773536814e+03 
       6.324386074446e-02       3.523108064560e+03 
       6.354873926122e-02       3.511195768643e+03 
       6.386300836584e-02       3.499021328097e+03 
       6.418713407511e-02       3.486568061980e+03 
       6.452160795731e-02       3.473817794659e+03 
       6.486694785763e-02       3.460750710363e+03 
       6.522369842332e-02       3.447345196926e+03 
       6.559243136095e-02       3.433577679265e+03 
       6.597374534543e-02       3.419422442796e+03 
       6.636826548518e-02       3.404851450211e+03 
       6.677664223285e-02       3.389834154053e+03 
       6.719954961487e-02       3.374337310281e+03 
       6.763768263866e-02       3.358324799040e+03 
       6.809175372397e-02       3.341757461262e+03 
       6.856248799743e-02       3.324592963221e+03 
       6.905061728977e-02       3.306785702047e+03 
       6.955687268672e-02       3.288286772210e+03 
       7.008197551193e-02       3.269044012217e+03 
       7.062662666713e-02       3.249002158002e+03 
       7.119149432627e-02       3.228103129860e+03 
       7.177720007843e-02       3.206286483716e+03 
       7.238430374029e-02       3.183490055595e+03 
       7.301328720926e-02       3.159650826652e+03 
       7.366453789442e-02       3.134706028800e+03 
       7.433833243018e-02       3.108594502048e+03 
       7.503482152528e-02       3.081258293801e+03 
       7.575401690242e-02       3.052644481407e+03 
       7.649578131426e-02       3.022707166862e+03 
       7.725982255593e-02       2.991409578847e+03 
       7.804569222049e-02       2.958726187858e+03 
       7.885278966353e-02       2.924644725527e+03 
       7.968037127918e-02       2.889167986931e+03 
       8.052756478190e-02       2.852315304460e+03 
       8.139338778974e-02       2.814123592290e+03 
       8.227676966994e-02       2.774647890169e+03 
       8.317657538354e-02       2.733961358602e+03 
       8.409162997898e-02       2.692154708285e+03 
       8.502074243867e-02       2.649335094262e+03 
       8.596272775832e-02       2.605624535512e+03 
       8.691642639891e-02       2.561157947394e+03 
       8.788072055210e-02       2.516080877802e+03 
       8.885454695969e-02       2.470547049593e+03 
       8.983690629220e-02       2.424715808996e+03 
       9.082686930051e-02       2.378749566382e+03 
       9.182358009938e-02       2.332811313669e+03 
       9.282625702382e-02       2.287062278980e+03 
       9.383419152909e-02       2.241659768389e+03 
       9.484674559312e-02       2.196755233947e+03 
       9.586334804156e-02       2.152492584119e+03 
       9.688349015981e-02       2.109006746430e+03 
       9.790672089526e-02       2.066422480158e+03 
       9.893264189073e-02       2.024853441385e+03 
       9.996090253348e-02       1.984401482181e+03 
       1.009911951542e-01       1.945156165718e+03 
       1.020232504687e-01       1.907194484097e+03 
       1.030568333206e-01       1.870580759885e+03 
       1.040917387586e-01       1.835366708773e+03 
       1.051277884592e-01       1.801591639498e+03 
       1.061648274958e-01       1.769282772476e+03 
       1.072027214394e-01       1.738455656925e+03 
       1.082413537745e-01       1.709114668759e+03 
       1.092806236083e-01       1.681253573695e+03 
       1.103204436467e-01       1.654856143363e+03 
       1.113607384148e-01       1.629896805791e+03 
       1.124014426962e-01       1.606341321049e+03 
       1.134425001677e-01       1.584147474912e+03 
       1.144838622087e-01       1.563265783600e+03 
       1.155254868636e-01       1.543640202793e+03 
       1.165673379398e-01       1.525208844457e+03 
       1.176093842252e-01       1.507904677930e+03 
       1.186515988089e-01       1.491656245069e+03 
       1.196939584931e-01       1.476388357035e+03 
       1.207364432841e-01       1.462022792483e+03 
       1.217790359524e-01       1.448478985126e+03 
       1.228217216517e-01       1.435674712522e+03 
       1.238644875910e-01       1.423526770002e+03 
       1.249073227502e-01       1.411951644032e+03 
       1.259502176359e-01       1.400866170110e+03 
       1.269931640702e-01       1.390188178676e+03 
       1.280361550082e-01       1.379837133384e+03 
       1.290791843811e-01       1.369734739575e+03 
       1.301222469612e-01       1.359805540025e+03 
       1.311653382449e-01       1.349977473717e+03 
       1.322084543525e-01       1.340182406335e+03 
       1.332515919414e-01       1.330356621955e+03 
       1.342947481316e-01       1.320441271236e+03 
       1.353379204414e-01       1.310382769047e+03 
       1.363811067322e-01       1.300133137982e+03 
       1.374243051609e-01       1.289650290616e+03 
       1.384675141385e-01       1.278898252413e+03 
       1.395107322953e-01       1.267847315177e+03 
       1.405539584501e-01       1.256474123587e+03 
       1.415971915842e-01       1.244761692069e+03 
       1.426404308186e-01       1.232699350859e+03 
       1.436836753949e-01       1.220282623907e+03 
       1.447269246585e-01       1.207513040484e+03 
       1.457701780440e-01       1.194397884132e+03 
       1.468134350630e-01       1.180949881174e+03 
       1.478566952934e-01       1.167186837431e+03 
       1.488999583702e-01       1.153131226963e+03 
       1.499432239777e-01       1.138809741846e+03 
       1.509864918424e-01       1.124252807644e+03 
       1.520297617274e-01       1.109494073658e+03 
       1.530730334274e-01       1.094569886656e+03 
       1.541163067641e-01       1.079518754491e+03 
       1.551595815826e-01       1.064380808653e+03 
       1.562028577483e-01       1.049197272725e+03 
       1.572461351437e-01       1.034009943479e+03 
       1.582894136668e-01       1.018860690888e+03 
       1.593326932280e-01       1.003790983251e+03 
       1.603759737492e-01       9.888414420063e+02 
       1.614192551621e-01       9.740514307026e+02 
       1.624625374063e-01       9.594586812481e+02 
       1.635058204289e-01       9.450989592999e+02 
       1.645491041832e-01       9.310057708813e+02 
       1.655923886279e-01       9.172101110412e+02 
       1.666356737263e-01       9.037402539656e+02 
       1.676789594458e-01       8.906215846094e+02 
       1.687222457573e-01       8.778764699116e+02 
       1.697655326346e-01       8.655241688532e+02 
       1.708088200544e-01       8.535807784149e+02 
       1.718521079955e-01       8.420592132916e+02 
       1.728953964388e-01       8.309692157960e+02 
       1.739386853669e-01       8.203173950837e+02 
       1.749819747638e-01       8.101072915296e+02 
       1.760252646152e-01       8.003394639196e+02 
       1.770685549075e-01       7.910115966956e+02 
       1.781118456284e-01       7.821186240920e+02 
       1.791551367665e-01       7.736528704104e+02 
       1.801984283111e-01       7.656042029905e+02 
       1.812417202521e-01       7.579601964280e+02 
       1.822850125803e-01       7.507063057919e+02 
       1.833283052869e-01       7.438260484426e+02 
       1.843715983635e-01       7.373011918845e+02 
       1.854148918022e-01       7.311119470574e+02 
       1.864581855956e-01       7.252371656069e+02 
       1.875014797366e-01       7.196545408726e+02 
       1.885447742182e-01       7.143408107672e+02 
       1.895880690340e-01       7.092719623834e+02 
       1.906313641778e-01       7.044234365994e+02 
       1.916746596434e-01       6.997703325862e+02 
       1.927179554251e-01       6.952876103767e+02 
       1.937612515173e-01       6.909502905197e+02 
       1.948045479145e-01       6.867336505359e+02 
       1.958478446115e-01       6.826134157788e+02 
       1.968911416033e-01       6.785659437208e+02 
       1.979344388848e-01       6.745684008915e+02 
       1.989777364512e-01       6.705989298952e+02 
       2.000210342979e-01       6.666368063555e+02 
       2.010643324204e-01       6.626625834137e+02 
       2.021076308142e-01       6.586582227958e+02 
       2.031509294750e-01       6.546072119069e+02 
       2.041942283986e-01       6.504946638286e+02 
       2.052375275808e-01       6.463074013198e+02 
       2.062808270177e-01       6.420340227207e+02 
       2.073241267054e-01       6.376649500031e+02 
       2.083674266399e-01       6.331924580735e+02 
       2.094107268176e-01       6.286106843395e+02 
       2.104540272347e-01       6.239156207370e+02 
       2.114973278877e-01       6.191050865065e+02 
       2.125406287731e-01       6.141786835957e+02 
       2.135839298875e-01       6.091377343215e+02 
       2.146272312273e-01       6.039852042159e+02 
       2.156705327895e-01       5.987256093048e+02 
       2.167138345706e-01       5.933649105145e+02 
       2.177571365676e-01       5.879103964152e+02 
       2.188004387774e-01       5.823705562370e+02 
       2.198437411968e-01       5.767549450301e+02 
       2.208870438229e-01       5.710740416482e+02 
       2.219303466528e-01       5.653391042764e+02 
       2.229736496836e-01       5.595620219811e+02 
       2.240169529125e-01       5.537551663247e+02 
       2.250602563366e-01       5.479312446322e+02 
       2.261035599534e-01       5.421031556215e+02 
       2.271468637601e-01       5.362838497345e+02 
       2.281901677542e-01       5.304861951797e+02 
       2.292334719329e-01       5.247228514251e+02 
       2.302767762939e-01       5.190061499692e+02 
       2.313200808347e-01       5.133479851444e+02 
       2.323633855528e-01       5.077597139500e+02 
       2.334066904459e-01       5.022520660279e+02 
       2.344499955115e-01       4.968350649974e+02 
       2.354933007474e-01       4.915179590950e+02 
       2.365366061514e-01       4.863091646920e+02 
       2.375799117213e-01       4.812162184354e+02 
       2.386232174547e-01       4.762457408925e+02 
       2.396665233497e-01       4.714034105389e+02 
       2.407098294040e-01       4.666939472098e+02 
       2.417531356157e-01       4.621211040509e+02 
       2.427964419827e-01       4.576876704395e+02 
       2.438397485030e-01       4.533954804986e+02 
       2.448830551746e-01       4.492454309139e+02 
       2.459263619956e-01       4.452375051280e+02 
       2.469696689641e-01       4.413708041587e+02 
       2.480129760782e-01       4.376435831392e+02 
       2.490562833362e-01       4.340532933763e+02 
       2.500995907362e-01       4.305966278898e+02 
       2.511428982763e-01       4.272695729125e+02 
       2.521862059550e-01       4.240674614915e+02 
       2.532295137705e-01       4.209850308421e+02 
       2.542728217210e-01       4.180164819669e+02 
       2.553161298049e-01       4.151555413558e+02 
       2.563594380207e-01       4.123955251821e+02 
       2.574027463666e-01       4.097294025151e+02 
       2.584460548411e-01       4.071498623946e+02 
       2.594893634427e-01       4.046493783852e+02 
       2.605326721698e-01       4.022202742429e+02 
       2.615759810209e-01       3.998547895179e+02 
       2.626192899945e-01       3.975451428364e+02 
       2.636625990893e-01       3.952835944302e+02 
       2.647059083036e-01       3.930625078988e+02 
       2.657492176362e-01       3.908744071506e+02 
       2.667925270857e-01       3.887120331551e+02 
       2.678358366506e-01       3.865683959401e+02 
       2.688791463296e-01       3.844368243348e+02 
       2.699224561215e-01       3.823110107205e+02 
       2.709657660248e-01       3.801850525530e+02 
       2.720090760383e-01       3.780534888450e+02 
       2.730523861608e-01       3.759113321117e+02 
       2.740956963910e-01       3.737540955005e+02 
       2.751390067277e-01       3.715778143865e+02 
       2.761823171696e-01       3.693790632905e+02 
       2.772256277156e-01       3.671549668034e+02 
       2.782689383645e-01       3.649032058551e+02 
       2.793122491151e-01       3.626220181072e+02 
       2.803555599664e-01       3.603101936407e+02 
       2.813988709171e-01       3.579670653021e+02 
       2.824421819662e-01       3.555924944105e+02 
       2.834854931126e-01       3.531868518352e+02 
       2.845288043552e-01       3.507509948759e+02 
       2.855721156930e-01       3.482862403780e+02 
       2.866154271249e-01       3.457943340956e+02 
       2.876587386499e-01       3.432774173751e+02 
       2.887020502670e-01       3.407379907757e+02 
       2.897453619751e-01       3.381788759414e+02 
       2.907886737734e-01       3.356031758012e+02 
       2.918319856608e-01       3.330142328238e+02 
       2.928752976364e-01       3.304155879416e+02 
       2.939186096992e-01       3.278109378559e+02 
       2.949619218484e-01       3.252040930285e+02 
       2.960052340830e-01       3.225989362532e+02 
       2.970485464020e-01       3.199993828598e+02 
       2.980918588047e-01       3.174093410537e+02 
       2.991351712901e-01       3.148326748104e+02 
       3.001784838573e-01       3.122731683887e+02 
       3.012217965056e-01       3.097344933665e+02 
       3.022651092341e-01       3.072201777976e+02 
       3.033084220419e-01       3.047335782714e+02 
       3.043517349283e-01       3.022778546543e+02 
       3.053950478923e-01       2.998559475896e+02 
       3.064383609334e-01       2.974705591780e+02 
       3.074816740505e-01       2.951241364230e+02 
       3.085249872430e-01       2.928188576647e+02 
       3.095683005102e-01       2.905566221699e+02 
       3.106116138512e-01       2.883390423444e+02 
       3.116549272653e-01       2.861674389068e+02 
       3.126982407517e-01       2.840428386990e+02 
       3.137415543099e-01       2.819659752433e+02 
       3.147848679390e-01       2.799372915890e+02 
       3.158281816383e-01       2.779569456598e+02 
       3.168714954071e-01       2.760248176406e+02 
       3.179148092449e-01       2.741405194363e+02 
       3.189581231508e-01       2.723034061236e+02 
       3.200014371242e-01       2.705125888393e+02 
       3.210447511645e-01       2.687669494529e+02 
       3.220880652709e-01       2.670651564292e+02 
       3.231313794430e-01       2.654056818485e+02 
       3.241746936799e-01       2.637868196589e+02 
       3.252180079812e-01       2.622067043531e+02 
       3.262613223462e-01       2.606633308472e+02 
       3.273046367742e-01       2.591545742987e+02 
       3.283479512647e-01       2.576782107202e+02 
       3.293912658170e-01       2.562319373914e+02 
       3.304345804307e-01       2.548133935852e+02 
       3.314778951051e-01       2.534201808635e+02 
       3.325212098396e-01       2.520498833009e+02 
       3.335645246337e-01       2.507000870981e+02 
       3.346078394867e-01       2.493683996857e+02 
       3.356511543983e-01       2.480524680542e+02 
       3.366944693678e-01       2.467499962019e+02 
       3.377377843946e-01       2.454587617355e+02 
       3.387810994784e-01       2.441766311861e+02 
       3.398244146184e-01       2.429015743650e+02 
       3.408677298142e-01       2.416316770946e+02 
       3.419110450654e-01       2.403651530582e+02 
       3.429543603713e-01       2.391003536928e+02 
       3.439976757315e-01       2.378357770977e+02 
       3.450409911455e-01       2.365700750067e+02 
       3.460843066129e-01       2.353020585163e+02 
       3.471276221330e-01       2.340307021063e+02 
       3.481709377056e-01       2.327551460981e+02 
       3.492142533300e-01       2.314746978124e+02 
       3.502575690058e-01       2.301888307237e+02 
       3.513008847326e-01       2.288971828693e+02 
       3.523442005098e-01       2.275995531438e+02 
       3.533875163372e-01       2.262958968440e+02 
       3.544308322142e-01       2.249863196252e+02 
       3.554741481403e-01       2.236710704465e+02 
       3.565174641152e-01       2.223505335342e+02 
       3.575607801384e-01       2.210252191881e+02 
       3.586040962095e-01       2.196957541415e+02 
       3.596474123281e-01       2.183628707273e+02 
       3.606907284938e-01       2.170273960334e+02 
       3.617340447061e-01       2.156902401101e+02 
       3.627773609647e-01       2.143523842080e+02 
       3.638206772691e-01       2.130148686228e+02 
       3.648639936190e-01       2.116787804709e+02 
       3.659073100140e-01       2.103452417121e+02 
       3.669506264536e-01       2.090153969524e+02 
       3.679939429376e-01       2.076904019159e+02 
       3.690372594655e-01       2.063714118947e+02 
       3.700805760370e-01       2.050595709400e+02 
       3.711238926516e-01       2.037560013987e+02 
       3.721672093091e-01       2.024617940746e+02 
       3.732105260091e-01       2.011779991756e+02 
       3.742538427511e-01       1.999056177683e+02 
       3.752971595350e-01       1.986455942288e+02 
       3.763404763602e-01       1.973988092717e+02 
       3.773837932265e-01       1.961660739950e+02 
       3.784271101336e-01       1.949481246395e+02 
       3.794704270810e-01       1.937456182201e+02 
       3.805137440685e-01       1.925591291189e+02 
       3.815570610957e-01       1.913891463422e+02 
       3.826003781624e-01       1.902360718199e+02 
       3.836436952681e-01       1.891002193254e+02 
       3.846870124126e-01       1.879818143494e+02 
       3.857303295955e-01       1.868809946183e+02 
       3.867736468166e-01       1.857978113920e+02 
       3.878169640755e-01       1.847322314795e+02 
       3.888602813719e-01       1.836841397648e+02 
       3.899035987056e-01       1.826533425339e+02 
       3.909469160762e-01       1.816395711170e+02 
       3.919902334834e-01       1.806424862103e+02 
       3.930335509269e-01       1.796616825928e+02 
       3.940768684065e-01       1.786966941048e+02 
       3.951201859219e-01       1.777469992129e+02 
       3.961635034727e-01       1.768120265583e+02 
       3.972068210588e-01       1.758911609613e+02 
       3.982501386798e-01       1.749837495473e+02 
       3.992934563354e-01       1.740891077822e+02 
       4.003367740254e-01       1.732065259396e+02 
       4.013800917495e-01       1.723352752026e+02 
       4.024234095075e-01       1.714746139324e+02 
       4.034667272990e-01       1.706237938982e+02 
       4.045100451239e-01       1.697820660495e+02 
       4.055533629818e-01       1.689486865362e+02 
       4.065966808725e-01       1.681229221858e+02 
       4.076399987958e-01       1.673040557460e+02 
       4.086833167514e-01       1.664913911014e+02 
       4.097266347391e-01       1.656842576985e+02 
       4.107699527586e-01       1.648820150238e+02 
       4.118132708096e-01       1.640840565423e+02 
       4.128565888920e-01       1.632898130279e+02 
       4.138999070055e-01       1.624987559019e+02 
       4.149432251498e-01       1.617103997185e+02 
       4.159865433248e-01       1.609243043243e+02 
       4.170298615301e-01       1.601400768250e+02 
       4.180731797657e-01       1.593573726054e+02 
       4.191164980312e-01       1.585758962999e+02 
       4.201598163264e-01       1.577954022738e+02 
       4.212031346511e-01       1.570156943075e+02 
       4.222464530051e-01       1.562366254014e+02 
       4.232897713881e-01       1.554580967886e+02 
       4.243330898000e-01       1.546800565795e+02 
       4.253764082406e-01       1.539024983865e+02 
       4.264197267095e-01       1.531254591593e+02 
       4.274630452067e-01       1.523490169766e+02 
       4.285063637319e-01       1.515732886731e+02 
       4.295496822850e-01       1.507984268216e+02 
       4.305930008656e-01       1.500246169237e+02 
       4.316363194736e-01       1.492520742805e+02 
       4.326796381088e-01       1.484810404651e+02 
       4.337229567711e-01       1.477117801888e+02 
       4.347662754601e-01       1.469445776887e+02 
       4.358095941758e-01       1.461797331209e+02 
       4.368529129179e-01       1.454175592301e+02 
       4.378962316863e-01       1.446583776964e+02 
       4.389395504807e-01       1.439025156621e+02 
       4.399828693010e-01       1.431503025239e+02 
       4.410261881470e-01       1.424020664799e+02 
       4.420695070184e-01       1.416581314788e+02 
       4.431128259152e-01       1.409188143167e+02 
       4.441561448372e-01       1.401844216742e+02 
       4.451994637841e-01       1.394552476229e+02 
       4.462427827558e-01       1.387315712384e+02 
       4.472861017521e-01       1.380136542956e+02 
       4.483294207729e-01       1.373017394376e+02 
       4.493727398179e-01       1.365960484483e+02 
       4.504160588871e-01       1.358967806681e+02 
       4.514593779802e-01       1.352041119314e+02 
       4.525026970970e-01       1.345181935086e+02 
       4.535460162375e-01       1.338391513310e+02 
       4.545893354015e-01       1.331670856200e+02 
       4.556326545887e-01       1.325020705724e+02 
       4.566759737990e-01       1.318441543022e+02 
       4.577192930323e-01       1.311933591509e+02 
       4.587626122884e-01       1.305496820492e+02 
       4.598059315672e-01       1.299130950919e+02 
       4.608492508685e-01       1.292835464485e+02 
       4.618925701921e-01       1.286609612775e+02 
       4.629358895380e-01       1.280452428513e+02 
       4.639792089058e-01       1.274362739220e+02 
       4.650225282956e-01       1.268339180795e+02 
       4.660658477071e-01       1.262380212691e+02 
       4.671091671403e-01       1.256484134819e+02 
       4.681524865949e-01       1.250649104050e+02 
       4.691958060708e-01       1.244873151893e+02 
       4.702391255679e-01       1.239154203083e+02 
       4.712824450860e-01       1.233490093552e+02 
       4.723257646250e-01       1.227878588971e+02 
       4.733690841848e-01       1.222317403752e+02 
       4.744124037652e-01       1.216804218874e+02 
       4.754557233661e-01       1.211336699932e+02 
       4.764990429873e-01       1.205912515213e+02 
       4.775423626287e-01       1.200529351945e+02 
       4.785856822903e-01       1.195184932835e+02 
       4.796290019718e-01       1.189877031777e+02 
       4.806723216731e-01       1.184603487749e+02 
       4.817156413941e-01       1.179362218597e+02 
       4.827589611346e-01       1.174151233592e+02 
       4.838022808947e-01       1.168968644078e+02 
       4.848456006740e-01       1.163812673856e+02 
       4.858889204725e-01       1.158681667963e+02 
       4.869322402901e-01       1.153574099655e+02 
       4.879755601266e-01       1.148488576970e+02 
       4.890188799819e-01       1.143423847156e+02 
       4.900621998560e-01       1.138378800429e+02 
       4.911055197486e-01       1.133352471784e+02 
       4.921488396597e-01       1.128344042212e+02 
       4.931921595891e-01       1.123352838188e+02 
       4.942354795368e-01       1.118378330021e+02 
       4.952787995026e-01       1.113420129078e+02 
       4.963221194864e-01       1.108477984578e+02 
       4.973654394880e-01       1.103551777937e+02 
       4.984087595075e-01       1.098641517486e+02 
       4.994520795446e-01       1.093747332109e+02 
       5.004953995993e-01       1.088869463393e+02 
       5.015387196714e-01       1.084008257639e+02 
       5.025820397608e-01       1.079164157850e+02 
       5.036253598675e-01       1.074337693793e+02 
       5.046686799913e-01       1.069529472901e+02 
       5.057120001320e-01       1.064740170484e+02 
       5.067553202898e-01       1.059970519713e+02 
       5.077986404643e-01       1.055221301156e+02 
       5.088419606555e-01       1.050493332933e+02 
       5.098852808633e-01       1.045787460872e+02 
       5.109286010876e-01       1.041104547761e+02 
       5.119719213283e-01       1.036445464245e+02 
       5.130152415853e-01       1.031811079590e+02 
       5.140585618585e-01       1.027202251897e+02 
       5.151018821478e-01       1.022619820087e+02 
       5.161452024531e-01       1.018064595591e+02 
       5.171885227742e-01       1.013537354886e+02 
       5.182318431112e-01       1.009038832156e+02 
       5.192751634640e-01       1.004569713195e+02 
       5.203184838323e-01       1.000130629962e+02 
       5.213618042161e-01       9.957221548118e+01 
       5.224051246154e-01       9.913447965870e+01 
       5.234484450300e-01       9.869989973175e+01 
       5.244917654599e-01       9.826851285171e+01 
       5.255350859049e-01       9.784034895210e+01 
       5.265784063650e-01       9.741543056399e+01 
       5.276217268400e-01       9.699377278798e+01 
       5.286650473300e-01       9.657538318984e+01 
       5.297083678347e-01       9.616026191200e+01 
       5.307516883541e-01       9.574840179065e+01 
       5.317950088882e-01       9.533978846048e+01 
       5.328383294368e-01       9.493440064798e+01 
       5.338816499999e-01       9.453221040575e+01 
       5.349249705773e-01       9.413318344824e+01 
       5.359682911690e-01       9.373727950783e+01 
       5.370116117750e-01       9.334445273821e+01 
       5.380549323950e-01       9.295465218667e+01 
       5.390982530291e-01       9.256782217906e+01 
       5.401415736771e-01       9.218390288771e+01 
       5.411848943390e-01       9.180283080149e+01 
       5.422282150147e-01       9.142453925217e+01 
       5.432715357041e-01       9.104895893838e+01 
       5.443148564072e-01       9.067601847239e+01 
       5.453581771238e-01       9.030564491685e+01 
       5.464014978538e-01       8.993776428001e+01 
       5.474448185973e-01       8.957230209510e+01 
       5.484881393541e-01       8.920918387320e+01 
       5.495314601242e-01       8.884833562521e+01 
       5.505747809074e-01       8.848968432073e+01 
       5.516181017037e-01       8.813315834963e+01 
       5.526614225131e-01       8.777868791728e+01 
       5.537047433354e-01       8.742620545809e+01 
       5.547480641706e-01       8.707564599077e+01 
       5.557913850186e-01       8.672694744816e+01 
       5.568347058793e-01       8.638005096692e+01 
       5.578780267527e-01       8.603490112820e+01 
       5.589213476387e-01       8.569144623550e+01 
       5.599646685372e-01       8.534963840225e+01 
       5.610079894481e-01       8.500943379348e+01 
       5.620513103715e-01       8.467079267736e+01 
       5.630946313071e-01       8.433367950485e+01 
       5.641379522550e-01       8.399806130294e+01 
       5.651812732151e-01       8.366390104329e+01 
       5.662245941872e-01       8.333120121576e+01 
       5.672679151715e-01       8.299994114603e+01 
       5.683112361677e-01       8.267010137555e+01 
       5.693545571758e-01       8.234166463271e+01 
       5.703978781957e-01       8.201461720022e+01 
       5.714411992274e-01       8.168895012449e+01 
       5.724845202709e-01       8.136466033071e+01 
       5.735278413260e-01       8.104175100350e+01 
       5.745711623926e-01       8.072023140902e+01 
       5.756144834708e-01       8.040011593489e+01 
       5.766578045605e-01       8.008142270822e+01 
       5.777011256616e-01       7.976417181059e+01 
       5.787444467740e-01       7.944838350614e+01 
       5.797877678977e-01       7.913407674896e+01 
       5.808310890326e-01       7.882126826090e+01 
       5.818744101786e-01       7.850997224570e+01 
       5.829177313358e-01       7.820020073543e+01 
       5.839610525039e-01       7.789196455956e+01 
       5.850043736831e-01       7.758527461129e+01 
       5.860476948732e-01       7.728014315620e+01 
       5.870910160741e-01       7.697658482229e+01 
       5.881343372858e-01       7.667461720661e+01 
       5.891776585083e-01       7.637426076138e+01 
       5.902209797415e-01       7.607553805608e+01 
       5.912643009853e-01       7.577847240804e+01 
       5.923076222397e-01       7.548308630990e+01 
       5.933509435046e-01       7.518939968687e+01 
       5.943942647799e-01       7.489742843389e+01 
       5.954375860657e-01       7.460718334527e+01 
       5.964809073618e-01       7.431866981575e+01 
       5.975242286683e-01       7.403188808885e+01 
       5.985675499849e-01       7.374683415264e+01 
       5.996108713118e-01       7.346350096390e+01 
       6.006541926488e-01       7.318187993569e+01 
       6.016975139959e-01       7.290196219190e+01 
       6.027408353530e-01       7.262373949897e+01 
       6.037841567201e-01       7.234720462018e+01 
       6.048274780971e-01       7.207235119228e+01 
       6.058707994840e-01       7.179917298297e+01 
       6.069141208808e-01       7.152766285641e+01 
       6.079574422873e-01       7.125781155365e+01 
       6.090007637035e-01       7.098960670166e+01 
       6.100440851294e-01       7.072303208883e+01 
       6.110874065650e-01       7.045806746574e+01 
       6.121307280101e-01       7.019468889474e+01 
       6.131740494647e-01       6.993286962662e+01 
       6.142173709289e-01       6.967258129682e+01 
       6.152606924024e-01       6.941379523760e+01 
       6.163040138854e-01       6.915648368254e+01 
       6.173473353777e-01       6.890062068494e+01 
       6.183906568792e-01       6.864618252607e+01 
       6.194339783901e-01       6.839314760574e+01 
       6.204772999101e-01       6.814149585835e+01 
       6.215206214392e-01       6.789120785578e+01 
       6.225639429775e-01       6.764226378850e+01 
       6.236072645248e-01       6.739464253160e+01 
       6.246505860811e-01       6.714832101172e+01 
       6.256939076464e-01       6.690327408601e+01 
       6.267372292207e-01       6.665947488022e+01 
       6.277805508038e-01       6.641689557963e+01 
       6.288238723957e-01       6.617550865376e+01 
       6.298671939964e-01       6.593528806471e+01 
       6.309105156059e-01       6.569621028181e+01 
       6.319538372241e-01       6.545825539116e+01 
       6.329971588509e-01       6.522140727637e+01 
       6.340404804863e-01       6.498565356481e+01 
       6.350838021304e-01       6.475098496881e+01 
       6.361271237829e-01       6.451739433340e+01 
       6.371704454440e-01       6.428487538535e+01 
       6.382137671134e-01       6.405342179840e+01 
       6.392570887913e-01       6.382302608744e+01 
       6.403004104776e-01       6.359367943316e+01 
       6.413437321722e-01       6.336537152531e+01 
       6.423870538751e-01       6.313809128117e+01 
       6.434303755862e-01       6.291182741039e+01 
       6.444736973055e-01       6.268656973985e+01 
       6.455170190330e-01       6.246231016875e+01 
       6.465603407686e-01       6.223904323637e+01 
       6.476036625123e-01       6.201676675340e+01 
       6.486469842640e-01       6.179548171689e+01 
       6.496903060238e-01       6.157519166788e+01 
       6.507336277915e-01       6.135590177322e+01 
       6.517769495671e-01       6.113761802102e+01 
       6.528202713507e-01       6.092034582986e+01 
       6.538635931421e-01       6.070408939417e+01 
       6.549069149413e-01       6.048885097424e+01 
       6.559502367483e-01       6.027463090089e+01 
       6.569935585630e-01       6.006142780816e+01 
       6.580368803854e-01       5.984923937024e+01 
       6.590802022156e-01       5.963806301699e+01 
       6.601235240533e-01       5.942789691886e+01 
       6.611668458986e-01       5.921874054816e+01 
       6.622101677515e-01       5.901059518249e+01 
       6.632534896120e-01       5.880346385596e+01 
       6.642968114799e-01       5.859735090244e+01 
       6.653401333552e-01       5.839226118418e+01 
       6.663834552380e-01       5.818819929891e+01 
       6.674267771282e-01       5.798516864987e+01 
       6.684700990257e-01       5.778317060030e+01 
       6.695134209306e-01       5.758220399466e+01 
       6.705567428427e-01       5.738226533239e+01 
       6.716000647620e-01       5.718334877371e+01 
       6.726433866886e-01       5.698544710904e+01 
       6.736867086224e-01       5.678855234544e+01 
       6.747300305633e-01       5.659265677181e+01 
       6.757733525113e-01       5.639775349833e+01 
       6.768166744664e-01       5.620383714649e+01 
       6.778599964285e-01       5.601090369391e+01 
       6.789033183977e-01       5.581895030333e+01 
       6.799466403739e-01       5.562797468754e+01 
       6.809899623569e-01       5.543797428840e+01 
       6.820332843470e-01       5.524894547105e+01 
       6.830766063439e-01       5.506088277776e+01 
       6.841199283476e-01       5.487377858768e+01 
       6.851632503582e-01       5.468762290229e+01 
       6.862065723756e-01       5.450240388141e+01 
       6.872498943997e-01       5.431810820543e+01 
       6.882932164306e-01       5.413472210709e+01 
       6.893365384682e-01       5.395223220277e+01 
       6.903798605124e-01       5.377062624999e+01 
       6.914231825633e-01       5.358989367402e+01 
       6.924665046208e-01       5.341002571578e+01 
       6.935098266848e-01       5.323101534958e+01 
       6.945531487555e-01       5.305285679381e+01 
       6.955964708326e-01       5.287554464915e+01 
       6.966397929162e-01       5.269907332749e+01 
       6.976831150063e-01       5.252343625200e+01 
       6.987264371029e-01       5.234862538538e+01 
       6.997697592058e-01       5.217463116927e+01 
       7.008130813151e-01       5.200144257292e+01 
       7.018564034308e-01       5.182904779087e+01 
       7.028997255528e-01       5.165743471254e+01 
       7.039430476810e-01       5.148659194613e+01 
       7.049863698156e-01       5.131650932333e+01 
       7.060296919564e-01       5.114717850113e+01 
       7.070730141033e-01       5.097859315082e+01 
       7.081163362565e-01       5.081074883095e+01 
       7.091596584158e-01       5.064364257381e+01 
       7.102029805813e-01       5.047727216909e+01 
       7.112463027528e-01       5.031163554466e+01 
       7.122896249304e-01       5.014673009848e+01 
       7.133329471141e-01       4.998255210674e+01 
       7.143762693037e-01       4.981909664197e+01 
       7.154195914994e-01       4.965635756254e+01 
       7.164629137010e-01       4.949432800417e+01 
       7.175062359086e-01       4.933300089102e+01 
       7.185495581221e-01       4.917236964738e+01 
       7.195928803415e-01       4.901242884022e+01 
       7.206362025667e-01       4.885317456578e+01 
       7.216795247978e-01       4.869460471123e+01 
       7.227228470347e-01       4.853671878616e+01 
       7.237661692774e-01       4.837951756567e+01 
       7.248094915259e-01       4.822300245724e+01 
       7.258528137800e-01       4.806717480532e+01 
       7.268961360399e-01       4.791203528277e+01 
       7.279394583055e-01       4.775758334104e+01 
       7.289827805768e-01       4.760381701751e+01 
       7.300261028537e-01       4.745073297431e+01 
       7.310694251362e-01       4.729832676614e+01 
       7.321127474243e-01       4.714659348300e+01 
       7.331560697179e-01       4.699552827897e+01 
       7.341993920171e-01       4.684512709076e+01 
       7.352427143218e-01       4.669538694453e+01 
       7.362860366321e-01       4.654630633648e+01 
       7.373293589478e-01       4.639788507430e+01 
       7.383726812689e-01       4.625012397996e+01 
       7.394160035955e-01       4.610302436652e+01 
       7.404593259275e-01       4.595658737439e+01 
       7.415026482648e-01       4.581081337095e+01 
       7.425459706075e-01       4.566570146983e+01 
       7.435892929556e-01       4.552124921825e+01 
       7.446326153090e-01       4.537745266939e+01 
       7.456759376676e-01       4.523430660932e+01 
       7.467192600315e-01       4.509180507890e+01 
       7.477625824007e-01       4.494994196050e+01 
       7.488059047751e-01       4.480871155036e+01 
       7.498492271547e-01       4.466810908228e+01 
       7.508925495395e-01       4.452813095771e+01 
       7.519358719294e-01       4.438877486228e+01 
       7.529791943245e-01       4.425003937257e+01 
       7.540225167247e-01       4.411192364853e+01 
       7.550658391300e-01       4.397442680342e+01 
       7.561091615404e-01       4.383754736362e+01 
       7.571524839558e-01       4.370128281178e+01 
       7.581958063763e-01       4.356562928491e+01 
       7.592391288017e-01       4.343058158853e+01 
       7.602824512322e-01       4.329613336668e+01 
       7.613257736676e-01       4.316227762245e+01 
       7.623690961080e-01       4.302900714757e+01 
       7.634124185533e-01       4.289631517672e+01 
       7.644557410035e-01       4.276419580697e+01 
       7.654990634587e-01       4.263264435915e+01 
       7.665423859186e-01       4.250165735462e+01 
       7.675857083835e-01       4.237123236984e+01 
       7.686290308531e-01       4.224136771535e+01 
       7.696723533276e-01       4.211206181854e+01 
       7.707156758069e-01       4.198331279677e+01 
       7.717589982909e-01       4.185511800753e+01 
       7.728023207797e-01       4.172747370393e+01 
       7.738456432732e-01       4.160037503568e+01 
       7.748889657714e-01       4.147381623931e+01 
       7.759322882744e-01       4.134779092034e+01 
       7.769756107820e-01       4.122229267012e+01 
       7.780189332942e-01       4.109731546536e+01 
       7.790622558111e-01       4.097285422819e+01 
       7.801055783327e-01       4.084890501822e+01 
       7.811489008588e-01       4.072546518470e+01 
       7.821922233895e-01       4.060253314266e+01 
       7.832355459248e-01       4.048010815308e+01 
       7.842788684646e-01       4.035818970356e+01 
       7.853221910089e-01       4.023677713017e+01 
       7.863655135578e-01       4.011586911082e+01 
       7.874088361111e-01       3.999546335923e+01 
       7.884521586689e-01       3.987555659051e+01 
       7.894954812312e-01       3.975614460730e+01 
       7.905388037979e-01       3.963722260033e+01 
       7.915821263691e-01       3.951878562641e+01 
       7.926254489446e-01       3.940082906319e+01 
       7.936687715245e-01       3.928334908858e+01 
       7.947120941088e-01       3.916634289223e+01 
       7.957554166975e-01       3.904980885764e+01 
       7.967987392905e-01       3.893374639668e+01 
       7.978420618878e-01       3.881815567235e+01 
       7.988853844894e-01       3.870303716281e+01 
       7.999287070953e-01       3.858839116656e+01 
       8.009720297054e-01       3.847421740167e+01 
       8.020153523198e-01       3.836051465378e+01 
       8.030586749385e-01       3.824728068883e+01 
       8.041019975613e-01       3.813451227010e+01 
       8.051453201884e-01       3.802220553551e+01 
       8.061886428196e-01       3.791035628716e+01 
       8.072319654550e-01       3.779896046125e+01 
       8.082752880946e-01       3.768801462558e+01 
       8.093186107383e-01       3.757751619249e+01 
       8.103619333861e-01       3.746746357958e+01 
       8.114052560380e-01       3.735785615921e+01 
       8.124485786940e-01       3.724869399513e+01 
       8.134919013541e-01       3.713997746038e+01 
       8.145352240183e-01       3.703170677368e+01 
       8.155785466865e-01       3.692388162873e+01 
       8.166218693587e-01       3.681650086261e+01 
       8.176651920349e-01       3.670956231181e+01 
       8.187085147151e-01       3.660306285665e+01 
       8.197518373993e-01       3.649699863406e+01 
       8.207951600875e-01       3.639136541931e+01 
       8.218384827796e-01       3.628615904901e+01 
       8.228818054757e-01       3.618137579372e+01 
       8.239251281756e-01       3.607701268494e+01 
       8.249684508795e-01       3.597306766199e+01 
       8.260117735873e-01       3.586953956014e+01 
       8.270550962989e-01       3.576642788267e+01 
       8.280984190144e-01       3.566373245381e+01 
       8.291417417338e-01       3.556145306538e+01 
       8.301850644569e-01       3.545958904173e+01 
       8.312283871839e-01       3.535813893122e+01 
       8.322717099147e-01       3.525710041228e+01 
       8.333150326493e-01       3.515647023318e+01 
       8.343583553877e-01       3.505624445428e+01 
       8.354016781298e-01       3.495641874772e+01 
       8.364450008757e-01       3.485698880226e+01 
       8.374883236253e-01       3.475795069159e+01 
       8.385316463786e-01       3.465930121965e+01 
       8.395749691356e-01       3.456103802786e+01 
       8.406182918963e-01       3.446315963749e+01 
       8.416616146607e-01       3.436566529176e+01 
       8.427049374288e-01       3.426855463066e+01 
       8.437482602005e-01       3.417182730969e+01 
       8.447915829758e-01       3.407548267049e+01 
       8.458349057548e-01       3.397951942822e+01 
       8.468782285374e-01       3.388393545535e+01 
       8.479215513235e-01       3.378872784103e+01 
       8.489648741133e-01       3.369389300685e+01 
       8.500081969066e-01       3.359942700084e+01 
       8.510515197035e-01       3.350532586684e+01 
       8.520948425039e-01       3.341158599546e+01 
       8.531381653079e-01       3.331820443372e+01 
       8.541814881153e-01       3.322517907361e+01 
       8.552248109263e-01       3.313250864844e+01 
       8.562681337408e-01       3.304019264425e+01 
       8.573114565587e-01       3.294823096484e+01 
       8.583547793801e-01       3.285662363959e+01 
       8.593981022050e-01       3.276537043858e+01 
       8.604414250333e-01       3.267447061418e+01 
       8.614847478650e-01       3.258392262955e+01 
       8.625280707002e-01       3.249372421655e+01 
       8.635713935387e-01       3.240387243891e+01 
       8.646147163807e-01       3.231436394939e+01 
       8.656580392260e-01       3.222519533667e+01 
       8.667013620747e-01       3.213636344917e+01 
       8.677446849267e-01       3.204786570070e+01 
       8.687880077821e-01       3.195970025952e+01 
       8.698313306408e-01       3.187186610278e+01 
       8.708746535028e-01       3.178436286356e+01 
       8.719179763682e-01       3.169719069127e+01 
       8.729612992368e-01       3.161034981650e+01 
       8.740046221087e-01       3.152384031065e+01 
       8.750479449839e-01       3.143766174864e+01 
       8.760912678624e-01       3.135181301295e+01 
       8.771345907441e-01       3.126629224989e+01 
       8.781779136290e-01       3.118109695399e+01 
       8.792212365172e-01       3.109622416495e+01 
       8.802645594085e-01       3.101167082309e+01 
       8.813078823031e-01       3.092743401034e+01 
       8.823512052009e-01       3.084351130424e+01 
       8.833945281018e-01       3.075990095708e+01 
       8.844378510059e-01       3.067660195032e+01 
       8.854811739132e-01       3.059361391857e+01 
       8.865244968236e-01       3.051093696149e+01 
       8.875678197372e-01       3.042857133749e+01 
       8.886111426538e-01       3.034651715267e+01 
       8.896544655736e-01       3.026477408139e+01 
       8.906977884965e-01       3.018334117138e+01 
       8.917411114225e-01       3.010221673074e+01 
       8.927844343515e-01       3.002139844325e+01 
       8.938277572837e-01       2.994088351778e+01 
       8.948710802188e-01       2.986066896870e+01 
       8.959144031571e-01       2.978075196199e+01 
       8.969577260983e-01       2.970113001009e+01 
       8.980010490426e-01       2.962180125358e+01 
       8.990443719899e-01       2.954276451285e+01 
       9.000876949403e-01       2.946401923383e+01 
       9.011310178936e-01       2.938556532160e+01 
       9.021743408499e-01       2.930740288787e+01 
       9.032176638091e-01       2.922953193410e+01 
       9.042609867714e-01       2.915195211338e+01 
       9.053043097365e-01       2.907466247958e+01 
       9.063476327047e-01       2.899766144158e+01 
       9.073909556757e-01       2.892094678476e+01 
       9.084342786497e-01       2.884451583647e+01 
       9.094776016266e-01       2.876836571607e+01 
       9.105209246064e-01       2.869249361485e+01 
       9.115642475891e-01       2.861689706665e+01 
       9.126075705747e-01       2.854157416380e+01 
       9.136508935631e-01       2.846652366766e+01 
       9.146942165544e-01       2.839174492978e+01 
       9.157375395486e-01       2.831723779368e+01 
       9.167808625456e-01       2.824300234000e+01 
       9.178241855455e-01       2.816903861342e+01 
       9.188675085481e-01       2.809534634943e+01 
       9.199108315536e-01       2.802192479232e+01 
       9.209541545619e-01       2.794877254903e+01 
       9.219974775730e-01       2.787588766084e+01 
       9.230408005869e-01       2.780326769425e+01 
       9.240841236035e-01       2.773090997482e+01 
       9.251274466229e-01       2.765881187295e+01 
       9.261707696451e-01       2.758697105799e+01 
       9.272140926700e-01       2.751538569280e+01 
       9.282574156977e-01       2.744405455382e+01 
       9.293007387281e-01       2.737297700484e+01 
       9.303440617612e-01       2.730215291733e+01 
       9.313873847970e-01       2.723158241807e+01 
       9.324307078355e-01       2.716126563776e+01 
       9.334740308767e-01       2.709120247859e+01 
       9.345173539207e-01       2.702139240189e+01 
       9.355606769672e-01       2.695183428459e+01 
       9.366040000165e-01       2.688252644716e+01 
       9.376473230684e-01       2.681346675888e+01 
       9.386906461229e-01       2.674465283866e+01 
       9.397339691801e-01       2.667608228872e+01 
       9.407772922400e-01       2.660775295552e+01 
       9.418206153024e-01       2.653966312885e+01 
       9.428639383675e-01       2.647181165954e+01 
       9.439072614351e-01       2.640419798382e+01 
       9.449505845054e-01       2.633682199862e+01 
       9.459939075783e-01       2.626968389954e+01 
       9.470372306537e-01       2.620278391839e+01 
       9.480805537317e-01       2.613612209214e+01 
       9.491238768123e-01       2.606969804008e+01 
       9.501671998954e-01       2.600351088312e+01 
       9.512105229810e-01       2.593755918089e+01 
       9.522538460692e-01       2.587184102473e+01 
       9.532971691600e-01       2.580635425057e+01 
       9.543404922532e-01       2.574109661543e+01 
       9.553838153490e-01       2.567606607223e+01 
       9.564271384472e-01       2.561126096637e+01 
       9.574704615480e-01       2.554668015569e+01 
       9.585137846513e-01       2.548232304145e+01 
       9.595571077570e-01       2.541818948462e+01 
       9.606004308652e-01       2.535427965113e+01 
       9.616437539759e-01       2.529059375815e+01 
       9.626870770890e-01       2.522713191378e+01 
       9.637304002046e-01       2.516389382759e+01 
       9.647737233226e-01       2.510087874560e+01 
       9.658170464430e-01       2.503808538664e+01 
       9.668603695659e-01       2.497551200718e+01 
       9.679036926911e-01       2.491315657918e+01 
       9.689470158188e-01       2.485101697920e+01 
       9.699903389489e-01       2.478909123079e+01 
       9.710336620814e-01       2.472737768467e+01 
       9.720769852163e-01       2.466587517763e+01 
       9.731203083535e-01       2.460458305026e+01 
       9.741636314931e-01       2.454350109392e+01 
       9.752069546351e-01       2.448262940326e+01 
       9.762502777794e-01       2.442196819015e+01 
       9.772936009261e-01       2.436151754806e+01 
       9.783369240751e-01       2.430127725415e+01 
       9.793802472265e-01       2.424124663977e+01 
       9.804235703801e-01       2.418142454778e+01 
       9.814668935361e-01       2.412180936986e+01 
       9.825102166944e-01       2.406239919042e+01 
       9.835535398550e-01       2.400319198490e+01 
       9.845968630179e-01       2.394418582696e+01 
       9.856401861831e-01       2.388537908839e+01 
       9.866835093505e-01       2.382677057503e+01 
       9.877268325203e-01       2.376835957559e+01 
       9.887701556923e-01       2.371014583130e+01 
       9.898134788665e-01       2.365212939739e+01 
       9.908568020431e-01       2.359431047135e+01 
       9.919001252218e-01       2.353668918253e+01 
       9.929434484028e-01       2.347926537737e+01 
       9.939867715860e-01       2.342203851550e+01 
       9.950300947715e-01       2.336500757999e+01 
       9.960734179591e-01       2.330817112893e+01 
       9.971167411490e-01       2.325152741005e+01 
       9.981600643411e-01       2.319507451992e+01 
       9.992033875354e-01       2.313881063677e+01 
       1.000246710732e+00       2.308273418509e+01 
       1.001290033930e+00       2.302684398596e+01 
       1.002333357131e+00       2.297113930896e+01 
       1.003376680334e+00       2.291561988413e+01 
       1.004420003539e+00       2.286028574262e+01 
       1.005463326747e+00       2.280513709312e+01 
       1.006506649956e+00       2.275017409944e+01 
       1.007549973168e+00       2.269539670524e+01 
       1.008593296381e+00       2.264080447733e+01 
       1.009636619597e+00       2.258639655767e+01 
       1.010679942815e+00       2.253217167624e+01 
       1.011723266035e+00       2.247812824152e+01 
       1.012766589258e+00       2.242426449790e+01 
       1.013809912482e+00       2.237057872202e+01 
       1.014853235708e+00       2.231706941729e+01 
       1.015896558937e+00       2.226373543097e+01 
       1.016939882167e+00       2.221057605202e+01 
       1.017983205400e+00       2.215759098020e+01 
       1.019026528635e+00       2.210478026133e+01 
       1.020069851871e+00       2.205214409709e+01 
       1.021113175110e+00       2.199968269713e+01 
       1.022156498351e+00       2.194739608059e+01 
       1.023199821594e+00       2.189528392947e+01 
       1.024243144839e+00       2.184334552562e+01 
       1.025286468086e+00       2.179157974700e+01 
       1.026329791335e+00       2.173998513945e+01 
       1.027373114586e+00       2.168856008748e+01 
       1.028416437839e+00       2.163730296615e+01 
       1.029459761094e+00       2.158621231696e+01 
       1.030503084351e+00       2.153528701441e+01 
       1.031546407610e+00       2.148452633705e+01 
       1.032589730871e+00       2.143392996151e+01 
       1.033633054134e+00       2.138349788388e+01 
       1.034676377400e+00       2.133323031571e+01 
       1.035719700666e+00       2.128312746570e+01 
       1.036763023935e+00       2.123318940802e+01 
       1.037806347206e+00       2.118341590365e+01 
       1.038849670479e+00       2.113380634893e+01 
       1.039892993754e+00       2.108435973991e+01 
       1.040936317031e+00       2.103507475359e+01 
       1.041979640309e+00       2.098594988171e+01 
       1.043022963590e+00       2.093698357724e+01 
       1.044066286873e+00       2.088817443279e+01 
       1.045109610157e+00       2.083952133084e+01 
       1.046152933443e+00       2.079102353522e+01 
       1.047196256732e+00       2.074268067785e+01 
       1.048239580022e+00       2.069449272857e+01 
       1.049282903314e+00       2.064645986078e+01 
       1.050326226608e+00       2.059858229526e+01 
       1.051369549904e+00       2.055086012938e+01 
       1.052412873201e+00       2.050329319069e+01 
       1.053456196501e+00       2.045588096579e+01 
       1.054499519803e+00       2.040862256061e+01 
       1.055542843106e+00       2.036151676246e+01 
       1.056586166411e+00       2.031456216270e+01 
       1.057629489718e+00       2.026775728076e+01 
       1.058672813027e+00       2.022110076663e+01 
       1.059716136338e+00       2.017459150585e+01 
       1.060759459650e+00       2.012822874749e+01 
       1.061802782965e+00       2.008201208969e+01 
       1.062846106281e+00       2.003594147511e+01 
       1.063889429599e+00       1.999001704685e+01 
       1.064932752919e+00       1.994423902966e+01 
       1.065976076240e+00       1.989860754502e+01 
       1.067019399564e+00       1.985312248968e+01 
       1.068062722889e+00       1.980778344338e+01 
       1.069106046216e+00       1.976258961561e+01 
       1.070149369545e+00       1.971753991133e+01 
       1.071192692876e+00       1.967263301773e+01 
       1.072236016208e+00       1.962786754394e+01 
       1.073279339542e+00       1.958324219014e+01 
       1.074322662878e+00       1.953875586543e+01 
       1.075365986216e+00       1.949440780683e+01 
       1.076409309555e+00       1.945019759638e+01 
       1.077452632896e+00       1.940612514346e+01 
       1.078495956239e+00       1.936219057970e+01 
       1.079539279584e+00       1.931839411709e+01 
       1.080582602930e+00       1.927473592739e+01 
       1.081625926278e+00       1.923121594634e+01 
       1.082669249628e+00       1.918783384353e+01 
       1.083712572980e+00       1.914458894070e+01 
       1.084755896333e+00       1.910148025198e+01 
       1.085799219688e+00       1.905850656998e+01 
       1.086842543045e+00       1.901566659135e+01 
       1.087885866403e+00       1.897295907072e+01 
       1.088929189763e+00       1.893038295157e+01 
       1.089972513125e+00       1.888793747160e+01 
       1.091015836489e+00       1.884562219874e+01 
       1.092059159854e+00       1.880343701623e+01 
       1.093102483221e+00       1.876138203689e+01 
       1.094145806589e+00       1.871945747886e+01 
       1.095189129959e+00       1.867766352443e+01 
       1.096232453331e+00       1.863600018175e+01 
       1.097275776705e+00       1.859446718904e+01 
       1.098319100080e+00       1.855306396530e+01 
       1.099362423457e+00       1.851178962855e+01 
       1.100405746835e+00       1.847064306779e+01 
       1.101449070215e+00       1.842962306332e+01 
       1.102492393597e+00       1.838872842506e+01 
       1.103535716980e+00       1.834795812561e+01 
       1.104579040365e+00       1.830731140261e+01 
       1.105622363752e+00       1.826678780942e+01 
       1.106665687140e+00       1.822638720262e+01 
       1.107709010530e+00       1.818610967347e+01 
       1.108752333921e+00       1.814595543412e+01 
       1.109795657314e+00       1.810592468333e+01 
       1.110838980709e+00       1.806601747369e+01 
       1.111882304105e+00       1.802623360979e+01 
       1.112925627503e+00       1.798657259797e+01 
       1.113968950902e+00       1.794703365111e+01 
       1.115012274303e+00       1.790761574924e+01 
       1.116055597706e+00       1.786831774909e+01 
       1.117098921110e+00       1.782913851446e+01 
       1.118142244516e+00       1.779007704694e+01 
       1.119185567923e+00       1.775113258344e+01 
       1.120228891332e+00       1.771230465986e+01 
       1.121272214742e+00       1.767359310578e+01 
       1.122315538154e+00       1.763499798665e+01 
       1.123358861568e+00       1.759651950238e+01 
       1.124402184983e+00       1.755815785959e+01 
       1.125445508399e+00       1.751991314595e+01 
       1.126488831817e+00       1.748178522436e+01 
       1.127532155237e+00       1.744377367658e+01 
       1.128575478658e+00       1.740587780234e+01 
       1.129618802080e+00       1.736809666781e+01 
       1.130662125505e+00       1.733042920223e+01 
       1.131705448930e+00       1.729287432224e+01 
       1.132748772357e+00       1.725543105736e+01 
       1.133792095786e+00       1.721809865117e+01 
       1.134835419216e+00       1.718087662028e+01 
       1.135878742648e+00       1.714376476942e+01 
       1.136922066081e+00       1.710676313923e+01 
       1.137965389516e+00       1.706987191484e+01 
       1.139008712952e+00       1.703309130752e+01 
       1.140052036389e+00       1.699642143277e+01 
       1.141095359828e+00       1.695986220788e+01 
       1.142138683269e+00       1.692341328439e+01 
       1.143182006711e+00       1.688707404047e+01 
       1.144225330154e+00       1.685084362494e+01 
       1.145268653599e+00       1.681472103917e+01 
       1.146311977045e+00       1.677870525187e+01 
       1.147355300493e+00       1.674279532122e+01 
       1.148398623943e+00       1.670699049867e+01 
       1.149441947393e+00       1.667129028966e+01 
       1.150485270845e+00       1.663569447244e+01 
       1.151528594299e+00       1.660020306277e+01 
       1.152571917754e+00       1.656481623185e+01 
       1.153615241210e+00       1.652953419167e+01 
       1.154658564668e+00       1.649435708176e+01 
       1.155701888127e+00       1.645928486518e+01 
       1.156745211588e+00       1.642431726134e+01 
       1.157788535050e+00       1.638945372449e+01 
       1.158831858514e+00       1.635469347834e+01 
       1.159875181979e+00       1.632003559592e+01 
       1.160918505445e+00       1.628547909940e+01 
       1.161961828913e+00       1.625102307797e+01 
       1.163005152382e+00       1.621666679046e+01 
       1.164048475852e+00       1.618240973469e+01 
       1.165091799324e+00       1.614825166787e+01 
       1.166135122797e+00       1.611419257856e+01 
       1.167178446272e+00       1.608023261929e+01 
       1.168221769748e+00       1.604637200344e+01 
       1.169265093225e+00       1.601261088755e+01 
       1.170308416704e+00       1.597894927379e+01 
       1.171351740184e+00       1.594538694062e+01 
       1.172395063665e+00       1.591192341532e+01 
       1.173438387148e+00       1.587855799552e+01 
       1.174481710632e+00       1.584528981669e+01 
       1.175525034118e+00       1.581211795492e+01 
       1.176568357605e+00       1.577904153311e+01 
       1.177611681093e+00       1.574605981924e+01 
       1.178655004582e+00       1.571317230168e+01 
       1.179698328073e+00       1.568037871783e+01 
       1.180741651565e+00       1.564767903449e+01 
       1.181784975059e+00       1.561507338368e+01 
       1.182828298554e+00       1.558256196962e+01 
       1.183871622050e+00       1.555014496562e+01 
       1.184914945547e+00       1.551782240881e+01 
       1.185958269046e+00       1.548559412799e+01 
       1.187001592546e+00       1.545345971455e+01 
       1.188044916048e+00       1.542141853587e+01 
       1.189088239550e+00       1.538946979338e+01 
       1.190131563054e+00       1.535761261058e+01 
       1.191174886559e+00       1.532584614051e+01 
       1.192218210066e+00       1.529416966598e+01 
       1.193261533574e+00       1.526258266843e+01 
       1.194304857083e+00       1.523108486392e+01 
       1.195348180593e+00       1.519967619503e+01 
       1.196391504105e+00       1.516835677480e+01 
       1.197434827618e+00       1.513712680140e+01 
       1.198478151132e+00       1.510598645358e+01 
       1.199521474648e+00       1.507493579743e+01 
       1.200564798165e+00       1.504397471158e+01 
       1.201608121683e+00       1.501310284614e+01 
       1.202651445202e+00       1.498231963207e+01 
       1.203694768723e+00       1.495162433158e+01 
       1.204738092244e+00       1.492101611988e+01 
       1.205781415767e+00       1.489049418361e+01 
       1.206824739292e+00       1.486005781502e+01 
       1.207868062817e+00       1.482970649158e+01 
       1.208911386344e+00       1.479943991401e+01 
       1.209954709872e+00       1.476925799995e+01 
       1.210998033401e+00       1.473916084077e+01 
       1.212041356932e+00       1.470914862378e+01 
       1.213084680464e+00       1.467922153569e+01 
       1.214128003996e+00       1.464937966740e+01 
       1.215171327531e+00       1.461962293609e+01 
       1.216214651066e+00       1.458995104803e+01 
       1.217257974603e+00       1.456036349679e+01 
       1.218301298140e+00       1.453085960233e+01 
       1.219344621679e+00       1.450143858784e+01 
       1.220387945220e+00       1.447209967247e+01 
       1.221431268761e+00       1.444284216572e+01 
       1.222474592304e+00       1.441366554260e+01 
       1.223517915847e+00       1.438456948491e+01 
       1.224561239392e+00       1.435555388901e+01 
       1.225604562939e+00       1.432661882671e+01 
       1.226647886486e+00       1.429776447238e+01 
       1.227691210034e+00       1.426899101443e+01 
       1.228734533584e+00       1.424029856316e+01 
       1.229777857135e+00       1.421168707507e+01 
       1.230821180687e+00       1.418315630706e+01 
       1.231864504240e+00       1.415470580729e+01 
       1.232907827795e+00       1.412633495278e+01 
       1.233951151350e+00       1.409804301534e+01 
       1.234994474907e+00       1.406982924733e+01 
       1.236037798465e+00       1.404169297351e+01 
       1.237081122024e+00       1.401363366701e+01 
       1.238124445584e+00       1.398565099724e+01 
       1.239167769146e+00       1.395774483976e+01 
       1.240211092708e+00       1.392991524304e+01 
       1.241254416272e+00       1.390216236815e+01 
       1.242297739837e+00       1.387448640412e+01 
       1.243341063402e+00       1.384688747748e+01 
       1.244384386969e+00       1.381936557659e+01 
       1.245427710538e+00       1.379192050325e+01 
       1.246471034107e+00       1.376455185984e+01 
       1.247514357677e+00       1.373725907802e+01 
       1.248557681249e+00       1.371004147425e+01 
       1.249601004822e+00       1.368289833423e+01 
       1.250644328396e+00       1.365582900048e+01 
       1.251687651970e+00       1.362883294711e+01 
       1.252730975547e+00       1.360190983035e+01 
       1.253774299124e+00       1.357505950363e+01 
       1.254817622702e+00       1.354828199431e+01 
       1.255860946281e+00       1.352157744990e+01 
       1.256904269862e+00       1.349494605541e+01 
       1.257947593443e+00       1.346838794919e+01 
       1.258990917026e+00       1.344190314868e+01 
       1.260034240610e+00       1.341549149737e+01 
       1.261077564195e+00       1.338915264754e+01 
       1.262120887781e+00       1.336288607976e+01 
       1.263164211368e+00       1.333669115557e+01 
       1.264207534956e+00       1.331056719544e+01 
       1.265250858545e+00       1.328451356016e+01 
       1.266294182135e+00       1.325852972544e+01 
       1.267337505726e+00       1.323261533666e+01 
       1.268380829319e+00       1.320677022853e+01 
       1.269424152912e+00       1.318099440791e+01 
       1.270467476507e+00       1.315528800454e+01 
       1.271510800103e+00       1.312965119795e+01 
       1.272554123699e+00       1.310408413662e+01 
       1.273597447297e+00       1.307858686361e+01 
       1.274640770896e+00       1.305315925984e+01 
       1.275684094496e+00       1.302780102359e+01 
       1.276727418096e+00       1.300251168444e+01 
       1.277770741698e+00       1.297729064851e+01 
       1.278814065301e+00       1.295213726870e+01 
       1.279857388905e+00       1.292705092437e+01 
       1.280900712511e+00       1.290203109561e+01 
       1.281944036117e+00       1.287707742019e+01 
       1.282987359724e+00       1.285218971513e+01 
       1.284030683332e+00       1.282736796657e+01 
       1.285074006941e+00       1.280261228773e+01 
       1.286117330551e+00       1.277792285187e+01 
       1.287160654163e+00       1.275329981439e+01 
       1.288203977775e+00       1.272874323839e+01 
       1.289247301388e+00       1.270425303910e+01 
       1.290290625003e+00       1.267982895905e+01 
       1.291333948618e+00       1.265547057502e+01 
       1.292377272234e+00       1.263117733577e+01 
       1.293420595852e+00       1.260694862754e+01 
       1.294463919470e+00       1.258278385054e+01 
       1.295507243090e+00       1.255868249170e+01 
       1.296550566710e+00       1.253464418072e+01 
       1.297593890331e+00       1.251066871808e+01 
       1.298637213954e+00       1.248675607025e+01 
       1.299680537577e+00       1.246290633537e+01 
       1.300723861201e+00       1.243911967932e+01 
       1.301767184827e+00       1.241539626120e+01 
       1.302810508453e+00       1.239173616254e+01 
       1.303853832081e+00       1.236813933056e+01 
       1.304897155709e+00       1.234460554809e+01 
       1.305940479338e+00       1.232113443511e+01 
       1.306983802969e+00       1.229772548205e+01 
       1.308027126600e+00       1.227437810933e+01 
       1.309070450232e+00       1.225109173963e+01 
       1.310113773865e+00       1.222786586784e+01 
       1.311157097499e+00       1.220470011808e+01 
       1.312200421135e+00       1.218159427646e+01 
       1.313243744771e+00       1.215854829149e+01 
       1.314287068408e+00       1.213556224364e+01 
       1.315330392046e+00       1.211263628871e+01 
       1.316373715685e+00       1.208977058800e+01 
       1.317417039325e+00       1.206696523945e+01 
       1.318460362966e+00       1.204422021961e+01 
       1.319503686608e+00       1.202153534800e+01 
       1.320547010251e+00       1.199891028675e+01 
       1.321590333894e+00       1.197634456666e+01 
       1.322633657539e+00       1.195383764191e+01 
       1.323676981185e+00       1.193138895618e+01 
       1.324720304831e+00       1.190899801378e+01 
       1.325763628479e+00       1.188666443467e+01 
       1.326806952127e+00       1.186438799359e+01 
       1.327850275777e+00       1.184216862183e+01 
       1.328893599427e+00       1.182000638272e+01 
       1.329936923078e+00       1.179790142106e+01 
       1.330980246731e+00       1.177585389916e+01 
       1.332023570384e+00       1.175386392728e+01 
       1.333066894038e+00       1.173193150651e+01 
       1.334110217693e+00       1.171005649124e+01 
       1.335153541349e+00       1.168823858251e+01 
       1.336196865005e+00       1.166647735197e+01 
       1.337240188663e+00       1.164477228673e+01 
       1.338283512322e+00       1.162312285278e+01 
       1.339326835981e+00       1.160152856451e+01 
       1.340370159642e+00       1.157998904101e+01 
       1.341413483303e+00       1.155850404428e+01 
       1.342456806965e+00       1.153707348885e+01 
       1.343500130629e+00       1.151569742081e+01 
       1.344543454293e+00       1.149437597405e+01 
       1.345586777958e+00       1.147310931040e+01 
       1.346630101624e+00       1.145189755067e+01 
       1.347673425290e+00       1.143074071744e+01 
       1.348716748958e+00       1.140963869714e+01 
       1.349760072627e+00       1.138859122782e+01 
       1.350803396296e+00       1.136759791845e+01 
       1.351846719966e+00       1.134665828879e+01 
       1.352890043637e+00       1.132577182782e+01 
       1.353933367310e+00       1.130493806133e+01 
       1.354976690983e+00       1.128415660971e+01 
       1.356020014656e+00       1.126342722461e+01 
       1.357063338331e+00       1.124274980438e+01 
       1.358106662007e+00       1.122212437875e+01 
       1.359149985683e+00       1.120155106998e+01 
       1.360193309360e+00       1.118103003552e+01 
       1.361236633039e+00       1.116056140479e+01 
       1.362279956718e+00       1.114014521932e+01 
       1.363323280398e+00       1.111978139556e+01 
       1.364366604078e+00       1.109946970794e+01 
       1.365409927760e+00       1.107920980105e+01 
       1.366453251443e+00       1.105900122604e+01 
       1.367496575126e+00       1.103884349609e+01 
       1.368539898810e+00       1.101873614932e+01 
       1.369583222495e+00       1.099867880707e+01 
       1.370626546181e+00       1.097867121229e+01 
       1.371669869868e+00       1.095871324806e+01 
       1.372713193555e+00       1.093880492869e+01 
       1.373756517244e+00       1.091894636495e+01 
       1.374799840933e+00       1.089913770974e+01 
       1.375843164623e+00       1.087937909760e+01 
       1.376886488314e+00       1.085967058742e+01 
       1.377929812006e+00       1.084001212201e+01 
       1.378973135699e+00       1.082040350908e+01 
       1.380016459392e+00       1.080084442734e+01 
       1.381059783086e+00       1.078133445902e+01 
       1.382103106782e+00       1.076187314148e+01 
       1.383146430478e+00       1.074246002775e+01 
       1.384189754174e+00       1.072309474076e+01 
       1.385233077872e+00       1.070377701667e+01 
       1.386276401570e+00       1.068450672466e+01 
       1.387319725270e+00       1.066528386319e+01 
       1.388363048970e+00       1.064610852993e+01 
       1.389406372671e+00       1.062698087189e+01 
       1.390449696372e+00       1.060790102724e+01 
       1.391493020075e+00       1.058886906975e+01 
       1.392536343778e+00       1.056988496735e+01 
       1.393579667482e+00       1.055094855825e+01 
       1.394622991187e+00       1.053205955415e+01 
       1.395666314893e+00       1.051321756747e+01 
       1.396709638599e+00       1.049442215957e+01 
       1.397752962307e+00       1.047567289733e+01 
       1.398796286015e+00       1.045696940750e+01 
       1.399839609724e+00       1.043831142002e+01 
       1.400882933433e+00       1.041969879143e+01 
       1.401926257144e+00       1.040113150563e+01 
       1.402969580855e+00       1.038260964695e+01 
       1.404012904567e+00       1.036413335518e+01 
       1.405056228280e+00       1.034570277019e+01 
       1.406099551994e+00       1.032731797822e+01 
       1.407142875708e+00       1.030897896867e+01 
       1.408186199424e+00       1.029068560822e+01 
       1.409229523140e+00       1.027243763954e+01 
       1.410272846857e+00       1.025423470478e+01 
       1.411316170574e+00       1.023607638931e+01 
       1.412359494292e+00       1.021796227521e+01 
       1.413402818012e+00       1.019989199359e+01 
       1.414446141732e+00       1.018186526945e+01 
       1.415489465452e+00       1.016388194784e+01 
       1.416532789174e+00       1.014594199731e+01 
       1.417576112896e+00       1.012804548846e+01 
       1.418619436619e+00       1.011019255291e+01 
       1.419662760343e+00       1.009238333093e+01 
       1.420706084067e+00       1.007461791879e+01 
       1.421749407792e+00       1.005689632538e+01 
       1.422792731518e+00       1.003921844340e+01 
       1.423836055245e+00       1.002158404539e+01 
       1.424879378973e+00       1.000399280233e+01 
       1.425922702701e+00       9.986444322422e+00 
       1.426966026430e+00       9.968938202512e+00 
       1.428009350160e+00       9.951474079907e+00 
       1.429052673890e+00       9.934051675754e+00 
       1.430095997622e+00       9.916670824050e+00 
       1.431139321354e+00       9.899331479483e+00 
       1.432182645087e+00       9.882033698829e+00 
       1.433225968820e+00       9.864777604419e+00 
       1.434269292554e+00       9.847563335190e+00 
       1.435312616289e+00       9.830390995253e+00 
       1.436355940025e+00       9.813260610401e+00 
       1.437399263762e+00       9.796172097657e+00 
       1.438442587499e+00       9.779125257153e+00 
       1.439485911237e+00       9.762119787170e+00 
       1.440529234976e+00       9.745155319393e+00 
       1.441572558715e+00       9.728231466368e+00 
       1.442615882455e+00       9.711347871527e+00 
       1.443659206196e+00       9.694504254016e+00 
       1.444702529938e+00       9.677700438116e+00 
       1.445745853680e+00       9.660936363836e+00 
       1.446789177423e+00       9.644212074195e+00 
       1.447832501167e+00       9.627527682121e+00 
       1.448875824911e+00       9.610883323530e+00 
       1.449919148656e+00       9.594279108537e+00 
       1.450962472402e+00       9.577715077723e+00 
       1.452005796149e+00       9.561191170149e+00 
       1.453049119896e+00       9.544707212450e+00 
       1.454092443644e+00       9.528262929823e+00 
       1.455135767393e+00       9.511857976276e+00 
       1.456179091143e+00       9.495491979982e+00 
       1.457222414893e+00       9.479164592001e+00 
       1.458265738644e+00       9.462875529793e+00 
       1.459309062395e+00       9.446624608943e+00 
       1.460352386148e+00       9.430411756300e+00 
       1.461395709901e+00       9.414237001121e+00 
       1.462439033654e+00       9.398100445415e+00 
       1.463482357409e+00       9.382002222003e+00 
       1.464525681164e+00       9.365942445345e+00 
       1.465569004920e+00       9.349921168207e+00 
       1.466612328676e+00       9.333938349912e+00 
       1.467655652433e+00       9.317993842141e+00 
       1.468698976191e+00       9.302087395100e+00 
       1.469742299950e+00       9.286218685254e+00 
       1.470785623709e+00       9.270387356987e+00 
       1.471828947469e+00       9.254593069179e+00 
       1.472872271229e+00       9.238835539020e+00 
       1.473915594991e+00       9.223114575176e+00 
       1.474958918753e+00       9.207430091641e+00 
       1.476002242515e+00       9.191782103565e+00 
       1.477045566279e+00       9.176170702587e+00 
       1.478088890043e+00       9.160596016307e+00 
       1.479132213807e+00       9.145058161990e+00 
       1.480175537573e+00       9.129557203382e+00 
       1.481218861339e+00       9.114093117893e+00 
       1.482262185105e+00       9.098665779997e+00 
       1.483305508873e+00       9.083274964969e+00 
       1.484348832641e+00       9.067920371839e+00 
       1.485392156410e+00       9.052601660736e+00 
       1.486435480179e+00       9.037318499078e+00 
       1.487478803949e+00       9.022070605137e+00 
       1.488522127720e+00       9.006857780487e+00 
       1.489565451491e+00       8.991679927811e+00 
       1.490608775263e+00       8.976537048809e+00 
       1.491652099036e+00       8.961429223545e+00 
       1.492695422809e+00       8.946356573558e+00 
       1.493738746583e+00       8.931319218288e+00 
       1.494782070358e+00       8.916317231072e+00 
       1.495825394133e+00       8.901350605283e+00 
       1.496868717909e+00       8.886419236832e+00 
       1.497912041686e+00       8.871522924577e+00 
       1.498955365463e+00       8.856661388863e+00 
       1.499998689241e+00       8.841834306725e+00 
       1.501042013019e+00       8.827041354596e+00 
       1.502085336799e+00       8.812282252071e+00 
       1.503128660578e+00       8.797556795198e+00 
       1.504171984359e+00       8.782864876692e+00 
       1.505215308140e+00       8.768206485598e+00 
       1.506258631922e+00       8.753581689875e+00 
       1.507301955704e+00       8.738990604539e+00 
       1.508345279487e+00       8.724433349035e+00 
       1.509388603271e+00       8.709910004384e+00 
       1.510431927055e+00       8.695420578976e+00 
       1.511475250840e+00       8.680964988575e+00 
       1.512518574626e+00       8.666543053762e+00 
       1.513561898412e+00       8.652154516467e+00 
       1.514605222199e+00       8.637799071047e+00 
       1.515648545986e+00       8.623476403956e+00 
       1.516691869774e+00       8.609186236972e+00 
       1.517735193563e+00       8.594928361642e+00 
       1.518778517352e+00       8.580702660595e+00 
       1.519821841142e+00       8.566509110467e+00 
       1.520865164933e+00       8.552347768195e+00 
       1.521908488724e+00       8.538218740817e+00 
       1.522951812516e+00       8.524122146176e+00 
       1.523995136308e+00       8.510058072157e+00 
       1.525038460101e+00       8.496026541318e+00 
       1.526081783895e+00       8.482027487740e+00 
       1.527125107689e+00       8.468060753340e+00 
       1.528168431484e+00       8.454126099865e+00 
       1.529211755280e+00       8.440223238942e+00 
       1.530255079076e+00       8.426351867838e+00 
       1.531298402873e+00       8.412511711694e+00 
       1.532341726670e+00       8.398702558031e+00 
       1.533385050468e+00       8.384924279933e+00 
       1.534428374267e+00       8.371176842930e+00 
       1.535471698066e+00       8.357460293269e+00 
       1.536515021865e+00       8.343774730078e+00 
       1.537558345666e+00       8.330120268521e+00 
       1.538601669467e+00       8.316497001829e+00 
       1.539644993268e+00       8.302904964126e+00 
       1.540688317071e+00       8.289344106640e+00 
       1.541731640873e+00       8.275814291899e+00 
       1.542774964677e+00       8.262315301521e+00 
       1.543818288481e+00       8.248846862984e+00 
       1.544861612285e+00       8.235408685388e+00 
       1.545904936090e+00       8.222000498771e+00 
       1.546948259896e+00       8.208622088145e+00 
       1.547991583702e+00       8.195273318606e+00 
       1.549034907509e+00       8.181954144295e+00 
       1.550078231317e+00       8.168664599609e+00 
       1.551121555125e+00       8.155404775664e+00 
       1.552164878933e+00       8.142174785406e+00 
       1.553208202743e+00       8.128974724954e+00 
       1.554251526552e+00       8.115804638372e+00 
       1.555294850363e+00       8.102664493431e+00 
       1.556338174174e+00       8.089554172330e+00 
       1.557381497985e+00       8.076473476644e+00 
       1.558424821798e+00       8.063422150187e+00 
       1.559468145610e+00       8.050399913786e+00 
       1.560511469424e+00       8.037406502040e+00 
       1.561554793237e+00       8.024441698798e+00 
       1.562598117052e+00       8.011505362090e+00 
       1.563641440867e+00       7.998597435312e+00 
       1.564684764682e+00       7.985717941511e+00 
       1.565728088499e+00       7.972866963354e+00 
       1.566771412315e+00       7.960044610313e+00 
       1.567814736133e+00       7.947250981750e+00 
       1.568858059950e+00       7.934486130788e+00 
       1.569901383769e+00       7.921750040188e+00 
       1.570944707588e+00       7.909042609239e+00 
       1.571988031407e+00       7.896363658641e+00 
       1.573031355227e+00       7.883712949523e+00 
       1.574074679048e+00       7.871090214711e+00 
       1.575118002869e+00       7.858495193971e+00 
       1.576161326691e+00       7.845927670314e+00 
       1.577204650514e+00       7.833387496141e+00 
       1.578247974336e+00       7.820874605585e+00 
       1.579291298160e+00       7.808389011430e+00 
       1.580334621984e+00       7.795930786912e+00 
       1.581377945808e+00       7.783500037058e+00 
       1.582421269634e+00       7.771096862498e+00 
       1.583464593459e+00       7.758721324731e+00 
       1.584507917285e+00       7.746373420020e+00 
       1.585551241112e+00       7.734053064545e+00 
       1.586594564940e+00       7.721760096903e+00 
       1.587637888767e+00       7.709494294971e+00 
       1.588681212596e+00       7.697255404211e+00 
       1.589724536425e+00       7.685043171867e+00 
       1.590767860254e+00       7.672857381038e+00 
       1.591811184084e+00       7.660697878370e+00 
       1.592854507915e+00       7.648564588609e+00 
       1.593897831746e+00       7.636457514267e+00 
       1.594941155578e+00       7.624376720267e+00 
       1.595984479410e+00       7.612322306253e+00 
       1.597027803242e+00       7.600294372884e+00 
       1.598071127076e+00       7.588292988575e+00 
       1.599114450910e+00       7.576318162063e+00 
       1.600157774744e+00       7.564369826527e+00 
       1.601201098579e+00       7.552447838283e+00 
       1.602244422414e+00       7.540551991164e+00 
       1.603287746250e+00       7.528682042883e+00 
       1.604331070087e+00       7.516837747724e+00 
       1.605374393923e+00       7.505018890489e+00 
       1.606417717761e+00       7.493225313330e+00 
       1.607461041599e+00       7.481456932291e+00 
       1.608504365438e+00       7.469713739639e+00 
       1.609547689277e+00       7.457995791241e+00 
       1.610591013116e+00       7.446303181986e+00 
       1.611634336956e+00       7.434636012662e+00 
       1.612677660797e+00       7.422994357212e+00 
       1.613720984638e+00       7.411378235162e+00 
       1.614764308480e+00       7.399787594224e+00 
       1.615807632322e+00       7.388222308057e+00 
       1.616850956165e+00       7.376682186804e+00 
       1.617894280008e+00       7.365167000808e+00 
       1.618937603852e+00       7.353676511799e+00 
       1.619980927696e+00       7.342210506099e+00 
       1.621024251541e+00       7.330768822725e+00 
       1.622067575386e+00       7.319351370695e+00 
       1.623110899232e+00       7.307958132791e+00 
       1.624154223078e+00       7.296589155849e+00 
       1.625197546925e+00       7.285244528009e+00 
       1.626240870773e+00       7.273924349049e+00 
       1.627284194620e+00       7.262628697582e+00 
       1.628327518469e+00       7.251357603215e+00 
       1.629370842318e+00       7.240111027893e+00 
       1.630414166167e+00       7.228888860582e+00 
       1.631457490017e+00       7.217690927304e+00 
       1.632500813867e+00       7.206517011571e+00 
       1.633544137718e+00       7.195366884061e+00 
       1.634587461569e+00       7.184240333750e+00 
       1.635630785421e+00       7.173137196385e+00 
       1.636674109274e+00       7.162057373683e+00 
       1.637717433127e+00       7.151000839195e+00 
       1.638760756980e+00       7.139967631038e+00 
       1.639804080834e+00       7.128957831137e+00 
       1.640847404688e+00       7.117971536957e+00 
       1.641890728543e+00       7.107008830424e+00 
       1.642934052398e+00       7.096069749788e+00 
       1.643977376254e+00       7.085154270577e+00 
       1.645020700110e+00       7.074262297822e+00 
       1.646064023967e+00       7.063393672576e+00 
       1.647107347825e+00       7.052548190929e+00 
       1.648150671682e+00       7.041725631599e+00 
       1.649193995541e+00       7.030925787215e+00 
       1.650237319399e+00       7.020148491599e+00 
       1.651280643259e+00       7.009393640045e+00 
       1.652323967118e+00       6.998661197271e+00 
       1.653367290979e+00       6.987951191946e+00 
       1.654410614839e+00       6.977263699419e+00 
       1.655453938701e+00       6.966598814930e+00 
       1.656497262562e+00       6.955956620948e+00 
       1.657540586424e+00       6.945337168343e+00 
       1.658583910287e+00       6.934740440959e+00 
       1.659627234150e+00       6.924166359148e+00 
       1.660670558014e+00       6.913614778807e+00 
       1.661713881878e+00       6.903085508178e+00 
       1.662757205742e+00       6.892578335778e+00 
       1.663800529607e+00       6.882093057605e+00 
       1.664843853473e+00       6.871629505521e+00 
       1.665887177339e+00       6.861187569410e+00 
       1.666930501205e+00       6.850767205963e+00 
       1.667973825072e+00       6.840368435620e+00 
       1.669017148939e+00       6.829991326458e+00 
       1.670060472807e+00       6.819635970075e+00 
       1.671103796675e+00       6.809302452052e+00 
       1.672147120544e+00       6.798990825754e+00 
       2.104883150457e+00       3.870662573662e+00 
       2.649889463603e+00       2.184377416902e+00 
       3.336013182756e+00       1.223300470515e+00 
       4.199791769852e+00       6.803168698129e-01 
       5.287224583310e+00       3.759532638646e-01 
       6.656221385792e+00       2.065575591261e-01 
       8.379686249101e+00       1.128872014852e-01 
       1.054939996186e+01       6.139476849104e-02 
       1.328090769116e+01       3.324027035235e-02 
       1.671967218409e+01       1.792197343258e-02 
       2.104882018942e+01       9.625313440296e-03 
       2.649889462475e+01       5.150481121057e-03 
       3.336013182756e+01       2.746332608037e-03 
       4.199791769852e+01       1.459366722307e-03 
       5.287224583310e+01       7.728008740389e-04 
