# Matter power spectrum P(k) at redshift z=1
# for k=1.9804e-07 to 59.1446 h/Mpc,
# number of wavenumbers equal to 7403
#    1:k (h/Mpc)              2:P (Mpc/h)^3        
       1.980397694179e-07       4.789702491502e-01 
       8.032364510638e-07       1.849505106230e+00 
       1.408436508505e-06       3.179718775650e+00 
       2.013643527769e-06       4.489364783269e+00 
       2.618861094999e-06       5.785072164149e+00 
       3.224092796524e-06       7.070244880061e+00 
       3.829342218928e-06       8.346963288896e+00 
       4.434612949122e-06       9.616632385443e+00 
       5.039908574416e-06       1.088026547756e+01 
       5.645232682587e-06       1.213862837245e+01 
       6.250588861954e-06       1.339232050912e+01 
       6.855980701444e-06       1.464182412809e+01 
       7.461411790668e-06       1.588753581198e+01 
       8.066885719988e-06       1.712978764819e+01 
       8.672406080590e-06       1.836886195727e+01 
       9.277976464552e-06       1.960500185880e+01 
       9.883600464921e-06       2.083841904766e+01 
       1.048928167578e-05       2.206929964393e+01 
       1.109502369231e-05       2.329780867762e+01 
       1.170083011089e-05       2.452409358447e+01 
       1.230670452913e-05       2.574828697079e+01 
       1.291265054597e-05       2.697050882880e+01 
       1.351867176174e-05       2.819086833246e+01 
       1.412477177824e-05       2.940946530846e+01 
       1.473095419879e-05       3.062639145258e+01 
       1.533722262832e-05       3.184173134427e+01 
       1.594358067346e-05       3.305556329943e+01 
       1.655003194256e-05       3.426796009251e+01 
       1.715658004580e-05       3.547898957199e+01 
       1.776322859525e-05       3.668871518813e+01 
       1.836998120496e-05       3.789719644820e+01 
       1.897684149099e-05       3.910448931105e+01 
       1.958381307153e-05       4.031064653096e+01 
       2.019089956693e-05       4.151571795856e+01 
       2.079810459981e-05       4.271975080531e+01 
       2.140543179509e-05       4.392278987697e+01 
       2.201288478010e-05       4.512487778037e+01 
       2.262046718463e-05       4.632605510727e+01 
       2.322818264103e-05       4.752636059833e+01 
       2.383603478423e-05       4.872583128987e+01 
       2.444402725186e-05       4.992450264561e+01 
       2.505216368430e-05       5.112240867515e+01 
       2.566044772478e-05       5.231958204104e+01 
       2.626888301940e-05       5.351605415555e+01 
       2.687747321725e-05       5.471185526849e+01 
       2.748622197047e-05       5.590701454706e+01 
       2.809513293430e-05       5.710156014860e+01 
       2.870420976721e-05       5.829551928700e+01 
       2.931345613090e-05       5.948891829350e+01 
       2.992287569042e-05       6.068178267237e+01 
       3.053247211424e-05       6.187413715216e+01 
       3.114224907431e-05       6.306600573271e+01 
       3.175221024614e-05       6.425741172860e+01 
       3.236235930886e-05       6.544837780919e+01 
       3.297269994533e-05       6.663892603571e+01 
       3.358323584217e-05       6.782907789549e+01 
       3.419397068988e-05       6.901885433386e+01 
       3.480490818285e-05       7.020827578368e+01 
       3.541605201950e-05       7.139736219278e+01 
       3.602740590232e-05       7.258613304962e+01 
       3.663897353796e-05       7.377460740711e+01 
       3.725075863728e-05       7.496280390492e+01 
       3.786276491545e-05       7.615074079025e+01 
       3.847499609201e-05       7.733843593740e+01 
       3.908745589096e-05       7.852590686595e+01 
       3.970014804082e-05       7.971317075794e+01 
       4.031307627470e-05       8.090024447389e+01 
       4.092624433042e-05       8.208714456794e+01 
       4.153965595050e-05       8.327388730206e+01 
       4.215331488234e-05       8.446048865939e+01 
       4.276722487821e-05       8.564696435691e+01 
       4.338138969538e-05       8.683332985730e+01 
       4.399581309615e-05       8.801960038017e+01 
       4.461049884797e-05       8.920579091267e+01 
       4.522545072350e-05       9.039191621958e+01 
       4.584067250069e-05       9.157799085271e+01 
       4.645616796282e-05       9.276402916003e+01 
       4.707194089866e-05       9.395004529409e+01 
       4.768799510245e-05       9.513605322018e+01 
       4.830433437404e-05       9.632206672400e+01 
       4.892096251896e-05       9.750809941897e+01 
       4.953788334848e-05       9.869416475316e+01 
       5.015510067970e-05       9.988027601591e+01 
       5.077261833561e-05       1.010664463441e+02 
       5.139044014521e-05       1.022526887283e+02 
       5.200856994354e-05       1.034390160182e+02 
       5.262701157178e-05       1.046254409282e+02 
       5.324576887734e-05       1.058119760427e+02 
       5.386484571392e-05       1.069986338210e+02 
       5.448424594160e-05       1.081854266021e+02 
       5.510397342692e-05       1.093723666091e+02 
       5.572403204294e-05       1.105594659537e+02 
       5.634442566935e-05       1.117467366402e+02 
       5.696515819254e-05       1.129341905698e+02 
       5.758623350565e-05       1.141218395441e+02 
       5.820765550871e-05       1.153096952688e+02 
       5.882942810866e-05       1.164977693575e+02 
       5.945155521948e-05       1.176860733346e+02 
       6.007404076221e-05       1.188746186391e+02 
       6.069688866513e-05       1.200634166272e+02 
       6.132010286372e-05       1.212524785757e+02 
       6.194368730084e-05       1.224418156846e+02 
       6.256764592677e-05       1.236314390800e+02 
       6.319198269929e-05       1.248213598168e+02 
       6.381670158378e-05       1.260115888812e+02 
       6.444180655327e-05       1.272021371931e+02 
       6.506730158858e-05       1.283930156087e+02 
       6.569319067833e-05       1.295842349227e+02 
       6.631947781909e-05       1.307758058705e+02 
       6.694616701542e-05       1.319677391303e+02 
       6.757326227999e-05       1.331600453253e+02 
       6.820076763362e-05       1.343527350256e+02 
       6.882868710539e-05       1.355458187503e+02 
       6.945702473274e-05       1.367393069690e+02 
       7.008578456152e-05       1.379332101040e+02 
       7.071497064611e-05       1.391275385321e+02 
       7.134458704946e-05       1.403223025859e+02 
       7.197463784323e-05       1.415175125556e+02 
       7.260512710784e-05       1.427131786908e+02 
       7.323605893257e-05       1.439093112019e+02 
       7.386743741563e-05       1.451059202616e+02 
       7.449926666427e-05       1.463030160061e+02 
       7.513155079485e-05       1.475006085372e+02 
       7.576429393294e-05       1.486987079229e+02 
       7.639750021340e-05       1.498973241991e+02 
       7.703117378047e-05       1.510964673709e+02 
       7.766531878784e-05       1.522961474139e+02 
       7.829993939878e-05       1.534963742752e+02 
       7.893503978619e-05       1.546971578748e+02 
       7.957062413271e-05       1.558985081067e+02 
       8.020669663080e-05       1.571004348397e+02 
       8.084326148282e-05       1.583029479193e+02 
       8.148032290116e-05       1.595060571679e+02 
       8.211788510828e-05       1.607097723862e+02 
       8.275595233683e-05       1.619141033545e+02 
       8.339452882974e-05       1.631190598330e+02 
       8.403361884030e-05       1.643246515636e+02 
       8.467322663225e-05       1.655308882701e+02 
       8.531335647989e-05       1.667377796594e+02 
       8.595401266816e-05       1.679453354228e+02 
       8.659519949273e-05       1.691535652360e+02 
       8.723692126009e-05       1.703624787608e+02 
       8.787918228767e-05       1.715720856454e+02 
       8.852198690388e-05       1.727823955256e+02 
       8.916533944828e-05       1.739934180252e+02 
       8.980924427159e-05       1.752051627571e+02 
       9.045370573585e-05       1.764176393238e+02 
       9.109872821448e-05       1.776308573186e+02 
       9.174431609238e-05       1.788448263258e+02 
       9.239047376606e-05       1.800595559216e+02 
       9.303720564368e-05       1.812750556751e+02 
       9.368451614517e-05       1.824913351485e+02 
       9.433240970235e-05       1.837084038981e+02 
       9.498089075899e-05       1.849262714750e+02 
       9.562996377094e-05       1.861449474255e+02 
       9.627963320620e-05       1.873644412919e+02 
       9.692990354502e-05       1.885847626131e+02 
       9.758077928004e-05       1.898059209252e+02 
       9.823226491633e-05       1.910279257621e+02 
       9.888436497152e-05       1.922507866562e+02 
       9.953708397591e-05       1.934745131389e+02 
       1.001904264725e-04       1.946991147411e+02 
       1.008443970173e-04       1.959246009937e+02 
       1.014990001791e-04       1.971509814285e+02 
       1.021542405398e-04       1.983782655786e+02 
       1.028101226945e-04       1.996064629785e+02 
       1.034666512516e-04       2.008355831654e+02 
       1.041238308327e-04       2.020656356791e+02 
       1.047816660730e-04       2.032966300627e+02 
       1.054401616212e-04       2.045285758633e+02 
       1.060993221398e-04       2.057614826322e+02 
       1.067591523050e-04       2.069953599256e+02 
       1.074196568068e-04       2.082302173050e+02 
       1.080808403492e-04       2.094660643376e+02 
       1.087427076505e-04       2.107029105970e+02 
       1.094052634430e-04       2.119407656633e+02 
       1.100685124732e-04       2.131796391240e+02 
       1.107324595023e-04       2.144195405742e+02 
       1.113971093059e-04       2.156604796170e+02 
       1.120624666740e-04       2.169024658639e+02 
       1.127285364118e-04       2.181455089357e+02 
       1.133953233388e-04       2.193896184623e+02 
       1.140628322899e-04       2.206348040834e+02 
       1.147310681147e-04       2.218810754492e+02 
       1.154000356783e-04       2.231284422202e+02 
       1.160697398608e-04       2.243769140683e+02 
       1.167401855579e-04       2.256265006767e+02 
       1.174113776806e-04       2.268772117404e+02 
       1.180833211555e-04       2.281290569667e+02 
       1.187560209253e-04       2.293820460757e+02 
       1.194294819480e-04       2.306361888005e+02 
       1.201037091979e-04       2.318914948876e+02 
       1.207787076653e-04       2.331479740973e+02 
       1.214544823565e-04       2.344056362042e+02 
       1.221310382943e-04       2.356644909975e+02 
       1.228083805178e-04       2.369245482812e+02 
       1.234865140826e-04       2.381858178748e+02 
       1.241654440610e-04       2.394483096135e+02 
       1.248451755420e-04       2.407120333484e+02 
       1.255257136314e-04       2.419769989472e+02 
       1.262070634521e-04       2.432432162943e+02 
       1.268892301440e-04       2.445106952913e+02 
       1.275722188642e-04       2.457794458572e+02 
       1.282560347874e-04       2.470494779290e+02 
       1.289406831053e-04       2.483208014617e+02 
       1.296261690276e-04       2.495934264289e+02 
       1.303124977814e-04       2.508673628233e+02 
       1.309996746117e-04       2.521426206565e+02 
       1.316877047815e-04       2.534192099599e+02 
       1.323765935718e-04       2.546971407848e+02 
       1.330663462817e-04       2.559764232025e+02 
       1.337569682288e-04       2.572570673052e+02 
       1.344484647488e-04       2.585390832057e+02 
       1.351408411963e-04       2.598224810384e+02 
       1.358341029444e-04       2.611072709589e+02 
       1.365282553850e-04       2.623934631449e+02 
       1.372233039288e-04       2.636810677963e+02 
       1.379192540058e-04       2.649700951356e+02 
       1.386161110649e-04       2.662605554079e+02 
       1.393138805745e-04       2.675524588817e+02 
       1.400125680223e-04       2.688458158491e+02 
       1.407121789157e-04       2.701406366258e+02 
       1.414127187816e-04       2.714369315517e+02 
       1.421141931668e-04       2.727347109913e+02 
       1.428166076380e-04       2.740339853336e+02 
       1.435199677820e-04       2.753347649929e+02 
       1.442242792058e-04       2.766370604089e+02 
       1.449295475367e-04       2.779408820469e+02 
       1.456357784225e-04       2.792462403982e+02 
       1.463429775315e-04       2.805531459805e+02 
       1.470511505528e-04       2.818616093381e+02 
       1.477603031964e-04       2.831716410422e+02 
       1.484704411932e-04       2.844832516913e+02 
       1.491815702953e-04       2.857964519115e+02 
       1.498936962759e-04       2.871112523567e+02 
       1.506068249298e-04       2.884276637088e+02 
       1.513209620733e-04       2.897456966785e+02 
       1.520361135442e-04       2.910653620049e+02 
       1.527522852023e-04       2.923866704564e+02 
       1.534694829293e-04       2.937096328308e+02 
       1.541877126288e-04       2.950342599554e+02 
       1.549069802269e-04       2.963605626875e+02 
       1.556272916718e-04       2.976885519147e+02 
       1.563486529345e-04       2.990182385552e+02 
       1.570710700083e-04       3.003496335581e+02 
       1.577945489095e-04       3.016827479035e+02 
       1.585190956772e-04       3.030175926031e+02 
       1.592447163738e-04       3.043541787003e+02 
       1.599714170846e-04       3.056925172706e+02 
       1.606992039185e-04       3.070326194218e+02 
       1.614280830076e-04       3.083744962943e+02 
       1.621580605081e-04       3.097181590615e+02 
       1.628891425995e-04       3.110636189302e+02 
       1.636213354855e-04       3.124108871404e+02 
       1.643546453939e-04       3.137599749662e+02 
       1.650890785766e-04       3.151108937157e+02 
       1.658246413100e-04       3.164636547315e+02 
       1.665613398948e-04       3.178182693907e+02 
       1.672991806566e-04       3.191747491057e+02 
       1.680381699458e-04       3.205331053239e+02 
       1.687783141377e-04       3.218933495286e+02 
       1.695196196327e-04       3.232554932389e+02 
       1.702620928565e-04       3.246195480098e+02 
       1.710057402603e-04       3.259855254331e+02 
       1.717505683207e-04       3.273534371374e+02 
       1.724965835403e-04       3.287232947880e+02 
       1.732437924474e-04       3.300951100880e+02 
       1.739922015962e-04       3.314688947777e+02 
       1.747418175675e-04       3.328446606358e+02 
       1.754926469682e-04       3.342224194789e+02 
       1.762446964315e-04       3.356021831623e+02 
       1.769979726178e-04       3.369839635801e+02 
       1.777524822138e-04       3.383677726654e+02 
       1.785082319335e-04       3.397536223908e+02 
       1.792652285179e-04       3.411415247688e+02 
       1.800234787353e-04       3.425314918514e+02 
       1.807829893816e-04       3.439235357315e+02 
       1.815437672801e-04       3.453176685421e+02 
       1.823058192821e-04       3.467139024574e+02 
       1.830691522668e-04       3.481122496926e+02 
       1.838337731412e-04       3.495127225045e+02 
       1.845996888411e-04       3.509153331914e+02 
       1.853669063303e-04       3.523200940940e+02 
       1.861354326014e-04       3.537270175953e+02 
       1.869052746758e-04       3.551361161206e+02 
       1.876764396035e-04       3.565474021387e+02 
       1.884489344641e-04       3.579608881611e+02 
       1.892227663661e-04       3.593765867433e+02 
       1.899979424476e-04       3.607945104843e+02 
       1.907744698762e-04       3.622146720275e+02 
       1.915523558492e-04       3.636370840603e+02 
       1.923316075942e-04       3.650617593154e+02 
       1.931122323684e-04       3.664887105701e+02 
       1.938942374597e-04       3.679179506472e+02 
       1.946776301862e-04       3.693494924150e+02 
       1.954624178967e-04       3.707833487878e+02 
       1.962486079709e-04       3.722195327261e+02 
       1.970362078194e-04       3.736580572368e+02 
       1.978252248837e-04       3.750989353739e+02 
       1.986156666371e-04       3.765421802381e+02 
       1.994075405840e-04       3.779878049778e+02 
       2.002008542605e-04       3.794358227889e+02 
       2.009956152349e-04       3.808862469156e+02 
       2.017918311070e-04       3.823390906501e+02 
       2.025895095093e-04       3.837943673333e+02 
       2.033886581063e-04       3.852520903550e+02 
       2.041892845952e-04       3.867122731542e+02 
       2.049913967061e-04       3.881749292194e+02 
       2.057950022017e-04       3.896400720890e+02 
       2.066001088780e-04       3.911077153514e+02 
       2.074067245643e-04       3.925778726454e+02 
       2.082148571233e-04       3.940505576604e+02 
       2.090245144513e-04       3.955257841371e+02 
       2.098357044784e-04       3.970035658672e+02 
       2.106484351689e-04       3.984839166942e+02 
       2.114627145212e-04       3.999668505134e+02 
       2.122785505681e-04       4.014523812725e+02 
       2.130959513767e-04       4.029405229714e+02 
       2.139149250493e-04       4.044312896631e+02 
       2.147354797229e-04       4.059246954537e+02 
       2.155576235695e-04       4.074207545025e+02 
       2.163813647968e-04       4.089194810227e+02 
       2.172067116476e-04       4.104208892816e+02 
       2.180336724005e-04       4.119249936007e+02 
       2.188622553702e-04       4.134318083563e+02 
       2.196924689073e-04       4.149413479793e+02 
       2.205243213985e-04       4.164536269563e+02 
       2.213578212673e-04       4.179686598291e+02 
       2.221929769736e-04       4.194864611954e+02 
       2.230297970142e-04       4.210070457095e+02 
       2.238682899230e-04       4.225304280816e+02 
       2.247084642710e-04       4.240566230789e+02 
       2.255503286667e-04       4.255856455257e+02 
       2.263938917561e-04       4.271175103037e+02 
       2.272391622233e-04       4.286522323522e+02 
       2.280861487900e-04       4.301898266686e+02 
       2.289348602164e-04       4.317303083085e+02 
       2.297853053010e-04       4.332736923861e+02 
       2.306374928808e-04       4.348199940746e+02 
       2.314914318317e-04       4.363692286064e+02 
       2.323471310685e-04       4.379214112734e+02 
       2.332045995454e-04       4.394765574273e+02 
       2.340638462557e-04       4.410346824799e+02 
       2.349248802324e-04       4.425958019035e+02 
       2.357877105483e-04       4.441599312312e+02 
       2.366523463161e-04       4.457270860571e+02 
       2.375187966889e-04       4.472972820366e+02 
       2.383870708600e-04       4.488705348868e+02 
       2.392571780632e-04       4.504468603867e+02 
       2.401291275732e-04       4.520262743777e+02 
       2.410029287059e-04       4.536087927637e+02 
       2.418785908179e-04       4.551944315115e+02 
       2.427561233077e-04       4.567832066511e+02 
       2.436355356150e-04       4.583751342759e+02 
       2.445168372216e-04       4.599702305431e+02 
       2.454000376512e-04       4.615685116742e+02 
       2.462851464695e-04       4.631699939548e+02 
       2.471721732850e-04       4.647746937354e+02 
       2.480611277484e-04       4.663826274316e+02 
       2.489520195537e-04       4.679938115239e+02 
       2.498448584374e-04       4.696082625589e+02 
       2.507396541797e-04       4.712259971488e+02 
       2.516364166040e-04       4.728470319721e+02 
       2.525351555774e-04       4.744713837739e+02 
       2.534358810108e-04       4.760990693659e+02 
       2.543386028592e-04       4.777301056272e+02 
       2.552433311219e-04       4.793645095042e+02 
       2.561500758426e-04       4.810022980109e+02 
       2.570588471099e-04       4.826434882294e+02 
       2.579696550569e-04       4.842880973102e+02 
       2.588825098622e-04       4.859361424723e+02 
       2.597974217495e-04       4.875876410036e+02 
       2.607144009879e-04       4.892426102614e+02 
       2.616334578926e-04       4.909010676722e+02 
       2.625546028243e-04       4.925630307326e+02 
       2.634778461901e-04       4.942285170089e+02 
       2.644031984434e-04       4.958975441383e+02 
       2.653306700841e-04       4.975701298283e+02 
       2.662602716590e-04       4.992462918574e+02 
       2.671920137617e-04       5.009260480754e+02 
       2.681259070331e-04       5.026094164039e+02 
       2.690619621614e-04       5.042964148359e+02 
       2.700001898826e-04       5.059870614368e+02 
       2.709406009803e-04       5.076813743444e+02 
       2.718832062862e-04       5.093793717691e+02 
       2.728280166801e-04       5.110810719944e+02 
       2.737750430906e-04       5.127864933770e+02 
       2.747242964944e-04       5.144956543471e+02 
       2.756757879176e-04       5.162085734089e+02 
       2.766295284350e-04       5.179252691405e+02 
       2.775855291708e-04       5.196457601946e+02 
       2.785438012986e-04       5.213700652984e+02 
       2.795043560418e-04       5.230982032542e+02 
       2.804672046737e-04       5.248301929393e+02 
       2.814323585175e-04       5.265660533067e+02 
       2.823998289469e-04       5.283058033852e+02 
       2.833696273860e-04       5.300494622794e+02 
       2.843417653098e-04       5.317970491705e+02 
       2.853162542439e-04       5.335485833160e+02 
       2.862931057654e-04       5.353040840503e+02 
       2.872723315025e-04       5.370635707851e+02 
       2.882539431351e-04       5.388270630093e+02 
       2.892379523945e-04       5.405945802894e+02 
       2.902243710644e-04       5.423661422699e+02 
       2.912132109804e-04       5.441417686733e+02 
       2.922044840304e-04       5.459214793007e+02 
       2.931982021551e-04       5.477052940316e+02 
       2.941943773478e-04       5.494932328246e+02 
       2.951930216547e-04       5.512853157173e+02 
       2.961941471754e-04       5.530815628267e+02 
       2.971977660625e-04       5.548819943497e+02 
       2.982038905224e-04       5.566866305627e+02 
       2.992125328154e-04       5.584954918225e+02 
       3.002237052554e-04       5.603085985661e+02 
       3.012374202106e-04       5.621259713111e+02 
       3.022536901038e-04       5.639476306560e+02 
       3.032725274119e-04       5.657735972803e+02 
       3.042939446669e-04       5.676038919448e+02 
       3.053179544556e-04       5.694385354917e+02 
       3.063445694199e-04       5.712775488451e+02 
       3.073738022570e-04       5.731209530109e+02 
       3.084056657197e-04       5.749687690772e+02 
       3.094401726165e-04       5.768210182145e+02 
       3.104773358117e-04       5.786777216758e+02 
       3.115171682257e-04       5.805389007970e+02 
       3.125596828352e-04       5.824045769968e+02 
       3.136048926733e-04       5.842747717773e+02 
       3.146528108299e-04       5.861495067239e+02 
       3.157034504514e-04       5.880288035054e+02 
       3.167568247414e-04       5.899126838747e+02 
       3.178129469608e-04       5.918011696684e+02 
       3.188718304275e-04       5.936942828074e+02 
       3.199334885173e-04       5.955920452967e+02 
       3.209979346634e-04       5.974944792260e+02 
       3.220651823572e-04       5.994016067695e+02 
       3.231352451478e-04       6.013134501864e+02 
       3.242081366429e-04       6.032300318207e+02 
       3.252838705082e-04       6.051513741017e+02 
       3.263624604684e-04       6.070774995440e+02 
       3.274439203065e-04       6.090084307475e+02 
       3.285282638647e-04       6.109441903979e+02 
       3.296155050443e-04       6.128848012665e+02 
       3.307056578055e-04       6.148302862105e+02 
       3.317987361681e-04       6.167806681732e+02 
       3.328947542115e-04       6.187359701840e+02 
       3.339937260747e-04       6.206962153586e+02 
       3.350956659564e-04       6.226614268990e+02 
       3.362005881157e-04       6.246316280937e+02 
       3.373085068714e-04       6.266068423180e+02 
       3.384194366029e-04       6.285870930336e+02 
       3.395333917498e-04       6.305724037893e+02 
       3.406503868127e-04       6.325627982207e+02 
       3.417704363523e-04       6.345583000504e+02 
       3.428935549908e-04       6.365589330880e+02 
       3.440197574110e-04       6.385647212303e+02 
       3.451490583569e-04       6.405756884614e+02 
       3.462814726337e-04       6.425918588527e+02 
       3.474170151083e-04       6.446132565627e+02 
       3.485557007088e-04       6.466399058375e+02 
       3.496975444251e-04       6.486718310107e+02 
       3.508425613086e-04       6.507090565033e+02 
       3.519907664729e-04       6.527516068239e+02 
       3.531421750935e-04       6.547995065686e+02 
       3.542968024079e-04       6.568527804201e+02 
       3.554546637158e-04       6.589114531513e+02 
       3.566157743793e-04       6.609755496203e+02 
       3.577801498229e-04       6.630450947736e+02 
       3.589478055337e-04       6.651201136452e+02 
       3.601187570611e-04       6.672006313567e+02 
       3.612930200176e-04       6.692866731174e+02 
       3.624706100782e-04       6.713782642240e+02 
       3.636515429808e-04       6.734754300608e+02 
       3.648358345265e-04       6.755781960993e+02 
       3.660235005792e-04       6.776865878988e+02 
       3.672145570660e-04       6.798006311056e+02 
       3.684090199771e-04       6.819203514537e+02 
       3.696069053661e-04       6.840457747637e+02 
       3.708082293497e-04       6.861769269440e+02 
       3.720130081083e-04       6.883138339896e+02 
       3.732212578853e-04       6.904565219826e+02 
       3.744329949880e-04       6.926050170920e+02 
       3.756482357869e-04       6.947593455733e+02 
       3.768669967164e-04       6.969195337688e+02 
       3.780892942741e-04       6.990856081072e+02 
       3.793151450216e-04       7.012575951036e+02 
       3.805445655841e-04       7.034355213592e+02 
       3.817775726503e-04       7.056194135612e+02 
       3.830141829728e-04       7.078092984826e+02 
       3.842544133681e-04       7.100052029822e+02 
       3.854982807160e-04       7.122071540042e+02 
       3.867458019605e-04       7.144151785781e+02 
       3.879969941091e-04       7.166293038184e+02 
       3.892518742333e-04       7.188495569245e+02 
       3.905104594680e-04       7.210759651804e+02 
       3.917727670121e-04       7.233085559546e+02 
       3.930388141283e-04       7.255473566994e+02 
       3.943086181427e-04       7.277923949515e+02 
       3.955821964453e-04       7.300436983307e+02 
       3.968595664896e-04       7.323012945403e+02 
       3.981407457929e-04       7.345652113668e+02 
       3.994257519358e-04       7.368354766786e+02 
       4.007146025626e-04       7.391121184281e+02 
       4.020073153809e-04       7.413951646484e+02 
       4.033039081618e-04       7.436846434548e+02 
       4.046043987396e-04       7.459805830438e+02 
       4.059088050119e-04       7.482830116933e+02 
       4.072171449396e-04       7.505919577614e+02 
       4.085294365464e-04       7.529074496867e+02 
       4.098456979191e-04       7.552295159877e+02 
       4.111659472076e-04       7.575581852623e+02 
       4.124902026241e-04       7.598934861873e+02 
       4.138184824440e-04       7.622354475182e+02 
       4.151508050048e-04       7.645840980886e+02 
       4.164871887067e-04       7.669394668099e+02 
       4.178276520121e-04       7.693015826704e+02 
       4.191722134455e-04       7.716704747354e+02 
       4.205208915934e-04       7.740461721462e+02 
       4.218737051043e-04       7.764287041199e+02 
       4.232306726882e-04       7.788180999487e+02 
       4.245918131168e-04       7.812143889994e+02 
       4.259571452230e-04       7.836176007128e+02 
       4.273266879008e-04       7.860277646033e+02 
       4.287004601055e-04       7.884449102581e+02 
       4.300784808527e-04       7.908690673365e+02 
       4.314607692191e-04       7.933002655693e+02 
       4.328473443413e-04       7.957385347594e+02 
       4.342382254162e-04       7.981839047792e+02 
       4.356334317007e-04       8.006364055707e+02 
       4.370329825113e-04       8.030960671453e+02 
       4.384368972239e-04       8.055629195825e+02 
       4.398451952735e-04       8.080369930296e+02 
       4.412578961541e-04       8.105183177007e+02 
       4.426750194184e-04       8.130069238761e+02 
       4.440965846772e-04       8.155028419015e+02 
       4.455226115997e-04       8.180061021872e+02 
       4.469531199126e-04       8.205167352074e+02 
       4.483881294002e-04       8.230347714993e+02 
       4.498276599039e-04       8.255602416621e+02 
       4.512717313219e-04       8.280931763568e+02 
       4.527203636090e-04       8.306336063044e+02 
       4.541735767759e-04       8.331815622860e+02 
       4.556313908894e-04       8.357370751409e+02 
       4.570938260715e-04       8.383001757668e+02 
       4.585609024994e-04       8.408708951178e+02 
       4.600326404049e-04       8.434492642042e+02 
       4.615090600742e-04       8.460353140913e+02 
       4.629901818472e-04       8.486290758983e+02 
       4.644760261174e-04       8.512305807974e+02 
       4.659666133314e-04       8.538398600123e+02 
       4.674619639884e-04       8.564569448190e+02 
       4.689620986397e-04       8.590818665421e+02 
       4.704670378883e-04       8.617146565555e+02 
       4.719768023888e-04       8.643553462808e+02 
       4.734914128462e-04       8.670039671859e+02 
       4.750108900161e-04       8.696605507846e+02 
       4.765352547037e-04       8.723251286347e+02 
       4.780645277636e-04       8.749977323374e+02 
       4.795987300995e-04       8.776783935356e+02 
       4.811378826628e-04       8.803671439131e+02 
       4.826820064532e-04       8.830640151933e+02 
       4.842311225173e-04       8.857690391375e+02 
       4.857852519484e-04       8.884822475444e+02 
       4.873444158858e-04       8.912036722482e+02 
       4.889086355143e-04       8.939333451176e+02 
       4.904779320638e-04       8.966712980541e+02 
       4.920523268082e-04       8.994175629912e+02 
       4.936318410651e-04       9.021721718927e+02 
       4.952164961954e-04       9.049351567511e+02 
       4.968063136020e-04       9.077065495868e+02 
       4.984013147300e-04       9.104863824460e+02 
       5.000015210651e-04       9.132746873996e+02 
       5.016069541337e-04       9.160714965417e+02 
       5.032176355019e-04       9.188768419881e+02 
       5.048335867747e-04       9.216907558747e+02 
       5.064548295955e-04       9.245132703561e+02 
       5.080813856451e-04       9.273444176037e+02 
       5.097132766415e-04       9.301842298045e+02 
       5.113505243384e-04       9.330327391595e+02 
       5.129931505251e-04       9.358899778817e+02 
       5.146411770251e-04       9.387559781948e+02 
       5.162946256961e-04       9.416307723313e+02 
       5.179535184285e-04       9.445143925310e+02 
       5.196178771448e-04       9.474068710393e+02 
       5.212877237990e-04       9.503082401052e+02 
       5.229630803755e-04       9.532185319797e+02 
       5.246439688882e-04       9.561377789141e+02 
       5.263304113799e-04       9.590660131581e+02 
       5.280224299214e-04       9.620032669581e+02 
       5.297200466102e-04       9.649495725551e+02 
       5.314232835700e-04       9.679049621831e+02 
       5.331321629499e-04       9.708694680670e+02 
       5.348467069229e-04       9.738431224209e+02 
       5.365669376854e-04       9.768259574459e+02 
       5.382928774562e-04       9.798180053283e+02 
       5.400245484755e-04       9.828192982380e+02 
       5.417619730038e-04       9.858298683255e+02 
       5.435051733209e-04       9.888497477209e+02 
       5.452541717252e-04       9.918789685314e+02 
       5.470089905323e-04       9.949175628390e+02 
       5.487696520740e-04       9.979655626992e+02 
       5.505361786975e-04       1.001023000138e+03 
       5.523085927643e-04       1.004089907150e+03 
       5.540869166488e-04       1.007166315696e+03 
       5.558711727376e-04       1.010252257704e+03 
       5.576613834280e-04       1.013347765059e+03 
       5.594575711273e-04       1.016452869612e+03 
       5.612597582513e-04       1.019567603166e+03 
       5.630679672236e-04       1.022691997485e+03 
       5.648822204738e-04       1.025826084281e+03 
       5.667025404369e-04       1.028969895220e+03 
       5.685289495519e-04       1.032123461917e+03 
       5.703614702606e-04       1.035286815931e+03 
       5.722001250062e-04       1.038459988767e+03 
       5.740449362326e-04       1.041643011869e+03 
       5.758959263826e-04       1.044835916622e+03 
       5.777531178968e-04       1.048038734347e+03 
       5.796165332126e-04       1.051251496300e+03 
       5.814861947626e-04       1.054474233667e+03 
       5.833621249735e-04       1.057706977564e+03 
       5.852443462646e-04       1.060949759034e+03 
       5.871328810469e-04       1.064202609044e+03 
       5.890277517212e-04       1.067465558482e+03 
       5.909289806770e-04       1.070738638157e+03 
       5.928365902914e-04       1.074021878791e+03 
       5.947506029273e-04       1.077315311022e+03 
       5.966710409324e-04       1.080618965400e+03 
       5.985979266375e-04       1.083932872381e+03 
       6.005312823553e-04       1.087257062330e+03 
       6.024711303787e-04       1.090591565511e+03 
       6.044174929797e-04       1.093936412094e+03 
       6.063703924080e-04       1.097291632141e+03 
       6.083298508890e-04       1.100657255612e+03 
       6.102958906230e-04       1.104033312361e+03 
       6.122685337832e-04       1.107419832127e+03 
       6.142478025145e-04       1.110816844539e+03 
       6.162337189319e-04       1.114224379109e+03 
       6.182263051189e-04       1.117642465231e+03 
       6.202255831263e-04       1.121071132175e+03 
       6.222315749702e-04       1.124510409088e+03 
       6.242443026308e-04       1.127960324989e+03 
       6.262637880506e-04       1.131420908767e+03 
       6.282900531330e-04       1.134892189177e+03 
       6.303231197407e-04       1.138374194840e+03 
       6.323630096940e-04       1.141866954234e+03 
       6.344097447692e-04       1.145370495699e+03 
       6.364633466973e-04       1.148884847423e+03 
       6.385238371618e-04       1.152410037460e+03 
       6.405912377976e-04       1.155946093699e+03 
       6.426655701890e-04       1.159493043881e+03 
       6.447468558683e-04       1.163050915589e+03 
       6.468351163140e-04       1.166619736248e+03 
       6.489303729491e-04       1.170199533118e+03 
       6.510326471394e-04       1.173790333292e+03 
       6.531419601922e-04       1.177392163697e+03 
       6.552583333539e-04       1.181005051087e+03 
       6.573817878089e-04       1.184629022038e+03 
       6.595123446777e-04       1.188264102953e+03 
       6.616500250149e-04       1.191910320049e+03 
       6.637948498079e-04       1.195567699361e+03 
       6.659468399751e-04       1.199236266736e+03 
       6.681060163637e-04       1.202916047831e+03 
       6.702723997485e-04       1.206607068108e+03 
       6.724460108300e-04       1.210309352835e+03 
       6.746268702323e-04       1.214022927076e+03 
       6.768149985018e-04       1.217747815697e+03 
       6.790104161052e-04       1.221484043354e+03 
       6.812131434276e-04       1.225231634495e+03 
       6.834232007711e-04       1.228990613356e+03 
       6.856406083524e-04       1.232761003958e+03 
       6.878653863018e-04       1.236542830103e+03 
       6.900975546605e-04       1.240336115372e+03 
       6.923371333797e-04       1.244140883118e+03 
       6.945841423181e-04       1.247957156471e+03 
       6.968386012403e-04       1.251784958326e+03 
       6.991005298153e-04       1.255624311347e+03 
       7.013699476142e-04       1.259475237955e+03 
       7.036468741087e-04       1.263337760339e+03 
       7.059313286689e-04       1.267211900440e+03 
       7.082233305623e-04       1.271097679951e+03 
       7.105228989509e-04       1.274995120318e+03 
       7.128300528901e-04       1.278904242731e+03 
       7.151448113268e-04       1.282825068128e+03 
       7.174671930974e-04       1.286757617186e+03 
       7.197972169258e-04       1.290701910321e+03 
       7.221349014221e-04       1.294657967680e+03 
       7.244802650803e-04       1.298625809143e+03 
       7.268333262768e-04       1.302605454327e+03 
       7.291941032682e-04       1.306596922564e+03 
       7.315626141899e-04       1.310600232914e+03 
       7.339388770540e-04       1.314615404155e+03 
       7.363229097477e-04       1.318642454783e+03 
       7.387147300311e-04       1.322681403006e+03 
       7.411143555360e-04       1.326732266745e+03 
       7.435218037634e-04       1.330795063625e+03 
       7.459370920823e-04       1.334869810980e+03 
       7.483602377275e-04       1.338956525843e+03 
       7.507912577980e-04       1.343055224947e+03 
       7.532301692551e-04       1.347165924722e+03 
       7.556769889208e-04       1.351288641287e+03 
       7.581317334758e-04       1.355423390458e+03 
       7.605944194579e-04       1.359570187733e+03 
       7.630650632601e-04       1.363729048297e+03 
       7.655436811290e-04       1.367899987016e+03 
       7.680302891629e-04       1.372083018435e+03 
       7.705249033101e-04       1.376278156776e+03 
       7.730275393673e-04       1.380485415934e+03 
       7.755382129778e-04       1.384704809476e+03 
       7.780569396296e-04       1.388936350634e+03 
       7.805837346539e-04       1.393180052310e+03 
       7.831186132234e-04       1.397435927065e+03 
       7.856615903507e-04       1.401703987122e+03 
       7.882126808863e-04       1.405984244361e+03 
       7.907718995173e-04       1.410276710319e+03 
       7.933392607655e-04       1.414581396183e+03 
       7.959147789859e-04       1.418898312791e+03 
       7.984984683651e-04       1.423227470630e+03 
       8.010903429194e-04       1.427568879830e+03 
       8.036904164938e-04       1.431922550165e+03 
       8.062987027597e-04       1.436288491050e+03 
       8.089152152139e-04       1.440666711536e+03 
       8.115399671767e-04       1.445057220313e+03 
       8.141729717906e-04       1.449460025700e+03 
       8.168142420184e-04       1.453875135652e+03 
       8.194637906422e-04       1.458302557751e+03 
       8.221216302617e-04       1.462742299204e+03 
       8.247877732923e-04       1.467194366846e+03 
       8.274622319645e-04       1.471658767133e+03 
       8.301450183217e-04       1.476135506143e+03 
       8.328361442190e-04       1.480624589569e+03 
       8.355356213220e-04       1.485126022726e+03 
       8.382434611052e-04       1.489639810539e+03 
       8.409596748508e-04       1.494165957549e+03 
       8.436842736470e-04       1.498704467906e+03 
       8.464172683871e-04       1.503255345370e+03 
       8.491586697681e-04       1.507818593308e+03 
       8.519084882891e-04       1.512394214694e+03 
       8.546667342503e-04       1.516982212104e+03 
       8.574334177518e-04       1.521582587717e+03 
       8.602085486922e-04       1.526195343314e+03 
       8.629921367675e-04       1.530820480274e+03 
       8.657841914699e-04       1.535457999573e+03 
       8.685847220866e-04       1.540107901786e+03 
       8.713937376988e-04       1.544770187079e+03 
       8.742112471803e-04       1.549444855215e+03 
       8.770372591968e-04       1.554131905547e+03 
       8.798717822045e-04       1.558831337019e+03 
       8.827148244494e-04       1.563543148167e+03 
       8.855663939657e-04       1.568267337112e+03 
       8.884264985755e-04       1.573003901565e+03 
       8.912951458875e-04       1.577752838823e+03 
       8.941723432959e-04       1.582514145766e+03 
       8.970580979797e-04       1.587287818861e+03 
       8.999524169020e-04       1.592073854158e+03 
       9.028553068087e-04       1.596872247289e+03 
       9.057667742279e-04       1.601682993467e+03 
       9.086868254690e-04       1.606506087487e+03 
       9.116154666220e-04       1.611341523724e+03 
       9.145527035570e-04       1.616189296133e+03 
       9.174985419227e-04       1.621049398246e+03 
       9.204529871466e-04       1.625921823176e+03 
       9.234160444337e-04       1.630806563613e+03 
       9.263877187661e-04       1.635703611824e+03 
       9.293680149024e-04       1.640612959653e+03 
       9.323569373770e-04       1.645534598522e+03 
       9.353544904997e-04       1.650468519428e+03 
       9.383606783548e-04       1.655414712945e+03 
       9.413755048013e-04       1.660373169222e+03 
       9.443989734715e-04       1.665343877986e+03 
       9.474310877714e-04       1.670326828538e+03 
       9.504718508798e-04       1.675322009756e+03 
       9.535212657481e-04       1.680329410093e+03 
       9.565793350997e-04       1.685349017578e+03 
       9.596460614300e-04       1.690380819817e+03 
       9.627214470060e-04       1.695424803991e+03 
       9.658054938659e-04       1.700480956860e+03 
       9.688982038190e-04       1.705549264753e+03 
       9.719995784453e-04       1.710629713588e+03 
       9.751096190958e-04       1.715722288860e+03 
       9.782283268916e-04       1.720826975633e+03 
       9.813557027245e-04       1.725943758554e+03 
       9.844917472565e-04       1.731072621850e+03 
       9.876364609199e-04       1.736213549328e+03 
       9.907898439171e-04       1.741366524375e+03 
       9.939518962209e-04       1.746531529960e+03 
       9.971226175743e-04       1.751708548634e+03 
       1.000302007491e-03       1.756897562531e+03 
       1.003490065254e-03       1.762098553370e+03 
       1.006686789918e-03       1.767311502453e+03 
       1.009892180308e-03       1.772536390671e+03 
       1.013106235019e-03       1.777773198499e+03 
       1.016328952420e-03       1.783021906002e+03 
       1.019560330648e-03       1.788282492836e+03 
       1.022800367613e-03       1.793554938244e+03 
       1.026049060997e-03       1.798839221063e+03 
       1.029306408255e-03       1.804135319725e+03 
       1.032572406612e-03       1.809443212254e+03 
       1.035847053069e-03       1.814762876271e+03 
       1.039130344399e-03       1.820094288995e+03 
       1.042422277150e-03       1.825437427245e+03 
       1.045722847642e-03       1.830792267441e+03 
       1.049032051972e-03       1.836158785602e+03 
       1.052349886012e-03       1.841536957357e+03 
       1.055676345409e-03       1.846926757935e+03 
       1.059011425589e-03       1.852328162178e+03 
       1.062355121753e-03       1.857741144535e+03 
       1.065707428879e-03       1.863165679065e+03 
       1.069068341727e-03       1.868601739448e+03 
       1.072437854834e-03       1.874049298957e+03 
       1.075815962516e-03       1.879508330520e+03 
       1.079202658872e-03       1.884978806658e+03 
       1.082597937781e-03       1.890460699517e+03 
       1.086001792906e-03       1.895953980871e+03 
       1.089414217691e-03       1.901458622119e+03 
       1.092835205366e-03       1.906974594289e+03 
       1.096264748945e-03       1.912501868038e+03 
       1.099702841228e-03       1.918040413659e+03 
       1.103149474802e-03       1.923590201077e+03 
       1.106604642042e-03       1.929151199858e+03 
       1.110068335111e-03       1.934723379207e+03 
       1.113540545963e-03       1.940306707973e+03 
       1.117021266342e-03       1.945901154649e+03 
       1.120510487785e-03       1.951506687377e+03 
       1.124008201620e-03       1.957123273950e+03 
       1.127514398971e-03       1.962750881814e+03 
       1.131029070757e-03       1.968389478072e+03 
       1.134552207693e-03       1.974039029486e+03 
       1.138083800293e-03       1.979699502468e+03 
       1.141623838868e-03       1.985370863123e+03 
       1.145172313530e-03       1.991053077201e+03 
       1.148729214192e-03       1.996746110126e+03 
       1.152294530570e-03       2.002449926996e+03 
       1.155868252184e-03       2.008164492588e+03 
       1.159450368360e-03       2.013889771354e+03 
       1.163040868228e-03       2.019625727433e+03 
       1.166639740729e-03       2.025372324645e+03 
       1.170246974611e-03       2.031129526503e+03 
       1.173862558433e-03       2.036897296208e+03 
       1.177486480569e-03       2.042675596649e+03 
       1.181118729203e-03       2.048464390433e+03 
       1.184759292334e-03       2.054263639850e+03 
       1.188408157781e-03       2.060073306902e+03 
       1.192065313177e-03       2.065893353294e+03 
       1.195730745976e-03       2.071723740446e+03 
       1.199404443454e-03       2.077564429491e+03 
       1.203086392708e-03       2.083415381279e+03 
       1.206776580660e-03       2.089276556380e+03 
       1.210474994056e-03       2.095147915091e+03 
       1.214181619470e-03       2.101029417434e+03 
       1.217896443307e-03       2.106921023163e+03 
       1.221619451799e-03       2.112822691767e+03 
       1.225350631011e-03       2.118734382473e+03 
       1.229089966842e-03       2.124656054248e+03 
       1.232837445027e-03       2.130587665805e+03 
       1.236593051136e-03       2.136529175606e+03 
       1.240356770579e-03       2.142480541864e+03 
       1.244128588605e-03       2.148441722549e+03 
       1.247908490308e-03       2.154412675386e+03 
       1.251696460621e-03       2.160393357869e+03 
       1.255492484325e-03       2.166383727253e+03 
       1.259296546048e-03       2.172383740564e+03 
       1.263108630268e-03       2.178393354604e+03 
       1.266928721309e-03       2.184412525949e+03 
       1.270756803353e-03       2.190441210956e+03 
       1.274592860432e-03       2.196479365769e+03 
       1.278436876435e-03       2.202526946317e+03 
       1.282288835108e-03       2.208583908322e+03 
       1.286148720058e-03       2.214650207301e+03 
       1.290016514751e-03       2.220725798569e+03 
       1.293892202518e-03       2.226810637246e+03 
       1.297775766552e-03       2.232904678256e+03 
       1.301667189914e-03       2.239007876335e+03 
       1.305566455535e-03       2.245120186030e+03 
       1.309473546212e-03       2.251241561708e+03 
       1.313388444618e-03       2.257371957556e+03 
       1.317311133297e-03       2.263511327585e+03 
       1.321241594669e-03       2.269659625635e+03 
       1.325179811032e-03       2.275816805379e+03 
       1.329125764563e-03       2.281982820325e+03 
       1.333079437320e-03       2.288157623821e+03 
       1.337040811243e-03       2.294341169057e+03 
       1.341009868158e-03       2.300533409071e+03 
       1.344986589776e-03       2.306734296751e+03 
       1.348970957697e-03       2.312943784841e+03 
       1.352962953411e-03       2.319161825940e+03 
       1.356962558301e-03       2.325388372511e+03 
       1.360969753643e-03       2.331623376881e+03 
       1.364984520607e-03       2.337866791246e+03 
       1.369006840263e-03       2.344118567676e+03 
       1.373036693578e-03       2.350378658114e+03 
       1.377074061423e-03       2.356647014387e+03 
       1.381118924569e-03       2.362923588202e+03 
       1.385171263692e-03       2.369208331155e+03 
       1.389231059378e-03       2.375501194733e+03 
       1.393298292116e-03       2.381802130314e+03 
       1.397372942310e-03       2.388111089179e+03 
       1.401454990272e-03       2.394428022507e+03 
       1.405544416232e-03       2.400752881381e+03 
       1.409641200331e-03       2.407085616796e+03 
       1.413745322630e-03       2.413426179657e+03 
       1.417856763110e-03       2.419774520794e+03 
       1.421975501671e-03       2.426130590884e+03 
       1.426101518136e-03       2.432494340690e+03 
       1.430234792253e-03       2.438865720748e+03 
       1.434375303696e-03       2.445244681581e+03 
       1.438523032068e-03       2.451631173640e+03 
       1.442677956900e-03       2.458025147313e+03 
       1.446840057655e-03       2.464426552926e+03 
       1.451009313731e-03       2.470835340750e+03 
       1.455185704459e-03       2.477251461001e+03 
       1.459369209106e-03       2.483674863845e+03 
       1.463559806881e-03       2.490105499402e+03 
       1.467757476929e-03       2.496543317749e+03 
       1.471962198340e-03       2.502988268920e+03 
       1.476173950145e-03       2.509440302916e+03 
       1.480392711322e-03       2.515899369700e+03 
       1.484618460795e-03       2.522365419208e+03 
       1.488851177437e-03       2.528838401346e+03 
       1.493090840071e-03       2.535318265999e+03 
       1.497337427472e-03       2.541804963028e+03 
       1.501590918367e-03       2.548298442277e+03 
       1.505851291441e-03       2.554798653577e+03 
       1.510118525333e-03       2.561305546744e+03 
       1.514392598642e-03       2.567819071589e+03 
       1.518673489925e-03       2.574339177916e+03 
       1.522961177704e-03       2.580865815525e+03 
       1.527255640460e-03       2.587398934219e+03 
       1.531556856641e-03       2.593938483801e+03 
       1.535864804661e-03       2.600484414085e+03 
       1.540179462902e-03       2.607036674891e+03 
       1.544500809713e-03       2.613595216052e+03 
       1.548828823417e-03       2.620159987415e+03 
       1.553163482306e-03       2.626730938846e+03 
       1.557504764650e-03       2.633308020233e+03 
       1.561852648689e-03       2.639891181484e+03 
       1.566207112644e-03       2.646480372536e+03 
       1.570568134713e-03       2.653075543354e+03 
       1.574935693072e-03       2.659676643934e+03 
       1.579309765880e-03       2.666283624306e+03 
       1.583690331278e-03       2.672896434539e+03 
       1.588077367390e-03       2.679515024747e+03 
       1.592470852327e-03       2.686139345037e+03 
       1.596870764185e-03       2.692769345664e+03 
       1.601277081049e-03       2.699404976843e+03 
       1.605689780993e-03       2.706046188865e+03 
       1.610108842082e-03       2.712692932072e+03 
       1.614534242372e-03       2.719345156862e+03 
       1.618965959915e-03       2.726002813690e+03 
       1.623403972755e-03       2.732665853069e+03 
       1.627848258934e-03       2.739334225574e+03 
       1.632298796489e-03       2.746007881847e+03 
       1.636755563457e-03       2.752686772592e+03 
       1.641218537876e-03       2.759370848584e+03 
       1.645687697783e-03       2.766060060668e+03 
       1.650163021217e-03       2.772754359764e+03 
       1.654644486223e-03       2.779453696865e+03 
       1.659132070848e-03       2.786158023041e+03 
       1.663625753147e-03       2.792867289444e+03 
       1.668125511180e-03       2.799581447306e+03 
       1.672631323017e-03       2.806300447942e+03 
       1.677143166736e-03       2.813024242753e+03 
       1.681661020426e-03       2.819752783230e+03 
       1.686184862188e-03       2.826486020950e+03 
       1.690714670136e-03       2.833223907585e+03 
       1.695250422396e-03       2.839966394869e+03 
       1.699792097110e-03       2.846713434712e+03 
       1.704339672436e-03       2.853464979052e+03 
       1.708893126550e-03       2.860220979940e+03 
       1.713452437643e-03       2.866981389533e+03 
       1.718017583929e-03       2.873746160090e+03 
       1.722588543639e-03       2.880515243972e+03 
       1.727165295026e-03       2.887288593651e+03 
       1.731747816365e-03       2.894066161702e+03 
       1.736336085955e-03       2.900847900813e+03 
       1.740930082117e-03       2.907633763764e+03 
       1.745529783199e-03       2.914423703493e+03 
       1.750135167574e-03       2.921217673011e+03 
       1.754746213640e-03       2.928015625457e+03 
       1.759362899826e-03       2.934817514088e+03 
       1.763985204586e-03       2.941623292280e+03 
       1.768613106408e-03       2.948432913527e+03 
       1.773246583805e-03       2.955246331446e+03 
       1.777885615325e-03       2.962063499776e+03 
       1.782530179547e-03       2.968884372382e+03 
       1.787180255081e-03       2.975708903254e+03 
       1.791835820574e-03       2.982537046507e+03 
       1.796496854705e-03       2.989368756386e+03 
       1.801163336188e-03       2.996203987265e+03 
       1.805835243775e-03       3.003042693649e+03 
       1.810512556253e-03       3.009884830175e+03 
       1.815195252447e-03       3.016730351612e+03 
       1.819883311221e-03       3.023579212863e+03 
       1.824576711476e-03       3.030431368969e+03 
       1.829275432156e-03       3.037286775105e+03 
       1.833979452241e-03       3.044145386583e+03 
       1.838688750756e-03       3.051007158856e+03 
       1.843403306766e-03       3.057872047515e+03 
       1.848123099379e-03       3.064740008292e+03 
       1.852848107745e-03       3.071610997060e+03 
       1.857578311058e-03       3.078484969836e+03 
       1.862313688558e-03       3.085361882778e+03 
       1.867054219528e-03       3.092241692191e+03 
       1.871799883297e-03       3.099124354523e+03 
       1.876550659241e-03       3.106009826370e+03 
       1.881306526782e-03       3.112898064473e+03 
       1.886067465389e-03       3.119789025723e+03 
       1.890833454580e-03       3.126682667157e+03 
       1.895604473920e-03       3.133578945963e+03 
       1.900380503025e-03       3.140477819479e+03 
       1.905161521558e-03       3.147379245193e+03 
       1.909947509233e-03       3.154283180744e+03 
       1.914738445815e-03       3.161189583925e+03 
       1.919534311120e-03       3.168098412680e+03 
       1.924335085015e-03       3.175009625107e+03 
       1.929140747419e-03       3.181923179459e+03 
       1.933951278303e-03       3.188839034142e+03 
       1.938766657692e-03       3.195757147717e+03 
       1.943586865664e-03       3.202677478904e+03 
       1.948411882349e-03       3.209599986575e+03 
       1.953241687934e-03       3.216524629762e+03 
       1.958076262658e-03       3.223451367652e+03 
       1.962915586817e-03       3.230380159591e+03 
       1.967759640761e-03       3.237310965083e+03 
       1.972608404895e-03       3.244243743791e+03 
       1.977461859684e-03       3.251178455537e+03 
       1.982319985644e-03       3.258115060302e+03 
       1.987182763352e-03       3.265053518228e+03 
       1.992050173440e-03       3.271993789640e+03 
       1.996922196599e-03       3.278935834840e+03 
       2.001798813577e-03       3.285879614704e+03 
       2.006680005179e-03       3.292825089889e+03 
       2.011565752271e-03       3.299772221350e+03 
       2.016456035776e-03       3.306720970195e+03 
       2.021350836676e-03       3.313671297693e+03 
       2.026250136013e-03       3.320623165277e+03 
       2.031153914889e-03       3.327576534542e+03 
       2.036062154464e-03       3.334531367244e+03 
       2.040974835960e-03       3.341487625304e+03 
       2.045891940658e-03       3.348445270806e+03 
       2.050813449901e-03       3.355404265997e+03 
       2.055739345092e-03       3.362364573287e+03 
       2.060669607694e-03       3.369326155251e+03 
       2.065604219234e-03       3.376288974626e+03 
       2.070543161298e-03       3.383252994314e+03 
       2.075486415534e-03       3.390218177382e+03 
       2.080433963652e-03       3.397184487060e+03 
       2.085385787426e-03       3.404151886742e+03 
       2.090341868690e-03       3.411120339986e+03 
       2.095302189340e-03       3.418089810516e+03 
       2.100266731336e-03       3.425060262219e+03 
       2.105235476700e-03       3.432031659147e+03 
       2.110208407518e-03       3.439003965516e+03 
       2.115185505937e-03       3.445977145706e+03 
       2.120166754169e-03       3.452951164263e+03 
       2.125152134487e-03       3.459925985896e+03 
       2.130141629230e-03       3.466901575478e+03 
       2.135135220799e-03       3.473877898048e+03 
       2.140132891659e-03       3.480854918809e+03 
       2.145134624338e-03       3.487832603125e+03 
       2.150140401429e-03       3.494810916529e+03 
       2.155150205587e-03       3.501789824715e+03 
       2.160164019534e-03       3.508769293543e+03 
       2.165181826052e-03       3.515749289033e+03 
       2.170203607990e-03       3.522729777373e+03 
       2.175229348261e-03       3.529710724911e+03 
       2.180259029842e-03       3.536692098163e+03 
       2.185292635772e-03       3.543673863803e+03 
       2.190330149158e-03       3.550655988672e+03 
       2.195371553169e-03       3.557638439773e+03 
       2.200416831039e-03       3.564621184271e+03 
       2.205465966066e-03       3.571604189494e+03 
       2.210518941613e-03       3.578587422934e+03 
       2.215575741108e-03       3.585570852243e+03 
       2.220636348042e-03       3.592554445236e+03 
       2.225700745972e-03       3.599538169907e+03 
       2.230768918518e-03       3.606521987628e+03 
       2.235840849366e-03       3.613505818230e+03 
       2.240916522265e-03       3.620489685341e+03 
       2.245995921030e-03       3.627473557495e+03 
       2.251079029539e-03       3.634457403579e+03 
       2.256165831736e-03       3.641441192526e+03 
       2.261256311629e-03       3.648424893434e+03 
       2.266350453288e-03       3.655408475435e+03 
       2.271448240852e-03       3.662391908141e+03 
       2.276549658519e-03       3.669375161067e+03 
       2.281654690556e-03       3.676358203877e+03 
       2.286763321292e-03       3.683341006585e+03 
       2.291875535119e-03       3.690323539137e+03 
       2.296991316496e-03       3.697305771849e+03 
       2.302110649944e-03       3.704287675022e+03 
       2.307233520049e-03       3.711269219248e+03 
       2.312359911460e-03       3.718250375143e+03 
       2.317489808891e-03       3.725231113546e+03 
       2.322623197120e-03       3.732211405551e+03 
       2.327760060986e-03       3.739191222217e+03 
       2.332900385396e-03       3.746170534932e+03 
       2.338044155317e-03       3.753149315139e+03 
       2.343191355781e-03       3.760127534369e+03 
       2.348341971884e-03       3.767105164510e+03 
       2.353495988783e-03       3.774082177478e+03 
       2.358653391701e-03       3.781058545352e+03 
       2.363814165921e-03       3.788034240246e+03 
       2.368978296793e-03       3.795009234727e+03 
       2.374145769727e-03       3.801983501276e+03 
       2.379316570196e-03       3.808957012522e+03 
       2.384490683737e-03       3.815929741407e+03 
       2.389668095948e-03       3.822901660903e+03 
       2.394848792491e-03       3.829872744042e+03 
       2.400032759088e-03       3.836842964274e+03 
       2.405219981527e-03       3.843812295019e+03 
       2.410410445655e-03       3.850780709765e+03 
       2.415604137381e-03       3.857748182405e+03 
       2.420801042677e-03       3.864714686729e+03 
       2.426001147578e-03       3.871680196865e+03 
       2.431204438177e-03       3.878644686903e+03 
       2.436410900631e-03       3.885608131201e+03 
       2.441620521157e-03       3.892570504338e+03 
       2.446833286035e-03       3.899531780896e+03 
       2.452049181605e-03       3.906491935667e+03 
       2.457268194266e-03       3.913450943343e+03 
       2.462490310481e-03       3.920408779326e+03 
       2.467715516771e-03       3.927365418698e+03 
       2.472943799718e-03       3.934320836817e+03 
       2.478175145966e-03       3.941275009204e+03 
       2.483409542217e-03       3.948227911308e+03 
       2.488646975233e-03       3.955179519180e+03 
       2.493887431838e-03       3.962129808648e+03 
       2.499130898912e-03       3.969078755793e+03 
       2.504377363398e-03       3.976026336613e+03 
       2.509626812296e-03       3.982972527770e+03 
       2.514879232667e-03       3.989917305577e+03 
       2.520134611629e-03       3.996860646739e+03 
       2.525392936360e-03       4.003802528005e+03 
       2.530654194096e-03       4.010742926096e+03 
       2.535918372132e-03       4.017681818322e+03 
       2.541185457821e-03       4.024619181762e+03 
       2.546455438574e-03       4.031554993655e+03 
       2.551728301860e-03       4.038489231564e+03 
       2.557004035207e-03       4.045421873040e+03 
       2.562282626197e-03       4.052352895699e+03 
       2.567564062474e-03       4.059282277558e+03 
       2.572848331737e-03       4.066209996495e+03 
       2.578135421740e-03       4.073136030716e+03 
       2.583425320297e-03       4.080060358452e+03 
       2.588718015278e-03       4.086982957919e+03 
       2.594013494609e-03       4.093903807899e+03 
       2.599311746271e-03       4.100822886942e+03 
       2.604612758304e-03       4.107740173867e+03 
       2.609916518801e-03       4.114655647377e+03 
       2.615223015912e-03       4.121569286790e+03 
       2.620532237844e-03       4.128481071187e+03 
       2.625844172856e-03       4.135390979687e+03 
       2.631158809265e-03       4.142298991941e+03 
       2.636476135443e-03       4.149205087467e+03 
       2.641796139814e-03       4.156109245927e+03 
       2.647118810859e-03       4.163011446966e+03 
       2.652444137113e-03       4.169911670756e+03 
       2.657772107164e-03       4.176809897265e+03 
       2.663102709657e-03       4.183706106682e+03 
       2.668435933286e-03       4.190600279189e+03 
       2.673771766803e-03       4.197492395406e+03 
       2.679110199011e-03       4.204382435821e+03 
       2.684451218766e-03       4.211270380936e+03 
       2.689794814980e-03       4.218156211764e+03 
       2.695140976614e-03       4.225039909184e+03 
       2.700489692684e-03       4.231921454215e+03 
       2.705840952258e-03       4.238800828108e+03 
       2.711194744455e-03       4.245678011629e+03 
       2.716551058447e-03       4.252552986825e+03 
       2.721909883457e-03       4.259425734970e+03 
       2.727271208762e-03       4.266296237579e+03 
       2.732635023688e-03       4.273164476579e+03 
       2.738001317612e-03       4.280030433774e+03 
       2.743370079964e-03       4.286894090986e+03 
       2.748741300223e-03       4.293755430509e+03 
       2.754114967919e-03       4.300614434525e+03 
       2.759491072634e-03       4.307471085339e+03 
       2.764869603997e-03       4.314325365402e+03 
       2.770250551690e-03       4.321177257011e+03 
       2.775633905443e-03       4.328026743218e+03 
       2.781019655037e-03       4.334873806649e+03 
       2.786407790301e-03       4.341718430089e+03 
       2.791798301113e-03       4.348560596695e+03 
       2.797191177402e-03       4.355400289521e+03 
       2.802586409144e-03       4.362237491647e+03 
       2.807983986364e-03       4.369072186617e+03 
       2.813383899134e-03       4.375904357719e+03 
       2.818786137578e-03       4.382733988601e+03 
       2.824190691864e-03       4.389561062884e+03 
       2.829597552210e-03       4.396385564118e+03 
       2.835006708879e-03       4.403207476489e+03 
       2.840418152186e-03       4.410026783843e+03 
       2.845831872488e-03       4.416843470268e+03 
       2.851247860192e-03       4.423657519796e+03 
       2.856666105751e-03       4.430468916944e+03 
       2.862086599664e-03       4.437277646023e+03 
       2.867509332478e-03       4.444083691332e+03 
       2.872934294784e-03       4.450887037714e+03 
       2.878361477221e-03       4.457687669824e+03 
       2.883790870471e-03       4.464485572440e+03 
       2.889222465264e-03       4.471280730475e+03 
       2.894656252375e-03       4.478073128651e+03 
       2.900092222623e-03       4.484862752498e+03 
       2.905530366873e-03       4.491649587047e+03 
       2.910970676033e-03       4.498433617493e+03 
       2.916413141059e-03       4.505214829398e+03 
       2.921857752948e-03       4.511993208200e+03 
       2.927304502742e-03       4.518768739504e+03 
       2.932753381527e-03       4.525541408771e+03 
       2.938204380434e-03       4.532311202088e+03 
       2.943657490636e-03       4.539078105282e+03 
       2.949112703350e-03       4.545842104302e+03 
       2.954570009836e-03       4.552603185242e+03 
       2.960029401396e-03       4.559361333948e+03 
       2.965490869377e-03       4.566116537167e+03 
       2.970954405166e-03       4.572868781064e+03 
       2.976420000195e-03       4.579618052059e+03 
       2.981887645936e-03       4.586364336585e+03 
       2.987357333903e-03       4.593107621502e+03 
       2.992829055653e-03       4.599847893366e+03 
       2.998302802784e-03       4.606585139103e+03 
       3.003778566936e-03       4.613319345581e+03 
       3.009256339789e-03       4.620050499570e+03 
       3.014736113066e-03       4.626778588508e+03 
       3.020217878527e-03       4.633503599421e+03 
       3.025701627977e-03       4.640225519585e+03 
       3.031187353258e-03       4.646944336199e+03 
       3.036675046255e-03       4.653660036935e+03 
       3.042164698892e-03       4.660372609232e+03 
       3.047656303131e-03       4.667082040512e+03 
       3.053149850977e-03       4.673788318775e+03 
       3.058645334471e-03       4.680491431594e+03 
       3.064142745697e-03       4.687191366976e+03 
       3.069642076775e-03       4.693888112836e+03 
       3.075143319864e-03       4.700581656944e+03 
       3.080646467165e-03       4.707271987825e+03 
       3.086151510915e-03       4.713959093527e+03 
       3.091658443388e-03       4.720642962348e+03 
       3.097167256899e-03       4.727323582485e+03 
       3.102677943800e-03       4.734000942655e+03 
       3.108190496480e-03       4.740675031300e+03 
       3.113704907367e-03       4.747345836831e+03 
       3.119221168925e-03       4.754013348260e+03 
       3.124739273657e-03       4.760677554151e+03 
       3.130259214101e-03       4.767338443503e+03 
       3.135780982833e-03       4.773996005204e+03 
       3.141304572467e-03       4.780650228004e+03 
       3.146829975650e-03       4.787301101407e+03 
       3.152357185070e-03       4.793948614423e+03 
       3.157886193447e-03       4.800592756305e+03 
       3.163416993539e-03       4.807233516220e+03 
       3.168949578140e-03       4.813870883829e+03 
       3.174483940079e-03       4.820504848514e+03 
       3.180020072221e-03       4.827135399617e+03 
       3.185557967466e-03       4.833762527143e+03 
       3.191097618748e-03       4.840386220530e+03 
       3.196639019038e-03       4.847006469709e+03 
       3.202182161342e-03       4.853623264492e+03 
       3.207727038697e-03       4.860236594838e+03 
       3.213273644178e-03       4.866846450339e+03 
       3.218821970894e-03       4.873452821698e+03 
       3.224372011986e-03       4.880055698815e+03 
       3.229923760630e-03       4.886655071920e+03 
       3.235477210037e-03       4.893250931097e+03 
       3.241032353450e-03       4.899843267051e+03 
       3.246589184146e-03       4.906432070099e+03 
       3.252147695436e-03       4.913017330479e+03 
       3.257707880661e-03       4.919599039194e+03 
       3.263269733199e-03       4.926177186604e+03 
       3.268833246458e-03       4.932751763618e+03 
       3.274398413880e-03       4.939322760961e+03 
       3.279965228939e-03       4.945890169169e+03 
       3.285533685140e-03       4.952453979662e+03 
       3.291103776023e-03       4.959014183239e+03 
       3.296675495157e-03       4.965570770967e+03 
       3.302248836145e-03       4.972123733794e+03 
       3.307823792619e-03       4.978673063198e+03 
       3.313400358245e-03       4.985218750339e+03 
       3.318978526720e-03       4.991760786559e+03 
       3.324558291771e-03       4.998299162920e+03 
       3.330139647155e-03       5.004833871324e+03 
       3.335722586663e-03       5.011364903209e+03 
       3.341307104114e-03       5.017892250119e+03 
       3.346893193360e-03       5.024415903723e+03 
       3.352480848279e-03       5.030935855374e+03 
       3.358070062784e-03       5.037452097430e+03 
       3.363660830816e-03       5.043964621499e+03 
       3.369253146345e-03       5.050473419502e+03 
       3.374847003372e-03       5.056978483211e+03 
       3.380442395927e-03       5.063479804975e+03 
       3.386039318071e-03       5.069977376766e+03 
       3.391637763891e-03       5.076471190758e+03 
       3.397237727506e-03       5.082961238823e+03 
       3.402839203063e-03       5.089447513706e+03 
       3.408442184738e-03       5.095930007651e+03 
       3.414046666735e-03       5.102408713012e+03 
       3.419652643288e-03       5.108883622266e+03 
       3.425260108658e-03       5.115354727539e+03 
       3.430869057134e-03       5.121822022021e+03 
       3.436479483036e-03       5.128285498102e+03 
       3.442091380707e-03       5.134745148488e+03 
       3.447704744523e-03       5.141200965719e+03 
       3.453319568884e-03       5.147652942941e+03 
       3.458935848219e-03       5.154101072896e+03 
       3.464553576985e-03       5.160545348523e+03 
       3.470172749664e-03       5.166985762448e+03 
       3.475793360768e-03       5.173422308192e+03 
       3.481415404834e-03       5.179854978756e+03 
       3.487038876425e-03       5.186283767241e+03 
       3.492663770134e-03       5.192708666868e+03 
       3.498290080578e-03       5.199129670485e+03 
       3.503917802401e-03       5.205546772063e+03 
       3.509546930272e-03       5.211959964704e+03 
       3.515177458889e-03       5.218369241843e+03 
       3.520809382974e-03       5.224774596740e+03 
       3.526442697275e-03       5.231176023279e+03 
       3.532077396565e-03       5.237573514911e+03 
       3.537713475646e-03       5.243967065293e+03 
       3.543350929341e-03       5.250356667728e+03 
       3.548989752501e-03       5.256742316547e+03 
       3.554629940002e-03       5.263124005173e+03 
       3.560271486744e-03       5.269501727699e+03 
       3.565914387653e-03       5.275875477914e+03 
       3.571558637679e-03       5.282245249781e+03 
       3.577204231798e-03       5.288611037315e+03 
       3.582851165009e-03       5.294972834761e+03 
       3.588499432336e-03       5.301330634880e+03 
       3.594149028827e-03       5.307684433661e+03 
       3.599799949556e-03       5.314034224574e+03 
       3.605452189619e-03       5.320380001874e+03 
       3.611105744135e-03       5.326721759864e+03 
       3.616760608251e-03       5.333059492910e+03 
       3.622416777132e-03       5.339393194985e+03 
       3.628074245972e-03       5.345722861205e+03 
       3.633733009986e-03       5.352048485781e+03 
       3.639393064410e-03       5.358370063260e+03 
       3.645054404507e-03       5.364687588246e+03 
       3.650717025562e-03       5.371001054916e+03 
       3.656380922882e-03       5.377310458684e+03 
       3.662046091797e-03       5.383615793969e+03 
       3.667712527660e-03       5.389917055427e+03 
       3.673380225847e-03       5.396214238073e+03 
       3.679049181755e-03       5.402507336697e+03 
       3.684719390806e-03       5.408796346220e+03 
       3.690390848442e-03       5.415081261135e+03 
       3.696063550127e-03       5.421362077188e+03 
       3.701737491349e-03       5.427638789110e+03 
       3.707412667616e-03       5.433911391993e+03 
       3.713089074459e-03       5.440179881048e+03 
       3.718766707429e-03       5.446444250927e+03 
       3.724445562100e-03       5.452704497576e+03 
       3.730125634068e-03       5.458960615977e+03 
       3.735806918949e-03       5.465212601578e+03 
       3.741489412379e-03       5.471460448877e+03 
       3.747173110019e-03       5.477704154295e+03 
       3.752858007548e-03       5.483943712994e+03 
       3.758544100666e-03       5.490179120375e+03 
       3.764231385095e-03       5.496410371970e+03 
       3.769919856576e-03       5.502637463356e+03 
       3.775609510872e-03       5.508860389503e+03 
       3.781300343767e-03       5.515079147055e+03 
       3.786992351064e-03       5.521293731270e+03 
       3.792685528586e-03       5.527504137877e+03 
       3.798379872177e-03       5.533710362372e+03 
       3.804075377700e-03       5.539912400982e+03 
       3.809772041040e-03       5.546110249372e+03 
       3.815469858100e-03       5.552303903435e+03 
       3.821168824803e-03       5.558493358721e+03 
       3.826868937091e-03       5.564678611787e+03 
       3.832570190929e-03       5.570859658248e+03 
       3.838272582295e-03       5.577036494349e+03 
       3.843976107193e-03       5.583209116081e+03 
       3.849680761642e-03       5.589377519565e+03 
       3.855386541682e-03       5.595541701094e+03 
       3.861093443370e-03       5.601701655792e+03 
       3.866801462785e-03       5.607857381376e+03 
       3.872510596022e-03       5.614008873506e+03 
       3.878220839195e-03       5.620156128489e+03 
       3.883932188439e-03       5.626299142361e+03 
       3.889644639905e-03       5.632437911981e+03 
       3.895358189763e-03       5.638572433556e+03 
       3.901072834202e-03       5.644702703540e+03 
       3.906788569430e-03       5.650828717994e+03 
       3.912505391670e-03       5.656950474122e+03 
       3.918223297165e-03       5.663067968032e+03 
       3.923942282178e-03       5.669181196551e+03 
       3.929662342986e-03       5.675290156201e+03 
       3.935383475886e-03       5.681394843655e+03 
       3.941105677193e-03       5.687495254995e+03 
       3.946828943237e-03       5.693591388055e+03 
       3.952553270369e-03       5.699683238960e+03 
       3.958278654955e-03       5.705770804599e+03 
       3.964005093379e-03       5.711854081811e+03 
       3.969732582041e-03       5.717933067126e+03 
       3.975461117362e-03       5.724007757965e+03 
       3.981190695774e-03       5.730078151034e+03 
       3.986921313732e-03       5.736144243307e+03 
       3.992652967703e-03       5.742206031337e+03 
       3.998385654174e-03       5.748263512867e+03 
       4.004119369648e-03       5.754316684487e+03 
       4.009854110643e-03       5.760365543541e+03 
       4.015589873695e-03       5.766410087048e+03 
       4.021326655356e-03       5.772450312175e+03 
       4.027064452195e-03       5.778486216106e+03 
       4.032803260795e-03       5.784517795327e+03 
       4.038543077759e-03       5.790545048296e+03 
       4.044283899702e-03       5.796567971773e+03 
       4.050025723258e-03       5.802586563071e+03 
       4.055768545075e-03       5.808600819212e+03 
       4.061512361818e-03       5.814610738075e+03 
       4.067257170168e-03       5.820616316848e+03 
       4.073002966820e-03       5.826617552973e+03 
       4.078749748486e-03       5.832614444059e+03 
       4.084497511893e-03       5.838606986574e+03 
       4.090246253784e-03       5.844595179277e+03 
       4.095995970916e-03       5.850579019453e+03 
       4.101746660063e-03       5.856558504513e+03 
       4.107498318014e-03       5.862533632090e+03 
       4.113250941570e-03       5.868504399834e+03 
       4.119004527552e-03       5.874470804742e+03 
       4.124759072793e-03       5.880432845600e+03 
       4.130514574140e-03       5.886390519654e+03 
       4.136271028457e-03       5.892343824651e+03 
       4.142028432622e-03       5.898292758380e+03 
       4.147786783527e-03       5.904237318260e+03 
       4.153546078079e-03       5.910177502754e+03 
       4.159306313201e-03       5.916113309447e+03 
       4.165067485827e-03       5.922044736237e+03 
       4.170829592909e-03       5.927971780559e+03 
       4.176592631410e-03       5.933894441146e+03 
       4.182356598310e-03       5.939812715457e+03 
       4.188121490601e-03       5.945726601748e+03 
       4.193887305292e-03       5.951636097926e+03 
       4.199654039401e-03       5.957541202048e+03 
       4.205421689965e-03       5.963441912203e+03 
       4.211190254032e-03       5.969338225745e+03 
       4.216959728665e-03       5.975230142005e+03 
       4.222730110939e-03       5.981117658610e+03 
       4.228501397945e-03       5.987000773736e+03 
       4.234273586786e-03       5.992879485596e+03 
       4.240046674579e-03       5.998753792001e+03 
       4.245820658454e-03       6.004623691864e+03 
       4.251595535554e-03       6.010489183177e+03 
       4.257371303037e-03       6.016350264250e+03 
       4.263147958073e-03       6.022206932918e+03 
       4.268925497845e-03       6.028059188328e+03 
       4.274703919549e-03       6.033907028316e+03 
       4.280483220395e-03       6.039750451622e+03 
       4.286263397605e-03       6.045589456472e+03 
       4.292044448413e-03       6.051424041340e+03 
       4.297826370069e-03       6.057254204701e+03 
       4.303609159833e-03       6.063079944342e+03 
       4.309392814978e-03       6.068901259932e+03 
       4.315177332790e-03       6.074718149510e+03 
       4.320962710569e-03       6.080530611628e+03 
       4.326748945624e-03       6.086338644872e+03 
       4.332536035279e-03       6.092142247471e+03 
       4.338323976871e-03       6.097941418668e+03 
       4.344112767748e-03       6.103736156847e+03 
       4.349902405269e-03       6.109526460681e+03 
       4.355692886808e-03       6.115312328876e+03 
       4.361484209749e-03       6.121093759511e+03 
       4.367276371489e-03       6.126870752561e+03 
       4.373069369436e-03       6.132643306048e+03 
       4.378863201012e-03       6.138411418043e+03 
       4.384657863648e-03       6.144175088708e+03 
       4.390453354790e-03       6.149934316275e+03 
       4.396249671893e-03       6.155689099594e+03 
       4.402046812424e-03       6.161439437539e+03 
       4.407844773865e-03       6.167185328510e+03 
       4.413643553704e-03       6.172926772190e+03 
       4.419443149446e-03       6.178663767177e+03 
       4.425243558603e-03       6.184396312431e+03 
       4.431044778701e-03       6.190124406322e+03 
       4.436846807278e-03       6.195848048814e+03 
       4.442649641880e-03       6.201567238284e+03 
       4.448453280067e-03       6.207281974085e+03 
       4.454257719409e-03       6.212992255128e+03 
       4.460062957488e-03       6.218698080487e+03 
       4.465868991897e-03       6.224399449263e+03 
       4.471675820238e-03       6.230096359626e+03 
       4.477483440127e-03       6.235788812226e+03 
       4.483291849188e-03       6.241476805543e+03 
       4.489101045058e-03       6.247160338742e+03 
       4.494911025384e-03       6.252839411010e+03 
       4.500721787824e-03       6.258514021017e+03 
       4.506533330045e-03       6.264184168843e+03 
       4.512345649728e-03       6.269849853356e+03 
       4.518158744560e-03       6.275511073824e+03 
       4.523972612244e-03       6.281167828865e+03 
       4.529787250488e-03       6.286820118842e+03 
       4.535602657015e-03       6.292467942377e+03 
       4.541418829554e-03       6.298111299154e+03 
       4.547235765849e-03       6.303750188364e+03 
       4.553053463650e-03       6.309384609373e+03 
       4.558871920721e-03       6.315014561581e+03 
       4.564691134832e-03       6.320640043386e+03 
       4.570511103766e-03       6.326261055843e+03 
       4.576331825317e-03       6.331877597666e+03 
       4.582153297285e-03       6.337489668302e+03 
       4.587975517484e-03       6.343097267223e+03 
       4.593798483735e-03       6.348700393357e+03 
       4.599622193871e-03       6.354299047117e+03 
       4.605446645733e-03       6.359893227625e+03 
       4.611271837173e-03       6.365482934421e+03 
       4.617097766053e-03       6.371068166372e+03 
       4.622924430243e-03       6.376648924164e+03 
       4.628751827624e-03       6.382225206665e+03 
       4.634579956086e-03       6.387797013843e+03 
       4.640408813529e-03       6.393364345144e+03 
       4.646238397862e-03       6.398927200200e+03 
       4.652068707003e-03       6.404485578674e+03 
       4.657899738881e-03       6.410039479226e+03 
       4.663731491432e-03       6.415588903191e+03 
       4.669563962603e-03       6.421133849529e+03 
       4.675397150350e-03       6.426674317944e+03 
       4.681231052638e-03       6.432210308161e+03 
       4.687065667441e-03       6.437741819378e+03 
       4.692900992742e-03       6.443268852247e+03 
       4.698737026533e-03       6.448791406144e+03 
       4.704573766816e-03       6.454309480857e+03 
       4.710411211601e-03       6.459823075518e+03 
       4.716249358907e-03       6.465332191046e+03 
       4.722088206762e-03       6.470836826563e+03 
       4.727927753202e-03       6.476336982261e+03 
       4.733767996275e-03       6.481832657843e+03 
       4.739608934033e-03       6.487323853176e+03 
       4.745450564540e-03       6.492810568161e+03 
       4.751292885868e-03       6.498292801755e+03 
       4.757135896097e-03       6.503770555448e+03 
       4.762979593316e-03       6.509243828456e+03 
       4.768823975623e-03       6.514712620721e+03 
       4.774669041123e-03       6.520176932203e+03 
       4.780514787931e-03       6.525636762376e+03 
       4.786361214171e-03       6.531092112048e+03 
       4.792208317972e-03       6.536542980847e+03 
       4.798056097475e-03       6.541989368786e+03 
       4.803904550828e-03       6.547431275899e+03 
       4.809753676186e-03       6.552868701396e+03 
       4.815603471714e-03       6.558301646719e+03 
       4.821453935584e-03       6.563730111042e+03 
       4.827305065977e-03       6.569154094885e+03 
       4.833156861082e-03       6.574573598138e+03 
       4.839009319095e-03       6.579988620917e+03 
       4.844862438222e-03       6.585399163363e+03 
       4.850716216674e-03       6.590805224452e+03 
       4.856570652672e-03       6.596206806229e+03 
       4.862425744446e-03       6.601603907999e+03 
       4.868281490231e-03       6.606996529932e+03 
       4.874137888272e-03       6.612384672222e+03 
       4.879994936820e-03       6.617768334466e+03 
       4.885852634136e-03       6.623147517847e+03 
       4.891710978486e-03       6.628522222145e+03 
       4.897569968147e-03       6.633892447595e+03 
       4.903429601400e-03       6.639258194550e+03 
       4.909289876536e-03       6.644619462042e+03 
       4.915150791853e-03       6.649976252200e+03 
       4.921012345657e-03       6.655328564188e+03 
       4.926874536260e-03       6.660676398811e+03 
       4.932737361982e-03       6.666019756149e+03 
       4.938600821152e-03       6.671358636526e+03 
       4.944464912105e-03       6.676693040292e+03 
       4.950329633183e-03       6.682022966498e+03 
       4.956194982736e-03       6.687348417617e+03 
       4.962060959121e-03       6.692669393068e+03 
       4.967927560702e-03       6.697985893228e+03 
       4.973794785852e-03       6.703297918488e+03 
       4.979662632947e-03       6.708605468602e+03 
       4.985531100376e-03       6.713908545030e+03 
       4.991400186530e-03       6.719207147721e+03 
       4.997269889809e-03       6.724501277111e+03 
       5.003140208621e-03       6.729790933636e+03 
       5.009011141379e-03       6.735076116820e+03 
       5.014882686505e-03       6.740356828721e+03 
       5.020754842426e-03       6.745633068766e+03 
       5.026627607578e-03       6.750904837976e+03 
       5.032500980401e-03       6.756172136613e+03 
       5.038374959346e-03       6.761434965189e+03 
       5.044249542866e-03       6.766693324238e+03 
       5.050124729425e-03       6.771947212999e+03 
       5.056000517490e-03       6.777196634152e+03 
       5.061876905538e-03       6.782441587291e+03 
       5.067753892051e-03       6.787682072976e+03 
       5.073631475518e-03       6.792918091779e+03 
       5.079509654434e-03       6.798149643653e+03 
       5.085388427301e-03       6.803376730221e+03 
       5.091267792628e-03       6.808599351620e+03 
       5.097147748931e-03       6.813817508465e+03 
       5.103028294730e-03       6.819031201391e+03 
       5.108909428555e-03       6.824240430070e+03 
       5.114791148938e-03       6.829445196742e+03 
       5.120673454423e-03       6.834645501047e+03 
       5.126556343555e-03       6.839841344130e+03 
       5.132439814889e-03       6.845032726444e+03 
       5.138323866984e-03       6.850219648671e+03 
       5.144208498406e-03       6.855402111511e+03 
       5.150093707729e-03       6.860580114465e+03 
       5.155979493531e-03       6.865753660261e+03 
       5.161865854397e-03       6.870922748697e+03 
       5.167752788917e-03       6.876087380504e+03 
       5.173640295690e-03       6.881247556420e+03 
       5.179528373318e-03       6.886403277174e+03 
       5.185417020411e-03       6.891554542798e+03 
       5.191306235584e-03       6.896701355302e+03 
       5.197196017458e-03       6.901843714900e+03 
       5.203086364662e-03       6.906981622381e+03 
       5.208977275829e-03       6.912115078705e+03 
       5.214868749597e-03       6.917244083067e+03 
       5.220760784613e-03       6.922368638669e+03 
       5.226653379527e-03       6.927488744793e+03 
       5.232546532997e-03       6.932604403129e+03 
       5.238440243684e-03       6.937715614119e+03 
       5.244334510259e-03       6.942822378604e+03 
       5.250229331395e-03       6.947924697434e+03 
       5.256124705772e-03       6.953022571476e+03 
       5.262020632077e-03       6.958116001611e+03 
       5.267917109000e-03       6.963204988745e+03 
       5.273814135240e-03       6.968289531666e+03 
       5.279711709499e-03       6.973369634828e+03 
       5.285609830485e-03       6.978445297538e+03 
       5.291508496913e-03       6.983516520698e+03 
       5.297407707503e-03       6.988583305222e+03 
       5.303307460979e-03       6.993645652032e+03 
       5.309207756072e-03       6.998703562066e+03 
       5.315108591519e-03       7.003757036277e+03 
       5.321009966061e-03       7.008806074595e+03 
       5.326911878445e-03       7.013850679712e+03 
       5.332814327424e-03       7.018890851809e+03 
       5.338717311756e-03       7.023926591858e+03 
       5.344620830204e-03       7.028957900839e+03 
       5.350524881537e-03       7.033984779750e+03 
       5.356429464528e-03       7.039007229600e+03 
       5.362334577957e-03       7.044025251420e+03 
       5.368240220609e-03       7.049038844550e+03 
       5.374146391273e-03       7.054048012852e+03 
       5.380053088743e-03       7.059052756084e+03 
       5.385960311822e-03       7.064053074945e+03 
       5.391868059312e-03       7.069048971063e+03 
       5.397776330026e-03       7.074040445203e+03 
       5.403685122779e-03       7.079027498435e+03 
       5.409594436391e-03       7.084010131828e+03 
       5.415504269688e-03       7.088988346477e+03 
       5.421414621502e-03       7.093962141978e+03 
       5.427325490668e-03       7.098931521964e+03 
       5.433236876026e-03       7.103896486380e+03 
       5.439148776424e-03       7.108857036321e+03 
       5.445061190711e-03       7.113813172896e+03 
       5.450974117744e-03       7.118764897233e+03 
       5.456887556383e-03       7.123712209636e+03 
       5.462801505494e-03       7.128655112635e+03 
       5.468715963947e-03       7.133593606737e+03 
       5.474630930619e-03       7.138527693085e+03 
       5.480546404388e-03       7.143457372838e+03 
       5.486462384140e-03       7.148382646088e+03 
       5.492378868765e-03       7.153303515852e+03 
       5.498295857158e-03       7.158219982461e+03 
       5.504213348218e-03       7.163132046663e+03 
       5.510131340848e-03       7.168039710368e+03 
       5.516049833958e-03       7.172942974436e+03 
       5.521968826461e-03       7.177841840074e+03 
       5.527888317275e-03       7.182736308502e+03 
       5.533808305324e-03       7.187626380952e+03 
       5.539728789533e-03       7.192512056813e+03 
       5.545649768836e-03       7.197393340433e+03 
       5.551571242169e-03       7.202270231629e+03 
       5.557493208473e-03       7.207142731640e+03 
       5.563415666693e-03       7.212010841716e+03 
       5.569338615781e-03       7.216874563103e+03 
       5.575262054690e-03       7.221733896132e+03 
       5.581185982380e-03       7.226588843662e+03 
       5.587110397815e-03       7.231439406232e+03 
       5.593035299962e-03       7.236285585124e+03 
       5.598960687794e-03       7.241127381633e+03 
       5.604886560289e-03       7.245964795848e+03 
       5.610812916426e-03       7.250797831127e+03 
       5.616739755193e-03       7.255626487823e+03 
       5.622667075579e-03       7.260450766800e+03 
       5.628594876578e-03       7.265270670122e+03 
       5.634523157189e-03       7.270086198767e+03 
       5.640451916415e-03       7.274897354066e+03 
       5.646381153263e-03       7.279704137354e+03 
       5.652310866745e-03       7.284506550468e+03 
       5.658241055876e-03       7.289304591311e+03 
       5.664171719677e-03       7.294098266070e+03 
       5.670102857171e-03       7.298887574088e+03 
       5.676034467386e-03       7.303672516723e+03 
       5.681966549356e-03       7.308453095337e+03 
       5.687899102117e-03       7.313229311442e+03 
       5.693832124709e-03       7.318001164927e+03 
       5.699765616177e-03       7.322768659396e+03 
       5.705699575570e-03       7.327531795283e+03 
       5.711634001941e-03       7.332290573986e+03 
       5.717568894348e-03       7.337044996914e+03 
       5.723504251851e-03       7.341795064130e+03 
       5.729440073515e-03       7.346540779325e+03 
       5.735376358410e-03       7.351282142443e+03 
       5.741313105608e-03       7.356019155672e+03 
       5.747250314187e-03       7.360751820028e+03 
       5.753187983227e-03       7.365480136970e+03 
       5.759126111814e-03       7.370204107928e+03 
       5.765064699036e-03       7.374923734345e+03 
       5.771003743986e-03       7.379639015889e+03 
       5.776943245761e-03       7.384349957194e+03 
       5.782883203461e-03       7.389056558100e+03 
       5.788823616190e-03       7.393758820159e+03 
       5.794764483058e-03       7.398456744824e+03 
       5.800705803174e-03       7.403150333558e+03 
       5.806647575656e-03       7.407839586903e+03 
       5.812589799623e-03       7.412524507983e+03 
       5.818532474198e-03       7.417205097446e+03 
       5.824475598509e-03       7.421881356829e+03 
       5.830419171686e-03       7.426553287621e+03 
       5.836363192863e-03       7.431220891327e+03 
       5.842307661180e-03       7.435884168015e+03 
       5.848252575777e-03       7.440543121643e+03 
       5.854197935801e-03       7.445197752148e+03 
       5.860143740401e-03       7.449848061871e+03 
       5.866089988729e-03       7.454494051885e+03 
       5.872036679942e-03       7.459135723743e+03 
       5.877983813201e-03       7.463773078966e+03 
       5.883931387669e-03       7.468406119092e+03 
       5.889879402512e-03       7.473034845901e+03 
       5.895827856904e-03       7.477659258008e+03 
       5.901776750016e-03       7.482279361513e+03 
       5.907726081029e-03       7.486895155972e+03 
       5.913675849122e-03       7.491506642929e+03 
       5.919626053481e-03       7.496113823935e+03 
       5.925576693295e-03       7.500716700783e+03 
       5.931527767755e-03       7.505315273200e+03 
       5.937479276057e-03       7.509909545413e+03 
       5.943431217400e-03       7.514499517868e+03 
       5.949383590986e-03       7.519085192139e+03 
       5.955336396020e-03       7.523666569808e+03 
       5.961289631713e-03       7.528243651069e+03 
       5.967243297275e-03       7.532816439915e+03 
       5.973197391924e-03       7.537384936839e+03 
       5.979151914878e-03       7.541949142902e+03 
       5.985106865360e-03       7.546509060604e+03 
       5.991062242596e-03       7.551064691126e+03 
       5.997018045816e-03       7.555616036069e+03 
       6.002974274251e-03       7.560163097049e+03 
       6.008930927137e-03       7.564705875695e+03 
       6.014888003714e-03       7.569244371513e+03 
       6.020845503224e-03       7.573778589779e+03 
       6.026803424913e-03       7.578308530443e+03 
       6.032761768029e-03       7.582834195120e+03 
       6.038720531825e-03       7.587355585437e+03 
       6.044679715556e-03       7.591872703027e+03 
       6.050639318480e-03       7.596385548486e+03 
       6.056599339859e-03       7.600894125250e+03 
       6.062559778959e-03       7.605398434136e+03 
       6.068520635046e-03       7.609898476784e+03 
       6.074481907392e-03       7.614394254843e+03 
       6.080443595272e-03       7.618885769979e+03 
       6.086405697963e-03       7.623373022268e+03 
       6.092368214745e-03       7.627856016110e+03 
       6.098331144902e-03       7.632334752094e+03 
       6.104294487721e-03       7.636809230755e+03 
       6.110258242492e-03       7.641279455305e+03 
       6.116222408507e-03       7.645745426773e+03 
       6.122186985062e-03       7.650207146831e+03 
       6.128151971456e-03       7.654664617161e+03 
       6.134117366991e-03       7.659117839462e+03 
       6.140083170972e-03       7.663566813142e+03 
       6.146049382707e-03       7.668011543840e+03 
       6.152016001507e-03       7.672452031435e+03 
       6.157983026685e-03       7.676888277609e+03 
       6.163950457560e-03       7.681320284053e+03 
       6.169918293449e-03       7.685748052464e+03 
       6.175886533677e-03       7.690171583461e+03 
       6.181855177568e-03       7.694590880617e+03 
       6.187824224452e-03       7.699005944775e+03 
       6.193793673660e-03       7.703416777637e+03 
       6.199763524525e-03       7.707823380916e+03 
       6.205733776386e-03       7.712225756332e+03 
       6.211704428583e-03       7.716623904020e+03 
       6.217675480458e-03       7.721017828458e+03 
       6.223646931357e-03       7.725407530098e+03 
       6.229618780629e-03       7.729793010077e+03 
       6.235591027625e-03       7.734174271125e+03 
       6.241563671700e-03       7.738551314507e+03 
       6.247536712210e-03       7.742924141947e+03 
       6.253510148516e-03       7.747292755181e+03 
       6.259483979980e-03       7.751657155953e+03 
       6.265458205967e-03       7.756017343473e+03 
       6.271432825846e-03       7.760373324381e+03 
       6.277407838987e-03       7.764725097560e+03 
       6.283383244765e-03       7.769072665120e+03 
       6.289359042554e-03       7.773416028802e+03 
       6.295335231736e-03       7.777755190347e+03 
       6.301311811690e-03       7.782090151510e+03 
       6.307288781802e-03       7.786420912786e+03 
       6.313266141458e-03       7.790747478117e+03 
       6.319243890049e-03       7.795069848261e+03 
       6.325222026967e-03       7.799388024975e+03 
       6.331200551607e-03       7.803702010021e+03 
       6.337179463366e-03       7.808011805172e+03 
       6.343158761646e-03       7.812317410433e+03 
       6.349138445848e-03       7.816618830651e+03 
       6.355118515379e-03       7.820916066187e+03 
       6.361098969646e-03       7.825209118181e+03 
       6.367079808061e-03       7.829497989507e+03 
       6.373061030036e-03       7.833782681429e+03 
       6.379042634988e-03       7.838063195716e+03 
       6.385024622335e-03       7.842339534148e+03 
       6.391006991498e-03       7.846611698517e+03 
       6.396989741901e-03       7.850879691623e+03 
       6.402972872969e-03       7.855143509454e+03 
       6.408956384131e-03       7.859403161735e+03 
       6.414940274818e-03       7.863658646987e+03 
       6.420924544464e-03       7.867909966990e+03 
       6.426909192505e-03       7.872157123526e+03 
       6.432894218378e-03       7.876400118394e+03 
       6.438879621526e-03       7.880638952164e+03 
       6.444865401392e-03       7.884873629101e+03 
       6.450851557421e-03       7.889104148873e+03 
       6.456838089062e-03       7.893330514609e+03 
       6.462824995766e-03       7.897552727584e+03 
       6.468812276985e-03       7.901770789603e+03 
       6.474799932176e-03       7.905984702492e+03 
       6.480787960796e-03       7.910194468087e+03 
       6.486776362306e-03       7.914400085710e+03 
       6.492765136169e-03       7.918601561535e+03 
       6.498754281849e-03       7.922798895375e+03 
       6.504743798814e-03       7.926992089024e+03 
       6.510733686534e-03       7.931181144293e+03 
       6.516723944482e-03       7.935366063009e+03 
       6.522714572131e-03       7.939546847044e+03 
       6.528705568959e-03       7.943723496602e+03 
       6.534696934444e-03       7.947896016250e+03 
       6.540688668069e-03       7.952064406571e+03 
       6.546680769317e-03       7.956228669389e+03 
       6.552673237675e-03       7.960388806538e+03 
       6.558666072630e-03       7.964544820632e+03 
       6.564659273673e-03       7.968696709011e+03 
       6.570652840298e-03       7.972844479657e+03 
       6.576646771999e-03       7.976988131243e+03 
       6.582641068273e-03       7.981127666715e+03 
       6.588635728622e-03       7.985263087395e+03 
       6.594630752545e-03       7.989394395121e+03 
       6.600626139549e-03       7.993521591735e+03 
       6.606621889138e-03       7.997644679092e+03 
       6.612618000822e-03       8.001763658991e+03 
       6.618614474111e-03       8.005878530451e+03 
       6.624611308519e-03       8.009989300422e+03 
       6.630608503560e-03       8.014095968392e+03 
       6.636606058752e-03       8.018198536210e+03 
       6.642603973614e-03       8.022297005723e+03 
       6.648602247668e-03       8.026391378784e+03 
       6.654600880438e-03       8.030481655833e+03 
       6.660599871449e-03       8.034567841188e+03 
       6.666599220230e-03       8.038649935566e+03 
       6.672598926311e-03       8.042727940833e+03 
       6.678598989225e-03       8.046801858855e+03 
       6.684599408505e-03       8.050871691510e+03 
       6.690600183689e-03       8.054937438646e+03 
       6.696601314315e-03       8.058999105654e+03 
       6.702602799923e-03       8.063056692768e+03 
       6.708604640057e-03       8.067110201123e+03 
       6.714606834261e-03       8.071159633849e+03 
       6.720609382083e-03       8.075204992237e+03 
       6.726612283072e-03       8.079246278164e+03 
       6.732615536778e-03       8.083283493504e+03 
       6.738619142755e-03       8.087316640141e+03 
       6.744623100557e-03       8.091345716787e+03 
       6.750627409743e-03       8.095370731433e+03 
       6.756632069870e-03       8.099391682396e+03 
       6.762637080502e-03       8.103408572001e+03 
       6.768642441200e-03       8.107421402127e+03 
       6.774648151529e-03       8.111430174660e+03 
       6.780654211059e-03       8.115434891484e+03 
       6.786660619356e-03       8.119435552886e+03 
       6.792667375993e-03       8.123432163514e+03 
       6.798674480542e-03       8.127424723970e+03 
       6.804681932580e-03       8.131413236140e+03 
       6.810689731682e-03       8.135397701919e+03 
       6.816697877429e-03       8.139378123220e+03 
       6.822706369400e-03       8.143354499676e+03 
       6.828715207179e-03       8.147326837142e+03 
       6.834724390351e-03       8.151295135870e+03 
       6.840733918502e-03       8.155259396354e+03 
       6.846743791221e-03       8.159219622470e+03 
       6.852754008099e-03       8.163175815269e+03 
       6.858764568728e-03       8.167127976648e+03 
       6.864775472703e-03       8.171076108513e+03 
       6.870786719620e-03       8.175020212786e+03 
       6.876798309076e-03       8.178960288352e+03 
       6.882810240672e-03       8.182896342416e+03 
       6.888822514011e-03       8.186828374416e+03 
       6.894835128695e-03       8.190756386239e+03 
       6.900848084330e-03       8.194680379781e+03 
       6.906861380524e-03       8.198600356948e+03 
       6.912875016886e-03       8.202516319601e+03 
       6.918888993027e-03       8.206428268054e+03 
       6.924903308560e-03       8.210336207125e+03 
       6.930917963100e-03       8.214240137351e+03 
       6.936932956263e-03       8.218140060631e+03 
       6.942948287668e-03       8.222035978875e+03 
       6.948963956936e-03       8.225927893935e+03 
       6.954979963687e-03       8.229815805467e+03 
       6.960996307546e-03       8.233699719521e+03 
       6.967012988139e-03       8.237579635265e+03 
       6.973030005093e-03       8.241455556190e+03 
       6.979047358036e-03       8.245327483280e+03 
       6.985065046601e-03       8.249195418550e+03 
       6.991083070419e-03       8.253059363906e+03 
       6.997101429125e-03       8.256919321269e+03 
       7.003120122355e-03       8.260775292579e+03 
       7.009139149747e-03       8.264627276497e+03 
       7.015158510940e-03       8.268475280711e+03 
       7.021178205577e-03       8.272319304475e+03 
       7.027198233300e-03       8.276159349695e+03 
       7.033218593753e-03       8.279995418277e+03 
       7.039239286584e-03       8.283827512132e+03 
       7.045260311441e-03       8.287655633468e+03 
       7.051281667973e-03       8.291479781499e+03 
       7.057303355833e-03       8.295299962289e+03 
       7.063325374672e-03       8.299116175945e+03 
       7.069347724148e-03       8.302928424391e+03 
       7.075370403915e-03       8.306736709561e+03 
       7.081393413633e-03       8.310541033372e+03 
       7.087416752961e-03       8.314341395241e+03 
       7.093440421561e-03       8.318137801590e+03 
       7.099464419097e-03       8.321930251519e+03 
       7.105488745233e-03       8.325718748232e+03 
       7.111513399636e-03       8.329503293070e+03 
       7.117538381975e-03       8.333283887946e+03 
       7.123563691918e-03       8.337060534796e+03 
       7.129589329138e-03       8.340833235559e+03 
       7.135615293308e-03       8.344601992184e+03 
       7.141641584102e-03       8.348366803220e+03 
       7.147668201197e-03       8.352127676580e+03 
       7.153695144271e-03       8.355884611420e+03 
       7.159722413003e-03       8.359637609666e+03 
       7.165750007074e-03       8.363386673249e+03 
       7.171777926168e-03       8.367131804107e+03 
       7.177806169968e-03       8.370873004183e+03 
       7.183834738160e-03       8.374610273498e+03 
       7.189863630433e-03       8.378343617335e+03 
       7.195892846474e-03       8.382073036076e+03 
       7.201922385974e-03       8.385798531657e+03 
       7.207952248626e-03       8.389520106025e+03 
       7.213982434123e-03       8.393237761137e+03 
       7.220012942161e-03       8.396951496327e+03 
       7.226043772436e-03       8.400661318148e+03 
       7.232074924647e-03       8.404367226370e+03 
       7.238106398494e-03       8.408069222081e+03 
       7.244138193677e-03       8.411767308762e+03 
       7.250170309900e-03       8.415461487628e+03 
       7.256202746867e-03       8.419151760621e+03 
       7.262235504284e-03       8.422838129689e+03 
       7.268268581859e-03       8.426520596788e+03 
       7.274301979300e-03       8.430199163387e+03 
       7.280335696318e-03       8.433873828809e+03 
       7.286369732625e-03       8.437544600761e+03 
       7.292404087934e-03       8.441211478338e+03 
       7.298438761961e-03       8.444874463480e+03 
       7.304473754421e-03       8.448533558131e+03 
       7.310509065032e-03       8.452188764240e+03 
       7.316544693514e-03       8.455840081928e+03 
       7.322580639587e-03       8.459487516354e+03 
       7.328616902974e-03       8.463131067968e+03 
       7.334653483399e-03       8.466770738706e+03 
       7.340690380586e-03       8.470406530515e+03 
       7.346727594262e-03       8.474038445356e+03 
       7.352765124155e-03       8.477666483643e+03 
       7.358802969994e-03       8.481290648941e+03 
       7.364841131511e-03       8.484910943926e+03 
       7.370879608438e-03       8.488527368733e+03 
       7.376918400508e-03       8.492139926857e+03 
       7.382957507457e-03       8.495748619511e+03 
       7.388996929021e-03       8.499353448644e+03 
       7.395036664938e-03       8.502954416207e+03 
       7.401076714947e-03       8.506551524157e+03 
       7.407117078790e-03       8.510144774466e+03 
       7.413157756208e-03       8.513734165330e+03 
       7.419198746945e-03       8.517319705370e+03 
       7.425240050746e-03       8.520901393447e+03 
       7.431281667357e-03       8.524479231494e+03 
       7.437323596526e-03       8.528053221456e+03 
       7.443365838002e-03       8.531623365281e+03 
       7.449408391535e-03       8.535189664926e+03 
       7.455451256877e-03       8.538752120310e+03 
       7.461494433782e-03       8.542310736985e+03 
       7.467537922004e-03       8.545865515223e+03 
       7.473581721298e-03       8.549416456975e+03 
       7.479625831422e-03       8.552963564192e+03 
       7.485670252135e-03       8.556506838841e+03 
       7.491714983196e-03       8.560046280211e+03 
       7.497760024366e-03       8.563581894980e+03 
       7.503805375409e-03       8.567113682942e+03 
       7.509851036088e-03       8.570641645075e+03 
       7.515897006167e-03       8.574165784996e+03 
       7.521943285415e-03       8.577686103874e+03 
       7.527989873598e-03       8.581202603658e+03 
       7.534036770486e-03       8.584715286299e+03 
       7.540083975849e-03       8.588224153755e+03 
       7.546131489458e-03       8.591729208002e+03 
       7.552179311088e-03       8.595230447013e+03 
       7.558227440512e-03       8.598727879855e+03 
       7.564275877506e-03       8.602221505171e+03 
       7.570324621847e-03       8.605711324905e+03 
       7.576373673312e-03       8.609197340996e+03 
       7.582423031683e-03       8.612679555398e+03 
       7.588472696738e-03       8.616157970064e+03 
       7.594522668261e-03       8.619632584847e+03 
       7.600572946034e-03       8.623103405441e+03 
       7.606623529842e-03       8.626570432054e+03 
       7.612674419471e-03       8.630033666636e+03 
       7.618725614709e-03       8.633493111139e+03 
       7.624777115342e-03       8.636948767524e+03 
       7.630828921162e-03       8.640400638863e+03 
       7.636881031958e-03       8.643848720455e+03 
       7.642933447522e-03       8.647293023517e+03 
       7.648986167649e-03       8.650733545610e+03 
       7.655039192132e-03       8.654170289628e+03 
       7.661092520768e-03       8.657603257085e+03 
       7.667146153352e-03       8.661032449937e+03 
       7.673200089684e-03       8.664457869989e+03 
       7.679254329563e-03       8.667879516915e+03 
       7.685308872790e-03       8.671297397084e+03 
       7.691363719165e-03       8.674711510341e+03 
       7.697418868493e-03       8.678121858939e+03 
       7.703474320578e-03       8.681528442512e+03 
       7.709530075224e-03       8.684931266438e+03 
       7.715586132239e-03       8.688330331197e+03 
       7.721642491431e-03       8.691725639225e+03 
       7.727699152608e-03       8.695117189021e+03 
       7.733756115581e-03       8.698504986093e+03 
       7.739813380161e-03       8.701889032888e+03 
       7.745870946161e-03       8.705269330121e+03 
       7.751928813394e-03       8.708645879715e+03 
       7.757986981676e-03       8.712018683607e+03 
       7.764045450822e-03       8.715387743737e+03 
       7.770104220650e-03       8.718753062048e+03 
       7.776163290978e-03       8.722114640488e+03 
       7.782222661626e-03       8.725472481006e+03 
       7.788282332414e-03       8.728826585565e+03 
       7.794342303165e-03       8.732176956143e+03 
       7.800402573701e-03       8.735523587262e+03 
       7.806463143847e-03       8.738866495680e+03 
       7.812524013427e-03       8.742205674566e+03 
       7.818585182269e-03       8.745541127006e+03 
       7.824646650200e-03       8.748872854930e+03 
       7.830708417049e-03       8.752200860271e+03 
       7.836770482645e-03       8.755525144960e+03 
       7.842832846820e-03       8.758845710930e+03 
       7.848895509405e-03       8.762162560115e+03 
       7.854958470235e-03       8.765475694455e+03 
       7.861021729143e-03       8.768785115902e+03 
       7.867085285964e-03       8.772090827284e+03 
       7.873149140536e-03       8.775392824097e+03 
       7.879213292696e-03       8.778691117788e+03 
       7.885277742282e-03       8.781985706211e+03 
       7.891342489136e-03       8.785276591291e+03 
       7.897407533097e-03       8.788563774952e+03 
       7.903472874007e-03       8.791847259125e+03 
       7.909538511711e-03       8.795127045747e+03 
       7.915604446052e-03       8.798403136761e+03 
       7.921670676875e-03       8.801675534124e+03 
       7.927737204028e-03       8.804944239805e+03 
       7.933804027356e-03       8.808209250651e+03 
       7.939871146710e-03       8.811470577798e+03 
       7.945938561939e-03       8.814728218874e+03 
       7.952006272893e-03       8.817982175799e+03 
       7.958074279424e-03       8.821232450503e+03 
       7.964142581386e-03       8.824479043727e+03 
       7.970211178632e-03       8.827721959547e+03 
       7.976280071016e-03       8.830961198894e+03 
       7.982349258396e-03       8.834196763698e+03 
       7.988418740628e-03       8.837428655888e+03 
       7.994488517571e-03       8.840656877393e+03 
       8.000558589083e-03       8.843881430153e+03 
       8.006628955025e-03       8.847102317376e+03 
       8.012699615258e-03       8.850319531965e+03 
       8.018770569644e-03       8.853533089124e+03 
       8.024841818047e-03       8.856742985099e+03 
       8.030913360332e-03       8.859949221811e+03 
       8.036985196363e-03       8.863151801179e+03 
       8.043057326007e-03       8.866350725124e+03 
       8.049129749132e-03       8.869545995569e+03 
       8.055202465606e-03       8.872737611739e+03 
       8.061275475299e-03       8.875925580787e+03 
       8.067348778080e-03       8.879109901717e+03 
       8.073422373823e-03       8.882290576744e+03 
       8.079496262399e-03       8.885467607795e+03 
       8.085570443681e-03       8.888640996798e+03 
       8.091644917546e-03       8.891810745679e+03 
       8.097719683867e-03       8.894976857820e+03 
       8.103794742522e-03       8.898139326856e+03 
       8.109870093388e-03       8.901298166167e+03 
       8.115945736344e-03       8.904453372888e+03 
       8.122021671270e-03       8.907604947691e+03 
       8.128097898046e-03       8.910752894794e+03 
       8.134174416553e-03       8.913897215031e+03 
       8.140251226674e-03       8.917037910315e+03 
       8.146328328293e-03       8.920174982556e+03 
       8.152405721295e-03       8.923308433672e+03 
       8.158483405564e-03       8.926438265583e+03 
       8.164561380987e-03       8.929564480169e+03 
       8.170639647452e-03       8.932687074059e+03 
       8.176718204847e-03       8.935806058911e+03 
       8.182797053061e-03       8.938921432060e+03 
       8.188876191986e-03       8.942033195413e+03 
       8.194955621511e-03       8.945141350874e+03 
       8.201035341530e-03       8.948245900344e+03 
       8.207115351935e-03       8.951346845729e+03 
       8.213195652621e-03       8.954444188923e+03 
       8.219276243483e-03       8.957537929020e+03 
       8.225357124417e-03       8.960628073070e+03 
       8.231438295320e-03       8.963714620570e+03 
       8.237519756091e-03       8.966797573429e+03 
       8.243601506627e-03       8.969876933555e+03 
       8.249683546829e-03       8.972952702859e+03 
       8.255765876599e-03       8.976024883254e+03 
       8.261848495836e-03       8.979093472840e+03 
       8.267931404445e-03       8.982158480441e+03 
       8.274014602328e-03       8.985219904704e+03 
       8.280098089391e-03       8.988277747867e+03 
       8.286181865539e-03       8.991332009420e+03 
       8.292265930678e-03       8.994382694822e+03 
       8.298350284715e-03       8.997429804437e+03 
       8.304434927560e-03       9.000473340169e+03 
       8.310519859120e-03       9.003513303910e+03 
       8.316605079307e-03       9.006549697562e+03 
       8.322690588031e-03       9.009582523035e+03 
       8.328776385203e-03       9.012611777742e+03 
       8.334862470738e-03       9.015637471101e+03 
       8.340948844548e-03       9.018659602388e+03 
       8.347035506548e-03       9.021678172917e+03 
       8.353122456654e-03       9.024693184575e+03 
       8.359209694783e-03       9.027704639251e+03 
       8.365297220851e-03       9.030712538831e+03 
       8.371385034776e-03       9.033716885205e+03 
       8.377473136479e-03       9.036717677289e+03 
       8.383561525879e-03       9.039714922708e+03 
       8.389650202896e-03       9.042708620216e+03 
       8.395739167454e-03       9.045698771976e+03 
       8.401828419473e-03       9.048685379882e+03 
       8.407917958879e-03       9.051668445829e+03 
       8.414007785595e-03       9.054647971713e+03 
       8.420097899546e-03       9.057623960490e+03 
       8.426188300660e-03       9.060596406583e+03 
       8.432278988863e-03       9.063565322836e+03 
       8.438369964083e-03       9.066530706429e+03 
       8.444461226249e-03       9.069492557865e+03 
       8.450552775290e-03       9.072450881536e+03 
       8.456644611138e-03       9.075405678149e+03 
       8.462736733723e-03       9.078356949587e+03 
       8.468829142978e-03       9.081304697727e+03 
       8.474921838836e-03       9.084248924448e+03 
       8.481014821232e-03       9.087189631637e+03 
       8.487108090099e-03       9.090126821191e+03 
       8.493201645374e-03       9.093060489201e+03 
       8.499295486994e-03       9.095990648108e+03 
       8.505389614895e-03       9.098917294835e+03 
       8.511484029017e-03       9.101840431254e+03 
       8.517578729297e-03       9.104760059238e+03 
       8.523673715677e-03       9.107676180656e+03 
       8.529768988097e-03       9.110588797379e+03 
       8.535864546499e-03       9.113497911280e+03 
       8.541960390825e-03       9.116403521186e+03 
       8.548056521019e-03       9.119305634505e+03 
       8.554152937025e-03       9.122204250507e+03 
       8.560249638787e-03       9.125099371063e+03 
       8.566346626253e-03       9.127990998054e+03 
       8.572443899367e-03       9.130879133354e+03 
       8.578541458079e-03       9.133763778842e+03 
       8.584639302336e-03       9.136644932362e+03 
       8.590737432087e-03       9.139522603140e+03 
       8.596835847283e-03       9.142396789570e+03 
       8.602934547875e-03       9.145267493794e+03 
       8.609033533813e-03       9.148134715298e+03 
       8.615132805051e-03       9.150998459578e+03 
       8.621232361541e-03       9.153858726915e+03 
       8.627332203238e-03       9.156715519161e+03 
       8.633432330097e-03       9.159568838188e+03 
       8.639532742074e-03       9.162418685853e+03 
       8.645633439124e-03       9.165265064027e+03 
       8.651734421205e-03       9.168107974492e+03 
       8.657835688276e-03       9.170947413156e+03 
       8.663937240296e-03       9.173783393005e+03 
       8.670039077223e-03       9.176615910630e+03 
       8.676141199020e-03       9.179444967885e+03 
       8.682243605646e-03       9.182270566623e+03 
       8.688346297064e-03       9.185092708695e+03 
       8.694449273238e-03       9.187911395955e+03 
       8.700552534130e-03       9.190726630259e+03 
       8.706656079706e-03       9.193538410250e+03 
       8.712759909930e-03       9.196346743641e+03 
       8.718864024769e-03       9.199151629522e+03 
       8.724968424190e-03       9.201953069744e+03 
       8.731073108160e-03       9.204751066161e+03 
       8.737178076649e-03       9.207545620631e+03 
       8.743283329624e-03       9.210336735015e+03 
       8.749388867056e-03       9.213124409439e+03 
       8.755494688916e-03       9.215908646084e+03 
       8.761600795176e-03       9.218689450496e+03 
       8.767707185808e-03       9.221466822077e+03 
       8.773813860785e-03       9.224240761109e+03 
       8.779920820080e-03       9.227011272283e+03 
       8.786028063670e-03       9.229778356103e+03 
       8.792135591528e-03       9.232542014410e+03 
       8.798243403632e-03       9.235302249048e+03 
       8.804351499958e-03       9.238059061861e+03 
       8.810459880483e-03       9.240812454701e+03 
       8.816568545188e-03       9.243562429428e+03 
       8.822677494050e-03       9.246308981660e+03 
       8.828786727050e-03       9.249052124655e+03 
       8.834896244169e-03       9.251791854882e+03 
       8.841006045388e-03       9.254528174161e+03 
       8.847116130690e-03       9.257261084324e+03 
       8.853226500057e-03       9.259990587205e+03 
       8.859337153473e-03       9.262716684638e+03 
       8.865448090924e-03       9.265439378462e+03 
       8.871559312394e-03       9.268158671614e+03 
       8.877670817869e-03       9.270874558991e+03 
       8.883782607336e-03       9.273587052377e+03 
       8.889894680783e-03       9.276296149372e+03 
       8.896007038198e-03       9.279001851809e+03 
       8.902119679571e-03       9.281704161524e+03 
       8.908232604890e-03       9.284403080355e+03 
       8.914345814146e-03       9.287098610149e+03 
       8.920459307331e-03       9.289790748133e+03 
       8.926573084437e-03       9.292479504593e+03 
       8.932687145457e-03       9.295164877370e+03 
       8.938801490383e-03       9.297846868581e+03 
       8.944916119210e-03       9.300525477440e+03 
       8.951031031934e-03       9.303200709794e+03 
       8.957146228549e-03       9.305872565695e+03 
       8.963261709052e-03       9.308541046966e+03 
       8.969377473441e-03       9.311206155431e+03 
       8.975493521712e-03       9.313867892915e+03 
       8.981609853866e-03       9.316526261250e+03 
       8.987726469900e-03       9.319181262279e+03 
       8.993843369815e-03       9.321832891197e+03 
       8.999960553612e-03       9.324481162064e+03 
       9.006078021292e-03       9.327126070873e+03 
       9.012195772858e-03       9.329767619458e+03 
       9.018313808312e-03       9.332405809635e+03 
       9.024432127658e-03       9.335040643216e+03 
       9.030550730900e-03       9.337672122018e+03 
       9.036669618043e-03       9.340300247845e+03 
       9.042788789094e-03       9.342925022424e+03 
       9.048908244058e-03       9.345546444164e+03 
       9.055027982942e-03       9.348164521387e+03 
       9.061148005755e-03       9.350779252789e+03 
       9.067268312505e-03       9.353390640181e+03 
       9.073388903202e-03       9.355998685375e+03 
       9.079509777855e-03       9.358603390190e+03 
       9.085630936475e-03       9.361204756446e+03 
       9.091752379073e-03       9.363802787227e+03 
       9.097874105663e-03       9.366397475253e+03 
       9.103996116255e-03       9.368988835872e+03 
       9.110118410865e-03       9.371576865031e+03 
       9.116240989505e-03       9.374161562863e+03 
       9.122363852192e-03       9.376742934265e+03 
       9.128486998940e-03       9.379320979553e+03 
       9.134610429765e-03       9.381895700543e+03 
       9.140734144686e-03       9.384467099034e+03 
       9.146858143719e-03       9.387035176829e+03 
       9.152982426883e-03       9.389599935732e+03 
       9.159106994197e-03       9.392161377560e+03 
       9.165231845680e-03       9.394719504112e+03 
       9.171356981353e-03       9.397274309897e+03 
       9.177482401237e-03       9.399825810225e+03 
       9.183608105354e-03       9.402374000504e+03 
       9.189734093726e-03       9.404918882524e+03 
       9.195860366377e-03       9.407460458077e+03 
       9.201986923330e-03       9.409998728953e+03 
       9.208113764609e-03       9.412533696943e+03 
       9.214240890240e-03       9.415065363845e+03 
       9.220368300250e-03       9.417593732969e+03 
       9.226495994663e-03       9.420118797500e+03 
       9.232623973508e-03       9.422640571260e+03 
       9.238752236812e-03       9.425159049876e+03 
       9.244880784604e-03       9.427674237290e+03 
       9.251009616913e-03       9.430186134255e+03 
       9.257138733769e-03       9.432694743091e+03 
       9.263268135203e-03       9.435200062034e+03 
       9.269397821246e-03       9.437702098013e+03 
       9.275527791929e-03       9.440200850607e+03 
       9.281658047285e-03       9.442696321596e+03 
       9.287788587348e-03       9.445188512770e+03 
       9.293919412151e-03       9.447677425925e+03 
       9.300050521729e-03       9.450163062871e+03 
       9.306181916117e-03       9.452645425428e+03 
       9.312313595351e-03       9.455124507769e+03 
       9.318445559467e-03       9.457600325686e+03 
       9.324577808503e-03       9.460072874343e+03 
       9.330710342497e-03       9.462542155504e+03 
       9.336843161487e-03       9.465008170937e+03 
       9.342976265511e-03       9.467470922419e+03 
       9.349109654611e-03       9.469930411730e+03 
       9.355243328826e-03       9.472386640661e+03 
       9.361377288198e-03       9.474839606584e+03 
       9.367511532768e-03       9.477289320140e+03 
       9.373646062579e-03       9.479735777913e+03 
       9.379780877674e-03       9.482178982298e+03 
       9.385915978096e-03       9.484618935064e+03 
       9.392051363890e-03       9.487055637982e+03 
       9.398187035101e-03       9.489489092832e+03 
       9.404322991775e-03       9.491919301403e+03 
       9.410459233957e-03       9.494346259916e+03 
       9.416595761695e-03       9.496769980386e+03 
       9.422732575037e-03       9.499190459748e+03 
       9.428869674030e-03       9.501607700521e+03 
       9.435007058724e-03       9.504021700172e+03 
       9.441144729168e-03       9.506432466471e+03 
       9.447282685412e-03       9.508839998656e+03 
       9.453420927507e-03       9.511244298483e+03 
       9.459559455504e-03       9.513645367713e+03 
       9.465698269456e-03       9.516043208118e+03 
       9.471837369414e-03       9.518437821480e+03 
       9.477976755434e-03       9.520829209595e+03 
       9.484116427567e-03       9.523217366261e+03 
       9.490256385870e-03       9.525602307946e+03 
       9.496396630397e-03       9.527984029448e+03 
       9.502537161204e-03       9.530362532518e+03 
       9.508677978347e-03       9.532737818901e+03 
       9.514819081884e-03       9.535109890347e+03 
       9.520960471873e-03       9.537478748608e+03 
       9.527102148372e-03       9.539844395443e+03 
       9.533244111439e-03       9.542206833957e+03 
       9.539386361135e-03       9.544566057383e+03 
       9.545528897519e-03       9.546922079782e+03 
       9.551671720653e-03       9.549274897657e+03 
       9.557814830598e-03       9.551624512758e+03 
       9.563958227416e-03       9.553970925167e+03 
       9.570101911170e-03       9.556314139786e+03 
       9.576245881924e-03       9.558654154802e+03 
       9.582390139740e-03       9.560990975687e+03 
       9.588534684685e-03       9.563324602417e+03 
       9.594679516822e-03       9.565655036736e+03 
       9.600824636218e-03       9.567982280394e+03 
       9.606970042940e-03       9.570306335146e+03 
       9.613115737054e-03       9.572627202761e+03 
       9.619261718629e-03       9.574944884981e+03 
       9.625407987731e-03       9.577259379053e+03 
       9.631554544431e-03       9.579570691183e+03 
       9.637701388798e-03       9.581878826327e+03 
       9.643848520902e-03       9.584183782813e+03 
       9.649995940813e-03       9.586485562371e+03 
       9.656143648603e-03       9.588784166734e+03 
       9.662291644345e-03       9.591079597641e+03 
       9.668439928110e-03       9.593371856836e+03 
       9.674588499971e-03       9.595660946074e+03 
       9.680737360004e-03       9.597946862582e+03 
       9.686886508281e-03       9.600229616388e+03 
       9.693035944878e-03       9.602509205294e+03 
       9.699185669871e-03       9.604785631020e+03 
       9.705335683335e-03       9.607058895292e+03 
       9.711485985348e-03       9.609328999841e+03 
       9.717636575987e-03       9.611595946410e+03 
       9.723787455330e-03       9.613859737777e+03 
       9.729938623455e-03       9.616120366096e+03 
       9.736090080442e-03       9.618377848167e+03 
       9.742241826371e-03       9.620632179031e+03 
       9.748393861322e-03       9.622883358350e+03 
       9.754546185376e-03       9.625131391650e+03 
       9.760698798615e-03       9.627376278815e+03 
       9.766851701120e-03       9.629618021565e+03 
       9.773004892976e-03       9.631856621615e+03 
       9.779158374264e-03       9.634092080687e+03 
       9.785312145069e-03       9.636324400511e+03 
       9.791466205476e-03       9.638553582833e+03 
       9.797620555570e-03       9.640779630290e+03 
       9.803775195436e-03       9.643002532751e+03 
       9.809930125161e-03       9.645222311560e+03 
       9.816085344833e-03       9.647438959518e+03 
       9.822240854537e-03       9.649652478324e+03 
       9.828396654364e-03       9.651862869678e+03 
       9.834552744401e-03       9.654070135284e+03 
       9.840709124737e-03       9.656274276849e+03 
       9.846865795463e-03       9.658475296091e+03 
       9.853022756669e-03       9.660673190187e+03 
       9.859180008446e-03       9.662867969258e+03 
       9.865337550886e-03       9.665059630989e+03 
       9.871495384081e-03       9.667248177103e+03 
       9.877653508124e-03       9.669433609305e+03 
       9.883811923108e-03       9.671615929301e+03 
       9.889970629128e-03       9.673795138800e+03 
       9.896129626277e-03       9.675971239518e+03 
       9.902288914652e-03       9.678144226640e+03 
       9.908448494347e-03       9.680314113917e+03 
       9.914608365460e-03       9.682480897338e+03 
       9.920768528086e-03       9.684644579222e+03 
       9.926928982324e-03       9.686805157038e+03 
       9.933089728272e-03       9.688962638706e+03 
       9.939250766028e-03       9.691117023237e+03 
       9.945412095692e-03       9.693268312324e+03 
       9.951573717363e-03       9.695416507658e+03 
       9.957735631142e-03       9.697561610935e+03 
       9.963897837129e-03       9.699703623860e+03 
       9.970060335427e-03       9.701842548156e+03 
       9.976223126137e-03       9.703978376319e+03 
       9.982386209362e-03       9.706111127043e+03 
       9.988549585205e-03       9.708240793968e+03 
       9.994713253770e-03       9.710367378765e+03 
       1.000087721516e-02       9.712490883116e+03 
       1.000704146949e-02       9.714611308703e+03 
       1.001320601685e-02       9.716728657211e+03 
       1.001937085735e-02       9.718842930329e+03 
       1.002553599110e-02       9.720954131610e+03 
       1.003170141822e-02       9.723062251956e+03 
       1.003786713879e-02       9.725167308192e+03 
       1.004403315294e-02       9.727269295609e+03 
       1.005019946077e-02       9.729368215886e+03 
       1.005636606240e-02       9.731464070707e+03 
       1.006253295792e-02       9.733556861759e+03 
       1.006870014746e-02       9.735646590739e+03 
       1.007486763112e-02       9.737733251992e+03 
       1.008103540902e-02       9.739816861830e+03 
       1.008720348127e-02       9.741897413571e+03 
       1.009337184797e-02       9.743974909764e+03 
       1.009954050926e-02       9.746049349724e+03 
       1.010570946523e-02       9.748120739446e+03 
       1.011187871600e-02       9.750189078543e+03 
       1.011804826169e-02       9.752254368679e+03 
       1.012421810242e-02       9.754316611526e+03 
       1.013038823830e-02       9.756375808758e+03 
       1.013655866944e-02       9.758431962056e+03 
       1.014272939597e-02       9.760485073110e+03 
       1.014890041801e-02       9.762535147456e+03 
       1.015507173566e-02       9.764582164872e+03 
       1.016124334906e-02       9.766626157702e+03 
       1.016741525831e-02       9.768667114665e+03 
       1.017358746355e-02       9.770705037441e+03 
       1.017975996489e-02       9.772739927674e+03 
       1.018593276245e-02       9.774771787025e+03 
       1.019210585635e-02       9.776800617157e+03 
       1.019827924672e-02       9.778826419741e+03 
       1.020445293369e-02       9.780849191418e+03 
       1.021062691736e-02       9.782868943132e+03 
       1.021680119788e-02       9.784885672139e+03 
       1.022297577535e-02       9.786899380045e+03 
       1.022915064992e-02       9.788910068519e+03 
       1.023532582170e-02       9.790917739204e+03 
       1.024150129082e-02       9.792922393764e+03 
       1.024767705740e-02       9.794924033872e+03 
       1.025385312158e-02       9.796922654051e+03 
       1.026002948349e-02       9.798918269195e+03 
       1.026620614324e-02       9.800910874666e+03 
       1.027238310097e-02       9.802900472956e+03 
       1.027856035682e-02       9.804887060580e+03 
       1.028473791090e-02       9.806870646489e+03 
       1.029091576336e-02       9.808851229207e+03 
       1.029709391432e-02       9.810828810364e+03 
       1.030327236391e-02       9.812803391599e+03 
       1.030945111227e-02       9.814774974565e+03 
       1.031563015952e-02       9.816743560919e+03 
       1.032180950582e-02       9.818709152336e+03 
       1.032798915127e-02       9.820671740671e+03 
       1.033416909603e-02       9.822631345723e+03 
       1.034034934023e-02       9.824587960561e+03 
       1.034652988400e-02       9.826541586755e+03 
       1.035271072748e-02       9.828492225928e+03 
       1.035889187081e-02       9.830439879702e+03 
       1.036507331412e-02       9.832384549701e+03 
       1.037125505754e-02       9.834326237559e+03 
       1.037743710123e-02       9.836264944922e+03 
       1.038361944532e-02       9.838200668009e+03 
       1.038980208995e-02       9.840133418496e+03 
       1.039598503525e-02       9.842063193239e+03 
       1.040216828138e-02       9.843989993862e+03 
       1.040835182846e-02       9.845913821991e+03 
       1.041453567664e-02       9.847834679254e+03 
       1.042071982607e-02       9.849752567286e+03 
       1.042690427689e-02       9.851667487731e+03 
       1.043308902924e-02       9.853579434607e+03 
       1.043927408326e-02       9.855488423652e+03 
       1.044545943910e-02       9.857394449787e+03 
       1.045164509690e-02       9.859297515668e+03 
       1.045783105681e-02       9.861197617071e+03 
       1.046401731898e-02       9.863094763781e+03 
       1.047020388355e-02       9.864988953987e+03 
       1.047639075067e-02       9.866880189296e+03 
       1.048257792048e-02       9.868768471325e+03 
       1.048876539314e-02       9.870653801688e+03 
       1.049495316879e-02       9.872536182017e+03 
       1.050114124759e-02       9.874415613946e+03 
       1.050732962968e-02       9.876292087283e+03 
       1.051351831521e-02       9.878165627372e+03 
       1.051970730434e-02       9.880036222148e+03 
       1.052589659721e-02       9.881903874723e+03 
       1.053208619398e-02       9.883768586700e+03 
       1.053827609480e-02       9.885630359684e+03 
       1.054446629982e-02       9.887489195278e+03 
       1.055065680920e-02       9.889345095091e+03 
       1.055684762309e-02       9.891198060737e+03 
       1.056303874164e-02       9.893048088242e+03 
       1.056923016502e-02       9.894895189561e+03 
       1.057542189337e-02       9.896739361380e+03 
       1.058161392686e-02       9.898580605285e+03 
       1.058780626563e-02       9.900418922881e+03 
       1.059399890985e-02       9.902254315779e+03 
       1.060019185968e-02       9.904086785594e+03 
       1.060638511527e-02       9.905916333949e+03 
       1.061257867678e-02       9.907742954664e+03 
       1.061877254438e-02       9.909566663891e+03 
       1.062496671821e-02       9.911387456220e+03 
       1.063116119845e-02       9.913205333240e+03 
       1.063735598525e-02       9.915020293898e+03 
       1.064355107878e-02       9.916832344798e+03 
       1.064974647919e-02       9.918641485125e+03 
       1.065594218666e-02       9.920447716474e+03 
       1.066213820134e-02       9.922251040440e+03 
       1.066833452339e-02       9.924051458622e+03 
       1.067453115298e-02       9.925848972627e+03 
       1.068072809029e-02       9.927643584071e+03 
       1.068692533546e-02       9.929435294842e+03 
       1.069312288867e-02       9.931224093981e+03 
       1.069932075008e-02       9.933010005717e+03 
       1.070551891987e-02       9.934793020980e+03 
       1.071171739819e-02       9.936573141341e+03 
       1.071791618522e-02       9.938350368381e+03 
       1.072411528112e-02       9.940124703681e+03 
       1.073031468606e-02       9.941896148834e+03 
       1.073651440022e-02       9.943664705430e+03 
       1.074271442377e-02       9.945430376570e+03 
       1.074891475686e-02       9.947193153066e+03 
       1.075511539969e-02       9.948953052643e+03 
       1.076131635241e-02       9.950710069837e+03 
       1.076751761520e-02       9.952464206220e+03 
       1.077371918823e-02       9.954215463367e+03 
       1.077992107167e-02       9.955963842858e+03 
       1.078612326571e-02       9.957709346283e+03 
       1.079232577050e-02       9.959451974975e+03 
       1.079852858624e-02       9.961191722775e+03 
       1.080473171309e-02       9.962928606387e+03 
       1.081093515123e-02       9.964662620076e+03 
       1.081713890084e-02       9.966393766425e+03 
       1.082334296209e-02       9.968122040917e+03 
       1.082954733516e-02       9.969847453814e+03 
       1.083575202023e-02       9.971570002972e+03 
       1.084195701747e-02       9.973289689955e+03 
       1.084816232708e-02       9.975006516341e+03 
       1.085436794921e-02       9.976720483660e+03 
       1.086057388407e-02       9.978431593540e+03 
       1.086678013182e-02       9.980139847568e+03 
       1.087298669265e-02       9.981845252213e+03 
       1.087919356674e-02       9.983547781750e+03 
       1.088540075427e-02       9.985247475982e+03 
       1.089160825543e-02       9.986944320354e+03 
       1.089781607039e-02       9.988638316433e+03 
       1.090402419935e-02       9.990329465755e+03 
       1.091023264248e-02       9.992017769883e+03 
       1.091644139997e-02       9.993703230367e+03 
       1.092265047201e-02       9.995385848769e+03 
       1.092885985879e-02       9.997065629101e+03 
       1.093506956048e-02       9.998742558954e+03 
       1.094127957728e-02       1.000041665960e+04 
       1.094748990937e-02       1.000208792427e+04 
       1.095370055694e-02       1.000375635450e+04 
       1.095991152019e-02       1.000542195186e+04 
       1.096612279929e-02       1.000708471790e+04 
       1.097233439444e-02       1.000874465419e+04 
       1.097854630583e-02       1.001040176213e+04 
       1.098475853365e-02       1.001205603478e+04 
       1.099097107809e-02       1.001370748997e+04 
       1.099718393934e-02       1.001535612141e+04 
       1.100339711760e-02       1.001700193167e+04 
       1.100961061305e-02       1.001864491610e+04 
       1.101582442590e-02       1.002028508519e+04 
       1.102203855633e-02       1.002192243665e+04 
       1.102825300454e-02       1.002355697202e+04 
       1.103446777072e-02       1.002518869286e+04 
       1.104068285507e-02       1.002681760071e+04 
       1.104689825779e-02       1.002844369711e+04 
       1.105311397907e-02       1.003006698364e+04 
       1.105933001910e-02       1.003168746202e+04 
       1.106554637809e-02       1.003330512030e+04 
       1.107176305624e-02       1.003491998480e+04 
       1.107798005374e-02       1.003653204533e+04 
       1.108419737079e-02       1.003814130341e+04 
       1.109041500758e-02       1.003974776059e+04 
       1.109663296434e-02       1.004135141839e+04 
       1.110285124124e-02       1.004295227835e+04 
       1.110906983849e-02       1.004455034201e+04 
       1.111528875630e-02       1.004614561090e+04 
       1.112150799486e-02       1.004773807985e+04 
       1.112772755439e-02       1.004932776293e+04 
       1.113394743507e-02       1.005091465568e+04 
       1.114016763712e-02       1.005249875963e+04 
       1.114638816075e-02       1.005408007629e+04 
       1.115260900614e-02       1.005565860722e+04 
       1.115883017352e-02       1.005723435395e+04 
       1.116505166308e-02       1.005880731805e+04 
       1.117127347504e-02       1.006037749142e+04 
       1.117749560959e-02       1.006194489434e+04 
       1.118371806695e-02       1.006350951837e+04 
       1.118994084733e-02       1.006507136566e+04 
       1.119616395093e-02       1.006663043457e+04 
       1.120238737796e-02       1.006818673251e+04 
       1.120861112863e-02       1.006974025819e+04 
       1.121483520315e-02       1.007129101310e+04 
       1.122105960173e-02       1.007283899879e+04 
       1.122728432459e-02       1.007438421676e+04 
       1.123350937193e-02       1.007592666855e+04 
       1.123973474397e-02       1.007746635571e+04 
       1.124596044092e-02       1.007900327979e+04 
       1.125218646299e-02       1.008053743097e+04 
       1.125841281039e-02       1.008206883047e+04 
       1.126463948335e-02       1.008359747254e+04 
       1.127086648207e-02       1.008512335729e+04 
       1.127709380677e-02       1.008664648621e+04 
       1.128332145766e-02       1.008816686081e+04 
       1.128954943497e-02       1.008968448259e+04 
       1.129577773891e-02       1.009119935307e+04 
       1.130200636969e-02       1.009271147378e+04 
       1.130823532753e-02       1.009422084770e+04 
       1.131446461266e-02       1.009572746464e+04 
       1.132069422529e-02       1.009723134416e+04 
       1.132692416564e-02       1.009873247979e+04 
       1.133315443393e-02       1.010023087302e+04 
       1.133938503038e-02       1.010172652535e+04 
       1.134561595521e-02       1.010321943829e+04 
       1.135184720864e-02       1.010470961334e+04 
       1.135807879090e-02       1.010619705203e+04 
       1.136431070221e-02       1.010768174619e+04 
       1.137054294278e-02       1.010916371554e+04 
       1.137677551285e-02       1.011064295277e+04 
       1.138300841264e-02       1.011211945945e+04 
       1.138924164237e-02       1.011359323527e+04 
       1.139547520227e-02       1.011506428510e+04 
       1.140170909257e-02       1.011653260883e+04 
       1.140794331348e-02       1.011799820795e+04 
       1.141417786524e-02       1.011946108399e+04 
       1.142041274807e-02       1.012092123086e+04 
       1.142664796220e-02       1.012237866423e+04 
       1.143288350787e-02       1.012383337878e+04 
       1.143911938529e-02       1.012528537602e+04 
       1.144535559470e-02       1.012673465744e+04 
       1.145159213632e-02       1.012818122041e+04 
       1.145782901040e-02       1.012962507449e+04 
       1.146406621715e-02       1.013106621688e+04 
       1.147030375682e-02       1.013250464935e+04 
       1.147654162962e-02       1.013394037338e+04 
       1.148277983580e-02       1.013537338474e+04 
       1.148901837559e-02       1.013680369595e+04 
       1.149525724921e-02       1.013823130493e+04 
       1.150149645692e-02       1.013965620151e+04 
       1.150773599893e-02       1.014107840390e+04 
       1.151397587548e-02       1.014249790649e+04 
       1.152021608682e-02       1.014391471076e+04 
       1.152645663317e-02       1.014532881817e+04 
       1.153269751478e-02       1.014674023020e+04 
       1.153893873187e-02       1.014814894832e+04 
       1.154518028469e-02       1.014955497400e+04 
       1.155142217348e-02       1.015095830872e+04 
       1.155766439847e-02       1.015235895395e+04 
       1.156390695991e-02       1.015375691116e+04 
       1.157014985803e-02       1.015515218185e+04 
       1.157639309307e-02       1.015654476751e+04 
       1.158263666528e-02       1.015793466966e+04 
       1.158888057489e-02       1.015932189837e+04 
       1.159512482215e-02       1.016070640609e+04 
       1.160136940730e-02       1.016208826384e+04 
       1.160761433059e-02       1.016346744357e+04 
       1.161385959225e-02       1.016484394673e+04 
       1.162010519253e-02       1.016621777477e+04 
       1.162635113168e-02       1.016758892915e+04 
       1.163259740993e-02       1.016895741132e+04 
       1.163884402754e-02       1.017032322271e+04 
       1.164509098475e-02       1.017168636477e+04 
       1.165133828182e-02       1.017304683897e+04 
       1.165758591897e-02       1.017440464674e+04 
       1.166383389647e-02       1.017575978954e+04 
       1.167008221456e-02       1.017711226886e+04 
       1.167633087349e-02       1.017846208616e+04 
       1.168257987351e-02       1.017980924255e+04 
       1.168882921486e-02       1.018115372850e+04 
       1.169507889781e-02       1.018249556713e+04 
       1.170132892260e-02       1.018383474936e+04 
       1.170757928947e-02       1.018517127662e+04 
       1.171382999869e-02       1.018650515035e+04 
       1.172008105051e-02       1.018783637197e+04 
       1.172633244517e-02       1.018916494294e+04 
       1.173258418294e-02       1.019049086468e+04 
       1.173883626406e-02       1.019181413864e+04 
       1.174508868879e-02       1.019313476628e+04 
       1.175134145738e-02       1.019445274905e+04 
       1.175759457010e-02       1.019576808842e+04 
       1.176384802719e-02       1.019708078587e+04 
       1.177010182892e-02       1.019839084287e+04 
       1.177635597554e-02       1.019969824419e+04 
       1.178261046730e-02       1.020100302271e+04 
       1.178886530447e-02       1.020230516484e+04 
       1.179512048731e-02       1.020360467197e+04 
       1.180137601607e-02       1.020490154553e+04 
       1.180763189102e-02       1.020619578695e+04 
       1.181388811240e-02       1.020748739890e+04 
       1.182014468050e-02       1.020877637526e+04 
       1.182640159556e-02       1.021006272841e+04 
       1.183265885785e-02       1.021134645507e+04 
       1.183891646763e-02       1.021262755670e+04 
       1.184517442516e-02       1.021390603471e+04 
       1.185143273071e-02       1.021518189054e+04 
       1.185769138455e-02       1.021645512564e+04 
       1.186395038693e-02       1.021772574144e+04 
       1.187020973812e-02       1.021899373939e+04 
       1.187646943838e-02       1.022025912217e+04 
       1.188272948799e-02       1.022152187169e+04 
       1.188898988721e-02       1.022278202293e+04 
       1.189525063630e-02       1.022403956177e+04 
       1.190151173554e-02       1.022529448961e+04 
       1.190777318520e-02       1.022654680788e+04 
       1.191403498553e-02       1.022779651802e+04 
       1.192029713681e-02       1.022904362143e+04 
       1.192655963932e-02       1.023028811955e+04 
       1.193282249331e-02       1.023153001383e+04 
       1.193908569907e-02       1.023276930551e+04 
       1.194534925686e-02       1.023400598816e+04 
       1.195161316696e-02       1.023524007840e+04 
       1.195787742963e-02       1.023647157030e+04 
       1.196414204516e-02       1.023770046525e+04 
       1.197040701381e-02       1.023892676466e+04 
       1.197667233586e-02       1.024015046996e+04 
       1.198293801158e-02       1.024137158257e+04 
       1.198920404125e-02       1.024259010391e+04 
       1.199547042515e-02       1.024380603544e+04 
       1.200173716355e-02       1.024501936750e+04 
       1.200800425672e-02       1.024623012238e+04 
       1.201427170495e-02       1.024743829154e+04 
       1.202053950851e-02       1.024864387632e+04 
       1.202680766768e-02       1.024984687809e+04 
       1.203307618275e-02       1.025104729417e+04 
       1.203934505398e-02       1.025224513376e+04 
       1.204561428166e-02       1.025344039450e+04 
       1.205188386608e-02       1.025463307778e+04 
       1.205815380750e-02       1.025582318502e+04 
       1.206442410622e-02       1.025701071763e+04 
       1.207069476251e-02       1.025819567702e+04 
       1.207696577666e-02       1.025937806461e+04 
       1.208323714895e-02       1.026055788184e+04 
       1.208950887967e-02       1.026173513008e+04 
       1.209578096910e-02       1.026290979416e+04 
       1.210205341752e-02       1.026408190696e+04 
       1.210832622522e-02       1.026525145470e+04 
       1.211459939248e-02       1.026641843879e+04 
       1.212087291960e-02       1.026758286061e+04 
       1.212714680686e-02       1.026874472154e+04 
       1.213342105455e-02       1.026990402297e+04 
       1.213969566295e-02       1.027106076631e+04 
       1.214597063235e-02       1.027221495296e+04 
       1.215224596304e-02       1.027336658432e+04 
       1.215852165532e-02       1.027451566392e+04 
       1.216479770947e-02       1.027566217751e+04 
       1.217107412579e-02       1.027680615035e+04 
       1.217735090456e-02       1.027794757331e+04 
       1.218362804608e-02       1.027908644778e+04 
       1.218990555064e-02       1.028022277513e+04 
       1.219618341853e-02       1.028135655675e+04 
       1.220246165004e-02       1.028248779403e+04 
       1.220874024548e-02       1.028361648837e+04 
       1.221501920513e-02       1.028474264118e+04 
       1.222129852929e-02       1.028586624178e+04 
       1.222757821826e-02       1.028698731438e+04 
       1.223385827232e-02       1.028810584943e+04 
       1.224013869179e-02       1.028922184830e+04 
       1.224641947696e-02       1.029033531403e+04 
       1.225270062811e-02       1.029144623868e+04 
       1.225898214557e-02       1.029255463677e+04 
       1.226526402961e-02       1.029366050410e+04 
       1.227154628054e-02       1.029476384204e+04 
       1.227782889867e-02       1.029586465195e+04 
       1.228411188428e-02       1.029696293522e+04 
       1.229039523769e-02       1.029805869322e+04 
       1.229667895920e-02       1.029915192734e+04 
       1.230296304910e-02       1.030024263899e+04 
       1.230924750770e-02       1.030133082954e+04 
       1.231553233531e-02       1.030241648330e+04 
       1.232181753222e-02       1.030349963409e+04 
       1.232810309875e-02       1.030458026764e+04 
       1.233438903519e-02       1.030565838532e+04 
       1.234067534186e-02       1.030673398850e+04 
       1.234696201905e-02       1.030780707854e+04 
       1.235324906708e-02       1.030887765679e+04 
       1.235953648625e-02       1.030994572462e+04 
       1.236582427687e-02       1.031101128339e+04 
       1.237211243925e-02       1.031207433448e+04 
       1.237840097370e-02       1.031313487520e+04 
       1.238468988053e-02       1.031419290953e+04 
       1.239097916004e-02       1.031524844476e+04 
       1.239726881255e-02       1.031630147763e+04 
       1.240355883838e-02       1.031735200950e+04 
       1.240984923782e-02       1.031840004172e+04 
       1.241614001119e-02       1.031944557567e+04 
       1.242243115881e-02       1.032048861271e+04 
       1.242872268099e-02       1.032152915422e+04 
       1.243501457804e-02       1.032256720156e+04 
       1.244130685028e-02       1.032360274349e+04 
       1.244759949802e-02       1.032463580524e+04 
       1.245389252158e-02       1.032566637670e+04 
       1.246018592127e-02       1.032669445921e+04 
       1.246647969742e-02       1.032772005007e+04 
       1.247277385033e-02       1.032874315823e+04 
       1.247906838033e-02       1.032976378154e+04 
       1.248536328773e-02       1.033078192125e+04 
       1.249165857286e-02       1.033179757871e+04 
       1.249795423603e-02       1.033281075526e+04 
       1.250425027756e-02       1.033382145227e+04 
       1.251054669777e-02       1.033482967107e+04 
       1.251684349699e-02       1.033583541304e+04 
       1.252314067553e-02       1.033683867954e+04 
       1.252943823373e-02       1.033783947183e+04 
       1.253573617189e-02       1.033883777346e+04 
       1.254203449035e-02       1.033983361986e+04 
       1.254833318943e-02       1.034082699590e+04 
       1.255463226945e-02       1.034181790294e+04 
       1.256093173074e-02       1.034280634232e+04 
       1.256723157362e-02       1.034379231538e+04 
       1.257353179843e-02       1.034477582346e+04 
       1.257983240548e-02       1.034575686791e+04 
       1.258613339510e-02       1.034673545007e+04 
       1.259243476763e-02       1.034771157128e+04 
       1.259873652339e-02       1.034868523656e+04 
       1.260503866271e-02       1.034965642631e+04 
       1.261134118591e-02       1.035062517167e+04 
       1.261764409334e-02       1.035159146126e+04 
       1.262394738532e-02       1.035255529644e+04 
       1.263025106218e-02       1.035351667852e+04 
       1.263655512425e-02       1.035447560886e+04 
       1.264285957187e-02       1.035543208880e+04 
       1.264916440536e-02       1.035638611968e+04 
       1.265546962507e-02       1.035733770288e+04 
       1.266177523133e-02       1.035828682565e+04 
       1.266808122447e-02       1.035923351743e+04 
       1.267438760482e-02       1.036017776410e+04 
       1.268069437273e-02       1.036111956819e+04 
       1.268700152853e-02       1.036205893132e+04 
       1.269330907255e-02       1.036299584930e+04 
       1.269961700514e-02       1.036393033313e+04 
       1.270592532663e-02       1.036486237962e+04 
       1.271223403736e-02       1.036579199007e+04 
       1.271854313767e-02       1.036671916582e+04 
       1.272485262790e-02       1.036764390820e+04 
       1.273116250839e-02       1.036856621854e+04 
       1.273747277948e-02       1.036948609818e+04 
       1.274378344151e-02       1.037040354846e+04 
       1.275009449483e-02       1.037131857074e+04 
       1.275640593978e-02       1.037223117272e+04 
       1.276271777670e-02       1.037314131688e+04 
       1.276903000593e-02       1.037404906109e+04 
       1.277534262782e-02       1.037495438229e+04 
       1.278165564272e-02       1.037585728179e+04 
       1.278796905097e-02       1.037675776089e+04 
       1.279428285292e-02       1.037765582091e+04 
       1.280059704891e-02       1.037855146316e+04 
       1.280691163929e-02       1.037944468896e+04 
       1.281322662440e-02       1.038033549965e+04 
       1.281954200461e-02       1.038122389655e+04 
       1.282585778025e-02       1.038210988336e+04 
       1.283217395168e-02       1.038299344368e+04 
       1.283849051925e-02       1.038387460603e+04 
       1.284480748330e-02       1.038475335967e+04 
       1.285112484419e-02       1.038562970591e+04 
       1.285744260227e-02       1.038650364607e+04 
       1.286376075790e-02       1.038737518143e+04 
       1.287007931142e-02       1.038824431332e+04 
       1.287639826319e-02       1.038911104307e+04 
       1.288271761357e-02       1.038997537199e+04 
       1.288903736291e-02       1.039083730428e+04 
       1.289535751156e-02       1.039169681795e+04 
       1.290167805989e-02       1.039255395083e+04 
       1.290799900824e-02       1.039340868794e+04 
       1.291432035698e-02       1.039426103058e+04 
       1.292064210646e-02       1.039511097523e+04 
       1.292696425704e-02       1.039595853234e+04 
       1.293328680909e-02       1.039680369879e+04 
       1.293960976295e-02       1.039764647587e+04 
       1.294593311900e-02       1.039848686487e+04 
       1.295225687759e-02       1.039932486709e+04 
       1.295858103908e-02       1.040016048383e+04 
       1.296490560384e-02       1.040099371640e+04 
       1.297123057223e-02       1.040182456611e+04 
       1.297755594460e-02       1.040265303429e+04 
       1.298388172133e-02       1.040347912224e+04 
       1.299020790279e-02       1.040430281182e+04 
       1.299653448932e-02       1.040512414103e+04 
       1.300286148131e-02       1.040594309401e+04 
       1.300918887911e-02       1.040675967168e+04 
       1.301551668310e-02       1.040757387530e+04 
       1.302184489363e-02       1.040838570616e+04 
       1.302817351109e-02       1.040919516555e+04 
       1.303450253583e-02       1.041000225474e+04 
       1.304083196822e-02       1.041080697503e+04 
       1.304716180865e-02       1.041160932776e+04 
       1.305349205747e-02       1.041240931409e+04 
       1.305982271505e-02       1.041320692414e+04 
       1.306615378178e-02       1.041400218175e+04 
       1.307248525802e-02       1.041479507582e+04 
       1.307881714414e-02       1.041558560858e+04 
       1.308514944052e-02       1.041637378132e+04 
       1.309148214752e-02       1.041715959533e+04 
       1.309781526554e-02       1.041794305189e+04 
       1.310414879494e-02       1.041872415226e+04 
       1.311048273609e-02       1.041950289775e+04 
       1.311681708937e-02       1.042027928966e+04 
       1.312315185517e-02       1.042105331791e+04 
       1.312948703385e-02       1.042182500532e+04 
       1.313582262580e-02       1.042259434281e+04 
       1.314215863140e-02       1.042336133165e+04 
       1.314849505102e-02       1.042412597315e+04 
       1.315483188504e-02       1.042488826858e+04 
       1.316116913385e-02       1.042564821926e+04 
       1.316750679783e-02       1.042640582649e+04 
       1.317384487735e-02       1.042716109138e+04 
       1.318018337280e-02       1.042791399456e+04 
       1.318652228457e-02       1.042866457710e+04 
       1.319286161303e-02       1.042941282096e+04 
       1.319920135858e-02       1.043015872744e+04 
       1.320554152159e-02       1.043090229778e+04 
       1.321188210245e-02       1.043164353326e+04 
       1.321822310156e-02       1.043238243515e+04 
       1.322456451928e-02       1.043311900471e+04 
       1.323090635602e-02       1.043385324321e+04 
       1.323724861216e-02       1.043458515195e+04 
       1.324359128809e-02       1.043531473636e+04 
       1.324993438420e-02       1.043604197365e+04 
       1.325627790087e-02       1.043676689958e+04 
       1.326262183851e-02       1.043748950065e+04 
       1.326896619749e-02       1.043820977812e+04 
       1.327531097821e-02       1.043892773325e+04 
       1.328165618107e-02       1.043964336731e+04 
       1.328800180645e-02       1.044035668156e+04 
       1.329434785476e-02       1.044106767728e+04 
       1.330069432637e-02       1.044177635576e+04 
       1.330704122170e-02       1.044248270249e+04 
       1.331338854113e-02       1.044318674954e+04 
       1.331973628506e-02       1.044388848219e+04 
       1.332608445389e-02       1.044458790240e+04 
       1.333243304801e-02       1.044528501182e+04 
       1.333878206783e-02       1.044597980521e+04 
       1.334513151373e-02       1.044667229517e+04 
       1.335148138613e-02       1.044736247766e+04 
       1.335783168541e-02       1.044805035389e+04 
       1.336418241199e-02       1.044873592514e+04 
       1.337053356625e-02       1.044941919267e+04 
       1.337688514861e-02       1.045010015772e+04 
       1.338323715947e-02       1.045077882156e+04 
       1.338958959922e-02       1.045145518546e+04 
       1.339594246827e-02       1.045212925070e+04 
       1.340229576703e-02       1.045280102012e+04 
       1.340864949590e-02       1.045347046707e+04 
       1.341500365529e-02       1.045413764160e+04 
       1.342135824560e-02       1.045480252209e+04 
       1.342771326723e-02       1.045546510989e+04 
       1.343406872061e-02       1.045612540620e+04 
       1.344042460612e-02       1.045678341226e+04 
       1.344678092419e-02       1.045743912932e+04 
       1.345313767522e-02       1.045809255862e+04 
       1.345949485963e-02       1.045874370141e+04 
       1.346585247781e-02       1.045939255894e+04 
       1.347221053019e-02       1.046003912094e+04 
       1.347856901718e-02       1.046068341054e+04 
       1.348492793918e-02       1.046132541844e+04 
       1.349128729662e-02       1.046196514584e+04 
       1.349764708989e-02       1.046260259400e+04 
       1.350400731943e-02       1.046323776415e+04 
       1.351036798564e-02       1.046387065755e+04 
       1.351672908894e-02       1.046450127544e+04 
       1.352309062975e-02       1.046512961909e+04 
       1.352945260848e-02       1.046575568926e+04 
       1.353581502555e-02       1.046637947231e+04 
       1.354217788138e-02       1.046700099910e+04 
       1.354854117639e-02       1.046762025638e+04 
       1.355490491099e-02       1.046823724536e+04 
       1.356126908561e-02       1.046885196106e+04 
       1.356763370067e-02       1.046946441744e+04 
       1.357399875659e-02       1.047007460827e+04 
       1.358036425379e-02       1.047068253562e+04 
       1.358673019269e-02       1.047128820072e+04 
       1.359309657372e-02       1.047189160480e+04 
       1.359946339731e-02       1.047249274909e+04 
       1.360583066387e-02       1.047309163484e+04 
       1.361219837383e-02       1.047368826329e+04 
       1.361856652762e-02       1.047428263569e+04 
       1.362493512567e-02       1.047487475327e+04 
       1.363130416839e-02       1.047546459439e+04 
       1.363767365623e-02       1.047605220386e+04 
       1.364404358960e-02       1.047663756191e+04 
       1.365041396895e-02       1.047722066974e+04 
       1.365678479469e-02       1.047780152846e+04 
       1.366315606726e-02       1.047838013938e+04 
       1.366952778709e-02       1.047895650369e+04 
       1.367589995461e-02       1.047953062261e+04 
       1.368227257025e-02       1.048010249737e+04 
       1.368864563445e-02       1.048067212920e+04 
       1.369501914764e-02       1.048123952274e+04 
       1.370139311026e-02       1.048180465642e+04 
       1.370776752274e-02       1.048236756557e+04 
       1.371414238552e-02       1.048292823647e+04 
       1.372051769903e-02       1.048348667035e+04 
       1.372689346371e-02       1.048404286841e+04 
       1.373326968000e-02       1.048459683187e+04 
       1.373964634834e-02       1.048514856193e+04 
       1.374602346916e-02       1.048569805982e+04 
       1.375240104291e-02       1.048624532677e+04 
       1.375877907002e-02       1.048679035883e+04 
       1.376515755095e-02       1.048733315497e+04 
       1.377153648612e-02       1.048787373469e+04 
       1.377791587599e-02       1.048841208809e+04 
       1.378429572099e-02       1.048894821619e+04 
       1.379067602158e-02       1.048948211490e+04 
       1.379705677818e-02       1.049001379601e+04 
       1.380343799126e-02       1.049054325554e+04 
       1.380981966125e-02       1.049107049469e+04 
       1.381620178860e-02       1.049159551464e+04 
       1.382258437377e-02       1.049211831662e+04 
       1.382896741719e-02       1.049263890179e+04 
       1.383535091931e-02       1.049315727140e+04 
       1.384173488060e-02       1.049367342666e+04 
       1.384811930148e-02       1.049418736881e+04 
       1.385450418243e-02       1.049469910871e+04 
       1.386088952388e-02       1.049520859364e+04 
       1.386727532629e-02       1.049571590131e+04 
       1.387366159011e-02       1.049622100034e+04 
       1.388004831580e-02       1.049672389192e+04 
       1.388643550380e-02       1.049722457725e+04 
       1.389282315458e-02       1.049772305750e+04 
       1.389921126860e-02       1.049821933389e+04 
       1.390559984629e-02       1.049871340760e+04 
       1.391198888813e-02       1.049920527983e+04 
       1.391837839457e-02       1.049969495178e+04 
       1.392476836607e-02       1.050018241009e+04 
       1.393115880309e-02       1.050066768603e+04 
       1.393754970608e-02       1.050115076296e+04 
       1.394394107552e-02       1.050163164418e+04 
       1.395033291184e-02       1.050211033087e+04 
       1.395672521553e-02       1.050258682424e+04 
       1.396311798705e-02       1.050306112548e+04 
       1.396951122684e-02       1.050353323578e+04 
       1.397590493539e-02       1.050400315636e+04 
       1.398229911315e-02       1.050447088844e+04 
       1.398869376059e-02       1.050493641561e+04 
       1.399508887817e-02       1.050539977266e+04 
       1.400148446636e-02       1.050586094447e+04 
       1.400788052563e-02       1.050631993225e+04 
       1.401427705645e-02       1.050677673970e+04 
       1.402067405929e-02       1.050723135414e+04 
       1.402707153460e-02       1.050768379631e+04 
       1.403346948287e-02       1.050813405908e+04 
       1.403986790457e-02       1.050858214362e+04 
       1.404626680016e-02       1.050902805111e+04 
       1.405266617012e-02       1.050947178273e+04 
       1.405906601493e-02       1.050991333968e+04 
       1.406546633504e-02       1.051035272316e+04 
       1.407186713095e-02       1.051078993437e+04 
       1.407826840312e-02       1.051122497453e+04 
       1.408467015203e-02       1.051165781984e+04 
       1.409107237816e-02       1.051208851969e+04 
       1.409747508198e-02       1.051251705120e+04 
       1.410387826397e-02       1.051294341600e+04 
       1.411028192461e-02       1.051336761525e+04 
       1.411668606438e-02       1.051378965010e+04 
       1.412309068376e-02       1.051420952173e+04 
       1.412949578323e-02       1.051462723131e+04 
       1.413590136326e-02       1.051504278002e+04 
       1.414230742436e-02       1.051545616902e+04 
       1.414871396698e-02       1.051586739951e+04 
       1.415512099163e-02       1.051627645963e+04 
       1.416152849878e-02       1.051668337524e+04 
       1.416793648892e-02       1.051708813582e+04 
       1.417434496253e-02       1.051749074238e+04 
       1.418075392010e-02       1.051789119608e+04 
       1.418716336213e-02       1.051828949807e+04 
       1.419357328908e-02       1.051868564953e+04 
       1.419998370146e-02       1.051907965163e+04 
       1.420639459976e-02       1.051947150555e+04 
       1.421280598446e-02       1.051986121245e+04 
       1.421921785605e-02       1.052024875512e+04 
       1.422563021503e-02       1.052063416984e+04 
       1.423204306188e-02       1.052101744083e+04 
       1.423845639711e-02       1.052139857200e+04 
       1.424487022120e-02       1.052177755906e+04 
       1.425128453465e-02       1.052215440589e+04 
       1.425769933795e-02       1.052252911364e+04 
       1.426411463161e-02       1.052290168353e+04 
       1.427053041611e-02       1.052327211673e+04 
       1.427694669195e-02       1.052364038853e+04 
       1.428336345964e-02       1.052400654992e+04 
       1.428978071966e-02       1.052437057740e+04 
       1.429619847253e-02       1.052473247245e+04 
       1.430261671874e-02       1.052509223622e+04 
       1.430903545879e-02       1.052544986985e+04 
       1.431545469318e-02       1.052580537450e+04 
       1.432187442242e-02       1.052615875132e+04 
       1.432829464701e-02       1.052651000146e+04 
       1.433471536745e-02       1.052685912609e+04 
       1.434113658425e-02       1.052720612637e+04 
       1.434755829791e-02       1.052755098952e+04 
       1.435398050894e-02       1.052789374338e+04 
       1.436040321784e-02       1.052823437605e+04 
       1.436682642514e-02       1.052857288876e+04 
       1.437325013132e-02       1.052890928268e+04 
       1.437967433691e-02       1.052924355893e+04 
       1.438609904240e-02       1.052957571866e+04 
       1.439252424832e-02       1.052990576305e+04 
       1.439894995518e-02       1.053023369327e+04 
       1.440537616348e-02       1.053055950990e+04 
       1.441180287374e-02       1.053088319633e+04 
       1.441823008647e-02       1.053120478917e+04 
       1.442465780219e-02       1.053152427214e+04 
       1.443108602141e-02       1.053184164641e+04 
       1.443751474465e-02       1.053215690793e+04 
       1.444394397243e-02       1.053247006636e+04 
       1.445037370526e-02       1.053278112067e+04 
       1.445680394366e-02       1.053309007074e+04 
       1.446323468815e-02       1.053339691769e+04 
       1.446966593925e-02       1.053370166267e+04 
       1.447609769748e-02       1.053400430682e+04 
       1.448252996336e-02       1.053430485127e+04 
       1.448896273742e-02       1.053460329719e+04 
       1.449539602017e-02       1.053489964574e+04 
       1.450182981214e-02       1.053519389811e+04 
       1.450826411386e-02       1.053548602719e+04 
       1.451469892585e-02       1.053577608927e+04 
       1.452113424863e-02       1.053606405709e+04 
       1.452757008274e-02       1.053634993285e+04 
       1.453400642870e-02       1.053663371770e+04 
       1.454044328703e-02       1.053691541276e+04 
       1.454688065827e-02       1.053719501915e+04 
       1.455331854295e-02       1.053747253801e+04 
       1.455975694160e-02       1.053774797047e+04 
       1.456619585475e-02       1.053802131768e+04 
       1.457263528292e-02       1.053829258076e+04 
       1.457907522666e-02       1.053856174624e+04 
       1.458551568650e-02       1.053882884323e+04 
       1.459195666297e-02       1.053909385921e+04 
       1.459839815661e-02       1.053935679536e+04 
       1.460484016796e-02       1.053961765281e+04 
       1.461128269754e-02       1.053987643268e+04 
       1.461772574590e-02       1.054013313611e+04 
       1.462416931358e-02       1.054038776422e+04 
       1.463061340111e-02       1.054064031817e+04 
       1.463705800904e-02       1.054089079894e+04 
       1.464350313790e-02       1.054113918792e+04 
       1.464994878824e-02       1.054138552434e+04 
       1.465639496060e-02       1.054162979088e+04 
       1.466284165553e-02       1.054187198862e+04 
       1.466928887356e-02       1.054211212061e+04 
       1.467573661524e-02       1.054235017486e+04 
       1.468218488112e-02       1.054258617221e+04 
       1.468863367175e-02       1.054282010511e+04 
       1.469508298767e-02       1.054305197468e+04 
       1.470153282942e-02       1.054328178203e+04 
       1.470798319756e-02       1.054350952828e+04 
       1.471443409264e-02       1.054373521455e+04 
       1.472088551521e-02       1.054395884197e+04 
       1.472733746581e-02       1.054418041169e+04 
       1.473378994501e-02       1.054439992487e+04 
       1.474024295334e-02       1.054461738314e+04 
       1.474669649138e-02       1.054483275570e+04 
       1.475315055966e-02       1.054504610316e+04 
       1.475960515875e-02       1.054525739812e+04 
       1.476606028921e-02       1.054546664170e+04 
       1.477251595158e-02       1.054567383499e+04 
       1.477897214642e-02       1.054587897910e+04 
       1.478542887431e-02       1.054608207513e+04 
       1.479188613578e-02       1.054628312418e+04 
       1.479834393141e-02       1.054648212738e+04 
       1.480480226176e-02       1.054667908584e+04 
       1.481126112738e-02       1.054687399393e+04 
       1.481772052884e-02       1.054706685685e+04 
       1.482418046670e-02       1.054725768625e+04 
       1.483064094153e-02       1.054744647512e+04 
       1.483710195389e-02       1.054763322457e+04 
       1.484356350434e-02       1.054781793568e+04 
       1.485002559346e-02       1.054800060958e+04 
       1.485648822181e-02       1.054818124656e+04 
       1.486295138996e-02       1.054835984807e+04 
       1.486941509848e-02       1.054853641569e+04 
       1.487587934793e-02       1.054871094802e+04 
       1.488234413889e-02       1.054888343157e+04 
       1.488880947194e-02       1.054905390222e+04 
       1.489527534763e-02       1.054922234312e+04 
       1.490174176655e-02       1.054938875521e+04 
       1.490820872927e-02       1.054955313263e+04 
       1.491467623637e-02       1.054971549016e+04 
       1.492114428842e-02       1.054987582220e+04 
       1.492761288599e-02       1.055003412985e+04 
       1.493408202967e-02       1.055019041419e+04 
       1.494055172003e-02       1.055034467632e+04 
       1.494702195765e-02       1.055049691732e+04 
       1.495349274311e-02       1.055064713831e+04 
       1.495996407699e-02       1.055079534039e+04 
       1.496643595988e-02       1.055094152471e+04 
       1.497290839236e-02       1.055108569239e+04 
       1.497938137500e-02       1.055122781431e+04 
       1.498585490840e-02       1.055136794954e+04 
       1.499232899313e-02       1.055150607067e+04 
       1.499880362979e-02       1.055164217919e+04 
       1.500527881896e-02       1.055177627608e+04 
       1.501175456123e-02       1.055190836240e+04 
       1.501823085719e-02       1.055203843924e+04 
       1.502470770742e-02       1.055216650769e+04 
       1.503118511252e-02       1.055229256882e+04 
       1.503766307307e-02       1.055241662373e+04 
       1.504414158967e-02       1.055253867351e+04 
       1.505062066292e-02       1.055265870387e+04 
       1.505710029340e-02       1.055277674502e+04 
       1.506358048171e-02       1.055289278438e+04 
       1.507006122844e-02       1.055300682271e+04 
       1.507654253420e-02       1.055311886099e+04 
       1.508302439957e-02       1.055322890049e+04 
       1.508950682516e-02       1.055333694221e+04 
       1.509598981156e-02       1.055344298722e+04 
       1.510247335938e-02       1.055354703663e+04 
       1.510895746921e-02       1.055364909154e+04 
       1.511544214165e-02       1.055374912773e+04 
       1.512192737732e-02       1.055384719895e+04 
       1.512841317680e-02       1.055394327470e+04 
       1.513489954071e-02       1.055403735998e+04 
       1.514138646965e-02       1.055412945558e+04 
       1.514787396422e-02       1.055421955575e+04 
       1.515436202504e-02       1.055430767533e+04 
       1.516085065270e-02       1.055439380848e+04 
       1.516733984782e-02       1.055447795646e+04 
       1.517382961101e-02       1.055456012025e+04 
       1.518031994287e-02       1.055464030092e+04 
       1.518681084403e-02       1.055471849954e+04 
       1.519330231508e-02       1.055479471719e+04 
       1.519979435664e-02       1.055486895496e+04 
       1.520628696934e-02       1.055494121394e+04 
       1.521278015377e-02       1.055501149524e+04 
       1.521927391055e-02       1.055507976924e+04 
       1.522576824031e-02       1.055514609551e+04 
       1.523226314366e-02       1.055521044709e+04 
       1.523875862122e-02       1.055527282482e+04 
       1.524525467360e-02       1.055533322966e+04 
       1.525175130143e-02       1.055539166284e+04 
       1.525824850532e-02       1.055544812534e+04 
       1.526474628591e-02       1.055550261820e+04 
       1.527124464380e-02       1.055555514251e+04 
       1.527774357963e-02       1.055560569931e+04 
       1.528424309402e-02       1.055565428970e+04 
       1.529074318759e-02       1.055570089609e+04 
       1.529724386098e-02       1.055574555807e+04 
       1.530374511480e-02       1.055578825395e+04 
       1.531024694969e-02       1.055582898740e+04 
       1.531674936627e-02       1.055586775948e+04 
       1.532325236518e-02       1.055590457122e+04 
       1.532975594704e-02       1.055593942368e+04 
       1.533626011249e-02       1.055597231781e+04 
       1.534276486215e-02       1.055600325488e+04 
       1.534927019668e-02       1.055603223590e+04 
       1.535577611668e-02       1.055605927120e+04 
       1.536228262281e-02       1.055608431060e+04 
       1.536878971570e-02       1.055610742772e+04 
       1.537529739599e-02       1.055612859270e+04 
       1.538180566431e-02       1.055614780659e+04 
       1.538831452130e-02       1.055616506229e+04 
       1.539482396761e-02       1.055618037705e+04 
       1.540133400387e-02       1.055619374317e+04 
       1.540784463072e-02       1.055620516227e+04 
       1.541435584882e-02       1.055621463537e+04 
       1.542086765879e-02       1.055622216339e+04 
       1.542738006130e-02       1.055622774759e+04 
       1.543389305697e-02       1.055623138893e+04 
       1.544040664646e-02       1.055623308845e+04 
       1.544692083042e-02       1.055623284726e+04 
       1.545343560950e-02       1.055623066642e+04 
       1.545995098433e-02       1.055622654754e+04 
       1.546646695558e-02       1.055622045676e+04 
       1.547298352390e-02       1.055621246034e+04 
       1.547950068993e-02       1.055620252803e+04 
       1.548601845433e-02       1.055619066087e+04 
       1.549253681776e-02       1.055617685988e+04 
       1.549905578087e-02       1.055616112608e+04 
       1.550557534431e-02       1.055614346039e+04 
       1.551209550874e-02       1.055612386404e+04 
       1.551861627482e-02       1.055610233799e+04 
       1.552513764321e-02       1.055607888327e+04 
       1.553165961457e-02       1.055605350586e+04 
       1.553818218955e-02       1.055602617481e+04 
       1.554470536883e-02       1.055599693883e+04 
       1.555122915305e-02       1.055596577810e+04 
       1.555775354290e-02       1.055593269364e+04 
       1.556427853902e-02       1.055589768650e+04 
       1.557080414209e-02       1.055586075769e+04 
       1.557733035277e-02       1.055582190825e+04 
       1.558385717174e-02       1.055578113923e+04 
       1.559038459965e-02       1.055573845168e+04 
       1.559691263717e-02       1.055569384579e+04 
       1.560344128499e-02       1.055564730181e+04 
       1.560997054376e-02       1.055559886288e+04 
       1.561650041417e-02       1.055554850924e+04 
       1.562303089688e-02       1.055549624192e+04 
       1.562956199256e-02       1.055544206503e+04 
       1.563609370190e-02       1.055538596215e+04 
       1.564262602558e-02       1.055532795918e+04 
       1.564915896425e-02       1.055526804647e+04 
       1.565569251861e-02       1.055520622507e+04 
       1.566222668934e-02       1.055514249599e+04 
       1.566876147711e-02       1.055507686025e+04 
       1.567529688260e-02       1.055500931887e+04 
       1.568183290650e-02       1.055493987276e+04 
       1.568836954950e-02       1.055486852320e+04 
       1.569490681226e-02       1.055479527111e+04 
       1.570144469548e-02       1.055472011953e+04 
       1.570798319985e-02       1.055464303065e+04 
       1.571452232605e-02       1.055456407441e+04 
       1.572106207477e-02       1.055448321935e+04 
       1.572760244670e-02       1.055440046644e+04 
       1.573414344253e-02       1.055431581669e+04 
       1.574068506295e-02       1.055422927110e+04 
       1.574722730865e-02       1.055414083072e+04 
       1.575377018032e-02       1.055405049651e+04 
       1.576031367866e-02       1.055395826951e+04 
       1.576685780437e-02       1.055386415062e+04 
       1.577340255813e-02       1.055376814100e+04 
       1.577994794065e-02       1.055367022466e+04 
       1.578649395263e-02       1.055357043529e+04 
       1.579304059476e-02       1.055346875788e+04 
       1.579958786774e-02       1.055336519353e+04 
       1.580613577228e-02       1.055325974323e+04 
       1.581268430907e-02       1.055315240799e+04 
       1.581923347882e-02       1.055304318880e+04 
       1.582578328224e-02       1.055293208669e+04 
       1.583233372003e-02       1.055281910268e+04 
       1.583888479289e-02       1.055270423780e+04 
       1.584543650153e-02       1.055258746610e+04 
       1.585198884667e-02       1.055246884459e+04 
       1.585854182900e-02       1.055234834082e+04 
       1.586509544924e-02       1.055222596002e+04 
       1.587164970811e-02       1.055210170288e+04 
       1.587820460631e-02       1.055197556288e+04 
       1.588476014455e-02       1.055184755591e+04 
       1.589131632356e-02       1.055171767568e+04 
       1.589787314404e-02       1.055158592319e+04 
       1.590443060672e-02       1.055145229940e+04 
       1.591098871231e-02       1.055131680532e+04 
       1.591754746152e-02       1.055117944195e+04 
       1.592410685509e-02       1.055104021029e+04 
       1.593066689372e-02       1.055089911136e+04 
       1.593722757814e-02       1.055075614617e+04 
       1.594378890908e-02       1.055061131562e+04 
       1.595035088726e-02       1.055046458738e+04 
       1.595691351340e-02       1.055031602768e+04 
       1.596347678823e-02       1.055016560444e+04 
       1.597004071247e-02       1.055001331954e+04 
       1.597660528685e-02       1.054985917394e+04 
       1.598317051211e-02       1.054970316863e+04 
       1.598973638897e-02       1.054954530460e+04 
       1.599630291816e-02       1.054938558283e+04 
       1.600287010042e-02       1.054922400431e+04 
       1.600943793648e-02       1.054906057005e+04 
       1.601600642707e-02       1.054889528103e+04 
       1.602257557293e-02       1.054872813177e+04 
       1.602914537480e-02       1.054855912438e+04 
       1.603571583341e-02       1.054838827528e+04 
       1.604228694950e-02       1.054821557524e+04 
       1.604885872381e-02       1.054804102513e+04 
       1.605543115708e-02       1.054786462592e+04 
       1.606200425006e-02       1.054768637861e+04 
       1.606857800348e-02       1.054750628418e+04 
       1.607515241810e-02       1.054732434363e+04 
       1.608172749465e-02       1.054714055796e+04 
       1.608830323388e-02       1.054695493499e+04 
       1.609487963655e-02       1.054676743066e+04 
       1.610145670339e-02       1.054657811353e+04 
       1.610803443515e-02       1.054638695494e+04 
       1.611461283260e-02       1.054619395585e+04 
       1.612119189648e-02       1.054599910922e+04 
       1.612777162753e-02       1.054580243121e+04 
       1.613435202653e-02       1.054560391567e+04 
       1.614093309421e-02       1.054540356341e+04 
       1.614751483134e-02       1.054520137538e+04 
       1.615409723868e-02       1.054499735256e+04 
       1.616068031698e-02       1.054479149594e+04 
       1.616726406700e-02       1.054458380649e+04 
       1.617384848950e-02       1.054437428518e+04 
       1.618043358525e-02       1.054416293303e+04 
       1.618701935500e-02       1.054394975104e+04 
       1.619360579952e-02       1.054373475162e+04 
       1.620019291958e-02       1.054351786658e+04 
       1.620678071594e-02       1.054329919791e+04 
       1.621336918936e-02       1.054307870299e+04 
       1.621995834063e-02       1.054285638266e+04 
       1.622654817050e-02       1.054263223788e+04 
       1.623313867974e-02       1.054240626962e+04 
       1.623972986914e-02       1.054217847882e+04 
       1.624632173945e-02       1.054194886645e+04 
       1.625291429146e-02       1.054171743348e+04 
       1.625950752594e-02       1.054148418091e+04 
       1.626610144366e-02       1.054124910899e+04 
       1.627269604541e-02       1.054101220271e+04 
       1.627929133196e-02       1.054077349556e+04 
       1.628588730408e-02       1.054053297241e+04 
       1.629248396257e-02       1.054029063424e+04 
       1.629908130821e-02       1.054004648185e+04 
       1.630567934177e-02       1.053980051644e+04 
       1.631227806404e-02       1.053955273887e+04 
       1.631887747580e-02       1.053930315011e+04 
       1.632547757785e-02       1.053905175113e+04 
       1.633207837097e-02       1.053879854292e+04 
       1.633867985594e-02       1.053854349923e+04 
       1.634528203356e-02       1.053828667656e+04 
       1.635188490463e-02       1.053802804416e+04 
       1.635848846992e-02       1.053776760608e+04 
       1.636509273024e-02       1.053750536296e+04 
       1.637169768637e-02       1.053724130811e+04 
       1.637830333912e-02       1.053697545790e+04 
       1.638490968928e-02       1.053670780556e+04 
       1.639151673766e-02       1.053643835225e+04 
       1.639812448504e-02       1.053616709881e+04 
       1.640473293222e-02       1.053589404618e+04 
       1.641134208002e-02       1.053561919535e+04 
       1.641795192923e-02       1.053534254724e+04 
       1.642456248066e-02       1.053506410284e+04 
       1.643117373511e-02       1.053478386311e+04 
       1.643778569339e-02       1.053450182905e+04 
       1.644439835630e-02       1.053421796174e+04 
       1.645101172465e-02       1.053393234491e+04 
       1.645762579926e-02       1.053364493042e+04 
       1.646424058093e-02       1.053335572495e+04 
       1.647085607048e-02       1.053306472931e+04 
       1.647747226872e-02       1.053277194465e+04 
       1.648408917646e-02       1.053247737183e+04 
       1.649070679453e-02       1.053218101176e+04 
       1.649732512372e-02       1.053188286540e+04 
       1.650394416488e-02       1.053158293369e+04 
       1.651056391880e-02       1.053128121759e+04 
       1.651718438633e-02       1.053097772404e+04 
       1.652380556826e-02       1.053067241713e+04 
       1.653042746544e-02       1.053036535191e+04 
       1.653705007868e-02       1.053005650584e+04 
       1.654367340881e-02       1.052974587979e+04 
       1.655029745665e-02       1.052943347476e+04 
       1.655692222303e-02       1.052911929153e+04 
       1.656354770879e-02       1.052880333128e+04 
       1.657017391475e-02       1.052848559484e+04 
       1.657680084174e-02       1.052816608315e+04 
       1.658342849059e-02       1.052784479702e+04 
       1.659005686215e-02       1.052752171263e+04 
       1.659668595724e-02       1.052719687908e+04 
       1.660331577670e-02       1.052687027360e+04 
       1.660994632136e-02       1.052654189727e+04 
       1.661657759208e-02       1.052621175283e+04 
       1.662320958968e-02       1.052587982694e+04 
       1.662984231501e-02       1.052554614290e+04 
       1.663647576891e-02       1.052521069160e+04 
       1.664310995222e-02       1.052487347396e+04 
       1.664974486579e-02       1.052453449076e+04 
       1.665638051047e-02       1.052419374318e+04 
       1.666301688710e-02       1.052385123205e+04 
       1.666965399653e-02       1.052350695829e+04 
       1.667629183961e-02       1.052316092284e+04 
       1.668293041720e-02       1.052281312667e+04 
       1.668956973014e-02       1.052246357073e+04 
       1.669620977928e-02       1.052211221915e+04 
       1.670285056549e-02       1.052175914529e+04 
       1.670949208962e-02       1.052140431240e+04 
       1.671613435253e-02       1.052104772300e+04 
       1.672277735507e-02       1.052068937800e+04 
       1.672942109811e-02       1.052032927831e+04 
       1.673606558250e-02       1.051996742469e+04 
       1.674271080911e-02       1.051960381830e+04 
       1.674935677881e-02       1.051923845995e+04 
       1.675600349245e-02       1.051887135056e+04 
       1.676265095091e-02       1.051850249108e+04 
       1.676929915504e-02       1.051813188885e+04 
       1.677594810573e-02       1.051775950615e+04 
       1.678259780384e-02       1.051738540025e+04 
       1.678924825025e-02       1.051700954769e+04 
       1.679589944582e-02       1.051663194935e+04 
       1.680255139142e-02       1.051625260617e+04 
       1.680920408794e-02       1.051587151903e+04 
       1.681585753626e-02       1.051548868886e+04 
       1.682251173724e-02       1.051510411645e+04 
       1.682916669177e-02       1.051471780296e+04 
       1.683582240072e-02       1.051432974918e+04 
       1.684247886499e-02       1.051393993083e+04 
       1.684913608546e-02       1.051354839686e+04 
       1.685579406300e-02       1.051315512544e+04 
       1.686245279850e-02       1.051276011708e+04 
       1.686911229285e-02       1.051236337278e+04 
       1.687577254695e-02       1.051196488646e+04 
       1.688243356167e-02       1.051156467221e+04 
       1.688909533791e-02       1.051116272447e+04 
       1.689575787657e-02       1.051075904427e+04 
       1.690242117853e-02       1.051035363247e+04 
       1.690908524469e-02       1.050994648999e+04 
       1.691575007594e-02       1.050953761758e+04 
       1.692241567320e-02       1.050912701645e+04 
       1.692908203734e-02       1.050871467811e+04 
       1.693574916928e-02       1.050830060294e+04 
       1.694241706992e-02       1.050788481832e+04 
       1.694908574015e-02       1.050746730813e+04 
       1.695575518088e-02       1.050704807325e+04 
       1.696242539303e-02       1.050662711457e+04 
       1.696909637749e-02       1.050620443299e+04 
       1.697576813517e-02       1.050578002941e+04 
       1.698244066698e-02       1.050535390480e+04 
       1.698911397384e-02       1.050492604557e+04 
       1.699578805666e-02       1.050449648028e+04 
       1.700246291634e-02       1.050406519620e+04 
       1.700913855381e-02       1.050363219457e+04 
       1.701581496999e-02       1.050319747614e+04 
       1.702249216578e-02       1.050276104182e+04 
       1.702917014211e-02       1.050232289251e+04 
       1.703584889990e-02       1.050188303645e+04 
       1.704252844007e-02       1.050144143249e+04 
       1.704920876355e-02       1.050099814195e+04 
       1.705588987125e-02       1.050055313950e+04 
       1.706257176411e-02       1.050010641318e+04 
       1.706925444305e-02       1.049965798922e+04 
       1.707593790900e-02       1.049920785610e+04 
       1.708262216290e-02       1.049875601476e+04 
       1.708930720567e-02       1.049830246565e+04 
       1.709599303824e-02       1.049784721019e+04 
       1.710267966155e-02       1.049739024904e+04 
       1.710936707654e-02       1.049693158306e+04 
       1.711605528414e-02       1.049647121315e+04 
       1.712274428530e-02       1.049600914018e+04 
       1.712943408094e-02       1.049554536504e+04 
       1.713612467202e-02       1.049507988862e+04 
       1.714281605947e-02       1.049461271180e+04 
       1.714950824425e-02       1.049414383549e+04 
       1.715620122728e-02       1.049367326061e+04 
       1.716289500953e-02       1.049320098808e+04 
       1.716958959194e-02       1.049272701884e+04 
       1.717628497546e-02       1.049225129348e+04 
       1.718298116105e-02       1.049177393374e+04 
       1.718967814964e-02       1.049129487462e+04 
       1.719637594221e-02       1.049081412164e+04 
       1.720307453969e-02       1.049033167564e+04 
       1.720977394306e-02       1.048984753750e+04 
       1.721647415327e-02       1.048936170807e+04 
       1.722317517127e-02       1.048887418820e+04 
       1.722987699804e-02       1.048838497874e+04 
       1.723657963453e-02       1.048789408057e+04 
       1.724328308170e-02       1.048740149455e+04 
       1.724998734053e-02       1.048690722159e+04 
       1.725669241197e-02       1.048641126237e+04 
       1.726339829700e-02       1.048591361781e+04 
       1.727010499659e-02       1.048541428896e+04 
       1.727681251171e-02       1.048491327659e+04 
       1.728352084333e-02       1.048441058158e+04 
       1.729022999242e-02       1.048390621718e+04 
       1.729693995997e-02       1.048340011629e+04 
       1.730365074694e-02       1.048289237607e+04 
       1.731036235432e-02       1.048238295631e+04 
       1.731707478309e-02       1.048187185787e+04 
       1.732378803423e-02       1.048135908159e+04 
       1.733050210871e-02       1.048084462833e+04 
       1.733721700754e-02       1.048032849893e+04 
       1.734393273169e-02       1.047981069426e+04 
       1.735064928214e-02       1.047929121502e+04 
       1.735736665990e-02       1.047877006231e+04 
       1.736408486594e-02       1.047824723689e+04 
       1.737080390126e-02       1.047772273960e+04 
       1.737752376686e-02       1.047719657135e+04 
       1.738424446373e-02       1.047666873300e+04 
       1.739096599287e-02       1.047613922546e+04 
       1.739768835526e-02       1.047560806662e+04 
       1.740441155192e-02       1.047507516376e+04 
       1.741113558385e-02       1.047454065037e+04 
       1.741786045204e-02       1.047400447074e+04 
       1.742458615750e-02       1.047346662572e+04 
       1.743131270124e-02       1.047292711616e+04 
       1.743804008426e-02       1.047238594288e+04 
       1.744476830757e-02       1.047184310670e+04 
       1.745149737218e-02       1.047129859890e+04 
       1.745822727911e-02       1.047075243879e+04 
       1.746495802936e-02       1.047020461823e+04 
       1.747168962395e-02       1.046965513804e+04 
       1.747842206390e-02       1.046910399909e+04 
       1.748515535022e-02       1.046855120220e+04 
       1.749188948393e-02       1.046799674823e+04 
       1.749862446606e-02       1.046744063801e+04 
       1.750536029763e-02       1.046688287242e+04 
       1.751209697966e-02       1.046632345231e+04 
       1.751883451317e-02       1.046576237857e+04 
       1.752557289919e-02       1.046519966790e+04 
       1.753231213876e-02       1.046463523367e+04 
       1.753905223289e-02       1.046406920096e+04 
       1.754579318263e-02       1.046350151741e+04 
       1.755253498900e-02       1.046293218404e+04 
       1.755927765305e-02       1.046236120163e+04 
       1.756602117580e-02       1.046178857100e+04 
       1.757276555829e-02       1.046121429297e+04 
       1.757951080157e-02       1.046063836838e+04 
       1.758625690667e-02       1.046006079805e+04 
       1.759300387464e-02       1.045948158285e+04 
       1.759975170653e-02       1.045890072360e+04 
       1.760650040336e-02       1.045831819770e+04 
       1.761324996621e-02       1.045773405495e+04 
       1.762000039611e-02       1.045714826668e+04 
       1.762675169411e-02       1.045656083758e+04 
       1.763350386126e-02       1.045597176832e+04 
       1.764025689863e-02       1.045538105976e+04 
       1.764701080726e-02       1.045478871269e+04 
       1.765376558822e-02       1.045419472798e+04 
       1.766052124255e-02       1.045359910643e+04 
       1.766727777132e-02       1.045300184894e+04 
       1.767403517560e-02       1.045240295545e+04 
       1.768079345644e-02       1.045180240158e+04 
       1.768755261491e-02       1.045120023903e+04 
       1.769431265208e-02       1.045059644355e+04 
       1.770107356902e-02       1.044999101595e+04 
       1.770783536678e-02       1.044938395790e+04 
       1.771459804646e-02       1.044877525758e+04 
       1.772136160911e-02       1.044816493768e+04 
       1.772812605582e-02       1.044755298879e+04 
       1.773489138766e-02       1.044693941172e+04 
       1.774165760571e-02       1.044632420730e+04 
       1.774842471105e-02       1.044570737633e+04 
       1.775519270475e-02       1.044508891964e+04 
       1.776196158791e-02       1.044446883803e+04 
       1.776873136160e-02       1.044384713235e+04 
       1.777550202692e-02       1.044322380344e+04 
       1.778227358495e-02       1.044259885216e+04 
       1.778904603678e-02       1.044197228539e+04 
       1.779581938350e-02       1.044134404503e+04 
       1.780259362621e-02       1.044071422836e+04 
       1.780936876599e-02       1.044008279214e+04 
       1.781614480395e-02       1.043944973716e+04 
       1.782292174119e-02       1.043881506424e+04 
       1.782969957879e-02       1.043817877421e+04 
       1.783647831787e-02       1.043754086773e+04 
       1.784325795953e-02       1.043690134576e+04 
       1.785003850487e-02       1.043626020904e+04 
       1.785681995500e-02       1.043561745841e+04 
       1.786360231102e-02       1.043497309467e+04 
       1.787038557405e-02       1.043432712309e+04 
       1.787716974520e-02       1.043367950972e+04 
       1.788395482558e-02       1.043303031545e+04 
       1.789074081630e-02       1.043237950576e+04 
       1.789752771849e-02       1.043172708680e+04 
       1.790431553325e-02       1.043107305939e+04 
       1.791110426172e-02       1.043041742435e+04 
       1.791789390500e-02       1.042976018250e+04 
       1.792468446423e-02       1.042910133998e+04 
       1.793147594054e-02       1.042844085241e+04 
       1.793826833504e-02       1.042777879268e+04 
       1.794506164886e-02       1.042711512907e+04 
       1.795185588314e-02       1.042644986235e+04 
       1.795865103901e-02       1.042578299648e+04 
       1.796544711760e-02       1.042511451282e+04 
       1.797224412005e-02       1.042444444058e+04 
       1.797904204749e-02       1.042377276840e+04 
       1.798584090107e-02       1.042309949695e+04 
       1.799264068192e-02       1.042242462702e+04 
       1.799944139119e-02       1.042174815939e+04 
       1.800624303002e-02       1.042107009486e+04 
       1.801304559956e-02       1.042039043425e+04 
       1.801984910096e-02       1.041970917836e+04 
       1.802665353536e-02       1.041902632800e+04 
       1.803345890391e-02       1.041834188403e+04 
       1.804026520778e-02       1.041765580637e+04 
       1.804707244811e-02       1.041696817618e+04 
       1.805388062606e-02       1.041627895264e+04 
       1.806068974279e-02       1.041558813803e+04 
       1.806749979947e-02       1.041489573339e+04 
       1.807431079724e-02       1.041420173938e+04 
       1.808112273728e-02       1.041350615677e+04 
       1.808793562076e-02       1.041280898636e+04 
       1.809474944883e-02       1.041211022892e+04 
       1.810156422267e-02       1.041140988525e+04 
       1.810837994345e-02       1.041070795613e+04 
       1.811519661235e-02       1.041000444799e+04 
       1.812201423053e-02       1.040929932335e+04 
       1.812883279918e-02       1.040859264091e+04 
       1.813565231947e-02       1.040788437591e+04 
       1.814247279258e-02       1.040717452911e+04 
       1.814929421970e-02       1.040646310113e+04 
       1.815611660200e-02       1.040575009304e+04 
       1.816293994069e-02       1.040503550553e+04 
       1.816976423693e-02       1.040431933928e+04 
       1.817658949192e-02       1.040360159517e+04 
       1.818341570686e-02       1.040288227399e+04 
       1.819024288294e-02       1.040216134407e+04 
       1.819707102134e-02       1.040143887330e+04 
       1.820390012327e-02       1.040071482314e+04 
       1.821073018993e-02       1.039998919871e+04 
       1.821756122252e-02       1.039926200065e+04 
       1.822439322223e-02       1.039853322023e+04 
       1.823122619028e-02       1.039780287685e+04 
       1.823806012787e-02       1.039707096192e+04 
       1.824489503620e-02       1.039633747652e+04 
       1.825173091650e-02       1.039560242138e+04 
       1.825856776996e-02       1.039486579701e+04 
       1.826540559781e-02       1.039412760442e+04 
       1.827224440125e-02       1.039338784432e+04 
       1.827908418152e-02       1.039264651749e+04 
       1.828592493981e-02       1.039190362473e+04 
       1.829276667737e-02       1.039115916681e+04 
       1.829960939540e-02       1.039041316123e+04 
       1.830645309514e-02       1.038966551718e+04 
       1.831329777781e-02       1.038891636524e+04 
       1.832014344465e-02       1.038816565080e+04 
       1.832699009687e-02       1.038741337444e+04 
       1.833383773572e-02       1.038665953719e+04 
       1.834068636243e-02       1.038590413967e+04 
       1.834753597823e-02       1.038514718262e+04 
       1.835438658437e-02       1.038438866682e+04 
       1.836123818209e-02       1.038362859299e+04 
       1.836809077262e-02       1.038286696194e+04 
       1.837494435721e-02       1.038210377434e+04 
       1.838179893711e-02       1.038133901038e+04 
       1.838865451357e-02       1.038057271027e+04 
       1.839551108784e-02       1.037980485598e+04 
       1.840236866116e-02       1.037903544797e+04 
       1.840922723480e-02       1.037826448700e+04 
       1.841608681000e-02       1.037749197364e+04 
       1.842294738804e-02       1.037671790900e+04 
       1.842980897016e-02       1.037594229359e+04 
       1.843667155763e-02       1.037516512829e+04 
       1.844353515171e-02       1.037438641383e+04 
       1.845039975368e-02       1.037360616139e+04 
       1.845726536479e-02       1.037282431069e+04 
       1.846413198632e-02       1.037204095096e+04 
       1.847099961953e-02       1.037125604474e+04 
       1.847786826572e-02       1.037046959279e+04 
       1.848473792614e-02       1.036968159283e+04 
       1.849160860208e-02       1.036889204420e+04 
       1.849848029481e-02       1.036810095847e+04 
       1.850535300563e-02       1.036730832994e+04 
       1.851222673581e-02       1.036651415923e+04 
       1.851910148664e-02       1.036571844706e+04 
       1.852597725941e-02       1.036492119421e+04 
       1.853285405541e-02       1.036412240139e+04 
       1.853973187593e-02       1.036332206939e+04 
       1.854661072226e-02       1.036252019895e+04 
       1.855349059570e-02       1.036171679084e+04 
       1.856037149755e-02       1.036091184489e+04 
       1.856725342912e-02       1.036010532354e+04 
       1.857413639169e-02       1.035929730405e+04 
       1.858102038658e-02       1.035848774922e+04 
       1.858790541510e-02       1.035767665983e+04 
       1.859479147854e-02       1.035686403685e+04 
       1.860167857823e-02       1.035604988087e+04 
       1.860856671547e-02       1.035523419262e+04 
       1.861545589159e-02       1.035441697284e+04 
       1.862234610789e-02       1.035359822225e+04 
       1.862923736570e-02       1.035277794157e+04 
       1.863612966633e-02       1.035195613156e+04 
       1.864302301112e-02       1.035113280178e+04 
       1.864991740138e-02       1.035030790426e+04 
       1.865681283844e-02       1.034948150889e+04 
       1.866370932364e-02       1.034865358687e+04 
       1.867060685830e-02       1.034782413889e+04 
       1.867750544376e-02       1.034699316554e+04 
       1.868440508135e-02       1.034616066781e+04 
       1.869130577242e-02       1.034532664629e+04 
       1.869820751829e-02       1.034449110172e+04 
       1.870511032032e-02       1.034365403483e+04 
       1.871201417986e-02       1.034281544636e+04 
       1.871891909823e-02       1.034197530826e+04 
       1.872582507680e-02       1.034113367628e+04 
       1.873273211692e-02       1.034029052492e+04 
       1.873964021993e-02       1.033944585456e+04 
       1.874654938719e-02       1.033859966553e+04 
       1.875345962007e-02       1.033775194946e+04 
       1.876037091991e-02       1.033690272554e+04 
       1.876728328809e-02       1.033605198515e+04 
       1.877419672596e-02       1.033519972933e+04 
       1.878111123489e-02       1.033434595863e+04 
       1.878802681626e-02       1.033349067376e+04 
       1.879494347142e-02       1.033263387543e+04 
       1.880186120175e-02       1.033177556438e+04 
       1.880878000863e-02       1.033091574131e+04 
       1.881569989344e-02       1.033005440697e+04 
       1.882262085754e-02       1.032919156209e+04 
       1.882954290233e-02       1.032832722463e+04 
       1.883646602919e-02       1.032746130071e+04 
       1.884339023951e-02       1.032659392520e+04 
       1.885031553466e-02       1.032572504166e+04 
       1.885724191605e-02       1.032485465027e+04 
       1.886416938506e-02       1.032398275235e+04 
       1.887109794309e-02       1.032310934835e+04 
       1.887802759153e-02       1.032223443898e+04 
       1.888495833179e-02       1.032135802492e+04 
       1.889189016527e-02       1.032048010689e+04 
       1.889882309337e-02       1.031960068559e+04 
       1.890575711749e-02       1.031871976174e+04 
       1.891269223905e-02       1.031783731318e+04 
       1.891962845945e-02       1.031695338595e+04 
       1.892656578011e-02       1.031606795676e+04 
       1.893350420244e-02       1.031518102755e+04 
       1.894044372787e-02       1.031429259892e+04 
       1.894738435780e-02       1.031340267164e+04 
       1.895432609366e-02       1.031251124647e+04 
       1.896126893687e-02       1.031161832404e+04 
       1.896821288887e-02       1.031072390507e+04 
       1.897515795108e-02       1.030982799026e+04 
       1.898210412493e-02       1.030893058416e+04 
       1.898905141186e-02       1.030803164562e+04 
       1.899599981329e-02       1.030713124523e+04 
       1.900294933067e-02       1.030622935144e+04 
       1.900989996545e-02       1.030532596497e+04 
       1.901685171905e-02       1.030442109003e+04 
       1.902380459293e-02       1.030351470616e+04 
       1.903075858853e-02       1.030260684464e+04 
       1.903771370731e-02       1.030169749323e+04 
       1.904466995071e-02       1.030078665241e+04 
       1.905162732019e-02       1.029987432284e+04 
       1.905858581720e-02       1.029896050521e+04 
       1.906554544321e-02       1.029804520021e+04 
       1.907250619968e-02       1.029712840853e+04 
       1.907946808807e-02       1.029621013087e+04 
       1.908643110984e-02       1.029529036794e+04 
       1.909339526647e-02       1.029436912047e+04 
       1.910036055942e-02       1.029344635235e+04 
       1.910732699018e-02       1.029252213020e+04 
       1.911429456021e-02       1.029159642967e+04 
       1.912126327099e-02       1.029066924668e+04 
       1.912823312400e-02       1.028974058217e+04 
       1.913520412073e-02       1.028881043667e+04 
       1.914217626267e-02       1.028787881083e+04 
       1.914914955129e-02       1.028694570534e+04 
       1.915612398809e-02       1.028601112086e+04 
       1.916309957456e-02       1.028507505806e+04 
       1.917007631220e-02       1.028413751763e+04 
       1.917705420251e-02       1.028319849986e+04 
       1.918403324698e-02       1.028225798422e+04 
       1.919101344711e-02       1.028131601340e+04 
       1.919799480442e-02       1.028037256726e+04 
       1.920497732041e-02       1.027942764659e+04 
       1.921196099659e-02       1.027848125185e+04 
       1.921894583446e-02       1.027753338404e+04 
       1.922593183555e-02       1.027658404367e+04 
       1.923291900138e-02       1.027563323141e+04 
       1.923990733345e-02       1.027468094794e+04 
       1.924689683330e-02       1.027372719394e+04 
       1.925388750245e-02       1.027277197833e+04 
       1.926087934243e-02       1.027181524597e+04 
       1.926787235476e-02       1.027085708202e+04 
       1.927486654098e-02       1.026989744988e+04 
       1.928186190262e-02       1.026893635020e+04 
       1.928885844122e-02       1.026797378798e+04 
       1.929585615831e-02       1.026700973981e+04 
       1.930285505545e-02       1.026604424053e+04 
       1.930985513418e-02       1.026507727619e+04 
       1.931685639604e-02       1.026410884743e+04 
       1.932385884258e-02       1.026313895491e+04 
       1.933086247535e-02       1.026216759928e+04 
       1.933786729592e-02       1.026119478118e+04 
       1.934487330583e-02       1.026022050128e+04 
       1.935188050665e-02       1.025924476024e+04 
       1.935888889994e-02       1.025826755875e+04 
       1.936589848727e-02       1.025728889750e+04 
       1.937290927019e-02       1.025630873692e+04 
       1.937992125030e-02       1.025532715311e+04 
       1.938693442914e-02       1.025434411277e+04 
       1.939394880831e-02       1.025335961492e+04 
       1.940096438938e-02       1.025237366004e+04 
       1.940798117392e-02       1.025138624878e+04 
       1.941499916354e-02       1.025039738176e+04 
       1.942201835980e-02       1.024940705963e+04 
       1.942903876429e-02       1.024841528302e+04 
       1.943606037862e-02       1.024742205259e+04 
       1.944308320437e-02       1.024642736897e+04 
       1.945010724314e-02       1.024543123269e+04 
       1.945713249653e-02       1.024443362276e+04 
       1.946415896614e-02       1.024343458133e+04 
       1.947118665357e-02       1.024243408935e+04 
       1.947821556043e-02       1.024143214725e+04 
       1.948524568833e-02       1.024042875553e+04 
       1.949227703889e-02       1.023942391481e+04 
       1.949930961372e-02       1.023841762574e+04 
       1.950634341443e-02       1.023740988895e+04 
       1.951337844265e-02       1.023640070510e+04 
       1.952041470000e-02       1.023539007482e+04 
       1.952745218810e-02       1.023437800224e+04 
       1.953449090859e-02       1.023336444622e+04 
       1.954153086309e-02       1.023234947820e+04 
       1.954857205324e-02       1.023133306599e+04 
       1.955561448068e-02       1.023031521012e+04 
       1.956265814704e-02       1.022929591411e+04 
       1.956970305397e-02       1.022827515909e+04 
       1.957674920311e-02       1.022725297537e+04 
       1.958379659611e-02       1.022622935042e+04 
       1.959084523462e-02       1.022520428485e+04 
       1.959789512029e-02       1.022417777930e+04 
       1.960494625478e-02       1.022314983437e+04 
       1.961199863975e-02       1.022212045070e+04 
       1.961905227686e-02       1.022108962889e+04 
       1.962610716777e-02       1.022005736961e+04 
       1.963316331415e-02       1.021902367355e+04 
       1.964022071766e-02       1.021798854116e+04 
       1.964727937999e-02       1.021695199118e+04 
       1.965433930281e-02       1.021591392509e+04 
       1.966140048779e-02       1.021487448447e+04 
       1.966846293662e-02       1.021383360966e+04 
       1.967552665098e-02       1.021279130127e+04 
       1.968259163255e-02       1.021174755989e+04 
       1.968965788303e-02       1.021070238613e+04 
       1.969672540411e-02       1.020965578059e+04 
       1.970379419748e-02       1.020860774389e+04 
       1.971086426484e-02       1.020755827663e+04 
       1.971793560790e-02       1.020650737943e+04 
       1.972500822834e-02       1.020545505293e+04 
       1.973208212789e-02       1.020440128251e+04 
       1.973915730825e-02       1.020334609017e+04 
       1.974623377114e-02       1.020228947746e+04 
       1.975331151826e-02       1.020123143759e+04 
       1.976039055134e-02       1.020017197117e+04 
       1.976747087209e-02       1.019911107876e+04 
       1.977455248225e-02       1.019804876102e+04 
       1.978163538353e-02       1.019698501851e+04 
       1.978871957767e-02       1.019591985184e+04 
       1.979580506640e-02       1.019485326164e+04 
       1.980289185146e-02       1.019378524854e+04 
       1.980997993458e-02       1.019271578030e+04 
       1.981706931750e-02       1.019164492269e+04 
       1.982416000198e-02       1.019057264189e+04 
       1.983125198974e-02       1.018949894008e+04 
       1.983834528256e-02       1.018842381809e+04 
       1.984543988217e-02       1.018734726599e+04 
       1.985253579035e-02       1.018626930436e+04 
       1.985963300883e-02       1.018518992432e+04 
       1.986673153939e-02       1.018410912623e+04 
       1.987383138380e-02       1.018302691072e+04 
       1.988093254381e-02       1.018194327836e+04 
       1.988803502120e-02       1.018085822973e+04 
       1.989513881775e-02       1.017977176543e+04 
       1.990224393523e-02       1.017868388606e+04 
       1.990935037542e-02       1.017759459223e+04 
       1.991645814011e-02       1.017650388438e+04 
       1.992356723108e-02       1.017541176179e+04 
       1.993067765012e-02       1.017431818522e+04 
       1.993778939902e-02       1.017322323637e+04 
       1.994490247957e-02       1.017212687551e+04 
       1.995201689359e-02       1.017102910318e+04 
       1.995913264286e-02       1.016992992009e+04 
       1.996624972919e-02       1.016882932676e+04 
       1.997336815439e-02       1.016772732376e+04 
       1.998048792027e-02       1.016662391167e+04 
       1.998760902865e-02       1.016551909108e+04 
       1.999473148133e-02       1.016441286255e+04 
       2.000185528015e-02       1.016330522669e+04 
       2.000898042692e-02       1.016219618769e+04 
       2.001610692347e-02       1.016108571137e+04 
       2.002323477162e-02       1.015997385513e+04 
       2.003036397322e-02       1.015886059357e+04 
       2.003749453009e-02       1.015774592726e+04 
       2.004462644408e-02       1.015662985677e+04 
       2.005175971702e-02       1.015551238265e+04 
       2.005889435077e-02       1.015439350548e+04 
       2.006603034717e-02       1.015327322583e+04 
       2.007316770806e-02       1.015215154429e+04 
       2.008030643532e-02       1.015102846145e+04 
       2.008744653078e-02       1.014990398933e+04 
       2.009458799632e-02       1.014877806136e+04 
       2.010173083380e-02       1.014765077559e+04 
       2.010887504508e-02       1.014652209046e+04 
       2.011602063204e-02       1.014539200654e+04 
       2.012316759655e-02       1.014426052880e+04 
       2.013031594048e-02       1.014312763331e+04 
       2.013746566573e-02       1.014199335550e+04 
       2.014461677416e-02       1.014085768099e+04 
       2.015176926766e-02       1.013972061032e+04 
       2.015892314814e-02       1.013858214406e+04 
       2.016607841747e-02       1.013744228276e+04 
       2.017323507756e-02       1.013630102696e+04 
       2.018039313030e-02       1.013515837724e+04 
       2.018755257760e-02       1.013401433397e+04 
       2.019471342137e-02       1.013286889806e+04 
       2.020187566351e-02       1.013172206997e+04 
       2.020903930593e-02       1.013057381854e+04 
       2.021620435056e-02       1.012942419281e+04 
       2.022337079932e-02       1.012827318793e+04 
       2.023053865411e-02       1.012712079260e+04 
       2.023770791688e-02       1.012596700736e+04 
       2.024487858955e-02       1.012481183275e+04 
       2.025205067406e-02       1.012365526930e+04 
       2.025922417233e-02       1.012249731760e+04 
       2.026639908631e-02       1.012133797806e+04 
       2.027357541795e-02       1.012017725118e+04 
       2.028075316918e-02       1.011901513776e+04 
       2.028793234196e-02       1.011785163820e+04 
       2.029511293825e-02       1.011668672964e+04 
       2.030229495999e-02       1.011552045808e+04 
       2.030947840914e-02       1.011435280149e+04 
       2.031666328768e-02       1.011318376066e+04 
       2.032384959757e-02       1.011201333614e+04 
       2.033103734077e-02       1.011084152844e+04 
       2.033822651926e-02       1.010966833811e+04 
       2.034541713502e-02       1.010849376569e+04 
       2.035260919003e-02       1.010731781172e+04 
       2.035980268628e-02       1.010614047660e+04 
       2.036699762574e-02       1.010496176044e+04 
       2.037419401041e-02       1.010378163374e+04 
       2.038139184229e-02       1.010260015662e+04 
       2.038859112336e-02       1.010141730038e+04 
       2.039579185565e-02       1.010023306549e+04 
       2.040299404114e-02       1.009904745418e+04 
       2.041019768185e-02       1.009786045075e+04 
       2.041740277978e-02       1.009667208222e+04 
       2.042460933696e-02       1.009548233699e+04 
       2.043181735541e-02       1.009429121559e+04 
       2.043902683713e-02       1.009309871852e+04 
       2.044623778417e-02       1.009190484631e+04 
       2.045345019855e-02       1.009070959927e+04 
       2.046066408231e-02       1.008951297828e+04 
       2.046787943747e-02       1.008831498371e+04 
       2.047509626609e-02       1.008711561612e+04 
       2.048231457020e-02       1.008591487605e+04 
       2.048953435185e-02       1.008471278227e+04 
       2.049675561309e-02       1.008350923447e+04 
       2.050397835599e-02       1.008230437670e+04 
       2.051120258259e-02       1.008109814808e+04 
       2.051842829495e-02       1.007989054911e+04 
       2.052565549515e-02       1.007868158028e+04 
       2.053288418526e-02       1.007747124209e+04 
       2.054011436733e-02       1.007625953487e+04 
       2.054734604346e-02       1.007504645944e+04 
       2.055457921573e-02       1.007383201615e+04 
       2.056181388620e-02       1.007261620553e+04 
       2.056905005699e-02       1.007139902809e+04 
       2.057628773016e-02       1.007018046467e+04 
       2.058352690783e-02       1.006896055011e+04 
       2.059076759209e-02       1.006773927335e+04 
       2.059800978503e-02       1.006651663152e+04 
       2.060525348877e-02       1.006529262513e+04 
       2.061249870542e-02       1.006406725466e+04 
       2.061974543709e-02       1.006284052061e+04 
       2.062699368590e-02       1.006161242332e+04 
       2.063424345397e-02       1.006038296359e+04 
       2.064149474342e-02       1.005915214181e+04 
       2.064874755638e-02       1.005791995826e+04 
       2.065600189499e-02       1.005668638276e+04 
       2.066325776138e-02       1.005545147497e+04 
       2.067051515769e-02       1.005421520741e+04 
       2.067777408606e-02       1.005297757996e+04 
       2.068503454865e-02       1.005173859270e+04 
       2.069229654760e-02       1.005049823620e+04 
       2.069956008507e-02       1.004925653125e+04 
       2.070682516322e-02       1.004801346818e+04 
       2.071409178421e-02       1.004676904763e+04 
       2.072135995021e-02       1.004552326952e+04 
       2.072862966339e-02       1.004427613505e+04 
       2.073590092592e-02       1.004302764442e+04 
       2.074317373998e-02       1.004177779813e+04 
       2.075044810776e-02       1.004052659666e+04 
       2.075772403145e-02       1.003927404053e+04 
       2.076500151322e-02       1.003802013024e+04 
       2.077228055528e-02       1.003676487768e+04 
       2.077956115982e-02       1.003550820319e+04 
       2.078684332905e-02       1.003425023002e+04 
       2.079412706517e-02       1.003299090419e+04 
       2.080141237040e-02       1.003173022614e+04 
       2.080869924694e-02       1.003046819614e+04 
       2.081598769701e-02       1.002920481501e+04 
       2.082327772284e-02       1.002794008304e+04 
       2.083056932665e-02       1.002667400071e+04 
       2.083786251068e-02       1.002540656849e+04 
       2.084515727715e-02       1.002413778685e+04 
       2.085245362830e-02       1.002286765627e+04 
       2.085975156638e-02       1.002159618225e+04 
       2.086705109364e-02       1.002032332557e+04 
       2.087435221231e-02       1.001904914915e+04 
       2.088165492466e-02       1.001777362540e+04 
       2.088895923295e-02       1.001649675478e+04 
       2.089626513943e-02       1.001521853757e+04 
       2.090357264638e-02       1.001393897453e+04 
       2.091088175606e-02       1.001265806600e+04 
       2.091819247075e-02       1.001137581244e+04 
       2.092550479273e-02       1.001009221433e+04 
       2.093281872427e-02       1.000880727215e+04 
       2.094013426768e-02       1.000752095007e+04 
       2.094745142523e-02       1.000623332322e+04 
       2.095477019923e-02       1.000494434900e+04 
       2.096209059197e-02       1.000365403222e+04 
       2.096941260576e-02       1.000236237325e+04 
       2.097673624290e-02       1.000106936188e+04 
       2.098406150571e-02       9.999775018917e+03 
       2.099138839651e-02       9.998479335389e+03 
       2.099871691760e-02       9.997182311395e+03 
       2.100604707133e-02       9.995883947368e+03 
       2.101337886002e-02       9.994584243757e+03 
       2.102071228599e-02       9.993283201008e+03 
       2.102804735159e-02       9.991980819572e+03 
       2.103538405917e-02       9.990677099898e+03 
       2.104272241106e-02       9.989372042448e+03 
       2.105006240961e-02       9.988065647705e+03 
       2.105740405719e-02       9.986757918764e+03 
       2.106474735614e-02       9.985448802238e+03 
       2.107209230884e-02       9.984138394768e+03 
       2.107943891765e-02       9.982826651527e+03 
       2.108678718494e-02       9.981513572734e+03 
       2.109413711309e-02       9.980199158812e+03 
       2.110148870448e-02       9.978883410191e+03 
       2.110884196150e-02       9.977566327295e+03 
       2.111619688652e-02       9.976247910552e+03 
       2.112355348196e-02       9.974928160394e+03 
       2.113091175020e-02       9.973607077250e+03 
       2.113827169364e-02       9.972284661567e+03 
       2.114563331470e-02       9.970960922878e+03 
       2.115299661579e-02       9.969635809761e+03 
       2.116036159932e-02       9.968309397075e+03 
       2.116772826770e-02       9.966981653422e+03 
       2.117509662338e-02       9.965652579090e+03 
       2.118246666877e-02       9.964322174490e+03 
       2.118983840631e-02       9.962990440048e+03 
       2.119721183844e-02       9.961657376186e+03 
       2.120458696759e-02       9.960322983330e+03 
       2.121196379623e-02       9.958987261922e+03 
       2.121934232679e-02       9.957650212399e+03 
       2.122672256174e-02       9.956311812875e+03 
       2.123410450353e-02       9.954972096627e+03 
       2.124148815463e-02       9.953631062785e+03 
       2.124887351752e-02       9.952288702185e+03 
       2.125626059465e-02       9.950945015041e+03 
       2.126364938853e-02       9.949599989127e+03 
       2.127103990161e-02       9.948253651748e+03 
       2.127843213641e-02       9.946905987234e+03 
       2.128582609540e-02       9.945556997862e+03 
       2.129322178109e-02       9.944206684032e+03 
       2.130061919598e-02       9.942855046145e+03 
       2.130801834257e-02       9.941502084595e+03 
       2.131541922338e-02       9.940147799806e+03 
       2.132282184092e-02       9.938792192182e+03 
       2.133022619771e-02       9.937435262147e+03 
       2.133763229628e-02       9.936077010126e+03 
       2.134504013916e-02       9.934717435449e+03 
       2.135244972888e-02       9.933356495858e+03 
       2.135986106799e-02       9.931994276917e+03 
       2.136727415902e-02       9.930630737322e+03 
       2.137468900453e-02       9.929265877327e+03 
       2.138210560706e-02       9.927899697276e+03 
       2.138952396919e-02       9.926532197569e+03 
       2.139694409347e-02       9.925163378584e+03 
       2.140436598247e-02       9.923793240723e+03 
       2.141178963876e-02       9.922421784371e+03 
       2.141921506492e-02       9.921049009921e+03 
       2.142664226354e-02       9.919674917768e+03 
       2.143407123720e-02       9.918299512350e+03 
       2.144150198849e-02       9.916922757172e+03 
       2.144893452001e-02       9.915544712421e+03 
       2.145636883437e-02       9.914165351234e+03 
       2.146380493416e-02       9.912784674044e+03 
       2.147124282201e-02       9.911402681075e+03 
       2.147868250053e-02       9.910019372862e+03 
       2.148612397233e-02       9.908634749726e+03 
       2.149356724006e-02       9.907248812068e+03 
       2.150101230633e-02       9.905861560280e+03 
       2.150845917379e-02       9.904472994764e+03 
       2.151590784507e-02       9.903083129492e+03 
       2.152335832283e-02       9.901691889979e+03 
       2.153081060971e-02       9.900299383044e+03 
       2.153826470837e-02       9.898905563561e+03 
       2.154572062148e-02       9.897510431909e+03 
       2.155317835169e-02       9.896113988042e+03 
       2.156063790169e-02       9.894716221701e+03 
       2.156809927415e-02       9.893317154808e+03 
       2.157556247174e-02       9.891916777056e+03 
       2.158302749716e-02       9.890515088809e+03 
       2.159049435310e-02       9.889112090423e+03 
       2.159796304225e-02       9.887707782255e+03 
       2.160543356732e-02       9.886302164669e+03 
       2.161290593102e-02       9.884895237841e+03 
       2.162038013606e-02       9.883487002490e+03 
       2.162785618514e-02       9.882077458845e+03 
       2.163533408101e-02       9.880666607302e+03 
       2.164281382638e-02       9.879254394329e+03 
       2.165029542399e-02       9.877840933214e+03 
       2.165777887658e-02       9.876426156539e+03 
       2.166526418689e-02       9.875010072928e+03 
       2.167275135767e-02       9.873592682735e+03 
       2.168024039167e-02       9.872173986298e+03 
       2.168773129166e-02       9.870753983959e+03 
       2.169522406039e-02       9.869332676041e+03 
       2.170271870064e-02       9.867910062740e+03 
       2.171021521518e-02       9.866486144698e+03 
       2.171771360680e-02       9.865060922125e+03 
       2.172521387827e-02       9.863634394972e+03 
       2.173271603240e-02       9.862206540763e+03 
       2.174022007197e-02       9.860777404720e+03 
       2.174772599978e-02       9.859346965518e+03 
       2.175523381866e-02       9.857915223231e+03 
       2.176274353140e-02       9.856482178201e+03 
       2.177025514083e-02       9.855047830758e+03 
       2.177776864976e-02       9.853612181241e+03 
       2.178528406104e-02       9.852175229990e+03 
       2.179280137749e-02       9.850736977169e+03 
       2.180032060195e-02       9.849297423438e+03 
       2.180784173727e-02       9.847856573762e+03 
       2.181536478629e-02       9.846414380688e+03 
       2.182288975188e-02       9.844970923518e+03 
       2.183041663690e-02       9.843526166320e+03 
       2.183794544421e-02       9.842080109428e+03 
       2.184547617669e-02       9.840632756346e+03 
       2.185300883721e-02       9.839184086130e+03 
       2.186054342866e-02       9.837734131201e+03 
       2.186807995393e-02       9.836282877726e+03 
       2.187561841591e-02       9.834830326011e+03 
       2.188315881750e-02       9.833376476203e+03 
       2.189070116162e-02       9.831921328860e+03 
       2.189824545116e-02       9.830464884249e+03 
       2.190579168906e-02       9.829007142663e+03 
       2.191333987822e-02       9.827548104422e+03 
       2.192089002159e-02       9.826087769870e+03 
       2.192844212210e-02       9.824626139366e+03 
       2.193599618268e-02       9.823163232534e+03 
       2.194355220628e-02       9.821698943567e+03 
       2.195111019586e-02       9.820233423592e+03 
       2.195867015437e-02       9.818766608451e+03 
       2.196623208477e-02       9.817298498436e+03 
       2.197379599004e-02       9.815829093629e+03 
       2.198136187315e-02       9.814358394694e+03 
       2.198892973708e-02       9.812886401753e+03 
       2.199649958481e-02       9.811413115110e+03 
       2.200407141934e-02       9.809938535063e+03 
       2.201164524366e-02       9.808462661917e+03 
       2.201922106079e-02       9.806985495984e+03 
       2.202679887373e-02       9.805507022618e+03 
       2.203437868549e-02       9.804027261285e+03 
       2.204196049910e-02       9.802546216846e+03 
       2.204954431759e-02       9.801063880535e+03 
       2.205713014398e-02       9.799580252463e+03 
       2.206471798133e-02       9.798095333212e+03 
       2.207230783266e-02       9.796609122940e+03 
       2.207989970105e-02       9.795121621932e+03 
       2.208749358953e-02       9.793632830494e+03 
       2.209508950118e-02       9.792142748928e+03 
       2.210268743907e-02       9.790651377509e+03 
       2.211028740627e-02       9.789158681860e+03 
       2.211788940586e-02       9.787664731049e+03 
       2.212549344093e-02       9.786169489271e+03 
       2.213309951457e-02       9.784672958473e+03 
       2.214070762989e-02       9.783175138765e+03 
       2.214831778999e-02       9.781676019824e+03 
       2.215592999798e-02       9.780175622599e+03 
       2.216354425698e-02       9.778673937478e+03 
       2.217116057012e-02       9.777170964552e+03 
       2.217877894052e-02       9.775666704090e+03 
       2.218639937133e-02       9.774161156361e+03 
       2.219402186568e-02       9.772654321632e+03 
       2.220164642673e-02       9.771146200181e+03 
       2.220927305762e-02       9.769636792277e+03 
       2.221690176153e-02       9.768126098231e+03 
       2.222453254162e-02       9.766614118348e+03 
       2.223216540106e-02       9.765100849853e+03 
       2.223980034304e-02       9.763586254953e+03 
       2.224743737074e-02       9.762070415619e+03 
       2.225507648736e-02       9.760553291062e+03 
       2.226271769609e-02       9.759034881414e+03 
       2.227036100014e-02       9.757515187031e+03 
       2.227800640273e-02       9.755994208125e+03 
       2.228565390707e-02       9.754471944944e+03 
       2.229330351639e-02       9.752948397738e+03 
       2.230095523391e-02       9.751423566768e+03 
       2.230860906289e-02       9.749897452296e+03 
       2.231626500656e-02       9.748370060946e+03 
       2.232392306817e-02       9.746841349748e+03 
       2.233158325099e-02       9.745311384309e+03 
       2.233924555827e-02       9.743780136257e+03 
       2.234690999329e-02       9.742247605666e+03 
       2.235457655932e-02       9.740713792779e+03 
       2.236224525965e-02       9.739178697829e+03 
       2.236991609757e-02       9.737642321064e+03 
       2.237758907638e-02       9.736104662729e+03 
       2.238526419937e-02       9.734565723072e+03 
       2.239294146986e-02       9.733025501286e+03 
       2.240062089118e-02       9.731483968476e+03 
       2.240830246663e-02       9.729941184314e+03 
       2.241598619955e-02       9.728397119271e+03 
       2.242367209328e-02       9.726851773585e+03 
       2.243136015117e-02       9.725305154174e+03 
       2.243905037656e-02       9.723757224146e+03 
       2.244674277280e-02       9.722208037315e+03 
       2.245443734327e-02       9.720657570730e+03 
       2.246213409134e-02       9.719105824624e+03 
       2.246983302038e-02       9.717552799180e+03 
       2.247753413378e-02       9.715998494607e+03 
       2.248523743493e-02       9.714442911125e+03 
       2.249294292723e-02       9.712886048938e+03 
       2.250065061408e-02       9.711327908255e+03 
       2.250836049889e-02       9.709768489104e+03 
       2.251607258509e-02       9.708207792006e+03 
       2.252378687610e-02       9.706645817040e+03 
       2.253150337535e-02       9.705082564418e+03 
       2.253922208629e-02       9.703518034381e+03 
       2.254694301236e-02       9.701952227155e+03 
       2.255466615701e-02       9.700385143006e+03 
       2.256239152371e-02       9.698816782177e+03 
       2.257011911592e-02       9.697247159856e+03 
       2.257784893713e-02       9.695676157426e+03 
       2.258558099080e-02       9.694103962745e+03 
       2.259331528043e-02       9.692530491502e+03 
       2.260105180953e-02       9.690955743758e+03 
       2.260879058158e-02       9.689379720007e+03 
       2.261653160011e-02       9.687802420278e+03 
       2.262427486862e-02       9.686223844755e+03 
       2.263202039065e-02       9.684643993610e+03 
       2.263976816973e-02       9.683062867022e+03 
       2.264751820940e-02       9.681480465162e+03 
       2.265527051321e-02       9.679896788194e+03 
       2.266302508470e-02       9.678311836305e+03 
       2.267078192744e-02       9.676725609666e+03 
       2.267854104500e-02       9.675138118755e+03 
       2.268630244096e-02       9.673549352332e+03 
       2.269406611890e-02       9.671959259643e+03 
       2.270183208241e-02       9.670367934484e+03 
       2.270960033509e-02       9.668775335257e+03 
       2.271737088054e-02       9.667181462135e+03 
       2.272514372238e-02       9.665586315279e+03 
       2.273291886423e-02       9.663989894859e+03 
       2.274069630972e-02       9.662392201038e+03 
       2.274847606249e-02       9.660793233976e+03 
       2.275625812616e-02       9.659192993849e+03 
       2.276404250441e-02       9.657591480822e+03 
       2.277182920088e-02       9.655988695065e+03 
       2.277961821925e-02       9.654384636576e+03 
       2.278740956317e-02       9.652779305846e+03 
       2.279520323635e-02       9.651172702988e+03 
       2.280299924246e-02       9.649564827332e+03 
       2.281079758520e-02       9.647955633480e+03 
       2.281859826828e-02       9.646345211680e+03 
       2.282640129541e-02       9.644733517913e+03 
       2.283420667030e-02       9.643120552315e+03 
       2.284201439669e-02       9.641506315032e+03 
       2.284982447831e-02       9.639890806223e+03 
       2.285763691890e-02       9.638274027936e+03 
       2.286545172222e-02       9.636655962776e+03 
       2.287326889201e-02       9.635036639217e+03 
       2.288108843206e-02       9.633416044731e+03 
       2.288891034613e-02       9.631794179338e+03 
       2.289673463801e-02       9.630171043074e+03 
       2.290456131148e-02       9.628546636182e+03 
       2.291239037034e-02       9.626920958770e+03 
       2.292022181840e-02       9.625294010982e+03 
       2.292805565948e-02       9.623665792954e+03 
       2.293589189740e-02       9.622036304876e+03 
       2.294373053597e-02       9.620405546895e+03 
       2.295157157906e-02       9.618773538762e+03 
       2.295941503049e-02       9.617140173037e+03 
       2.296726089413e-02       9.615505602647e+03 
       2.297510917383e-02       9.613869762425e+03 
       2.298295987347e-02       9.612232652480e+03 
       2.299081299693e-02       9.610594272935e+03 
       2.299866854809e-02       9.608954623903e+03 
       2.300652653084e-02       9.607313705501e+03 
       2.301438694910e-02       9.605671517849e+03 
       2.302224980677e-02       9.604028061067e+03 
       2.303011510777e-02       9.602383335292e+03 
       2.303798285603e-02       9.600737340639e+03 
       2.304585305549e-02       9.599090049920e+03 
       2.305372571009e-02       9.597441519019e+03 
       2.306160082379e-02       9.595791716475e+03 
       2.306947840054e-02       9.594140645242e+03 
       2.307735844432e-02       9.592488305425e+03 
       2.308524095910e-02       9.590834697120e+03 
       2.309312594887e-02       9.589179820437e+03 
       2.310101341763e-02       9.587523675483e+03 
       2.310890336938e-02       9.585866262368e+03 
       2.311679580813e-02       9.584207581227e+03 
       2.312469073791e-02       9.582547631014e+03 
       2.313258816273e-02       9.580886381412e+03 
       2.314048808665e-02       9.579223894514e+03 
       2.314839051371e-02       9.577560139586e+03 
       2.315629544796e-02       9.575895116801e+03 
       2.316420289346e-02       9.574228827584e+03 
       2.317211285430e-02       9.572561256128e+03 
       2.318002533454e-02       9.570892429422e+03 
       2.318794033829e-02       9.569222335085e+03 
       2.319585786964e-02       9.567550973181e+03 
       2.320377793269e-02       9.565878343787e+03 
       2.321170053157e-02       9.564204446992e+03 
       2.321962567039e-02       9.562529282876e+03 
       2.322755335330e-02       9.560852851525e+03 
       2.323548358444e-02       9.559175152828e+03 
       2.324341636796e-02       9.557496187239e+03 
       2.325135170801e-02       9.555815954706e+03 
       2.325928960877e-02       9.554134469056e+03 
       2.326723007442e-02       9.552451640442e+03 
       2.327517310915e-02       9.550767604102e+03 
       2.328311871715e-02       9.549082300660e+03 
       2.329106690263e-02       9.547395730174e+03 
       2.329901766980e-02       9.545707892698e+03 
       2.330697102289e-02       9.544018788280e+03 
       2.331492696614e-02       9.542328416973e+03 
       2.332288550377e-02       9.540636778650e+03 
       2.333084664006e-02       9.538943873681e+03 
       2.333881037924e-02       9.537249701989e+03 
       2.334677672561e-02       9.535554263641e+03 
       2.335474568343e-02       9.533857568030e+03 
       2.336271725700e-02       9.532159561320e+03 
       2.337069145061e-02       9.530460321462e+03 
       2.337866826857e-02       9.528759815055e+03 
       2.338664771520e-02       9.527058041686e+03 
       2.339462979482e-02       9.525355001859e+03 
       2.340261451177e-02       9.523650695462e+03 
       2.341060187039e-02       9.521945122537e+03 
       2.341859187504e-02       9.520238282925e+03 
       2.342658453009e-02       9.518530177050e+03 
       2.343457983990e-02       9.516820804793e+03 
       2.344257780886e-02       9.515110134652e+03 
       2.345057844136e-02       9.513398225761e+03 
       2.345858174181e-02       9.511685052041e+03 
       2.346658771462e-02       9.509970611763e+03 
       2.347459636420e-02       9.508254904946e+03 
       2.348260769499e-02       9.506537918608e+03 
       2.349062171144e-02       9.504819679643e+03 
       2.349863841798e-02       9.503100172447e+03 
       2.350665781909e-02       9.501379398479e+03 
       2.351467991923e-02       9.499657358089e+03 
       2.352270472288e-02       9.497934051144e+03 
       2.353073223454e-02       9.496209477672e+03 
       2.353876245870e-02       9.494483637697e+03 
       2.354679539988e-02       9.492756531249e+03 
       2.355483106258e-02       9.491028158364e+03 
       2.356286945136e-02       9.489298519081e+03 
       2.357091057073e-02       9.487567625518e+03 
       2.357895442526e-02       9.485835393842e+03 
       2.358700101950e-02       9.484101951974e+03 
       2.359505035803e-02       9.482367243231e+03 
       2.360310244542e-02       9.480631267795e+03 
       2.361115728626e-02       9.478894025514e+03 
       2.361921488516e-02       9.477155516369e+03 
       2.362727524673e-02       9.475415740356e+03 
       2.363533837558e-02       9.473674697458e+03 
       2.364340427636e-02       9.471932387674e+03 
       2.365147295369e-02       9.470188811001e+03 
       2.365954441224e-02       9.468443967450e+03 
       2.366761865666e-02       9.466697829861e+03 
       2.367569569163e-02       9.464950453700e+03 
       2.368377552182e-02       9.463201807510e+03 
       2.369185815195e-02       9.461451893922e+03 
       2.369994358670e-02       9.459700713290e+03 
       2.370803183080e-02       9.457948265414e+03 
       2.371612288896e-02       9.456194550284e+03 
       2.372421676593e-02       9.454439567882e+03 
       2.373231346646e-02       9.452683318195e+03 
       2.374041299528e-02       9.450925801218e+03 
       2.374851535719e-02       9.449167027408e+03 
       2.375662055695e-02       9.447406931190e+03 
       2.376472859935e-02       9.445645609706e+03 
       2.377283948920e-02       9.443883020481e+03 
       2.378095323130e-02       9.442119163268e+03 
       2.378906983048e-02       9.440354036416e+03 
       2.379718929157e-02       9.438587633587e+03 
       2.380531161940e-02       9.436819971967e+03 
       2.381343681885e-02       9.435051042241e+03 
       2.382156489476e-02       9.433280844364e+03 
       2.382969585203e-02       9.431509378288e+03 
       2.383782969552e-02       9.429736643965e+03 
       2.384596643015e-02       9.427962641362e+03 
       2.385410606083e-02       9.426187370436e+03 
       2.386224859246e-02       9.424410831157e+03 
       2.387039402999e-02       9.422633023308e+03 
       2.387854237836e-02       9.420853949694e+03 
       2.388669364252e-02       9.419073555537e+03 
       2.389484782744e-02       9.417291938927e+03 
       2.390300493809e-02       9.415509053343e+03 
       2.391116497946e-02       9.413724898607e+03 
       2.391932795656e-02       9.411939474619e+03 
       2.392749387438e-02       9.410152781303e+03 
       2.393566273796e-02       9.408364818585e+03 
       2.394383455232e-02       9.406575586383e+03 
       2.395200932252e-02       9.404785084623e+03 
       2.396018705361e-02       9.402993313050e+03 
       2.396836775065e-02       9.401200271909e+03 
       2.397655141873e-02       9.399405933122e+03 
       2.398473806294e-02       9.397610354482e+03 
       2.399292768838e-02       9.395813501851e+03 
       2.400112030017e-02       9.394015378939e+03 
       2.400931590342e-02       9.392215985655e+03 
       2.401751450329e-02       9.390415321898e+03 
       2.402571610492e-02       9.388613387587e+03 
       2.403392071347e-02       9.386810182622e+03 
       2.404212833412e-02       9.385005706927e+03 
       2.405033897205e-02       9.383199960243e+03 
       2.405855263246e-02       9.381392952642e+03 
       2.406676932056e-02       9.379584620396e+03 
       2.407498904157e-02       9.377775058345e+03 
       2.408321180072e-02       9.375964224748e+03 
       2.409143760327e-02       9.374152119489e+03 
       2.409966645446e-02       9.372338739586e+03 
       2.410789835957e-02       9.370524081509e+03 
       2.411613332388e-02       9.368708159638e+03 
       2.412437135268e-02       9.366890965503e+03 
       2.413261245129e-02       9.365072498982e+03 
       2.414085662501e-02       9.363252759779e+03 
       2.414910387919e-02       9.361431748074e+03 
       2.415735421917e-02       9.359609463622e+03 
       2.416560765030e-02       9.357785906306e+03 
       2.417386417794e-02       9.355961076024e+03 
       2.418212380749e-02       9.354134972676e+03 
       2.419038654434e-02       9.352307602596e+03 
       2.419865239389e-02       9.350478899106e+03 
       2.420692136156e-02       9.348648972463e+03 
       2.421519345278e-02       9.346817771759e+03 
       2.422346867300e-02       9.344985296853e+03 
       2.423174702767e-02       9.343151547586e+03 
       2.424002852227e-02       9.341316523576e+03 
       2.424831316227e-02       9.339480225056e+03 
       2.425660095317e-02       9.337642651695e+03 
       2.426489190049e-02       9.335803803341e+03 
       2.427318600974e-02       9.333963679866e+03 
       2.428148328645e-02       9.332122281116e+03 
       2.428978373617e-02       9.330279580472e+03 
       2.429808736447e-02       9.328435631300e+03 
       2.430639417692e-02       9.326590403848e+03 
       2.431470417910e-02       9.324743900237e+03 
       2.432301737661e-02       9.322896120292e+03 
       2.433133377507e-02       9.321047063621e+03 
       2.433965338009e-02       9.319196730443e+03 
       2.434797619734e-02       9.317345120416e+03 
       2.435630223244e-02       9.315492233383e+03 
       2.436463149108e-02       9.313638069192e+03 
       2.437296397892e-02       9.311782641601e+03 
       2.438129970167e-02       9.309925874518e+03 
       2.438963866503e-02       9.308067875309e+03 
       2.439798087472e-02       9.306208597900e+03 
       2.440632633647e-02       9.304348042096e+03 
       2.441467505603e-02       9.302486194421e+03 
       2.442302703916e-02       9.300623082226e+03 
       2.443138229164e-02       9.298758689085e+03 
       2.443974081925e-02       9.296893016621e+03 
       2.444810262781e-02       9.295026064636e+03 
       2.445646772311e-02       9.293157832929e+03 
       2.446483611100e-02       9.291288321299e+03 
       2.447320779731e-02       9.289417529548e+03 
       2.448158278791e-02       9.287545457477e+03 
       2.448996108866e-02       9.285672104938e+03 
       2.449834270546e-02       9.283797471725e+03 
       2.450672764420e-02       9.281921573705e+03 
       2.451511591079e-02       9.280044314604e+03 
       2.452350751117e-02       9.278165834638e+03 
       2.453190245128e-02       9.276286072682e+03 
       2.454030073708e-02       9.274405028504e+03 
       2.454870237452e-02       9.272522701867e+03 
       2.455710736961e-02       9.270639092534e+03 
       2.456551572834e-02       9.268754200263e+03 
       2.457392745673e-02       9.266868024820e+03 
       2.458234256080e-02       9.264980565994e+03 
       2.459076104660e-02       9.263091823536e+03 
       2.459918292019e-02       9.261201796148e+03 
       2.460760818763e-02       9.259310461982e+03 
       2.461603685502e-02       9.257417865568e+03 
       2.462446892846e-02       9.255523984169e+03 
       2.463290441407e-02       9.253628817675e+03 
       2.464134331797e-02       9.251732365831e+03 
       2.464978564632e-02       9.249834628385e+03 
       2.465823140527e-02       9.247935605081e+03 
       2.466668060101e-02       9.246035295687e+03 
       2.467513323972e-02       9.244133699957e+03 
       2.468358932761e-02       9.242230817639e+03 
       2.469204887090e-02       9.240326613680e+03 
       2.470051187583e-02       9.238421157421e+03 
       2.470897834866e-02       9.236514411192e+03 
       2.471744829564e-02       9.234606376997e+03 
       2.472592172307e-02       9.232697054157e+03 
       2.473439863723e-02       9.230786432051e+03 
       2.474287904445e-02       9.228874531526e+03 
       2.475136295106e-02       9.226961341695e+03 
       2.475985036339e-02       9.225046862359e+03 
       2.476834128781e-02       9.223131093224e+03 
       2.477683573069e-02       9.221214034000e+03 
       2.478533369842e-02       9.219295684211e+03 
       2.479383519742e-02       9.217376043905e+03 
       2.480234023411e-02       9.215455112652e+03 
       2.481084881491e-02       9.213532890193e+03 
       2.481936094629e-02       9.211609376251e+03 
       2.482787663473e-02       9.209684527159e+03 
       2.483639588669e-02       9.207758424365e+03 
       2.484491870870e-02       9.205831030536e+03 
       2.485344510726e-02       9.203902343658e+03 
       2.486197508891e-02       9.201972363314e+03 
       2.487050866020e-02       9.200041089181e+03 
       2.487904582770e-02       9.198108520730e+03 
       2.488758659799e-02       9.196174657985e+03 
       2.489613097767e-02       9.194239500467e+03 
       2.490467897336e-02       9.192303047858e+03 
       2.491323059169e-02       9.190365299843e+03 
       2.492178583931e-02       9.188426265563e+03 
       2.493034472289e-02       9.186485891307e+03 
       2.493890724910e-02       9.184544253240e+03 
       2.494747342464e-02       9.182601318212e+03 
       2.495604325624e-02       9.180657085836e+03 
       2.496461675062e-02       9.178711555778e+03 
       2.497319391453e-02       9.176764727475e+03 
       2.498177475474e-02       9.174816601012e+03 
       2.499035927804e-02       9.172867175764e+03 
       2.499894749121e-02       9.170916451524e+03 
       2.500753940108e-02       9.168964427893e+03 
       2.501613501449e-02       9.167011071579e+03 
       2.502473433828e-02       9.165056445725e+03 
       2.503333737932e-02       9.163100519194e+03 
       2.504194414450e-02       9.161143291543e+03 
       2.505055464072e-02       9.159184767110e+03 
       2.505916887490e-02       9.157224919497e+03 
       2.506778685398e-02       9.155263785302e+03 
       2.507640858492e-02       9.153301348340e+03 
       2.508503407468e-02       9.151337608229e+03 
       2.509366333026e-02       9.149372564583e+03 
       2.510229635867e-02       9.147406217019e+03 
       2.511093316693e-02       9.145438565158e+03 
       2.511957376209e-02       9.143469608618e+03 
       2.512821815121e-02       9.141499347045e+03 
       2.513686634136e-02       9.139527780074e+03 
       2.514551833965e-02       9.137554914318e+03 
       2.515417415319e-02       9.135580681674e+03 
       2.516283378911e-02       9.133605192825e+03 
       2.517149725457e-02       9.131628396508e+03 
       2.518016455674e-02       9.129650292345e+03 
       2.518883570280e-02       9.127670879915e+03 
       2.519751069996e-02       9.125690158800e+03 
       2.520618955545e-02       9.123708128590e+03 
       2.521487227651e-02       9.121724788853e+03 
       2.522355887040e-02       9.119740139181e+03 
       2.523224934441e-02       9.117754179156e+03 
       2.524094370582e-02       9.115766907670e+03 
       2.524964196197e-02       9.113778301897e+03 
       2.525834412018e-02       9.111788406624e+03 
       2.526705018782e-02       9.109797198860e+03 
       2.527576017225e-02       9.107804678318e+03 
       2.528447408087e-02       9.105810844551e+03 
       2.529319192109e-02       9.103815697221e+03 
       2.530191370035e-02       9.101819235535e+03 
       2.531063942610e-02       9.099821459454e+03 
       2.531936910580e-02       9.097822368404e+03 
       2.532810274694e-02       9.095821961970e+03 
       2.533684035704e-02       9.093820203599e+03 
       2.534558194361e-02       9.091817166451e+03 
       2.535432751422e-02       9.089812808438e+03 
       2.536307707642e-02       9.087807132868e+03 
       2.537183063781e-02       9.085800140710e+03 
       2.538058820598e-02       9.083791815829e+03 
       2.538934978857e-02       9.081782183920e+03 
       2.539811539322e-02       9.079771232416e+03 
       2.540688502760e-02       9.077758960846e+03 
       2.541565869939e-02       9.075745368718e+03 
       2.542443641630e-02       9.073730455550e+03 
       2.543321818605e-02       9.071714220637e+03 
       2.544200401640e-02       9.069696663873e+03 
       2.545079391510e-02       9.067677784620e+03 
       2.545958788995e-02       9.065657582418e+03 
       2.546838594874e-02       9.063636056022e+03 
       2.547718809932e-02       9.061613161807e+03 
       2.548599434952e-02       9.059588984453e+03 
       2.549480470722e-02       9.057563481800e+03 
       2.550361918030e-02       9.055536653238e+03 
       2.551243777667e-02       9.053508498242e+03 
       2.552126050427e-02       9.051479016099e+03 
       2.553008737105e-02       9.049448206605e+03 
       2.553891838498e-02       9.047416069096e+03 
       2.554775355404e-02       9.045382603053e+03 
       2.555659288627e-02       9.043347807946e+03 
       2.556543638969e-02       9.041311682443e+03 
       2.557428407236e-02       9.039274204638e+03 
       2.558313594236e-02       9.037235417505e+03 
       2.559199200779e-02       9.035195298840e+03 
       2.560085227677e-02       9.033153848234e+03 
       2.560971675744e-02       9.031111065086e+03 
       2.561858545797e-02       9.029066948620e+03 
       2.562745838654e-02       9.027021498663e+03 
       2.563633555137e-02       9.024974714500e+03 
       2.564521696067e-02       9.022926595588e+03 
       2.565410262271e-02       9.020877140649e+03 
       2.566299254575e-02       9.018826319117e+03 
       2.567188673810e-02       9.016774190516e+03 
       2.568078520806e-02       9.014720724418e+03 
       2.568968796399e-02       9.012665920440e+03 
       2.569859501424e-02       9.010609782625e+03 
       2.570750636719e-02       9.008552284943e+03 
       2.571642203126e-02       9.006493462914e+03 
       2.572534201487e-02       9.004433300533e+03 
       2.573426632648e-02       9.002371797208e+03 
       2.574319497456e-02       9.000308952343e+03 
       2.575212796761e-02       8.998244765341e+03 
       2.576106531415e-02       8.996179235609e+03 
       2.577000702272e-02       8.994112362551e+03 
       2.577895310190e-02       8.992044145591e+03 
       2.578790356026e-02       8.989974584149e+03 
       2.579685840643e-02       8.987903693136e+03 
       2.580581764903e-02       8.985831379025e+03 
       2.581478129674e-02       8.983757776947e+03 
       2.582374935822e-02       8.981682827445e+03 
       2.583272184220e-02       8.979606529885e+03 
       2.584169875739e-02       8.977528883629e+03 
       2.585068011256e-02       8.975449888022e+03 
       2.585966591647e-02       8.973369542492e+03 
       2.586865617794e-02       8.971287846353e+03 
       2.587765090579e-02       8.969204798970e+03 
       2.588665010886e-02       8.967120399718e+03 
       2.589565379603e-02       8.965034640824e+03 
       2.590466197620e-02       8.962947518330e+03 
       2.591367465829e-02       8.960859057623e+03 
       2.592269185125e-02       8.958769242199e+03 
       2.593171356404e-02       8.956678071360e+03 
       2.594073980567e-02       8.954585544444e+03 
       2.594977058515e-02       8.952491660772e+03 
       2.595880591152e-02       8.950396419679e+03 
       2.596784579387e-02       8.948299820496e+03 
       2.597689024128e-02       8.946201862568e+03 
       2.598593926287e-02       8.944102518129e+03 
       2.599499286778e-02       8.942001834468e+03 
       2.600405106519e-02       8.939899793619e+03 
       2.601311386430e-02       8.937796390947e+03 
       2.602218127431e-02       8.935691626856e+03 
       2.603125330449e-02       8.933585486318e+03 
       2.604032996409e-02       8.931477993175e+03 
       2.604941126242e-02       8.929369135285e+03 
       2.605849720880e-02       8.927258911942e+03 
       2.606758781258e-02       8.925147322427e+03 
       2.607668308314e-02       8.923034365835e+03 
       2.608578302986e-02       8.920920041758e+03 
       2.609488766219e-02       8.918804349335e+03 
       2.610399698957e-02       8.916687287856e+03 
       2.611311102149e-02       8.914568856614e+03 
       2.612222976744e-02       8.912449068598e+03 
       2.613135323697e-02       8.910327836960e+03 
       2.614048143962e-02       8.908205288697e+03 
       2.614961438499e-02       8.906081367277e+03 
       2.615875208269e-02       8.903956071937e+03 
       2.616789454236e-02       8.901829401740e+03 
       2.617704177366e-02       8.899701356221e+03 
       2.618619378629e-02       8.897571934493e+03 
       2.619535058997e-02       8.895441135793e+03 
       2.620451219444e-02       8.893308959354e+03 
       2.621367860948e-02       8.891175404421e+03 
       2.622284984490e-02       8.889040469967e+03 
       2.623202591052e-02       8.886904131969e+03 
       2.624120681620e-02       8.884766435025e+03 
       2.625039257184e-02       8.882627356199e+03 
       2.625958318733e-02       8.880486894693e+03 
       2.626877867263e-02       8.878345049477e+03 
       2.627797903770e-02       8.876201820143e+03 
       2.628718429255e-02       8.874057205727e+03 
       2.629639444719e-02       8.871911205443e+03 
       2.630560951169e-02       8.869763818501e+03 
       2.631482949612e-02       8.867615008063e+03 
       2.632405441061e-02       8.865464848794e+03 
       2.633328426528e-02       8.863313294560e+03 
       2.634251907032e-02       8.861160350099e+03 
       2.635175883591e-02       8.859006017506e+03 
       2.636100357230e-02       8.856850275943e+03 
       2.637025328972e-02       8.854693154847e+03 
       2.637950799848e-02       8.852534640017e+03 
       2.638876770888e-02       8.850374730602e+03 
       2.639803243128e-02       8.848213425755e+03 
       2.640730217604e-02       8.846050724625e+03 
       2.641657695357e-02       8.843886626362e+03 
       2.642585677431e-02       8.841721130127e+03 
       2.643514164872e-02       8.839554235087e+03 
       2.644443158729e-02       8.837385940424e+03 
       2.645372660056e-02       8.835216241051e+03 
       2.646302669907e-02       8.833045103333e+03 
       2.647233189341e-02       8.830872601044e+03 
       2.648164219420e-02       8.828698695161e+03 
       2.649095761208e-02       8.826523384781e+03 
       2.650027815773e-02       8.824346668999e+03 
       2.650960384187e-02       8.822168546898e+03 
       2.651893467522e-02       8.819989017575e+03 
       2.652827066857e-02       8.817808080122e+03 
       2.653761183271e-02       8.815625733639e+03 
       2.654695817847e-02       8.813441976897e+03 
       2.655630971673e-02       8.811256787517e+03 
       2.656566645837e-02       8.809070206320e+03 
       2.657502841433e-02       8.806882212599e+03 
       2.658439559557e-02       8.804692805001e+03 
       2.659376801307e-02       8.802501982595e+03 
       2.660314567787e-02       8.800309744448e+03 
       2.661252860101e-02       8.798116089633e+03 
       2.662191679360e-02       8.795921017220e+03 
       2.663131026674e-02       8.793724526280e+03 
       2.664070903159e-02       8.791526620089e+03 
       2.665011309935e-02       8.789327253735e+03 
       2.665952248122e-02       8.787126499106e+03 
       2.666893718847e-02       8.784924321755e+03 
       2.667835723237e-02       8.782720720730e+03 
       2.668778262425e-02       8.780515683444e+03 
       2.669721337546e-02       8.778309232475e+03 
       2.670664949738e-02       8.776101353612e+03 
       2.671609100144e-02       8.773892046999e+03 
       2.672553789908e-02       8.771681311644e+03 
       2.673499020180e-02       8.769469146322e+03 
       2.674444792112e-02       8.767255550433e+03 
       2.675391106858e-02       8.765040522811e+03 
       2.676337965579e-02       8.762824062497e+03 
       2.677285369436e-02       8.760606168485e+03 
       2.678233319596e-02       8.758386844787e+03 
       2.679181817227e-02       8.756166032126e+03 
       2.680130863503e-02       8.753943827769e+03 
       2.681080459599e-02       8.751720185128e+03 
       2.682030606697e-02       8.749495103038e+03 
       2.682981305978e-02       8.747268580727e+03 
       2.683932558631e-02       8.745040617014e+03 
       2.684884365845e-02       8.742811210841e+03 
       2.685836728814e-02       8.740580361151e+03 
       2.686789648737e-02       8.738348066890e+03 
       2.687743126814e-02       8.736114327017e+03 
       2.688697164250e-02       8.733879127196e+03 
       2.689651762253e-02       8.731642482734e+03 
       2.690606922036e-02       8.729404397764e+03 
       2.691562644815e-02       8.727164862656e+03 
       2.692518931809e-02       8.724923876022e+03 
       2.693475784240e-02       8.722681437230e+03 
       2.694433203336e-02       8.720437544980e+03 
       2.695391190327e-02       8.718192198182e+03 
       2.696349746448e-02       8.715945395748e+03 
       2.697308872937e-02       8.713697135798e+03 
       2.698268571034e-02       8.711447389341e+03 
       2.699228841986e-02       8.709196211320e+03 
       2.700189687043e-02       8.706943572728e+03 
       2.701151107456e-02       8.704689472414e+03 
       2.702113104483e-02       8.702433900604e+03 
       2.703075679385e-02       8.700176871948e+03 
       2.704038833427e-02       8.697918379438e+03 
       2.705002567877e-02       8.695658420695e+03 
       2.705966884006e-02       8.693396994559e+03 
       2.706931783093e-02       8.691134099871e+03 
       2.707897266416e-02       8.688869735474e+03 
       2.708863335259e-02       8.686603900200e+03 
       2.709829990912e-02       8.684336592894e+03 
       2.710797234665e-02       8.682067812181e+03 
       2.711765067815e-02       8.679797559707e+03 
       2.712733491662e-02       8.677525784373e+03 
       2.713702507510e-02       8.675252573980e+03 
       2.714672116667e-02       8.672977885186e+03 
       2.715642320444e-02       8.670701716800e+03 
       2.716613120158e-02       8.668424067603e+03 
       2.717584517130e-02       8.666144936379e+03 
       2.718556512682e-02       8.663864321907e+03 
       2.719529108145e-02       8.661582222793e+03 
       2.720502304850e-02       8.659298638112e+03 
       2.721476104133e-02       8.657013566516e+03 
       2.722450507337e-02       8.654726982153e+03 
       2.723425515805e-02       8.652438934488e+03 
       2.724401130888e-02       8.650149392841e+03 
       2.725377353937e-02       8.647858359015e+03 
       2.726354186312e-02       8.645565831735e+03 
       2.727331629373e-02       8.643271809731e+03 
       2.728309684488e-02       8.640976291736e+03 
       2.729288353026e-02       8.638679276337e+03 
       2.730267636362e-02       8.636380762475e+03 
       2.731247535875e-02       8.634080752924e+03 
       2.732228052949e-02       8.631779204281e+03 
       2.733209188971e-02       8.629476184982e+03 
       2.734190945333e-02       8.627171661702e+03 
       2.735173323433e-02       8.624865633138e+03 
       2.736156324670e-02       8.622558088022e+03 
       2.737139950450e-02       8.620249044038e+03 
       2.738124202183e-02       8.617938490899e+03 
       2.739109081283e-02       8.615626426841e+03 
       2.740094589169e-02       8.613312850901e+03 
       2.741080727264e-02       8.610997761553e+03 
       2.742067496996e-02       8.608681157470e+03 
       2.743054899797e-02       8.606363037280e+03 
       2.744042937104e-02       8.604043399660e+03 
       2.745031610358e-02       8.601722243282e+03 
       2.746020921005e-02       8.599399581191e+03 
       2.747010870497e-02       8.597075326135e+03 
       2.748001460288e-02       8.594749601772e+03 
       2.748992691837e-02       8.592422352845e+03 
       2.749984566611e-02       8.590093577820e+03 
       2.750977086078e-02       8.587763275284e+03 
       2.751970251711e-02       8.585431443858e+03 
       2.752964064991e-02       8.583098082118e+03 
       2.753958527400e-02       8.580763188666e+03 
       2.754953640426e-02       8.578426762099e+03 
       2.755949405563e-02       8.576088802461e+03 
       2.756945824309e-02       8.573749282080e+03 
       2.757942898165e-02       8.571408245685e+03 
       2.758940628641e-02       8.569065670313e+03 
       2.759939017248e-02       8.566721554342e+03 
       2.760938065504e-02       8.564375896306e+03 
       2.761937774930e-02       8.562028694746e+03 
       2.762938147055e-02       8.559679948206e+03 
       2.763939183410e-02       8.557329655233e+03 
       2.764940885533e-02       8.554977814367e+03 
       2.765943254965e-02       8.552624390830e+03 
       2.766946293255e-02       8.550269452343e+03 
       2.767950001953e-02       8.547912956428e+03 
       2.768954382618e-02       8.545554906347e+03 
       2.769959436812e-02       8.543195300841e+03 
       2.770965166103e-02       8.540834134862e+03 
       2.771971572062e-02       8.538471412961e+03 
       2.772978656269e-02       8.536107118712e+03 
       2.773986420305e-02       8.533741273860e+03 
       2.774994865760e-02       8.531373865536e+03 
       2.776003994227e-02       8.529004892010e+03 
       2.777013807304e-02       8.526634352013e+03 
       2.778024306595e-02       8.524262243865e+03 
       2.779035493710e-02       8.521888566107e+03 
       2.780047370263e-02       8.519513316932e+03 
       2.781059937874e-02       8.517136464790e+03 
       2.782073198168e-02       8.514758062304e+03 
       2.783087152777e-02       8.512378087052e+03 
       2.784101803336e-02       8.509996533830e+03 
       2.785117151487e-02       8.507613401032e+03 
       2.786133198876e-02       8.505228686818e+03 
       2.787149947157e-02       8.502842389945e+03 
       2.788167397987e-02       8.500454508641e+03 
       2.789185553030e-02       8.498065041275e+03 
       2.790204413955e-02       8.495673983090e+03 
       2.791223982436e-02       8.493281322584e+03 
       2.792244260154e-02       8.490887085693e+03 
       2.793265248795e-02       8.488491255948e+03 
       2.794286950050e-02       8.486093831726e+03 
       2.795309365617e-02       8.483694811004e+03 
       2.796332497198e-02       8.481294192584e+03 
       2.797356346503e-02       8.478891974604e+03 
       2.798380915245e-02       8.476488154901e+03 
       2.799406205145e-02       8.474082707948e+03 
       2.800432217930e-02       8.471675679294e+03 
       2.801458955330e-02       8.469267043986e+03 
       2.802486419084e-02       8.466856800156e+03 
       2.803514610935e-02       8.464444936814e+03 
       2.804543532633e-02       8.462031470414e+03 
       2.805573185933e-02       8.459616390486e+03 
       2.806603572598e-02       8.457199695179e+03 
       2.807634694393e-02       8.454781382709e+03 
       2.808666553094e-02       8.452361451330e+03 
       2.809699150479e-02       8.449939899275e+03 
       2.810732488334e-02       8.447516724775e+03 
       2.811766568450e-02       8.445091926063e+03 
       2.812801392626e-02       8.442665501376e+03 
       2.813836962666e-02       8.440237449596e+03 
       2.814873280380e-02       8.437807726962e+03 
       2.815910347584e-02       8.435376410491e+03 
       2.816948166101e-02       8.432943460493e+03 
       2.817986737760e-02       8.430508875062e+03 
       2.819026064396e-02       8.428072652342e+03 
       2.820066147851e-02       8.425634790490e+03 
       2.821106989973e-02       8.423195287651e+03 
       2.822148592616e-02       8.420754141971e+03 
       2.823190957640e-02       8.418311351429e+03 
       2.824234086914e-02       8.415866914446e+03 
       2.825277982311e-02       8.413420835971e+03 
       2.826322645710e-02       8.410973072141e+03 
       2.827368078999e-02       8.408523682626e+03 
       2.828414284071e-02       8.406072638791e+03 
       2.829461262826e-02       8.403619938723e+03 
       2.830509017171e-02       8.401165580498e+03 
       2.831557549018e-02       8.398709562199e+03 
       2.832606860288e-02       8.396251881786e+03 
       2.833656952907e-02       8.393792537453e+03 
       2.834707828808e-02       8.391331527319e+03 
       2.835759489932e-02       8.388868847996e+03 
       2.836811938226e-02       8.386404472956e+03 
       2.837865175643e-02       8.383938451304e+03 
       2.838919204144e-02       8.381470755655e+03 
       2.839974025697e-02       8.379001384552e+03 
       2.841029642276e-02       8.376530324746e+03 
       2.842086055863e-02       8.374057594252e+03 
       2.843143268447e-02       8.371583181776e+03 
       2.844201282023e-02       8.369107085388e+03 
       2.845260098593e-02       8.366629302453e+03 
       2.846319720167e-02       8.364149831549e+03 
       2.847380148763e-02       8.361668670444e+03 
       2.848441386404e-02       8.359185817098e+03 
       2.849503435122e-02       8.356701269478e+03 
       2.850566296955e-02       8.354215025556e+03 
       2.851629973949e-02       8.351727093225e+03 
       2.852694468158e-02       8.349237400696e+03 
       2.853759781641e-02       8.346746052306e+03 
       2.854825916466e-02       8.344252998867e+03 
       2.855892874710e-02       8.341758238353e+03 
       2.856960658454e-02       8.339261768354e+03 
       2.858029269789e-02       8.336763587022e+03 
       2.859098710812e-02       8.334263692131e+03 
       2.860168983629e-02       8.331762081555e+03 
       2.861240090354e-02       8.329258752990e+03 
       2.862312033105e-02       8.326753704289e+03 
       2.863384814012e-02       8.324246914074e+03 
       2.864458435210e-02       8.321738417735e+03 
       2.865532898844e-02       8.319228194679e+03 
       2.866608207064e-02       8.316716242767e+03 
       2.867684362030e-02       8.314202559658e+03 
       2.868761365909e-02       8.311687143289e+03 
       2.869839220876e-02       8.309169991407e+03 
       2.870917929114e-02       8.306651101619e+03 
       2.871997492814e-02       8.304130472007e+03 
       2.873077914175e-02       8.301608109546e+03 
       2.874159195403e-02       8.299083956620e+03 
       2.875241338715e-02       8.296558091551e+03 
       2.876324346332e-02       8.294030477218e+03 
       2.877408220487e-02       8.291501111053e+03 
       2.878492963418e-02       8.288969982439e+03 
       2.879578577375e-02       8.286437105960e+03 
       2.880665064612e-02       8.283902470727e+03 
       2.881752427395e-02       8.281366074784e+03 
       2.882840667996e-02       8.278827915667e+03 
       2.883929788696e-02       8.276287991041e+03 
       2.885019791786e-02       8.273746298569e+03 
       2.886110679562e-02       8.271202835918e+03 
       2.887202454332e-02       8.268657600755e+03 
       2.888295118412e-02       8.266110590730e+03 
       2.889388674124e-02       8.263561761339e+03 
       2.890483123802e-02       8.261011198055e+03 
       2.891578469786e-02       8.258458846064e+03 
       2.892674714427e-02       8.255904709232e+03 
       2.893771860084e-02       8.253348785122e+03 
       2.894869909124e-02       8.250791071327e+03 
       2.895968863924e-02       8.248231565319e+03 
       2.897068726868e-02       8.245670264747e+03 
       2.898169500352e-02       8.243107167146e+03 
       2.899271186779e-02       8.240542269908e+03 
       2.900373788561e-02       8.237975576036e+03 
       2.901477308120e-02       8.235407047521e+03 
       2.902581747887e-02       8.232836735474e+03 
       2.903687110301e-02       8.230264613758e+03 
       2.904793397812e-02       8.227690679856e+03 
       2.905900612877e-02       8.225114931249e+03 
       2.907008757966e-02       8.222537365399e+03 
       2.908117835554e-02       8.219957979699e+03 
       2.909227848128e-02       8.217376771660e+03 
       2.910338798186e-02       8.214793743365e+03 
       2.911450688231e-02       8.212208852724e+03 
       2.912563520779e-02       8.209622160328e+03 
       2.913677298356e-02       8.207033635010e+03 
       2.914792023495e-02       8.204443273930e+03 
       2.915907698740e-02       8.201851066330e+03 
       2.917024326646e-02       8.199257025941e+03 
       2.918141909775e-02       8.196661141918e+03 
       2.919260450703e-02       8.194063411754e+03 
       2.920379952012e-02       8.191463832813e+03 
       2.921500416295e-02       8.188862402378e+03 
       2.922621846157e-02       8.186259117776e+03 
       2.923744244211e-02       8.183653976327e+03 
       2.924867613080e-02       8.181046975367e+03 
       2.925991955398e-02       8.178438112016e+03 
       2.927117273810e-02       8.175827349477e+03 
       2.928243570970e-02       8.173214750629e+03 
       2.929370849542e-02       8.170600281317e+03 
       2.930499112202e-02       8.167983938423e+03 
       2.931628361635e-02       8.165365719163e+03 
       2.932758600537e-02       8.162745620759e+03 
       2.933889831615e-02       8.160123640478e+03 
       2.935022057586e-02       8.157499775392e+03 
       2.936155281178e-02       8.154874022785e+03 
       2.937289505129e-02       8.152246379793e+03 
       2.938424732189e-02       8.149616825726e+03 
       2.939560965118e-02       8.146985392059e+03 
       2.940698206687e-02       8.144352059480e+03 
       2.941836459677e-02       8.141716824935e+03 
       2.942975726883e-02       8.139079685540e+03 
       2.944116011108e-02       8.136440638402e+03 
       2.945257315166e-02       8.133799680567e+03 
       2.946399641885e-02       8.131156809194e+03 
       2.947542994102e-02       8.128512021349e+03 
       2.948687374666e-02       8.125865289529e+03 
       2.949832786437e-02       8.123216658690e+03 
       2.950979232286e-02       8.120566101599e+03 
       2.952126715097e-02       8.117913616007e+03 
       2.953275237765e-02       8.115259189093e+03 
       2.954424803195e-02       8.112602838264e+03 
       2.955575414305e-02       8.109944548327e+03 
       2.956727074026e-02       8.107284317714e+03 
       2.957879785297e-02       8.104622143429e+03 
       2.959033551074e-02       8.101958022400e+03 
       2.960188374320e-02       8.099291951558e+03 
       2.961344258012e-02       8.096623927838e+03 
       2.962501205141e-02       8.093953948173e+03 
       2.963659218706e-02       8.091282009472e+03 
       2.964818301722e-02       8.088608074472e+03 
       2.965978457214e-02       8.085932206700e+03 
       2.967139688220e-02       8.083254369212e+03 
       2.968301997790e-02       8.080574559811e+03 
       2.969465388987e-02       8.077892775310e+03 
       2.970629864886e-02       8.075209012538e+03 
       2.971795428575e-02       8.072523268324e+03 
       2.972962083155e-02       8.069835539462e+03 
       2.974129831737e-02       8.067145822784e+03 
       2.975298677449e-02       8.064454114681e+03 
       2.976468623428e-02       8.061760395434e+03 
       2.977639672827e-02       8.059064694536e+03 
       2.978811828810e-02       8.056366992590e+03 
       2.979985094555e-02       8.053667286328e+03 
       2.981159473252e-02       8.050965572449e+03 
       2.982334968105e-02       8.048261847615e+03 
       2.983511582333e-02       8.045556108536e+03 
       2.984689319164e-02       8.042848352051e+03 
       2.985868181843e-02       8.040138573718e+03 
       2.987048173628e-02       8.037426749147e+03 
       2.988229297790e-02       8.034712917842e+03 
       2.989411557613e-02       8.031997055287e+03 
       2.990594956396e-02       8.029279157804e+03 
       2.991779497450e-02       8.026559214673e+03 
       2.992965184103e-02       8.023837237274e+03 
       2.994152019693e-02       8.021113214890e+03 
       2.995340007575e-02       8.018387144039e+03 
       2.996529151117e-02       8.015659021247e+03 
       2.997719453702e-02       8.012928843012e+03 
       2.998910918725e-02       8.010196605829e+03 
       3.000103549598e-02       8.007462306192e+03 
       3.001297349745e-02       8.004725940570e+03 
       3.002492322607e-02       8.001987516671e+03 
       3.003688471639e-02       7.999246964151e+03 
       3.004885800308e-02       7.996504376575e+03 
       3.006084312099e-02       7.993759708401e+03 
       3.007284010511e-02       7.991012956024e+03 
       3.008484899057e-02       7.988264115827e+03 
       3.009686981265e-02       7.985513184181e+03 
       3.010890260679e-02       7.982760157486e+03 
       3.012094740858e-02       7.980005032101e+03 
       3.013300425376e-02       7.977247804365e+03 
       3.014507317822e-02       7.974488451674e+03 
       3.015715421801e-02       7.971727009200e+03 
       3.016924740933e-02       7.968963450615e+03 
       3.018135278855e-02       7.966197774542e+03 
       3.019347039217e-02       7.963429977220e+03 
       3.020560025687e-02       7.960660054879e+03 
       3.021774241949e-02       7.957888003724e+03 
       3.022989691702e-02       7.955113819972e+03 
       3.024206378660e-02       7.952337499382e+03 
       3.025424306556e-02       7.949559017248e+03 
       3.026643479136e-02       7.946778410947e+03 
       3.027863900166e-02       7.943995656486e+03 
       3.029085573425e-02       7.941210749712e+03 
       3.030308502711e-02       7.938423679778e+03 
       3.031532691837e-02       7.935634456917e+03 
       3.032758144633e-02       7.932843070238e+03 
       3.033984864947e-02       7.930049515782e+03 
       3.035212856642e-02       7.927253789559e+03 
       3.036442123601e-02       7.924455887578e+03 
       3.037672669720e-02       7.921655805826e+03 
       3.038904498915e-02       7.918853540306e+03 
       3.040137615120e-02       7.916049087016e+03 
       3.041372022284e-02       7.913242437857e+03 
       3.042607724374e-02       7.910433568791e+03 
       3.043844725377e-02       7.907622525064e+03 
       3.045083029295e-02       7.904809276865e+03 
       3.046322640150e-02       7.901993820104e+03 
       3.047563561979e-02       7.899176150661e+03 
       3.048805798840e-02       7.896356264417e+03 
       3.050049354808e-02       7.893534157244e+03 
       3.051294233976e-02       7.890709824979e+03 
       3.052540440455e-02       7.887883263651e+03 
       3.053787978377e-02       7.885054452144e+03 
       3.055036851889e-02       7.882223417926e+03 
       3.056287065158e-02       7.879390141433e+03 
       3.057538622373e-02       7.876554618378e+03 
       3.058791527736e-02       7.873716844458e+03 
       3.060045785473e-02       7.870876815361e+03 
       3.061301399827e-02       7.868034526757e+03 
       3.062558375060e-02       7.865189974329e+03 
       3.063816715455e-02       7.862343145200e+03 
       3.065076425313e-02       7.859494038416e+03 
       3.066337508955e-02       7.856642666303e+03 
       3.067599970722e-02       7.853789012582e+03 
       3.068863814975e-02       7.850933064338e+03 
       3.070129046094e-02       7.848074834783e+03 
       3.071395668481e-02       7.845214308942e+03 
       3.072663686556e-02       7.842351483566e+03 
       3.073933104761e-02       7.839486354117e+03 
       3.075203927558e-02       7.836618916040e+03 
       3.076476159428e-02       7.833749164761e+03 
       3.077749804877e-02       7.830877095709e+03 
       3.079024868427e-02       7.828002704315e+03 
       3.080301354623e-02       7.825125997891e+03 
       3.081579268032e-02       7.822246905940e+03 
       3.082858613241e-02       7.819365517057e+03 
       3.084139394859e-02       7.816481786873e+03 
       3.085421617516e-02       7.813595710683e+03 
       3.086705285864e-02       7.810707283805e+03 
       3.087990404578e-02       7.807816501518e+03 
       3.089276978351e-02       7.804923359110e+03 
       3.090565011903e-02       7.802027851829e+03 
       3.091854509972e-02       7.799129977146e+03 
       3.093145477322e-02       7.796229707792e+03 
       3.094437918736e-02       7.793327075584e+03 
       3.095731839023e-02       7.790422059133e+03 
       3.097027243011e-02       7.787514653324e+03 
       3.098324135555e-02       7.784604853247e+03 
       3.099622521529e-02       7.781692654490e+03 
       3.100922405833e-02       7.778778051780e+03 
       3.102223793389e-02       7.775861039977e+03 
       3.103526689144e-02       7.772941594724e+03 
       3.104831098066e-02       7.770019747616e+03 
       3.106137025149e-02       7.767095476458e+03 
       3.107444475411e-02       7.764168775675e+03 
       3.108753453891e-02       7.761239633984e+03 
       3.110063965657e-02       7.758308058901e+03 
       3.111376015798e-02       7.755374039081e+03 
       3.112689609428e-02       7.752437569368e+03 
       3.114004751687e-02       7.749498644583e+03 
       3.115321447738e-02       7.746557259512e+03 
       3.116639702771e-02       7.743613408931e+03 
       3.117959522000e-02       7.740667087633e+03 
       3.119280910663e-02       7.737718289393e+03 
       3.120603874027e-02       7.734766984494e+03 
       3.121928417382e-02       7.731813216938e+03 
       3.123254546045e-02       7.728856957115e+03 
       3.124582265358e-02       7.725898199672e+03 
       3.125911580689e-02       7.722936939242e+03 
       3.127242497435e-02       7.719973170422e+03 
       3.128575021016e-02       7.717006887831e+03 
       3.129909156880e-02       7.714038086048e+03 
       3.131244910504e-02       7.711066761009e+03 
       3.132582287388e-02       7.708092888644e+03 
       3.133921293064e-02       7.705116495037e+03 
       3.135261933086e-02       7.702137559963e+03 
       3.136604213040e-02       7.699156077830e+03 
       3.137948138538e-02       7.696172042991e+03 
       3.139293715220e-02       7.693185449857e+03 
       3.140640948753e-02       7.690196292778e+03 
       3.141989844835e-02       7.687204567469e+03 
       3.143340409191e-02       7.684210245775e+03 
       3.144692647574e-02       7.681213361222e+03 
       3.146046565767e-02       7.678213889709e+03 
       3.147402169581e-02       7.675211819173e+03 
       3.148759464858e-02       7.672207155709e+03 
       3.150118457468e-02       7.669199887928e+03 
       3.151479153311e-02       7.666190009858e+03 
       3.152841558316e-02       7.663177515640e+03 
       3.154205678445e-02       7.660162399338e+03 
       3.155571519686e-02       7.657144655022e+03 
       3.156939088062e-02       7.654124276745e+03 
       3.158308389622e-02       7.651101230797e+03 
       3.159679430451e-02       7.648075567473e+03 
       3.161052216660e-02       7.645047248493e+03 
       3.162426754395e-02       7.642016271097e+03 
       3.163803049832e-02       7.638982629079e+03 
       3.165181109179e-02       7.635946316426e+03 
       3.166560938676e-02       7.632907326998e+03 
       3.167942544594e-02       7.629865654586e+03 
       3.169325933240e-02       7.626821284734e+03 
       3.170711110948e-02       7.623774222163e+03 
       3.172098084090e-02       7.620724462121e+03 
       3.173486859069e-02       7.617671993858e+03 
       3.174877442320e-02       7.614616811082e+03 
       3.176269840314e-02       7.611558907318e+03 
       3.177664059554e-02       7.608498276263e+03 
       3.179060106578e-02       7.605434915109e+03 
       3.180457987957e-02       7.602368789095e+03 
       3.181857710298e-02       7.599299935848e+03 
       3.183259280242e-02       7.596228329253e+03 
       3.184662704465e-02       7.593153956784e+03 
       3.186067989677e-02       7.590076823316e+03 
       3.187475142626e-02       7.586996916839e+03 
       3.188884170094e-02       7.583914230438e+03 
       3.190295078898e-02       7.580828757736e+03 
       3.191707875893e-02       7.577740491974e+03 
       3.193122567970e-02       7.574649426396e+03 
       3.194539162057e-02       7.571555553993e+03 
       3.195957665118e-02       7.568458845259e+03 
       3.197378084155e-02       7.565359337131e+03 
       3.198800426206e-02       7.562257001632e+03 
       3.200224698350e-02       7.559151831819e+03 
       3.201650907700e-02       7.556043820875e+03 
       3.203079061411e-02       7.552932961834e+03 
       3.204509166674e-02       7.549819247751e+03 
       3.205941230720e-02       7.546702672831e+03 
       3.207375260819e-02       7.543583213983e+03 
       3.208811264280e-02       7.540460891320e+03 
       3.210249248452e-02       7.537335685131e+03 
       3.211689220724e-02       7.534207588290e+03 
       3.213131188526e-02       7.531076593556e+03 
       3.214575159326e-02       7.527942693724e+03 
       3.216021140637e-02       7.524805881072e+03 
       3.217469140009e-02       7.521666133745e+03 
       3.218919165037e-02       7.518523473233e+03 
       3.220371223354e-02       7.515377878226e+03 
       3.221825322639e-02       7.512229335777e+03 
       3.223281470610e-02       7.509077848998e+03 
       3.224739675031e-02       7.505923405378e+03 
       3.226199943706e-02       7.502765997450e+03 
       3.227662284483e-02       7.499605617595e+03 
       3.229126705255e-02       7.496442258289e+03 
       3.230593213958e-02       7.493275911964e+03 
       3.232061818573e-02       7.490106571991e+03 
       3.233532527124e-02       7.486934205496e+03 
       3.235005347681e-02       7.483758849504e+03 
       3.236480288360e-02       7.480580475221e+03 
       3.237957357321e-02       7.477399074779e+03 
       3.239436562772e-02       7.474214640419e+03 
       3.240917912965e-02       7.471027164344e+03 
       3.242401416201e-02       7.467836638648e+03 
       3.243887080825e-02       7.464643047535e+03 
       3.245374915233e-02       7.461446394727e+03 
       3.246864927866e-02       7.458246671143e+03 
       3.248357127214e-02       7.455043865539e+03 
       3.249851521815e-02       7.451837970074e+03 
       3.251348120257e-02       7.448628976476e+03 
       3.252846931175e-02       7.445416876544e+03 
       3.254347963257e-02       7.442201645797e+03 
       3.255851225237e-02       7.438983309196e+03 
       3.257356725903e-02       7.435761838841e+03 
       3.258864474090e-02       7.432537226432e+03 
       3.260374478687e-02       7.429309465054e+03 
       3.261886748633e-02       7.426078549623e+03 
       3.263401292920e-02       7.422844469099e+03 
       3.264918120591e-02       7.419607215003e+03 
       3.266437240742e-02       7.416366778771e+03 
       3.267958662523e-02       7.413123151680e+03 
       3.269482395137e-02       7.409876324595e+03 
       3.271008447841e-02       7.406626270986e+03 
       3.272536829945e-02       7.403373017293e+03 
       3.274067550815e-02       7.400116537557e+03 
       3.275600619873e-02       7.396856822935e+03 
       3.277136046596e-02       7.393593864482e+03 
       3.278673840516e-02       7.390327653318e+03 
       3.280214011222e-02       7.387058180596e+03 
       3.281756568361e-02       7.383785427248e+03 
       3.283301521636e-02       7.380509403177e+03 
       3.284848880809e-02       7.377230090220e+03 
       3.286398655700e-02       7.373947479207e+03 
       3.287950856187e-02       7.370661560808e+03 
       3.289505492209e-02       7.367372325984e+03 
       3.291062573761e-02       7.364079765599e+03 
       3.292622110903e-02       7.360783856373e+03 
       3.294184113753e-02       7.357484614442e+03 
       3.295748592491e-02       7.354182018458e+03 
       3.297315557357e-02       7.350876053290e+03 
       3.298885018654e-02       7.347566719387e+03 
       3.300456986750e-02       7.344254002596e+03 
       3.302031472074e-02       7.340937893226e+03 
       3.303608485117e-02       7.337618381702e+03 
       3.305188036437e-02       7.334295458261e+03 
       3.306770136657e-02       7.330969113165e+03 
       3.308354796462e-02       7.327639335414e+03 
       3.309942026606e-02       7.324306098499e+03 
       3.311531837908e-02       7.320969426563e+03 
       3.313124241254e-02       7.317629292859e+03 
       3.314719247597e-02       7.314285687321e+03 
       3.316316867958e-02       7.310938599862e+03 
       3.317917113428e-02       7.307588020157e+03 
       3.319519995165e-02       7.304233938270e+03 
       3.321125524398e-02       7.300876336198e+03 
       3.322733712426e-02       7.297515215990e+03 
       3.324344570617e-02       7.294150564296e+03 
       3.325958110415e-02       7.290782368831e+03 
       3.327574343330e-02       7.287410618872e+03 
       3.329193280950e-02       7.284035304142e+03 
       3.330814934933e-02       7.280656413920e+03 
       3.332439317011e-02       7.277273937554e+03 
       3.334066438993e-02       7.273887851783e+03 
       3.335696312760e-02       7.270498169406e+03 
       3.337328950270e-02       7.267104868245e+03 
       3.338964363558e-02       7.263707938788e+03 
       3.340602564734e-02       7.260307361737e+03 
       3.342243565989e-02       7.256903138535e+03 
       3.343887379590e-02       7.253495252728e+03 
       3.345534017882e-02       7.250083693167e+03 
       3.347183493293e-02       7.246668448523e+03 
       3.348835818327e-02       7.243249507697e+03 
       3.350491005574e-02       7.239826859280e+03 
       3.352149067702e-02       7.236400491874e+03 
       3.353810017463e-02       7.232970397837e+03 
       3.355473867692e-02       7.229536537203e+03 
       3.357140631307e-02       7.226098942091e+03 
       3.358810321312e-02       7.222657581550e+03 
       3.360482950796e-02       7.219212444052e+03 
       3.362158532933e-02       7.215763517760e+03 
       3.363837080986e-02       7.212310790937e+03 
       3.365518608303e-02       7.208854251666e+03 
       3.367203128323e-02       7.205393887848e+03 
       3.368890654572e-02       7.201929687655e+03 
       3.370581200667e-02       7.198461630396e+03 
       3.372274780316e-02       7.194989719892e+03 
       3.373971407318e-02       7.191513936306e+03 
       3.375671095565e-02       7.188034267284e+03 
       3.377373859041e-02       7.184550708128e+03 
       3.379079711825e-02       7.181063218612e+03 
       3.380788668090e-02       7.177571818406e+03 
       3.382500742107e-02       7.174076482910e+03 
       3.384215948240e-02       7.170577195926e+03 
       3.385934300954e-02       7.167073951495e+03 
       3.387655814810e-02       7.163566733505e+03 
       3.389380504469e-02       7.160055529113e+03 
       3.391108384692e-02       7.156540325432e+03 
       3.392839470341e-02       7.153021109390e+03 
       3.394573776381e-02       7.149497867917e+03 
       3.396311317877e-02       7.145970574917e+03 
       3.398052110000e-02       7.142439241107e+03 
       3.399796168027e-02       7.138903842067e+03 
       3.401543507338e-02       7.135364364306e+03 
       3.403294143421e-02       7.131820794422e+03 
       3.405048091872e-02       7.128273118907e+03 
       3.406805368394e-02       7.124721324064e+03 
       3.408565988803e-02       7.121165389576e+03 
       3.410329969021e-02       7.117605314152e+03 
       3.412097325087e-02       7.114041077891e+03 
       3.413868073149e-02       7.110472666860e+03 
       3.415642229469e-02       7.106900063147e+03 
       3.417419810426e-02       7.103323259660e+03 
       3.419200832514e-02       7.099742235907e+03 
       3.420985312344e-02       7.096156983853e+03 
       3.422773266644e-02       7.092567485694e+03 
       3.424564712264e-02       7.088973727341e+03 
       3.426359666171e-02       7.085375694197e+03 
       3.428158145457e-02       7.081773371831e+03 
       3.429960167334e-02       7.078166745380e+03 
       3.431765749140e-02       7.074555789450e+03 
       3.433574908337e-02       7.070940508865e+03 
       3.435387662513e-02       7.067320879288e+03 
       3.437204029384e-02       7.063696885511e+03 
       3.439024026795e-02       7.060068512616e+03 
       3.440847672721e-02       7.056435742898e+03 
       3.442674985266e-02       7.052798565915e+03 
       3.444505982671e-02       7.049156963909e+03 
       3.446340683307e-02       7.045510915475e+03 
       3.448179105681e-02       7.041860416482e+03 
       3.450021268437e-02       7.038205444971e+03 
       3.451867190356e-02       7.034545985700e+03 
       3.453716890360e-02       7.030882022797e+03 
       3.455570387509e-02       7.027213533539e+03 
       3.457427701006e-02       7.023540513654e+03 
       3.459288850199e-02       7.019862939758e+03 
       3.461153854576e-02       7.016180798915e+03 
       3.463022733777e-02       7.012494073249e+03 
       3.464895507585e-02       7.008802746280e+03 
       3.466772195934e-02       7.005106801341e+03 
       3.468652818910e-02       7.001406213733e+03 
       3.470537396747e-02       6.997700981354e+03 
       3.472425949837e-02       6.993991080650e+03 
       3.474318498724e-02       6.990276494443e+03 
       3.476215064110e-02       6.986557205592e+03 
       3.478115666857e-02       6.982833198057e+03 
       3.480020327983e-02       6.979104445875e+03 
       3.481929068672e-02       6.975370944350e+03 
       3.483841910267e-02       6.971632670538e+03 
       3.485758874279e-02       6.967889606767e+03 
       3.487679982385e-02       6.964141737090e+03 
       3.489605256428e-02       6.960389032405e+03 
       3.491534718425e-02       6.956631490522e+03 
       3.493468390561e-02       6.952869085884e+03 
       3.495406295197e-02       6.949101801846e+03 
       3.497348454868e-02       6.945329620554e+03 
       3.499294892288e-02       6.941552515686e+03 
       3.501245630347e-02       6.937770479561e+03 
       3.503200692120e-02       6.933983488963e+03 
       3.505160100861e-02       6.930191524991e+03 
       3.507123880011e-02       6.926394566333e+03 
       3.509092053198e-02       6.922592598213e+03 
       3.511064644236e-02       6.918785599450e+03 
       3.513041677133e-02       6.914973550751e+03 
       3.515023176088e-02       6.911156432623e+03 
       3.517009165496e-02       6.907334225347e+03 
       3.518999669946e-02       6.903506909316e+03 
       3.520994714229e-02       6.899674461424e+03 
       3.522994323336e-02       6.895836867632e+03 
       3.524998522462e-02       6.891994104844e+03 
       3.527007337007e-02       6.888146153015e+03 
       3.529020792577e-02       6.884292991488e+03 
       3.531038914992e-02       6.880434600914e+03 
       3.533061730280e-02       6.876570953129e+03 
       3.535089264686e-02       6.872702039158e+03 
       3.537121544672e-02       6.868827832634e+03 
       3.539158596918e-02       6.864948312593e+03 
       3.541200448327e-02       6.861063457664e+03 
       3.543247126026e-02       6.857173246466e+03 
       3.545298657368e-02       6.853277657451e+03 
       3.547355069936e-02       6.849376668867e+03 
       3.549416391545e-02       6.845470259109e+03 
       3.551482650242e-02       6.841558406176e+03 
       3.553553874314e-02       6.837641088038e+03 
       3.555630092286e-02       6.833718282452e+03 
       3.557711332926e-02       6.829789966844e+03 
       3.559797625246e-02       6.825856118779e+03 
       3.561888998507e-02       6.821916715351e+03 
       3.563985482221e-02       6.817971733639e+03 
       3.566087106152e-02       6.814021150621e+03 
       3.568193900322e-02       6.810064942884e+03 
       3.570305895010e-02       6.806103087396e+03 
       3.572423120760e-02       6.802135560549e+03 
       3.574545608380e-02       6.798162338743e+03 
       3.576673388947e-02       6.794183398021e+03 
       3.578806493808e-02       6.790198714527e+03 
       3.580944954587e-02       6.786208263884e+03 
       3.583088803184e-02       6.782212021659e+03 
       3.585238071781e-02       6.778209963208e+03 
       3.587392792844e-02       6.774202063682e+03 
       3.589552999128e-02       6.770188298376e+03 
       3.591718723676e-02       6.766168642237e+03 
       3.593889999829e-02       6.762143070027e+03 
       3.596066861225e-02       6.758111556367e+03 
       3.598249341803e-02       6.754074075499e+03 
       3.600437475807e-02       6.750030601889e+03 
       3.602631297791e-02       6.745981109367e+03 
       3.604830842621e-02       6.741925571649e+03 
       3.607036145479e-02       6.737863962162e+03 
       3.609247241868e-02       6.733796254483e+03 
       3.611464167613e-02       6.729722421796e+03 
       3.613686958870e-02       6.725642437210e+03 
       3.615915652124e-02       6.721556273594e+03 
       3.618150284198e-02       6.717463903466e+03 
       3.620390892254e-02       6.713365299563e+03 
       3.622637513798e-02       6.709260434023e+03 
       3.624890186686e-02       6.705149278815e+03 
       3.627148949125e-02       6.701031805546e+03 
       3.629413839681e-02       6.696907985910e+03 
       3.631684897280e-02       6.692777791192e+03 
       3.633962161214e-02       6.688641192718e+03 
       3.636245671148e-02       6.684498161115e+03 
       3.638535467120e-02       6.680348667332e+03 
       3.640831589548e-02       6.676192682040e+03 
       3.643134079236e-02       6.672030175496e+03 
       3.645442977378e-02       6.667861117769e+03 
       3.647758325562e-02       6.663685478518e+03 
       3.650080165775e-02       6.659503227449e+03 
       3.652408540410e-02       6.655314333754e+03 
       3.654743492269e-02       6.651118766574e+03 
       3.657085064570e-02       6.646916494641e+03 
       3.659433300951e-02       6.642707486790e+03 
       3.661788245476e-02       6.638491711381e+03 
       3.664149942642e-02       6.634269136636e+03 
       3.666518437382e-02       6.630039730382e+03 
       3.668893775071e-02       6.625803460439e+03 
       3.671276001534e-02       6.621560294040e+03 
       3.673665163050e-02       6.617310198287e+03 
       3.676061306359e-02       6.613053139993e+03 
       3.678464478668e-02       6.608789085566e+03 
       3.680874727655e-02       6.604518001586e+03 
       3.683292101480e-02       6.600239854045e+03 
       3.685716648785e-02       6.595954608776e+03 
       3.688148418708e-02       6.591662231238e+03 
       3.690587460883e-02       6.587362686898e+03 
       3.693033825449e-02       6.583055940601e+03 
       3.695487563060e-02       6.578741956954e+03 
       3.697948724886e-02       6.574420700175e+03 
       3.700417362625e-02       6.570092134493e+03 
       3.702893528509e-02       6.565756223601e+03 
       3.705377275308e-02       6.561412931045e+03 
       3.707868656344e-02       6.557062219899e+03 
       3.710367725492e-02       6.552704053286e+03 
       3.712874537190e-02       6.548338393748e+03 
       3.715389146450e-02       6.543965203630e+03 
       3.717911608861e-02       6.539584444631e+03 
       3.720441980600e-02       6.535196078505e+03 
       3.722980318439e-02       6.530800066451e+03 
       3.725526679756e-02       6.526396369469e+03 
       3.728081122538e-02       6.521984948113e+03 
       3.730643705396e-02       6.517565762837e+03 
       3.733214487570e-02       6.513138773591e+03 
       3.735793528940e-02       6.508703940115e+03 
       3.738380890032e-02       6.504261221563e+03 
       3.740976632030e-02       6.499810576983e+03 
       3.743580816788e-02       6.495351964828e+03 
       3.746193506833e-02       6.490885343270e+03 
       3.748814765380e-02       6.486410670053e+03 
       3.751444656340e-02       6.481927902844e+03 
       3.754083244330e-02       6.477436998710e+03 
       3.756730594686e-02       6.472937914439e+03 
       3.759386773470e-02       6.468430606298e+03 
       3.762051847483e-02       6.463915030456e+03 
       3.764725884274e-02       6.459391142366e+03 
       3.767408952155e-02       6.454858897051e+03 
       3.770101120207e-02       6.450318249356e+03 
       3.772802458296e-02       6.445769153608e+03 
       3.775513037082e-02       6.441211563826e+03 
       3.778232928035e-02       6.436645433477e+03 
       3.780962203442e-02       6.432070715878e+03 
       3.783700936421e-02       6.427487363700e+03 
       3.786449200938e-02       6.422895329226e+03 
       3.789207071813e-02       6.418294564065e+03 
       3.791974624739e-02       6.413685019694e+03 
       3.794751936293e-02       6.409066646963e+03 
       3.797539083950e-02       6.404439396373e+03 
       3.800336146096e-02       6.399803217837e+03 
       3.803143202045e-02       6.395158061162e+03 
       3.805960332048e-02       6.390503875461e+03 
       3.808787617317e-02       6.385840609235e+03 
       3.811625140030e-02       6.381168210655e+03 
       3.814472983352e-02       6.376486627201e+03 
       3.817331231453e-02       6.371795805942e+03 
       3.820199969516e-02       6.367095693380e+03 
       3.823079283761e-02       6.362386235819e+03 
       3.825969261458e-02       6.357667378864e+03 
       3.828869990945e-02       6.352939067583e+03 
       3.831781561644e-02       6.348201246695e+03 
       3.834704064082e-02       6.343453860098e+03 
       3.837637589904e-02       6.338696851141e+03 
       3.840582231896e-02       6.333930162503e+03 
       3.843538084003e-02       6.329153736635e+03 
       3.846505241344e-02       6.324367515292e+03 
       3.849483800237e-02       6.319571439620e+03 
       3.852473858218e-02       6.314765450449e+03 
       3.855475514057e-02       6.309949487850e+03 
       3.858488867783e-02       6.305123491211e+03 
       3.861514020707e-02       6.300287399059e+03 
       3.864551075437e-02       6.295441149619e+03 
       3.867600135906e-02       6.290584680364e+03 
       3.870661307392e-02       6.285717928105e+03 
       3.873734696544e-02       6.280840829315e+03 
       3.876820411401e-02       6.275953319687e+03 
       3.879918561419e-02       6.271055334210e+03 
       3.883029257497e-02       6.266146807250e+03 
       3.886152611997e-02       6.261227672210e+03 
       3.889288738777e-02       6.256297861847e+03 
       3.892437753212e-02       6.251357308180e+03 
       3.895599772220e-02       6.246405942882e+03 
       3.898774914294e-02       6.241443696747e+03 
       3.901963299529e-02       6.236470499821e+03 
       3.905165049646e-02       6.231486281648e+03 
       3.908380288028e-02       6.226490970691e+03 
       3.911609139745e-02       6.221484494375e+03 
       3.914851731586e-02       6.216466779673e+03 
       3.918108192092e-02       6.211437752688e+03 
       3.921378651587e-02       6.206397338732e+03 
       3.924663242210e-02       6.201345462573e+03 
       3.927962097948e-02       6.196282048087e+03 
       3.931275354673e-02       6.191207018159e+03 
       3.934603150176e-02       6.186120294805e+03 
       3.937945624201e-02       6.181021798960e+03 
       3.941302918485e-02       6.175911450764e+03 
       3.944675176790e-02       6.170789169566e+03 
       3.948062544951e-02       6.165654873996e+03 
       3.951465170906e-02       6.160508481644e+03 
       3.954883204741e-02       6.155349909358e+03 
       3.958316798729e-02       6.150179072723e+03 
       3.961766107378e-02       6.144995886176e+03 
       3.965231287464e-02       6.139800263353e+03 
       3.968712498087e-02       6.134592116881e+03 
       3.972209900708e-02       6.129371358410e+03 
       3.975723659198e-02       6.124137898813e+03 
       3.979253939887e-02       6.118891647814e+03 
       3.982800911612e-02       6.113632513846e+03 
       3.986364745767e-02       6.108360404276e+03 
       3.989945616354e-02       6.103075225303e+03 
       3.993543700036e-02       6.097776881842e+03 
       3.997159176190e-02       6.092465278217e+03 
       4.000792226965e-02       6.087140317416e+03 
       4.004443037336e-02       6.081801901303e+03 
       4.008111795161e-02       6.076449930181e+03 
       4.011798691246e-02       6.071084303423e+03 
       4.015503919399e-02       6.065704918756e+03 
       4.019227676499e-02       6.060311673018e+03 
       4.022970162556e-02       6.054904461625e+03 
       4.026731580780e-02       6.049483178985e+03 
       4.030512137646e-02       6.044047718026e+03 
       4.034312042968e-02       6.038597970059e+03 
       4.038131509963e-02       6.033133825088e+03 
       4.041970755331e-02       6.027655171676e+03 
       4.045829999329e-02       6.022161896995e+03 
       4.049709465845e-02       6.016653886954e+03 
       4.053609382481e-02       6.011131026053e+03 
       4.057529980632e-02       6.005593196946e+03 
       4.061471495570e-02       6.000040280854e+03 
       4.065434166533e-02       5.994472157146e+03 
       4.069418236810e-02       5.988888703941e+03 
       4.073423953832e-02       5.983289797699e+03 
       4.077451569267e-02       5.977675313257e+03 
       4.081501339117e-02       5.972045123867e+03 
       4.085573523812e-02       5.966399100641e+03 
       4.089668388316e-02       5.960737112997e+03 
       4.093786202231e-02       5.955059028595e+03 
       4.097927239901e-02       5.949364713413e+03 
       4.102091780526e-02       5.943654031754e+03 
       4.106280108275e-02       5.937926845820e+03 
       4.110492512402e-02       5.932183015803e+03 
       4.114729287365e-02       5.926422399654e+03 
       4.118990732953e-02       5.920644853376e+03 
       4.123277154412e-02       5.914850231275e+03 
       4.127588862578e-02       5.909038385544e+03 
       4.131926174008e-02       5.903209166306e+03 
       4.136289411124e-02       5.897362421077e+03 
       4.140678902355e-02       5.891497994913e+03 
       4.145094982284e-02       5.885615730927e+03 
       4.149537991802e-02       5.879715469969e+03 
       4.154008278264e-02       5.873797050841e+03 
       4.158506195651e-02       5.867860309534e+03 
       4.163032104739e-02       5.861905079434e+03 
       4.167586373268e-02       5.855931191164e+03 
       4.172169376124e-02       5.849938472885e+03 
       4.176781495518e-02       5.843926750578e+03 
       4.181423121176e-02       5.837895847325e+03 
       4.186094650540e-02       5.831845583466e+03 
       4.190796488959e-02       5.825775775981e+03 
       4.195529049909e-02       5.819686239082e+03 
       4.200292755197e-02       5.813576784274e+03 
       4.205088035190e-02       5.807447220099e+03 
       4.209915329044e-02       5.801297352051e+03 
       4.214775084935e-02       5.795126982086e+03 
       4.219667760312e-02       5.788935908818e+03 
       4.224593822142e-02       5.782723927571e+03 
       4.229553747179e-02       5.776490830647e+03 
       4.234548022229e-02       5.770236406615e+03 
       4.239577144433e-02       5.763960440604e+03 
       4.244641621553e-02       5.757662713637e+03 
       4.249741972277e-02       5.751343003064e+03 
       4.254878726525e-02       5.745001082715e+03 
       4.260052425767e-02       5.738636722277e+03 
       4.265263623365e-02       5.732249687495e+03 
       4.270512884905e-02       5.725839739734e+03 
       4.275800788563e-02       5.719406635967e+03 
       4.281127925470e-02       5.712950129181e+03 
       4.286494900094e-02       5.706469967651e+03 
       4.291902330638e-02       5.699965895175e+03 
       4.297350849454e-02       5.693437650547e+03 
       4.302841103462e-02       5.686884967760e+03 
       4.308373754602e-02       5.680307576069e+03 
       4.313949480285e-02       5.673705199440e+03 
       4.319568973873e-02       5.667077556526e+03 
       4.325232945175e-02       5.660424360443e+03 
       4.330942120957e-02       5.653745318740e+03 
       4.336697245478e-02       5.647040133780e+03 
       4.342499081044e-02       5.640308501323e+03 
       4.348348408583e-02       5.633550111352e+03 
       4.354246028242e-02       5.626764647495e+03 
       4.360192760013e-02       5.619951787281e+03 
       4.366189444379e-02       5.613111201359e+03 
       4.372236942985e-02       5.606242553393e+03 
       4.378336139341e-02       5.599345500369e+03 
       4.384487939551e-02       5.592419691848e+03 
       4.390693273072e-02       5.585464770070e+03 
       4.396953093506e-02       5.578480369338e+03 
       4.403268379421e-02       5.571466116216e+03 
       4.409640135212e-02       5.564421629086e+03 
       4.416069391998e-02       5.557346517802e+03 
       4.422557208551e-02       5.550240383516e+03 
       4.429104672272e-02       5.543102818271e+03 
       4.435712900205e-02       5.535933405051e+03 
       4.442383040101e-02       5.528731717043e+03 
       4.449116271522e-02       5.521497317308e+03 
       4.455913806996e-02       5.514229759005e+03 
       4.462776893228e-02       5.506928584560e+03 
       4.469706812362e-02       5.499593325033e+03 
       4.476704883297e-02       5.492223500318e+03 
       4.483772463072e-02       5.484818618604e+03 
       4.490910948307e-02       5.477378175831e+03 
       4.498121776715e-02       5.469901654932e+03 
       4.505406428686e-02       5.462388525793e+03 
       4.512766428939e-02       5.454838244784e+03 
       4.520203348266e-02       5.447250254263e+03 
       4.527718805341e-02       5.439623981358e+03 
       4.535314468640e-02       5.431958837964e+03 
       4.542992058431e-02       5.424254220469e+03 
       4.550753348880e-02       5.416509508711e+03 
       4.558600170253e-02       5.408724064841e+03 
       4.566534411231e-02       5.400897233120e+03 
       4.574558021341e-02       5.393028339801e+03 
       4.582673013510e-02       5.385116691355e+03 
       4.590881466754e-02       5.377161573595e+03 
       4.599185529002e-02       5.369162251417e+03 
       4.607587420071e-02       5.361117968233e+03 
       4.616089434792e-02       5.353027943811e+03 
       4.624693946313e-02       5.344891373614e+03 
       4.633403409568e-02       5.336707428567e+03 
       4.642220364938e-02       5.328475253346e+03 
       4.651147442113e-02       5.320193964296e+03 
       4.660187364165e-02       5.311862649289e+03 
       4.669342951849e-02       5.303480366660e+03 
       4.678617128138e-02       5.295046141904e+03 
       4.688012923024e-02       5.286558967673e+03 
       4.697533478584e-02       5.278017802237e+03 
       4.707182054345e-02       5.269421566374e+03 
       4.716962032947e-02       5.260769142332e+03 
       4.726876926153e-02       5.252059372441e+03 
       4.736930381201e-02       5.243291055388e+03 
       4.747126187541e-02       5.234462944961e+03 
       4.757468283967e-02       5.225573748011e+03 
       4.767960766193e-02       5.216622120204e+03 
       4.778607894879e-02       5.207606664677e+03 
       4.789414104159e-02       5.198525928756e+03 
       4.800384010691e-02       5.189378399460e+03 
       4.811522423276e-02       5.180162501670e+03 
       4.822834353089e-02       5.170876593672e+03 
       4.834325024545e-02       5.161518961973e+03 
       4.845999886878e-02       5.152087819394e+03 
       4.857864626453e-02       5.142581297606e+03 
       4.869925179889e-02       5.132997443470e+03 
       4.882187748033e-02       5.123334214127e+03 
       4.894658810865e-02       5.113589468643e+03 
       4.907345143381e-02       5.103760964306e+03 
       4.920253832551e-02       5.093846347580e+03 
       4.933392295409e-02       5.083843146813e+03 
       4.946768298369e-02       5.073748765363e+03 
       4.960389977860e-02       5.063560469316e+03 
       4.974265862368e-02       5.053275381822e+03 
       4.988404895994e-02       5.042890468727e+03 
       5.002816463638e-02       5.032402528338e+03 
       5.017510417928e-02       5.021808179086e+03 
       5.032497108011e-02       5.011103843400e+03 
       5.047787410355e-02       5.000285735282e+03 
       5.063392761685e-02       4.989349839723e+03 
       5.079325194214e-02       4.978291897811e+03 
       5.095597373317e-02       4.967107382795e+03 
       5.112222637808e-02       4.955791480704e+03 
       5.129215042992e-02       4.944339062524e+03 
       5.146589406653e-02       4.932744659716e+03 
       5.164361358160e-02       4.921002431178e+03 
       5.182547390839e-02       4.909106132356e+03 
       5.201164917797e-02       4.897049076588e+03 
       5.220232331331e-02       4.884824094678e+03 
       5.239769066063e-02       4.872423490540e+03 
       5.259795665905e-02       4.859838988863e+03 
       5.280333854925e-02       4.847061682053e+03 
       5.301406612116e-02       4.834081966583e+03 
       5.323038250041e-02       4.820889474685e+03 
       5.345254497179e-02       4.807472999543e+03 
       5.368082583740e-02       4.793820409201e+03 
       5.391551330505e-02       4.779918553972e+03 
       5.415691240116e-02       4.765753162343e+03 
       5.440534589949e-02       4.751308725956e+03 
       5.466115525450e-02       4.736568373108e+03 
       5.492470152406e-02       4.721513727038e+03 
       5.519636626213e-02       4.706124752312e+03 
       5.547655235638e-02       4.690379585727e+03 
       5.576568477929e-02       4.674254350001e+03 
       5.606421121380e-02       4.657722951892e+03 
       5.637260250518e-02       4.640756864301e+03 
       5.669135288128e-02       4.623324893014e+03 
       5.702097987089e-02       4.605392927915e+03 
       5.736202383815e-02       4.586923683175e+03 
       5.771504703687e-02       4.567876429296e+03 
       5.808063207546e-02       4.548206723742e+03 
       5.845937967024e-02       4.527866148287e+03 
       5.885190555455e-02       4.506802064341e+03 
       5.925883640443e-02       4.484957402914e+03 
       5.968080464242e-02       4.462270505910e+03 
       6.011844199071e-02       4.438675046544e+03 
       6.057237166887e-02       4.414100054886e+03 
       6.104319917202e-02       4.388470084970e+03 
       6.153150162705e-02       4.361705560714e+03 
       6.203781580971e-02       4.333723343484e+03 
       6.256262501425e-02       4.304437562388e+03 
       6.310634509709e-02       4.273760746539e+03 
       6.366931016015e-02       4.241605289465e+03 
       6.425175848346e-02       4.207885263491e+03 
       6.485381944486e-02       4.172518575158e+03 
       6.547550225242e-02       4.135429438822e+03 
       6.611668734109e-02       4.096551100444e+03 
       6.677712122781e-02       4.055828727793e+03 
       6.745641546841e-02       4.013222340675e+03 
       6.815405011700e-02       3.968709632571e+03 
       6.886938177361e-02       3.922288516445e+03 
       6.960165595353e-02       3.873979239507e+03 
       7.035002316733e-02       3.823825925412e+03 
       7.111355781230e-02       3.771897440873e+03 
       7.189127878266e-02       3.718287516861e+03 
       7.268217063223e-02       3.663114094243e+03 
       7.348520417071e-02       3.606517928525e+03 
       7.429935552707e-02       3.548660532664e+03 
       7.512362293868e-02       3.489721574088e+03 
       7.595704078501e-02       3.429895848065e+03 
       7.679869064343e-02       3.369389966317e+03 
       7.764770937294e-02       3.308418897886e+03 
       7.850329441164e-02       3.247202480950e+03 
       7.936470659863e-02       3.185962022586e+03 
       8.023127090161e-02       3.124917071970e+03 
       8.110237545682e-02       3.064282437029e+03 
       8.197746931772e-02       3.004265500775e+03 
       8.285605927495e-02       2.945063862160e+03 
       8.373770606222e-02       2.886863317137e+03 
       8.462202020949e-02       2.829836178050e+03 
       8.550865775157e-02       2.774139935856e+03 
       8.639731595097e-02       2.719916243652e+03 
       8.728772915092e-02       2.667290196165e+03 
       8.817966483838e-02       2.616369887755e+03 
       8.907291996759e-02       2.567246224189e+03 
       8.996731757228e-02       2.519992958532e+03 
       9.086270367722e-02       2.474666918238e+03 
       9.175894450774e-02       2.431308398040e+03 
       9.265592398687e-02       2.389941691877e+03 
       9.355354150424e-02       2.350575738963e+03 
       9.445170993763e-02       2.313204862740e+03 
       9.535035390611e-02       2.277809586520e+03 
       9.624940823334e-02       2.244357500224e+03 
       9.714881660011e-02       2.212804164785e+03 
       9.804853036583e-02       2.183094044637e+03 
       9.894850754019e-02       2.155161458507e+03 
       9.984871188764e-02       2.128931539435e+03 
       1.007491121488e-01       2.104321208448e+03 
       1.016496813643e-01       2.081240128722e+03 
       1.025503962890e-01       2.059591683368e+03 
       1.034512368835e-01       2.039273928440e+03 
       1.043521858756e-01       2.020180552559e+03 
       1.052532283793e-01       2.002201822657e+03 
       1.061543515672e-01       1.985225530602e+03 
       1.070555443861e-01       1.969137932810e+03 
       1.079567973126e-01       1.953824674187e+03 
       1.088581021416e-01       1.939171707130e+03 
       1.097594518036e-01       1.925066189807e+03 
       1.106608402082e-01       1.911397370633e+03 
       1.115622621077e-01       1.898057446254e+03 
       1.124637129809e-01       1.884942390665e+03 
       1.133651889322e-01       1.871952740516e+03 
       1.142666866045e-01       1.858994341748e+03 
       1.151682031052e-01       1.845979043096e+03 
       1.160697359408e-01       1.832825329544e+03 
       1.169712829622e-01       1.819458889982e+03 
       1.178728423169e-01       1.805813103095e+03 
       1.187744124072e-01       1.791829448820e+03 
       1.196759918555e-01       1.777457828790e+03 
       1.205775794734e-01       1.762656794717e+03 
       1.214791742357e-01       1.747393683759e+03 
       1.223807752572e-01       1.731644655309e+03 
       1.232823817742e-01       1.715394630465e+03 
       1.241839931265e-01       1.698637135538e+03 
       1.250856087443e-01       1.681374052369e+03 
       1.259872281345e-01       1.663615281182e+03 
       1.268888508709e-01       1.645378318644e+03 
       1.277904765846e-01       1.626687761572e+03 
       1.286921049562e-01       1.607574743737e+03 
       1.295937357087e-01       1.588076316524e+03 
       1.304953686021e-01       1.568234781353e+03 
       1.313970034278e-01       1.548096985113e+03 
       1.322986400046e-01       1.527713590541e+03 
       1.332002781748e-01       1.507138332688e+03 
       1.341019178011e-01       1.486427270938e+03 
       1.350035587636e-01       1.465638049510e+03 
       1.359052009576e-01       1.444829173056e+03 
       1.368068442913e-01       1.424059308802e+03 
       1.377084886845e-01       1.403386621295e+03 
       1.386101340663e-01       1.382868148587e+03 
       1.395117803745e-01       1.362559225330e+03 
       1.404134275542e-01       1.342512956164e+03 
       1.413150755566e-01       1.322779744141e+03 
       1.422167243387e-01       1.303406875764e+03 
       1.431183738617e-01       1.284438164178e+03 
       1.440200240915e-01       1.265913650358e+03 
       1.449216749971e-01       1.247869361936e+03 
       1.458233265508e-01       1.230337127020e+03 
       1.467249787276e-01       1.213344442348e+03 
       1.476266315047e-01       1.196914391823e+03 
       1.485282848615e-01       1.181065612417e+03 
       1.494299387792e-01       1.165812302338e+03 
       1.503315932403e-01       1.151164270294e+03 
       1.512332482290e-01       1.137127020594e+03 
       1.521349037304e-01       1.123701870041e+03 
       1.530365597310e-01       1.110886093557e+03 
       1.539382162179e-01       1.098673094171e+03 
       1.548398731792e-01       1.087052595124e+03 
       1.557415306038e-01       1.076010850875e+03 
       1.566431884810e-01       1.065530873785e+03 
       1.575448468008e-01       1.055592674770e+03 
       1.584465055539e-01       1.046173515020e+03 
       1.593481647312e-01       1.037248167974e+03 
       1.602498243242e-01       1.028789188544e+03 
       1.611514843246e-01       1.020767188764e+03 
       1.620531447246e-01       1.013151118741e+03 
       1.629548055167e-01       1.005908551069e+03 
       1.638564666936e-01       9.990059679119e+02 
       1.647581282483e-01       9.924090482643e+02 
       1.656597901740e-01       9.860829559700e+02 
       1.665614524642e-01       9.799926250680e+02 
       1.674631151127e-01       9.741030414543e+02 
       1.683647781131e-01       9.683795203574e+02 
       1.692664414597e-01       9.627879765748e+02 
       1.701681051466e-01       9.572951852510e+02 
       1.710697691682e-01       9.518690332088e+02 
       1.719714335190e-01       9.464787560841e+02 
       1.728730981937e-01       9.410951617756e+02 
       1.737747631870e-01       9.356908365305e+02 
       1.746764284940e-01       9.302403322433e+02 
       1.755780941095e-01       9.247203341855e+02 
       1.764797600289e-01       9.191098049521e+02 
       1.773814262474e-01       9.133901056178e+02 
       1.782830927603e-01       9.075450917369e+02 
       1.791847595632e-01       9.015611838998e+02 
       1.800864266515e-01       8.954274120182e+02 
       1.809880940211e-01       8.891354316614e+02 
       1.818897616677e-01       8.826795154539e+02 
       1.827914295871e-01       8.760565172822e+02 
       1.836930977752e-01       8.692658118709e+02 
       1.845947662282e-01       8.623092089817e+02 
       1.854964349420e-01       8.551908465731e+02 
       1.863981039130e-01       8.479170617605e+02 
       1.872997731373e-01       8.404962435176e+02 
       1.882014426113e-01       8.329386681938e+02 
       1.891031123314e-01       8.252563215959e+02 
       1.900047822941e-01       8.174627091611e+02 
       1.909064524959e-01       8.095726565136e+02 
       1.918081229335e-01       8.016021052759e+02 
       1.927097936035e-01       7.935679032909e+02 
       1.936114645026e-01       7.854875958005e+02 
       1.945131356277e-01       7.773792164057e+02 
       1.954148069756e-01       7.692610844102e+02 
       1.963164785432e-01       7.611516049448e+02 
       1.972181503275e-01       7.530690797484e+02 
       1.981198223256e-01       7.450315271502e+02 
       1.990214945346e-01       7.370565117177e+02 
       1.999231669515e-01       7.291609901399e+02 
       2.008248395735e-01       7.213611666947e+02 
       2.017265123980e-01       7.136723654992e+02 
       2.026281854221e-01       7.061089165979e+02 
       2.035298586433e-01       6.986840592434e+02 
       2.044315320589e-01       6.914098562287e+02 
       2.053332056664e-01       6.842971283175e+02 
       2.062348794632e-01       6.773554001784e+02 
       2.071365534468e-01       6.705928616270e+02 
       2.080382276149e-01       6.640163432645e+02 
       2.089399019650e-01       6.576313044924e+02 
       2.098415764947e-01       6.514418348164e+02 
       2.107432512018e-01       6.454506664188e+02 
       2.116449260840e-01       6.396591967433e+02 
       2.125466011391e-01       6.340675240285e+02 
       2.134482763648e-01       6.286744877799e+02 
       2.143499517590e-01       6.234777205226e+02 
       2.152516273196e-01       6.184737071927e+02 
       2.161533030445e-01       6.136578490682e+02 
       2.170549789316e-01       6.090245356841e+02 
       2.179566549790e-01       6.045672204315e+02 
       2.188583311846e-01       6.002785023543e+02 
       2.197600075464e-01       5.961502097291e+02 
       2.206616840627e-01       5.921734886608e+02 
       2.215633607314e-01       5.883388916081e+02 
       2.224650375507e-01       5.846364705608e+02 
       2.233667145189e-01       5.810558700238e+02 
       2.242683916340e-01       5.775864192407e+02 
       2.251700688944e-01       5.742172264047e+02 
       2.260717462982e-01       5.709372725484e+02 
       2.269734238438e-01       5.677354996359e+02 
       2.278751015295e-01       5.646009037820e+02 
       2.287767793537e-01       5.615226192956e+02 
       2.296784573146e-01       5.584900033044e+02 
       2.305801354107e-01       5.554927158766e+02 
       2.314818136404e-01       5.525207948232e+02 
       2.323834920022e-01       5.495647271991e+02 
       2.332851704944e-01       5.466155136944e+02 
       2.341868491157e-01       5.436647284625e+02 
       2.350885278645e-01       5.407045717886e+02 
       2.359902067393e-01       5.377279163407e+02 
       2.368918857387e-01       5.347283465255e+02 
       2.377935648613e-01       5.317001899948e+02 
       2.386952441057e-01       5.286385424454e+02 
       2.395969234705e-01       5.255392838924e+02 
       2.404986029544e-01       5.223990882479e+02 
       2.414002825559e-01       5.192154244940e+02 
       2.423019622739e-01       5.159865511183e+02 
       2.432036421070e-01       5.127115030600e+02 
       2.441053220539e-01       5.093900714588e+02 
       2.450070021134e-01       5.060227774263e+02 
       2.459086822842e-01       5.026108394128e+02 
       2.468103625651e-01       4.991561350618e+02 
       2.477120429549e-01       4.956611578891e+02 
       2.486137234524e-01       4.921289699169e+02 
       2.495154040564e-01       4.885631499086e+02 
       2.504170847659e-01       4.849677391274e+02 
       2.513187655796e-01       4.813471843489e+02 
       2.522204464964e-01       4.777062788736e+02 
       2.531221275152e-01       4.740501028060e+02 
       2.540238086350e-01       4.703839628668e+02 
       2.549254898547e-01       4.667133319089e+02 
       2.558271711732e-01       4.630437895297e+02 
       2.567288525894e-01       4.593809650996e+02 
       2.576305341024e-01       4.557304807519e+02 
       2.585322157111e-01       4.520978980727e+02 
       2.594338974145e-01       4.484886672253e+02 
       2.603355792116e-01       4.449080792500e+02 
       2.612372611016e-01       4.413612217954e+02 
       2.621389430833e-01       4.378529388875e+02 
       2.630406251559e-01       4.343877941474e+02 
       2.639423073184e-01       4.309700386573e+02 
       2.648439895700e-01       4.276035825445e+02 
       2.657456719096e-01       4.242919711957e+02 
       2.666473543364e-01       4.210383655279e+02 
       2.675490368496e-01       4.178455265143e+02 
       2.684507194482e-01       4.147158038692e+02 
       2.693524021314e-01       4.116511287512e+02 
       2.702540848984e-01       4.086530104481e+02 
       2.711557677482e-01       4.057225366554e+02 
       2.720574506802e-01       4.028603775807e+02 
       2.729591336934e-01       4.000667930988e+02 
       2.738608167871e-01       3.973416432247e+02 
       2.747624999604e-01       3.946844015675e+02 
       2.756641832126e-01       3.920941712937e+02 
       2.765658665430e-01       3.895697037713e+02 
       2.774675499507e-01       3.871094191414e+02 
       2.783692334349e-01       3.847114293243e+02 
       2.792709169951e-01       3.823735620589e+02 
       2.801726006304e-01       3.800933870735e+02 
       2.810742843400e-01       3.778682429809e+02 
       2.819759681234e-01       3.756952656989e+02 
       2.828776519797e-01       3.735714168032e+02 
       2.837793359083e-01       3.714935133904e+02 
       2.846810199085e-01       3.694582571325e+02 
       2.855827039796e-01       3.674622643107e+02 
       2.864843881209e-01       3.655020950289e+02 
       2.873860723319e-01       3.635742822775e+02 
       2.882877566117e-01       3.616753602533e+02 
       2.891894409598e-01       3.598018919892e+02 
       2.900911253756e-01       3.579504957571e+02 
       2.909928098584e-01       3.561178703352e+02 
       2.918944944076e-01       3.543008191367e+02 
       2.927961790225e-01       3.524962721079e+02 
       2.936978637027e-01       3.507013068770e+02 
       2.945995484474e-01       3.489131670516e+02 
       2.955012332561e-01       3.471292794514e+02 
       2.964029181281e-01       3.453472685806e+02 
       2.973046030630e-01       3.435649695509e+02 
       2.982062880601e-01       3.417804383877e+02 
       2.991079731190e-01       3.399919603757e+02 
       3.000096582389e-01       3.381980560219e+02 
       3.009113434194e-01       3.363974848023e+02 
       3.018130286600e-01       3.345892468613e+02 
       3.027147139600e-01       3.327725821438e+02 
       3.036163993190e-01       3.309469680212e+02 
       3.045180847364e-01       3.291121141984e+02 
       3.054197702118e-01       3.272679564370e+02 
       3.063214557446e-01       3.254146478486e+02 
       3.072231413342e-01       3.235525489155e+02 
       3.081248269803e-01       3.216822159014e+02 
       3.090265126823e-01       3.198043877251e+02 
       3.099281984397e-01       3.179199720832e+02 
       3.108298842520e-01       3.160300299079e+02 
       3.117315701188e-01       3.141357597032e+02 
       3.126332560396e-01       3.122384805757e+02 
       3.135349420139e-01       3.103396152754e+02 
       3.144366280412e-01       3.084406726731e+02 
       3.153383141212e-01       3.065432300785e+02 
       3.162400002533e-01       3.046489159157e+02 
       3.171416864371e-01       3.027593921113e+02 
       3.180433726722e-01       3.008763374045e+02 
       3.189450589581e-01       2.990014306125e+02 
       3.198467452944e-01       2.971363349674e+02 
       3.207484316807e-01       2.952826829348e+02 
       3.216501181165e-01       2.934420619532e+02 
       3.225518046015e-01       2.916160012636e+02 
       3.234534911352e-01       2.898059594867e+02 
       3.243551777172e-01       2.880133136505e+02 
       3.252568643472e-01       2.862393490328e+02 
       3.261585510247e-01       2.844852504463e+02 
       3.270602377492e-01       2.827520946069e+02 
       3.279619245206e-01       2.810408437410e+02 
       3.288636113382e-01       2.793523405349e+02 
       3.297652982019e-01       2.776873041489e+02 
       3.306669851111e-01       2.760463276217e+02 
       3.315686720656e-01       2.744298762869e+02 
       3.324703590649e-01       2.728382874768e+02 
       3.333720461087e-01       2.712717712242e+02 
       3.342737331966e-01       2.697304120790e+02 
       3.351754203283e-01       2.682141719652e+02 
       3.360771075034e-01       2.667228937762e+02 
       3.369787947216e-01       2.652563061461e+02 
       3.378804819825e-01       2.638140286883e+02 
       3.387821692858e-01       2.623955782020e+02 
       3.396838566312e-01       2.610003754862e+02 
       3.405855440182e-01       2.596277525019e+02 
       3.414872314466e-01       2.582769604353e+02 
       3.423889189161e-01       2.569471777066e+02 
       3.432906064263e-01       2.556375186649e+02 
       3.441922939770e-01       2.543470424570e+02 
       3.450939815677e-01       2.530747617789e+02 
       3.459956691982e-01       2.518196522582e+02 
       3.468973568681e-01       2.505806612966e+02 
       3.477990445772e-01       2.493567171893e+02 
       3.487007323252e-01       2.481467381680e+02 
       3.496024201117e-01       2.469496407936e+02 
       3.505041079365e-01       2.457643487241e+02 
       3.514057957992e-01       2.445898006737e+02 
       3.523074836996e-01       2.434249580677e+02 
       3.532091716374e-01       2.422688126362e+02 
       3.541108596123e-01       2.411203928719e+02 
       3.550125476240e-01       2.399787705718e+02 
       3.559142356722e-01       2.388430665979e+02 
       3.568159237567e-01       2.377124557406e+02 
       3.577176118772e-01       2.365861716213e+02 
       3.586193000333e-01       2.354635103288e+02 
       3.595209882249e-01       2.343438336177e+02 
       3.604226764517e-01       2.332265717812e+02 
       3.613243647134e-01       2.321112251858e+02 
       3.622260530097e-01       2.309973657318e+02 
       3.631277413405e-01       2.298846375705e+02 
       3.640294297053e-01       2.287727566866e+02 
       3.649311181041e-01       2.276615106665e+02 
       3.658328065364e-01       2.265507572645e+02 
       3.667344950022e-01       2.254404224998e+02 
       3.676361835011e-01       2.243304986509e+02 
       3.685378720328e-01       2.232210411541e+02 
       3.694395605973e-01       2.221121654064e+02 
       3.703412491941e-01       2.210040433404e+02 
       3.712429378231e-01       2.198968990531e+02 
       3.721446264841e-01       2.187910047177e+02 
       3.730463151767e-01       2.176866760552e+02 
       3.739480039009e-01       2.165842672251e+02 
       3.748496926563e-01       2.154841662277e+02 
       3.757513814427e-01       2.143867897077e+02 
       3.766530702599e-01       2.132925776473e+02 
       3.775547591077e-01       2.122019885714e+02 
       3.784564479859e-01       2.111154941783e+02 
       3.793581368942e-01       2.100335743036e+02 
       3.802598258325e-01       2.089567122310e+02 
       3.811615148004e-01       2.078853896616e+02 
       3.820632037979e-01       2.068200822452e+02 
       3.829648928247e-01       2.057612553448e+02 
       3.838665818806e-01       2.047093597163e+02 
       3.847682709653e-01       2.036648278346e+02 
       3.856699600788e-01       2.026280704247e+02 
       3.865716492207e-01       2.015994730697e+02 
       3.874733383909e-01       2.005793935200e+02 
       3.883750275892e-01       1.995681591678e+02 
       3.892767168155e-01       1.985660647259e+02 
       3.901784060694e-01       1.975733706252e+02 
       3.910800953508e-01       1.965903014927e+02 
       3.919817846595e-01       1.956170449770e+02 
       3.928834739954e-01       1.946537511957e+02 
       3.937851633582e-01       1.937005322670e+02 
       3.946868527477e-01       1.927574621900e+02 
       3.955885421639e-01       1.918245773024e+02 
       3.964902316064e-01       1.909018767653e+02 
       3.973919210751e-01       1.899893234192e+02 
       3.982936105699e-01       1.890868450739e+02 
       3.991953000905e-01       1.881943358406e+02 
       4.000969896369e-01       1.873116577660e+02 
       4.009986792087e-01       1.864386428071e+02 
       4.019003688059e-01       1.855750948137e+02 
       4.028020584282e-01       1.847207917319e+02 
       4.037037480755e-01       1.838754880676e+02 
       4.046054377477e-01       1.830389172959e+02 
       4.055071274445e-01       1.822107944285e+02 
       4.064088171659e-01       1.813908187423e+02 
       4.073105069116e-01       1.805786763912e+02 
       4.082121966814e-01       1.797740431222e+02 
       4.091138864753e-01       1.789765870528e+02 
       4.100155762930e-01       1.781859712713e+02 
       4.109172661344e-01       1.774018564922e+02 
       4.118189559994e-01       1.766239036905e+02 
       4.127206458878e-01       1.758517764920e+02 
       4.136223357994e-01       1.750851435865e+02 
       4.145240257341e-01       1.743236810437e+02 
       4.154257156917e-01       1.735670743431e+02 
       4.163274056721e-01       1.728150204065e+02 
       4.172290956752e-01       1.720672294373e+02 
       4.181307857007e-01       1.713234264890e+02 
       4.190324757486e-01       1.705833529981e+02 
       4.199341658187e-01       1.698467680710e+02 
       4.208358559109e-01       1.691134495189e+02 
       4.217375460249e-01       1.683831948306e+02 
       4.226392361608e-01       1.676558218290e+02 
       4.235409263183e-01       1.669311692314e+02 
       4.244426164972e-01       1.662090969191e+02 
       4.253443066976e-01       1.654894861307e+02 
       4.262459969192e-01       1.647722393997e+02 
       4.271476871619e-01       1.640572803067e+02 
       4.280493774255e-01       1.633445531039e+02 
       4.289510677099e-01       1.626340222306e+02 
       4.298527580151e-01       1.619256715027e+02 
       4.307544483408e-01       1.612195033480e+02 
       4.316561386870e-01       1.605155378830e+02 
       4.325578290534e-01       1.598138117519e+02 
       4.334595194401e-01       1.591143769815e+02 
       4.343612098468e-01       1.584172997915e+02 
       4.352629002734e-01       1.577226591611e+02 
       4.361645907199e-01       1.570305454831e+02 
       4.370662811860e-01       1.563410591395e+02 
       4.379679716717e-01       1.556543090378e+02 
       4.388696621768e-01       1.549704110562e+02 
       4.397713527013e-01       1.542894866358e+02 
       4.406730432450e-01       1.536116613021e+02 
       4.415747338077e-01       1.529370631177e+02 
       4.424764243894e-01       1.522658213246e+02 
       4.433781149900e-01       1.515980649946e+02 
       4.442798056093e-01       1.509339215895e+02 
       4.451814962473e-01       1.502735157894e+02 
       4.460831869037e-01       1.496169682682e+02 
       4.469848775786e-01       1.489643945881e+02 
       4.478865682717e-01       1.483159041204e+02 
       4.487882589830e-01       1.476715991614e+02 
       4.496899497124e-01       1.470315741045e+02 
       4.505916404598e-01       1.463959146009e+02 
       4.514933312250e-01       1.457646970086e+02 
       4.523950220079e-01       1.451379878454e+02 
       4.532967128085e-01       1.445158432847e+02 
       4.541984036266e-01       1.438983089017e+02 
       4.551000944622e-01       1.432854193814e+02 
       4.560017853151e-01       1.426771984898e+02 
       4.569034761852e-01       1.420736588949e+02 
       4.578051670724e-01       1.414748023601e+02 
       4.587068579766e-01       1.408806198834e+02 
       4.596085488978e-01       1.402910918603e+02 
       4.605102398358e-01       1.397061884947e+02 
       4.614119307905e-01       1.391258701668e+02 
       4.623136217618e-01       1.385500879104e+02 
       4.632153127497e-01       1.379787839301e+02 
       4.641170037540e-01       1.374118921959e+02 
       4.650186947746e-01       1.368493391181e+02 
       4.659203858115e-01       1.362910441560e+02 
       4.668220768645e-01       1.357369206064e+02 
       4.677237679335e-01       1.351868763046e+02 
       4.686254590186e-01       1.346408144233e+02 
       4.695271501195e-01       1.340986341973e+02 
       4.704288412361e-01       1.335602317750e+02 
       4.713305323685e-01       1.330255009734e+02 
       4.722322235164e-01       1.324943340275e+02 
       4.731339146799e-01       1.319666224279e+02 
       4.740356058588e-01       1.314422575902e+02 
       4.749372970530e-01       1.309211316470e+02 
       4.758389882624e-01       1.304031380927e+02 
       4.767406794870e-01       1.298881724788e+02 
       4.776423707267e-01       1.293761330048e+02 
       4.785440619814e-01       1.288669211109e+02 
       4.794457532509e-01       1.283604420261e+02 
       4.803474445353e-01       1.278566052309e+02 
       4.812491358344e-01       1.273553248968e+02 
       4.821508271482e-01       1.268565202559e+02 
       4.830525184765e-01       1.263601159907e+02 
       4.839542098194e-01       1.258660423876e+02 
       4.848559011766e-01       1.253742356602e+02 
       4.857575925481e-01       1.248846380779e+02 
       4.866592839339e-01       1.243971980426e+02 
       4.875609753339e-01       1.239118676256e+02 
       4.884626667480e-01       1.234285933181e+02 
       4.893643581760e-01       1.229473793972e+02 
       4.902660496180e-01       1.224681961343e+02 
       4.911677410739e-01       1.219910155790e+02 
       4.920694325435e-01       1.215158130196e+02 
       4.929711240269e-01       1.210425689645e+02 
       4.938728155238e-01       1.205712709720e+02 
       4.947745070343e-01       1.201019152617e+02 
       4.956761985584e-01       1.196345072969e+02 
       4.965778900958e-01       1.191690615120e+02 
       4.974795816465e-01       1.187055998995e+02 
       4.983812732105e-01       1.182441499635e+02 
       4.992829647877e-01       1.177847420946e+02 
       5.001846563780e-01       1.173274069474e+02 
       5.010863479814e-01       1.168721732373e+02 
       5.019880395977e-01       1.164190663846e+02 
       5.028897312270e-01       1.159681081058e+02 
       5.037914228691e-01       1.155193169029e+02 
       5.046931145239e-01       1.150727095191e+02 
       5.055948061915e-01       1.146283027981e+02 
       5.064964978717e-01       1.141861156205e+02 
       5.073981895644e-01       1.137461703656e+02 
       5.082998812697e-01       1.133084938065e+02 
       5.092015729873e-01       1.128731169366e+02 
       5.101032647174e-01       1.124400738804e+02 
       5.110049564597e-01       1.120093998636e+02 
       5.119066482143e-01       1.115811288955e+02 
       5.128083399811e-01       1.111552911803e+02 
       5.137100317600e-01       1.107319109686e+02 
       5.146117235509e-01       1.103110049650e+02 
       5.155134153537e-01       1.098925818942e+02 
       5.164151071686e-01       1.094766428638e+02 
       5.173167989952e-01       1.090631826940e+02 
       5.182184908337e-01       1.086521917242e+02 
       5.191201826838e-01       1.082436580115e+02 
       5.200218745457e-01       1.078375691872e+02 
       5.209235664192e-01       1.074339138291e+02 
       5.218252583042e-01       1.070326819835e+02 
       5.227269502007e-01       1.066338649814e+02 
       5.236286421086e-01       1.062374543382e+02 
       5.245303340279e-01       1.058434402170e+02 
       5.254320259585e-01       1.054518096299e+02 
       5.263337179004e-01       1.050625449663e+02 
       5.272354098534e-01       1.046756229238e+02 
       5.281371018176e-01       1.042910142136e+02 
       5.290387937929e-01       1.039086840823e+02 
       5.299404857792e-01       1.035285936041e+02 
       5.308421777765e-01       1.031507014578e+02 
       5.317438697847e-01       1.027749658655e+02 
       5.326455618038e-01       1.024013463729e+02 
       5.335472538336e-01       1.020298052135e+02 
       5.344489458742e-01       1.016603079089e+02 
       5.353506379255e-01       1.012928230999e+02 
       5.362523299874e-01       1.009273216869e+02 
       5.371540220600e-01       1.005637754997e+02 
       5.380557141430e-01       1.002021557822e+02 
       5.389574062366e-01       9.984243181882e+01 
       5.398590983405e-01       9.948456999122e+01 
       5.407607904548e-01       9.912853360586e+01 
       5.416624825795e-01       9.877428339457e+01 
       5.425641747144e-01       9.842177864875e+01 
       5.434658668596e-01       9.807097922781e+01 
       5.443675590149e-01       9.772184692337e+01 
       5.452692511804e-01       9.737434754983e+01 
       5.461709433559e-01       9.702845201200e+01 
       5.470726355414e-01       9.668413697653e+01 
       5.479743277369e-01       9.634138461674e+01 
       5.488760199423e-01       9.600018163243e+01 
       5.497777121576e-01       9.566051801093e+01 
       5.506794043827e-01       9.532238483051e+01 
       5.515810966176e-01       9.498577321954e+01 
       5.524827888622e-01       9.465067254245e+01 
       5.533844811165e-01       9.431707017939e+01 
       5.542861733804e-01       9.398495130550e+01 
       5.551878656540e-01       9.365429991351e+01 
       5.560895579370e-01       9.332509973890e+01 
       5.569912502296e-01       9.299733614754e+01 
       5.578929425315e-01       9.267099755826e+01 
       5.587946348429e-01       9.234607631114e+01 
       5.596963271637e-01       9.202256973568e+01 
       5.605980194937e-01       9.170047961997e+01 
       5.614997118331e-01       9.137981169943e+01 
       5.624014041816e-01       9.106057417032e+01 
       5.633030965393e-01       9.074277625443e+01 
       5.642047889062e-01       9.042642648124e+01 
       5.651064812821e-01       9.011153146962e+01 
       5.660081736671e-01       8.979809506343e+01 
       5.669098660611e-01       8.948611805996e+01 
       5.678115584640e-01       8.917559895596e+01 
       5.687132508759e-01       8.886653468648e+01 
       5.696149432966e-01       8.855892188329e+01 
       5.705166357262e-01       8.825275826277e+01 
       5.714183281645e-01       8.794804345662e+01 
       5.723200206116e-01       8.764477979639e+01 
       5.732217130674e-01       8.734297224667e+01 
       5.741234055319e-01       8.704262761809e+01 
       5.750250980050e-01       8.674375364896e+01 
       5.759267904867e-01       8.644635749353e+01 
       5.768284829769e-01       8.615044467517e+01 
       5.777301754756e-01       8.585601757354e+01 
       5.786318679828e-01       8.556307496845e+01 
       5.795335604985e-01       8.527161197944e+01 
       5.804352530225e-01       8.498162036151e+01 
       5.813369455548e-01       8.469308980517e+01 
       5.822386380955e-01       8.440600887451e+01 
       5.831403306444e-01       8.412036640939e+01 
       5.840420232016e-01       8.383615268391e+01 
       5.849437157669e-01       8.355336006505e+01 
       5.858454083404e-01       8.327198299353e+01 
       5.867471009220e-01       8.299201768350e+01 
       5.876487935117e-01       8.271346103225e+01 
       5.885504861095e-01       8.243630965547e+01 
       5.894521787152e-01       8.216055856931e+01 
       5.903538713290e-01       8.188620000476e+01 
       5.912555639506e-01       8.161322297145e+01 
       5.921572565802e-01       8.134161303909e+01 
       5.930589492176e-01       8.107135288479e+01 
       5.939606418628e-01       8.080242308477e+01 
       5.948623345158e-01       8.053480351367e+01 
       5.957640271766e-01       8.026847464857e+01 
       5.966657198451e-01       8.000341861354e+01 
       5.975674125213e-01       7.973962004099e+01 
       5.984691052051e-01       7.947706623121e+01 
       5.993707978965e-01       7.921574715065e+01 
       6.002724905955e-01       7.895565443639e+01 
       6.011741833021e-01       7.869678049903e+01 
       6.020758760162e-01       7.843911728136e+01 
       6.029775687377e-01       7.818265532655e+01 
       6.038792614667e-01       7.792738299554e+01 
       6.047809542031e-01       7.767328637673e+01 
       6.056826469469e-01       7.742034935415e+01 
       6.065843396981e-01       7.716855468781e+01 
       6.074860324565e-01       7.691788463497e+01 
       6.083877252222e-01       7.666832255423e+01 
       6.092894179952e-01       7.641985361857e+01 
       6.101911107754e-01       7.617246570269e+01 
       6.110928035627e-01       7.592614972297e+01 
       6.119944963573e-01       7.568089932291e+01 
       6.128961891589e-01       7.543671040877e+01 
       6.137978819676e-01       7.519357994988e+01 
       6.146995747834e-01       7.495150524964e+01 
       6.156012676062e-01       7.471048256562e+01 
       6.165029604360e-01       7.447050672489e+01 
       6.174046532728e-01       7.423157063476e+01 
       6.183063461165e-01       7.399366541799e+01 
       6.192080389671e-01       7.375678114182e+01 
       6.201097318246e-01       7.352090751538e+01 
       6.210114246889e-01       7.328603503033e+01 
       6.219131175600e-01       7.305215583487e+01 
       6.228148104380e-01       7.281926445136e+01 
       6.237165033226e-01       7.258735795840e+01 
       6.246181962140e-01       7.235643592088e+01 
       6.255198891121e-01       7.212649972920e+01 
       6.264215820169e-01       7.189755179515e+01 
       6.273232749283e-01       7.166959436063e+01 
       6.282249678463e-01       7.144262869392e+01 
       6.291266607709e-01       7.121665423004e+01 
       6.300283537021e-01       7.099166829440e+01 
       6.309300466398e-01       7.076766613390e+01 
       6.318317395839e-01       7.054464141403e+01 
       6.327334325346e-01       7.032258705037e+01 
       6.336351254917e-01       7.010149609057e+01 
       6.345368184552e-01       6.988136267705e+01 
       6.354385114250e-01       6.966218269083e+01 
       6.363402044013e-01       6.944395410782e+01 
       6.372418973839e-01       6.922667691184e+01 
       6.381435903728e-01       6.901035257381e+01 
       6.390452833679e-01       6.879498330939e+01 
       6.399469763693e-01       6.858057105562e+01 
       6.408486693770e-01       6.836711661866e+01 
       6.417503623908e-01       6.815461887122e+01 
       6.426520554109e-01       6.794307442487e+01 
       6.435537484370e-01       6.773247761778e+01 
       6.444554414693e-01       6.752282088738e+01 
       6.453571345077e-01       6.731409558829e+01 
       6.462588275521e-01       6.710629280538e+01 
       6.471605206026e-01       6.689940427860e+01 
       6.480622136592e-01       6.669342312356e+01 
       6.489639067217e-01       6.648834421904e+01 
       6.498655997902e-01       6.628416430863e+01 
       6.507672928646e-01       6.608088152559e+01 
       6.516689859450e-01       6.587849482467e+01 
       6.525706790312e-01       6.567700312836e+01 
       6.534723721233e-01       6.547640444666e+01 
       6.543740652213e-01       6.527669522886e+01 
       6.552757583251e-01       6.507786992343e+01 
       6.561774514347e-01       6.487992097188e+01 
       6.570791445500e-01       6.468283912575e+01 
       6.579808376712e-01       6.448661407503e+01 
       6.588825307980e-01       6.429123533915e+01 
       6.597842239306e-01       6.409669298051e+01 
       6.606859170688e-01       6.390297843212e+01 
       6.615876102127e-01       6.371008486847e+01 
       6.624893033622e-01       6.351800730715e+01 
       6.633909965173e-01       6.332674238222e+01 
       6.642926896781e-01       6.313628768716e+01 
       6.651943828444e-01       6.294664115626e+01 
       6.660960760162e-01       6.275780017366e+01 
       6.669977691936e-01       6.256976089664e+01 
       6.678994623764e-01       6.238251798575e+01 
       6.688011555647e-01       6.219606435955e+01 
       6.697028487585e-01       6.201039159696e+01 
       6.706045419577e-01       6.182549032487e+01 
       6.715062351624e-01       6.164135111057e+01 
       6.724079283724e-01       6.145796523086e+01 
       6.733096215878e-01       6.127532520013e+01 
       6.742113148085e-01       6.109342533038e+01 
       6.751130080345e-01       6.091226185963e+01 
       6.760147012659e-01       6.073183264429e+01 
       6.769163945025e-01       6.055213666890e+01 
       6.778180877444e-01       6.037317343968e+01 
       6.787197809916e-01       6.019494208680e+01 
       6.796214742439e-01       6.001744080640e+01 
       6.805231675015e-01       5.984066637548e+01 
       6.814248607642e-01       5.966461403662e+01 
       6.823265540321e-01       5.948927767975e+01 
       6.832282473051e-01       5.931465027935e+01 
       6.841299405832e-01       5.914072462285e+01 
       6.850316338665e-01       5.896749394032e+01 
       6.859333271548e-01       5.879495269750e+01 
       6.868350204482e-01       5.862309687405e+01 
       6.877367137466e-01       5.845192419765e+01 
       6.886384070500e-01       5.828143395837e+01 
       6.895401003584e-01       5.811162659187e+01 
       6.904417936718e-01       5.794250295470e+01 
       6.913434869901e-01       5.777406370291e+01 
       6.922451803134e-01       5.760630851301e+01 
       6.931468736416e-01       5.743923574816e+01 
       6.940485669747e-01       5.727284220714e+01 
       6.949502603127e-01       5.710712323424e+01 
       6.958519536555e-01       5.694207315610e+01 
       6.967536470032e-01       5.677768586635e+01 
       6.976553403557e-01       5.661395546072e+01 
       6.985570337130e-01       5.645087692297e+01 
       6.994587270751e-01       5.628844654854e+01 
       7.003604204420e-01       5.612666212567e+01 
       7.012621138136e-01       5.596552288177e+01 
       7.021638071899e-01       5.580502903460e+01 
       7.030655005710e-01       5.564518132780e+01 
       7.039671939567e-01       5.548598022607e+01 
       7.048688873472e-01       5.532742541840e+01 
       7.057705807423e-01       5.516951531734e+01 
       7.066722741420e-01       5.501224680234e+01 
       7.075739675463e-01       5.485561534283e+01 
       7.084756609553e-01       5.469961531362e+01 
       7.093773543688e-01       5.454424051798e+01 
       7.102790477870e-01       5.438948485002e+01 
       7.111807412096e-01       5.423534288710e+01 
       7.120824346368e-01       5.408181031671e+01 
       7.129841280685e-01       5.392888421399e+01 
       7.138858215048e-01       5.377656292813e+01 
       7.147875149455e-01       5.362484589638e+01 
       7.156892083907e-01       5.347373299555e+01 
       7.165909018403e-01       5.332322402874e+01 
       7.174925952943e-01       5.317331810915e+01 
       7.183942887528e-01       5.302401324138e+01 
       7.192959822157e-01       5.287530602582e+01 
       7.201976756829e-01       5.272719174595e+01 
       7.210993691546e-01       5.257966461471e+01 
       7.220010626305e-01       5.243271827344e+01 
       7.229027561109e-01       5.228634639721e+01 
       7.238044495955e-01       5.214054321985e+01 
       7.247061430844e-01       5.199530405136e+01 
       7.256078365776e-01       5.185062553919e+01 
       7.265095300751e-01       5.170650557837e+01 
       7.274112235769e-01       5.156294315458e+01 
       7.283129170829e-01       5.141993785671e+01 
       7.292146105931e-01       5.127748929490e+01 
       7.301163041075e-01       5.113559660444e+01 
       7.310179976261e-01       5.099425797672e+01 
       7.319196911489e-01       5.085347033003e+01 
       7.328213846758e-01       5.071322943225e+01 
       7.337230782069e-01       5.057353003134e+01 
       7.346247717421e-01       5.043436629801e+01 
       7.355264652814e-01       5.029573242276e+01 
       7.364281588249e-01       5.015762310058e+01 
       7.373298523724e-01       5.002003404610e+01 
       7.382315459240e-01       4.988296218088e+01 
       7.391332394796e-01       4.974640575814e+01 
       7.400349330393e-01       4.961036408751e+01 
       7.409366266030e-01       4.947483718384e+01 
       7.418383201707e-01       4.933982517061e+01 
       7.427400137424e-01       4.920532782970e+01 
       7.436417073181e-01       4.907134413857e+01 
       7.445434008977e-01       4.893787190708e+01 
       7.454450944814e-01       4.880490782618e+01 
       7.463467880689e-01       4.867244761846e+01 
       7.472484816604e-01       4.854048633334e+01 
       7.481501752558e-01       4.840901898048e+01 
       7.490518688550e-01       4.827804093662e+01 
       7.499535624582e-01       4.814754841215e+01 
       7.508552560652e-01       4.801753878164e+01 
       7.517569496761e-01       4.788801058808e+01 
       7.526586432908e-01       4.775896344664e+01 
       7.535603369094e-01       4.763039761705e+01 
       7.544620305317e-01       4.750231361490e+01 
       7.553637241579e-01       4.737471161621e+01 
       7.562654177878e-01       4.724759109140e+01 
       7.571671114216e-01       4.712095045256e+01 
       7.580688050590e-01       4.699478703737e+01 
       7.589704987002e-01       4.686909715572e+01 
       7.598721923452e-01       4.674387646942e+01 
       7.607738859939e-01       4.661912047187e+01 
       7.616755796462e-01       4.649482488616e+01 
       7.625772733023e-01       4.637098617139e+01 
       7.634789669620e-01       4.624760180178e+01 
       7.643806606254e-01       4.612467034817e+01 
       7.652823542925e-01       4.600219136219e+01 
       7.661840479632e-01       4.588016509193e+01 
       7.670857416375e-01       4.575859202378e+01 
       7.679874353154e-01       4.563747241244e+01 
       7.688891289970e-01       4.551680586869e+01 
       7.697908226821e-01       4.539659103143e+01 
       7.706925163708e-01       4.527682546857e+01 
       7.715942100631e-01       4.515750578149e+01 
       7.724959037589e-01       4.503862786416e+01 
       7.733975974583e-01       4.492018732850e+01 
       7.742992911611e-01       4.480217997531e+01 
       7.752009848675e-01       4.468460217688e+01 
       7.761026785774e-01       4.456745124986e+01 
       7.770043722908e-01       4.445072548441e+01 
       7.779060660077e-01       4.433442414926e+01 
       7.788077597280e-01       4.421854719322e+01 
       7.797094534518e-01       4.410309487441e+01 
       7.806111471790e-01       4.398806728274e+01 
       7.815128409097e-01       4.387346398228e+01 
       7.824145346437e-01       4.375928363351e+01 
       7.833162283812e-01       4.364552392664e+01 
       7.842179221221e-01       4.353218161416e+01 
       7.851196158663e-01       4.341925275573e+01 
       7.860213096140e-01       4.330673310790e+01 
       7.869230033650e-01       4.319461850913e+01 
       7.878246971193e-01       4.308290535423e+01 
       7.887263908769e-01       4.297159085130e+01 
       7.896280846379e-01       4.286067322105e+01 
       7.905297784022e-01       4.275015157487e+01 
       7.914314721698e-01       4.264002575929e+01 
       7.923331659407e-01       4.253029598064e+01 
       7.932348597149e-01       4.242096238613e+01 
       7.941365534924e-01       4.231202465335e+01 
       7.950382472730e-01       4.220348173106e+01 
       7.959399410570e-01       4.209533159336e+01 
       7.968416348442e-01       4.198757136224e+01 
       7.977433286346e-01       4.188019745877e+01 
       7.986450224282e-01       4.177320592973e+01 
       7.995467162250e-01       4.166659288803e+01 
       8.004484100250e-01       4.156035491445e+01 
       8.013501038282e-01       4.145448931182e+01 
       8.022517976346e-01       4.134899431898e+01 
       8.031534914441e-01       4.124386905986e+01 
       8.040551852568e-01       4.113911341111e+01 
       8.049568790726e-01       4.103472764158e+01 
       8.058585728915e-01       4.093071203045e+01 
       8.067602667135e-01       4.082706649990e+01 
       8.076619605387e-01       4.072379030173e+01 
       8.085636543669e-01       4.062088182953e+01 
       8.094653481983e-01       4.051833860740e+01 
       8.103670420327e-01       4.041615751523e+01 
       8.112687358702e-01       4.031433501911e+01 
       8.121704297107e-01       4.021286758359e+01 
       8.130721235543e-01       4.011175203623e+01 
       8.139738174009e-01       4.001098586887e+01 
       8.148755112505e-01       3.991056742892e+01 
       8.157772051032e-01       3.981049593249e+01 
       8.166788989588e-01       3.971077130472e+01 
       8.175805928175e-01       3.961139390238e+01 
       8.184822866791e-01       3.951236414894e+01 
       8.193839805437e-01       3.941368216355e+01 
       8.202856744113e-01       3.931534746146e+01 
       8.211873682818e-01       3.921735875108e+01 
       8.220890621553e-01       3.911971392828e+01 
       8.229907560317e-01       3.902241020636e+01 
       8.238924499110e-01       3.892544436817e+01 
       8.247941437933e-01       3.882881310061e+01 
       8.256958376784e-01       3.873251338423e+01 
       8.265975315665e-01       3.863654279570e+01 
       8.274992254574e-01       3.854089967732e+01 
       8.284009193512e-01       3.844558319447e+01 
       8.293026132479e-01       3.835059319654e+01 
       8.302043071475e-01       3.825593000739e+01 
       8.311060010499e-01       3.816159403223e+01 
       8.320076949551e-01       3.806758545749e+01 
       8.329093888632e-01       3.797390394611e+01 
       8.338110827741e-01       3.788054840304e+01 
       8.347127766878e-01       3.778751695615e+01 
       8.356144706043e-01       3.769480705331e+01 
       8.365161645236e-01       3.760241566273e+01 
       8.374178584457e-01       3.751033967371e+01 
       8.383195523706e-01       3.741857613963e+01 
       8.392212462982e-01       3.732712264370e+01 
       8.401229402286e-01       3.723597750914e+01 
       8.410246341618e-01       3.714513978261e+01 
       8.419263280977e-01       3.705460921894e+01 
       8.428280220363e-01       3.696438601415e+01 
       8.437297159776e-01       3.687447056921e+01 
       8.446314099217e-01       3.678486305559e+01 
       8.455331038685e-01       3.669556321668e+01 
       8.464347978180e-01       3.660657009364e+01 
       8.473364917701e-01       3.651788198892e+01 
       8.482381857250e-01       3.642949653464e+01 
       8.491398796825e-01       3.634141088394e+01 
       8.500415736426e-01       3.625362205873e+01 
       8.509432676055e-01       3.616612718855e+01 
       8.518449615709e-01       3.607892387424e+01 
       8.527466555391e-01       3.599201038013e+01 
       8.536483495098e-01       3.590538568359e+01 
       8.545500434832e-01       3.581904945691e+01 
       8.554517374592e-01       3.573300183458e+01 
       8.563534314378e-01       3.564724317224e+01 
       8.572551254189e-01       3.556177371955e+01 
       8.581568194027e-01       3.547659329741e+01 
       8.590585133891e-01       3.539170113995e+01 
       8.599602073780e-01       3.530709576790e+01 
       8.608619013695e-01       3.522277505333e+01 
       8.617635953635e-01       3.513873638533e+01 
       8.626652893601e-01       3.505497695993e+01 
       8.635669833593e-01       3.497149407916e+01 
       8.644686773609e-01       3.488828540157e+01 
       8.653703713651e-01       3.480534920587e+01 
       8.662720653718e-01       3.472268444207e+01 
       8.671737593811e-01       3.464029075590e+01 
       8.680754533928e-01       3.455816824688e+01 
       8.689771474070e-01       3.447631727601e+01 
       8.698788414237e-01       3.439473815932e+01 
       8.707805354429e-01       3.431343083878e+01 
       8.716822294645e-01       3.423239472219e+01 
       8.725839234886e-01       3.415162855994e+01 
       8.734856175152e-01       3.407113047399e+01 
       8.743873115442e-01       3.399089810499e+01 
       8.752890055756e-01       3.391092884682e+01 
       8.761906996095e-01       3.383122015809e+01 
       8.770923936458e-01       3.375176980858e+01 
       8.779940876845e-01       3.367257611155e+01 
       8.788957817257e-01       3.359363803993e+01 
       8.797974757692e-01       3.351495519995e+01 
       8.806991698151e-01       3.343652768833e+01 
       8.816008638635e-01       3.335835587059e+01 
       8.825025579142e-01       3.328044012229e+01 
       8.834042519672e-01       3.320278049961e+01 
       8.843059460227e-01       3.312537657121e+01 
       8.852076400805e-01       3.304822730215e+01 
       8.861093341406e-01       3.297133104050e+01 
       8.870110282031e-01       3.289468562008e+01 
       8.879127222679e-01       3.281828865123e+01 
       8.888144163351e-01       3.274213770847e+01 
       8.897161104046e-01       3.266623064878e+01 
       8.906178044763e-01       3.259056580626e+01 
       8.915194985504e-01       3.251514213508e+01 
       8.924211926269e-01       3.243995919056e+01 
       8.933228867056e-01       3.236501701979e+01 
       8.942245807865e-01       3.229031598030e+01 
       8.951262748698e-01       3.221585644271e+01 
       8.960279689553e-01       3.214163854724e+01 
       8.969296630432e-01       3.206766198501e+01 
       8.978313571332e-01       3.199392588218e+01 
       8.987330512255e-01       3.192042875414e+01 
       8.996347453201e-01       3.184716864916e+01 
       9.005364394169e-01       3.177414331682e+01 
       9.014381335160e-01       3.170135045771e+01 
       9.023398276172e-01       3.162878799462e+01 
       9.032415217207e-01       3.155645427189e+01 
       9.041432158264e-01       3.148434821117e+01 
       9.050449099343e-01       3.141246930912e+01 
       9.059466040444e-01       3.134081755912e+01 
       9.068482981567e-01       3.126939326892e+01 
       9.077499922712e-01       3.119819680758e+01 
       9.086516863879e-01       3.112722835965e+01 
       9.095533805067e-01       3.105648770931e+01 
       9.104550746277e-01       3.098597411985e+01 
       9.113567687509e-01       3.091568627205e+01 
       9.122584628762e-01       3.084562237421e+01 
       9.131601570037e-01       3.077578031483e+01 
       9.140618511333e-01       3.070615790727e+01 
       9.149635452650e-01       3.063675313315e+01 
       9.158652393989e-01       3.056756435434e+01 
       9.167669335349e-01       3.049859047046e+01 
       9.176686276730e-01       3.042983091274e+01 
       9.185703218132e-01       3.036128563435e+01 
       9.194720159556e-01       3.029295489403e+01 
       9.203737101000e-01       3.022483906104e+01 
       9.212754042465e-01       3.015693836595e+01 
       9.221770983951e-01       3.008925268575e+01 
       9.230787925458e-01       3.002178141923e+01 
       9.239804866986e-01       2.995452340414e+01 
       9.248821808534e-01       2.988747701336e+01 
       9.257838750103e-01       2.982064030266e+01 
       9.266855691692e-01       2.975401119108e+01 
       9.275872633302e-01       2.968758774898e+01 
       9.284889574932e-01       2.962136835992e+01 
       9.293906516583e-01       2.955535190524e+01 
       9.302923458254e-01       2.948953779183e+01 
       9.311940399945e-01       2.942392591352e+01 
       9.320957341657e-01       2.935851650624e+01 
       9.329974283389e-01       2.929330993594e+01 
       9.338991225140e-01       2.922830648589e+01 
       9.348008166912e-01       2.916350610154e+01 
       9.357025108704e-01       2.909890831215e+01 
       9.366042050515e-01       2.903451212259e+01 
       9.375058992347e-01       2.897031607102e+01 
       9.384075934198e-01       2.890631835979e+01 
       9.393092876069e-01       2.884251704666e+01 
       9.402109817959e-01       2.877891027709e+01 
       9.411126759870e-01       2.871549648382e+01 
       9.420143701799e-01       2.865227454569e+01 
       9.429160643749e-01       2.858924384243e+01 
       9.438177585718e-01       2.852640423159e+01 
       9.447194527706e-01       2.846375591858e+01 
       9.456211469713e-01       2.840129926752e+01 
       9.465228411740e-01       2.833903458738e+01 
       9.474245353786e-01       2.827696192211e+01 
       9.483262295851e-01       2.821508090586e+01 
       9.492279237935e-01       2.815339068823e+01 
       9.501296180039e-01       2.809188996158e+01 
       9.510313122161e-01       2.803057707166e+01 
       9.519330064303e-01       2.796945019910e+01 
       9.528347006463e-01       2.790850756974e+01 
       9.537363948642e-01       2.784774765799e+01 
       9.546380890840e-01       2.778716933890e+01 
       9.555397833056e-01       2.772677196732e+01 
       9.564414775292e-01       2.766655535886e+01 
       9.573431717546e-01       2.760651968331e+01 
       9.582448659818e-01       2.754666529410e+01 
       9.591465602109e-01       2.748699252313e+01 
       9.600482544419e-01       2.742750148019e+01 
       9.609499486747e-01       2.736819189759e+01 
       9.618516429093e-01       2.730906305467e+01 
       9.627533371458e-01       2.725011378576e+01 
       9.636550313841e-01       2.719134257100e+01 
       9.645567256242e-01       2.713274770354e+01 
       9.654584198662e-01       2.707432748976e+01 
       9.663601141099e-01       2.701608044247e+01 
       9.672618083555e-01       2.695800543474e+01 
       9.681635026028e-01       2.690010179121e+01 
       9.690651968520e-01       2.684236928466e+01 
       9.699668911029e-01       2.678480804392e+01 
       9.708685853556e-01       2.672741840137e+01 
       9.717702796102e-01       2.667020070069e+01 
       9.726719738665e-01       2.661315510174e+01 
       9.735736681245e-01       2.655628142385e+01 
       9.744753623843e-01       2.649957905877e+01 
       9.753770566459e-01       2.644304696970e+01 
       9.762787509093e-01       2.638668376432e+01 
       9.771804451744e-01       2.633048784471e+01 
       9.780821394412e-01       2.627445759238e+01 
       9.789838337098e-01       2.621859156166e+01 
       9.798855279802e-01       2.616288863156e+01 
       9.807872222522e-01       2.610734809614e+01 
       9.816889165260e-01       2.605196968745e+01 
       9.825906108015e-01       2.599675349639e+01 
       9.834923050788e-01       2.594169983028e+01 
       9.843939993577e-01       2.588680903763e+01 
       9.852956936384e-01       2.583208131923e+01 
       9.861973879207e-01       2.577751657571e+01 
       9.870990822048e-01       2.572311430269e+01 
       9.880007764906e-01       2.566887357936e+01 
       9.889024707780e-01       2.561479313866e+01 
       9.898041650671e-01       2.556087148739e+01 
       9.907058593580e-01       2.550710708378e+01 
       9.916075536504e-01       2.545349852381e+01 
       9.925092479446e-01       2.540004469534e+01 
       9.934109422404e-01       2.534674487391e+01 
       9.943126365379e-01       2.529359874871e+01 
       9.952143308371e-01       2.524060637049e+01 
       9.961160251379e-01       2.518776802547e+01 
       9.970177194404e-01       2.513508406044e+01 
       9.979194137445e-01       2.508255471245e+01 
       9.988211080502e-01       2.503017994985e+01 
       9.997228023576e-01       2.497795936783e+01 
       1.000624496667e+00       2.492589216172e+01 
       1.001526190977e+00       2.487397717395e+01 
       1.002427885290e+00       2.482221301867e+01 
       1.003329579603e+00       2.477059823308e+01 
       1.004231273919e+00       2.471913145698e+01 
       1.005132968236e+00       2.466781158765e+01 
       1.006034662555e+00       2.461663788693e+01 
       1.006936356875e+00       2.456561001019e+01 
       1.007838051197e+00       2.451472796506e+01 
       1.008739745520e+00       2.446399200769e+01 
       1.009641439846e+00       2.441340248645e+01 
       1.010543134172e+00       2.436295966241e+01 
       1.011444828500e+00       2.431266356156e+01 
       1.012346522830e+00       2.426251386824e+01 
       1.013248217162e+00       2.421250988593e+01 
       1.014149911495e+00       2.416265056792e+01 
       1.015051605829e+00       2.411293462073e+01 
       1.015953300165e+00       2.406336066163e+01 
       1.016854994503e+00       2.401392737879e+01 
       1.017756688842e+00       2.396463368177e+01 
       1.018658383183e+00       2.391547881567e+01 
       1.019560077525e+00       2.386646240428e+01 
       1.020461771869e+00       2.381758442044e+01 
       1.021363466214e+00       2.376884508778e+01 
       1.022265160561e+00       2.372024473951e+01 
       1.023166854910e+00       2.367178366097e+01 
       1.024068549260e+00       2.362346192990e+01 
       1.024970243611e+00       2.357527930638e+01 
       1.025871937964e+00       2.352723518900e+01 
       1.026773632319e+00       2.347932863529e+01 
       1.027675326675e+00       2.343155845046e+01 
       1.028577021032e+00       2.338392332119e+01 
       1.029478715391e+00       2.333642197972e+01 
       1.030380409751e+00       2.328905335611e+01 
       1.031282104113e+00       2.324181668281e+01 
       1.032183798477e+00       2.319471154971e+01 
       1.033085492842e+00       2.314773789122e+01 
       1.033987187208e+00       2.310089590094e+01 
       1.034888881576e+00       2.305418590172e+01 
       1.035790575946e+00       2.300760818616e+01 
       1.036692270316e+00       2.296116287464e+01 
       1.037593964689e+00       2.291484980180e+01 
       1.038495659062e+00       2.286866845422e+01 
       1.039397353438e+00       2.282261798429e+01 
       1.040299047814e+00       2.277669728788e+01 
       1.041200742192e+00       2.273090512840e+01 
       1.042102436572e+00       2.268524028714e+01 
       1.043004130953e+00       2.263970170660e+01 
       1.043905825335e+00       2.259428861152e+01 
       1.044807519719e+00       2.254900056668e+01 
       1.045709214105e+00       2.250383746726e+01 
       1.046610908491e+00       2.245879947290e+01 
       1.047512602879e+00       2.241388688850e+01 
       1.048414297269e+00       2.236910001791e+01 
       1.049315991660e+00       2.232443901830e+01 
       1.050217686052e+00       2.227990378173e+01 
       1.051119380446e+00       2.223549387880e+01 
       1.052021074841e+00       2.219120855560e+01 
       1.052922769238e+00       2.214704679448e+01 
       1.053824463636e+00       2.210300742974e+01 
       1.054726158035e+00       2.205908929064e+01 
       1.055627852436e+00       2.201529134377e+01 
       1.056529546838e+00       2.197161280863e+01 
       1.057431241242e+00       2.192805321959e+01 
       1.058332935647e+00       2.188461243845e+01 
       1.059234630053e+00       2.184129059341e+01 
       1.060136324461e+00       2.179808796915e+01 
       1.061038018870e+00       2.175500487071e+01 
       1.061939713280e+00       2.171204148425e+01 
       1.062841407692e+00       2.166919776038e+01 
       1.063743102105e+00       2.162647334575e+01 
       1.064644796520e+00       2.158386756826e+01 
       1.065546490936e+00       2.154137949505e+01 
       1.066448185353e+00       2.149900803328e+01 
       1.067349879771e+00       2.145675206078e+01 
       1.068251574191e+00       2.141461056586e+01 
       1.069153268612e+00       2.137258276349e+01 
       1.070054963035e+00       2.133066816781e+01 
       1.070956657459e+00       2.128886660741e+01 
       1.071858351884e+00       2.124717817421e+01 
       1.072760046310e+00       2.120560313146e+01 
       1.073661740738e+00       2.116414178462e+01 
       1.074563435167e+00       2.112279434318e+01 
       1.075465129598e+00       2.108156080582e+01 
       1.076366824030e+00       2.104044088606e+01 
       1.077268518463e+00       2.099943399330e+01 
       1.078170212897e+00       2.095853927661e+01 
       1.079071907333e+00       2.091775570952e+01 
       1.079973601770e+00       2.087708221891e+01 
       1.080875296208e+00       2.083651781872e+01 
       1.081776990648e+00       2.079606172375e+01 
       1.082678685089e+00       2.075571342676e+01 
       1.083580379531e+00       2.071547272150e+01 
       1.084482073974e+00       2.067533966667e+01 
       1.085383768419e+00       2.063531450397e+01 
       1.086285462865e+00       2.059539753191e+01 
       1.087187157312e+00       2.055558897731e+01 
       1.088088851761e+00       2.051588888205e+01 
       1.088990546211e+00       2.047629702223e+01 
       1.089892240662e+00       2.043681288227e+01 
       1.090793935114e+00       2.039743568437e+01 
       1.091695629568e+00       2.035816446947e+01 
       1.092597324022e+00       2.031899821574e+01 
       1.093499018478e+00       2.027993596359e+01 
       1.094400712936e+00       2.024097692880e+01 
       1.095302407394e+00       2.020212058644e+01 
       1.096204101854e+00       2.016336670029e+01 
       1.097105796315e+00       2.012471529709e+01 
       1.098007490777e+00       2.008616659045e+01 
       1.098909185241e+00       2.004772086979e+01 
       1.099810879706e+00       2.000937837668e+01 
       1.100712574172e+00       1.997113919129e+01 
       1.101614268639e+00       1.993300314585e+01 
       1.102515963107e+00       1.989496979390e+01 
       1.103417657577e+00       1.985703843113e+01 
       1.104319352048e+00       1.981920816497e+01 
       1.105221046520e+00       1.978147802198e+01 
       1.106122740993e+00       1.974384706924e+01 
       1.107024435467e+00       1.970631452783e+01 
       1.107926129943e+00       1.966887986010e+01 
       1.108827824420e+00       1.963154280185e+01 
       1.109729518898e+00       1.959430334706e+01 
       1.110631213377e+00       1.955716168351e+01 
       1.111532907858e+00       1.952011809030e+01 
       1.112434602339e+00       1.948317281885e+01 
       1.113336296822e+00       1.944632597918e+01 
       1.114237991306e+00       1.940957745520e+01 
       1.115139685791e+00       1.937292686672e+01 
       1.116041380278e+00       1.933637358048e+01 
       1.116943074765e+00       1.929991676771e+01 
       1.117844769254e+00       1.926355550455e+01 
       1.118746463744e+00       1.922728888853e+01 
       1.119648158235e+00       1.919111615000e+01 
       1.120549852727e+00       1.915503673767e+01 
       1.121451547220e+00       1.911905036106e+01 
       1.122353241715e+00       1.908315698340e+01 
       1.123254936210e+00       1.904735676872e+01 
       1.124156630707e+00       1.901164998402e+01 
       1.125058325205e+00       1.897603688586e+01 
       1.125960019704e+00       1.894051761168e+01 
       1.126861714205e+00       1.890509209334e+01 
       1.127763408706e+00       1.886976001154e+01 
       1.128665103208e+00       1.883452079777e+01 
       1.129566797712e+00       1.879937368619e+01 
       1.130468492217e+00       1.876431780274e+01 
       1.131370186723e+00       1.872935227961e+01 
       1.132271881230e+00       1.869447635665e+01 
       1.133173575738e+00       1.865968947373e+01 
       1.134075270247e+00       1.862499131733e+01 
       1.134976964758e+00       1.859038182234e+01 
       1.135878659269e+00       1.855586112477e+01 
       1.136780353782e+00       1.852142947619e+01 
       1.137682048295e+00       1.848708713555e+01 
       1.138583742810e+00       1.845283426496e+01 
       1.139485437326e+00       1.841867084067e+01 
       1.140387131843e+00       1.838459659796e+01 
       1.141288826361e+00       1.835061103207e+01 
       1.142190520881e+00       1.831671343744e+01 
       1.143092215401e+00       1.828290299141e+01 
       1.143993909922e+00       1.824917885562e+01 
       1.144895604445e+00       1.821554028464e+01 
       1.145797298969e+00       1.818198670997e+01 
       1.146698993493e+00       1.814851780019e+01 
       1.147600688019e+00       1.811513346307e+01 
       1.148502382546e+00       1.808183380712e+01 
       1.149404077074e+00       1.804861906760e+01 
       1.150305771603e+00       1.801548950356e+01 
       1.151207466133e+00       1.798244529592e+01 
       1.152109160664e+00       1.794948645720e+01 
       1.153010855196e+00       1.791661277598e+01 
       1.153912549729e+00       1.788382380582e+01 
       1.154814244264e+00       1.785111890245e+01 
       1.155715938799e+00       1.781849729215e+01 
       1.156617633336e+00       1.778595817087e+01 
       1.157519327873e+00       1.775350080628e+01 
       1.158421022412e+00       1.772112462764e+01 
       1.159322716951e+00       1.768882928373e+01 
       1.160224411492e+00       1.765661465531e+01 
       1.161126106034e+00       1.762448082455e+01 
       1.162027800576e+00       1.759242800893e+01 
       1.162929495120e+00       1.756045646709e+01 
       1.163831189665e+00       1.752856639398e+01 
       1.164732884211e+00       1.749675783613e+01 
       1.165634578758e+00       1.746503062882e+01 
       1.166536273305e+00       1.743338438295e+01 
       1.167437967854e+00       1.740181850994e+01 
       1.168339662404e+00       1.737033228460e+01 
       1.169241356955e+00       1.733892493674e+01 
       1.170143051507e+00       1.730759575176e+01 
       1.171044746060e+00       1.727634415882e+01 
       1.171946440614e+00       1.724516978985e+01 
       1.172848135169e+00       1.721407250078e+01 
       1.173749829725e+00       1.718305234848e+01 
       1.174651524282e+00       1.715210953073e+01 
       1.175553218840e+00       1.712124430024e+01 
       1.176454913399e+00       1.709045686504e+01 
       1.177356607960e+00       1.705974729859e+01 
       1.178258302521e+00       1.702911548272e+01 
       1.179159997083e+00       1.699856108263e+01 
       1.180061691646e+00       1.696808356335e+01 
       1.180963386210e+00       1.693768224784e+01 
       1.181865080775e+00       1.690735640040e+01 
       1.182766775341e+00       1.687710532491e+01 
       1.183668469908e+00       1.684692845193e+01 
       1.184570164476e+00       1.681682539833e+01 
       1.185471859045e+00       1.678679599643e+01 
       1.186373553615e+00       1.675684027869e+01 
       1.187275248186e+00       1.672695842507e+01 
       1.188176942758e+00       1.669715068024e+01 
       1.189078637330e+00       1.666741726004e+01 
       1.189980331904e+00       1.663775826427e+01 
       1.190882026479e+00       1.660817361472e+01 
       1.191783721055e+00       1.657866302598e+01 
       1.192685415632e+00       1.654922601525e+01 
       1.193587110209e+00       1.651986195194e+01 
       1.194488804788e+00       1.649057013690e+01 
       1.195390499368e+00       1.646134989522e+01 
       1.196292193948e+00       1.643220065935e+01 
       1.197193888530e+00       1.640312203528e+01 
       1.198095583112e+00       1.637411383289e+01 
       1.198997277696e+00       1.634517606000e+01 
       1.199898972280e+00       1.631630887628e+01 
       1.200800666865e+00       1.628751251669e+01 
       1.201702361451e+00       1.625878720231e+01 
       1.202604056039e+00       1.623013305541e+01 
       1.203505750627e+00       1.620155003554e+01 
       1.204407445216e+00       1.617303790354e+01 
       1.205309139806e+00       1.614459622641e+01 
       1.206210834397e+00       1.611622441896e+01 
       1.207112528989e+00       1.608792181793e+01 
       1.208014223581e+00       1.605968776889e+01 
       1.208915918175e+00       1.603152170923e+01 
       1.209817612770e+00       1.600342323457e+01 
       1.210719307365e+00       1.597539213502e+01 
       1.211621001962e+00       1.594742839539e+01 
       1.212522696559e+00       1.591953215448e+01 
       1.213424391157e+00       1.589170363586e+01 
       1.214326085757e+00       1.586394306286e+01 
       1.215227780357e+00       1.583625057639e+01 
       1.216129474958e+00       1.580862616855e+01 
       1.217031169560e+00       1.578106964313e+01 
       1.217932864163e+00       1.575358061404e+01 
       1.218834558766e+00       1.572615854084e+01 
       1.219736253371e+00       1.569880279633e+01 
       1.220637947976e+00       1.567151274847e+01 
       1.221539642583e+00       1.564428784061e+01 
       1.222441337190e+00       1.561712766014e+01 
       1.223343031798e+00       1.559003197878e+01 
       1.224244726408e+00       1.556300075744e+01 
       1.225146421018e+00       1.553603411343e+01 
       1.226048115628e+00       1.550913225748e+01 
       1.226949810240e+00       1.548229541308e+01 
       1.227851504853e+00       1.545552373618e+01 
       1.228753199466e+00       1.542881724841e+01 
       1.229654894081e+00       1.540217579302e+01 
       1.230556588696e+00       1.537559902902e+01 
       1.231458283312e+00       1.534908645932e+01 
       1.232359977929e+00       1.532263749120e+01 
       1.233261672547e+00       1.529625151443e+01 
       1.234163367166e+00       1.526992798115e+01 
       1.235065061786e+00       1.524366647212e+01 
       1.235966756406e+00       1.521746674150e+01 
       1.236868451028e+00       1.519132872853e+01 
       1.237770145650e+00       1.516525252884e+01 
       1.238671840273e+00       1.513923833855e+01 
       1.239573534897e+00       1.511328637889e+01 
       1.240475229522e+00       1.508739681747e+01 
       1.241376924147e+00       1.506156970149e+01 
       1.242278618774e+00       1.503580491097e+01 
       1.243180313401e+00       1.501010214669e+01 
       1.244082008029e+00       1.498446095301e+01 
       1.244983702659e+00       1.495888077226e+01 
       1.245885397288e+00       1.493336101774e+01 
       1.246787091919e+00       1.490790115020e+01 
       1.247688786551e+00       1.488250074670e+01 
       1.248590481183e+00       1.485715954593e+01 
       1.249492175816e+00       1.483187746405e+01 
       1.250393870451e+00       1.480665457530e+01 
       1.251295565086e+00       1.478149106107e+01 
       1.252197259721e+00       1.475638713761e+01 
       1.253098954358e+00       1.473134298142e+01 
       1.254000648995e+00       1.470635866211e+01 
       1.254902343634e+00       1.468143409309e+01 
       1.255804038273e+00       1.465656901522e+01 
       1.256705732913e+00       1.463176301366e+01 
       1.257607427553e+00       1.460701556440e+01 
       1.258509122195e+00       1.458232610388e+01 
       1.259410816837e+00       1.455769410396e+01 
       1.260312511480e+00       1.453311913854e+01 
       1.261214206124e+00       1.450860093239e+01 
       1.262115900769e+00       1.448413938096e+01 
       1.263017595415e+00       1.445973453703e+01 
       1.263919290061e+00       1.443538656488e+01 
       1.264820984708e+00       1.441109567577e+01 
       1.265722679356e+00       1.438686205268e+01 
       1.266624374005e+00       1.436268578342e+01 
       1.267526068655e+00       1.433856681234e+01 
       1.268427763305e+00       1.431450491812e+01 
       1.269329457957e+00       1.429049972387e+01 
       1.270231152609e+00       1.426655073941e+01 
       1.271132847261e+00       1.424265742541e+01 
       1.272034541915e+00       1.421881926516e+01 
       1.272936236570e+00       1.419503583152e+01 
       1.273837931225e+00       1.417130683798e+01 
       1.274739625881e+00       1.414763215998e+01 
       1.275641320538e+00       1.412401182826e+01 
       1.276543015195e+00       1.410044599080e+01 
       1.277444709853e+00       1.407693485065e+01 
       1.278346404513e+00       1.405347859473e+01 
       1.279248099173e+00       1.403007732758e+01 
       1.280149793833e+00       1.400673102091e+01 
       1.281051488495e+00       1.398343948797e+01 
       1.281953183157e+00       1.396020238992e+01 
       1.282854877820e+00       1.393701927061e+01 
       1.283756572484e+00       1.391388961439e+01 
       1.284658267148e+00       1.389081291692e+01 
       1.285559961814e+00       1.386778875223e+01 
       1.286461656480e+00       1.384481682249e+01 
       1.287363351147e+00       1.382189698522e+01 
       1.288265045814e+00       1.379902925001e+01 
       1.289166740483e+00       1.377621374701e+01 
       1.290068435152e+00       1.375345066964e+01 
       1.290970129822e+00       1.373074020793e+01 
       1.291871824492e+00       1.370808248090e+01 
       1.292773519164e+00       1.368547748440e+01 
       1.293675213836e+00       1.366292506439e+01 
       1.294576908509e+00       1.364042491765e+01 
       1.295478603183e+00       1.361797662034e+01 
       1.296380297857e+00       1.359557968213e+01 
       1.297281992532e+00       1.357323361214e+01 
       1.298183687208e+00       1.355093798567e+01 
       1.299085381885e+00       1.352869249600e+01 
       1.299987076562e+00       1.350649698491e+01 
       1.300888771240e+00       1.348435144233e+01 
       1.301790465919e+00       1.346225597923e+01 
       1.302692160599e+00       1.344021077897e+01 
       1.303593855279e+00       1.341821603141e+01 
       1.304495549960e+00       1.339627186712e+01 
       1.305397244642e+00       1.337437830455e+01 
       1.306298939325e+00       1.335253522014e+01 
       1.307200634008e+00       1.333074234346e+01 
       1.308102328692e+00       1.330899928323e+01 
       1.309004023377e+00       1.328730557554e+01 
       1.309905718062e+00       1.326566074407e+01 
       1.310807412749e+00       1.324406436718e+01 
       1.311709107436e+00       1.322251613063e+01 
       1.312610802123e+00       1.320101586026e+01 
       1.313512496812e+00       1.317956352654e+01 
       1.314414191501e+00       1.315815922353e+01 
       1.315315886191e+00       1.313680312190e+01 
       1.316217580881e+00       1.311549540858e+01 
       1.317119275572e+00       1.309423622484e+01 
       1.318020970264e+00       1.307302561075e+01 
       1.318922664957e+00       1.305186347018e+01 
       1.319824359650e+00       1.303074956515e+01 
       1.320726054345e+00       1.300968353531e+01 
       1.321627749039e+00       1.298866494165e+01 
       1.322529443735e+00       1.296769332450e+01 
       1.323431138431e+00       1.294676826674e+01 
       1.324332833128e+00       1.292588944751e+01 
       1.325234527826e+00       1.290505667769e+01 
       1.326136222524e+00       1.288426991021e+01 
       1.327037917223e+00       1.286352922241e+01 
       1.327939611923e+00       1.284283477245e+01 
       1.328841306623e+00       1.282218674395e+01 
       1.329743001324e+00       1.280158528450e+01 
       1.330644696026e+00       1.278103045278e+01 
       1.331546390729e+00       1.276052217902e+01 
       1.332448085432e+00       1.274006025627e+01 
       1.333349780136e+00       1.271964435353e+01 
       1.334251474840e+00       1.269927405679e+01 
       1.335153169545e+00       1.267894892374e+01 
       1.336054864251e+00       1.265866854422e+01 
       1.336956558958e+00       1.263843259328e+01 
       1.337858253665e+00       1.261824086870e+01 
       1.338759948373e+00       1.259809330598e+01 
       1.339661643082e+00       1.257798996389e+01 
       1.340563337791e+00       1.255793098817e+01 
       1.341465032501e+00       1.253791655817e+01 
       1.342366727212e+00       1.251794682684e+01 
       1.343268421923e+00       1.249802186731e+01 
       1.344170116635e+00       1.247814163470e+01 
       1.345071811348e+00       1.245830595254e+01 
       1.345973506061e+00       1.243851452023e+01 
       1.346875200775e+00       1.241876694790e+01 
       1.347776895490e+00       1.239906281147e+01 
       1.348678590206e+00       1.237940170658e+01 
       1.349580284922e+00       1.235978330657e+01 
       1.350481979638e+00       1.234020739822e+01 
       1.351383674356e+00       1.232067389983e+01 
       1.352285369074e+00       1.230118285237e+01 
       1.353187063792e+00       1.228173438849e+01 
       1.354088758512e+00       1.226232868197e+01 
       1.354990453232e+00       1.224296589085e+01 
       1.355892147952e+00       1.222364610172e+01 
       1.356793842674e+00       1.220436929253e+01 
       1.357695537396e+00       1.218513531315e+01 
       1.358597232118e+00       1.216594389176e+01 
       1.359498926842e+00       1.214679466495e+01 
       1.360400621565e+00       1.212768722602e+01 
       1.361302316290e+00       1.210862117953e+01 
       1.362204011015e+00       1.208959619583e+01 
       1.363105705741e+00       1.207061205297e+01 
       1.364007400468e+00       1.205166865490e+01 
       1.364909095195e+00       1.203276602656e+01 
       1.365810789923e+00       1.201390428566e+01 
       1.366712484651e+00       1.199508359921e+01 
       1.367614179380e+00       1.197630412679e+01 
       1.368515874110e+00       1.195756596791e+01 
       1.369417568840e+00       1.193886912126e+01 
       1.370319263571e+00       1.192021346210e+01 
       1.371220958303e+00       1.190159874584e+01 
       1.372122653035e+00       1.188302463487e+01 
       1.373024347768e+00       1.186449074144e+01 
       1.373926042501e+00       1.184599668080e+01 
       1.374827737235e+00       1.182754212356e+01 
       1.375729431970e+00       1.180912683834e+01 
       1.376631126705e+00       1.179075071424e+01 
       1.377532821441e+00       1.177241376009e+01 
       1.378434516178e+00       1.175411608096e+01 
       1.379336210915e+00       1.173585783505e+01 
       1.380237905653e+00       1.171763918218e+01 
       1.381139600392e+00       1.169946023213e+01 
       1.382041295131e+00       1.168132100259e+01 
       1.382942989870e+00       1.166322139475e+01 
       1.383844684611e+00       1.164516119129e+01 
       1.384746379352e+00       1.162714007857e+01 
       1.385648074093e+00       1.160915768744e+01 
       1.386549768835e+00       1.159121364355e+01 
       1.387451463578e+00       1.157330761978e+01 
       1.388353158322e+00       1.155543937751e+01 
       1.389254853066e+00       1.153760879210e+01 
       1.390156547810e+00       1.151981585640e+01 
       1.391058242556e+00       1.150206066132e+01 
       1.391959937301e+00       1.148434335762e+01 
       1.392861632048e+00       1.146666410510e+01 
       1.393763326795e+00       1.144902302203e+01 
       1.394665021542e+00       1.143142014255e+01 
       1.395566716291e+00       1.141385538994e+01 
       1.396468411040e+00       1.139632857341e+01 
       1.397370105789e+00       1.137883940409e+01 
       1.398271800539e+00       1.136138753194e+01 
       1.399173495290e+00       1.134397259376e+01 
       1.400075190041e+00       1.132659426434e+01 
       1.400976884793e+00       1.130925229999e+01 
       1.401878579545e+00       1.129194656483e+01 
       1.402780274298e+00       1.127467703702e+01 
       1.403681969052e+00       1.125744379319e+01 
       1.404583663806e+00       1.124024697374e+01 
       1.405485358561e+00       1.122308673668e+01 
       1.406387053316e+00       1.120596320738e+01 
       1.407288748072e+00       1.118887643537e+01 
       1.408190442829e+00       1.117182636573e+01 
       1.409092137586e+00       1.115481283089e+01 
       1.409993832343e+00       1.113783556629e+01 
       1.410895527102e+00       1.112089424178e+01 
       1.411797221860e+00       1.110398850760e+01 
       1.412698916620e+00       1.108711804239e+01 
       1.413600611380e+00       1.107028259694e+01 
       1.414502306141e+00       1.105348202401e+01 
       1.415404000902e+00       1.103671628712e+01 
       1.416305695663e+00       1.101998544948e+01 
       1.417207390426e+00       1.100328964157e+01 
       1.418109085189e+00       1.098662901792e+01 
       1.419010779952e+00       1.097000370872e+01 
       1.419912474716e+00       1.095341377679e+01 
       1.420814169481e+00       1.093685918795e+01 
       1.421715864246e+00       1.092033979919e+01 
       1.422617559012e+00       1.090385536886e+01 
       1.423519253778e+00       1.088740558588e+01 
       1.424420948545e+00       1.087099011261e+01 
       1.425322643312e+00       1.085460863286e+01 
       1.426224338080e+00       1.083826089430e+01 
       1.427126032849e+00       1.082194673945e+01 
       1.428027727618e+00       1.080566611796e+01 
       1.428929422388e+00       1.078941907827e+01 
       1.429831117158e+00       1.077320574071e+01 
       1.430732811929e+00       1.075702625616e+01 
       1.431634506700e+00       1.074088075561e+01 
       1.432536201472e+00       1.072476932100e+01 
       1.433437896244e+00       1.070869193208e+01 
       1.434339591017e+00       1.069264846664e+01 
       1.435241285791e+00       1.067663870796e+01 
       1.436142980565e+00       1.066066236310e+01 
       1.437044675340e+00       1.064471910857e+01 
       1.437946370115e+00       1.062880863253e+01 
       1.438848064891e+00       1.061293068094e+01 
       1.439749759667e+00       1.059708508666e+01 
       1.440651454444e+00       1.058127178637e+01 
       1.441553149221e+00       1.056549081729e+01 
       1.442454843999e+00       1.054974228692e+01 
       1.443356538778e+00       1.053402634084e+01 
       1.444258233557e+00       1.051834311480e+01 
       1.445159928336e+00       1.050269269461e+01 
       1.446061623116e+00       1.048707508057e+01 
       1.446963317897e+00       1.047149017183e+01 
       1.447865012678e+00       1.045593777194e+01 
       1.448766707460e+00       1.044041760773e+01 
       1.449668402242e+00       1.042492936968e+01 
       1.450570097025e+00       1.040947275296e+01 
       1.451471791808e+00       1.039404750160e+01 
       1.452373486592e+00       1.037865344277e+01 
       1.453275181377e+00       1.036329049827e+01 
       1.454176876162e+00       1.034795869081e+01 
       1.455078570947e+00       1.033265811701e+01 
       1.455980265733e+00       1.031738891787e+01 
       1.456881960520e+00       1.030215122942e+01 
       1.457783655307e+00       1.028694514475e+01 
       1.458685350094e+00       1.027177067988e+01 
       1.459587044882e+00       1.025662775363e+01 
       1.460488739671e+00       1.024151619089e+01 
       1.461390434460e+00       1.022643573841e+01 
       1.462292129250e+00       1.021138610023e+01 
       1.463193824040e+00       1.019636697843e+01 
       1.464095518831e+00       1.018137811682e+01 
       1.464997213622e+00       1.016641933359e+01 
       1.465898908414e+00       1.015149054092e+01 
       1.466800603206e+00       1.013659174820e+01 
       1.467702297999e+00       1.012172303992e+01 
       1.468603992792e+00       1.010688454774e+01 
       1.469505687586e+00       1.009207641040e+01 
       1.470407382380e+00       1.007729872652e+01 
       1.471309077175e+00       1.006255152684e+01 
       1.472210771970e+00       1.004783474913e+01 
       1.473112466766e+00       1.003314823716e+01 
       1.474014161562e+00       1.001849175650e+01 
       1.474915856359e+00       1.000386502523e+01 
       1.475817551157e+00       9.989267754130e+00 
       1.476719245955e+00       9.974699686876e+00 
       1.477620940753e+00       9.960160635721e+00 
       1.478522635552e+00       9.945650502032e+00 
       1.479424330351e+00       9.931169280534e+00 
       1.480326025151e+00       9.916717045321e+00 
       1.481227719952e+00       9.902293920778e+00 
       1.482129414752e+00       9.887900043709e+00 
       1.483031109554e+00       9.873535519571e+00 
       1.483932804356e+00       9.859200389379e+00 
       1.484834499158e+00       9.844894607927e+00 
       1.485736193961e+00       9.830618039075e+00 
       1.870315679959e+00       5.644824532017e+00 
       2.354587343306e+00       3.213752338764e+00 
       2.964249840314e+00       1.815840985378e+00 
       3.731769450878e+00       1.018943758428e+00 
       4.698019392668e+00       5.681953801654e-01 
       5.914455998531e+00       3.150334914599e-01 
       7.445858953489e+00       1.737544582846e-01 
       9.373781049183e+00       9.537160929579e-02 
       1.180089116741e+01       5.211551238838e-02 
       1.485644177247e+01       2.836080955277e-02 
       1.870315207620e+01       1.537414402282e-02 
       2.354587342938e+01       8.303803185876e-03 
       2.964249840314e+01       4.469323485700e-03 
       3.731769450878e+01       2.397252908402e-03 
       4.698019392668e+01       1.281363452221e-03 
       5.914455998531e+01       6.823780902235e-04 
