# Matter power spectrum P(k) at redshift z=1
# for k=1.9804e-07 to 59.1446 h/Mpc,
# number of wavenumbers equal to 7403
#    1:k (h/Mpc)              2:P (Mpc/h)^3        
       1.980397694179e-07       8.512914491656e-01 
       8.032364510638e-07       3.097720352492e+00 
       1.408436508505e-06       5.200370498428e+00 
       2.013643527769e-06       7.231827669323e+00 
       2.618861094999e-06       9.215795886138e+00 
       3.224092796524e-06       1.116426178695e+01 
       3.829342218928e-06       1.308446811387e+01 
       4.434612949122e-06       1.498126088888e+01 
       5.039908574416e-06       1.685810701953e+01 
       5.645232682587e-06       1.871760767994e+01 
       6.250588861954e-06       2.056178538422e+01 
       6.855980701444e-06       2.239225702758e+01 
       7.461411790668e-06       2.421034435783e+01 
       8.066885719988e-06       2.601714778291e+01 
       8.672406080590e-06       2.781359753941e+01 
       9.277976464552e-06       2.960049027061e+01 
       9.883600464921e-06       3.137851585961e+01 
       1.048928167578e-05       3.314827755409e+01 
       1.109502369231e-05       3.491030735159e+01 
       1.170083011089e-05       3.666507796006e+01 
       1.230670452913e-05       3.841301223423e+01 
       1.291265054597e-05       4.015449071881e+01 
       1.351867176174e-05       4.188985774949e+01 
       1.412477177824e-05       4.361942643992e+01 
       1.473095419879e-05       4.534348279710e+01 
       1.533722262832e-05       4.706228914726e+01 
       1.594358067346e-05       4.877608701036e+01 
       1.655003194256e-05       5.048509952965e+01 
       1.715658004580e-05       5.218953353886e+01 
       1.776322859525e-05       5.388958133207e+01 
       1.836998120496e-05       5.558542218761e+01 
       1.897684149099e-05       5.727722368725e+01 
       1.958381307153e-05       5.896514286384e+01 
       2.019089956693e-05       6.064932720426e+01 
       2.079810459981e-05       6.232991552983e+01 
       2.140543179509e-05       6.400703877222e+01 
       2.201288478010e-05       6.568082065987e+01 
       2.262046718463e-05       6.735137832750e+01 
       2.322818264103e-05       6.901882285905e+01 
       2.383603478423e-05       7.068325977298e+01 
       2.444402725186e-05       7.234478945731e+01 
       2.505216368430e-05       7.400350756069e+01 
       2.566044772478e-05       7.565950534498e+01 
       2.626888301940e-05       7.731287000392e+01 
       2.687747321725e-05       7.896368495183e+01 
       2.748622197047e-05       8.061203008581e+01 
       2.809513293430e-05       8.225798202436e+01 
       2.870420976721e-05       8.390161432514e+01 
       2.931345613090e-05       8.554299768386e+01 
       2.992287569042e-05       8.718220011655e+01 
       3.053247211424e-05       8.881928712669e+01 
       3.114224907431e-05       9.045432185894e+01 
       3.175221024614e-05       9.208736524057e+01 
       3.236235930886e-05       9.371847611199e+01 
       3.297269994533e-05       9.534771134725e+01 
       3.358323584217e-05       9.697512596561e+01 
       3.419397068988e-05       9.860077323483e+01 
       3.480490818285e-05       1.002247047670e+02 
       3.541605201950e-05       1.018469706077e+02 
       3.602740590232e-05       1.034676193188e+02 
       3.663897353796e-05       1.050866980557e+02 
       3.725075863728e-05       1.067042526390e+02 
       3.786276491545e-05       1.083203276225e+02 
       3.847499609201e-05       1.099349663551e+02 
       3.908745589096e-05       1.115482110402e+02 
       3.970014804082e-05       1.131601027907e+02 
       4.031307627470e-05       1.147706816806e+02 
       4.092624433042e-05       1.163799867935e+02 
       4.153965595050e-05       1.179880562684e+02 
       4.215331488234e-05       1.195949273423e+02 
       4.276722487821e-05       1.212006363907e+02 
       4.338138969538e-05       1.228052189658e+02 
       4.399581309615e-05       1.244087098321e+02 
       4.461049884797e-05       1.260111430006e+02 
       4.522545072350e-05       1.276125517605e+02 
       4.584067250069e-05       1.292129687098e+02 
       4.645616796282e-05       1.308124257836e+02 
       4.707194089866e-05       1.324109542814e+02 
       4.768799510245e-05       1.340085848930e+02 
       4.830433437404e-05       1.356053477225e+02 
       4.892096251896e-05       1.372012723115e+02 
       4.953788334848e-05       1.387963876615e+02 
       5.015510067970e-05       1.403907222542e+02 
       5.077261833561e-05       1.419843040717e+02 
       5.139044014521e-05       1.435771606154e+02 
       5.200856994354e-05       1.451693189238e+02 
       5.262701157178e-05       1.467608055900e+02 
       5.324576887734e-05       1.483516467776e+02 
       5.386484571392e-05       1.499418682365e+02 
       5.448424594160e-05       1.515314953180e+02 
       5.510397342692e-05       1.531205529885e+02 
       5.572403204294e-05       1.547090658437e+02 
       5.634442566935e-05       1.562970581211e+02 
       5.696515819254e-05       1.578845537127e+02 
       5.758623350565e-05       1.594715761765e+02 
       5.820765550871e-05       1.610581487486e+02 
       5.882942810866e-05       1.626442943533e+02 
       5.945155521948e-05       1.642300356141e+02 
       6.007404076221e-05       1.658153948634e+02 
       6.069688866513e-05       1.674003941524e+02 
       6.132010286372e-05       1.689850552602e+02 
       6.194368730084e-05       1.705693997024e+02 
       6.256764592677e-05       1.721534487400e+02 
       6.319198269929e-05       1.737372233876e+02 
       6.381670158378e-05       1.753207444209e+02 
       6.444180655327e-05       1.769040323844e+02 
       6.506730158858e-05       1.784871075991e+02 
       6.569319067833e-05       1.800699901687e+02 
       6.631947781909e-05       1.816526999873e+02 
       6.694616701542e-05       1.832352567450e+02 
       6.757326227999e-05       1.848176799349e+02 
       6.820076763362e-05       1.863999888587e+02 
       6.882868710539e-05       1.879822026327e+02 
       6.945702473274e-05       1.895643401935e+02 
       7.008578456152e-05       1.911464203032e+02 
       7.071497064611e-05       1.927284615548e+02 
       7.134458704946e-05       1.943104823774e+02 
       7.197463784323e-05       1.958925010407e+02 
       7.260512710784e-05       1.974745356603e+02 
       7.323605893257e-05       1.990566042018e+02 
       7.386743741563e-05       2.006387244853e+02 
       7.449926666427e-05       2.022209141899e+02 
       7.513155079485e-05       2.038031908578e+02 
       7.576429393294e-05       2.053855718982e+02 
       7.639750021340e-05       2.069680745910e+02 
       7.703117378047e-05       2.085507160913e+02 
       7.766531878784e-05       2.101335134320e+02 
       7.829993939878e-05       2.117164835285e+02 
       7.893503978619e-05       2.132996431810e+02 
       7.957062413271e-05       2.148830090787e+02 
       8.020669663080e-05       2.164665978027e+02 
       8.084326148282e-05       2.180504258291e+02 
       8.148032290116e-05       2.196345095320e+02 
       8.211788510828e-05       2.212188651868e+02 
       8.275595233683e-05       2.228035089727e+02 
       8.339452882974e-05       2.243884569756e+02 
       8.403361884030e-05       2.259737251909e+02 
       8.467322663225e-05       2.275593295263e+02 
       8.531335647989e-05       2.291452858038e+02 
       8.595401266816e-05       2.307316097629e+02 
       8.659519949273e-05       2.323183170627e+02 
       8.723692126009e-05       2.339054232840e+02 
       8.787918228767e-05       2.354929439322e+02 
       8.852198690388e-05       2.370808944392e+02 
       8.916533944828e-05       2.386692901654e+02 
       8.980924427159e-05       2.402581464023e+02 
       9.045370573585e-05       2.418474783743e+02 
       9.109872821448e-05       2.434373012407e+02 
       9.174431609238e-05       2.450276300979e+02 
       9.239047376606e-05       2.466184799811e+02 
       9.303720564368e-05       2.482098658661e+02 
       9.368451614517e-05       2.498018026717e+02 
       9.433240970235e-05       2.513943052607e+02 
       9.498089075899e-05       2.529873884423e+02 
       9.562996377094e-05       2.545810669735e+02 
       9.627963320620e-05       2.561753555608e+02 
       9.692990354502e-05       2.577702688619e+02 
       9.758077928004e-05       2.593658214873e+02 
       9.823226491633e-05       2.609620280019e+02 
       9.888436497152e-05       2.625589029262e+02 
       9.953708397591e-05       2.641564607383e+02 
       1.001904264725e-04       2.657547158751e+02 
       1.008443970173e-04       2.673536827336e+02 
       1.014990001791e-04       2.689533756726e+02 
       1.021542405398e-04       2.705538090137e+02 
       1.028101226945e-04       2.721549970432e+02 
       1.034666512516e-04       2.737569540128e+02 
       1.041238308327e-04       2.753596941412e+02 
       1.047816660730e-04       2.769632316154e+02 
       1.054401616212e-04       2.785675805918e+02 
       1.060993221398e-04       2.801727551976e+02 
       1.067591523050e-04       2.817787695317e+02 
       1.074196568068e-04       2.833856376661e+02 
       1.080808403492e-04       2.849933736471e+02 
       1.087427076505e-04       2.866019914962e+02 
       1.094052634430e-04       2.882115052111e+02 
       1.100685124732e-04       2.898219287675e+02 
       1.107324595023e-04       2.914332761191e+02 
       1.113971093059e-04       2.930455611995e+02 
       1.120624666740e-04       2.946587979230e+02 
       1.127285364118e-04       2.962730001853e+02 
       1.133953233388e-04       2.978881818649e+02 
       1.140628322899e-04       2.995043568237e+02 
       1.147310681147e-04       3.011215389084e+02 
       1.154000356783e-04       3.027397419511e+02 
       1.160697398608e-04       3.043589797702e+02 
       1.167401855579e-04       3.059792661716e+02 
       1.174113776806e-04       3.076006149494e+02 
       1.180833211555e-04       3.092230398867e+02 
       1.187560209253e-04       3.108465547568e+02 
       1.194294819480e-04       3.124711733237e+02 
       1.201037091979e-04       3.140969093429e+02 
       1.207787076653e-04       3.157237765629e+02 
       1.214544823565e-04       3.173517887250e+02 
       1.221310382943e-04       3.189809595651e+02 
       1.228083805178e-04       3.206113028136e+02 
       1.234865140826e-04       3.222428321970e+02 
       1.241654440610e-04       3.238755614380e+02 
       1.248451755420e-04       3.255095042567e+02 
       1.255257136314e-04       3.271446743711e+02 
       1.262070634521e-04       3.287810854982e+02 
       1.268892301440e-04       3.304187513541e+02 
       1.275722188642e-04       3.320576856554e+02 
       1.282560347874e-04       3.336979021194e+02 
       1.289406831053e-04       3.353394144651e+02 
       1.296261690276e-04       3.369822364139e+02 
       1.303124977814e-04       3.386263816900e+02 
       1.309996746117e-04       3.402718640214e+02 
       1.316877047815e-04       3.419186971405e+02 
       1.323765935718e-04       3.435668947845e+02 
       1.330663462817e-04       3.452164706965e+02 
       1.337569682288e-04       3.468674386257e+02 
       1.344484647488e-04       3.485198123283e+02 
       1.351408411963e-04       3.501736055682e+02 
       1.358341029444e-04       3.518288321174e+02 
       1.365282553850e-04       3.534855057567e+02 
       1.372233039288e-04       3.551436402764e+02 
       1.379192540058e-04       3.568032494769e+02 
       1.386161110649e-04       3.584643471691e+02 
       1.393138805745e-04       3.601269471753e+02 
       1.400125680223e-04       3.617910633293e+02 
       1.407121789157e-04       3.634567094778e+02 
       1.414127187816e-04       3.651238994802e+02 
       1.421141931668e-04       3.667926472094e+02 
       1.428166076380e-04       3.684629665526e+02 
       1.435199677820e-04       3.701348714115e+02 
       1.442242792058e-04       3.718083757033e+02 
       1.449295475367e-04       3.734834933608e+02 
       1.456357784225e-04       3.751602383332e+02 
       1.463429775315e-04       3.768386245865e+02 
       1.470511505528e-04       3.785186661044e+02 
       1.477603031964e-04       3.802003768882e+02 
       1.484704411932e-04       3.818837709579e+02 
       1.491815702953e-04       3.835688623525e+02 
       1.498936962759e-04       3.852556651304e+02 
       1.506068249298e-04       3.869441933703e+02 
       1.513209620733e-04       3.886344611712e+02 
       1.520361135442e-04       3.903264826534e+02 
       1.527522852023e-04       3.920202719586e+02 
       1.534694829293e-04       3.937158432506e+02 
       1.541877126288e-04       3.954132107160e+02 
       1.549069802269e-04       3.971123885641e+02 
       1.556272916718e-04       3.988133910282e+02 
       1.563486529345e-04       4.005162323654e+02 
       1.570710700083e-04       4.022209268573e+02 
       1.577945489095e-04       4.039274888107e+02 
       1.585190956772e-04       4.056359325579e+02 
       1.592447163738e-04       4.073462724570e+02 
       1.599714170846e-04       4.090585228927e+02 
       1.606992039185e-04       4.107726982768e+02 
       1.614280830076e-04       4.124888130481e+02 
       1.621580605081e-04       4.142068816737e+02 
       1.628891425995e-04       4.159269186487e+02 
       1.636213354855e-04       4.176489384973e+02 
       1.643546453939e-04       4.193729557726e+02 
       1.650890785766e-04       4.210989850578e+02 
       1.658246413100e-04       4.228270409660e+02 
       1.665613398948e-04       4.245571381410e+02 
       1.672991806566e-04       4.262892912577e+02 
       1.680381699458e-04       4.280235150225e+02 
       1.687783141377e-04       4.297598241739e+02 
       1.695196196327e-04       4.314982334825e+02 
       1.702620928565e-04       4.332387577521e+02 
       1.710057402603e-04       4.349814118195e+02 
       1.717505683207e-04       4.367262105556e+02 
       1.724965835403e-04       4.384731688652e+02 
       1.732437924474e-04       4.402223016877e+02 
       1.739922015962e-04       4.419736239976e+02 
       1.747418175675e-04       4.437271508051e+02 
       1.754926469682e-04       4.454828971560e+02 
       1.762446964315e-04       4.472408781325e+02 
       1.769979726178e-04       4.490011088536e+02 
       1.777524822138e-04       4.507636044757e+02 
       1.785082319335e-04       4.525283801925e+02 
       1.792652285179e-04       4.542954512359e+02 
       1.800234787353e-04       4.560648328763e+02 
       1.807829893816e-04       4.578365404227e+02 
       1.815437672801e-04       4.596105892239e+02 
       1.823058192821e-04       4.613869946681e+02 
       1.830691522668e-04       4.631657721836e+02 
       1.838337731412e-04       4.649469372393e+02 
       1.845996888411e-04       4.667305053453e+02 
       1.853669063303e-04       4.685164920528e+02 
       1.861354326014e-04       4.703049129550e+02 
       1.869052746758e-04       4.720957836871e+02 
       1.876764396035e-04       4.738891199270e+02 
       1.884489344641e-04       4.756849373959e+02 
       1.892227663661e-04       4.774832518580e+02 
       1.899979424476e-04       4.792840791216e+02 
       1.907744698762e-04       4.810874350392e+02 
       1.915523558492e-04       4.828933355081e+02 
       1.923316075942e-04       4.847017964704e+02 
       1.931122323684e-04       4.865128339138e+02 
       1.938942374597e-04       4.883264638719e+02 
       1.946776301862e-04       4.901427024245e+02 
       1.954624178967e-04       4.919615656982e+02 
       1.962486079709e-04       4.937830698666e+02 
       1.970362078194e-04       4.956072311508e+02 
       1.978252248837e-04       4.974340658196e+02 
       1.986156666371e-04       4.992635901904e+02 
       1.994075405840e-04       5.010958206290e+02 
       2.002008542605e-04       5.029307735503e+02 
       2.009956152349e-04       5.047684654189e+02 
       2.017918311070e-04       5.066089127491e+02 
       2.025895095093e-04       5.084521321053e+02 
       2.033886581063e-04       5.102981401027e+02 
       2.041892845952e-04       5.121469534077e+02 
       2.049913967061e-04       5.139985887378e+02 
       2.057950022017e-04       5.158530628628e+02 
       2.066001088780e-04       5.177103926041e+02 
       2.074067245643e-04       5.195705948363e+02 
       2.082148571233e-04       5.214336864867e+02 
       2.090245144513e-04       5.232996845359e+02 
       2.098357044784e-04       5.251686060186e+02 
       2.106484351689e-04       5.270404680235e+02 
       2.114627145212e-04       5.289152876938e+02 
       2.122785505681e-04       5.307930822276e+02 
       2.130959513767e-04       5.326738688787e+02 
       2.139149250493e-04       5.345576649561e+02 
       2.147354797229e-04       5.364444878254e+02 
       2.155576235695e-04       5.383343549083e+02 
       2.163813647968e-04       5.402272836837e+02 
       2.172067116476e-04       5.421232916874e+02 
       2.180336724005e-04       5.440223965132e+02 
       2.188622553702e-04       5.459246158128e+02 
       2.196924689073e-04       5.478299672962e+02 
       2.205243213985e-04       5.497384687323e+02 
       2.213578212673e-04       5.516501379492e+02 
       2.221929769736e-04       5.535649928342e+02 
       2.230297970142e-04       5.554830513353e+02 
       2.238682899230e-04       5.574043314602e+02 
       2.247084642710e-04       5.593288512774e+02 
       2.255503286667e-04       5.612566289165e+02 
       2.263938917561e-04       5.631876825687e+02 
       2.272391622233e-04       5.651220304867e+02 
       2.280861487900e-04       5.670596909858e+02 
       2.289348602164e-04       5.690006824436e+02 
       2.297853053010e-04       5.709450233007e+02 
       2.306374928808e-04       5.728927320610e+02 
       2.314914318317e-04       5.748438272924e+02 
       2.323471310685e-04       5.767983276264e+02 
       2.332045995454e-04       5.787562517593e+02 
       2.340638462557e-04       5.807176184521e+02 
       2.349248802324e-04       5.826824465311e+02 
       2.357877105483e-04       5.846507548879e+02 
       2.366523463161e-04       5.866225624804e+02 
       2.375187966889e-04       5.885978883324e+02 
       2.383870708600e-04       5.905767515346e+02 
       2.392571780632e-04       5.925591712449e+02 
       2.401291275732e-04       5.945451666882e+02 
       2.410029287059e-04       5.965347571575e+02 
       2.418785908179e-04       5.985279620138e+02 
       2.427561233077e-04       6.005248006866e+02 
       2.436355356150e-04       6.025252926743e+02 
       2.445168372216e-04       6.045294575445e+02 
       2.454000376512e-04       6.065373149345e+02 
       2.462851464695e-04       6.085488845513e+02 
       2.471721732850e-04       6.105641861723e+02 
       2.480611277484e-04       6.125832396459e+02 
       2.489520195537e-04       6.146060648910e+02 
       2.498448584374e-04       6.166326818982e+02 
       2.507396541797e-04       6.186631107298e+02 
       2.516364166040e-04       6.206973715200e+02 
       2.525351555774e-04       6.227354844759e+02 
       2.534358810108e-04       6.247774698768e+02 
       2.543386028592e-04       6.268233480756e+02 
       2.552433311219e-04       6.288731394986e+02 
       2.561500758426e-04       6.309268646457e+02 
       2.570588471099e-04       6.329845440914e+02 
       2.579696550569e-04       6.350461984844e+02 
       2.588825098622e-04       6.371118485485e+02 
       2.597974217495e-04       6.391815150827e+02 
       2.607144009879e-04       6.412552189614e+02 
       2.616334578926e-04       6.433329811352e+02 
       2.625546028243e-04       6.454148226306e+02 
       2.634778461901e-04       6.475007645511e+02 
       2.644031984434e-04       6.495908280769e+02 
       2.653306700841e-04       6.516850344653e+02 
       2.662602716590e-04       6.537834050517e+02 
       2.671920137617e-04       6.558859612489e+02 
       2.681259070331e-04       6.579927245482e+02 
       2.690619621614e-04       6.601037165197e+02 
       2.700001898826e-04       6.622189588119e+02 
       2.709406009803e-04       6.643384731531e+02 
       2.718832062862e-04       6.664622813507e+02 
       2.728280166801e-04       6.685904052923e+02 
       2.737750430906e-04       6.707228669457e+02 
       2.747242964944e-04       6.728596883590e+02 
       2.756757879176e-04       6.750008916613e+02 
       2.766295284350e-04       6.771464990629e+02 
       2.775855291708e-04       6.792965328555e+02 
       2.785438012986e-04       6.814510154125e+02 
       2.795043560418e-04       6.836099691895e+02 
       2.804672046737e-04       6.857734167245e+02 
       2.814323585175e-04       6.879413806382e+02 
       2.823998289469e-04       6.901138836341e+02 
       2.833696273860e-04       6.922909484992e+02 
       2.843417653098e-04       6.944725981041e+02 
       2.853162542439e-04       6.966588554032e+02 
       2.862931057654e-04       6.988497434351e+02 
       2.872723315025e-04       7.010452853227e+02 
       2.882539431351e-04       7.032455042740e+02 
       2.892379523945e-04       7.054504235817e+02 
       2.902243710644e-04       7.076600666240e+02 
       2.912132109804e-04       7.098744568647e+02 
       2.922044840304e-04       7.120936178533e+02 
       2.931982021551e-04       7.143175732255e+02 
       2.941943773478e-04       7.165463467035e+02 
       2.951930216547e-04       7.187799620961e+02 
       2.961941471754e-04       7.210184432990e+02 
       2.971977660625e-04       7.232618142952e+02 
       2.982038905224e-04       7.255100991551e+02 
       2.992125328154e-04       7.277633220367e+02 
       3.002237052554e-04       7.300215071860e+02 
       3.012374202106e-04       7.322846789373e+02 
       3.022536901038e-04       7.345528617132e+02 
       3.032725274119e-04       7.368260800252e+02 
       3.042939446669e-04       7.391043584734e+02 
       3.053179544556e-04       7.413877217472e+02 
       3.063445694199e-04       7.436761946254e+02 
       3.073738022570e-04       7.459698019764e+02 
       3.084056657197e-04       7.482685687584e+02 
       3.094401726165e-04       7.505725200195e+02 
       3.104773358117e-04       7.528816808982e+02 
       3.115171682257e-04       7.551960766234e+02 
       3.125596828352e-04       7.575157325147e+02 
       3.136048926733e-04       7.598406739824e+02 
       3.146528108299e-04       7.621709265280e+02 
       3.157034504514e-04       7.645065157443e+02 
       3.167568247414e-04       7.668474673152e+02 
       3.178129469608e-04       7.691938070165e+02 
       3.188718304275e-04       7.715455607157e+02 
       3.199334885173e-04       7.739027543721e+02 
       3.209979346634e-04       7.762654140374e+02 
       3.220651823572e-04       7.786335658553e+02 
       3.231352451478e-04       7.810072360621e+02 
       3.242081366429e-04       7.833864509866e+02 
       3.252838705082e-04       7.857712370502e+02 
       3.263624604684e-04       7.881616207675e+02 
       3.274439203065e-04       7.905576287458e+02 
       3.285282638647e-04       7.929592876855e+02 
       3.296155050443e-04       7.953666243806e+02 
       3.307056578055e-04       7.977796657180e+02 
       3.317987361681e-04       8.001984386785e+02 
       3.328947542115e-04       8.026229703361e+02 
       3.339937260747e-04       8.050532878587e+02 
       3.350956659564e-04       8.074894185080e+02 
       3.362005881157e-04       8.099313896395e+02 
       3.373085068714e-04       8.123792287025e+02 
       3.384194366029e-04       8.148329632404e+02 
       3.395333917498e-04       8.172926208909e+02 
       3.406503868127e-04       8.197582293854e+02 
       3.417704363523e-04       8.222298165498e+02 
       3.428935549908e-04       8.247074103042e+02 
       3.440197574110e-04       8.271910386629e+02 
       3.451490583569e-04       8.296807297344e+02 
       3.462814726337e-04       8.321765117218e+02 
       3.474170151083e-04       8.346784129223e+02 
       3.485557007088e-04       8.371864617276e+02 
       3.496975444251e-04       8.397006866235e+02 
       3.508425613086e-04       8.422211161906e+02 
       3.519907664729e-04       8.447477791033e+02 
       3.531421750935e-04       8.472807041308e+02 
       3.542968024079e-04       8.498199201352e+02 
       3.554546637158e-04       8.523654560758e+02 
       3.566157743793e-04       8.549173410035e+02 
       3.577801498229e-04       8.574756040639e+02 
       3.589478055337e-04       8.600402744971e+02 
       3.601187570611e-04       8.626113816368e+02 
       3.612930200176e-04       8.651889549107e+02 
       3.624706100782e-04       8.677730238405e+02 
       3.636515429808e-04       8.703636180415e+02 
       3.648358345265e-04       8.729607672224e+02 
       3.660235005792e-04       8.755645011858e+02 
       3.672145570660e-04       8.781748498273e+02 
       3.684090199771e-04       8.807918431359e+02 
       3.696069053661e-04       8.834155111935e+02 
       3.708082293497e-04       8.860458841752e+02 
       3.720130081083e-04       8.886829923485e+02 
       3.732212578853e-04       8.913268660736e+02 
       3.744329949880e-04       8.939775358031e+02 
       3.756482357869e-04       8.966350320817e+02 
       3.768669967164e-04       8.992993855462e+02 
       3.780892942741e-04       9.019706269248e+02 
       3.793151450216e-04       9.046487870374e+02 
       3.805445655841e-04       9.073338967953e+02 
       3.817775726503e-04       9.100259872005e+02 
       3.830141829728e-04       9.127250893459e+02 
       3.842544133681e-04       9.154312344146e+02 
       3.854982807160e-04       9.181444536803e+02 
       3.867458019605e-04       9.208647785061e+02 
       3.879969941091e-04       9.235922403447e+02 
       3.892518742333e-04       9.263268707383e+02 
       3.905104594680e-04       9.290687013176e+02 
       3.917727670121e-04       9.318177638020e+02 
       3.930388141283e-04       9.345740899989e+02 
       3.943086181427e-04       9.373377118036e+02 
       3.955821964453e-04       9.401086611987e+02 
       3.968595664896e-04       9.428869702537e+02 
       3.981407457929e-04       9.456726711248e+02 
       3.994257519358e-04       9.484657960534e+02 
       4.007146025626e-04       9.512663773686e+02 
       4.020073153809e-04       9.540744474829e+02 
       4.033039081618e-04       9.568900388940e+02 
       4.046043987396e-04       9.597131841839e+02 
       4.059088050119e-04       9.625439160184e+02 
       4.072171449396e-04       9.653822671463e+02 
       4.085294365464e-04       9.682282703993e+02 
       4.098456979191e-04       9.710819586911e+02 
       4.111659472076e-04       9.739433650169e+02 
       4.124902026241e-04       9.768125224531e+02 
       4.138184824440e-04       9.796894641564e+02 
       4.151508050048e-04       9.825742233631e+02 
       4.164871887067e-04       9.854668333889e+02 
       4.178276520121e-04       9.883673276278e+02 
       4.191722134455e-04       9.912757395520e+02 
       4.205208915934e-04       9.941921027106e+02 
       4.218737051043e-04       9.971164507291e+02 
       4.232306726882e-04       1.000048817309e+03 
       4.245918131168e-04       1.002989236227e+03 
       4.259571452230e-04       1.005937741334e+03 
       4.273266879008e-04       1.008894366554e+03 
       4.287004601055e-04       1.011859145885e+03 
       4.300784808527e-04       1.014832113395e+03 
       4.314607692191e-04       1.017813303224e+03 
       4.328473443413e-04       1.020802749585e+03 
       4.342382254162e-04       1.023800486757e+03 
       4.356334317007e-04       1.026806549089e+03 
       4.370329825113e-04       1.029820970997e+03 
       4.384368972239e-04       1.032843786966e+03 
       4.398451952735e-04       1.035875031544e+03 
       4.412578961541e-04       1.038914739346e+03 
       4.426750194184e-04       1.041962945052e+03 
       4.440965846772e-04       1.045019683401e+03 
       4.455226115997e-04       1.048084989199e+03 
       4.469531199126e-04       1.051158897309e+03 
       4.483881294002e-04       1.054241442658e+03 
       4.498276599039e-04       1.057332660227e+03 
       4.512717313219e-04       1.060432585060e+03 
       4.527203636090e-04       1.063541252254e+03 
       4.541735767759e-04       1.066658696965e+03 
       4.556313908894e-04       1.069784954399e+03 
       4.570938260715e-04       1.072920059821e+03 
       4.585609024994e-04       1.076064048543e+03 
       4.600326404049e-04       1.079216955932e+03 
       4.615090600742e-04       1.082378817402e+03 
       4.629901818472e-04       1.085549668418e+03 
       4.644760261174e-04       1.088729544490e+03 
       4.659666133314e-04       1.091918481174e+03 
       4.674619639884e-04       1.095116514074e+03 
       4.689620986397e-04       1.098323678834e+03 
       4.704670378883e-04       1.101540011142e+03 
       4.719768023888e-04       1.104765546725e+03 
       4.734914128462e-04       1.108000321349e+03 
       4.750108900161e-04       1.111244370821e+03 
       4.765352547037e-04       1.114497730982e+03 
       4.780645277636e-04       1.117760437708e+03 
       4.795987300995e-04       1.121032526908e+03 
       4.811378826628e-04       1.124314034524e+03 
       4.826820064532e-04       1.127604996529e+03 
       4.842311225173e-04       1.130905448924e+03 
       4.857852519484e-04       1.134215427736e+03 
       4.873444158858e-04       1.137534969021e+03 
       4.889086355143e-04       1.140864108856e+03 
       4.904779320638e-04       1.144202883342e+03 
       4.920523268082e-04       1.147551328599e+03 
       4.936318410651e-04       1.150909480769e+03 
       4.952164961954e-04       1.154277376010e+03 
       4.968063136020e-04       1.157655050494e+03 
       4.984013147300e-04       1.161042540409e+03 
       5.000015210651e-04       1.164439881954e+03 
       5.016069541337e-04       1.167847111339e+03 
       5.032176355019e-04       1.171264264781e+03 
       5.048335867747e-04       1.174691378505e+03 
       5.064548295955e-04       1.178128488740e+03 
       5.080813856451e-04       1.181575631718e+03 
       5.097132766415e-04       1.185032843671e+03 
       5.113505243384e-04       1.188500160832e+03 
       5.129931505251e-04       1.191977619427e+03 
       5.146411770251e-04       1.195465255680e+03 
       5.162946256961e-04       1.198963105808e+03 
       5.179535184285e-04       1.202471206017e+03 
       5.196178771448e-04       1.205989592501e+03 
       5.212877237990e-04       1.209518301444e+03 
       5.229630803755e-04       1.213057369010e+03 
       5.246439688882e-04       1.216606831349e+03 
       5.263304113799e-04       1.220166724589e+03 
       5.280224299214e-04       1.223737084837e+03 
       5.297200466102e-04       1.227317948174e+03 
       5.314232835700e-04       1.230909350656e+03 
       5.331321629499e-04       1.234511328309e+03 
       5.348467069229e-04       1.238123917128e+03 
       5.365669376854e-04       1.241747153074e+03 
       5.382928774562e-04       1.245381072074e+03 
       5.400245484755e-04       1.249025710014e+03 
       5.417619730038e-04       1.252681102741e+03 
       5.435051733209e-04       1.256347286058e+03 
       5.452541717252e-04       1.260024295723e+03 
       5.470089905323e-04       1.263712167445e+03 
       5.487696520740e-04       1.267410936883e+03 
       5.505361786975e-04       1.271120639642e+03 
       5.523085927643e-04       1.274841311273e+03 
       5.540869166488e-04       1.278572987268e+03 
       5.558711727376e-04       1.282315703055e+03 
       5.576613834280e-04       1.286069494004e+03 
       5.594575711273e-04       1.289834395414e+03 
       5.612597582513e-04       1.293610442517e+03 
       5.630679672236e-04       1.297397670474e+03 
       5.648822204738e-04       1.301196114371e+03 
       5.667025404369e-04       1.305005809217e+03 
       5.685289495519e-04       1.308826789940e+03 
       5.703614702606e-04       1.312659091387e+03 
       5.722001250062e-04       1.316502748319e+03 
       5.740449362326e-04       1.320357795408e+03 
       5.758959263826e-04       1.324224267235e+03 
       5.777531178968e-04       1.328102198288e+03 
       5.796165332126e-04       1.331991622957e+03 
       5.814861947626e-04       1.335892575532e+03 
       5.833621249735e-04       1.339805090201e+03 
       5.852443462646e-04       1.343729201045e+03 
       5.871328810469e-04       1.347664942036e+03 
       5.890277517212e-04       1.351612347036e+03 
       5.909289806770e-04       1.355571449789e+03 
       5.928365902914e-04       1.359542283924e+03 
       5.947506029273e-04       1.363524882948e+03 
       5.966710409324e-04       1.367519280243e+03 
       5.985979266375e-04       1.371525509063e+03 
       6.005312823553e-04       1.375543602534e+03 
       6.024711303787e-04       1.379573593647e+03 
       6.044174929797e-04       1.383615515256e+03 
       6.063703924080e-04       1.387669400075e+03 
       6.083298508890e-04       1.391735280676e+03 
       6.102958906230e-04       1.395813189482e+03 
       6.122685337832e-04       1.399903158770e+03 
       6.142478025145e-04       1.404005220659e+03 
       6.162337189319e-04       1.408119407117e+03 
       6.182263051189e-04       1.412245749950e+03 
       6.202255831263e-04       1.416384280799e+03 
       6.222315749702e-04       1.420535031143e+03 
       6.242443026308e-04       1.424698032289e+03 
       6.262637880506e-04       1.428873315370e+03 
       6.282900531330e-04       1.433060911346e+03 
       6.303231197407e-04       1.437260850993e+03 
       6.323630096940e-04       1.441473164909e+03 
       6.344097447692e-04       1.445697883501e+03 
       6.364633466973e-04       1.449935036982e+03 
       6.385238371618e-04       1.454184655388e+03 
       6.405912377976e-04       1.458446768542e+03 
       6.426655701890e-04       1.462721406072e+03 
       6.447468558683e-04       1.467008597402e+03 
       6.468351163140e-04       1.471308371749e+03 
       6.489303729491e-04       1.475620758120e+03 
       6.510326471394e-04       1.479945785305e+03 
       6.531419601922e-04       1.484283481878e+03 
       6.552583333539e-04       1.488633876192e+03 
       6.573817878089e-04       1.492996996375e+03 
       6.595123446777e-04       1.497372870325e+03 
       6.616500250149e-04       1.501761525710e+03 
       6.637948498079e-04       1.506162989961e+03 
       6.659468399751e-04       1.510577290270e+03 
       6.681060163637e-04       1.515004453588e+03 
       6.702723997485e-04       1.519444506618e+03 
       6.724460108300e-04       1.523897475815e+03 
       6.746268702323e-04       1.528363387378e+03 
       6.768149985018e-04       1.532842267251e+03 
       6.790104161052e-04       1.537334141117e+03 
       6.812131434276e-04       1.541839034397e+03 
       6.834232007711e-04       1.546356972240e+03 
       6.856406083524e-04       1.550887979529e+03 
       6.878653863018e-04       1.555432080867e+03 
       6.900975546605e-04       1.559989300584e+03 
       6.923371333797e-04       1.564559662723e+03 
       6.945841423181e-04       1.569143191046e+03 
       6.968386012403e-04       1.573739909023e+03 
       6.991005298153e-04       1.578349839834e+03 
       7.013699476142e-04       1.582973006356e+03 
       7.036468741087e-04       1.587609431180e+03 
       7.059313286689e-04       1.592259136582e+03 
       7.082233305623e-04       1.596922144535e+03 
       7.105228989509e-04       1.601598476702e+03 
       7.128300528901e-04       1.606288154433e+03 
       7.151448113268e-04       1.610991198761e+03 
       7.174671930974e-04       1.615707630396e+03 
       7.197972169258e-04       1.620437469729e+03 
       7.221349014221e-04       1.625180736814e+03 
       7.244802650803e-04       1.629937451381e+03 
       7.268333262768e-04       1.634707632830e+03 
       7.291941032682e-04       1.639491300214e+03 
       7.315626141899e-04       1.644288472251e+03 
       7.339388770540e-04       1.649099167310e+03 
       7.363229097477e-04       1.653923403415e+03 
       7.387147300311e-04       1.658761198237e+03 
       7.411143555360e-04       1.663612569096e+03 
       7.435218037634e-04       1.668477532949e+03 
       7.459370920823e-04       1.673356106395e+03 
       7.483602377275e-04       1.678248305668e+03 
       7.507912577980e-04       1.683154146634e+03 
       7.532301692551e-04       1.688073644790e+03 
       7.556769889208e-04       1.693006815253e+03 
       7.581317334758e-04       1.697953672772e+03 
       7.605944194579e-04       1.702914231709e+03 
       7.630650632601e-04       1.707888506045e+03 
       7.655436811290e-04       1.712876509373e+03 
       7.680302891629e-04       1.717878254898e+03 
       7.705249033101e-04       1.722893755432e+03 
       7.730275393673e-04       1.727923023390e+03 
       7.755382129778e-04       1.732966070790e+03 
       7.780569396296e-04       1.738022909248e+03 
       7.805837346539e-04       1.743093549976e+03 
       7.831186132234e-04       1.748178003778e+03 
       7.856615903507e-04       1.753276281050e+03 
       7.882126808863e-04       1.758388391772e+03 
       7.907718995173e-04       1.763514345510e+03 
       7.933392607655e-04       1.768654151413e+03 
       7.959147789859e-04       1.773807818206e+03 
       7.984984683651e-04       1.778975354193e+03 
       8.010903429194e-04       1.784156767250e+03 
       8.036904164938e-04       1.789352064825e+03 
       8.062987027597e-04       1.794561253936e+03 
       8.089152152139e-04       1.799784341163e+03 
       8.115399671767e-04       1.805021332655e+03 
       8.141729717906e-04       1.810272234118e+03 
       8.168142420184e-04       1.815537050819e+03 
       8.194637906422e-04       1.820815787582e+03 
       8.221216302617e-04       1.826108448784e+03 
       8.247877732923e-04       1.831415038355e+03 
       8.274622319645e-04       1.836735559775e+03 
       8.301450183217e-04       1.842070016072e+03 
       8.328361442190e-04       1.847418409820e+03 
       8.355356213220e-04       1.852780743134e+03 
       8.382434611052e-04       1.858157017676e+03 
       8.409596748508e-04       1.863547234643e+03 
       8.436842736470e-04       1.868951394772e+03 
       8.464172683871e-04       1.874369498337e+03 
       8.491586697681e-04       1.879801545145e+03 
       8.519084882891e-04       1.885247534536e+03 
       8.546667342503e-04       1.890707465380e+03 
       8.574334177518e-04       1.896181336079e+03 
       8.602085486922e-04       1.901669144561e+03 
       8.629921367675e-04       1.907170888279e+03 
       8.657841914699e-04       1.912686564214e+03 
       8.685847220866e-04       1.918216168868e+03 
       8.713937376988e-04       1.923759698265e+03 
       8.742112471803e-04       1.929317147951e+03 
       8.770372591968e-04       1.934888512992e+03 
       8.798717822045e-04       1.940473787971e+03 
       8.827148244494e-04       1.946072966990e+03 
       8.855663939657e-04       1.951686043664e+03 
       8.884264985755e-04       1.957313011127e+03 
       8.912951458875e-04       1.962953862025e+03 
       8.941723432959e-04       1.968608588519e+03 
       8.970580979797e-04       1.974277182282e+03 
       8.999524169020e-04       1.979959634497e+03 
       9.028553068087e-04       1.985655935863e+03 
       9.057667742279e-04       1.991366076584e+03 
       9.086868254690e-04       1.997090046377e+03 
       9.116154666220e-04       2.002827834469e+03 
       9.145527035570e-04       2.008579429595e+03 
       9.174985419227e-04       2.014344819999e+03 
       9.204529871466e-04       2.020123993432e+03 
       9.234160444337e-04       2.025916937156e+03 
       9.263877187661e-04       2.031723637939e+03 
       9.293680149024e-04       2.037544082056e+03 
       9.323569373770e-04       2.043378255292e+03 
       9.353544904997e-04       2.049226142938e+03 
       9.383606783548e-04       2.055087729795e+03 
       9.413755048013e-04       2.060963000168e+03 
       9.443989734715e-04       2.066851937875e+03 
       9.474310877714e-04       2.072754526238e+03 
       9.504718508798e-04       2.078670748091e+03 
       9.535212657481e-04       2.084600585776e+03 
       9.565793350997e-04       2.090544021143e+03 
       9.596460614300e-04       2.096501035555e+03 
       9.627214470060e-04       2.102471609883e+03 
       9.658054938659e-04       2.108455724511e+03 
       9.688982038190e-04       2.114453359330e+03 
       9.719995784453e-04       2.120464493751e+03 
       9.751096190958e-04       2.126489106704e+03 
       9.782283268916e-04       2.132527176619e+03 
       9.813557027245e-04       2.138578681449e+03 
       9.844917472565e-04       2.144643598662e+03 
       9.876364609199e-04       2.150721905244e+03 
       9.907898439171e-04       2.156813577700e+03 
       9.939518962209e-04       2.162918592055e+03 
       9.971226175743e-04       2.169036923856e+03 
       1.000302007491e-03       2.175168548172e+03 
       1.003490065254e-03       2.181313439595e+03 
       1.006686789918e-03       2.187471572244e+03 
       1.009892180308e-03       2.193642919765e+03 
       1.013106235019e-03       2.199827455333e+03 
       1.016328952420e-03       2.206025151650e+03 
       1.019560330648e-03       2.212235980956e+03 
       1.022800367613e-03       2.218459915019e+03 
       1.026049060997e-03       2.224696925146e+03 
       1.029306408255e-03       2.230946982181e+03 
       1.032572406612e-03       2.237210056506e+03 
       1.035847053069e-03       2.243486118047e+03 
       1.039130344399e-03       2.249775136272e+03 
       1.042422277150e-03       2.256077080195e+03 
       1.045722847642e-03       2.262391918378e+03 
       1.049032051972e-03       2.268719618933e+03 
       1.052349886012e-03       2.275060149525e+03 
       1.055676345409e-03       2.281413477372e+03 
       1.059011425589e-03       2.287779569253e+03 
       1.062355121753e-03       2.294158391503e+03 
       1.065707428879e-03       2.300549910022e+03 
       1.069068341727e-03       2.306954090275e+03 
       1.072437854834e-03       2.313370897276e+03 
       1.075815962516e-03       2.319800295651e+03 
       1.079202658872e-03       2.326242249564e+03 
       1.082597937781e-03       2.332696722765e+03 
       1.086001792906e-03       2.339163678582e+03 
       1.089414217691e-03       2.345643079924e+03 
       1.092835205366e-03       2.352134889286e+03 
       1.096264748945e-03       2.358639068748e+03 
       1.099702841228e-03       2.365155579983e+03 
       1.103149474802e-03       2.371684384256e+03 
       1.106604642042e-03       2.378225442429e+03 
       1.110068335111e-03       2.384778714962e+03 
       1.113540545963e-03       2.391344161920e+03 
       1.117021266342e-03       2.397921742975e+03 
       1.120510487785e-03       2.404511417406e+03 
       1.124008201620e-03       2.411113144107e+03 
       1.127514398971e-03       2.417726881586e+03 
       1.131029070757e-03       2.424352587973e+03 
       1.134552207693e-03       2.430990221019e+03 
       1.138083800293e-03       2.437639738093e+03 
       1.141623838868e-03       2.444301096224e+03 
       1.145172313530e-03       2.450974252047e+03 
       1.148729214192e-03       2.457659161842e+03 
       1.152294530570e-03       2.464355781530e+03 
       1.155868252184e-03       2.471064066677e+03 
       1.159450368360e-03       2.477783972499e+03 
       1.163040868228e-03       2.484515453862e+03 
       1.166639740729e-03       2.491258465291e+03 
       1.170246974611e-03       2.498012960967e+03 
       1.173862558433e-03       2.504778894741e+03 
       1.177486480569e-03       2.511556220116e+03 
       1.181118729203e-03       2.518344890294e+03 
       1.184759292334e-03       2.525144858130e+03 
       1.188408157781e-03       2.531956076166e+03 
       1.192065313177e-03       2.538778496626e+03 
       1.195730745976e-03       2.545612071424e+03 
       1.199404443454e-03       2.552456752163e+03 
       1.203086392708e-03       2.559312490144e+03 
       1.206776580660e-03       2.566179236365e+03 
       1.210474994056e-03       2.573056941530e+03 
       1.214181619470e-03       2.579945556051e+03 
       1.217896443307e-03       2.586845030051e+03 
       1.221619451799e-03       2.593755313371e+03 
       1.225350631011e-03       2.600676355571e+03 
       1.229089966842e-03       2.607608105938e+03 
       1.232837445027e-03       2.614550513484e+03 
       1.236593051136e-03       2.621503526960e+03 
       1.240356770579e-03       2.628467094848e+03 
       1.244128588605e-03       2.635441165378e+03 
       1.247908490308e-03       2.642425686523e+03 
       1.251696460621e-03       2.649420606006e+03 
       1.255492484325e-03       2.656425871305e+03 
       1.259296546048e-03       2.663441429660e+03 
       1.263108630268e-03       2.670467228070e+03 
       1.266928721309e-03       2.677503213305e+03 
       1.270756803353e-03       2.684549331905e+03 
       1.274592860432e-03       2.691605530189e+03 
       1.278436876435e-03       2.698671754255e+03 
       1.282288835108e-03       2.705747949985e+03 
       1.286148720058e-03       2.712834063054e+03 
       1.290016514751e-03       2.719930038928e+03 
       1.293892202518e-03       2.727035822873e+03 
       1.297775766552e-03       2.734151359958e+03 
       1.301667189914e-03       2.741276595057e+03 
       1.305566455535e-03       2.748411472857e+03 
       1.309473546212e-03       2.755555937862e+03 
       1.313388444618e-03       2.762709934394e+03 
       1.317311133297e-03       2.769873406601e+03 
       1.321241594669e-03       2.777046298460e+03 
       1.325179811032e-03       2.784228553781e+03 
       1.329125764563e-03       2.791420116213e+03 
       1.333079437320e-03       2.798620929245e+03 
       1.337040811243e-03       2.805830936213e+03 
       1.341009868158e-03       2.813050080307e+03 
       1.344986589776e-03       2.820278304568e+03 
       1.348970957697e-03       2.827515551898e+03 
       1.352962953411e-03       2.834761765064e+03 
       1.356962558301e-03       2.842016886701e+03 
       1.360969753643e-03       2.849280859315e+03 
       1.364984520607e-03       2.856553625290e+03 
       1.369006840263e-03       2.863835126891e+03 
       1.373036693578e-03       2.871125306267e+03 
       1.377074061423e-03       2.878424105459e+03 
       1.381118924569e-03       2.885731466399e+03 
       1.385171263692e-03       2.893047330920e+03 
       1.389231059378e-03       2.900371640756e+03 
       1.393298292116e-03       2.907704337547e+03 
       1.397372942310e-03       2.915045362844e+03 
       1.401454990272e-03       2.922394658113e+03 
       1.405544416232e-03       2.929752164738e+03 
       1.409641200331e-03       2.937117824029e+03 
       1.413745322630e-03       2.944491577218e+03 
       1.417856763110e-03       2.951873365486e+03 
       1.421975501671e-03       2.959263129857e+03 
       1.426101518136e-03       2.966660811494e+03 
       1.430234792253e-03       2.974066351318e+03 
       1.434375303696e-03       2.981479690267e+03 
       1.438523032068e-03       2.988900769225e+03 
       1.442677956900e-03       2.996329529031e+03 
       1.446840057655e-03       3.003765910481e+03 
       1.451009313731e-03       3.011209854339e+03 
       1.455185704459e-03       3.018661301331e+03 
       1.459369209106e-03       3.026120192157e+03 
       1.463559806881e-03       3.033586467490e+03 
       1.467757476929e-03       3.041060067984e+03 
       1.471962198340e-03       3.048540934272e+03 
       1.476173950145e-03       3.056029006977e+03 
       1.480392711322e-03       3.063524226708e+03 
       1.484618460795e-03       3.071026534070e+03 
       1.488851177437e-03       3.078535869663e+03 
       1.493090840071e-03       3.086052174092e+03 
       1.497337427472e-03       3.093575387960e+03 
       1.501590918367e-03       3.101105451885e+03 
       1.505851291441e-03       3.108642306491e+03 
       1.510118525333e-03       3.116185892419e+03 
       1.514392598642e-03       3.123736150331e+03 
       1.518673489925e-03       3.131293020906e+03 
       1.522961177704e-03       3.138856444854e+03 
       1.527255640460e-03       3.146426362909e+03 
       1.531556856641e-03       3.154002715841e+03 
       1.535864804661e-03       3.161585444452e+03 
       1.540179462902e-03       3.169174489586e+03 
       1.544500809713e-03       3.176769792127e+03 
       1.548828823417e-03       3.184371293006e+03 
       1.553163482306e-03       3.191978933201e+03 
       1.557504764650e-03       3.199592653743e+03 
       1.561852648689e-03       3.207212395716e+03 
       1.566207112644e-03       3.214838100265e+03 
       1.570568134713e-03       3.222469708592e+03 
       1.574935693072e-03       3.230107161967e+03 
       1.579309765880e-03       3.237750401723e+03 
       1.583690331278e-03       3.245399369267e+03 
       1.588077367390e-03       3.253054006087e+03 
       1.592470852327e-03       3.260714253683e+03 
       1.596870764185e-03       3.268380053764e+03 
       1.601277081049e-03       3.276051348010e+03 
       1.605689780993e-03       3.283728078221e+03 
       1.610108842082e-03       3.291410186282e+03 
       1.614534242372e-03       3.299097614168e+03 
       1.618965959915e-03       3.306790303947e+03 
       1.623403972755e-03       3.314488197781e+03 
       1.627848258934e-03       3.322191237930e+03 
       1.632298796489e-03       3.329899366755e+03 
       1.636755563457e-03       3.337612526720e+03 
       1.641218537876e-03       3.345330660393e+03 
       1.645687697783e-03       3.353053710451e+03 
       1.650163021217e-03       3.360781619680e+03 
       1.654644486223e-03       3.368514330979e+03 
       1.659132070848e-03       3.376251787363e+03 
       1.663625753147e-03       3.383993931963e+03 
       1.668125511180e-03       3.391740708030e+03 
       1.672631323017e-03       3.399492058936e+03 
       1.677143166736e-03       3.407247928179e+03 
       1.681661020426e-03       3.415008259382e+03 
       1.686184862188e-03       3.422772996295e+03 
       1.690714670136e-03       3.430542082802e+03 
       1.695250422396e-03       3.438315462882e+03 
       1.699792097110e-03       3.446093080744e+03 
       1.704339672436e-03       3.453874880653e+03 
       1.708893126550e-03       3.461660807027e+03 
       1.713452437643e-03       3.469450804431e+03 
       1.718017583929e-03       3.477244817572e+03 
       1.722588543639e-03       3.485042791302e+03 
       1.727165295026e-03       3.492844670617e+03 
       1.731747816365e-03       3.500650400663e+03 
       1.736336085955e-03       3.508459926737e+03 
       1.740930082117e-03       3.516273194262e+03 
       1.745529783199e-03       3.524090148874e+03 
       1.750135167574e-03       3.531910736311e+03 
       1.754746213640e-03       3.539734902482e+03 
       1.759362899826e-03       3.547562593456e+03 
       1.763985204586e-03       3.555393755460e+03 
       1.768613106408e-03       3.563228334884e+03 
       1.773246583805e-03       3.571066278277e+03 
       1.777885615325e-03       3.578907532356e+03 
       1.782530179547e-03       3.586752044000e+03 
       1.787180255081e-03       3.594599760257e+03 
       1.791835820574e-03       3.602450628343e+03 
       1.796496854705e-03       3.610304595641e+03 
       1.801163336188e-03       3.618161609708e+03 
       1.805835243775e-03       3.626021618272e+03 
       1.810512556253e-03       3.633884569233e+03 
       1.815195252447e-03       3.641750410667e+03 
       1.819883311221e-03       3.649619090826e+03 
       1.824576711476e-03       3.657490558136e+03 
       1.829275432156e-03       3.665364761204e+03 
       1.833979452241e-03       3.673241648816e+03 
       1.838688750756e-03       3.681121169935e+03 
       1.843403306766e-03       3.689003273708e+03 
       1.848123099379e-03       3.696887909464e+03 
       1.852848107745e-03       3.704775026713e+03 
       1.857578311058e-03       3.712664575151e+03 
       1.862313688558e-03       3.720556504658e+03 
       1.867054219528e-03       3.728450765301e+03 
       1.871799883297e-03       3.736347307332e+03 
       1.876550659241e-03       3.744246081191e+03 
       1.881306526782e-03       3.752147037507e+03 
       1.886067465389e-03       3.760050127098e+03 
       1.890833454580e-03       3.767955300971e+03 
       1.895604473920e-03       3.775862510324e+03 
       1.900380503025e-03       3.783771706547e+03 
       1.905161521558e-03       3.791682841222e+03 
       1.909947509233e-03       3.799595866122e+03 
       1.914738445815e-03       3.807510733214e+03 
       1.919534311120e-03       3.815427394660e+03 
       1.924335085015e-03       3.823345802815e+03 
       1.929140747419e-03       3.831265910229e+03 
       1.933951278303e-03       3.839187669649e+03 
       1.938766657692e-03       3.847111034016e+03 
       1.943586865664e-03       3.855035956470e+03 
       1.948411882349e-03       3.862962390345e+03 
       1.953241687934e-03       3.870890289175e+03 
       1.958076262658e-03       3.878819606689e+03 
       1.962915586817e-03       3.886750296816e+03 
       1.967759640761e-03       3.894682313685e+03 
       1.972608404895e-03       3.902615611621e+03 
       1.977461859684e-03       3.910550145150e+03 
       1.982319985644e-03       3.918485868997e+03 
       1.987182763352e-03       3.926422738089e+03 
       1.992050173440e-03       3.934360707578e+03 
       1.996922196599e-03       3.942299732598e+03 
       2.001798813577e-03       3.950239768980e+03 
       2.006680005179e-03       3.958180772296e+03 
       2.011565752271e-03       3.966122698489e+03 
       2.016456035776e-03       3.974065503685e+03 
       2.021350836676e-03       3.982009144218e+03 
       2.026250136013e-03       3.989953576618e+03 
       2.031153914889e-03       3.997898757620e+03 
       2.036062154464e-03       4.005844644159e+03 
       2.040974835960e-03       4.013791193373e+03 
       2.045891940658e-03       4.021738362601e+03 
       2.050813449901e-03       4.029686109384e+03 
       2.055739345092e-03       4.037634391467e+03 
       2.060669607694e-03       4.045583166795e+03 
       2.065604219234e-03       4.053532393514e+03 
       2.070543161298e-03       4.061482029975e+03 
       2.075486415534e-03       4.069432034729e+03 
       2.080433963652e-03       4.077382366530e+03 
       2.085385787426e-03       4.085332984332e+03 
       2.090341868690e-03       4.093283847294e+03 
       2.095302189340e-03       4.101234914775e+03 
       2.100266731336e-03       4.109186146336e+03 
       2.105235476700e-03       4.117137501738e+03 
       2.110208407518e-03       4.125088940947e+03 
       2.115185505937e-03       4.133040424126e+03 
       2.120166754169e-03       4.140991911642e+03 
       2.125152134487e-03       4.148943364064e+03 
       2.130141629230e-03       4.156894742159e+03 
       2.135135220799e-03       4.164846006897e+03 
       2.140132891659e-03       4.172797119445e+03 
       2.145134624338e-03       4.180748041176e+03 
       2.150140401429e-03       4.188698733657e+03 
       2.155150205587e-03       4.196649158660e+03 
       2.160164019534e-03       4.204599278153e+03 
       2.165181826052e-03       4.212549054305e+03 
       2.170203607990e-03       4.220498449484e+03 
       2.175229348261e-03       4.228447426255e+03 
       2.180259029842e-03       4.236395947383e+03 
       2.185292635772e-03       4.244343975833e+03 
       2.190330149158e-03       4.252291474764e+03 
       2.195371553169e-03       4.260238407535e+03 
       2.200416831039e-03       4.268184737703e+03 
       2.205465966066e-03       4.276130429019e+03 
       2.210518941613e-03       4.284075445435e+03 
       2.215575741108e-03       4.292019751096e+03 
       2.220636348042e-03       4.299963310341e+03 
       2.225700745972e-03       4.307906087730e+03 
       2.230768918518e-03       4.315848039897e+03 
       2.235840849366e-03       4.323789073775e+03 
       2.240916522265e-03       4.331729220509e+03 
       2.245995921030e-03       4.339668445309e+03 
       2.251079029539e-03       4.347606713810e+03 
       2.256165831736e-03       4.355543991699e+03 
       2.261256311629e-03       4.363480244868e+03 
       2.266350453288e-03       4.371415439246e+03 
       2.271448240852e-03       4.379349541336e+03 
       2.276549658519e-03       4.387282517532e+03 
       2.281654690556e-03       4.395214334402e+03 
       2.286763321292e-03       4.403144958934e+03 
       2.291875535119e-03       4.411074358035e+03 
       2.296991316496e-03       4.419002499058e+03 
       2.302110649944e-03       4.426929349335e+03 
       2.307233520049e-03       4.434854876546e+03 
       2.312359911460e-03       4.442779048406e+03 
       2.317489808891e-03       4.450701832887e+03 
       2.322623197120e-03       4.458623198276e+03 
       2.327760060986e-03       4.466543112810e+03 
       2.332900385396e-03       4.474461545124e+03 
       2.338044155317e-03       4.482378463919e+03 
       2.343191355781e-03       4.490293837996e+03 
       2.348341971884e-03       4.498207636588e+03 
       2.353495988783e-03       4.506119828958e+03 
       2.358653391701e-03       4.514030384564e+03 
       2.363814165921e-03       4.521939272906e+03 
       2.368978296793e-03       4.529846464023e+03 
       2.374145769727e-03       4.537751927852e+03 
       2.379316570196e-03       4.545655634508e+03 
       2.384490683737e-03       4.553557554473e+03 
       2.389668095948e-03       4.561457658271e+03 
       2.394848792491e-03       4.569355916494e+03 
       2.400032759088e-03       4.577252300229e+03 
       2.405219981527e-03       4.585146780529e+03 
       2.410410445655e-03       4.593039328531e+03 
       2.415604137381e-03       4.600929915846e+03 
       2.420801042677e-03       4.608818513969e+03 
       2.426001147578e-03       4.616705094791e+03 
       2.431204438177e-03       4.624589630158e+03 
       2.436410900631e-03       4.632472092239e+03 
       2.441620521157e-03       4.640352453459e+03 
       2.446833286035e-03       4.648230686249e+03 
       2.452049181605e-03       4.656106763286e+03 
       2.457268194266e-03       4.663980657128e+03 
       2.462490310481e-03       4.671852341180e+03 
       2.467715516771e-03       4.679721788461e+03 
       2.472943799718e-03       4.687588972316e+03 
       2.478175145966e-03       4.695453866288e+03 
       2.483409542217e-03       4.703316443827e+03 
       2.488646975233e-03       4.711176679101e+03 
       2.493887431838e-03       4.719034546012e+03 
       2.499130898912e-03       4.726890018758e+03 
       2.504377363398e-03       4.734743071438e+03 
       2.509626812296e-03       4.742593678940e+03 
       2.514879232667e-03       4.750441815736e+03 
       2.520134611629e-03       4.758287456759e+03 
       2.525392936360e-03       4.766130576994e+03 
       2.530654194096e-03       4.773971151393e+03 
       2.535918372132e-03       4.781809155603e+03 
       2.541185457821e-03       4.789644564996e+03 
       2.546455438574e-03       4.797477355133e+03 
       2.551728301860e-03       4.805307501955e+03 
       2.557004035207e-03       4.813134981391e+03 
       2.562282626197e-03       4.820959769441e+03 
       2.567564062474e-03       4.828781842582e+03 
       2.572848331737e-03       4.836601177122e+03 
       2.578135421740e-03       4.844417749756e+03 
       2.583425320297e-03       4.852231537210e+03 
       2.588718015278e-03       4.860042516183e+03 
       2.594013494609e-03       4.867850664052e+03 
       2.599311746271e-03       4.875655957912e+03 
       2.604612758304e-03       4.883458375171e+03 
       2.609916518801e-03       4.891257893104e+03 
       2.615223015912e-03       4.899054489711e+03 
       2.620532237844e-03       4.906848142707e+03 
       2.625844172856e-03       4.914638829847e+03 
       2.631158809265e-03       4.922426529522e+03 
       2.636476135443e-03       4.930211219956e+03 
       2.641796139814e-03       4.937992879544e+03 
       2.647118810859e-03       4.945771486657e+03 
       2.652444137113e-03       4.953547020292e+03 
       2.657772107164e-03       4.961319459195e+03 
       2.663102709657e-03       4.969088782376e+03 
       2.668435933286e-03       4.976854968832e+03 
       2.673771766803e-03       4.984617998078e+03 
       2.679110199011e-03       4.992377849467e+03 
       2.684451218766e-03       5.000134502370e+03 
       2.689794814980e-03       5.007887936757e+03 
       2.695140976614e-03       5.015638132437e+03 
       2.700489692684e-03       5.023385069384e+03 
       2.705840952258e-03       5.031128727841e+03 
       2.711194744455e-03       5.038869087474e+03 
       2.716551058447e-03       5.046606129466e+03 
       2.721909883457e-03       5.054339834079e+03 
       2.727271208762e-03       5.062070181858e+03 
       2.732635023688e-03       5.069797153832e+03 
       2.738001317612e-03       5.077520730884e+03 
       2.743370079964e-03       5.085240893912e+03 
       2.748741300223e-03       5.092957624371e+03 
       2.754114967919e-03       5.100670903580e+03 
       2.759491072634e-03       5.108380713000e+03 
       2.764869603997e-03       5.116087034264e+03 
       2.770250551690e-03       5.123789848815e+03 
       2.775633905443e-03       5.131489138993e+03 
       2.781019655037e-03       5.139184886622e+03 
       2.786407790301e-03       5.146877073717e+03 
       2.791798301113e-03       5.154565682728e+03 
       2.797191177402e-03       5.162250695981e+03 
       2.802586409144e-03       5.169932095828e+03 
       2.807983986364e-03       5.177609865166e+03 
       2.813383899134e-03       5.185283986588e+03 
       2.818786137578e-03       5.192954443105e+03 
       2.824190691864e-03       5.200621217699e+03 
       2.829597552210e-03       5.208284293258e+03 
       2.835006708879e-03       5.215943653424e+03 
       2.840418152186e-03       5.223599281432e+03 
       2.845831872488e-03       5.231251160797e+03 
       2.851247860192e-03       5.238899274965e+03 
       2.856666105751e-03       5.246543607956e+03 
       2.862086599664e-03       5.254184143536e+03 
       2.867509332478e-03       5.261820865461e+03 
       2.872934294784e-03       5.269453758120e+03 
       2.878361477221e-03       5.277082805680e+03 
       2.883790870471e-03       5.284707992447e+03 
       2.889222465264e-03       5.292329302884e+03 
       2.894656252375e-03       5.299946721225e+03 
       2.900092222623e-03       5.307560232656e+03 
       2.905530366873e-03       5.315169821768e+03 
       2.910970676033e-03       5.322775473343e+03 
       2.916413141059e-03       5.330377172590e+03 
       2.921857752948e-03       5.337974904573e+03 
       2.927304502742e-03       5.345568654547e+03 
       2.932753381527e-03       5.353158407591e+03 
       2.938204380434e-03       5.360744149522e+03 
       2.943657490636e-03       5.368325865847e+03 
       2.949112703350e-03       5.375903542210e+03 
       2.954570009836e-03       5.383477164425e+03 
       2.960029401396e-03       5.391046718008e+03 
       2.965490869377e-03       5.398612189537e+03 
       2.970954405166e-03       5.406173564897e+03 
       2.976420000195e-03       5.413730830270e+03 
       2.981887645936e-03       5.421283971851e+03 
       2.987357333903e-03       5.428832976335e+03 
       2.992829055653e-03       5.436377830053e+03 
       2.998302802784e-03       5.443918519768e+03 
       3.003778566936e-03       5.451455032176e+03 
       3.009256339789e-03       5.458987353846e+03 
       3.014736113066e-03       5.466515472136e+03 
       3.020217878527e-03       5.474039373914e+03 
       3.025701627977e-03       5.481559046336e+03 
       3.031187353258e-03       5.489074476466e+03 
       3.036675046255e-03       5.496585651922e+03 
       3.042164698892e-03       5.504092560040e+03 
       3.047656303131e-03       5.511595188137e+03 
       3.053149850977e-03       5.519093524203e+03 
       3.058645334471e-03       5.526587555724e+03 
       3.064142745697e-03       5.534077270690e+03 
       3.069642076775e-03       5.541562656983e+03 
       3.075143319864e-03       5.549043702308e+03 
       3.080646467165e-03       5.556520395254e+03 
       3.086151510915e-03       5.563992723847e+03 
       3.091658443388e-03       5.571460676402e+03 
       3.097167256899e-03       5.578924241112e+03 
       3.102677943800e-03       5.586383406776e+03 
       3.108190496480e-03       5.593838161870e+03 
       3.113704907367e-03       5.601288494824e+03 
       3.119221168925e-03       5.608734394777e+03 
       3.124739273657e-03       5.616175850330e+03 
       3.130259214101e-03       5.623612850601e+03 
       3.135780982833e-03       5.631045384566e+03 
       3.141304572467e-03       5.638473441036e+03 
       3.146829975650e-03       5.645897009708e+03 
       3.152357185070e-03       5.653316079692e+03 
       3.157886193447e-03       5.660730640381e+03 
       3.163416993539e-03       5.668140681060e+03 
       3.168949578140e-03       5.675546191596e+03 
       3.174483940079e-03       5.682947161519e+03 
       3.180020072221e-03       5.690343580310e+03 
       3.185557967466e-03       5.697735438228e+03 
       3.191097618748e-03       5.705122724857e+03 
       3.196639019038e-03       5.712505430360e+03 
       3.202182161342e-03       5.719883544754e+03 
       3.207727038697e-03       5.727257058228e+03 
       3.213273644178e-03       5.734625960530e+03 
       3.218821970894e-03       5.741990242718e+03 
       3.224372011986e-03       5.749349894894e+03 
       3.229923760630e-03       5.756704907550e+03 
       3.235477210037e-03       5.764055270998e+03 
       3.241032353450e-03       5.771400976280e+03 
       3.246589184146e-03       5.778742013974e+03 
       3.252147695436e-03       5.786078374564e+03 
       3.257707880661e-03       5.793410049429e+03 
       3.263269733199e-03       5.800737029186e+03 
       3.268833246458e-03       5.808059305096e+03 
       3.274398413880e-03       5.815376868198e+03 
       3.279965228939e-03       5.822689709305e+03 
       3.285533685140e-03       5.829997820265e+03 
       3.291103776023e-03       5.837301192195e+03 
       3.296675495157e-03       5.844599816517e+03 
       3.302248836145e-03       5.851893684513e+03 
       3.307823792619e-03       5.859182788085e+03 
       3.313400358245e-03       5.866467118755e+03 
       3.318978526720e-03       5.873746668255e+03 
       3.324558291771e-03       5.881021427984e+03 
       3.330139647155e-03       5.888291390324e+03 
       3.335722586663e-03       5.895556547111e+03 
       3.341307104114e-03       5.902816890295e+03 
       3.346893193360e-03       5.910072411975e+03 
       3.352480848279e-03       5.917323103871e+03 
       3.358070062784e-03       5.924568958881e+03 
       3.363660830816e-03       5.931809969018e+03 
       3.369253146345e-03       5.939046126657e+03 
       3.374847003372e-03       5.946277423998e+03 
       3.380442395927e-03       5.953503853910e+03 
       3.386039318071e-03       5.960725408818e+03 
       3.391637763891e-03       5.967942081379e+03 
       3.397237727506e-03       5.975153863891e+03 
       3.402839203063e-03       5.982360749676e+03 
       3.408442184738e-03       5.989562731461e+03 
       3.414046666735e-03       5.996759802097e+03 
       3.419652643288e-03       6.003951954579e+03 
       3.425260108658e-03       6.011139181483e+03 
       3.430869057134e-03       6.018321476632e+03 
       3.436479483036e-03       6.025498832904e+03 
       3.442091380707e-03       6.032671243546e+03 
       3.447704744523e-03       6.039838701604e+03 
       3.453319568884e-03       6.047001200834e+03 
       3.458935848219e-03       6.054158734510e+03 
       3.464553576985e-03       6.061311296138e+03 
       3.470172749664e-03       6.068458878847e+03 
       3.475793360768e-03       6.075601476819e+03 
       3.481415404834e-03       6.082739083616e+03 
       3.487038876425e-03       6.089871692915e+03 
       3.492663770134e-03       6.096999298533e+03 
       3.498290080578e-03       6.104121893841e+03 
       3.503917802401e-03       6.111239473525e+03 
       3.509546930272e-03       6.118352031250e+03 
       3.515177458889e-03       6.125459561064e+03 
       3.520809382974e-03       6.132562056808e+03 
       3.526442697275e-03       6.139659513050e+03 
       3.532077396565e-03       6.146751923848e+03 
       3.537713475646e-03       6.153839283495e+03 
       3.543350929341e-03       6.160921585866e+03 
       3.548989752501e-03       6.167998826038e+03 
       3.554629940002e-03       6.175070998018e+03 
       3.560271486744e-03       6.182138096599e+03 
       3.565914387653e-03       6.189200116208e+03 
       3.571558637679e-03       6.196257051474e+03 
       3.577204231798e-03       6.203308897086e+03 
       3.582851165009e-03       6.210355647994e+03 
       3.588499432336e-03       6.217397297407e+03 
       3.594149028827e-03       6.224433842315e+03 
       3.599799949556e-03       6.231465276750e+03 
       3.605452189619e-03       6.238491595659e+03 
       3.611105744135e-03       6.245512794044e+03 
       3.616760608251e-03       6.252528866975e+03 
       3.622416777132e-03       6.259539809060e+03 
       3.628074245972e-03       6.266545616239e+03 
       3.633733009986e-03       6.273546283391e+03 
       3.639393064410e-03       6.280541805782e+03 
       3.645054404507e-03       6.287532178743e+03 
       3.650717025562e-03       6.294517397101e+03 
       3.656380922882e-03       6.301497457126e+03 
       3.662046091797e-03       6.308472353923e+03 
       3.667712527660e-03       6.315442082863e+03 
       3.673380225847e-03       6.322406639745e+03 
       3.679049181755e-03       6.329366020088e+03 
       3.684719390806e-03       6.336320219572e+03 
       3.690390848442e-03       6.343269233362e+03 
       3.696063550127e-03       6.350213058096e+03 
       3.701737491349e-03       6.357151689212e+03 
       3.707412667616e-03       6.364085122571e+03 
       3.713089074459e-03       6.371013354170e+03 
       3.718766707429e-03       6.377936379344e+03 
       3.724445562100e-03       6.384854194942e+03 
       3.730125634068e-03       6.391766796681e+03 
       3.735806918949e-03       6.398674180818e+03 
       3.741489412379e-03       6.405576342495e+03 
       3.747173110019e-03       6.412473279103e+03 
       3.752858007548e-03       6.419364986552e+03 
       3.758544100666e-03       6.426251461032e+03 
       3.764231385095e-03       6.433132698877e+03 
       3.769919856576e-03       6.440008696478e+03 
       3.775609510872e-03       6.446879449504e+03 
       3.781300343767e-03       6.453744955584e+03 
       3.786992351064e-03       6.460605210720e+03 
       3.792685528586e-03       6.467460211462e+03 
       3.798379872177e-03       6.474309954082e+03 
       3.804075377700e-03       6.481154435705e+03 
       3.809772041040e-03       6.487993652796e+03 
       3.815469858100e-03       6.494827602081e+03 
       3.821168824803e-03       6.501656279882e+03 
       3.826868937091e-03       6.508479683695e+03 
       3.832570190929e-03       6.515297809910e+03 
       3.838272582295e-03       6.522110655651e+03 
       3.843976107193e-03       6.528918217742e+03 
       3.849680761642e-03       6.535720493153e+03 
       3.855386541682e-03       6.542517479054e+03 
       3.861093443370e-03       6.549309171244e+03 
       3.866801462785e-03       6.556095568549e+03 
       3.872510596022e-03       6.562876667388e+03 
       3.878220839195e-03       6.569652464931e+03 
       3.883932188439e-03       6.576422958028e+03 
       3.889644639905e-03       6.583188144490e+03 
       3.895358189763e-03       6.589948021360e+03 
       3.901072834202e-03       6.596702585965e+03 
       3.906788569430e-03       6.603451835173e+03 
       3.912505391670e-03       6.610195767180e+03 
       3.918223297165e-03       6.616934378899e+03 
       3.923942282178e-03       6.623667668083e+03 
       3.929662342986e-03       6.630395632121e+03 
       3.935383475886e-03       6.637118268575e+03 
       3.941105677193e-03       6.643835574317e+03 
       3.946828943237e-03       6.650547548257e+03 
       3.952553270369e-03       6.657254187308e+03 
       3.958278654955e-03       6.663955489273e+03 
       3.964005093379e-03       6.670651451891e+03 
       3.969732582041e-03       6.677342072537e+03 
       3.975461117362e-03       6.684027349624e+03 
       3.981190695774e-03       6.690707280725e+03 
       3.986921313732e-03       6.697381863725e+03 
       3.992652967703e-03       6.704051096011e+03 
       3.998385654174e-03       6.710714976360e+03 
       4.004119369648e-03       6.717373502194e+03 
       4.009854110643e-03       6.724026671816e+03 
       4.015589873695e-03       6.730674483145e+03 
       4.021326655356e-03       6.737316934269e+03 
       4.027064452195e-03       6.743954023294e+03 
       4.032803260795e-03       6.750585747504e+03 
       4.038543077759e-03       6.757212106488e+03 
       4.044283899702e-03       6.763833097843e+03 
       4.050025723258e-03       6.770448719811e+03 
       4.055768545075e-03       6.777058970291e+03 
       4.061512361818e-03       6.783663848179e+03 
       4.067257170168e-03       6.790263351561e+03 
       4.073002966820e-03       6.796857478815e+03 
       4.078749748486e-03       6.803446228514e+03 
       4.084497511893e-03       6.810029597890e+03 
       4.090246253784e-03       6.816607586852e+03 
       4.095995970916e-03       6.823180193581e+03 
       4.101746660063e-03       6.829747416403e+03 
       4.107498318014e-03       6.836309253900e+03 
       4.113250941570e-03       6.842865704671e+03 
       4.119004527552e-03       6.849416766551e+03 
       4.124759072793e-03       6.855962439454e+03 
       4.130514574140e-03       6.862502721498e+03 
       4.136271028457e-03       6.869037611383e+03 
       4.142028432622e-03       6.875567107852e+03 
       4.147786783527e-03       6.882091209215e+03 
       4.153546078079e-03       6.888609914994e+03 
       4.159306313201e-03       6.895123223689e+03 
       4.165067485827e-03       6.901631134156e+03 
       4.170829592909e-03       6.908133644710e+03 
       4.176592631410e-03       6.914630755179e+03 
       4.182356598310e-03       6.921122463898e+03 
       4.188121490601e-03       6.927608770129e+03 
       4.193887305292e-03       6.934089672728e+03 
       4.199654039401e-03       6.940565170716e+03 
       4.205421689965e-03       6.947035263154e+03 
       4.211190254032e-03       6.953499948240e+03 
       4.216959728665e-03       6.959959226475e+03 
       4.222730110939e-03       6.966413096368e+03 
       4.228501397945e-03       6.972861557068e+03 
       4.234273586786e-03       6.979304607761e+03 
       4.240046674579e-03       6.985742247164e+03 
       4.245820658454e-03       6.992174475273e+03 
       4.251595535554e-03       6.998601291009e+03 
       4.257371303037e-03       7.005022693661e+03 
       4.263147958073e-03       7.011438681958e+03 
       4.268925497845e-03       7.017849256160e+03 
       4.274703919549e-03       7.024254414991e+03 
       4.280483220395e-03       7.030654158229e+03 
       4.286263397605e-03       7.037048485047e+03 
       4.292044448413e-03       7.043437394907e+03 
       4.297826370069e-03       7.049820887267e+03 
       4.303609159833e-03       7.056198960782e+03 
       4.309392814978e-03       7.062571616295e+03 
       4.315177332790e-03       7.068938852747e+03 
       4.320962710569e-03       7.075300669674e+03 
       4.326748945624e-03       7.081657066649e+03 
       4.332536035279e-03       7.088008042828e+03 
       4.338323976871e-03       7.094353598539e+03 
       4.344112767748e-03       7.100693733114e+03 
       4.349902405269e-03       7.107028446212e+03 
       4.355692886808e-03       7.113357737532e+03 
       4.361484209749e-03       7.119681606039e+03 
       4.367276371489e-03       7.126000052901e+03 
       4.373069369436e-03       7.132313077010e+03 
       4.378863201012e-03       7.138620677314e+03 
       4.384657863648e-03       7.144922855188e+03 
       4.390453354790e-03       7.151219609762e+03 
       4.396249671893e-03       7.157510940880e+03 
       4.402046812424e-03       7.163796848409e+03 
       4.407844773865e-03       7.170077331667e+03 
       4.413643553704e-03       7.176352391458e+03 
       4.419443149446e-03       7.182622027320e+03 
       4.425243558603e-03       7.188886239212e+03 
       4.431044778701e-03       7.195145026403e+03 
       4.436846807278e-03       7.201398390012e+03 
       4.442649641880e-03       7.207646329310e+03 
       4.448453280067e-03       7.213888844701e+03 
       4.454257719409e-03       7.220125936072e+03 
       4.460062957488e-03       7.226357603494e+03 
       4.465868991897e-03       7.232583847070e+03 
       4.471675820238e-03       7.238804665817e+03 
       4.477483440127e-03       7.245020061631e+03 
       4.483291849188e-03       7.251230033883e+03 
       4.489101045058e-03       7.257434582739e+03 
       4.494911025384e-03       7.263633708386e+03 
       4.500721787824e-03       7.269827410409e+03 
       4.506533330045e-03       7.276015690025e+03 
       4.512345649728e-03       7.282198547045e+03 
       4.518158744560e-03       7.288375981738e+03 
       4.523972612244e-03       7.294547993618e+03 
       4.529787250488e-03       7.300714584222e+03 
       4.535602657015e-03       7.306875753061e+03 
       4.541418829554e-03       7.313031500879e+03 
       4.547235765849e-03       7.319181827842e+03 
       4.553053463650e-03       7.325326734319e+03 
       4.558871920721e-03       7.331466220713e+03 
       4.564691134832e-03       7.337600286266e+03 
       4.570511103766e-03       7.343728933295e+03 
       4.576331825317e-03       7.349852161402e+03 
       4.582153297285e-03       7.355969971036e+03 
       4.587975517484e-03       7.362082362671e+03 
       4.593798483735e-03       7.368189336147e+03 
       4.599622193871e-03       7.374290893026e+03 
       4.605446645733e-03       7.380387033370e+03 
       4.611271837173e-03       7.386477757721e+03 
       4.617097766053e-03       7.392563065839e+03 
       4.622924430243e-03       7.398642959590e+03 
       4.628751827624e-03       7.404717438732e+03 
       4.634579956086e-03       7.410786504291e+03 
       4.640408813529e-03       7.416850156691e+03 
       4.646238397862e-03       7.422908396564e+03 
       4.652068707003e-03       7.428961224576e+03 
       4.657899738881e-03       7.435008640233e+03 
       4.663731491432e-03       7.441050646132e+03 
       4.669563962603e-03       7.447087242121e+03 
       4.675397150350e-03       7.453118428901e+03 
       4.681231052638e-03       7.459144207202e+03 
       4.687065667441e-03       7.465164577133e+03 
       4.692900992742e-03       7.471179540493e+03 
       4.698737026533e-03       7.477189097595e+03 
       4.704573766816e-03       7.483193249228e+03 
       4.710411211601e-03       7.489191995418e+03 
       4.716249358907e-03       7.495185338262e+03 
       4.722088206762e-03       7.501173277767e+03 
       4.727927753202e-03       7.507155815183e+03 
       4.733767996275e-03       7.513132951186e+03 
       4.739608934033e-03       7.519104686643e+03 
       4.745450564540e-03       7.525071022455e+03 
       4.751292885868e-03       7.531031958430e+03 
       4.757135896097e-03       7.536987497306e+03 
       4.762979593316e-03       7.542937639185e+03 
       4.768823975623e-03       7.548882385007e+03 
       4.774669041123e-03       7.554821735729e+03 
       4.780514787931e-03       7.560755691746e+03 
       4.786361214171e-03       7.566684254993e+03 
       4.792208317972e-03       7.572607426039e+03 
       4.798056097475e-03       7.578525205889e+03 
       4.803904550828e-03       7.584437595580e+03 
       4.809753676186e-03       7.590344595186e+03 
       4.815603471714e-03       7.596246207363e+03 
       4.821453935584e-03       7.602142432142e+03 
       4.827305065977e-03       7.608033271108e+03 
       4.833156861082e-03       7.613918725113e+03 
       4.839009319095e-03       7.619798795270e+03 
       4.844862438222e-03       7.625673482718e+03 
       4.850716216674e-03       7.631542787245e+03 
       4.856570652672e-03       7.637406712191e+03 
       4.862425744446e-03       7.643265257719e+03 
       4.868281490231e-03       7.649118424992e+03 
       4.874137888272e-03       7.654966215199e+03 
       4.879994936820e-03       7.660808628835e+03 
       4.885852634136e-03       7.666645668228e+03 
       4.891710978486e-03       7.672477334083e+03 
       4.897569968147e-03       7.678303627624e+03 
       4.903429601400e-03       7.684124550212e+03 
       4.909289876536e-03       7.689940101679e+03 
       4.915150791853e-03       7.695750285434e+03 
       4.921012345657e-03       7.701555101458e+03 
       4.926874536260e-03       7.707354551623e+03 
       4.932737361982e-03       7.713148636963e+03 
       4.938600821152e-03       7.718937358793e+03 
       4.944464912105e-03       7.724720718452e+03 
       4.950329633183e-03       7.730498715779e+03 
       4.956194982736e-03       7.736271354566e+03 
       4.962060959121e-03       7.742038635069e+03 
       4.967927560702e-03       7.747800558651e+03 
       4.973794785852e-03       7.753557126693e+03 
       4.979662632947e-03       7.759308339830e+03 
       4.985531100376e-03       7.765054200672e+03 
       4.991400186530e-03       7.770794710079e+03 
       4.997269889809e-03       7.776529869473e+03 
       5.003140208621e-03       7.782259680268e+03 
       5.009011141379e-03       7.787984142830e+03 
       5.014882686505e-03       7.793703260446e+03 
       5.020754842426e-03       7.799417033361e+03 
       5.026627607578e-03       7.805125463661e+03 
       5.032500980401e-03       7.810828552552e+03 
       5.038374959346e-03       7.816526301527e+03 
       5.044249542866e-03       7.822218712104e+03 
       5.050124729425e-03       7.827905784296e+03 
       5.056000517490e-03       7.833587522098e+03 
       5.061876905538e-03       7.839263925933e+03 
       5.067753892051e-03       7.844934997338e+03 
       5.073631475518e-03       7.850600737862e+03 
       5.079509654434e-03       7.856261148337e+03 
       5.085388427301e-03       7.861916231522e+03 
       5.091267792628e-03       7.867565988458e+03 
       5.097147748931e-03       7.873210420734e+03 
       5.103028294730e-03       7.878849529962e+03 
       5.108909428555e-03       7.884483316640e+03 
       5.114791148938e-03       7.890111784226e+03 
       5.120673454423e-03       7.895734933178e+03 
       5.126556343555e-03       7.901352765687e+03 
       5.132439814889e-03       7.906965283144e+03 
       5.138323866984e-03       7.912572487201e+03 
       5.144208498406e-03       7.918174379531e+03 
       5.150093707729e-03       7.923770960417e+03 
       5.155979493531e-03       7.929362233869e+03 
       5.161865854397e-03       7.934948200512e+03 
       5.167752788917e-03       7.940528862044e+03 
       5.173640295690e-03       7.946104220170e+03 
       5.179528373318e-03       7.951674276583e+03 
       5.185417020411e-03       7.957239032168e+03 
       5.191306235584e-03       7.962798490094e+03 
       5.197196017458e-03       7.968352651452e+03 
       5.203086364662e-03       7.973901517995e+03 
       5.208977275829e-03       7.979445091673e+03 
       5.214868749597e-03       7.984983372397e+03 
       5.220760784613e-03       7.990516364697e+03 
       5.226653379527e-03       7.996044068580e+03 
       5.232546532997e-03       8.001566486832e+03 
       5.238440243684e-03       8.007083620791e+03 
       5.244334510259e-03       8.012595472258e+03 
       5.250229331395e-03       8.018102043042e+03 
       5.256124705772e-03       8.023603334966e+03 
       5.262020632077e-03       8.029099349870e+03 
       5.267917109000e-03       8.034590089624e+03 
       5.273814135240e-03       8.040075553646e+03 
       5.279711709499e-03       8.045555747893e+03 
       5.285609830485e-03       8.051030672381e+03 
       5.291508496913e-03       8.056500328964e+03 
       5.297407707503e-03       8.061964719508e+03 
       5.303307460979e-03       8.067423845886e+03 
       5.309207756072e-03       8.072877709988e+03 
       5.315108591519e-03       8.078326313720e+03 
       5.321009966061e-03       8.083769657804e+03 
       5.326911878445e-03       8.089207746149e+03 
       5.332814327424e-03       8.094640579762e+03 
       5.338717311756e-03       8.100068160562e+03 
       5.344620830204e-03       8.105490490478e+03 
       5.350524881537e-03       8.110907571453e+03 
       5.356429464528e-03       8.116319405446e+03 
       5.362334577957e-03       8.121725994433e+03 
       5.368240220609e-03       8.127127338445e+03 
       5.374146391273e-03       8.132523442723e+03 
       5.380053088743e-03       8.137914307770e+03 
       5.385960311822e-03       8.143299935177e+03 
       5.391868059312e-03       8.148680327604e+03 
       5.397776330026e-03       8.154055486711e+03 
       5.403685122779e-03       8.159425414509e+03 
       5.409594436391e-03       8.164790113008e+03 
       5.415504269688e-03       8.170149584244e+03 
       5.421414621502e-03       8.175503828525e+03 
       5.427325490668e-03       8.180852850807e+03 
       5.433236876026e-03       8.186196651797e+03 
       5.439148776424e-03       8.191535233524e+03 
       5.445061190711e-03       8.196868598031e+03 
       5.450974117744e-03       8.202196747383e+03 
       5.456887556383e-03       8.207519682691e+03 
       5.462801505494e-03       8.212837407631e+03 
       5.468715963947e-03       8.218149923545e+03 
       5.474630930619e-03       8.223457232506e+03 
       5.480546404388e-03       8.228759336605e+03 
       5.486462384140e-03       8.234056236701e+03 
       5.492378868765e-03       8.239347937021e+03 
       5.498295857158e-03       8.244634438697e+03 
       5.504213348218e-03       8.249915743336e+03 
       5.510131340848e-03       8.255191853887e+03 
       5.516049833958e-03       8.260462772084e+03 
       5.521968826461e-03       8.265728500059e+03 
       5.527888317275e-03       8.270989039959e+03 
       5.533808305324e-03       8.276244393943e+03 
       5.539728789533e-03       8.281494562043e+03 
       5.545649768836e-03       8.286739550003e+03 
       5.551571242169e-03       8.291979358346e+03 
       5.557493208473e-03       8.297213989232e+03 
       5.563415666693e-03       8.302443444832e+03 
       5.569338615781e-03       8.307667727307e+03 
       5.575262054690e-03       8.312886837768e+03 
       5.581185982380e-03       8.318100780231e+03 
       5.587110397815e-03       8.323309556041e+03 
       5.593035299962e-03       8.328513167396e+03 
       5.598960687794e-03       8.333711616508e+03 
       5.604886560289e-03       8.338904904198e+03 
       5.610812916426e-03       8.344093035051e+03 
       5.616739755193e-03       8.349276010185e+03 
       5.622667075579e-03       8.354453831313e+03 
       5.628594876578e-03       8.359626501519e+03 
       5.634523157189e-03       8.364794022643e+03 
       5.640451916415e-03       8.369956396922e+03 
       5.646381153263e-03       8.375113626605e+03 
       5.652310866745e-03       8.380265714508e+03 
       5.658241055876e-03       8.385412658925e+03 
       5.664171719677e-03       8.390554467676e+03 
       5.670102857171e-03       8.395691140706e+03 
       5.676034467386e-03       8.400822680279e+03 
       5.681966549356e-03       8.405949088658e+03 
       5.687899102117e-03       8.411070368280e+03 
       5.693832124709e-03       8.416186519712e+03 
       5.699765616177e-03       8.421297547793e+03 
       5.705699575570e-03       8.426403453714e+03 
       5.711634001941e-03       8.431504239773e+03 
       5.717568894348e-03       8.436599908279e+03 
       5.723504251851e-03       8.441690459991e+03 
       5.729440073515e-03       8.446775899841e+03 
       5.735376358410e-03       8.451856228448e+03 
       5.741313105608e-03       8.456931449009e+03 
       5.747250314187e-03       8.462001563374e+03 
       5.753187983227e-03       8.467066573900e+03 
       5.759126111814e-03       8.472126482909e+03 
       5.765064699036e-03       8.477181292737e+03 
       5.771003743986e-03       8.482231003675e+03 
       5.776943245761e-03       8.487275621727e+03 
       5.782883203461e-03       8.492315147378e+03 
       5.788823616190e-03       8.497349583081e+03 
       5.794764483058e-03       8.502378931178e+03 
       5.800705803174e-03       8.507403194016e+03 
       5.806647575656e-03       8.512422372885e+03 
       5.812589799623e-03       8.517436472038e+03 
       5.818532474198e-03       8.522445492884e+03 
       5.824475598509e-03       8.527449437848e+03 
       5.830419171686e-03       8.532448309303e+03 
       5.836363192863e-03       8.537442109636e+03 
       5.842307661180e-03       8.542430839582e+03 
       5.848252575777e-03       8.547414504344e+03 
       5.854197935801e-03       8.552393104503e+03 
       5.860143740401e-03       8.557366643401e+03 
       5.866089988729e-03       8.562335122923e+03 
       5.872036679942e-03       8.567298545500e+03 
       5.877983813201e-03       8.572256913529e+03 
       5.883931387669e-03       8.577210229424e+03 
       5.889879402512e-03       8.582158495871e+03 
       5.895827856904e-03       8.587101711928e+03 
       5.901776750016e-03       8.592039885239e+03 
       5.907726081029e-03       8.596973015938e+03 
       5.913675849122e-03       8.601901106435e+03 
       5.919626053481e-03       8.606824159150e+03 
       5.925576693295e-03       8.611742176778e+03 
       5.931527767755e-03       8.616655159641e+03 
       5.937479276057e-03       8.621563113228e+03 
       5.943431217400e-03       8.626466038682e+03 
       5.949383590986e-03       8.631363938440e+03 
       5.955336396020e-03       8.636256814948e+03 
       5.961289631713e-03       8.641144669058e+03 
       5.967243297275e-03       8.646027505980e+03 
       5.973197391924e-03       8.650905326905e+03 
       5.979151914878e-03       8.655778133676e+03 
       5.985106865360e-03       8.660645929783e+03 
       5.991062242596e-03       8.665508717204e+03 
       5.997018045816e-03       8.670366498396e+03 
       6.002974274251e-03       8.675219275832e+03 
       6.008930927137e-03       8.680067051998e+03 
       6.014888003714e-03       8.684909826945e+03 
       6.020845503224e-03       8.689747607340e+03 
       6.026803424913e-03       8.694580393737e+03 
       6.032761768029e-03       8.699408188604e+03 
       6.038720531825e-03       8.704230994415e+03 
       6.044679715556e-03       8.709048813655e+03 
       6.050639318480e-03       8.713861647613e+03 
       6.056599339859e-03       8.718669500840e+03 
       6.062559778959e-03       8.723472374876e+03 
       6.068520635046e-03       8.728270272206e+03 
       6.074481907392e-03       8.733063195324e+03 
       6.080443595272e-03       8.737851146742e+03 
       6.086405697963e-03       8.742634127148e+03 
       6.092368214745e-03       8.747412142184e+03 
       6.098331144902e-03       8.752185193125e+03 
       6.104294487721e-03       8.756953281179e+03 
       6.110258242492e-03       8.761716410625e+03 
       6.116222408507e-03       8.766474583234e+03 
       6.122186985062e-03       8.771227801516e+03 
       6.128151971456e-03       8.775976067992e+03 
       6.134117366991e-03       8.780719385196e+03 
       6.140083170972e-03       8.785457753039e+03 
       6.146049382707e-03       8.790191178574e+03 
       6.152016001507e-03       8.794919662244e+03 
       6.157983026685e-03       8.799643206564e+03 
       6.163950457560e-03       8.804361814054e+03 
       6.169918293449e-03       8.809075487241e+03 
       6.175886533677e-03       8.813784227417e+03 
       6.181855177568e-03       8.818488039253e+03 
       6.187824224452e-03       8.823186924294e+03 
       6.193793673660e-03       8.827880885068e+03 
       6.199763524525e-03       8.832569924111e+03 
       6.205733776386e-03       8.837254043973e+03 
       6.211704428583e-03       8.841933245376e+03 
       6.217675480458e-03       8.846607534025e+03 
       6.223646931357e-03       8.851276911010e+03 
       6.229618780629e-03       8.855941378200e+03 
       6.235591027625e-03       8.860600939291e+03 
       6.241563671700e-03       8.865255596300e+03 
       6.247536712210e-03       8.869905351769e+03 
       6.253510148516e-03       8.874550208246e+03 
       6.259483979980e-03       8.879190168296e+03 
       6.265458205967e-03       8.883825231574e+03 
       6.271432825846e-03       8.888455406247e+03 
       6.277407838987e-03       8.893080691594e+03 
       6.283383244765e-03       8.897701090591e+03 
       6.289359042554e-03       8.902316605786e+03 
       6.295335231736e-03       8.906927239733e+03 
       6.301311811690e-03       8.911532994991e+03 
       6.307288781802e-03       8.916133872685e+03 
       6.313266141458e-03       8.920729877879e+03 
       6.319243890049e-03       8.925321011991e+03 
       6.325222026967e-03       8.929907277584e+03 
       6.331200551607e-03       8.934488677223e+03 
       6.337179463366e-03       8.939065213485e+03 
       6.343158761646e-03       8.943636886923e+03 
       6.349138445848e-03       8.948203703630e+03 
       6.355118515379e-03       8.952765664565e+03 
       6.361098969646e-03       8.957322771574e+03 
       6.367079808061e-03       8.961875028487e+03 
       6.373061030036e-03       8.966422437293e+03 
       6.379042634988e-03       8.970965000556e+03 
       6.385024622335e-03       8.975502720851e+03 
       6.391006991498e-03       8.980035600765e+03 
       6.396989741901e-03       8.984563644040e+03 
       6.402972872969e-03       8.989086846617e+03 
       6.408956384131e-03       8.993605220160e+03 
       6.414940274818e-03       8.998118763510e+03 
       6.420924544464e-03       9.002627479231e+03 
       6.426909192505e-03       9.007131369895e+03 
       6.432894218378e-03       9.011630438088e+03 
       6.438879621526e-03       9.016124684992e+03 
       6.444865401392e-03       9.020614116011e+03 
       6.450851557421e-03       9.025098731290e+03 
       6.456838089062e-03       9.029578534936e+03 
       6.462824995766e-03       9.034053528928e+03 
       6.468812276985e-03       9.038523715855e+03 
       6.474799932176e-03       9.042989098325e+03 
       6.480787960796e-03       9.047449678959e+03 
       6.486776362306e-03       9.051905457500e+03 
       6.492765136169e-03       9.056356441528e+03 
       6.498754281849e-03       9.060802631344e+03 
       6.504743798814e-03       9.065244029517e+03 
       6.510733686534e-03       9.069680638631e+03 
       6.516723944482e-03       9.074112461289e+03 
       6.522714572131e-03       9.078539500145e+03 
       6.528705568959e-03       9.082961755943e+03 
       6.534696934444e-03       9.087379234414e+03 
       6.540688668069e-03       9.091791936735e+03 
       6.546680769317e-03       9.096199865497e+03 
       6.552673237675e-03       9.100603023308e+03 
       6.558666072630e-03       9.105001413658e+03 
       6.564659273673e-03       9.109395034012e+03 
       6.570652840298e-03       9.113783893999e+03 
       6.576646771999e-03       9.118167992604e+03 
       6.582641068273e-03       9.122547333697e+03 
       6.588635728622e-03       9.126921919290e+03 
       6.594630752545e-03       9.131291751981e+03 
       6.600626139549e-03       9.135656834375e+03 
       6.606621889138e-03       9.140017169088e+03 
       6.612618000822e-03       9.144372758675e+03 
       6.618614474111e-03       9.148723602508e+03 
       6.624611308519e-03       9.153069709023e+03 
       6.630608503560e-03       9.157411078131e+03 
       6.636606058752e-03       9.161747712433e+03 
       6.642603973614e-03       9.166079614533e+03 
       6.648602247668e-03       9.170406787038e+03 
       6.654600880438e-03       9.174729230938e+03 
       6.660599871449e-03       9.179046951656e+03 
       6.666599220230e-03       9.183359950500e+03 
       6.672598926311e-03       9.187668230083e+03 
       6.678598989225e-03       9.191971793024e+03 
       6.684599408505e-03       9.196270641953e+03 
       6.690600183689e-03       9.200564777179e+03 
       6.696601314315e-03       9.204854205340e+03 
       6.702602799923e-03       9.209138927187e+03 
       6.708604640057e-03       9.213418944494e+03 
       6.714606834261e-03       9.217694261314e+03 
       6.720609382083e-03       9.221964879602e+03 
       6.726612283072e-03       9.226230801975e+03 
       6.732615536778e-03       9.230492031053e+03 
       6.738619142755e-03       9.234748569459e+03 
       6.744623100557e-03       9.239000416198e+03 
       6.750627409743e-03       9.243247580867e+03 
       6.756632069870e-03       9.247490062015e+03 
       6.762637080502e-03       9.251727862769e+03 
       6.768642441200e-03       9.255960985745e+03 
       6.774648151529e-03       9.260189433563e+03 
       6.780654211059e-03       9.264413208844e+03 
       6.786660619356e-03       9.268632312380e+03 
       6.792667375993e-03       9.272846749947e+03 
       6.798674480542e-03       9.277056522693e+03 
       6.804681932580e-03       9.281261633238e+03 
       6.810689731682e-03       9.285462084207e+03 
       6.816697877429e-03       9.289657878245e+03 
       6.822706369400e-03       9.293849015396e+03 
       6.828715207179e-03       9.298035502801e+03 
       6.834724390351e-03       9.302217341209e+03 
       6.840733918502e-03       9.306394531640e+03 
       6.846743791221e-03       9.310567078976e+03 
       6.852754008099e-03       9.314734984873e+03 
       6.858764568728e-03       9.318898251949e+03 
       6.864775472703e-03       9.323056882837e+03 
       6.870786719620e-03       9.327210880181e+03 
       6.876798309076e-03       9.331360243162e+03 
       6.882810240672e-03       9.335504980454e+03 
       6.888822514011e-03       9.339645091863e+03 
       6.894835128695e-03       9.343780579996e+03 
       6.900848084330e-03       9.347911447463e+03 
       6.906861380524e-03       9.352037696885e+03 
       6.912875016886e-03       9.356159330834e+03 
       6.918888993027e-03       9.360276350114e+03 
       6.924903308560e-03       9.364388760665e+03 
       6.930917963100e-03       9.368496563546e+03 
       6.936932956263e-03       9.372599761365e+03 
       6.942948287668e-03       9.376698356743e+03 
       6.948963956936e-03       9.380792352233e+03 
       6.954979963687e-03       9.384881747886e+03 
       6.960996307546e-03       9.388966551038e+03 
       6.967012988139e-03       9.393046761182e+03 
       6.973030005093e-03       9.397122382735e+03 
       6.979047358036e-03       9.401193417258e+03 
       6.985065046601e-03       9.405259867483e+03 
       6.991083070419e-03       9.409321736020e+03 
       6.997101429125e-03       9.413379025492e+03 
       7.003120122355e-03       9.417431738547e+03 
       7.009139149747e-03       9.421479874089e+03 
       7.015158510940e-03       9.425523441315e+03 
       7.021178205577e-03       9.429562439806e+03 
       7.027198233300e-03       9.433596872164e+03 
       7.033218593753e-03       9.437626740991e+03 
       7.039239286584e-03       9.441652048895e+03 
       7.045260311441e-03       9.445672798817e+03 
       7.051281667973e-03       9.449688990291e+03 
       7.057303355833e-03       9.453700630652e+03 
       7.063325374672e-03       9.457707720449e+03 
       7.069347724148e-03       9.461710262296e+03 
       7.075370403915e-03       9.465708258822e+03 
       7.081393413633e-03       9.469701712632e+03 
       7.087416752961e-03       9.473690623486e+03 
       7.093440421561e-03       9.477674999120e+03 
       7.099464419097e-03       9.481654838929e+03 
       7.105488745233e-03       9.485630146981e+03 
       7.111513399636e-03       9.489600925224e+03 
       7.117538381975e-03       9.493567176255e+03 
       7.123563691918e-03       9.497528902693e+03 
       7.129589329138e-03       9.501486107165e+03 
       7.135615293308e-03       9.505438792306e+03 
       7.141641584102e-03       9.509386956876e+03 
       7.147668201197e-03       9.513330610302e+03 
       7.153695144271e-03       9.517269752034e+03 
       7.159722413003e-03       9.521204384679e+03 
       7.165750007074e-03       9.525134510844e+03 
       7.171777926168e-03       9.529060133149e+03 
       7.177806169968e-03       9.532981254213e+03 
       7.183834738160e-03       9.536897874470e+03 
       7.189863630433e-03       9.540810000342e+03 
       7.195892846474e-03       9.544717632672e+03 
       7.201922385974e-03       9.548620774069e+03 
       7.207952248626e-03       9.552519427155e+03 
       7.213982434123e-03       9.556413594562e+03 
       7.220012942161e-03       9.560303275935e+03 
       7.226043772436e-03       9.564188479138e+03 
       7.232074924647e-03       9.568069204309e+03 
       7.238106398494e-03       9.571945453090e+03 
       7.244138193677e-03       9.575817229843e+03 
       7.250170309900e-03       9.579684536348e+03 
       7.256202746867e-03       9.583547375216e+03 
       7.262235504284e-03       9.587405749062e+03 
       7.268268581859e-03       9.591259660508e+03 
       7.274301979300e-03       9.595109111623e+03 
       7.280335696318e-03       9.598954102031e+03 
       7.286369732625e-03       9.602794640900e+03 
       7.292404087934e-03       9.606630727591e+03 
       7.298438761961e-03       9.610462364705e+03 
       7.304473754421e-03       9.614289554848e+03 
       7.310509065032e-03       9.618112300628e+03 
       7.316544693514e-03       9.621930602572e+03 
       7.322580639587e-03       9.625744466943e+03 
       7.328616902974e-03       9.629553894640e+03 
       7.334653483399e-03       9.633358888253e+03 
       7.340690380586e-03       9.637159450387e+03 
       7.346727594262e-03       9.640955583658e+03 
       7.352765124155e-03       9.644747288923e+03 
       7.358802969994e-03       9.648534570624e+03 
       7.364841131511e-03       9.652317432187e+03 
       7.370879608438e-03       9.656095874152e+03 
       7.376918400508e-03       9.659869900876e+03 
       7.382957507457e-03       9.663639514121e+03 
       7.388996929021e-03       9.667404716485e+03 
       7.395036664938e-03       9.671165510567e+03 
       7.401076714947e-03       9.674921898974e+03 
       7.407117078790e-03       9.678673884327e+03 
       7.413157756208e-03       9.682421464952e+03 
       7.419198746945e-03       9.686164651032e+03 
       7.425240050746e-03       9.689903441648e+03 
       7.431281667357e-03       9.693637839373e+03 
       7.437323596526e-03       9.697367846795e+03 
       7.443365838002e-03       9.701093466503e+03 
       7.449408391535e-03       9.704814701097e+03 
       7.455451256877e-03       9.708531550857e+03 
       7.461494433782e-03       9.712244022468e+03 
       7.467537922004e-03       9.715952116612e+03 
       7.473581721298e-03       9.719655835875e+03 
       7.479625831422e-03       9.723355182849e+03 
       7.485670252135e-03       9.727050160135e+03 
       7.491714983196e-03       9.730740767297e+03 
       7.497760024366e-03       9.734427012293e+03 
       7.503805375409e-03       9.738108895256e+03 
       7.509851036088e-03       9.741786417663e+03 
       7.515897006167e-03       9.745459583993e+03 
       7.521943285415e-03       9.749128395938e+03 
       7.527989873598e-03       9.752792856077e+03 
       7.534036770486e-03       9.756452966992e+03 
       7.540083975849e-03       9.760108731271e+03 
       7.546131489458e-03       9.763760151521e+03 
       7.552179311088e-03       9.767407225801e+03 
       7.558227440512e-03       9.771049964776e+03 
       7.564275877506e-03       9.774688367261e+03 
       7.570324621847e-03       9.778322435826e+03 
       7.576373673312e-03       9.781952173033e+03 
       7.582423031683e-03       9.785577581460e+03 
       7.588472696738e-03       9.789198663682e+03 
       7.594522668261e-03       9.792815419889e+03 
       7.600572946034e-03       9.796427856906e+03 
       7.606623529842e-03       9.800035975326e+03 
       7.612674419471e-03       9.803639777715e+03 
       7.618725614709e-03       9.807239266646e+03 
       7.624777115342e-03       9.810834444700e+03 
       7.630828921162e-03       9.814425315718e+03 
       7.636881031958e-03       9.818011874713e+03 
       7.642933447522e-03       9.821594134776e+03 
       7.648986167649e-03       9.825172093486e+03 
       7.655039192132e-03       9.828745754481e+03 
       7.661092520768e-03       9.832315119829e+03 
       7.667146153352e-03       9.835880192098e+03 
       7.673200089684e-03       9.839440973687e+03 
       7.679254329563e-03       9.842997464572e+03 
       7.685308872790e-03       9.846549672333e+03 
       7.691363719165e-03       9.850097597137e+03 
       7.697418868493e-03       9.853641241889e+03 
       7.703474320578e-03       9.857180606517e+03 
       7.709530075224e-03       9.860715697470e+03 
       7.715586132239e-03       9.864246515638e+03 
       7.721642491431e-03       9.867773064126e+03 
       7.727699152608e-03       9.871295341572e+03 
       7.733756115581e-03       9.874813354571e+03 
       7.739813380161e-03       9.878327106241e+03 
       7.745870946161e-03       9.881836597732e+03 
       7.751928813394e-03       9.885341831566e+03 
       7.757986981676e-03       9.888842810281e+03 
       7.764045450822e-03       9.892339536416e+03 
       7.770104220650e-03       9.895832012513e+03 
       7.776163290978e-03       9.899320241119e+03 
       7.782222661626e-03       9.902804224781e+03 
       7.788282332414e-03       9.906283966064e+03 
       7.794342303165e-03       9.909759467545e+03 
       7.800402573701e-03       9.913230723341e+03 
       7.806463143847e-03       9.916697752803e+03 
       7.812524013427e-03       9.920160548513e+03 
       7.818585182269e-03       9.923619114301e+03 
       7.824646650200e-03       9.927073452691e+03 
       7.830708417049e-03       9.930523566206e+03 
       7.836770482645e-03       9.933969457365e+03 
       7.842832846820e-03       9.937411128693e+03 
       7.848895509405e-03       9.940848582710e+03 
       7.854958470235e-03       9.944281821947e+03 
       7.861021729143e-03       9.947710848944e+03 
       7.867085285964e-03       9.951135667238e+03 
       7.873149140536e-03       9.954556272043e+03 
       7.879213292696e-03       9.957972676672e+03 
       7.885277742282e-03       9.961384879014e+03 
       7.891342489136e-03       9.964792881577e+03 
       7.897407533097e-03       9.968196686866e+03 
       7.903472874007e-03       9.971596297395e+03 
       7.909538511711e-03       9.974991715683e+03 
       7.915604446052e-03       9.978382944254e+03 
       7.921670676875e-03       9.981769985651e+03 
       7.927737204028e-03       9.985152842425e+03 
       7.933804027356e-03       9.988531511320e+03 
       7.939871146710e-03       9.991906005287e+03 
       7.945938561939e-03       9.995276321951e+03 
       7.952006272893e-03       9.998642463808e+03 
       7.958074279424e-03       1.000200443336e+04 
       7.964142581386e-03       1.000536223178e+04 
       7.970211178632e-03       1.000871586398e+04 
       7.976280071016e-03       1.001206533135e+04 
       7.982349258396e-03       1.001541063639e+04 
       7.988418740628e-03       1.001875178160e+04 
       7.994488517571e-03       1.002208876947e+04 
       8.000558589083e-03       1.002542160253e+04 
       8.006628955025e-03       1.002875028472e+04 
       8.012699615258e-03       1.003207480830e+04 
       8.018770569644e-03       1.003539519083e+04 
       8.024841818047e-03       1.003871142836e+04 
       8.030913360332e-03       1.004202352337e+04 
       8.036985196363e-03       1.004533147836e+04 
       8.043057326007e-03       1.004863529580e+04 
       8.049129749132e-03       1.005193497819e+04 
       8.055202465606e-03       1.005523052495e+04 
       8.061275475299e-03       1.005852194450e+04 
       8.067348778080e-03       1.006180923601e+04 
       8.073422373823e-03       1.006509240231e+04 
       8.079496262399e-03       1.006837144587e+04 
       8.085570443681e-03       1.007164636920e+04 
       8.091644917546e-03       1.007491717477e+04 
       8.097719683867e-03       1.007818386673e+04 
       8.103794742522e-03       1.008144643816e+04 
       8.109870093388e-03       1.008470490453e+04 
       8.115945736344e-03       1.008795926289e+04 
       8.122021671270e-03       1.009120951430e+04 
       8.128097898046e-03       1.009445566385e+04 
       8.134174416553e-03       1.009769771278e+04 
       8.140251226674e-03       1.010093566355e+04 
       8.146328328293e-03       1.010416951863e+04 
       8.152405721295e-03       1.010739928049e+04 
       8.158483405564e-03       1.011062495161e+04 
       8.164561380987e-03       1.011384653440e+04 
       8.170639647452e-03       1.011706402535e+04 
       8.176718204847e-03       1.012027743796e+04 
       8.182797053061e-03       1.012348676951e+04 
       8.188876191986e-03       1.012669202245e+04 
       8.194955621511e-03       1.012989319922e+04 
       8.201035341530e-03       1.013309030229e+04 
       8.207115351935e-03       1.013628333410e+04 
       8.213195652621e-03       1.013947229708e+04 
       8.219276243483e-03       1.014265719051e+04 
       8.225357124417e-03       1.014583802266e+04 
       8.231438295320e-03       1.014901479326e+04 
       8.237519756091e-03       1.015218750474e+04 
       8.243601506627e-03       1.015535615957e+04 
       8.249683546829e-03       1.015852076019e+04 
       8.255765876599e-03       1.016168130907e+04 
       8.261848495836e-03       1.016483780434e+04 
       8.267931404445e-03       1.016799025627e+04 
       8.274014602328e-03       1.017113866363e+04 
       8.280098089391e-03       1.017428302923e+04 
       8.286181865539e-03       1.017742335278e+04 
       8.292265930678e-03       1.018055964075e+04 
       8.298350284715e-03       1.018369189384e+04 
       8.304434927560e-03       1.018682011448e+04 
       8.310519859120e-03       1.018994430510e+04 
       8.316605079307e-03       1.019306446814e+04 
       8.322690588031e-03       1.019618060604e+04 
       8.328776385203e-03       1.019929271616e+04 
       8.334862470738e-03       1.020240080943e+04 
       8.340948844548e-03       1.020550488532e+04 
       8.347035506548e-03       1.020860494561e+04 
       8.353122456654e-03       1.021170099269e+04 
       8.359209694783e-03       1.021479302900e+04 
       8.365297220851e-03       1.021788105694e+04 
       8.371385034776e-03       1.022096507893e+04 
       8.377473136479e-03       1.022404509403e+04 
       8.383561525879e-03       1.022712111113e+04 
       8.389650202896e-03       1.023019312912e+04 
       8.395739167454e-03       1.023326115070e+04 
       8.401828419473e-03       1.023632517831e+04 
       8.407917958879e-03       1.023938521435e+04 
       8.414007785595e-03       1.024244126126e+04 
       8.420097899546e-03       1.024549332264e+04 
       8.426188300660e-03       1.024854139247e+04 
       8.432278988863e-03       1.025158548554e+04 
       8.438369964083e-03       1.025462559895e+04 
       8.444461226249e-03       1.025766173352e+04 
       8.450552775290e-03       1.026069389451e+04 
       8.456644611138e-03       1.026372208299e+04 
       8.462736733723e-03       1.026674630134e+04 
       8.468829142978e-03       1.026976655198e+04 
       8.474921838836e-03       1.027278283729e+04 
       8.481014821232e-03       1.027579515968e+04 
       8.487108090099e-03       1.027880352155e+04 
       8.493201645374e-03       1.028180791877e+04 
       8.499295486994e-03       1.028480836567e+04 
       8.505389614895e-03       1.028780485903e+04 
       8.511484029017e-03       1.029079740123e+04 
       8.517578729297e-03       1.029378599468e+04 
       8.523673715677e-03       1.029677064173e+04 
       8.529768988097e-03       1.029975134478e+04 
       8.535864546499e-03       1.030272810621e+04 
       8.541960390825e-03       1.030570092495e+04 
       8.548056521019e-03       1.030866980965e+04 
       8.554152937025e-03       1.031163475974e+04 
       8.560249638787e-03       1.031459577760e+04 
       8.566346626253e-03       1.031755286563e+04 
       8.572443899367e-03       1.032050602619e+04 
       8.578541458079e-03       1.032345526169e+04 
       8.584639302336e-03       1.032640056993e+04 
       8.590737432087e-03       1.032934196162e+04 
       8.596835847283e-03       1.033227943519e+04 
       8.602934547875e-03       1.033521299334e+04 
       8.609033533813e-03       1.033814263572e+04 
       8.615132805051e-03       1.034106836883e+04 
       8.621232361541e-03       1.034399019322e+04 
       8.627332203238e-03       1.034690811126e+04 
       8.633432330097e-03       1.034982212532e+04 
       8.639532742074e-03       1.035273223775e+04 
       8.645633439124e-03       1.035563845092e+04 
       8.651734421205e-03       1.035854076710e+04 
       8.657835688276e-03       1.036143918193e+04 
       8.663937240296e-03       1.036433371033e+04 
       8.670039077223e-03       1.036722434871e+04 
       8.676141199020e-03       1.037011109941e+04 
       8.682243605646e-03       1.037299396478e+04 
       8.688346297064e-03       1.037587294717e+04 
       8.694449273238e-03       1.037874804893e+04 
       8.700552534130e-03       1.038161927239e+04 
       8.706656079706e-03       1.038448661629e+04 
       8.712759909930e-03       1.038735008959e+04 
       8.718864024769e-03       1.039020969151e+04 
       8.724968424190e-03       1.039306542438e+04 
       8.731073108160e-03       1.039591729056e+04 
       8.737178076649e-03       1.039876529240e+04 
       8.743283329624e-03       1.040160943224e+04 
       8.749388867056e-03       1.040444971047e+04 
       8.755494688916e-03       1.040728612982e+04 
       8.761600795176e-03       1.041011869678e+04 
       8.767707185808e-03       1.041294741093e+04 
       8.773813860785e-03       1.041577227284e+04 
       8.779920820080e-03       1.041859328805e+04 
       8.786028063670e-03       1.042141045737e+04 
       8.792135591528e-03       1.042422378313e+04 
       8.798243403632e-03       1.042703326766e+04 
       8.804351499958e-03       1.042983891328e+04 
       8.810459880483e-03       1.043264072233e+04 
       8.816568545188e-03       1.043543869716e+04 
       8.822677494050e-03       1.043823283305e+04 
       8.828786727050e-03       1.044102314522e+04 
       8.834896244169e-03       1.044380962993e+04 
       8.841006045388e-03       1.044659228948e+04 
       8.847116130690e-03       1.044937112616e+04 
       8.853226500057e-03       1.045214614230e+04 
       8.859337153473e-03       1.045491734020e+04 
       8.865448090924e-03       1.045768472219e+04 
       8.871559312394e-03       1.046044829181e+04 
       8.877670817869e-03       1.046320804355e+04 
       8.883782607336e-03       1.046596399094e+04 
       8.889894680783e-03       1.046871613152e+04 
       8.896007038198e-03       1.047146446759e+04 
       8.902119679571e-03       1.047420900146e+04 
       8.908232604890e-03       1.047694973545e+04 
       8.914345814146e-03       1.047968667187e+04 
       8.920459307331e-03       1.048241980783e+04 
       8.926573084437e-03       1.048514915518e+04 
       8.932687145457e-03       1.048787471171e+04 
       8.938801490383e-03       1.049059648005e+04 
       8.944916119210e-03       1.049331445955e+04 
       8.951031031934e-03       1.049602865703e+04 
       8.957146228549e-03       1.049873907280e+04 
       8.963261709052e-03       1.050144570913e+04 
       8.969377473441e-03       1.050414856833e+04 
       8.975493521712e-03       1.050684765268e+04 
       8.981609853866e-03       1.050954296448e+04 
       8.987726469900e-03       1.051223450605e+04 
       8.993843369815e-03       1.051492227219e+04 
       8.999960553612e-03       1.051760627899e+04 
       9.006078021292e-03       1.052028652218e+04 
       9.012195772858e-03       1.052296300403e+04 
       9.018313808312e-03       1.052563572684e+04 
       9.024432127658e-03       1.052830469288e+04 
       9.030550730900e-03       1.053096990442e+04 
       9.036669618043e-03       1.053363136373e+04 
       9.042788789094e-03       1.053628907298e+04 
       9.048908244058e-03       1.053894303061e+04 
       9.055027982942e-03       1.054159324623e+04 
       9.061148005755e-03       1.054423971859e+04 
       9.067268312505e-03       1.054688244997e+04 
       9.073388903202e-03       1.054952144263e+04 
       9.079509777855e-03       1.055215669885e+04 
       9.085630936475e-03       1.055478822091e+04 
       9.091752379073e-03       1.055741601251e+04 
       9.097874105663e-03       1.056004006566e+04 
       9.103996116255e-03       1.056266039790e+04 
       9.110118410865e-03       1.056527700488e+04 
       9.116240989505e-03       1.056788988697e+04 
       9.122363852192e-03       1.057049904992e+04 
       9.128486998940e-03       1.057310449430e+04 
       9.134610429765e-03       1.057570622239e+04 
       9.140734144686e-03       1.057830423643e+04 
       9.146858143719e-03       1.058089853867e+04 
       9.152982426883e-03       1.058348913138e+04 
       9.159106994197e-03       1.058607601682e+04 
       9.165231845680e-03       1.058865919724e+04 
       9.171356981353e-03       1.059123866666e+04 
       9.177482401237e-03       1.059381444257e+04 
       9.183608105354e-03       1.059638652001e+04 
       9.189734093726e-03       1.059895490121e+04 
       9.195860366377e-03       1.060151958840e+04 
       9.201986923330e-03       1.060408058384e+04 
       9.208113764609e-03       1.060663788975e+04 
       9.214240890240e-03       1.060919150837e+04 
       9.220368300250e-03       1.061174144365e+04 
       9.226495994663e-03       1.061428768813e+04 
       9.232623973508e-03       1.061683025760e+04 
       9.238752236812e-03       1.061936914734e+04 
       9.244880784604e-03       1.062190436202e+04 
       9.251009616913e-03       1.062443590270e+04 
       9.257138733769e-03       1.062696377220e+04 
       9.263268135203e-03       1.062948796875e+04 
       9.269397821246e-03       1.063200850037e+04 
       9.275527791929e-03       1.063452536680e+04 
       9.281658047285e-03       1.063703857025e+04 
       9.287788587348e-03       1.063954811297e+04 
       9.293919412151e-03       1.064205399717e+04 
       9.300050521729e-03       1.064455622512e+04 
       9.306181916117e-03       1.064705479907e+04 
       9.312313595351e-03       1.064954971267e+04 
       9.318445559467e-03       1.065204098392e+04 
       9.324577808503e-03       1.065452860758e+04 
       9.330710342497e-03       1.065701258585e+04 
       9.336843161487e-03       1.065949292094e+04 
       9.342976265511e-03       1.066196961503e+04 
       9.349109654611e-03       1.066444267037e+04 
       9.355243328826e-03       1.066691208916e+04 
       9.361377288198e-03       1.066937786865e+04 
       9.367511532768e-03       1.067184002105e+04 
       9.373646062579e-03       1.067429854270e+04 
       9.379780877674e-03       1.067675343651e+04 
       9.385915978096e-03       1.067920470468e+04 
       9.392051363890e-03       1.068165234941e+04 
       9.398187035101e-03       1.068409637291e+04 
       9.404322991775e-03       1.068653677740e+04 
       9.410459233957e-03       1.068897355883e+04 
       9.416595761695e-03       1.069140673093e+04 
       9.422732575037e-03       1.069383629045e+04 
       9.428869674030e-03       1.069626224044e+04 
       9.435007058724e-03       1.069868457824e+04 
       9.441144729168e-03       1.070110331282e+04 
       9.447282685412e-03       1.070351844350e+04 
       9.453420927507e-03       1.070592997247e+04 
       9.459559455504e-03       1.070833790192e+04 
       9.465698269456e-03       1.071074223404e+04 
       9.471837369414e-03       1.071314297104e+04 
       9.477976755434e-03       1.071554011514e+04 
       9.484116427567e-03       1.071793365957e+04 
       9.490256385870e-03       1.072032362304e+04 
       9.496396630397e-03       1.072270999992e+04 
       9.502537161204e-03       1.072509279237e+04 
       9.508677978347e-03       1.072747200256e+04 
       9.514819081884e-03       1.072984763265e+04 
       9.520960471873e-03       1.073221968481e+04 
       9.527102148372e-03       1.073458816122e+04 
       9.533244111439e-03       1.073695306558e+04 
       9.539386361135e-03       1.073931439046e+04 
       9.545528897519e-03       1.074167215189e+04 
       9.551671720653e-03       1.074402634612e+04 
       9.557814830598e-03       1.074637697533e+04 
       9.563958227416e-03       1.074872403979e+04 
       9.570101911170e-03       1.075106754523e+04 
       9.576245881924e-03       1.075340748980e+04 
       9.582390139740e-03       1.075574387984e+04 
       9.588534684685e-03       1.075807671553e+04 
       9.594679516822e-03       1.076040599902e+04 
       9.600824636218e-03       1.076273173248e+04 
       9.606970042940e-03       1.076505391807e+04 
       9.613115737054e-03       1.076737255798e+04 
       9.619261718629e-03       1.076968765435e+04 
       9.625407987731e-03       1.077199920429e+04 
       9.631554544431e-03       1.077430721497e+04 
       9.637701388798e-03       1.077661169216e+04 
       9.643848520902e-03       1.077891263416e+04 
       9.649995940813e-03       1.078121004311e+04 
       9.656143648603e-03       1.078350392115e+04 
       9.662291644345e-03       1.078579427043e+04 
       9.668439928110e-03       1.078808109311e+04 
       9.674588499971e-03       1.079036439134e+04 
       9.680737360004e-03       1.079264416219e+04 
       9.686886508281e-03       1.079492041714e+04 
       9.693035944878e-03       1.079719315389e+04 
       9.699185669871e-03       1.079946237458e+04 
       9.705335683335e-03       1.080172808133e+04 
       9.711485985348e-03       1.080399027627e+04 
       9.717636575987e-03       1.080624896156e+04 
       9.723787455330e-03       1.080850414050e+04 
       9.729938623455e-03       1.081075580446e+04 
       9.736090080442e-03       1.081300397252e+04 
       9.742241826371e-03       1.081524863928e+04 
       9.748393861322e-03       1.081748980455e+04 
       9.754546185376e-03       1.081972747473e+04 
       9.760698798615e-03       1.082196164988e+04 
       9.766851701120e-03       1.082419233210e+04 
       9.773004892976e-03       1.082641952353e+04 
       9.779158374264e-03       1.082864322627e+04 
       9.785312145069e-03       1.083086344245e+04 
       9.791466205476e-03       1.083308017423e+04 
       9.797620555570e-03       1.083529342475e+04 
       9.803775195436e-03       1.083750318280e+04 
       9.809930125161e-03       1.083970947255e+04 
       9.816085344833e-03       1.084191228611e+04 
       9.822240854537e-03       1.084411162555e+04 
       9.828396654364e-03       1.084630749298e+04 
       9.834552744401e-03       1.084849989048e+04 
       9.840709124737e-03       1.085068882017e+04 
       9.846865795463e-03       1.085287428414e+04 
       9.853022756669e-03       1.085505627942e+04 
       9.859180008446e-03       1.085723481754e+04 
       9.865337550886e-03       1.085940989610e+04 
       9.871495384081e-03       1.086158151720e+04 
       9.877653508124e-03       1.086374968295e+04 
       9.883811923108e-03       1.086591439543e+04 
       9.889970629128e-03       1.086807565674e+04 
       9.896129626277e-03       1.087023346900e+04 
       9.902288914652e-03       1.087238782697e+04 
       9.908448494347e-03       1.087453874628e+04 
       9.914608365460e-03       1.087668622260e+04 
       9.920768528086e-03       1.087883025871e+04 
       9.926928982324e-03       1.088097085194e+04 
       9.933089728272e-03       1.088310801137e+04 
       9.939250766028e-03       1.088524173607e+04 
       9.945412095692e-03       1.088737202811e+04 
       9.951573717363e-03       1.088949888956e+04 
       9.957735631142e-03       1.089162232251e+04 
       9.963897837129e-03       1.089374232905e+04 
       9.970060335427e-03       1.089585891129e+04 
       9.976223126137e-03       1.089797206097e+04 
       9.982386209362e-03       1.090008179926e+04 
       9.988549585205e-03       1.090218811920e+04 
       9.994713253770e-03       1.090429102284e+04 
       1.000087721516e-02       1.090639051222e+04 
       1.000704146949e-02       1.090848658943e+04 
       1.001320601685e-02       1.091057925653e+04 
       1.001937085735e-02       1.091266851557e+04 
       1.002553599110e-02       1.091475437073e+04 
       1.003170141822e-02       1.091683681196e+04 
       1.003786713879e-02       1.091891585832e+04 
       1.004403315294e-02       1.092099150470e+04 
       1.005019946077e-02       1.092306375315e+04 
       1.005636606240e-02       1.092513260574e+04 
       1.006253295792e-02       1.092719806453e+04 
       1.006870014746e-02       1.092926013159e+04 
       1.007486763112e-02       1.093131880074e+04 
       1.008103540902e-02       1.093337409048e+04 
       1.008720348127e-02       1.093542599346e+04 
       1.009337184797e-02       1.093747451271e+04 
       1.009954050926e-02       1.093951964764e+04 
       1.010570946523e-02       1.094156140515e+04 
       1.011187871600e-02       1.094359978496e+04 
       1.011804826169e-02       1.094563478911e+04 
       1.012421810242e-02       1.094766641965e+04 
       1.013038823830e-02       1.094969467862e+04 
       1.013655866944e-02       1.095171956807e+04 
       1.014272939597e-02       1.095374109008e+04 
       1.014890041801e-02       1.095575925101e+04 
       1.015507173566e-02       1.095777402834e+04 
       1.016124334906e-02       1.095978545854e+04 
       1.016741525831e-02       1.096179352911e+04 
       1.017358746355e-02       1.096379824209e+04 
       1.017975996489e-02       1.096579959951e+04 
       1.018593276245e-02       1.096779760338e+04 
       1.019210585635e-02       1.096979225574e+04 
       1.019827924672e-02       1.097178355863e+04 
       1.020445293369e-02       1.097377150844e+04 
       1.021062691736e-02       1.097575611762e+04 
       1.021680119788e-02       1.097773738324e+04 
       1.022297577535e-02       1.097971530728e+04 
       1.022915064992e-02       1.098168989177e+04 
       1.023532582170e-02       1.098366113871e+04 
       1.024150129082e-02       1.098562905014e+04 
       1.024767705740e-02       1.098759362809e+04 
       1.025385312158e-02       1.098955486658e+04 
       1.026002948349e-02       1.099151278247e+04 
       1.026620614324e-02       1.099346737074e+04 
       1.027238310097e-02       1.099541863432e+04 
       1.027856035682e-02       1.099736656949e+04 
       1.028473791090e-02       1.099931118642e+04 
       1.029091576336e-02       1.100125248364e+04 
       1.029709391432e-02       1.100319046312e+04 
       1.030327236391e-02       1.100512512687e+04 
       1.030945111227e-02       1.100705647689e+04 
       1.031563015952e-02       1.100898451521e+04 
       1.032180950582e-02       1.101090924386e+04 
       1.032798915127e-02       1.101283065387e+04 
       1.033416909603e-02       1.101474876759e+04 
       1.034034934023e-02       1.101666357741e+04 
       1.034652988400e-02       1.101857508526e+04 
       1.035271072748e-02       1.102048329310e+04 
       1.035889187081e-02       1.102238820292e+04 
       1.036507331412e-02       1.102428981668e+04 
       1.037125505754e-02       1.102618813639e+04 
       1.037743710123e-02       1.102808316403e+04 
       1.038361944532e-02       1.102997489554e+04 
       1.038980208995e-02       1.103186334415e+04 
       1.039598503525e-02       1.103374850649e+04 
       1.040216828138e-02       1.103563038454e+04 
       1.040835182846e-02       1.103750898028e+04 
       1.041453567664e-02       1.103938429568e+04 
       1.042071982607e-02       1.104125633275e+04 
       1.042690427689e-02       1.104312509346e+04 
       1.043308902924e-02       1.104499057127e+04 
       1.043927408326e-02       1.104685278398e+04 
       1.044545943910e-02       1.104871172604e+04 
       1.045164509690e-02       1.105056740059e+04 
       1.045783105681e-02       1.105241980304e+04 
       1.046401731898e-02       1.105426894451e+04 
       1.047020388355e-02       1.105611482313e+04 
       1.047639075067e-02       1.105795744084e+04 
       1.048257792048e-02       1.105979679962e+04 
       1.048876539314e-02       1.106163290142e+04 
       1.049495316879e-02       1.106346574823e+04 
       1.050114124759e-02       1.106529534201e+04 
       1.050732962968e-02       1.106712167152e+04 
       1.051351831521e-02       1.106894476528e+04 
       1.051970730434e-02       1.107076460994e+04 
       1.052589659721e-02       1.107258120914e+04 
       1.053208619398e-02       1.107439456481e+04 
       1.053827609480e-02       1.107620467891e+04 
       1.054446629982e-02       1.107801155338e+04 
       1.055065680920e-02       1.107981519017e+04 
       1.055684762309e-02       1.108161559125e+04 
       1.056303874164e-02       1.108341275229e+04 
       1.056923016502e-02       1.108520668686e+04 
       1.057542189337e-02       1.108699739138e+04 
       1.058161392686e-02       1.108878486778e+04 
       1.058780626563e-02       1.109056911800e+04 
       1.059399890985e-02       1.109235014399e+04 
       1.060019185968e-02       1.109412794772e+04 
       1.060638511527e-02       1.109590253114e+04 
       1.061257867678e-02       1.109767388748e+04 
       1.061877254438e-02       1.109944203498e+04 
       1.062496671821e-02       1.110120696772e+04 
       1.063116119845e-02       1.110296868763e+04 
       1.063735598525e-02       1.110472719368e+04 
       1.064355107878e-02       1.110648249340e+04 
       1.064974647919e-02       1.110823458603e+04 
       1.065594218666e-02       1.110998347351e+04 
       1.066213820134e-02       1.111172915775e+04 
       1.066833452339e-02       1.111347164070e+04 
       1.067453115298e-02       1.111521092430e+04 
       1.068072809029e-02       1.111694701050e+04 
       1.068692533546e-02       1.111867990157e+04 
       1.069312288867e-02       1.112040958536e+04 
       1.069932075008e-02       1.112213608916e+04 
       1.070551891987e-02       1.112385940296e+04 
       1.071171739819e-02       1.112557952865e+04 
       1.071791618522e-02       1.112729646814e+04 
       1.072411528112e-02       1.112901022336e+04 
       1.073031468606e-02       1.113072079621e+04 
       1.073651440022e-02       1.113242818864e+04 
       1.074271442377e-02       1.113413240424e+04 
       1.074891475686e-02       1.113583343288e+04 
       1.075511539969e-02       1.113753129453e+04 
       1.076131635241e-02       1.113922598323e+04 
       1.076751761520e-02       1.114091750087e+04 
       1.077371918823e-02       1.114260584935e+04 
       1.077992107167e-02       1.114429103059e+04 
       1.078612326571e-02       1.114597304650e+04 
       1.079232577050e-02       1.114765189871e+04 
       1.079852858624e-02       1.114932758048e+04 
       1.080473171309e-02       1.115100011063e+04 
       1.081093515123e-02       1.115266948288e+04 
       1.081713890084e-02       1.115433570028e+04 
       1.082334296209e-02       1.115599875788e+04 
       1.082954733516e-02       1.115765866733e+04 
       1.083575202023e-02       1.115931542636e+04 
       1.084195701747e-02       1.116096903685e+04 
       1.084816232708e-02       1.116261950072e+04 
       1.085436794921e-02       1.116426681980e+04 
       1.086057388407e-02       1.116591099607e+04 
       1.086678013182e-02       1.116755203142e+04 
       1.087298669265e-02       1.116918993324e+04 
       1.087919356674e-02       1.117082467287e+04 
       1.088540075427e-02       1.117245629500e+04 
       1.089160825543e-02       1.117408478347e+04 
       1.089781607039e-02       1.117571014016e+04 
       1.090402419935e-02       1.117733236693e+04 
       1.091023264248e-02       1.117895146568e+04 
       1.091644139997e-02       1.118056743825e+04 
       1.092265047201e-02       1.118218028655e+04 
       1.092885985879e-02       1.118379001518e+04 
       1.093506956048e-02       1.118539661041e+04 
       1.094127957728e-02       1.118700009616e+04 
       1.094748990937e-02       1.118860046499e+04 
       1.095370055694e-02       1.119019771877e+04 
       1.095991152019e-02       1.119179185936e+04 
       1.096612279929e-02       1.119338288865e+04 
       1.097233439444e-02       1.119497080851e+04 
       1.097854630583e-02       1.119655562066e+04 
       1.098475853365e-02       1.119813731746e+04 
       1.099097107809e-02       1.119971591898e+04 
       1.099718393934e-02       1.120129141833e+04 
       1.100339711760e-02       1.120286381849e+04 
       1.100961061305e-02       1.120443311442e+04 
       1.101582442590e-02       1.120599931797e+04 
       1.102203855633e-02       1.120756242671e+04 
       1.102825300454e-02       1.120912244250e+04 
       1.103446777072e-02       1.121067936720e+04 
       1.104068285507e-02       1.121223320267e+04 
       1.104689825779e-02       1.121378395077e+04 
       1.105311397907e-02       1.121533161339e+04 
       1.105933001910e-02       1.121687619258e+04 
       1.106554637809e-02       1.121841767512e+04 
       1.107176305624e-02       1.121995609055e+04 
       1.107798005374e-02       1.122149142762e+04 
       1.108419737079e-02       1.122302368816e+04 
       1.109041500758e-02       1.122455287401e+04 
       1.109663296434e-02       1.122607898703e+04 
       1.110285124124e-02       1.122760202904e+04 
       1.110906983849e-02       1.122912200191e+04 
       1.111528875630e-02       1.123063890747e+04 
       1.112150799486e-02       1.123215274006e+04 
       1.112772755439e-02       1.123366351556e+04 
       1.113394743507e-02       1.123517122909e+04 
       1.114016763712e-02       1.123667588249e+04 
       1.114638816075e-02       1.123817747758e+04 
       1.115260900614e-02       1.123967601623e+04 
       1.115883017352e-02       1.124117150028e+04 
       1.116505166308e-02       1.124266393159e+04 
       1.117127347504e-02       1.124415330126e+04 
       1.117749560959e-02       1.124563963208e+04 
       1.118371806695e-02       1.124712291472e+04 
       1.118994084733e-02       1.124860315172e+04 
       1.119616395093e-02       1.125008034138e+04 
       1.120238737796e-02       1.125155449210e+04 
       1.120861112863e-02       1.125302560255e+04 
       1.121483520315e-02       1.125449367455e+04 
       1.122105960173e-02       1.125595870992e+04 
       1.122728432459e-02       1.125742071049e+04 
       1.123350937193e-02       1.125887967810e+04 
       1.123973474397e-02       1.126033561459e+04 
       1.124596044092e-02       1.126178852182e+04 
       1.125218646299e-02       1.126323838895e+04 
       1.125841281039e-02       1.126468523980e+04 
       1.126463948335e-02       1.126612906809e+04 
       1.127086648207e-02       1.126756987404e+04 
       1.127709380677e-02       1.126900765946e+04 
       1.128332145766e-02       1.127044242614e+04 
       1.128954943497e-02       1.127187417589e+04 
       1.129577773891e-02       1.127330291052e+04 
       1.130200636969e-02       1.127472863187e+04 
       1.130823532753e-02       1.127615134337e+04 
       1.131446461266e-02       1.127757103379e+04 
       1.132069422529e-02       1.127898772509e+04 
       1.132692416564e-02       1.128040141015e+04 
       1.133315443393e-02       1.128181209077e+04 
       1.133938503038e-02       1.128321976874e+04 
       1.134561595521e-02       1.128462444585e+04 
       1.135184720864e-02       1.128602612393e+04 
       1.135807879090e-02       1.128742480478e+04 
       1.136431070221e-02       1.128882047941e+04 
       1.137054294278e-02       1.129021316995e+04 
       1.137677551285e-02       1.129160286837e+04 
       1.138300841264e-02       1.129298957654e+04 
       1.138924164237e-02       1.129437329422e+04 
       1.139547520227e-02       1.129575402699e+04 
       1.140170909257e-02       1.129713177481e+04 
       1.140794331348e-02       1.129850653950e+04 
       1.141417786524e-02       1.129987832286e+04 
       1.142041274807e-02       1.130124711822e+04 
       1.142664796220e-02       1.130261294321e+04 
       1.143288350787e-02       1.130397579197e+04 
       1.143911938529e-02       1.130533566632e+04 
       1.144535559470e-02       1.130669256806e+04 
       1.145159213632e-02       1.130804649434e+04 
       1.145782901040e-02       1.130939745596e+04 
       1.146406621715e-02       1.131074544993e+04 
       1.147030375682e-02       1.131209047831e+04 
       1.147654162962e-02       1.131343254290e+04 
       1.148277983580e-02       1.131477163907e+04 
       1.148901837559e-02       1.131610778092e+04 
       1.149525724921e-02       1.131744096625e+04 
       1.150149645692e-02       1.131877118380e+04 
       1.150773599893e-02       1.132009845405e+04 
       1.151397587548e-02       1.132142277083e+04 
       1.152021608682e-02       1.132274413590e+04 
       1.152645663317e-02       1.132406255102e+04 
       1.153269751478e-02       1.132537801794e+04 
       1.153893873187e-02       1.132669053843e+04 
       1.154518028469e-02       1.132800011424e+04 
       1.155142217348e-02       1.132930674713e+04 
       1.155766439847e-02       1.133061043886e+04 
       1.156390695991e-02       1.133191119118e+04 
       1.157014985803e-02       1.133320900588e+04 
       1.157639309307e-02       1.133450388474e+04 
       1.158263666528e-02       1.133579582956e+04 
       1.158888057489e-02       1.133708485170e+04 
       1.159512482215e-02       1.133837089820e+04 
       1.160136940730e-02       1.133965404843e+04 
       1.160761433059e-02       1.134093427120e+04 
       1.161385959225e-02       1.134221156825e+04 
       1.162010519253e-02       1.134348594130e+04 
       1.162635113168e-02       1.134475739208e+04 
       1.163259740993e-02       1.134602592232e+04 
       1.163884402754e-02       1.134729153375e+04 
       1.164509098475e-02       1.134855422809e+04 
       1.165133828182e-02       1.134981400707e+04 
       1.165758591897e-02       1.135107087242e+04 
       1.166383389647e-02       1.135232482588e+04 
       1.167008221456e-02       1.135357586920e+04 
       1.167633087349e-02       1.135482400414e+04 
       1.168257987351e-02       1.135606923203e+04 
       1.168882921486e-02       1.135731154237e+04 
       1.169507889781e-02       1.135855096105e+04 
       1.170132892260e-02       1.135978747805e+04 
       1.170757928947e-02       1.136102109507e+04 
       1.171382999869e-02       1.136225181382e+04 
       1.172008105051e-02       1.136347963602e+04 
       1.172633244517e-02       1.136470456337e+04 
       1.173258418294e-02       1.136592659760e+04 
       1.173883626406e-02       1.136714574041e+04 
       1.174508868879e-02       1.136836199354e+04 
       1.175134145738e-02       1.136957535872e+04 
       1.175759457010e-02       1.137078583770e+04 
       1.176384802719e-02       1.137199343223e+04 
       1.177010182892e-02       1.137319814405e+04 
       1.177635597554e-02       1.137439995630e+04 
       1.178261046730e-02       1.137559890576e+04 
       1.178886530447e-02       1.137679497735e+04 
       1.179512048731e-02       1.137798817275e+04 
       1.180137601607e-02       1.137917849367e+04 
       1.180763189102e-02       1.138036594179e+04 
       1.181388811240e-02       1.138155052019e+04 
       1.182014468050e-02       1.138273222217e+04 
       1.182640159556e-02       1.138391106163e+04 
       1.183265885785e-02       1.138508703503e+04 
       1.183891646763e-02       1.138626014407e+04 
       1.184517442516e-02       1.138743039047e+04 
       1.185143273071e-02       1.138859777592e+04 
       1.185769138455e-02       1.138976230214e+04 
       1.186395038693e-02       1.139092397083e+04 
       1.187020973812e-02       1.139208278372e+04 
       1.187646943838e-02       1.139323874388e+04 
       1.188272948799e-02       1.139439183128e+04 
       1.188898988721e-02       1.139554208499e+04 
       1.189525063630e-02       1.139668948938e+04 
       1.190151173554e-02       1.139783404613e+04 
       1.190777318520e-02       1.139897575693e+04 
       1.191403498553e-02       1.140011462347e+04 
       1.192029713681e-02       1.140125064743e+04 
       1.192655963932e-02       1.140238383052e+04 
       1.193282249331e-02       1.140351417446e+04 
       1.193908569907e-02       1.140464168073e+04 
       1.194534925686e-02       1.140576634225e+04 
       1.195161316696e-02       1.140688817769e+04 
       1.195787742963e-02       1.140800718049e+04 
       1.196414204516e-02       1.140912335233e+04 
       1.197040701381e-02       1.141023669489e+04 
       1.197667233586e-02       1.141134720984e+04 
       1.198293801158e-02       1.141245489888e+04 
       1.198920404125e-02       1.141355976370e+04 
       1.199547042515e-02       1.141466180602e+04 
       1.200173716355e-02       1.141576101517e+04 
       1.200800425672e-02       1.141685741610e+04 
       1.201427170495e-02       1.141795099938e+04 
       1.202053950851e-02       1.141904176662e+04 
       1.202680766768e-02       1.142012971944e+04 
       1.203307618275e-02       1.142121485495e+04 
       1.203934505398e-02       1.142229718351e+04 
       1.204561428166e-02       1.142337670257e+04 
       1.205188386608e-02       1.142445341381e+04 
       1.205815380750e-02       1.142552731889e+04 
       1.206442410622e-02       1.142659841948e+04 
       1.207069476251e-02       1.142766671725e+04 
       1.207696577666e-02       1.142873221390e+04 
       1.208323714895e-02       1.142979491110e+04 
       1.208950887967e-02       1.143085481050e+04 
       1.209578096910e-02       1.143191189530e+04 
       1.210205341752e-02       1.143296620221e+04 
       1.210832622522e-02       1.143401771600e+04 
       1.211459939248e-02       1.143506643831e+04 
       1.212087291960e-02       1.143611237078e+04 
       1.212714680686e-02       1.143715551507e+04 
       1.213342105455e-02       1.143819587280e+04 
       1.213969566295e-02       1.143923344565e+04 
       1.214597063235e-02       1.144026823527e+04 
       1.215224596304e-02       1.144130024333e+04 
       1.215852165532e-02       1.144232947384e+04 
       1.216479770947e-02       1.144335591104e+04 
       1.217107412579e-02       1.144437958315e+04 
       1.217735090456e-02       1.144540048010e+04 
       1.218362804608e-02       1.144641860353e+04 
       1.218990555064e-02       1.144743395508e+04 
       1.219618341853e-02       1.144844653638e+04 
       1.220246165004e-02       1.144945634907e+04 
       1.220874024548e-02       1.145046339480e+04 
       1.221501920513e-02       1.145146767525e+04 
       1.222129852929e-02       1.145246917862e+04 
       1.222757821826e-02       1.145346793196e+04 
       1.223385827232e-02       1.145446392473e+04 
       1.224013869179e-02       1.145545715855e+04 
       1.224641947696e-02       1.145644763692e+04 
       1.225270062811e-02       1.145743535105e+04 
       1.225898214557e-02       1.145842031723e+04 
       1.226526402961e-02       1.145940253088e+04 
       1.227154628054e-02       1.146038199361e+04 
       1.227782889867e-02       1.146135870703e+04 
       1.228411188428e-02       1.146233267278e+04 
       1.229039523769e-02       1.146330389248e+04 
       1.229667895920e-02       1.146427236777e+04 
       1.230296304910e-02       1.146523810032e+04 
       1.230924750770e-02       1.146620109173e+04 
       1.231553233531e-02       1.146716132465e+04 
       1.232181753222e-02       1.146811883680e+04 
       1.232810309875e-02       1.146907361240e+04 
       1.233438903519e-02       1.147002565307e+04 
       1.234067534186e-02       1.147097496042e+04 
       1.234696201905e-02       1.147192153605e+04 
       1.235324906708e-02       1.147286538157e+04 
       1.235953648625e-02       1.147380649858e+04 
       1.236582427687e-02       1.147474488870e+04 
       1.237211243925e-02       1.147568055355e+04 
       1.237840097370e-02       1.147661349021e+04 
       1.238468988053e-02       1.147754370324e+04 
       1.239097916004e-02       1.147847120082e+04 
       1.239726881255e-02       1.147939597941e+04 
       1.240355883838e-02       1.148031804062e+04 
       1.240984923782e-02       1.148123738605e+04 
       1.241614001119e-02       1.148215401731e+04 
       1.242243115881e-02       1.148306793602e+04 
       1.242872268099e-02       1.148397914379e+04 
       1.243501457804e-02       1.148488764224e+04 
       1.244130685028e-02       1.148579341893e+04 
       1.244759949802e-02       1.148669650205e+04 
       1.245389252158e-02       1.148759688042e+04 
       1.246018592127e-02       1.148849455564e+04 
       1.246647969742e-02       1.148938952478e+04 
       1.247277385033e-02       1.149028179788e+04 
       1.247906838033e-02       1.149117137266e+04 
       1.248536328773e-02       1.149205825058e+04 
       1.249165857286e-02       1.149294243324e+04 
       1.249795423603e-02       1.149382392221e+04 
       1.250425027756e-02       1.149470271911e+04 
       1.251054669777e-02       1.149557882551e+04 
       1.251684349699e-02       1.149645224302e+04 
       1.252314067553e-02       1.149732297326e+04 
       1.252943823373e-02       1.149819101771e+04 
       1.253573617189e-02       1.149905635816e+04 
       1.254203449035e-02       1.149991903409e+04 
       1.254833318943e-02       1.150077902880e+04 
       1.255463226945e-02       1.150163634385e+04 
       1.256093173074e-02       1.150249098083e+04 
       1.256723157362e-02       1.150334294132e+04 
       1.257353179843e-02       1.150419222690e+04 
       1.257983240548e-02       1.150503883915e+04 
       1.258613339510e-02       1.150588277966e+04 
       1.259243476763e-02       1.150672404999e+04 
       1.259873652339e-02       1.150756265582e+04 
       1.260503866271e-02       1.150839857543e+04 
       1.261134118591e-02       1.150923184354e+04 
       1.261764409334e-02       1.151006244759e+04 
       1.262394738532e-02       1.151089038916e+04 
       1.263025106218e-02       1.151171566982e+04 
       1.263655512425e-02       1.151253829113e+04 
       1.264285957187e-02       1.151335825469e+04 
       1.264916440536e-02       1.151417556208e+04 
       1.265546962507e-02       1.151499021490e+04 
       1.266177523133e-02       1.151580219907e+04 
       1.266808122447e-02       1.151661154741e+04 
       1.267438760482e-02       1.151741824430e+04 
       1.268069437273e-02       1.151822229264e+04 
       1.268700152853e-02       1.151902369431e+04 
       1.269330907255e-02       1.151982244473e+04 
       1.269961700514e-02       1.152061855624e+04 
       1.270592532663e-02       1.152141202534e+04 
       1.271223403736e-02       1.152220285359e+04 
       1.271854313767e-02       1.152299104255e+04 
       1.272485262790e-02       1.152377659378e+04 
       1.273116250839e-02       1.152455950885e+04 
       1.273747277948e-02       1.152533978933e+04 
       1.274378344151e-02       1.152611743679e+04 
       1.275009449483e-02       1.152689245282e+04 
       1.275640593978e-02       1.152766484607e+04 
       1.276271777670e-02       1.152843457491e+04 
       1.276903000593e-02       1.152920170376e+04 
       1.277534262782e-02       1.152996620705e+04 
       1.278165564272e-02       1.153072808633e+04 
       1.278796905097e-02       1.153148734313e+04 
       1.279428285292e-02       1.153224397899e+04 
       1.280059704891e-02       1.153299799546e+04 
       1.280691163929e-02       1.153374939408e+04 
       1.281322662440e-02       1.153449817642e+04 
       1.281954200461e-02       1.153524434403e+04 
       1.282585778025e-02       1.153598790110e+04 
       1.283217395168e-02       1.153672882949e+04 
       1.283849051925e-02       1.153746716098e+04 
       1.284480748330e-02       1.153820288371e+04 
       1.285112484419e-02       1.153893599921e+04 
       1.285744260227e-02       1.153966650902e+04 
       1.286376075790e-02       1.154039441468e+04 
       1.287007931142e-02       1.154111971771e+04 
       1.287639826319e-02       1.154184241968e+04 
       1.288271761357e-02       1.154256252213e+04 
       1.288903736291e-02       1.154328002981e+04 
       1.289535751156e-02       1.154399491835e+04 
       1.290167805989e-02       1.154470722988e+04 
       1.290799900824e-02       1.154541694782e+04 
       1.291432035698e-02       1.154612407370e+04 
       1.292064210646e-02       1.154682860369e+04 
       1.292696425704e-02       1.154753054948e+04 
       1.293328680909e-02       1.154822990768e+04 
       1.293960976295e-02       1.154892667980e+04 
       1.294593311900e-02       1.154962086736e+04 
       1.295225687759e-02       1.155031247187e+04 
       1.295858103908e-02       1.155100149486e+04 
       1.296490560384e-02       1.155168793787e+04 
       1.297123057223e-02       1.155237180241e+04 
       1.297755594460e-02       1.155305309007e+04 
       1.298388172133e-02       1.155373180234e+04 
       1.299020790279e-02       1.155440791916e+04 
       1.299653448932e-02       1.155508148282e+04 
       1.300286148131e-02       1.155575247579e+04 
       1.300918887911e-02       1.155642089914e+04 
       1.301551668310e-02       1.155708675437e+04 
       1.302184489363e-02       1.155775004299e+04 
       1.302817351109e-02       1.155841076650e+04 
       1.303450253583e-02       1.155906892639e+04 
       1.304083196822e-02       1.155972452418e+04 
       1.304716180865e-02       1.156037756143e+04 
       1.305349205747e-02       1.156102803952e+04 
       1.305982271505e-02       1.156167594754e+04 
       1.306615378178e-02       1.156232131204e+04 
       1.307248525802e-02       1.156296412078e+04 
       1.307881714414e-02       1.156360437631e+04 
       1.308514944052e-02       1.156424208013e+04 
       1.309148214752e-02       1.156487723376e+04 
       1.309781526554e-02       1.156550983867e+04 
       1.310414879494e-02       1.156613989638e+04 
       1.311048273609e-02       1.156676740837e+04 
       1.311681708937e-02       1.156739237621e+04 
       1.312315185517e-02       1.156801478874e+04 
       1.312948703385e-02       1.156863467138e+04 
       1.313582262580e-02       1.156925201413e+04 
       1.314215863140e-02       1.156986681850e+04 
       1.314849505102e-02       1.157047908596e+04 
       1.315483188504e-02       1.157108881805e+04 
       1.316116913385e-02       1.157169601628e+04 
       1.316750679783e-02       1.157230068218e+04 
       1.317384487735e-02       1.157290281706e+04 
       1.318018337280e-02       1.157350239947e+04 
       1.318652228457e-02       1.157409947509e+04 
       1.319286161303e-02       1.157469402397e+04 
       1.319920135858e-02       1.157528604761e+04 
       1.320554152159e-02       1.157587554748e+04 
       1.321188210245e-02       1.157646252507e+04 
       1.321822310156e-02       1.157704698185e+04 
       1.322456451928e-02       1.157762891930e+04 
       1.323090635602e-02       1.157820833892e+04 
       1.323724861216e-02       1.157878524219e+04 
       1.324359128809e-02       1.157935963523e+04 
       1.324993438420e-02       1.157993149282e+04 
       1.325627790087e-02       1.158050085471e+04 
       1.326262183851e-02       1.158106770601e+04 
       1.326896619749e-02       1.158163204817e+04 
       1.327531097821e-02       1.158219388266e+04 
       1.328165618107e-02       1.158275321097e+04 
       1.328800180645e-02       1.158331003458e+04 
       1.329434785476e-02       1.158386435496e+04 
       1.330069432637e-02       1.158441617362e+04 
       1.330704122170e-02       1.158496547455e+04 
       1.331338854113e-02       1.158551229338e+04 
       1.331973628506e-02       1.158605661386e+04 
       1.332608445389e-02       1.158659843824e+04 
       1.333243304801e-02       1.158713776840e+04 
       1.333878206783e-02       1.158767459863e+04 
       1.334513151373e-02       1.158820894296e+04 
       1.335148138613e-02       1.158874079698e+04 
       1.335783168541e-02       1.158927016210e+04 
       1.336418241199e-02       1.158979703983e+04 
       1.337053356625e-02       1.159032143161e+04 
       1.337688514861e-02       1.159084333890e+04 
       1.338323715947e-02       1.159136276318e+04 
       1.338958959922e-02       1.159187970593e+04 
       1.339594246827e-02       1.159239416863e+04 
       1.340229576703e-02       1.159290615452e+04 
       1.340864949590e-02       1.159341563409e+04 
       1.341500365529e-02       1.159392266293e+04 
       1.342135824560e-02       1.159442721713e+04 
       1.342771326723e-02       1.159492929825e+04 
       1.343406872061e-02       1.159542890770e+04 
       1.344042460612e-02       1.159592604693e+04 
       1.344678092419e-02       1.159642071737e+04 
       1.345313767522e-02       1.159691292049e+04 
       1.345949485963e-02       1.159740265773e+04 
       1.346585247781e-02       1.159788993056e+04 
       1.347221053019e-02       1.159837472764e+04 
       1.347856901718e-02       1.159885707470e+04 
       1.348492793918e-02       1.159933696149e+04 
       1.349128729662e-02       1.159981438942e+04 
       1.349764708989e-02       1.160028935994e+04 
       1.350400731943e-02       1.160076187449e+04 
       1.351036798564e-02       1.160123193453e+04 
       1.351672908894e-02       1.160169954152e+04 
       1.352309062975e-02       1.160216469691e+04 
       1.352945260848e-02       1.160262740163e+04 
       1.353581502555e-02       1.160308764061e+04 
       1.354217788138e-02       1.160354544815e+04 
       1.354854117639e-02       1.160400080961e+04 
       1.355490491099e-02       1.160445372640e+04 
       1.356126908561e-02       1.160490419307e+04 
       1.356763370067e-02       1.160535222517e+04 
       1.357399875659e-02       1.160579781585e+04 
       1.358036425379e-02       1.160624096748e+04 
       1.358673019269e-02       1.160668168148e+04 
       1.359309657372e-02       1.160711995928e+04 
       1.359946339731e-02       1.160755580233e+04 
       1.360583066387e-02       1.160798921205e+04 
       1.361219837383e-02       1.160842018990e+04 
       1.361856652762e-02       1.160884873734e+04 
       1.362493512567e-02       1.160927485578e+04 
       1.363130416839e-02       1.160969852131e+04 
       1.363767365623e-02       1.161011978365e+04 
       1.364404358960e-02       1.161053862098e+04 
       1.365041396895e-02       1.161095503467e+04 
       1.365678479469e-02       1.161136902602e+04 
       1.366315606726e-02       1.161178059656e+04 
       1.366952778709e-02       1.161218974766e+04 
       1.367589995461e-02       1.161259648074e+04 
       1.368227257025e-02       1.161300079723e+04 
       1.368864563445e-02       1.161340269856e+04 
       1.369501914764e-02       1.161380218994e+04 
       1.370139311026e-02       1.161419924752e+04 
       1.370776752274e-02       1.161459391052e+04 
       1.371414238552e-02       1.161498616381e+04 
       1.372051769903e-02       1.161537600880e+04 
       1.372689346371e-02       1.161576344690e+04 
       1.373326968000e-02       1.161614847950e+04 
       1.373964634834e-02       1.161653110803e+04 
       1.374602346916e-02       1.161691133389e+04 
       1.375240104291e-02       1.161728915852e+04 
       1.375877907002e-02       1.161766457760e+04 
       1.376515755095e-02       1.161803759006e+04 
       1.377153648612e-02       1.161840821756e+04 
       1.377791587599e-02       1.161877644920e+04 
       1.378429572099e-02       1.161914228616e+04 
       1.379067602158e-02       1.161950572399e+04 
       1.379705677818e-02       1.161986677581e+04 
       1.380343799126e-02       1.162022543726e+04 
       1.380981966125e-02       1.162058170974e+04 
       1.381620178860e-02       1.162093559464e+04 
       1.382258437377e-02       1.162128709335e+04 
       1.382896741719e-02       1.162163620724e+04 
       1.383535091931e-02       1.162198293776e+04 
       1.384173488060e-02       1.162232728630e+04 
       1.384811930148e-02       1.162266925430e+04 
       1.385450418243e-02       1.162300885384e+04 
       1.386088952388e-02       1.162334602661e+04 
       1.386727532629e-02       1.162368085873e+04 
       1.387366159011e-02       1.162401331551e+04 
       1.388004831580e-02       1.162434339832e+04 
       1.388643550380e-02       1.162467110856e+04 
       1.389282315458e-02       1.162499644759e+04 
       1.389921126860e-02       1.162531941680e+04 
       1.390559984629e-02       1.162564001759e+04 
       1.391198888813e-02       1.162595825133e+04 
       1.391837839457e-02       1.162627411943e+04 
       1.392476836607e-02       1.162658760713e+04 
       1.393115880309e-02       1.162689874913e+04 
       1.393754970608e-02       1.162720752706e+04 
       1.394394107552e-02       1.162751394464e+04 
       1.395033291184e-02       1.162781800324e+04 
       1.395672521553e-02       1.162811970426e+04 
       1.396311798705e-02       1.162841904905e+04 
       1.396951122684e-02       1.162871603903e+04 
       1.397590493539e-02       1.162901067559e+04 
       1.398229911315e-02       1.162930296014e+04 
       1.398869376059e-02       1.162959287458e+04 
       1.399508887817e-02       1.162988045748e+04 
       1.400148446636e-02       1.163016569215e+04 
       1.400788052563e-02       1.163044858002e+04 
       1.401427705645e-02       1.163072912521e+04 
       1.402067405929e-02       1.163100731377e+04 
       1.402707153460e-02       1.163128316870e+04 
       1.403346948287e-02       1.163155668216e+04 
       1.403986790457e-02       1.163182785553e+04 
       1.404626680016e-02       1.163209669016e+04 
       1.405266617012e-02       1.163236318743e+04 
       1.405906601493e-02       1.163262734870e+04 
       1.406546633504e-02       1.163288917537e+04 
       1.407186713095e-02       1.163314866883e+04 
       1.407826840312e-02       1.163340583050e+04 
       1.408467015203e-02       1.163366063407e+04 
       1.409107237816e-02       1.163391313428e+04 
       1.409747508198e-02       1.163416330587e+04 
       1.410387826397e-02       1.163441115068e+04 
       1.411028192461e-02       1.163465667006e+04 
       1.411668606438e-02       1.163489986536e+04 
       1.412309068376e-02       1.163514073793e+04 
       1.412949578323e-02       1.163537928912e+04 
       1.413590136326e-02       1.163561552028e+04 
       1.414230742436e-02       1.163584943278e+04 
       1.414871396698e-02       1.163608102799e+04 
       1.415512099163e-02       1.163631029285e+04 
       1.416152849878e-02       1.163653725601e+04 
       1.416793648892e-02       1.163676190592e+04 
       1.417434496253e-02       1.163698424374e+04 
       1.418075392010e-02       1.163720427079e+04 
       1.418716336213e-02       1.163742198844e+04 
       1.419357328908e-02       1.163763739802e+04 
       1.419998370146e-02       1.163785050089e+04 
       1.420639459976e-02       1.163806129842e+04 
       1.421280598446e-02       1.163826979194e+04 
       1.421921785605e-02       1.163847596247e+04 
       1.422563021503e-02       1.163867985020e+04 
       1.423204306188e-02       1.163888143774e+04 
       1.423845639711e-02       1.163908072946e+04 
       1.424487022120e-02       1.163927772068e+04 
       1.425128453465e-02       1.163947241572e+04 
       1.425769933795e-02       1.163966481596e+04 
       1.426411463161e-02       1.163985492275e+04 
       1.427053041611e-02       1.164004273748e+04 
       1.427694669195e-02       1.164022823284e+04 
       1.428336345964e-02       1.164041146533e+04 
       1.428978071966e-02       1.164059240897e+04 
       1.429619847253e-02       1.164077106547e+04 
       1.430261671874e-02       1.164094743616e+04 
       1.430903545879e-02       1.164112152235e+04 
       1.431545469318e-02       1.164129332538e+04 
       1.432187442242e-02       1.164146284657e+04 
       1.432829464701e-02       1.164163008725e+04 
       1.433471536745e-02       1.164179504877e+04 
       1.434113658425e-02       1.164195773247e+04 
       1.434755829791e-02       1.164211812428e+04 
       1.435398050894e-02       1.164227625502e+04 
       1.436040321784e-02       1.164243211160e+04 
       1.436682642514e-02       1.164258569544e+04 
       1.437325013132e-02       1.164273700787e+04 
       1.437967433691e-02       1.164288605019e+04 
       1.438609904240e-02       1.164303282373e+04 
       1.439252424832e-02       1.164317732984e+04 
       1.439894995518e-02       1.164331956988e+04 
       1.440537616348e-02       1.164345954453e+04 
       1.441180287374e-02       1.164359723550e+04 
       1.441823008647e-02       1.164373268329e+04 
       1.442465780219e-02       1.164386586998e+04 
       1.443108602141e-02       1.164399679690e+04 
       1.443751474465e-02       1.164412545964e+04 
       1.444394397243e-02       1.164425186892e+04 
       1.445037370526e-02       1.164437602368e+04 
       1.445680394366e-02       1.164449792380e+04 
       1.446323468815e-02       1.164461757060e+04 
       1.446966593925e-02       1.164473496540e+04 
       1.447609769748e-02       1.164485010949e+04 
       1.448252996336e-02       1.164496300421e+04 
       1.448896273742e-02       1.164507365087e+04 
       1.449539602017e-02       1.164518205084e+04 
       1.450182981214e-02       1.164528820546e+04 
       1.450826411386e-02       1.164539208482e+04 
       1.451469892585e-02       1.164549375121e+04 
       1.452113424863e-02       1.164559317452e+04 
       1.452757008274e-02       1.164569035726e+04 
       1.453400642870e-02       1.164578530074e+04 
       1.454044328703e-02       1.164587800625e+04 
       1.454688065827e-02       1.164596847510e+04 
       1.455331854295e-02       1.164605670857e+04 
       1.455975694160e-02       1.164614270798e+04 
       1.456619585475e-02       1.164622647464e+04 
       1.457263528292e-02       1.164630800985e+04 
       1.457907522666e-02       1.164638729877e+04 
       1.458551568650e-02       1.164646437363e+04 
       1.459195666297e-02       1.164653922063e+04 
       1.459839815661e-02       1.164661184113e+04 
       1.460484016796e-02       1.164668223644e+04 
       1.461128269754e-02       1.164675040784e+04 
       1.461772574590e-02       1.164681635663e+04 
       1.462416931358e-02       1.164688008412e+04 
       1.463061340111e-02       1.164694159162e+04 
       1.463705800904e-02       1.164700088029e+04 
       1.464350313790e-02       1.164705792960e+04 
       1.464994878824e-02       1.164711278293e+04 
       1.465639496060e-02       1.164716542123e+04 
       1.466284165553e-02       1.164721584571e+04 
       1.466928887356e-02       1.164726405982e+04 
       1.467573661524e-02       1.164731005034e+04 
       1.468218488112e-02       1.164735384035e+04 
       1.468863367175e-02       1.164739542157e+04 
       1.469508298767e-02       1.164743479527e+04 
       1.470153282942e-02       1.164747196273e+04 
       1.470798319756e-02       1.164750692523e+04 
       1.471443409264e-02       1.164753968408e+04 
       1.472088551521e-02       1.164757024056e+04 
       1.472733746581e-02       1.164759859600e+04 
       1.473378994501e-02       1.164762475172e+04 
       1.474024295334e-02       1.164764870957e+04 
       1.474669649138e-02       1.164767043558e+04 
       1.475315055966e-02       1.164768999675e+04 
       1.475960515875e-02       1.164770736287e+04 
       1.476606028921e-02       1.164772253521e+04 
       1.477251595158e-02       1.164773551503e+04 
       1.477897214642e-02       1.164774630360e+04 
       1.478542887431e-02       1.164775490219e+04 
       1.479188613578e-02       1.164776131207e+04 
       1.479834393141e-02       1.164776553452e+04 
       1.480480226176e-02       1.164776757083e+04 
       1.481126112738e-02       1.164776741481e+04 
       1.481772052884e-02       1.164776507227e+04 
       1.482418046670e-02       1.164776055612e+04 
       1.483064094153e-02       1.164775385867e+04 
       1.483710195389e-02       1.164774498117e+04 
       1.484356350434e-02       1.164773392488e+04 
       1.485002559346e-02       1.164772069110e+04 
       1.485648822181e-02       1.164770528017e+04 
       1.486295138996e-02       1.164768769378e+04 
       1.486941509848e-02       1.164766793370e+04 
       1.487587934793e-02       1.164764599843e+04 
       1.488234413889e-02       1.164762187311e+04 
       1.488880947194e-02       1.164759559743e+04 
       1.489527534763e-02       1.164756715282e+04 
       1.490174176655e-02       1.164753654037e+04 
       1.490820872927e-02       1.164750375364e+04 
       1.491467623637e-02       1.164746880901e+04 
       1.492114428842e-02       1.164743170035e+04 
       1.492761288599e-02       1.164739242891e+04 
       1.493408202967e-02       1.164735099593e+04 
       1.494055172003e-02       1.164730740266e+04 
       1.494702195765e-02       1.164726165036e+04 
       1.495349274311e-02       1.164721374030e+04 
       1.495996407699e-02       1.164716367375e+04 
       1.496643595988e-02       1.164711145201e+04 
       1.497290839236e-02       1.164705707638e+04 
       1.497938137500e-02       1.164700051474e+04 
       1.498585490840e-02       1.164694183237e+04 
       1.499232899313e-02       1.164688099904e+04 
       1.499880362979e-02       1.164681801644e+04 
       1.500527881896e-02       1.164675288569e+04 
       1.501175456123e-02       1.164668560803e+04 
       1.501823085719e-02       1.164661618470e+04 
       1.502470770742e-02       1.164654461692e+04 
       1.503118511252e-02       1.164647090596e+04 
       1.503766307307e-02       1.164639505305e+04 
       1.504414158967e-02       1.164631705945e+04 
       1.505062066292e-02       1.164623690942e+04 
       1.505710029340e-02       1.164615463637e+04 
       1.506358048171e-02       1.164607022644e+04 
       1.507006122844e-02       1.164598368053e+04 
       1.507654253420e-02       1.164589499974e+04 
       1.508302439957e-02       1.164580418555e+04 
       1.508950682516e-02       1.164571123908e+04 
       1.509598981156e-02       1.164561616158e+04 
       1.510247335938e-02       1.164551895430e+04 
       1.510895746921e-02       1.164541961850e+04 
       1.511544214165e-02       1.164531812751e+04 
       1.512192737732e-02       1.164521454067e+04 
       1.512841317680e-02       1.164510882439e+04 
       1.513489954071e-02       1.164500098421e+04 
       1.514138646965e-02       1.164489102104e+04 
       1.514787396422e-02       1.164477892861e+04 
       1.515436202504e-02       1.164466472332e+04 
       1.516085065270e-02       1.164454839876e+04 
       1.516733984782e-02       1.164442995638e+04 
       1.517382961101e-02       1.164430939731e+04 
       1.518031994287e-02       1.164418672274e+04 
       1.518681084403e-02       1.164406193394e+04 
       1.519330231508e-02       1.164393503211e+04 
       1.519979435664e-02       1.164380601851e+04 
       1.520628696934e-02       1.164367489437e+04 
       1.521278015377e-02       1.164354166099e+04 
       1.521927391055e-02       1.164340628571e+04 
       1.522576824031e-02       1.164326883429e+04 
       1.523226314366e-02       1.164312927704e+04 
       1.523875862122e-02       1.164298761494e+04 
       1.524525467360e-02       1.164284384906e+04 
       1.525175130143e-02       1.164269798083e+04 
       1.525824850532e-02       1.164255001135e+04 
       1.526474628591e-02       1.164239994184e+04 
       1.527124464380e-02       1.164224777350e+04 
       1.527774357963e-02       1.164209350757e+04 
       1.528424309402e-02       1.164193714526e+04 
       1.529074318759e-02       1.164177866725e+04 
       1.529724386098e-02       1.164161811722e+04 
       1.530374511480e-02       1.164145547129e+04 
       1.531024694969e-02       1.164129073358e+04 
       1.531674936627e-02       1.164112390526e+04 
       1.532325236518e-02       1.164095498753e+04 
       1.532975594704e-02       1.164078398160e+04 
       1.533626011249e-02       1.164061088855e+04 
       1.534276486215e-02       1.164043570985e+04 
       1.534927019668e-02       1.164025844661e+04 
       1.535577611668e-02       1.164007911030e+04 
       1.536228262281e-02       1.163989764561e+04 
       1.536878971570e-02       1.163971413376e+04 
       1.537529739599e-02       1.163952854188e+04 
       1.538180566431e-02       1.163934087116e+04 
       1.538831452130e-02       1.163915111380e+04 
       1.539482396761e-02       1.163895928888e+04 
       1.540133400387e-02       1.163876538795e+04 
       1.540784463072e-02       1.163856941282e+04 
       1.541435584882e-02       1.163837136466e+04 
       1.542086765879e-02       1.163817124455e+04 
       1.542738006130e-02       1.163796905389e+04 
       1.543389305697e-02       1.163776479379e+04 
       1.544040664646e-02       1.163755846544e+04 
       1.544692083042e-02       1.163735007010e+04 
       1.545343560950e-02       1.163713960898e+04 
       1.545995098433e-02       1.163692708388e+04 
       1.546646695558e-02       1.163671245755e+04 
       1.547298352390e-02       1.163649580305e+04 
       1.547950068993e-02       1.163627708706e+04 
       1.548601845433e-02       1.163605631079e+04 
       1.549253681776e-02       1.163583347539e+04 
       1.549905578087e-02       1.163560858203e+04 
       1.550557534431e-02       1.163538163177e+04 
       1.551209550874e-02       1.163515262600e+04 
       1.551861627482e-02       1.163492156581e+04 
       1.552513764321e-02       1.163468845238e+04 
       1.553165961457e-02       1.163445329234e+04 
       1.553818218955e-02       1.163421605163e+04 
       1.554470536883e-02       1.163397678395e+04 
       1.555122915305e-02       1.163373546752e+04 
       1.555775354290e-02       1.163349210349e+04 
       1.556427853902e-02       1.163324669305e+04 
       1.557080414209e-02       1.163299923737e+04 
       1.557733035277e-02       1.163274973763e+04 
       1.558385717174e-02       1.163249819501e+04 
       1.559038459965e-02       1.163224461072e+04 
       1.559691263717e-02       1.163198898501e+04 
       1.560344128499e-02       1.163173129615e+04 
       1.560997054376e-02       1.163147159171e+04 
       1.561650041417e-02       1.163120984997e+04 
       1.562303089688e-02       1.163094607208e+04 
       1.562956199256e-02       1.163068026264e+04 
       1.563609370190e-02       1.163041240357e+04 
       1.564262602558e-02       1.163014252344e+04 
       1.564915896425e-02       1.162987061169e+04 
       1.565569251861e-02       1.162959666949e+04 
       1.566222668934e-02       1.162932069798e+04 
       1.566876147711e-02       1.162904269835e+04 
       1.567529688260e-02       1.162876267174e+04 
       1.568183290650e-02       1.162848061921e+04 
       1.568836954950e-02       1.162819654218e+04 
       1.569490681226e-02       1.162791044174e+04 
       1.570144469548e-02       1.162762232124e+04 
       1.570798319985e-02       1.162733213908e+04 
       1.571452232605e-02       1.162703997234e+04 
       1.572106207477e-02       1.162674578640e+04 
       1.572760244670e-02       1.162644958238e+04 
       1.573414344253e-02       1.162615136142e+04 
       1.574068506295e-02       1.162585112467e+04 
       1.574722730865e-02       1.162554887329e+04 
       1.575377018032e-02       1.162524460841e+04 
       1.576031367866e-02       1.162493833119e+04 
       1.576685780437e-02       1.162463004268e+04 
       1.577340255813e-02       1.162431974418e+04 
       1.577994794065e-02       1.162400741811e+04 
       1.578649395263e-02       1.162369310162e+04 
       1.579304059476e-02       1.162337677823e+04 
       1.579958786774e-02       1.162305844916e+04 
       1.580613577228e-02       1.162273811555e+04 
       1.581268430907e-02       1.162241577855e+04 
       1.581923347882e-02       1.162209143929e+04 
       1.582578328224e-02       1.162176509893e+04 
       1.583233372003e-02       1.162143675864e+04 
       1.583888479289e-02       1.162110641958e+04 
       1.584543650153e-02       1.162077405323e+04 
       1.585198884667e-02       1.162043972238e+04 
       1.585854182900e-02       1.162010339135e+04 
       1.586509544924e-02       1.161976506592e+04 
       1.587164970811e-02       1.161942474690e+04 
       1.587820460631e-02       1.161908242714e+04 
       1.588476014455e-02       1.161873812417e+04 
       1.589131632356e-02       1.161839183111e+04 
       1.589787314404e-02       1.161804354908e+04 
       1.590443060672e-02       1.161769327919e+04 
       1.591098871231e-02       1.161734102257e+04 
       1.591754746152e-02       1.161698678037e+04 
       1.592410685509e-02       1.161663055372e+04 
       1.593066689372e-02       1.161627234378e+04 
       1.593722757814e-02       1.161591215170e+04 
       1.594378890908e-02       1.161554997851e+04 
       1.595035088726e-02       1.161518578864e+04 
       1.595691351340e-02       1.161481965504e+04 
       1.596347678823e-02       1.161445154243e+04 
       1.597004071247e-02       1.161408145291e+04 
       1.597660528685e-02       1.161370938760e+04 
       1.598317051211e-02       1.161333534759e+04 
       1.598973638897e-02       1.161295933401e+04 
       1.599630291816e-02       1.161258134799e+04 
       1.600287010042e-02       1.161220139063e+04 
       1.600943793648e-02       1.161181946311e+04 
       1.601600642707e-02       1.161143556651e+04 
       1.602257557293e-02       1.161104969484e+04 
       1.602914537480e-02       1.161066185047e+04 
       1.603571583341e-02       1.161027205151e+04 
       1.604228694950e-02       1.160988028782e+04 
       1.604885872381e-02       1.160948656038e+04 
       1.605543115708e-02       1.160909087032e+04 
       1.606200425006e-02       1.160869321876e+04 
       1.606857800348e-02       1.160829360682e+04 
       1.607515241810e-02       1.160789203563e+04 
       1.608172749465e-02       1.160748850632e+04 
       1.608830323388e-02       1.160708302753e+04 
       1.609487963655e-02       1.160667555081e+04 
       1.610145670339e-02       1.160626615165e+04 
       1.610803443515e-02       1.160585479852e+04 
       1.611461283260e-02       1.160544149253e+04 
       1.612119189648e-02       1.160502622597e+04 
       1.612777162753e-02       1.160460901664e+04 
       1.613435202653e-02       1.160418985782e+04 
       1.614093309421e-02       1.160376875041e+04 
       1.614751483134e-02       1.160334569552e+04 
       1.615409723868e-02       1.160292069425e+04 
       1.616068031698e-02       1.160249374771e+04 
       1.616726406700e-02       1.160206485701e+04 
       1.617384848950e-02       1.160163402326e+04 
       1.618043358525e-02       1.160120124759e+04 
       1.618701935500e-02       1.160076653117e+04 
       1.619360579952e-02       1.160032988764e+04 
       1.620019291958e-02       1.159989124204e+04 
       1.620678071594e-02       1.159945070661e+04 
       1.621336918936e-02       1.159900823449e+04 
       1.621995834063e-02       1.159856382663e+04 
       1.622654817050e-02       1.159811748412e+04 
       1.623313867974e-02       1.159766920805e+04 
       1.623972986914e-02       1.159721899951e+04 
       1.624632173945e-02       1.159676685959e+04 
       1.625291429146e-02       1.159631278938e+04 
       1.625950752594e-02       1.159585679002e+04 
       1.626610144366e-02       1.159539886182e+04 
       1.627269604541e-02       1.159493898829e+04 
       1.627929133196e-02       1.159447720631e+04 
       1.628588730408e-02       1.159401349927e+04 
       1.629248396257e-02       1.159354786826e+04 
       1.629908130821e-02       1.159308031421e+04 
       1.630567934177e-02       1.159261083848e+04 
       1.631227806404e-02       1.159213944203e+04 
       1.631887747580e-02       1.159166612596e+04 
       1.632547757785e-02       1.159119089138e+04 
       1.633207837097e-02       1.159071373939e+04 
       1.633867985594e-02       1.159023464117e+04 
       1.634528203356e-02       1.158975365888e+04 
       1.635188490463e-02       1.158927075874e+04 
       1.635848846992e-02       1.158878594522e+04 
       1.636509273024e-02       1.158829921908e+04 
       1.637169768637e-02       1.158781057298e+04 
       1.637830333912e-02       1.158732002494e+04 
       1.638490968928e-02       1.158682756756e+04 
       1.639151673766e-02       1.158633320215e+04 
       1.639812448504e-02       1.158583692966e+04 
       1.640473293222e-02       1.158533875114e+04 
       1.641134208002e-02       1.158483866774e+04 
       1.641795192923e-02       1.158433668048e+04 
       1.642456248066e-02       1.158383279047e+04 
       1.643117373511e-02       1.158332699883e+04 
       1.643778569339e-02       1.158281930665e+04 
       1.644439835630e-02       1.158230967120e+04 
       1.645101172465e-02       1.158179818456e+04 
       1.645762579926e-02       1.158128479382e+04 
       1.646424058093e-02       1.158076950637e+04 
       1.647085607048e-02       1.158025232312e+04 
       1.647747226872e-02       1.157973324537e+04 
       1.648408917646e-02       1.157921227409e+04 
       1.649070679453e-02       1.157868941032e+04 
       1.649732512372e-02       1.157816465514e+04 
       1.650394416488e-02       1.157763800961e+04 
       1.651056391880e-02       1.157710947480e+04 
       1.651718438633e-02       1.157657905841e+04 
       1.652380556826e-02       1.157604672096e+04 
       1.653042746544e-02       1.157551252300e+04 
       1.653705007868e-02       1.157497643979e+04 
       1.654367340881e-02       1.157443847232e+04 
       1.655029745665e-02       1.157389862170e+04 
       1.655692222303e-02       1.157335688885e+04 
       1.656354770879e-02       1.157281327505e+04 
       1.657017391475e-02       1.157226778126e+04 
       1.657680084174e-02       1.157172040857e+04 
       1.658342849059e-02       1.157117115786e+04 
       1.659005686215e-02       1.157062000301e+04 
       1.659668595724e-02       1.157006699799e+04 
       1.660331577670e-02       1.156951211781e+04 
       1.660994632136e-02       1.156895536369e+04 
       1.661657759208e-02       1.156839673867e+04 
       1.662320958968e-02       1.156783622812e+04 
       1.662984231501e-02       1.156727385766e+04 
       1.663647576891e-02       1.156670961733e+04 
       1.664310995222e-02       1.156614350814e+04 
       1.664974486579e-02       1.156557553101e+04 
       1.665638051047e-02       1.156500568724e+04 
       1.666301688710e-02       1.156443397778e+04 
       1.666965399653e-02       1.156386040366e+04 
       1.667629183961e-02       1.156328496596e+04 
       1.668293041720e-02       1.156270766576e+04 
       1.668956973014e-02       1.156212850413e+04 
       1.669620977928e-02       1.156154744169e+04 
       1.670285056549e-02       1.156096455908e+04 
       1.670949208962e-02       1.156037981594e+04 
       1.671613435253e-02       1.155979321507e+04 
       1.672277735507e-02       1.155920475750e+04 
       1.672942109811e-02       1.155861444424e+04 
       1.673606558250e-02       1.155802227617e+04 
       1.674271080911e-02       1.155742825459e+04 
       1.674935677881e-02       1.155683238043e+04 
       1.675600349245e-02       1.155623465470e+04 
       1.676265095091e-02       1.155563507849e+04 
       1.676929915504e-02       1.155503365988e+04 
       1.677594810573e-02       1.155443035747e+04 
       1.678259780384e-02       1.155382523421e+04 
       1.678924825025e-02       1.155321826432e+04 
       1.679589944582e-02       1.155260944883e+04 
       1.680255139142e-02       1.155199878878e+04 
       1.680920408794e-02       1.155138628518e+04 
       1.681585753626e-02       1.155077193906e+04 
       1.682251173724e-02       1.155015575133e+04 
       1.682916669177e-02       1.154953772327e+04 
       1.683582240072e-02       1.154891785581e+04 
       1.684247886499e-02       1.154829612227e+04 
       1.684913608546e-02       1.154767257648e+04 
       1.685579406300e-02       1.154704719444e+04 
       1.686245279850e-02       1.154641997678e+04 
       1.686911229285e-02       1.154579092462e+04 
       1.687577254695e-02       1.154516003129e+04 
       1.688243356167e-02       1.154452731230e+04 
       1.688909533791e-02       1.154389276157e+04 
       1.689575787657e-02       1.154325638026e+04 
       1.690242117853e-02       1.154261816934e+04 
       1.690908524469e-02       1.154197812984e+04 
       1.691575007594e-02       1.154133626262e+04 
       1.692241567320e-02       1.154069256903e+04 
       1.692908203734e-02       1.154004703977e+04 
       1.693574916928e-02       1.153939967529e+04 
       1.694241706992e-02       1.153875050568e+04 
       1.694908574015e-02       1.153809951326e+04 
       1.695575518088e-02       1.153744669902e+04 
       1.696242539303e-02       1.153679206398e+04 
       1.696909637749e-02       1.153613560913e+04 
       1.697576813517e-02       1.153547733551e+04 
       1.698244066698e-02       1.153481724419e+04 
       1.698911397384e-02       1.153415532028e+04 
       1.699578805666e-02       1.153349159516e+04 
       1.700246291634e-02       1.153282605490e+04 
       1.700913855381e-02       1.153215870086e+04 
       1.701581496999e-02       1.153148953389e+04 
       1.702249216578e-02       1.153081855503e+04 
       1.702917014211e-02       1.153014576529e+04 
       1.703584889990e-02       1.152947117373e+04 
       1.704252844007e-02       1.152879473522e+04 
       1.704920876355e-02       1.152811651708e+04 
       1.705588987125e-02       1.152743649154e+04 
       1.706257176411e-02       1.152675464549e+04 
       1.706925444305e-02       1.152607100776e+04 
       1.707593790900e-02       1.152538556572e+04 
       1.708262216290e-02       1.152469832043e+04 
       1.708930720567e-02       1.152400927241e+04 
       1.709599303824e-02       1.152331842324e+04 
       1.710267966155e-02       1.152262577366e+04 
       1.710936707654e-02       1.152193132466e+04 
       1.711605528414e-02       1.152123507724e+04 
       1.712274428530e-02       1.152053703237e+04 
       1.712943408094e-02       1.151983719107e+04 
       1.713612467202e-02       1.151913555433e+04 
       1.714281605947e-02       1.151843212314e+04 
       1.714950824425e-02       1.151772689854e+04 
       1.715620122728e-02       1.151701988154e+04 
       1.716289500953e-02       1.151631107318e+04 
       1.716958959194e-02       1.151560047453e+04 
       1.717628497546e-02       1.151488802040e+04 
       1.718298116105e-02       1.151417384442e+04 
       1.718967814964e-02       1.151345787529e+04 
       1.719637594221e-02       1.151274011906e+04 
       1.720307453969e-02       1.151202057673e+04 
       1.720977394306e-02       1.151129924925e+04 
       1.721647415327e-02       1.151057613757e+04 
       1.722317517127e-02       1.150985124267e+04 
       1.722987699804e-02       1.150912456551e+04 
       1.723657963453e-02       1.150839610706e+04 
       1.724328308170e-02       1.150766586829e+04 
       1.724998734053e-02       1.150693385023e+04 
       1.725669241197e-02       1.150620005365e+04 
       1.726339829700e-02       1.150546447958e+04 
       1.727010499659e-02       1.150472712918e+04 
       1.727681251171e-02       1.150398800335e+04 
       1.728352084333e-02       1.150324710306e+04 
       1.729022999242e-02       1.150250444286e+04 
       1.729693995997e-02       1.150175994917e+04 
       1.730365074694e-02       1.150101372861e+04 
       1.731036235432e-02       1.150026573710e+04 
       1.731707478309e-02       1.149951597558e+04 
       1.732378803423e-02       1.149876444500e+04 
       1.733050210871e-02       1.149801114634e+04 
       1.733721700754e-02       1.149725608054e+04 
       1.734393273169e-02       1.149649924856e+04 
       1.735064928214e-02       1.149574065122e+04 
       1.735736665990e-02       1.149498028974e+04 
       1.736408486594e-02       1.149421816495e+04 
       1.737080390126e-02       1.149345427783e+04 
       1.737752376686e-02       1.149268862938e+04 
       1.738424446373e-02       1.149192122057e+04 
       1.739096599287e-02       1.149115205243e+04 
       1.739768835526e-02       1.149038114459e+04 
       1.740441155192e-02       1.148960839537e+04 
       1.741113558385e-02       1.148883395123e+04 
       1.741786045204e-02       1.148805775108e+04 
       1.742458615750e-02       1.148727979587e+04 
       1.743131270124e-02       1.148650008655e+04 
       1.743804008426e-02       1.148571862406e+04 
       1.744476830757e-02       1.148493540930e+04 
       1.745149737218e-02       1.148415043273e+04 
       1.745822727911e-02       1.148336371556e+04 
       1.746495802936e-02       1.148257524889e+04 
       1.747168962395e-02       1.148178503364e+04 
       1.747842206390e-02       1.148099307075e+04 
       1.748515535022e-02       1.148019936119e+04 
       1.749188948393e-02       1.147940390590e+04 
       1.749862446606e-02       1.147860670582e+04 
       1.750536029763e-02       1.147780776193e+04 
       1.751209697966e-02       1.147700707518e+04 
       1.751883451317e-02       1.147620464658e+04 
       1.752557289919e-02       1.147540049446e+04 
       1.753231213876e-02       1.147459452384e+04 
       1.753905223289e-02       1.147378687191e+04 
       1.754579318263e-02       1.147297748125e+04 
       1.755253498900e-02       1.147216635304e+04 
       1.755927765305e-02       1.147135348812e+04 
       1.756602117580e-02       1.147053888743e+04 
       1.757276555829e-02       1.146972255188e+04 
       1.757951080157e-02       1.146890448243e+04 
       1.758625690667e-02       1.146808467998e+04 
       1.759300387464e-02       1.146726314550e+04 
       1.759975170653e-02       1.146643987994e+04 
       1.760650040336e-02       1.146561485852e+04 
       1.761324996621e-02       1.146478813586e+04 
       1.762000039611e-02       1.146395968056e+04 
       1.762675169411e-02       1.146312949775e+04 
       1.763350386126e-02       1.146229758824e+04 
       1.764025689863e-02       1.146146395295e+04 
       1.764701080726e-02       1.146062859279e+04 
       1.765376558822e-02       1.145979150871e+04 
       1.766052124255e-02       1.145895270163e+04 
       1.766727777132e-02       1.145811217255e+04 
       1.767403517560e-02       1.145726992142e+04 
       1.768079345644e-02       1.145642592153e+04 
       1.768755261491e-02       1.145558022959e+04 
       1.769431265208e-02       1.145473281904e+04 
       1.770107356902e-02       1.145388369076e+04 
       1.770783536678e-02       1.145303284663e+04 
       1.771459804646e-02       1.145218027369e+04 
       1.772136160911e-02       1.145132599685e+04 
       1.772812605582e-02       1.145047000581e+04 
       1.773489138766e-02       1.144961230148e+04 
       1.774165760571e-02       1.144875288477e+04 
       1.774842471105e-02       1.144789175661e+04 
       1.775519270475e-02       1.144702891790e+04 
       1.776196158791e-02       1.144616436954e+04 
       1.776873136160e-02       1.144529811250e+04 
       1.777550202692e-02       1.144443014771e+04 
       1.778227358495e-02       1.144356047612e+04 
       1.778904603678e-02       1.144268910532e+04 
       1.779581938350e-02       1.144181597162e+04 
       1.780259362621e-02       1.144094118168e+04 
       1.780936876599e-02       1.144006468811e+04 
       1.781614480395e-02       1.143918649182e+04 
       1.782292174119e-02       1.143830659369e+04 
       1.782969957879e-02       1.143742499469e+04 
       1.783647831787e-02       1.143654169554e+04 
       1.784325795953e-02       1.143565669730e+04 
       1.785003850487e-02       1.143477000083e+04 
       1.785681995500e-02       1.143388160706e+04 
       1.786360231102e-02       1.143299151687e+04 
       1.787038557405e-02       1.143209973605e+04 
       1.787716974520e-02       1.143120622745e+04 
       1.788395482558e-02       1.143031105779e+04 
       1.789074081630e-02       1.142941418926e+04 
       1.789752771849e-02       1.142851562862e+04 
       1.790431553325e-02       1.142761537679e+04 
       1.791110426172e-02       1.142671343468e+04 
       1.791789390500e-02       1.142580980321e+04 
       1.792468446423e-02       1.142490448914e+04 
       1.793147594054e-02       1.142399744386e+04 
       1.793826833504e-02       1.142308874723e+04 
       1.794506164886e-02       1.142217836452e+04 
       1.795185588314e-02       1.142126629660e+04 
       1.795865103901e-02       1.142035254784e+04 
       1.796544711760e-02       1.141943709781e+04 
       1.797224412005e-02       1.141851997854e+04 
       1.797904204749e-02       1.141760117761e+04 
       1.798584090107e-02       1.141668069577e+04 
       1.799264068192e-02       1.141575853388e+04 
       1.799944139119e-02       1.141483469285e+04 
       1.800624303002e-02       1.141390917356e+04 
       1.801304559956e-02       1.141298197691e+04 
       1.801984910096e-02       1.141205310381e+04 
       1.802665353536e-02       1.141112255517e+04 
       1.803345890391e-02       1.141019033193e+04 
       1.804026520778e-02       1.140925639023e+04 
       1.804707244811e-02       1.140832081897e+04 
       1.805388062606e-02       1.140738357346e+04 
       1.806068974279e-02       1.140644465621e+04 
       1.806749979947e-02       1.140550406839e+04 
       1.807431079724e-02       1.140456181073e+04 
       1.808112273728e-02       1.140361788409e+04 
       1.808793562076e-02       1.140267228936e+04 
       1.809474944883e-02       1.140172502741e+04 
       1.810156422267e-02       1.140077609913e+04 
       1.810837994345e-02       1.139982550539e+04 
       1.811519661235e-02       1.139887325326e+04 
       1.812201423053e-02       1.139791930171e+04 
       1.812883279918e-02       1.139696371502e+04 
       1.813565231947e-02       1.139600646610e+04 
       1.814247279258e-02       1.139504755581e+04 
       1.814929421970e-02       1.139408698485e+04 
       1.815611660200e-02       1.139312475438e+04 
       1.816293994069e-02       1.139216086521e+04 
       1.816976423693e-02       1.139119531808e+04 
       1.817658949192e-02       1.139022811398e+04 
       1.818341570686e-02       1.138925925377e+04 
       1.819024288294e-02       1.138828870282e+04 
       1.819707102134e-02       1.138731653546e+04 
       1.820390012327e-02       1.138634270952e+04 
       1.821073018993e-02       1.138536723062e+04 
       1.821756122252e-02       1.138439009948e+04 
       1.822439322223e-02       1.138341130654e+04 
       1.823122619028e-02       1.138243087308e+04 
       1.823806012787e-02       1.138144878970e+04 
       1.824489503620e-02       1.138046505761e+04 
       1.825173091650e-02       1.137947967760e+04 
       1.825856776996e-02       1.137849265027e+04 
       1.826540559781e-02       1.137750397674e+04 
       1.827224440125e-02       1.137651365779e+04 
       1.827908418152e-02       1.137552169430e+04 
       1.828592493981e-02       1.137452808715e+04 
       1.829276667737e-02       1.137353283723e+04 
       1.829960939540e-02       1.137253596367e+04 
       1.830645309514e-02       1.137153736712e+04 
       1.831329777781e-02       1.137053719051e+04 
       1.832014344465e-02       1.136953537408e+04 
       1.832699009687e-02       1.136853191848e+04 
       1.833383773572e-02       1.136752682486e+04 
       1.834068636243e-02       1.136652009392e+04 
       1.834753597823e-02       1.136551172648e+04 
       1.835438658437e-02       1.136450172341e+04 
       1.836123818209e-02       1.136349008551e+04 
       1.836809077262e-02       1.136247681367e+04 
       1.837494435721e-02       1.136146190866e+04 
       1.838179893711e-02       1.136044534882e+04 
       1.838865451357e-02       1.135942717815e+04 
       1.839551108784e-02       1.135840737693e+04 
       1.840236866116e-02       1.135738594571e+04 
       1.840922723480e-02       1.135636288531e+04 
       1.841608681000e-02       1.135533819639e+04 
       1.842294738804e-02       1.135431188017e+04 
       1.842980897016e-02       1.135328393720e+04 
       1.843667155763e-02       1.135225436850e+04 
       1.844353515171e-02       1.135122317485e+04 
       1.845039975368e-02       1.135019036852e+04 
       1.845726536479e-02       1.134915588357e+04 
       1.846413198632e-02       1.134811981762e+04 
       1.847099961953e-02       1.134708212973e+04 
       1.847786826572e-02       1.134604282072e+04 
       1.848473792614e-02       1.134500188813e+04 
       1.849160860208e-02       1.134395933125e+04 
       1.849848029481e-02       1.134291516275e+04 
       1.850535300563e-02       1.134186937640e+04 
       1.851222673581e-02       1.134082197290e+04 
       1.851910148664e-02       1.133977295306e+04 
       1.852597725941e-02       1.133872231774e+04 
       1.853285405541e-02       1.133767006774e+04 
       1.853973187593e-02       1.133661620391e+04 
       1.854661072226e-02       1.133556072712e+04 
       1.855349059570e-02       1.133450363820e+04 
       1.856037149755e-02       1.133344493697e+04 
       1.856725342912e-02       1.133238458238e+04 
       1.857413639169e-02       1.133132265894e+04 
       1.858102038658e-02       1.133025912599e+04 
       1.858790541510e-02       1.132919398438e+04 
       1.859479147854e-02       1.132812723519e+04 
       1.860167857823e-02       1.132705887909e+04 
       1.860856671547e-02       1.132598891688e+04 
       1.861545589159e-02       1.132491734939e+04 
       1.862234610789e-02       1.132384417741e+04 
       1.862923736570e-02       1.132276940177e+04 
       1.863612966633e-02       1.132169302329e+04 
       1.864302301112e-02       1.132061505245e+04 
       1.864991740138e-02       1.131953543678e+04 
       1.865681283844e-02       1.131845425277e+04 
       1.866370932364e-02       1.131737146890e+04 
       1.867060685830e-02       1.131628708597e+04 
       1.867750544376e-02       1.131520110461e+04 
       1.868440508135e-02       1.131411352592e+04 
       1.869130577242e-02       1.131302435058e+04 
       1.869820751829e-02       1.131193357939e+04 
       1.870511032032e-02       1.131084121319e+04 
       1.871201417986e-02       1.130974725277e+04 
       1.871891909823e-02       1.130865166749e+04 
       1.872582507680e-02       1.130755451832e+04 
       1.873273211692e-02       1.130645577740e+04 
       1.873964021993e-02       1.130535544515e+04 
       1.874654938719e-02       1.130425352193e+04 
       1.875345962007e-02       1.130314999863e+04 
       1.876037091991e-02       1.130204489623e+04 
       1.876728328809e-02       1.130093820532e+04 
       1.877419672596e-02       1.129982992704e+04 
       1.878111123489e-02       1.129872006203e+04 
       1.878802681626e-02       1.129760861105e+04 
       1.879494347142e-02       1.129649557493e+04 
       1.880186120175e-02       1.129538095444e+04 
       1.880878000863e-02       1.129426475040e+04 
       1.881569989344e-02       1.129314696362e+04 
       1.882262085754e-02       1.129202759492e+04 
       1.882954290233e-02       1.129090666396e+04 
       1.883646602919e-02       1.128978406809e+04 
       1.884339023951e-02       1.128865995479e+04 
       1.885031553466e-02       1.128753426236e+04 
       1.885724191605e-02       1.128640699101e+04 
       1.886416938506e-02       1.128527814221e+04 
       1.887109794309e-02       1.128414771646e+04 
       1.887802759153e-02       1.128301571452e+04 
       1.888495833179e-02       1.128188213719e+04 
       1.889189016527e-02       1.128074698525e+04 
       1.889882309337e-02       1.127961025947e+04 
       1.890575711749e-02       1.127847196065e+04 
       1.891269223905e-02       1.127733206459e+04 
       1.891962845945e-02       1.127619062162e+04 
       1.892656578011e-02       1.127504760631e+04 
       1.893350420244e-02       1.127390302078e+04 
       1.894044372787e-02       1.127275686569e+04 
       1.894738435780e-02       1.127160914190e+04 
       1.895432609366e-02       1.127045985026e+04 
       1.896126893687e-02       1.126930899146e+04 
       1.896821288887e-02       1.126815656632e+04 
       1.897515795108e-02       1.126700257560e+04 
       1.898210412493e-02       1.126584702428e+04 
       1.898905141186e-02       1.126468986741e+04 
       1.899599981329e-02       1.126353118215e+04 
       1.900294933067e-02       1.126237093403e+04 
       1.900989996545e-02       1.126120912384e+04 
       1.901685171905e-02       1.126004575620e+04 
       1.902380459293e-02       1.125888080876e+04 
       1.903075858853e-02       1.125771431572e+04 
       1.903771370731e-02       1.125654626372e+04 
       1.904466995071e-02       1.125537665327e+04 
       1.905162732019e-02       1.125420548513e+04 
       1.905858581720e-02       1.125303276006e+04 
       1.906554544321e-02       1.125185847882e+04 
       1.907250619968e-02       1.125068264218e+04 
       1.907946808807e-02       1.124950525092e+04 
       1.908643110984e-02       1.124832630580e+04 
       1.909339526647e-02       1.124714580767e+04 
       1.910036055942e-02       1.124596371707e+04 
       1.910732699018e-02       1.124478010679e+04 
       1.911429456021e-02       1.124359495026e+04 
       1.912126327099e-02       1.124240824300e+04 
       1.912823312400e-02       1.124121998608e+04 
       1.913520412073e-02       1.124003018006e+04 
       1.914217626267e-02       1.123883882570e+04 
       1.914914955129e-02       1.123764592373e+04 
       1.915612398809e-02       1.123645147491e+04 
       1.916309957456e-02       1.123525547996e+04 
       1.917007631220e-02       1.123405793965e+04 
       1.917705420251e-02       1.123285885432e+04 
       1.918403324698e-02       1.123165820153e+04 
       1.919101344711e-02       1.123045602796e+04 
       1.919799480442e-02       1.122925231159e+04 
       1.920497732041e-02       1.122804705330e+04 
       1.921196099659e-02       1.122684025363e+04 
       1.921894583446e-02       1.122563191364e+04 
       1.922593183555e-02       1.122442203392e+04 
       1.923291900138e-02       1.122321061523e+04 
       1.923990733345e-02       1.122199765828e+04 
       1.924689683330e-02       1.122078316386e+04 
       1.925388750245e-02       1.121956714171e+04 
       1.926087934243e-02       1.121834953162e+04 
       1.926787235476e-02       1.121713042660e+04 
       1.927486654098e-02       1.121590978671e+04 
       1.928186190262e-02       1.121468761265e+04 
       1.928885844122e-02       1.121346390990e+04 
       1.929585615831e-02       1.121223865290e+04 
       1.930285505545e-02       1.121101187971e+04 
       1.930985513418e-02       1.120978357511e+04 
       1.931685639604e-02       1.120855373980e+04 
       1.932385884258e-02       1.120732237452e+04 
       1.933086247535e-02       1.120608947998e+04 
       1.933786729592e-02       1.120485505690e+04 
       1.934487330583e-02       1.120361910602e+04 
       1.935188050665e-02       1.120238162806e+04 
       1.935888889994e-02       1.120114262379e+04 
       1.936589848727e-02       1.119990209399e+04 
       1.937290927019e-02       1.119865999543e+04 
       1.937992125030e-02       1.119741641124e+04 
       1.938693442914e-02       1.119617130507e+04 
       1.939394880831e-02       1.119492467583e+04 
       1.940096438938e-02       1.119367652410e+04 
       1.940798117392e-02       1.119242685055e+04 
       1.941499916354e-02       1.119117565591e+04 
       1.942201835980e-02       1.118992294087e+04 
       1.942903876429e-02       1.118866870615e+04 
       1.943606037862e-02       1.118741295245e+04 
       1.944308320437e-02       1.118615568050e+04 
       1.945010724314e-02       1.118489689087e+04 
       1.945713249653e-02       1.118363656066e+04 
       1.946415896614e-02       1.118237473589e+04 
       1.947118665357e-02       1.118111139579e+04 
       1.947821556043e-02       1.117984654080e+04 
       1.948524568833e-02       1.117858017151e+04 
       1.949227703889e-02       1.117731228860e+04 
       1.949930961372e-02       1.117604289279e+04 
       1.950634341443e-02       1.117477198477e+04 
       1.951337844265e-02       1.117349956525e+04 
       1.952041470000e-02       1.117222563497e+04 
       1.952745218810e-02       1.117095019842e+04 
       1.953449090859e-02       1.116967321071e+04 
       1.954153086309e-02       1.116839474983e+04 
       1.954857205324e-02       1.116711478065e+04 
       1.955561448068e-02       1.116583330375e+04 
       1.956265814704e-02       1.116455032298e+04 
       1.956970305397e-02       1.116326581779e+04 
       1.957674920311e-02       1.116197982122e+04 
       1.958379659611e-02       1.116069231962e+04 
       1.959084523462e-02       1.115940331369e+04 
       1.959789512029e-02       1.115811280411e+04 
       1.960494625478e-02       1.115682079155e+04 
       1.961199863975e-02       1.115552727671e+04 
       1.961905227686e-02       1.115423226027e+04 
       1.962610716777e-02       1.115293574295e+04 
       1.963316331415e-02       1.115163772553e+04 
       1.964022071766e-02       1.115033820851e+04 
       1.964727937999e-02       1.114903721233e+04 
       1.965433930281e-02       1.114773462951e+04 
       1.966140048779e-02       1.114643061454e+04 
       1.966846293662e-02       1.114512510233e+04 
       1.967552665098e-02       1.114381809356e+04 
       1.968259163255e-02       1.114250958887e+04 
       1.968965788303e-02       1.114119958895e+04 
       1.969672540411e-02       1.113988809446e+04 
       1.970379419748e-02       1.113857510607e+04 
       1.971086426484e-02       1.113726062445e+04 
       1.971793560790e-02       1.113594465030e+04 
       1.972500822834e-02       1.113462718430e+04 
       1.973208212789e-02       1.113330821053e+04 
       1.973915730825e-02       1.113198775298e+04 
       1.974623377114e-02       1.113066581337e+04 
       1.975331151826e-02       1.112934238430e+04 
       1.976039055134e-02       1.112801746641e+04 
       1.976747087209e-02       1.112669106037e+04 
       1.977455248225e-02       1.112536316686e+04 
       1.978163538353e-02       1.112403378652e+04 
       1.978871957767e-02       1.112270292004e+04 
       1.979580506640e-02       1.112137056809e+04 
       1.980289185146e-02       1.112003673137e+04 
       1.980997993458e-02       1.111870137472e+04 
       1.981706931750e-02       1.111736456990e+04 
       1.982416000198e-02       1.111602628002e+04 
       1.983125198974e-02       1.111468650746e+04 
       1.983834528256e-02       1.111334525315e+04 
       1.984543988217e-02       1.111200250624e+04 
       1.985253579035e-02       1.111065828920e+04 
       1.985963300883e-02       1.110931259237e+04 
       1.986673153939e-02       1.110796541612e+04 
       1.987383138380e-02       1.110661676116e+04 
       1.988093254381e-02       1.110526662811e+04 
       1.988803502120e-02       1.110391501762e+04 
       1.989513881775e-02       1.110256193034e+04 
       1.990224393523e-02       1.110120736695e+04 
       1.990935037542e-02       1.109985132810e+04 
       1.991645814011e-02       1.109849381429e+04 
       1.992356723108e-02       1.109713482475e+04 
       1.993067765012e-02       1.109577431667e+04 
       1.993778939902e-02       1.109441237918e+04 
       1.994490247957e-02       1.109304896896e+04 
       1.995201689359e-02       1.109168408658e+04 
       1.995913264286e-02       1.109031773284e+04 
       1.996624972919e-02       1.108894990831e+04 
       1.997336815439e-02       1.108758061361e+04 
       1.998048792027e-02       1.108620984941e+04 
       1.998760902865e-02       1.108483761632e+04 
       1.999473148133e-02       1.108346391498e+04 
       2.000185528015e-02       1.108208874605e+04 
       2.000898042692e-02       1.108071211413e+04 
       2.001610692347e-02       1.107933398194e+04 
       2.002323477162e-02       1.107795441206e+04 
       2.003036397322e-02       1.107657337683e+04 
       2.003749453009e-02       1.107519087686e+04 
       2.004462644408e-02       1.107380691278e+04 
       2.005175971702e-02       1.107242148520e+04 
       2.005889435077e-02       1.107103459476e+04 
       2.006603034717e-02       1.106964624208e+04 
       2.007316770806e-02       1.106825642782e+04 
       2.008030643532e-02       1.106686515262e+04 
       2.008744653078e-02       1.106547242961e+04 
       2.009458799632e-02       1.106407818620e+04 
       2.010173083380e-02       1.106268252929e+04 
       2.010887504508e-02       1.106128541359e+04 
       2.011602063204e-02       1.105988683972e+04 
       2.012316759655e-02       1.105848681311e+04 
       2.013031594048e-02       1.105708530768e+04 
       2.013746566573e-02       1.105568236205e+04 
       2.014461677416e-02       1.105427796056e+04 
       2.015176926766e-02       1.105287210380e+04 
       2.015892314814e-02       1.105146479240e+04 
       2.016607841747e-02       1.105005602696e+04 
       2.017323507756e-02       1.104864580808e+04 
       2.018039313030e-02       1.104723413640e+04 
       2.018755257760e-02       1.104582101232e+04 
       2.019471342137e-02       1.104440643684e+04 
       2.020187566351e-02       1.104299041047e+04 
       2.020903930593e-02       1.104157289926e+04 
       2.021620435056e-02       1.104015395666e+04 
       2.022337079932e-02       1.103873357739e+04 
       2.023053865411e-02       1.103731174914e+04 
       2.023770791688e-02       1.103588847250e+04 
       2.024487858955e-02       1.103446374806e+04 
       2.025205067406e-02       1.103303757643e+04 
       2.025922417233e-02       1.103160995822e+04 
       2.026639908631e-02       1.103018089392e+04 
       2.027357541795e-02       1.102875038404e+04 
       2.028075316918e-02       1.102731842949e+04 
       2.028793234196e-02       1.102588503070e+04 
       2.029511293825e-02       1.102445016277e+04 
       2.030229495999e-02       1.102301387582e+04 
       2.030947840914e-02       1.102157614586e+04 
       2.031666328768e-02       1.102013697376e+04 
       2.032384959757e-02       1.101869636010e+04 
       2.033103734077e-02       1.101725430547e+04 
       2.033822651926e-02       1.101581081046e+04 
       2.034541713502e-02       1.101436587567e+04 
       2.035260919003e-02       1.101291950168e+04 
       2.035980268628e-02       1.101147168895e+04 
       2.036699762574e-02       1.101002243759e+04 
       2.037419401041e-02       1.100857171547e+04 
       2.038139184229e-02       1.100711958809e+04 
       2.038859112336e-02       1.100566602421e+04 
       2.039579185565e-02       1.100421102432e+04 
       2.040299404114e-02       1.100275459086e+04 
       2.041019768185e-02       1.100129670674e+04 
       2.041740277978e-02       1.099983740139e+04 
       2.042460933696e-02       1.099837666219e+04 
       2.043181735541e-02       1.099691448971e+04 
       2.043902683713e-02       1.099545088451e+04 
       2.044623778417e-02       1.099398584716e+04 
       2.045345019855e-02       1.099251937802e+04 
       2.046066408231e-02       1.099105147803e+04 
       2.046787943747e-02       1.098958214762e+04 
       2.047509626609e-02       1.098811138739e+04 
       2.048231457020e-02       1.098663919793e+04 
       2.048953435185e-02       1.098516559972e+04 
       2.049675561309e-02       1.098369048346e+04 
       2.050397835599e-02       1.098221400609e+04 
       2.051120258259e-02       1.098073610128e+04 
       2.051842829495e-02       1.097925676959e+04 
       2.052565549515e-02       1.097777601157e+04 
       2.053288418526e-02       1.097629382776e+04 
       2.054011436733e-02       1.097481021851e+04 
       2.054734604346e-02       1.097332518473e+04 
       2.055457921573e-02       1.097183872681e+04 
       2.056181388620e-02       1.097035084531e+04 
       2.056905005699e-02       1.096886154082e+04 
       2.057628773016e-02       1.096737079245e+04 
       2.058352690783e-02       1.096587863816e+04 
       2.059076759209e-02       1.096438506592e+04 
       2.059800978503e-02       1.096289007259e+04 
       2.060525348877e-02       1.096139365873e+04 
       2.061249870542e-02       1.095989582488e+04 
       2.061974543709e-02       1.095839657158e+04 
       2.062699368590e-02       1.095689589920e+04 
       2.063424345397e-02       1.095539380863e+04 
       2.064149474342e-02       1.095389030027e+04 
       2.064874755638e-02       1.095238537446e+04 
       2.065600189499e-02       1.095087899834e+04 
       2.066325776138e-02       1.094937123685e+04 
       2.067051515769e-02       1.094786206008e+04 
       2.067777408606e-02       1.094635146793e+04 
       2.068503454865e-02       1.094483946046e+04 
       2.069229654760e-02       1.094332602742e+04 
       2.069956008507e-02       1.094181119144e+04 
       2.070682516322e-02       1.094029494200e+04 
       2.071409178421e-02       1.093877727980e+04 
       2.072135995021e-02       1.093725820476e+04 
       2.072862966339e-02       1.093573771819e+04 
       2.073590092592e-02       1.093421582030e+04 
       2.074317373998e-02       1.093269251166e+04 
       2.075044810776e-02       1.093116779277e+04 
       2.075772403145e-02       1.092964166422e+04 
       2.076500151322e-02       1.092811412655e+04 
       2.077228055528e-02       1.092658519270e+04 
       2.077956115982e-02       1.092505477596e+04 
       2.078684332905e-02       1.092352301052e+04 
       2.079412706517e-02       1.092198983758e+04 
       2.080141237040e-02       1.092045525766e+04 
       2.080869924694e-02       1.091891927105e+04 
       2.081598769701e-02       1.091738187863e+04 
       2.082327772284e-02       1.091584308073e+04 
       2.083056932665e-02       1.091430287788e+04 
       2.083786251068e-02       1.091276127058e+04 
       2.084515727715e-02       1.091121825936e+04 
       2.085245362830e-02       1.090967384474e+04 
       2.085975156638e-02       1.090812803269e+04 
       2.086705109364e-02       1.090658078056e+04 
       2.087435221231e-02       1.090503215681e+04 
       2.088165492466e-02       1.090348213143e+04 
       2.088895923295e-02       1.090193070491e+04 
       2.089626513943e-02       1.090037787756e+04 
       2.090357264638e-02       1.089882365022e+04 
       2.091088175606e-02       1.089726802325e+04 
       2.091819247075e-02       1.089571099715e+04 
       2.092550479273e-02       1.089415257246e+04 
       2.093281872427e-02       1.089259274970e+04 
       2.094013426768e-02       1.089103148987e+04 
       2.094745142523e-02       1.088946887475e+04 
       2.095477019923e-02       1.088790485797e+04 
       2.096209059197e-02       1.088633944478e+04 
       2.096941260576e-02       1.088477263557e+04 
       2.097673624290e-02       1.088320441924e+04 
       2.098406150571e-02       1.088163481843e+04 
       2.099138839651e-02       1.088006382338e+04 
       2.099871691760e-02       1.087849143420e+04 
       2.100604707133e-02       1.087691765137e+04 
       2.101337886002e-02       1.087534247537e+04 
       2.102071228599e-02       1.087376590670e+04 
       2.102804735159e-02       1.087218794584e+04 
       2.103538405917e-02       1.087060859328e+04 
       2.104272241106e-02       1.086902784954e+04 
       2.105006240961e-02       1.086744571514e+04 
       2.105740405719e-02       1.086586219344e+04 
       2.106474735614e-02       1.086427722637e+04 
       2.107209230884e-02       1.086269091907e+04 
       2.107943891765e-02       1.086110322277e+04 
       2.108678718494e-02       1.085951413772e+04 
       2.109413711309e-02       1.085792366437e+04 
       2.110148870448e-02       1.085633180319e+04 
       2.110884196150e-02       1.085473855465e+04 
       2.111619688652e-02       1.085314391922e+04 
       2.112355348196e-02       1.085154789736e+04 
       2.113091175020e-02       1.084995048954e+04 
       2.113827169364e-02       1.084835169626e+04 
       2.114563331470e-02       1.084675152788e+04 
       2.115299661579e-02       1.084514992846e+04 
       2.116036159932e-02       1.084354697945e+04 
       2.116772826770e-02       1.084194264669e+04 
       2.117509662338e-02       1.084033693049e+04 
       2.118246666877e-02       1.083872983131e+04 
       2.118983840631e-02       1.083712134960e+04 
       2.119721183844e-02       1.083551148582e+04 
       2.120458696759e-02       1.083390024045e+04 
       2.121196379623e-02       1.083228761396e+04 
       2.121934232679e-02       1.083067360683e+04 
       2.122672256174e-02       1.082905819526e+04 
       2.123410450353e-02       1.082744141544e+04 
       2.124148815463e-02       1.082582326643e+04 
       2.124887351752e-02       1.082420373825e+04 
       2.125626059465e-02       1.082258283116e+04 
       2.126364938853e-02       1.082096053184e+04 
       2.127103990161e-02       1.081933686999e+04 
       2.127843213641e-02       1.081771182859e+04 
       2.128582609540e-02       1.081608541009e+04 
       2.129322178109e-02       1.081445761495e+04 
       2.130061919598e-02       1.081282844358e+04 
       2.130801834257e-02       1.081119789644e+04 
       2.131541922338e-02       1.080956597397e+04 
       2.132282184092e-02       1.080793267661e+04 
       2.133022619771e-02       1.080629800484e+04 
       2.133763229628e-02       1.080466195911e+04 
       2.134504013916e-02       1.080302453869e+04 
       2.135244972888e-02       1.080138569763e+04 
       2.135986106799e-02       1.079974552898e+04 
       2.136727415902e-02       1.079810398783e+04 
       2.137468900453e-02       1.079646107444e+04 
       2.138210560706e-02       1.079481678920e+04 
       2.138952396919e-02       1.079317113253e+04 
       2.139694409347e-02       1.079152410486e+04 
       2.140436598247e-02       1.078987570662e+04 
       2.141178963876e-02       1.078822593822e+04 
       2.141921506492e-02       1.078657480010e+04 
       2.142664226354e-02       1.078492229269e+04 
       2.143407123720e-02       1.078326842080e+04 
       2.144150198849e-02       1.078161314477e+04 
       2.144893452001e-02       1.077995653003e+04 
       2.145636883437e-02       1.077829854737e+04 
       2.146380493416e-02       1.077663919727e+04 
       2.147124282201e-02       1.077497847997e+04 
       2.147868250053e-02       1.077331639604e+04 
       2.148612397233e-02       1.077165294585e+04 
       2.149356724006e-02       1.076998812982e+04 
       2.150101230633e-02       1.076832194838e+04 
       2.150845917379e-02       1.076665440198e+04 
       2.151590784507e-02       1.076498550579e+04 
       2.152335832283e-02       1.076331517884e+04 
       2.153081060971e-02       1.076164353727e+04 
       2.153826470837e-02       1.075997053200e+04 
       2.154572062148e-02       1.075829616346e+04 
       2.155317835169e-02       1.075662043159e+04 
       2.156063790169e-02       1.075494332524e+04 
       2.156809927415e-02       1.075326486825e+04 
       2.157556247174e-02       1.075158504939e+04 
       2.158302749716e-02       1.074990386908e+04 
       2.159049435310e-02       1.074822132770e+04 
       2.159796304225e-02       1.074653742564e+04 
       2.160543356732e-02       1.074485216328e+04 
       2.161290593102e-02       1.074316554083e+04 
       2.162038013606e-02       1.074147755906e+04 
       2.162785618514e-02       1.073978821822e+04 
       2.163533408101e-02       1.073809751875e+04 
       2.164281382638e-02       1.073640540245e+04 
       2.165029542399e-02       1.073471199246e+04 
       2.165777887658e-02       1.073301721550e+04 
       2.166526418689e-02       1.073132108095e+04 
       2.167275135767e-02       1.072962358918e+04 
       2.168024039167e-02       1.072792474057e+04 
       2.168773129166e-02       1.072622453549e+04 
       2.169522406039e-02       1.072452297428e+04 
       2.170271870064e-02       1.072282005716e+04 
       2.171021521518e-02       1.072111578482e+04 
       2.171771360680e-02       1.071941015750e+04 
       2.172521387827e-02       1.071770317514e+04 
       2.173271603240e-02       1.071599481331e+04 
       2.174022007197e-02       1.071428512115e+04 
       2.174772599978e-02       1.071257407550e+04 
       2.175523381866e-02       1.071086167642e+04 
       2.176274353140e-02       1.070914792429e+04 
       2.177025514083e-02       1.070743281947e+04 
       2.177776864976e-02       1.070571636232e+04 
       2.178528406104e-02       1.070399855322e+04 
       2.179280137749e-02       1.070227939234e+04 
       2.180032060195e-02       1.070055888039e+04 
       2.180784173727e-02       1.069883702277e+04 
       2.181536478629e-02       1.069711376792e+04 
       2.182288975188e-02       1.069538920200e+04 
       2.183041663690e-02       1.069366328597e+04 
       2.183794544421e-02       1.069193602019e+04 
       2.184547617669e-02       1.069020740846e+04 
       2.185300883721e-02       1.068847742804e+04 
       2.186054342866e-02       1.068674611413e+04 
       2.186807995393e-02       1.068501345172e+04 
       2.187561841591e-02       1.068327944113e+04 
       2.188315881750e-02       1.068154408252e+04 
       2.189070116162e-02       1.067980737649e+04 
       2.189824545116e-02       1.067806932334e+04 
       2.190579168906e-02       1.067632992338e+04 
       2.191333987822e-02       1.067458917695e+04 
       2.192089002159e-02       1.067284708444e+04 
       2.192844212210e-02       1.067110364621e+04 
       2.193599618268e-02       1.066935888360e+04 
       2.194355220628e-02       1.066761268167e+04 
       2.195111019586e-02       1.066586520458e+04 
       2.195867015437e-02       1.066411638262e+04 
       2.196623208477e-02       1.066236621612e+04 
       2.197379599004e-02       1.066061470517e+04 
       2.198136187315e-02       1.065886185048e+04 
       2.198892973708e-02       1.065710765219e+04 
       2.199649958481e-02       1.065535211062e+04 
       2.200407141934e-02       1.065359522609e+04 
       2.201164524366e-02       1.065183699894e+04 
       2.201922106079e-02       1.065007742950e+04 
       2.202679887373e-02       1.064831650186e+04 
       2.203437868549e-02       1.064655423716e+04 
       2.204196049910e-02       1.064479064068e+04 
       2.204954431759e-02       1.064302570289e+04 
       2.205713014398e-02       1.064125942392e+04 
       2.206471798133e-02       1.063949180439e+04 
       2.207230783266e-02       1.063772284447e+04 
       2.207989970105e-02       1.063595254447e+04 
       2.208749358953e-02       1.063418090473e+04 
       2.209508950118e-02       1.063240792555e+04 
       2.210268743907e-02       1.063063360725e+04 
       2.211028740627e-02       1.062885791249e+04 
       2.211788940586e-02       1.062708091626e+04 
       2.212549344093e-02       1.062530257969e+04 
       2.213309951457e-02       1.062352290488e+04 
       2.214070762989e-02       1.062174189195e+04 
       2.214831778999e-02       1.061995952970e+04 
       2.215592999798e-02       1.061817584086e+04 
       2.216354425698e-02       1.061639081499e+04 
       2.217116057012e-02       1.061460445220e+04 
       2.217877894052e-02       1.061281675276e+04 
       2.218639937133e-02       1.061102771698e+04 
       2.219402186568e-02       1.060923734513e+04 
       2.220164642673e-02       1.060744563751e+04 
       2.220927305762e-02       1.060565259443e+04 
       2.221690176153e-02       1.060385821620e+04 
       2.222453254162e-02       1.060206250315e+04 
       2.223216540106e-02       1.060026545228e+04 
       2.223980034304e-02       1.059846702256e+04 
       2.224743737074e-02       1.059666730295e+04 
       2.225507648736e-02       1.059486624919e+04 
       2.226271769609e-02       1.059306386141e+04 
       2.227036100014e-02       1.059126014000e+04 
       2.227800640273e-02       1.058945508517e+04 
       2.228565390707e-02       1.058764869721e+04 
       2.229330351639e-02       1.058584097637e+04 
       2.230095523391e-02       1.058403192294e+04 
       2.230860906289e-02       1.058222153719e+04 
       2.231626500656e-02       1.058040982632e+04 
       2.232392306817e-02       1.057859674368e+04 
       2.233158325099e-02       1.057678236047e+04 
       2.233924555827e-02       1.057496664590e+04 
       2.234690999329e-02       1.057314960005e+04 
       2.235457655932e-02       1.057133122318e+04 
       2.236224525965e-02       1.056951151553e+04 
       2.236991609757e-02       1.056769047737e+04 
       2.237758907638e-02       1.056586810896e+04 
       2.238526419937e-02       1.056404441057e+04 
       2.239294146986e-02       1.056221938132e+04 
       2.240062089118e-02       1.056039298984e+04 
       2.240830246663e-02       1.055856530090e+04 
       2.241598619955e-02       1.055673628244e+04 
       2.242367209328e-02       1.055490593472e+04 
       2.243136015117e-02       1.055307426523e+04 
       2.243905037656e-02       1.055124123395e+04 
       2.244674277280e-02       1.054940689926e+04 
       2.245443734327e-02       1.054757123626e+04 
       2.246213409134e-02       1.054573424519e+04 
       2.246983302038e-02       1.054389592625e+04 
       2.247753413378e-02       1.054205627967e+04 
       2.248523743493e-02       1.054021530567e+04 
       2.249294292723e-02       1.053837300447e+04 
       2.250065061408e-02       1.053652937630e+04 
       2.250836049889e-02       1.053468442118e+04 
       2.251607258509e-02       1.053283813967e+04 
       2.252378687610e-02       1.053099053186e+04 
       2.253150337535e-02       1.052914159797e+04 
       2.253922208629e-02       1.052729133826e+04 
       2.254694301236e-02       1.052543975297e+04 
       2.255466615701e-02       1.052358684238e+04 
       2.256239152371e-02       1.052173260675e+04 
       2.257011911592e-02       1.051987706256e+04 
       2.257784893713e-02       1.051802008111e+04 
       2.258558099080e-02       1.051616186621e+04 
       2.259331528043e-02       1.051430232638e+04 
       2.260105180953e-02       1.051244146169e+04 
       2.260879058158e-02       1.051057927266e+04 
       2.261653160011e-02       1.050871575932e+04 
       2.262427486862e-02       1.050685092187e+04 
       2.263202039065e-02       1.050498476048e+04 
       2.263976816973e-02       1.050311727536e+04 
       2.264751820940e-02       1.050124846668e+04 
       2.265527051321e-02       1.049937833460e+04 
       2.266302508470e-02       1.049750687934e+04 
       2.267078192744e-02       1.049563410107e+04 
       2.267854104500e-02       1.049376001115e+04 
       2.268630244096e-02       1.049188459739e+04 
       2.269406611890e-02       1.049000780472e+04 
       2.270183208241e-02       1.048812973489e+04 
       2.270960033509e-02       1.048625034276e+04 
       2.271737088054e-02       1.048436962852e+04 
       2.272514372238e-02       1.048248759234e+04 
       2.273291886423e-02       1.048060423440e+04 
       2.274069630972e-02       1.047871955486e+04 
       2.274847606249e-02       1.047683355390e+04 
       2.275625812616e-02       1.047494623171e+04 
       2.276404250441e-02       1.047305758845e+04 
       2.277182920088e-02       1.047116762431e+04 
       2.277961821925e-02       1.046927633927e+04 
       2.278740956317e-02       1.046738373388e+04 
       2.279520323635e-02       1.046548980823e+04 
       2.280299924246e-02       1.046359456161e+04 
       2.281079758520e-02       1.046169794477e+04 
       2.281859826828e-02       1.045980005558e+04 
       2.282640129541e-02       1.045790084629e+04 
       2.283420667030e-02       1.045600031705e+04 
       2.284201439669e-02       1.045409846801e+04 
       2.284982447831e-02       1.045219529934e+04 
       2.285763691890e-02       1.045029081325e+04 
       2.286545172222e-02       1.044838499088e+04 
       2.287326889201e-02       1.044647786308e+04 
       2.288108843206e-02       1.044456941629e+04 
       2.288891034613e-02       1.044265965050e+04 
       2.289673463801e-02       1.044074856575e+04 
       2.290456131148e-02       1.043883616231e+04 
       2.291239037034e-02       1.043692244028e+04 
       2.292022181840e-02       1.043500739980e+04 
       2.292805565948e-02       1.043309104104e+04 
       2.293589189740e-02       1.043117336417e+04 
       2.294373053597e-02       1.042925436937e+04 
       2.295157157906e-02       1.042733407802e+04 
       2.295941503049e-02       1.042541237366e+04 
       2.296726089413e-02       1.042348942206e+04 
       2.297510917383e-02       1.042156515257e+04 
       2.298295987347e-02       1.041963956530e+04 
       2.299081299693e-02       1.041771266038e+04 
       2.299866854809e-02       1.041578443793e+04 
       2.300652653084e-02       1.041385489806e+04 
       2.301438694910e-02       1.041192404090e+04 
       2.302224980677e-02       1.040999186657e+04 
       2.303011510777e-02       1.040805837522e+04 
       2.303798285603e-02       1.040612356696e+04 
       2.304585305549e-02       1.040418741232e+04 
       2.305372571009e-02       1.040224997187e+04 
       2.306160082379e-02       1.040031121149e+04 
       2.306947840054e-02       1.039837113438e+04 
       2.307735844432e-02       1.039642974065e+04 
       2.308524095910e-02       1.039448703040e+04 
       2.309312594887e-02       1.039254300374e+04 
       2.310101341763e-02       1.039059766078e+04 
       2.310890336938e-02       1.038865100163e+04 
       2.311679580813e-02       1.038670302643e+04 
       2.312469073791e-02       1.038475373404e+04 
       2.313258816273e-02       1.038280309160e+04 
       2.314048808665e-02       1.038085116639e+04 
       2.314839051371e-02       1.037889792510e+04 
       2.315629544796e-02       1.037694336792e+04 
       2.316420289346e-02       1.037498749636e+04 
       2.317211285430e-02       1.037303029331e+04 
       2.318002533454e-02       1.037107178800e+04 
       2.318794033829e-02       1.036911196701e+04 
       2.319585786964e-02       1.036715083040e+04 
       2.320377793269e-02       1.036518837824e+04 
       2.321170053157e-02       1.036322461062e+04 
       2.321962567039e-02       1.036125952763e+04 
       2.322755335330e-02       1.035929312935e+04 
       2.323548358444e-02       1.035732541565e+04 
       2.324341636796e-02       1.035535638702e+04 
       2.325135170801e-02       1.035338604339e+04 
       2.325928960877e-02       1.035141439974e+04 
       2.326723007442e-02       1.034944135872e+04 
       2.327517310915e-02       1.034746706683e+04 
       2.328311871715e-02       1.034549145975e+04 
       2.329106690263e-02       1.034351453752e+04 
       2.329901766980e-02       1.034153630021e+04 
       2.330697102289e-02       1.033955674785e+04 
       2.331492696614e-02       1.033757588049e+04 
       2.332288550377e-02       1.033559369799e+04 
       2.333084664006e-02       1.033361020073e+04 
       2.333881037924e-02       1.033162538864e+04 
       2.334677672561e-02       1.032963926178e+04 
       2.335474568343e-02       1.032765183030e+04 
       2.336271725700e-02       1.032566303590e+04 
       2.337069145061e-02       1.032367296299e+04 
       2.337866826857e-02       1.032168157539e+04 
       2.338664771520e-02       1.031968887264e+04 
       2.339462979482e-02       1.031769485529e+04 
       2.340261451177e-02       1.031569952319e+04 
       2.341060187039e-02       1.031370287640e+04 
       2.341859187504e-02       1.031170491473e+04 
       2.342658453009e-02       1.030970563863e+04 
       2.343457983990e-02       1.030770504796e+04 
       2.344257780886e-02       1.030570310860e+04 
       2.345057844136e-02       1.030369988459e+04 
       2.345858174181e-02       1.030169534766e+04 
       2.346658771462e-02       1.029968949595e+04 
       2.347459636420e-02       1.029768232945e+04 
       2.348260769499e-02       1.029567383412e+04 
       2.349062171144e-02       1.029366403905e+04 
       2.349863841798e-02       1.029165292735e+04 
       2.350665781909e-02       1.028964050059e+04 
       2.351467991923e-02       1.028762675913e+04 
       2.352270472288e-02       1.028561170283e+04 
       2.353073223454e-02       1.028359533171e+04 
       2.353876245870e-02       1.028157764577e+04 
       2.354679539988e-02       1.027955864506e+04 
       2.355483106258e-02       1.027753832959e+04 
       2.356286945136e-02       1.027551669941e+04 
       2.357091057073e-02       1.027349376762e+04 
       2.357895442526e-02       1.027146944343e+04 
       2.358700101950e-02       1.026944386537e+04 
       2.359505035803e-02       1.026741697203e+04 
       2.360310244542e-02       1.026538876361e+04 
       2.361115728626e-02       1.026335923993e+04 
       2.361921488516e-02       1.026132840097e+04 
       2.362727524673e-02       1.025929624671e+04 
       2.363533837558e-02       1.025726277713e+04 
       2.364340427636e-02       1.025522799220e+04 
       2.365147295369e-02       1.025319189193e+04 
       2.365954441224e-02       1.025115447631e+04 
       2.366761865666e-02       1.024911571594e+04 
       2.367569569163e-02       1.024707567084e+04 
       2.368377552182e-02       1.024503430696e+04 
       2.369185815195e-02       1.024299162713e+04 
       2.369994358670e-02       1.024094763173e+04 
       2.370803183080e-02       1.023890232053e+04 
       2.371612288896e-02       1.023685569351e+04 
       2.372421676593e-02       1.023480775065e+04 
       2.373231346646e-02       1.023275849191e+04 
       2.374041299528e-02       1.023070791729e+04 
       2.374851535719e-02       1.022865603809e+04 
       2.375662055695e-02       1.022660278332e+04 
       2.376472859935e-02       1.022454825813e+04 
       2.377283948920e-02       1.022249241653e+04 
       2.378095323130e-02       1.022043525823e+04 
       2.378906983048e-02       1.021837678145e+04 
       2.379718929157e-02       1.021631697932e+04 
       2.380531161940e-02       1.021425587041e+04 
       2.381343681885e-02       1.021219344466e+04 
       2.382156489476e-02       1.021012970198e+04 
       2.382969585203e-02       1.020806464233e+04 
       2.383782969552e-02       1.020599826564e+04 
       2.384596643015e-02       1.020393057186e+04 
       2.385410606083e-02       1.020186156095e+04 
       2.386224859246e-02       1.019979123284e+04 
       2.387039402999e-02       1.019771958731e+04 
       2.387854237836e-02       1.019564662738e+04 
       2.388669364252e-02       1.019357229374e+04 
       2.389484782744e-02       1.019149669256e+04 
       2.390300493809e-02       1.018941977347e+04 
       2.391116497946e-02       1.018734153627e+04 
       2.391932795656e-02       1.018526198084e+04 
       2.392749387438e-02       1.018318110709e+04 
       2.393566273796e-02       1.018109891492e+04 
       2.394383455232e-02       1.017901540425e+04 
       2.395200932252e-02       1.017693057497e+04 
       2.396018705361e-02       1.017484442680e+04 
       2.396836775065e-02       1.017275696000e+04 
       2.397655141873e-02       1.017066814417e+04 
       2.398473806294e-02       1.016857804184e+04 
       2.399292768838e-02       1.016648661606e+04 
       2.400112030017e-02       1.016439387083e+04 
       2.400931590342e-02       1.016229980604e+04 
       2.401751450329e-02       1.016020442157e+04 
       2.402571610492e-02       1.015810771733e+04 
       2.403392071347e-02       1.015600969319e+04 
       2.404212833412e-02       1.015391034906e+04 
       2.405033897205e-02       1.015180968465e+04 
       2.405855263246e-02       1.014970771084e+04 
       2.406676932056e-02       1.014760435869e+04 
       2.407498904157e-02       1.014549973077e+04 
       2.408321180072e-02       1.014339378193e+04 
       2.409143760327e-02       1.014128651202e+04 
       2.409966645446e-02       1.013917791782e+04 
       2.410789835957e-02       1.013706799548e+04 
       2.411613332388e-02       1.013495676055e+04 
       2.412437135268e-02       1.013284420387e+04 
       2.413261245129e-02       1.013073032528e+04 
       2.414085662501e-02       1.012861512445e+04 
       2.414910387919e-02       1.012649860157e+04 
       2.415735421917e-02       1.012438075637e+04 
       2.416560765030e-02       1.012226158869e+04 
       2.417386417794e-02       1.012014109843e+04 
       2.418212380749e-02       1.011801928545e+04 
       2.419038654434e-02       1.011589615661e+04 
       2.419865239389e-02       1.011377163976e+04 
       2.420692136156e-02       1.011164585416e+04 
       2.421519345278e-02       1.010951874472e+04 
       2.422346867300e-02       1.010739031129e+04 
       2.423174702767e-02       1.010526055368e+04 
       2.424002852227e-02       1.010312947146e+04 
       2.424831316227e-02       1.010099706487e+04 
       2.425660095317e-02       1.009886333355e+04 
       2.426489190049e-02       1.009672827732e+04 
       2.427318600974e-02       1.009459189602e+04 
       2.428148328645e-02       1.009245418948e+04 
       2.428978373617e-02       1.009031512890e+04 
       2.429808736447e-02       1.008817477198e+04 
       2.430639417692e-02       1.008603308653e+04 
       2.431470417910e-02       1.008389007483e+04 
       2.432301737661e-02       1.008174573669e+04 
       2.433133377507e-02       1.007960007166e+04 
       2.433965338009e-02       1.007745307997e+04 
       2.434797619734e-02       1.007530476123e+04 
       2.435630223244e-02       1.007315511527e+04 
       2.436463149108e-02       1.007100414191e+04 
       2.437296397892e-02       1.006885185601e+04 
       2.438129970167e-02       1.006669817528e+04 
       2.438963866503e-02       1.006454321580e+04 
       2.439798087472e-02       1.006238692774e+04 
       2.440632633647e-02       1.006022931088e+04 
       2.441467505603e-02       1.005807035064e+04 
       2.442302703916e-02       1.005591007656e+04 
       2.443138229164e-02       1.005374847088e+04 
       2.443974081925e-02       1.005158553535e+04 
       2.444810262781e-02       1.004942126973e+04 
       2.445646772311e-02       1.004725567379e+04 
       2.446483611100e-02       1.004508874731e+04 
       2.447320779731e-02       1.004292049005e+04 
       2.448158278791e-02       1.004075090179e+04 
       2.448996108866e-02       1.003857998235e+04 
       2.449834270546e-02       1.003640773151e+04 
       2.450672764420e-02       1.003423416639e+04 
       2.451511591079e-02       1.003205918291e+04 
       2.452350751117e-02       1.002988293263e+04 
       2.453190245128e-02       1.002770534947e+04 
       2.454030073708e-02       1.002552643315e+04 
       2.454870237452e-02       1.002334618341e+04 
       2.455710736961e-02       1.002116459998e+04 
       2.456551572834e-02       1.001898168258e+04 
       2.457392745673e-02       1.001679743095e+04 
       2.458234256080e-02       1.001461184484e+04 
       2.459076104660e-02       1.001242492397e+04 
       2.459918292019e-02       1.001023666693e+04 
       2.460760818763e-02       1.000804705008e+04 
       2.461603685502e-02       1.000585612155e+04 
       2.462446892846e-02       1.000366385674e+04 
       2.463290441407e-02       1.000147025552e+04 
       2.464134331797e-02       9.999275317596e+03 
       2.464978564632e-02       9.997079042691e+03 
       2.465823140527e-02       9.994881430509e+03 
       2.466668060101e-02       9.992682480784e+03 
       2.467513323972e-02       9.990482193237e+03 
       2.468358932761e-02       9.988280567583e+03 
       2.469204887090e-02       9.986077565922e+03 
       2.470051187583e-02       9.983873263180e+03 
       2.470897834866e-02       9.981667618632e+03 
       2.471744829564e-02       9.979460634428e+03 
       2.472592172307e-02       9.977252309820e+03 
       2.473439863723e-02       9.975042633316e+03 
       2.474287904445e-02       9.972831627429e+03 
       2.475136295106e-02       9.970619280381e+03 
       2.475985036339e-02       9.968405591940e+03 
       2.476834128781e-02       9.966190561775e+03 
       2.477683573069e-02       9.963974189557e+03 
       2.478533369842e-02       9.961756474758e+03 
       2.479383519742e-02       9.959537417413e+03 
       2.480234023411e-02       9.957317017045e+03 
       2.481084881491e-02       9.955095273356e+03 
       2.481936094629e-02       9.952872186034e+03 
       2.482787663473e-02       9.950647707882e+03 
       2.483639588669e-02       9.948421926887e+03 
       2.484491870870e-02       9.946194802697e+03 
       2.485344510726e-02       9.943966333120e+03 
       2.486197508891e-02       9.941736517691e+03 
       2.487050866020e-02       9.939505356045e+03 
       2.487904582770e-02       9.937272847595e+03 
       2.488758659799e-02       9.935038992352e+03 
       2.489613097767e-02       9.932803789782e+03 
       2.490467897336e-02       9.930567239527e+03 
       2.491323059169e-02       9.928329341231e+03 
       2.492178583931e-02       9.926090104752e+03 
       2.493034472289e-02       9.923849472052e+03 
       2.493890724910e-02       9.921607525395e+03 
       2.494747342464e-02       9.919364228954e+03 
       2.495604325624e-02       9.917119582295e+03 
       2.496461675062e-02       9.914873585040e+03 
       2.497319391453e-02       9.912626236567e+03 
       2.498177475474e-02       9.910377536951e+03 
       2.499035927804e-02       9.908127485500e+03 
       2.499894749121e-02       9.905876081975e+03 
       2.500753940108e-02       9.903623325927e+03 
       2.501613501449e-02       9.901369181384e+03 
       2.502473433828e-02       9.899113716529e+03 
       2.503333737932e-02       9.896856897715e+03 
       2.504194414450e-02       9.894598724447e+03 
       2.505055464072e-02       9.892339201393e+03 
       2.505916887490e-02       9.890078300028e+03 
       2.506778685398e-02       9.887816059859e+03 
       2.507640858492e-02       9.885552463392e+03 
       2.508503407468e-02       9.883287510196e+03 
       2.509366333026e-02       9.881021199839e+03 
       2.510229635867e-02       9.878753531890e+03 
       2.511093316693e-02       9.876484505921e+03 
       2.511957376209e-02       9.874214121505e+03 
       2.512821815121e-02       9.871942378242e+03 
       2.513686634136e-02       9.869669275721e+03 
       2.514551833965e-02       9.867394821066e+03 
       2.515417415319e-02       9.865118940718e+03 
       2.516283378911e-02       9.862841754182e+03 
       2.517149725457e-02       9.860563206085e+03 
       2.518016455674e-02       9.858283296001e+03 
       2.518883570280e-02       9.856002023457e+03 
       2.519751069996e-02       9.853719387986e+03 
       2.520618955545e-02       9.851435389127e+03 
       2.521487227651e-02       9.849150026395e+03 
       2.522355887040e-02       9.846863299333e+03 
       2.523224934441e-02       9.844575207473e+03 
       2.524094370582e-02       9.842285749600e+03 
       2.524964196197e-02       9.839994901052e+03 
       2.525834412018e-02       9.837702710165e+03 
       2.526705018782e-02       9.835409152102e+03 
       2.527576017225e-02       9.833114226533e+03 
       2.528447408087e-02       9.830817932958e+03 
       2.529319192109e-02       9.828520270992e+03 
       2.530191370035e-02       9.826221239765e+03 
       2.531063942610e-02       9.823920839213e+03 
       2.531936910580e-02       9.821619068700e+03 
       2.532810274694e-02       9.819315927760e+03 
       2.533684035704e-02       9.817011376914e+03 
       2.534558194361e-02       9.814705495123e+03 
       2.535432751422e-02       9.812398236932e+03 
       2.536307707642e-02       9.810089605895e+03 
       2.537183063781e-02       9.807779603039e+03 
       2.538058820598e-02       9.805468210928e+03 
       2.538934978857e-02       9.803155457281e+03 
       2.539811539322e-02       9.800841328514e+03 
       2.540688502760e-02       9.798525824098e+03 
       2.541565869939e-02       9.796208943485e+03 
       2.542443641630e-02       9.793890686136e+03 
       2.543321818605e-02       9.791571051269e+03 
       2.544200401640e-02       9.789250038753e+03 
       2.545079391510e-02       9.786927647880e+03 
       2.545958788995e-02       9.784603878132e+03 
       2.546838594874e-02       9.782278728150e+03 
       2.547718809932e-02       9.779952150828e+03 
       2.548599434952e-02       9.777624237543e+03 
       2.549480470722e-02       9.775294942772e+03 
       2.550361918030e-02       9.772964265837e+03 
       2.551243777667e-02       9.770632206153e+03 
       2.552126050427e-02       9.768298762929e+03 
       2.553008737105e-02       9.765963935926e+03 
       2.553891838498e-02       9.763627724410e+03 
       2.554775355404e-02       9.761290127800e+03 
       2.555659288627e-02       9.758951145502e+03 
       2.556543638969e-02       9.756610776063e+03 
       2.557428407236e-02       9.754268995821e+03 
       2.558313594236e-02       9.751925851131e+03 
       2.559199200779e-02       9.749581318012e+03 
       2.560085227677e-02       9.747235396004e+03 
       2.560971675744e-02       9.744888084437e+03 
       2.561858545797e-02       9.742539382453e+03 
       2.562745838654e-02       9.740189289847e+03 
       2.563633555137e-02       9.737837805826e+03 
       2.564521696067e-02       9.735484929784e+03 
       2.565410262271e-02       9.733130660322e+03 
       2.566299254575e-02       9.730774964440e+03 
       2.567188673810e-02       9.728417906341e+03 
       2.568078520806e-02       9.726059453175e+03 
       2.568968796399e-02       9.723699604507e+03 
       2.569859501424e-02       9.721338364679e+03 
       2.570750636719e-02       9.718975705585e+03 
       2.571642203126e-02       9.716611665529e+03 
       2.572534201487e-02       9.714246227221e+03 
       2.573426632648e-02       9.711879390001e+03 
       2.574319497456e-02       9.709511153205e+03 
       2.575212796761e-02       9.707141516169e+03 
       2.576106531415e-02       9.704770478232e+03 
       2.577000702272e-02       9.702398038728e+03 
       2.577895310190e-02       9.700024197016e+03 
       2.578790356026e-02       9.697648952450e+03 
       2.579685840643e-02       9.695272321090e+03 
       2.580581764903e-02       9.692894202030e+03 
       2.581478129674e-02       9.690514741012e+03 
       2.582374935822e-02       9.688133873880e+03 
       2.583272184220e-02       9.685751599927e+03 
       2.584169875739e-02       9.683367918443e+03 
       2.585068011256e-02       9.680982828701e+03 
       2.585966591647e-02       9.678596330062e+03 
       2.586865617794e-02       9.676208421762e+03 
       2.587765090579e-02       9.673819103096e+03 
       2.588665010886e-02       9.671428373368e+03 
       2.589565379603e-02       9.669036224170e+03 
       2.590466197620e-02       9.666642651215e+03 
       2.591367465829e-02       9.664247681858e+03 
       2.592269185125e-02       9.661851298278e+03 
       2.593171356404e-02       9.659453499700e+03 
       2.594073980567e-02       9.657054285385e+03 
       2.594977058515e-02       9.654653654581e+03 
       2.595880591152e-02       9.652251606548e+03 
       2.596784579387e-02       9.649848140541e+03 
       2.597689024128e-02       9.647443255830e+03 
       2.598593926287e-02       9.645036922452e+03 
       2.599499286778e-02       9.642629191379e+03 
       2.600405106519e-02       9.640220043213e+03 
       2.601311386430e-02       9.637809472933e+03 
       2.602218127431e-02       9.635397480950e+03 
       2.603125330449e-02       9.632984051040e+03 
       2.604032996409e-02       9.630569208884e+03 
       2.604941126242e-02       9.628152941369e+03 
       2.605849720880e-02       9.625735247709e+03 
       2.606758781258e-02       9.623316127106e+03 
       2.607668308314e-02       9.620895578559e+03 
       2.608578302986e-02       9.618473601606e+03 
       2.609488766219e-02       9.616050195295e+03 
       2.610399698957e-02       9.613625358836e+03 
       2.611311102149e-02       9.611199091443e+03 
       2.612222976744e-02       9.608771407096e+03 
       2.613135323697e-02       9.606342212139e+03 
       2.614048143962e-02       9.603911643464e+03 
       2.614961438499e-02       9.601479640101e+03 
       2.615875208269e-02       9.599046201201e+03 
       2.616789454236e-02       9.596611325731e+03 
       2.617704177366e-02       9.594175013165e+03 
       2.618619378629e-02       9.591737262522e+03 
       2.619535058997e-02       9.589298072954e+03 
       2.620451219444e-02       9.586857443612e+03 
       2.621367860948e-02       9.584415373655e+03 
       2.622284984490e-02       9.581971861952e+03 
       2.623202591052e-02       9.579526882583e+03 
       2.624120681620e-02       9.577080483597e+03 
       2.625039257184e-02       9.574632640247e+03 
       2.625958318733e-02       9.572183351644e+03 
       2.626877867263e-02       9.569732616655e+03 
       2.627797903770e-02       9.567280434815e+03 
       2.628718429255e-02       9.564826805058e+03 
       2.629639444719e-02       9.562371726514e+03 
       2.630560951169e-02       9.559915198305e+03 
       2.631482949612e-02       9.557457180700e+03 
       2.632405441061e-02       9.554997754150e+03 
       2.633328426528e-02       9.552536868904e+03 
       2.634251907032e-02       9.550074530043e+03 
       2.635175883591e-02       9.547610739799e+03 
       2.636100357230e-02       9.545145475689e+03 
       2.637025328972e-02       9.542678769411e+03 
       2.637950799848e-02       9.540210605635e+03 
       2.638876770888e-02       9.537740983419e+03 
       2.639803243128e-02       9.535269901820e+03 
       2.640730217604e-02       9.532797359899e+03 
       2.641657695357e-02       9.530323356709e+03 
       2.642585677431e-02       9.527847891324e+03 
       2.643514164872e-02       9.525370962816e+03 
       2.644443158729e-02       9.522892570280e+03 
       2.645372660056e-02       9.520412708204e+03 
       2.646302669907e-02       9.517931340321e+03 
       2.647233189341e-02       9.515448546098e+03 
       2.648164219420e-02       9.512964283459e+03 
       2.649095761208e-02       9.510478551404e+03 
       2.650027815773e-02       9.507991348929e+03 
       2.650960384187e-02       9.505502675020e+03 
       2.651893467522e-02       9.503012528677e+03 
       2.652827066857e-02       9.500520908894e+03 
       2.653761183271e-02       9.498027814673e+03 
       2.654695817847e-02       9.495533244664e+03 
       2.655630971673e-02       9.493037174727e+03 
       2.656566645837e-02       9.490539648813e+03 
       2.657502841433e-02       9.488040644587e+03 
       2.658439559557e-02       9.485540160563e+03 
       2.659376801307e-02       9.483038195708e+03 
       2.660314567787e-02       9.480534748991e+03 
       2.661252860101e-02       9.478029819384e+03 
       2.662191679360e-02       9.475523405856e+03 
       2.663131026674e-02       9.473015507379e+03 
       2.664070903159e-02       9.470506127454e+03 
       2.665011309935e-02       9.467995217670e+03 
       2.665952248122e-02       9.465482855439e+03 
       2.666893718847e-02       9.462969003626e+03 
       2.667835723237e-02       9.460453661175e+03 
       2.668778262425e-02       9.457936814500e+03 
       2.669721337546e-02       9.455418487891e+03 
       2.670664949738e-02       9.452898666011e+03 
       2.671609100144e-02       9.450377348988e+03 
       2.672553789908e-02       9.447854535722e+03 
       2.673499020180e-02       9.445330224865e+03 
       2.674444792112e-02       9.442804415741e+03 
       2.675391106858e-02       9.440277107064e+03 
       2.676337965579e-02       9.437748297774e+03 
       2.677285369436e-02       9.435217986753e+03 
       2.678233319596e-02       9.432686178296e+03 
       2.679181817227e-02       9.430152808532e+03 
       2.680130863503e-02       9.427617982184e+03 
       2.681080459599e-02       9.425081649049e+03 
       2.682030606697e-02       9.422543807842e+03 
       2.682981305978e-02       9.420004457700e+03 
       2.683932558631e-02       9.417463597321e+03 
       2.684884365845e-02       9.414921225535e+03 
       2.685836728814e-02       9.412377341173e+03 
       2.686789648737e-02       9.409831943071e+03 
       2.687743126814e-02       9.407285030074e+03 
       2.688697164250e-02       9.404736586717e+03 
       2.689651762253e-02       9.402186629449e+03 
       2.690606922036e-02       9.399635162692e+03 
       2.691562644815e-02       9.397082176041e+03 
       2.692518931809e-02       9.394527667974e+03 
       2.693475784240e-02       9.391971637777e+03 
       2.694433203336e-02       9.389414084019e+03 
       2.695391190327e-02       9.386855005494e+03 
       2.696349746448e-02       9.384294401000e+03 
       2.697308872937e-02       9.381732268481e+03 
       2.698268571034e-02       9.379168576690e+03 
       2.699228841986e-02       9.376603384752e+03 
       2.700189687043e-02       9.374036661402e+03 
       2.701151107456e-02       9.371468405370e+03 
       2.702113104483e-02       9.368898606100e+03 
       2.703075679385e-02       9.366327279332e+03 
       2.704038833427e-02       9.363754417488e+03 
       2.705002567877e-02       9.361180017974e+03 
       2.705966884006e-02       9.358604079510e+03 
       2.706931783093e-02       9.356026600814e+03 
       2.707897266416e-02       9.353447580607e+03 
       2.708863335259e-02       9.350867017599e+03 
       2.709829990912e-02       9.348284910514e+03 
       2.710797234665e-02       9.345701257838e+03 
       2.711765067815e-02       9.343116061308e+03 
       2.712733491662e-02       9.340529265890e+03 
       2.713702507510e-02       9.337940966057e+03 
       2.714672116667e-02       9.335351115123e+03 
       2.715642320444e-02       9.332759711773e+03 
       2.716613120158e-02       9.330166754658e+03 
       2.717584517130e-02       9.327572242437e+03 
       2.718556512682e-02       9.324976173762e+03 
       2.719529108145e-02       9.322378547096e+03 
       2.720502304850e-02       9.319779361410e+03 
       2.721476104133e-02       9.317178615219e+03 
       2.722450507337e-02       9.314576280665e+03 
       2.723425515805e-02       9.311972410950e+03 
       2.724401130888e-02       9.309366973020e+03 
       2.725377353937e-02       9.306759968779e+03 
       2.726354186312e-02       9.304151396821e+03 
       2.727331629373e-02       9.301541255742e+03 
       2.728309684488e-02       9.298929544146e+03 
       2.729288353026e-02       9.296316260474e+03 
       2.730267636362e-02       9.293701403552e+03 
       2.731247535875e-02       9.291084976329e+03 
       2.732228052949e-02       9.288466932065e+03 
       2.733209188971e-02       9.285847344365e+03 
       2.734190945333e-02       9.283226177334e+03 
       2.735173323433e-02       9.280603429533e+03 
       2.736156324670e-02       9.277979088801e+03 
       2.737139950450e-02       9.275353174130e+03 
       2.738124202183e-02       9.272725674413e+03 
       2.739109081283e-02       9.270096587717e+03 
       2.740094589169e-02       9.267465912968e+03 
       2.741080727264e-02       9.264833648487e+03 
       2.742067496996e-02       9.262199792810e+03 
       2.743054899797e-02       9.259564344423e+03 
       2.744042937104e-02       9.256927301864e+03 
       2.745031610358e-02       9.254288663668e+03 
       2.746020921005e-02       9.251648443833e+03 
       2.747010870497e-02       9.249006548450e+03 
       2.748001460288e-02       9.246363110518e+03 
       2.748992691837e-02       9.243718070553e+03 
       2.749984566611e-02       9.241071426862e+03 
       2.750977086078e-02       9.238423177891e+03 
       2.751970251711e-02       9.235773322117e+03 
       2.752964064991e-02       9.233121857969e+03 
       2.753958527400e-02       9.230468783905e+03 
       2.754953640426e-02       9.227814098376e+03 
       2.755949405563e-02       9.225157801391e+03 
       2.756945824309e-02       9.222499863145e+03 
       2.757942898165e-02       9.219840331714e+03 
       2.758940628641e-02       9.217179182354e+03 
       2.759939017248e-02       9.214516413286e+03 
       2.760938065504e-02       9.211852022890e+03 
       2.761937774930e-02       9.209186009557e+03 
       2.762938147055e-02       9.206518371682e+03 
       2.763939183410e-02       9.203849107664e+03 
       2.764940885533e-02       9.201178215889e+03 
       2.765943254965e-02       9.198505658915e+03 
       2.766946293255e-02       9.195831509536e+03 
       2.767950001953e-02       9.193155722025e+03 
       2.768954382618e-02       9.190478299850e+03 
       2.769959436812e-02       9.187799241617e+03 
       2.770965166103e-02       9.185118541855e+03 
       2.771971572062e-02       9.182436205419e+03 
       2.772978656269e-02       9.179752214600e+03 
       2.773986420305e-02       9.177066592743e+03 
       2.774994865760e-02       9.174379325969e+03 
       2.776003994227e-02       9.171690412373e+03 
       2.777013807304e-02       9.168999850549e+03 
       2.778024306595e-02       9.166307638650e+03 
       2.779035493710e-02       9.163613775063e+03 
       2.780047370263e-02       9.160918257805e+03 
       2.781059937874e-02       9.158221052907e+03 
       2.782073198168e-02       9.155522216911e+03 
       2.783087152777e-02       9.152821725664e+03 
       2.784101803336e-02       9.150119573529e+03 
       2.785117151487e-02       9.147415758735e+03 
       2.786133198876e-02       9.144710279261e+03 
       2.787149947157e-02       9.142003133727e+03 
       2.788167397987e-02       9.139294320183e+03 
       2.789185553030e-02       9.136583836834e+03 
       2.790204413955e-02       9.133871678521e+03 
       2.791223982436e-02       9.131157832834e+03 
       2.792244260154e-02       9.128442327613e+03 
       2.793265248795e-02       9.125725145109e+03 
       2.794286950050e-02       9.123006283530e+03 
       2.795309365617e-02       9.120285740660e+03 
       2.796332497198e-02       9.117563515164e+03 
       2.797356346503e-02       9.114839604995e+03 
       2.798380915245e-02       9.112114007786e+03 
       2.799406205145e-02       9.109386696048e+03 
       2.800432217930e-02       9.106657718702e+03 
       2.801458955330e-02       9.103927048877e+03 
       2.802486419084e-02       9.101194684519e+03 
       2.803514610935e-02       9.098460613770e+03 
       2.804543532633e-02       9.095724854270e+03 
       2.805573185933e-02       9.092987394719e+03 
       2.806603572598e-02       9.090248233082e+03 
       2.807634694393e-02       9.087507367394e+03 
       2.808666553094e-02       9.084764795730e+03 
       2.809699150479e-02       9.082020516147e+03 
       2.810732488334e-02       9.079274526694e+03 
       2.811766568450e-02       9.076526825427e+03 
       2.812801392626e-02       9.073777410404e+03 
       2.813836962666e-02       9.071026280374e+03 
       2.814873280380e-02       9.068273388259e+03 
       2.815910347584e-02       9.065518816785e+03 
       2.816948166101e-02       9.062762523245e+03 
       2.817986737760e-02       9.060004505546e+03 
       2.819026064396e-02       9.057244761643e+03 
       2.820066147851e-02       9.054483289507e+03 
       2.821106989973e-02       9.051720087095e+03 
       2.822148592616e-02       9.048955152369e+03 
       2.823190957640e-02       9.046188483105e+03 
       2.824234086914e-02       9.043420077558e+03 
       2.825277982311e-02       9.040649940997e+03 
       2.826322645710e-02       9.037878026239e+03 
       2.827368078999e-02       9.035104397353e+03 
       2.828414284071e-02       9.032329023520e+03 
       2.829461262826e-02       9.029551902632e+03 
       2.830509017171e-02       9.026773032575e+03 
       2.831557549018e-02       9.023992411235e+03 
       2.832606860288e-02       9.021210036372e+03 
       2.833656952907e-02       9.018425905994e+03 
       2.834707828808e-02       9.015640018030e+03 
       2.835759489932e-02       9.012852368786e+03 
       2.836811938226e-02       9.010062929712e+03 
       2.837865175643e-02       9.007271753513e+03 
       2.838919204144e-02       9.004478810715e+03 
       2.839974025697e-02       9.001684099701e+03 
       2.841029642276e-02       8.998887606187e+03 
       2.842086055863e-02       8.996089349472e+03 
       2.843143268447e-02       8.993289317370e+03 
       2.844201282023e-02       8.990487507757e+03 
       2.845260098593e-02       8.987683917747e+03 
       2.846319720167e-02       8.984878545763e+03 
       2.847380148763e-02       8.982071389350e+03 
       2.848441386404e-02       8.979262446265e+03 
       2.849503435122e-02       8.976451714270e+03 
       2.850566296955e-02       8.973639191134e+03 
       2.851629973949e-02       8.970824885278e+03 
       2.852694468158e-02       8.968008719541e+03 
       2.853759781641e-02       8.965190805938e+03 
       2.854825916466e-02       8.962371091578e+03 
       2.855892874710e-02       8.959549574234e+03 
       2.856960658454e-02       8.956726251258e+03 
       2.858029269789e-02       8.953901120614e+03 
       2.859098710812e-02       8.951074179853e+03 
       2.860168983629e-02       8.948245426636e+03 
       2.861240090354e-02       8.945414858434e+03 
       2.862312033105e-02       8.942582472883e+03 
       2.863384814012e-02       8.939748246969e+03 
       2.864458435210e-02       8.936912218643e+03 
       2.865532898844e-02       8.934074365731e+03 
       2.866608207064e-02       8.931234685879e+03 
       2.867684362030e-02       8.928393176518e+03 
       2.868761365909e-02       8.925549835372e+03 
       2.869839220876e-02       8.922704659965e+03 
       2.870917929114e-02       8.919857647671e+03 
       2.871997492814e-02       8.917008796370e+03 
       2.873077914175e-02       8.914158113494e+03 
       2.874159195403e-02       8.911305537118e+03 
       2.875241338715e-02       8.908451151283e+03 
       2.876324346332e-02       8.905594916071e+03 
       2.877408220487e-02       8.902736828665e+03 
       2.878492963418e-02       8.899876877606e+03 
       2.879578577375e-02       8.897015078494e+03 
       2.880665064612e-02       8.894151419577e+03 
       2.881752427395e-02       8.891285898693e+03 
       2.882840667996e-02       8.888418513138e+03 
       2.883929788696e-02       8.885549260344e+03 
       2.885019791786e-02       8.882678137742e+03 
       2.886110679562e-02       8.879805142764e+03 
       2.887202454332e-02       8.876930272846e+03 
       2.888295118412e-02       8.874053525402e+03 
       2.889388674124e-02       8.871174852595e+03 
       2.890483123802e-02       8.868294346121e+03 
       2.891578469786e-02       8.865411947072e+03 
       2.892674714427e-02       8.862527659538e+03 
       2.893771860084e-02       8.859641480838e+03 
       2.894869909124e-02       8.856753408325e+03 
       2.895968863924e-02       8.853863439223e+03 
       2.897068726868e-02       8.850971570944e+03 
       2.898169500352e-02       8.848077800779e+03 
       2.899271186779e-02       8.845182125865e+03 
       2.900373788561e-02       8.842284549360e+03 
       2.901477308120e-02       8.839385030403e+03 
       2.902581747887e-02       8.836483623789e+03 
       2.903687110301e-02       8.833580301399e+03 
       2.904793397812e-02       8.830675060467e+03 
       2.905900612877e-02       8.827767898222e+03 
       2.907008757966e-02       8.824858811876e+03 
       2.908117835554e-02       8.821947798564e+03 
       2.909227848128e-02       8.819034855547e+03 
       2.910338798186e-02       8.816119984997e+03 
       2.911450688231e-02       8.813203141674e+03 
       2.912563520779e-02       8.810284390538e+03 
       2.913677298356e-02       8.807363698073e+03 
       2.914792023495e-02       8.804441061163e+03 
       2.915907698740e-02       8.801516468197e+03 
       2.917024326646e-02       8.798589933841e+03 
       2.918141909775e-02       8.795661446386e+03 
       2.919260450703e-02       8.792731003077e+03 
       2.920379952012e-02       8.789798601015e+03 
       2.921500416295e-02       8.786864237214e+03 
       2.922621846157e-02       8.783927908738e+03 
       2.923744244211e-02       8.780989612641e+03 
       2.924867613080e-02       8.778049345993e+03 
       2.925991955398e-02       8.775107105635e+03 
       2.927117273810e-02       8.772162852013e+03 
       2.928243570970e-02       8.769216652526e+03 
       2.929370849542e-02       8.766268470452e+03 
       2.930499112202e-02       8.763318302376e+03 
       2.931628361635e-02       8.760366145239e+03 
       2.932758600537e-02       8.757411995987e+03 
       2.933889831615e-02       8.754455851618e+03 
       2.935022057586e-02       8.751497708916e+03 
       2.936155281178e-02       8.748537564895e+03 
       2.937289505129e-02       8.745575416410e+03 
       2.938424732189e-02       8.742611241189e+03 
       2.939560965118e-02       8.739645072926e+03 
       2.940698206687e-02       8.736676890828e+03 
       2.941836459677e-02       8.733706691546e+03 
       2.942975726883e-02       8.730734471909e+03 
       2.944116011108e-02       8.727760228741e+03 
       2.945257315166e-02       8.724783958796e+03 
       2.946399641885e-02       8.721805658952e+03 
       2.947542994102e-02       8.718825325984e+03 
       2.948687374666e-02       8.715842930317e+03 
       2.949832786437e-02       8.712858520095e+03 
       2.950979232286e-02       8.709872066030e+03 
       2.952126715097e-02       8.706883565631e+03 
       2.953275237765e-02       8.703893005072e+03 
       2.954424803195e-02       8.700900402943e+03 
       2.955575414305e-02       8.697905742869e+03 
       2.956727074026e-02       8.694909023093e+03 
       2.957879785297e-02       8.691910240321e+03 
       2.959033551074e-02       8.688909391178e+03 
       2.960188374320e-02       8.685906472295e+03 
       2.961344258012e-02       8.682901480304e+03 
       2.962501205141e-02       8.679894411836e+03 
       2.963659218706e-02       8.676885263495e+03 
       2.964818301722e-02       8.673873995240e+03 
       2.965978457214e-02       8.670860675116e+03 
       2.967139688220e-02       8.667845263421e+03 
       2.968301997790e-02       8.664827757720e+03 
       2.969465388987e-02       8.661808154509e+03 
       2.970629864886e-02       8.658786450310e+03 
       2.971795428575e-02       8.655762641636e+03 
       2.972962083155e-02       8.652736724966e+03 
       2.974129831737e-02       8.649708696822e+03 
       2.975298677449e-02       8.646678553248e+03 
       2.976468623428e-02       8.643646273018e+03 
       2.977639672827e-02       8.640611887668e+03 
       2.978811828810e-02       8.637575376317e+03 
       2.979985094555e-02       8.634536735374e+03 
       2.981159473252e-02       8.631495961215e+03 
       2.982334968105e-02       8.628453050174e+03 
       2.983511582333e-02       8.625407998639e+03 
       2.984689319164e-02       8.622360803132e+03 
       2.985868181843e-02       8.619311458803e+03 
       2.987048173628e-02       8.616259939420e+03 
       2.988229297790e-02       8.613206287242e+03 
       2.989411557613e-02       8.610150475899e+03 
       2.990594956396e-02       8.607092501360e+03 
       2.991779497450e-02       8.604032352043e+03 
       2.992965184103e-02       8.600970040058e+03 
       2.994152019693e-02       8.597905553826e+03 
       2.995340007575e-02       8.594838889524e+03 
       2.996529151117e-02       8.591770043338e+03 
       2.997719453702e-02       8.588699011423e+03 
       2.998910918725e-02       8.585625789929e+03 
       3.000103549598e-02       8.582550375007e+03 
       3.001297349745e-02       8.579472762779e+03 
       3.002492322607e-02       8.576392961413e+03 
       3.003688471639e-02       8.573310895425e+03 
       3.004885800308e-02       8.570226664998e+03 
       3.006084312099e-02       8.567140221231e+03 
       3.007284010511e-02       8.564051560163e+03 
       3.008484899057e-02       8.560960677823e+03 
       3.009686981265e-02       8.557867570227e+03 
       3.010890260679e-02       8.554772233420e+03 
       3.012094740858e-02       8.551674663404e+03 
       3.013300425376e-02       8.548574856160e+03 
       3.014507317822e-02       8.545472787366e+03 
       3.015715421801e-02       8.542368494617e+03 
       3.016924740933e-02       8.539261949600e+03 
       3.018135278855e-02       8.536153150743e+03 
       3.019347039217e-02       8.533042093916e+03 
       3.020560025687e-02       8.529928774978e+03 
       3.021774241949e-02       8.526813189765e+03 
       3.022989691702e-02       8.523695334122e+03 
       3.024206378660e-02       8.520575203405e+03 
       3.025424306556e-02       8.517452771041e+03 
       3.026643479136e-02       8.514328076975e+03 
       3.027863900166e-02       8.511201095400e+03 
       3.029085573425e-02       8.508071821762e+03 
       3.030308502711e-02       8.504940244337e+03 
       3.031532691837e-02       8.501806373984e+03 
       3.032758144633e-02       8.498670198932e+03 
       3.033984864947e-02       8.495531714834e+03 
       3.035212856642e-02       8.492390917311e+03 
       3.036442123601e-02       8.489247801983e+03 
       3.037672669720e-02       8.486102364444e+03 
       3.038904498915e-02       8.482954600305e+03 
       3.040137615120e-02       8.479804505172e+03 
       3.041372022284e-02       8.476652070262e+03 
       3.042607724374e-02       8.473497269719e+03 
       3.043844725377e-02       8.470340151901e+03 
       3.045083029295e-02       8.467180684766e+03 
       3.046322640150e-02       8.464018863823e+03 
       3.047563561979e-02       8.460854684549e+03 
       3.048805798840e-02       8.457688142422e+03 
       3.050049354808e-02       8.454519232910e+03 
       3.051294233976e-02       8.451347951441e+03 
       3.052540440455e-02       8.448174293651e+03 
       3.053787978377e-02       8.444998236812e+03 
       3.055036851889e-02       8.441819810228e+03 
       3.056287065158e-02       8.438638992834e+03 
       3.057538622373e-02       8.435455779924e+03 
       3.058791527736e-02       8.432270166775e+03 
       3.060045785473e-02       8.429082148653e+03 
       3.061301399827e-02       8.425891720805e+03 
       3.062558375060e-02       8.422698878493e+03 
       3.063816715455e-02       8.419503607809e+03 
       3.065076425313e-02       8.416305907615e+03 
       3.066337508955e-02       8.413105790994e+03 
       3.067599970722e-02       8.409903240391e+03 
       3.068863814975e-02       8.406698241861e+03 
       3.070129046094e-02       8.403490809429e+03 
       3.071395668481e-02       8.400280926942e+03 
       3.072663686556e-02       8.397068590799e+03 
       3.073933104761e-02       8.393853796020e+03 
       3.075203927558e-02       8.390636537606e+03 
       3.076476159428e-02       8.387416810536e+03 
       3.077749804877e-02       8.384194609795e+03 
       3.079024868427e-02       8.380969930364e+03 
       3.080301354623e-02       8.377742779949e+03 
       3.081579268032e-02       8.374513082950e+03 
       3.082858613241e-02       8.371280934092e+03 
       3.084139394859e-02       8.368046285747e+03 
       3.085421617516e-02       8.364809132751e+03 
       3.086705285864e-02       8.361569469964e+03 
       3.087990404578e-02       8.358327292205e+03 
       3.089276978351e-02       8.355082594300e+03 
       3.090565011903e-02       8.351835371033e+03 
       3.091854509972e-02       8.348585619567e+03 
       3.093145477322e-02       8.345333310581e+03 
       3.094437918736e-02       8.342078478002e+03 
       3.095731839023e-02       8.338821098803e+03 
       3.097027243011e-02       8.335561167378e+03 
       3.098324135555e-02       8.332298678334e+03 
       3.099622521529e-02       8.329033626819e+03 
       3.100922405833e-02       8.325766007052e+03 
       3.102223793389e-02       8.322495813397e+03 
       3.103526689144e-02       8.319223019650e+03 
       3.104831098066e-02       8.315947659490e+03 
       3.106137025149e-02       8.312669709023e+03 
       3.107444475411e-02       8.309389162147e+03 
       3.108753453891e-02       8.306106006646e+03 
       3.110063965657e-02       8.302820250426e+03 
       3.111376015798e-02       8.299531881206e+03 
       3.112689609428e-02       8.296240893326e+03 
       3.114004751687e-02       8.292947281103e+03 
       3.115321447738e-02       8.289651038816e+03 
       3.116639702771e-02       8.286352160730e+03 
       3.117959522000e-02       8.283050641130e+03 
       3.119280910663e-02       8.279746473212e+03 
       3.120603874027e-02       8.276439625032e+03 
       3.121928417382e-02       8.273130143528e+03 
       3.123254546045e-02       8.269817996870e+03 
       3.124582265358e-02       8.266503179183e+03 
       3.125911580689e-02       8.263185684576e+03 
       3.127242497435e-02       8.259865507120e+03 
       3.128575021016e-02       8.256542640906e+03 
       3.129909156880e-02       8.253217079987e+03 
       3.131244910504e-02       8.249888819862e+03 
       3.132582287388e-02       8.246557834629e+03 
       3.133921293064e-02       8.243224152040e+03 
       3.135261933086e-02       8.239887750304e+03 
       3.136604213040e-02       8.236548623284e+03 
       3.137948138538e-02       8.233206764785e+03 
       3.139293715220e-02       8.229862168672e+03 
       3.140640948753e-02       8.226514828745e+03 
       3.141989844835e-02       8.223164740260e+03 
       3.143340409191e-02       8.219811872943e+03 
       3.144692647574e-02       8.216456262499e+03 
       3.146046565767e-02       8.213097882985e+03 
       3.147402169581e-02       8.209736721340e+03 
       3.148759464858e-02       8.206372783918e+03 
       3.150118457468e-02       8.203006058377e+03 
       3.151479153311e-02       8.199636538166e+03 
       3.152841558316e-02       8.196264216853e+03 
       3.154205678445e-02       8.192889087925e+03 
       3.155571519686e-02       8.189511144873e+03 
       3.156939088062e-02       8.186130381171e+03 
       3.158308389622e-02       8.182746760597e+03 
       3.159679430451e-02       8.179360336774e+03 
       3.161052216660e-02       8.175971068593e+03 
       3.162426754395e-02       8.172578952931e+03 
       3.163803049832e-02       8.169183982979e+03 
       3.165181109179e-02       8.165786152136e+03 
       3.166560938676e-02       8.162385453663e+03 
       3.167942544594e-02       8.158981880744e+03 
       3.169325933240e-02       8.155575417749e+03 
       3.170711110948e-02       8.152166069549e+03 
       3.172098084090e-02       8.148753830885e+03 
       3.173486859069e-02       8.145338690085e+03 
       3.174877442320e-02       8.141920640242e+03 
       3.176269840314e-02       8.138499674253e+03 
       3.177664059554e-02       8.135075785198e+03 
       3.179060106578e-02       8.131648969893e+03 
       3.180457987957e-02       8.128219190989e+03 
       3.181857710298e-02       8.124786488533e+03 
       3.183259280242e-02       8.121350834419e+03 
       3.184662704465e-02       8.117912215069e+03 
       3.186067989677e-02       8.114470635508e+03 
       3.187475142626e-02       8.111026082709e+03 
       3.188884170094e-02       8.107578549089e+03 
       3.190295078898e-02       8.104128027644e+03 
       3.191707875893e-02       8.100674510954e+03 
       3.193122567970e-02       8.097217991608e+03 
       3.194539162057e-02       8.093758461917e+03 
       3.195957665118e-02       8.090295890150e+03 
       3.197378084155e-02       8.086830315593e+03 
       3.198800426206e-02       8.083361708145e+03 
       3.200224698350e-02       8.079890060187e+03 
       3.201650907700e-02       8.076415364236e+03 
       3.203079061411e-02       8.072937612643e+03 
       3.204509166674e-02       8.069456797786e+03 
       3.205941230720e-02       8.065972913269e+03 
       3.207375260819e-02       8.062485934211e+03 
       3.208811264280e-02       8.058995881901e+03 
       3.210249248452e-02       8.055502735071e+03 
       3.211689220724e-02       8.052006485896e+03 
       3.213131188526e-02       8.048507126432e+03 
       3.214575159326e-02       8.045004648769e+03 
       3.216021140637e-02       8.041499044443e+03 
       3.217469140009e-02       8.037990289890e+03 
       3.218919165037e-02       8.034478407862e+03 
       3.220371223354e-02       8.030963375374e+03 
       3.221825322639e-02       8.027445178374e+03 
       3.223281470610e-02       8.023923819972e+03 
       3.224739675031e-02       8.020399286582e+03 
       3.226199943706e-02       8.016871570007e+03 
       3.227662284483e-02       8.013340661886e+03 
       3.229126705255e-02       8.009806553959e+03 
       3.230593213958e-02       8.006269237916e+03 
       3.232061818573e-02       8.002728706452e+03 
       3.233532527124e-02       7.999184924218e+03 
       3.235005347681e-02       7.995637930547e+03 
       3.236480288360e-02       7.992087694446e+03 
       3.237957357321e-02       7.988534207281e+03 
       3.239436562772e-02       7.984977460532e+03 
       3.240917912965e-02       7.981417445639e+03 
       3.242401416201e-02       7.977854153921e+03 
       3.243887080825e-02       7.974287568270e+03 
       3.245374915233e-02       7.970717692427e+03 
       3.246864927866e-02       7.967144516454e+03 
       3.248357127214e-02       7.963568028099e+03 
       3.249851521815e-02       7.959988218749e+03 
       3.251348120257e-02       7.956405079325e+03 
       3.252846931175e-02       7.952818600825e+03 
       3.254347963257e-02       7.949228756856e+03 
       3.255851225237e-02       7.945635573833e+03 
       3.257356725903e-02       7.942039021709e+03 
       3.258864474090e-02       7.938439091370e+03 
       3.260374478687e-02       7.934835775180e+03 
       3.261886748633e-02       7.931229067458e+03 
       3.263401292920e-02       7.927618956161e+03 
       3.264918120591e-02       7.924005431976e+03 
       3.266437240742e-02       7.920388485502e+03 
       3.267958662523e-02       7.916768107166e+03 
       3.269482395137e-02       7.913144286952e+03 
       3.271008447841e-02       7.909516996268e+03 
       3.272536829945e-02       7.905886263088e+03 
       3.274067550815e-02       7.902252059425e+03 
       3.275600619873e-02       7.898614375571e+03 
       3.277136046596e-02       7.894973201706e+03 
       3.278673840516e-02       7.891328528080e+03 
       3.280214011222e-02       7.887680344974e+03 
       3.281756568361e-02       7.884028631759e+03 
       3.283301521636e-02       7.880373398731e+03 
       3.284848880809e-02       7.876714626223e+03 
       3.286398655700e-02       7.873052304166e+03 
       3.287950856187e-02       7.869386422322e+03 
       3.289505492209e-02       7.865716970755e+03 
       3.291062573761e-02       7.862043939431e+03 
       3.292622110903e-02       7.858367303213e+03 
       3.294184113753e-02       7.854687079039e+03 
       3.295748592491e-02       7.851003243832e+03 
       3.297315557357e-02       7.847315781149e+03 
       3.298885018654e-02       7.843624691177e+03 
       3.300456986750e-02       7.839929958514e+03 
       3.302031472074e-02       7.836231572521e+03 
       3.303608485117e-02       7.832529522677e+03 
       3.305188036437e-02       7.828823798265e+03 
       3.306770136657e-02       7.825114388587e+03 
       3.308354796462e-02       7.821401281600e+03 
       3.309942026606e-02       7.817684448703e+03 
       3.311531837908e-02       7.813963915360e+03 
       3.313124241254e-02       7.810239652714e+03 
       3.314719247597e-02       7.806511649710e+03 
       3.316316867958e-02       7.802779895270e+03 
       3.317917113428e-02       7.799044378058e+03 
       3.319519995165e-02       7.795305087155e+03 
       3.321125524398e-02       7.791562003028e+03 
       3.322733712426e-02       7.787815127544e+03 
       3.324344570617e-02       7.784064446132e+03 
       3.325958110415e-02       7.780309945358e+03 
       3.327574343330e-02       7.776551613450e+03 
       3.329193280950e-02       7.772789439114e+03 
       3.330814934933e-02       7.769023410577e+03 
       3.332439317011e-02       7.765253516139e+03 
       3.334066438993e-02       7.761479730644e+03 
       3.335696312760e-02       7.757702067411e+03 
       3.337328950270e-02       7.753920502435e+03 
       3.338964363558e-02       7.750135025225e+03 
       3.340602564734e-02       7.746345614845e+03 
       3.342243565989e-02       7.742552272490e+03 
       3.343887379590e-02       7.738754980252e+03 
       3.345534017882e-02       7.734953725886e+03 
       3.347183493293e-02       7.731148496952e+03 
       3.348835818327e-02       7.727339281252e+03 
       3.350491005574e-02       7.723526066255e+03 
       3.352149067702e-02       7.719708839443e+03 
       3.353810017463e-02       7.715887592296e+03 
       3.355473867692e-02       7.712062281816e+03 
       3.357140631307e-02       7.708232941899e+03 
       3.358810321312e-02       7.704399539155e+03 
       3.360482950796e-02       7.700562060913e+03 
       3.362158532933e-02       7.696720494173e+03 
       3.363837080986e-02       7.692874826037e+03 
       3.365518608303e-02       7.689025043410e+03 
       3.367203128323e-02       7.685171133005e+03 
       3.368890654572e-02       7.681313081820e+03 
       3.370581200667e-02       7.677450867398e+03 
       3.372274780316e-02       7.673584493421e+03 
       3.373971407318e-02       7.669713938340e+03 
       3.375671095565e-02       7.665839188580e+03 
       3.377373859041e-02       7.661960238733e+03 
       3.379079711825e-02       7.658077045495e+03 
       3.380788668090e-02       7.654189629437e+03 
       3.382500742107e-02       7.650297963920e+03 
       3.384215948240e-02       7.646402031256e+03 
       3.385934300954e-02       7.642501824679e+03 
       3.387655814810e-02       7.638597326590e+03 
       3.389380504469e-02       7.634688522873e+03 
       3.391108384692e-02       7.630775399366e+03 
       3.392839470341e-02       7.626857941704e+03 
       3.394573776381e-02       7.622936135522e+03 
       3.396311317877e-02       7.619009952564e+03 
       3.398052110000e-02       7.615079403821e+03 
       3.399796168027e-02       7.611144462821e+03 
       3.401543507338e-02       7.607205114735e+03 
       3.403294143421e-02       7.603261344835e+03 
       3.405048091872e-02       7.599313138269e+03 
       3.406805368394e-02       7.595360479985e+03 
       3.408565988803e-02       7.591403347871e+03 
       3.410329969021e-02       7.587441740091e+03 
       3.412097325087e-02       7.583475634971e+03 
       3.413868073149e-02       7.579505017194e+03 
       3.415642229469e-02       7.575529867200e+03 
       3.417419810426e-02       7.571550176958e+03 
       3.419200832514e-02       7.567565924151e+03 
       3.420985312344e-02       7.563577099736e+03 
       3.422773266644e-02       7.559583684256e+03 
       3.424564712264e-02       7.555585662210e+03 
       3.426359666171e-02       7.551583017550e+03 
       3.428158145457e-02       7.547575734404e+03 
       3.429960167334e-02       7.543563796436e+03 
       3.431765749140e-02       7.539547176084e+03 
       3.433574908337e-02       7.535525877984e+03 
       3.435387662513e-02       7.531499875696e+03 
       3.437204029384e-02       7.527469152501e+03 
       3.439024026795e-02       7.523433691987e+03 
       3.440847672721e-02       7.519393474769e+03 
       3.442674985266e-02       7.515348489198e+03 
       3.444505982671e-02       7.511298715825e+03 
       3.446340683307e-02       7.507244131312e+03 
       3.448179105681e-02       7.503184730724e+03 
       3.450021268437e-02       7.499120490123e+03 
       3.451867190356e-02       7.495051392729e+03 
       3.453716890360e-02       7.490977421084e+03 
       3.455570387509e-02       7.486898550427e+03 
       3.457427701006e-02       7.482814775652e+03 
       3.459288850199e-02       7.478726071288e+03 
       3.461153854576e-02       7.474632422988e+03 
       3.463022733777e-02       7.470533811144e+03 
       3.464895507585e-02       7.466430217624e+03 
       3.466772195934e-02       7.462321624097e+03 
       3.468652818910e-02       7.458208003673e+03 
       3.470537396747e-02       7.454089353526e+03 
       3.472425949837e-02       7.449965647976e+03 
       3.474318498724e-02       7.445836868131e+03 
       3.476215064110e-02       7.441702995132e+03 
       3.478115666857e-02       7.437564011292e+03 
       3.480020327983e-02       7.433419888349e+03 
       3.481929068672e-02       7.429270620686e+03 
       3.483841910267e-02       7.425116183248e+03 
       3.485758874279e-02       7.420956556591e+03 
       3.487679982385e-02       7.416791723103e+03 
       3.489605256428e-02       7.412621651156e+03 
       3.491534718425e-02       7.408446337781e+03 
       3.493468390561e-02       7.404265755116e+03 
       3.495406295197e-02       7.400079884788e+03 
       3.497348454868e-02       7.395888707130e+03 
       3.499294892288e-02       7.391692193454e+03 
       3.501245630347e-02       7.387490334916e+03 
       3.503200692120e-02       7.383283106127e+03 
       3.505160100861e-02       7.379070486283e+03 
       3.507123880011e-02       7.374852452013e+03 
       3.509092053198e-02       7.370628986897e+03 
       3.511064644236e-02       7.366400067692e+03 
       3.513041677133e-02       7.362165673159e+03 
       3.515023176088e-02       7.357925781842e+03 
       3.517009165496e-02       7.353680372036e+03 
       3.518999669946e-02       7.349429422154e+03 
       3.520994714229e-02       7.345172906876e+03 
       3.522994323336e-02       7.340910810529e+03 
       3.524998522462e-02       7.336643107794e+03 
       3.527007337007e-02       7.332369776593e+03 
       3.529020792577e-02       7.328090794194e+03 
       3.531038914992e-02       7.323806139247e+03 
       3.533061730280e-02       7.319515781014e+03 
       3.535089264686e-02       7.315219709181e+03 
       3.537121544672e-02       7.310917894910e+03 
       3.539158596918e-02       7.306610315112e+03 
       3.541200448327e-02       7.302296946257e+03 
       3.543247126026e-02       7.297977764797e+03 
       3.545298657368e-02       7.293652747004e+03 
       3.547355069936e-02       7.289321868922e+03 
       3.549416391545e-02       7.284985106747e+03 
       3.551482650242e-02       7.280642436250e+03 
       3.553553874314e-02       7.276293833160e+03 
       3.555630092286e-02       7.271939272975e+03 
       3.557711332926e-02       7.267578730835e+03 
       3.559797625246e-02       7.263212182019e+03 
       3.561888998507e-02       7.258839601299e+03 
       3.563985482221e-02       7.254460963427e+03 
       3.566087106152e-02       7.250076243034e+03 
       3.568193900322e-02       7.245685414335e+03 
       3.570305895010e-02       7.241288451939e+03 
       3.572423120760e-02       7.236885329836e+03 
       3.574545608380e-02       7.232476022018e+03 
       3.576673388947e-02       7.228060502089e+03 
       3.578806493808e-02       7.223638743752e+03 
       3.580944954587e-02       7.219210720151e+03 
       3.583088803184e-02       7.214776404358e+03 
       3.585238071781e-02       7.210335769221e+03 
       3.587392792844e-02       7.205888787353e+03 
       3.589552999128e-02       7.201435431519e+03 
       3.591718723676e-02       7.196975674101e+03 
       3.593889999829e-02       7.192509487278e+03 
       3.596066861225e-02       7.188036843074e+03 
       3.598249341803e-02       7.183557713096e+03 
       3.600437475807e-02       7.179072069186e+03 
       3.602631297791e-02       7.174579882496e+03 
       3.604830842621e-02       7.170081124052e+03 
       3.607036145479e-02       7.165575764562e+03 
       3.609247241868e-02       7.161063774887e+03 
       3.611464167613e-02       7.156545125456e+03 
       3.613686958870e-02       7.152019786617e+03 
       3.615915652124e-02       7.147487728446e+03 
       3.618150284198e-02       7.142948920642e+03 
       3.620390892254e-02       7.138403333126e+03 
       3.622637513798e-02       7.133850935168e+03 
       3.624890186686e-02       7.129291695856e+03 
       3.627148949125e-02       7.124725583878e+03 
       3.629413839681e-02       7.120152568007e+03 
       3.631684897280e-02       7.115572616572e+03 
       3.633962161214e-02       7.110985697933e+03 
       3.636245671148e-02       7.106391779698e+03 
       3.638535467120e-02       7.101790829806e+03 
       3.640831589548e-02       7.097182815892e+03 
       3.643134079236e-02       7.092567705139e+03 
       3.645442977378e-02       7.087945464518e+03 
       3.647758325562e-02       7.083316060555e+03 
       3.650080165775e-02       7.078679459815e+03 
       3.652408540410e-02       7.074035628304e+03 
       3.654743492269e-02       7.069384531964e+03 
       3.657085064570e-02       7.064726136291e+03 
       3.659433300951e-02       7.060060406876e+03 
       3.661788245476e-02       7.055387308797e+03 
       3.664149942642e-02       7.050706806970e+03 
       3.666518437382e-02       7.046018865882e+03 
       3.668893775071e-02       7.041323449999e+03 
       3.671276001534e-02       7.036620523150e+03 
       3.673665163050e-02       7.031910049013e+03 
       3.676061306359e-02       7.027191990948e+03 
       3.678464478668e-02       7.022466311867e+03 
       3.680874727655e-02       7.017732974856e+03 
       3.683292101480e-02       7.012991942360e+03 
       3.685716648785e-02       7.008243176645e+03 
       3.688148418708e-02       7.003486639562e+03 
       3.690587460883e-02       6.998722292960e+03 
       3.693033825449e-02       6.993950098010e+03 
       3.695487563060e-02       6.989170015619e+03 
       3.697948724886e-02       6.984382006264e+03 
       3.700417362625e-02       6.979586030421e+03 
       3.702893528509e-02       6.974782047979e+03 
       3.705377275308e-02       6.969970018658e+03 
       3.707868656344e-02       6.965149901661e+03 
       3.710367725492e-02       6.960321656229e+03 
       3.712874537190e-02       6.955485240966e+03 
       3.715389146450e-02       6.950640614255e+03 
       3.717911608861e-02       6.945787733774e+03 
       3.720441980600e-02       6.940926557247e+03 
       3.722980318439e-02       6.936057041786e+03 
       3.725526679756e-02       6.931179144281e+03 
       3.728081122538e-02       6.926292821126e+03 
       3.730643705396e-02       6.921398028596e+03 
       3.733214487570e-02       6.916494722408e+03 
       3.735793528940e-02       6.911582858045e+03 
       3.738380890032e-02       6.906662390344e+03 
       3.740976632030e-02       6.901733274013e+03 
       3.743580816788e-02       6.896795463111e+03 
       3.746193506833e-02       6.891848911378e+03 
       3.748814765380e-02       6.886893572079e+03 
       3.751444656340e-02       6.881929398383e+03 
       3.754083244330e-02       6.876956342797e+03 
       3.756730594686e-02       6.871974357514e+03 
       3.759386773470e-02       6.866983394154e+03 
       3.762051847483e-02       6.861983404211e+03 
       3.764725884274e-02       6.856974338401e+03 
       3.767408952155e-02       6.851956146957e+03 
       3.770101120207e-02       6.846928779906e+03 
       3.772802458296e-02       6.841892186704e+03 
       3.775513037082e-02       6.836846316452e+03 
       3.778232928035e-02       6.831791117649e+03 
       3.780962203442e-02       6.826726538609e+03 
       3.783700936421e-02       6.821652526937e+03 
       3.786449200938e-02       6.816569029802e+03 
       3.789207071813e-02       6.811475993637e+03 
       3.791974624739e-02       6.806373364707e+03 
       3.794751936293e-02       6.801261088589e+03 
       3.797539083950e-02       6.796139110463e+03 
       3.800336146096e-02       6.791007374862e+03 
       3.803143202045e-02       6.785865826177e+03 
       3.805960332048e-02       6.780714408040e+03 
       3.808787617317e-02       6.775553063406e+03 
       3.811625140030e-02       6.770381734850e+03 
       3.814472983352e-02       6.765200364189e+03 
       3.817331231453e-02       6.760008892778e+03 
       3.820199969516e-02       6.754807261336e+03 
       3.823079283761e-02       6.749595410348e+03 
       3.825969261458e-02       6.744373279526e+03 
       3.828869990945e-02       6.739140807982e+03 
       3.831781561644e-02       6.733897934432e+03 
       3.834704064082e-02       6.728644596683e+03 
       3.837637589904e-02       6.723380731934e+03 
       3.840582231896e-02       6.718106276640e+03 
       3.843538084003e-02       6.712821166979e+03 
       3.846505241344e-02       6.707525338363e+03 
       3.849483800237e-02       6.702218725521e+03 
       3.852473858218e-02       6.696901262813e+03 
       3.855475514057e-02       6.691572883761e+03 
       3.858488867783e-02       6.686233521127e+03 
       3.861514020707e-02       6.680883106723e+03 
       3.864551075437e-02       6.675521572007e+03 
       3.867600135906e-02       6.670148847599e+03 
       3.870661307392e-02       6.664764863383e+03 
       3.873734696544e-02       6.659369548845e+03 
       3.876820411401e-02       6.653962832603e+03 
       3.879918561419e-02       6.648544642492e+03 
       3.883029257497e-02       6.643114905644e+03 
       3.886152611997e-02       6.637673548132e+03 
       3.889288738777e-02       6.632220495298e+03 
       3.892437753212e-02       6.626755671664e+03 
       3.895599772220e-02       6.621279001339e+03 
       3.898774914294e-02       6.615790407456e+03 
       3.901963299529e-02       6.610289812313e+03 
       3.905165049646e-02       6.604777137626e+03 
       3.908380288028e-02       6.599252303925e+03 
       3.911609139745e-02       6.593715230587e+03 
       3.914851731586e-02       6.588165836466e+03 
       3.918108192092e-02       6.582604039441e+03 
       3.921378651587e-02       6.577029756507e+03 
       3.924663242210e-02       6.571442904029e+03 
       3.927962097948e-02       6.565843397376e+03 
       3.931275354673e-02       6.560231150814e+03 
       3.934603150176e-02       6.554606077636e+03 
       3.937945624201e-02       6.548968089933e+03 
       3.941302918485e-02       6.543317098899e+03 
       3.944675176790e-02       6.537653014833e+03 
       3.948062544951e-02       6.531975747215e+03 
       3.951465170906e-02       6.526285204364e+03 
       3.954883204741e-02       6.520581293753e+03 
       3.958316798729e-02       6.514863921456e+03 
       3.961766107378e-02       6.509132992268e+03 
       3.965231287464e-02       6.503388410074e+03 
       3.968712498087e-02       6.497630077624e+03 
       3.972209900708e-02       6.491857896566e+03 
       3.975723659198e-02       6.486071767661e+03 
       3.979253939887e-02       6.480271590382e+03 
       3.982800911612e-02       6.474457262766e+03 
       3.986364745767e-02       6.468628681648e+03 
       3.989945616354e-02       6.462785742556e+03 
       3.993543700036e-02       6.456928339584e+03 
       3.997159176190e-02       6.451056366120e+03 
       4.000792226965e-02       6.445169714067e+03 
       4.004443037336e-02       6.439268274053e+03 
       4.008111795161e-02       6.433351934977e+03 
       4.011798691246e-02       6.427420584670e+03 
       4.015503919399e-02       6.421474109135e+03 
       4.019227676499e-02       6.415512393352e+03 
       4.022970162556e-02       6.409535320704e+03 
       4.026731580780e-02       6.403542773422e+03 
       4.030512137646e-02       6.397534632078e+03 
       4.034312042968e-02       6.391510775438e+03 
       4.038131509963e-02       6.385471080793e+03 
       4.041970755331e-02       6.379415423810e+03 
       4.045829999329e-02       6.373343678584e+03 
       4.049709465845e-02       6.367255717774e+03 
       4.053609382481e-02       6.361151412445e+03 
       4.057529980632e-02       6.355030631604e+03 
       4.061471495570e-02       6.348893242628e+03 
       4.065434166533e-02       6.342739110834e+03 
       4.069418236810e-02       6.336568100096e+03 
       4.073423953832e-02       6.330380072420e+03 
       4.077451569267e-02       6.324174887979e+03 
       4.081501339117e-02       6.317952405147e+03 
       4.085573523812e-02       6.311712479913e+03 
       4.089668388316e-02       6.305454966346e+03 
       4.093786202231e-02       6.299179716530e+03 
       4.097927239901e-02       6.292886580635e+03 
       4.102091780526e-02       6.286575406928e+03 
       4.106280108275e-02       6.280246041315e+03 
       4.110492512402e-02       6.273898327434e+03 
       4.114729287365e-02       6.267532106412e+03 
       4.118990732953e-02       6.261147217166e+03 
       4.123277154412e-02       6.254743496669e+03 
       4.127588862578e-02       6.248320779505e+03 
       4.131926174008e-02       6.241878897911e+03 
       4.136289411124e-02       6.235417681207e+03 
       4.140678902355e-02       6.228936955944e+03 
       4.145094982284e-02       6.222436546450e+03 
       4.149537991802e-02       6.215916274487e+03 
       4.154008278264e-02       6.209375959475e+03 
       4.158506195651e-02       6.202815417680e+03 
       4.163032104739e-02       6.196234462423e+03 
       4.167586373268e-02       6.189632903918e+03 
       4.172169376124e-02       6.183010549579e+03 
       4.176781495518e-02       6.176367204314e+03 
       4.181423121176e-02       6.169702669762e+03 
       4.186094650540e-02       6.163016744449e+03 
       4.190796488959e-02       6.156309223140e+03 
       4.195529049909e-02       6.149579897445e+03 
       4.200292755197e-02       6.142828555890e+03 
       4.205088035190e-02       6.136054983636e+03 
       4.209915329044e-02       6.129258962381e+03 
       4.214775084935e-02       6.122440269838e+03 
       4.219667760312e-02       6.115598679939e+03 
       4.224593822142e-02       6.108733962879e+03 
       4.229553747179e-02       6.101845885393e+03 
       4.234548022229e-02       6.094934210000e+03 
       4.239577144433e-02       6.087998695303e+03 
       4.244641621553e-02       6.081039095279e+03 
       4.249741972277e-02       6.074055159730e+03 
       4.254878726525e-02       6.067046634435e+03 
       4.260052425767e-02       6.060013260481e+03 
       4.265263623365e-02       6.052954774476e+03 
       4.270512884905e-02       6.045870908064e+03 
       4.275800788563e-02       6.038761387918e+03 
       4.281127925470e-02       6.031625936145e+03 
       4.286494900094e-02       6.024464269522e+03 
       4.291902330638e-02       6.017276099726e+03 
       4.297350849454e-02       6.010061132770e+03 
       4.302841103462e-02       6.002819069205e+03 
       4.308373754602e-02       5.995549604180e+03 
       4.313949480285e-02       5.988252426841e+03 
       4.319568973873e-02       5.980927220299e+03 
       4.325232945175e-02       5.973573661383e+03 
       4.330942120957e-02       5.966191420585e+03 
       4.336697245478e-02       5.958780162464e+03 
       4.342499081044e-02       5.951339544123e+03 
       4.348348408583e-02       5.943869216073e+03 
       4.354246028242e-02       5.936368821606e+03 
       4.360192760013e-02       5.928837997053e+03 
       4.366189444379e-02       5.921276370938e+03 
       4.372236942985e-02       5.913683563854e+03 
       4.378336139341e-02       5.906059188770e+03 
       4.384487939551e-02       5.898402850223e+03 
       4.390693273072e-02       5.890714144410e+03 
       4.396953093506e-02       5.882992658518e+03 
       4.403268379421e-02       5.875237970911e+03 
       4.409640135212e-02       5.867449650646e+03 
       4.416069391998e-02       5.859627257082e+03 
       4.422557208551e-02       5.851770339675e+03 
       4.429104672272e-02       5.843878437527e+03 
       4.435712900205e-02       5.835951079409e+03 
       4.442383040101e-02       5.827987782959e+03 
       4.449116271522e-02       5.819988054314e+03 
       4.455913806996e-02       5.811951388310e+03 
       4.462776893228e-02       5.803877267580e+03 
       4.469706812362e-02       5.795765161856e+03 
       4.476704883297e-02       5.787614528151e+03 
       4.483772463072e-02       5.779424810152e+03 
       4.490910948307e-02       5.771195437618e+03 
       4.498121776715e-02       5.762925825541e+03 
       4.505406428686e-02       5.754615374067e+03 
       4.512766428939e-02       5.746263467965e+03 
       4.520203348266e-02       5.737869476059e+03 
       4.527718805341e-02       5.729432749909e+03 
       4.535314468640e-02       5.720952623755e+03 
       4.542992058431e-02       5.712428414185e+03 
       4.550753348880e-02       5.703859418991e+03 
       4.558600170253e-02       5.695244915915e+03 
       4.566534411231e-02       5.686584162380e+03 
       4.574558021341e-02       5.677876395321e+03 
       4.582673013510e-02       5.669120829244e+03 
       4.590881466754e-02       5.660316655253e+03 
       4.599185529002e-02       5.651463040706e+03 
       4.607587420071e-02       5.642559128557e+03 
       4.616089434792e-02       5.633604035004e+03 
       4.624693946313e-02       5.624596848728e+03 
       4.633403409568e-02       5.615536630562e+03 
       4.642220364938e-02       5.606422411616e+03 
       4.651147442113e-02       5.597253190996e+03 
       4.660187364165e-02       5.588027935566e+03 
       4.669342951849e-02       5.578745578733e+03 
       4.678617128138e-02       5.569405016882e+03 
       4.688012923024e-02       5.560005109254e+03 
       4.697533478584e-02       5.550544676235e+03 
       4.707182054345e-02       5.541022495956e+03 
       4.716962032947e-02       5.531437303093e+03 
       4.726876926153e-02       5.521787787271e+03 
       4.736930381201e-02       5.512072589024e+03 
       4.747126187541e-02       5.502290298329e+03 
       4.757468283967e-02       5.492439452314e+03 
       4.767960766193e-02       5.482518530649e+03 
       4.778607894879e-02       5.472525953960e+03 
       4.789414104159e-02       5.462460080217e+03 
       4.800384010691e-02       5.452319199821e+03 
       4.811522423276e-02       5.442101533502e+03 
       4.822834353089e-02       5.431805227430e+03 
       4.834325024545e-02       5.421428347563e+03 
       4.845999886878e-02       5.410968877421e+03 
       4.857864626453e-02       5.400424710023e+03 
       4.869925179889e-02       5.389793643791e+03 
       4.882187748033e-02       5.379073377146e+03 
       4.894658810865e-02       5.368261499465e+03 
       4.907345143381e-02       5.357355486914e+03 
       4.920253832551e-02       5.346352692653e+03 
       4.933392295409e-02       5.335250338878e+03 
       4.946768298369e-02       5.324045509281e+03 
       4.960389977860e-02       5.312735135821e+03 
       4.974265862368e-02       5.301315992431e+03 
       4.988404895994e-02       5.289784679569e+03 
       5.002816463638e-02       5.278137613104e+03 
       5.017510417928e-02       5.266371010972e+03 
       5.032497108011e-02       5.254480875850e+03 
       5.047787410355e-02       5.242462981699e+03 
       5.063392761685e-02       5.230312851743e+03 
       5.079325194214e-02       5.218025742401e+03 
       5.095597373317e-02       5.205596617740e+03 
       5.112222637808e-02       5.193020128693e+03 
       5.129215042992e-02       5.180290583432e+03 
       5.146589406653e-02       5.167401921244e+03 
       5.164361358160e-02       5.154347677465e+03 
       5.182547390839e-02       5.141120950676e+03 
       5.201164917797e-02       5.127714361788e+03 
       5.220232331331e-02       5.114120011334e+03 
       5.239769066063e-02       5.100329432676e+03 
       5.259795665905e-02       5.086333536956e+03 
       5.280333854925e-02       5.072122557366e+03 
       5.301406612116e-02       5.057685982463e+03 
       5.323038250041e-02       5.043012484758e+03 
       5.345254497179e-02       5.028089842697e+03 
       5.368082583740e-02       5.012904851074e+03 
       5.391551330505e-02       4.997443224924e+03 
       5.415691240116e-02       4.981689491756e+03 
       5.440534589949e-02       4.965626872779e+03 
       5.466115525450e-02       4.949237152663e+03 
       5.492470152406e-02       4.932500534008e+03 
       5.519636626213e-02       4.915395480148e+03 
       5.547655235638e-02       4.897898542665e+03 
       5.576568477929e-02       4.879984171998e+03 
       5.606421121380e-02       4.861624513038e+03 
       5.637260250518e-02       4.842789185502e+03 
       5.669135288128e-02       4.823445049972e+03 
       5.702097987089e-02       4.803555959744e+03 
       5.736202383815e-02       4.783082503452e+03 
       5.771504703687e-02       4.761981741808e+03 
       5.808063207546e-02       4.740206945778e+03 
       5.845937967024e-02       4.717707344978e+03 
       5.885190555455e-02       4.694427898314e+03 
       5.925883640443e-02       4.670309104390e+03 
       5.968080464242e-02       4.645286869183e+03 
       6.011844199071e-02       4.619292459840e+03 
       6.057237166887e-02       4.592252571327e+03 
       6.104319917202e-02       4.564089543259e+03 
       6.153150162705e-02       4.534721764613e+03 
       6.203781580971e-02       4.504064309417e+03 
       6.256262501425e-02       4.472029844145e+03 
       6.310634509709e-02       4.438529845044e+03 
       6.366931016015e-02       4.403476153759e+03 
       6.425175848346e-02       4.366782886286e+03 
       6.485381944486e-02       4.328368682370e+03 
       6.547550225242e-02       4.288159268048e+03 
       6.611668734109e-02       4.246090257666e+03 
       6.677712122781e-02       4.202110106209e+03 
       6.745641546841e-02       4.156183079850e+03 
       6.815405011700e-02       4.108292091226e+03 
       6.886938177361e-02       4.058441228444e+03 
       6.960165595353e-02       4.006657821061e+03 
       7.035002316733e-02       3.952993901994e+03 
       7.111355781230e-02       3.897526965184e+03 
       7.189127878266e-02       3.840359953659e+03 
       7.268217063223e-02       3.781620453527e+03 
       7.348520417071e-02       3.721459135678e+03 
       7.429935552707e-02       3.660047531520e+03 
       7.512362293868e-02       3.597575265969e+03 
       7.595704078501e-02       3.534246875513e+03 
       7.679869064343e-02       3.470278355050e+03 
       7.764770937294e-02       3.405893573961e+03 
       7.850329441164e-02       3.341320682083e+03 
       7.936470659863e-02       3.276788623782e+03 
       8.023127090161e-02       3.212523845532e+03 
       8.110237545682e-02       3.148747266255e+03 
       8.197746931772e-02       3.085671565595e+03 
       8.285605927495e-02       3.023498813053e+03 
       8.373770606222e-02       2.962418451836e+03 
       8.462202020949e-02       2.902605633445e+03 
       8.550865775157e-02       2.844219905877e+03 
       8.639731595097e-02       2.787404231862e+03 
       8.728772915092e-02       2.732284309904e+03 
       8.817966483838e-02       2.678968179251e+03 
       8.907291996759e-02       2.627546082625e+03 
       8.996731757228e-02       2.578090555682e+03 
       9.086270367722e-02       2.530656709058e+03 
       9.175894450774e-02       2.485282676614e+03 
       9.265592398687e-02       2.441990202298e+03 
       9.355354150424e-02       2.400785340020e+03 
       9.445170993763e-02       2.361659244713e+03 
       9.535035390611e-02       2.324589038050e+03 
       9.624940823334e-02       2.289538722689e+03 
       9.714881660011e-02       2.256460131429e+03 
       9.804853036583e-02       2.225293901603e+03 
       9.894850754019e-02       2.195970464848e+03 
       9.984871188764e-02       2.168411043136e+03 
       1.007491121488e-01       2.142528655690e+03 
       1.016496813643e-01       2.118229103161e+03 
       1.025503962890e-01       2.095411973120e+03 
       1.034512368835e-01       2.073971617704e+03 
       1.043521858756e-01       2.053798135520e+03 
       1.052532283793e-01       2.034778337042e+03 
       1.061543515672e-01       2.016796708650e+03 
       1.070555443861e-01       1.999736367360e+03 
       1.079567973126e-01       1.983479997571e+03 
       1.088581021416e-01       1.967910780814e+03 
       1.097594518036e-01       1.952913302591e+03 
       1.106608402082e-01       1.938374443418e+03 
       1.115622621077e-01       1.924184241313e+03 
       1.124637129809e-01       1.910236723436e+03 
       1.133651889322e-01       1.896430691855e+03 
       1.142666866045e-01       1.882670468801e+03 
       1.151682031052e-01       1.868866586888e+03 
       1.160697359408e-01       1.854936417479e+03 
       1.169712829622e-01       1.840804731530e+03 
       1.178728423169e-01       1.826404176945e+03 
       1.187744124072e-01       1.811675680070e+03 
       1.196759918555e-01       1.796568754744e+03 
       1.205775794734e-01       1.781041718069e+03 
       1.214791742357e-01       1.765061812138e+03 
       1.223807752572e-01       1.748605226319e+03 
       1.232823817742e-01       1.731657021565e+03 
       1.241839931265e-01       1.714210958344e+03 
       1.250856087443e-01       1.696269231144e+03 
       1.259872281345e-01       1.677842115555e+03 
       1.268888508709e-01       1.658947530741e+03 
       1.277904765846e-01       1.639610528017e+03 
       1.286921049562e-01       1.619862713137e+03 
       1.295937357087e-01       1.599741613258e+03 
       1.304953686021e-01       1.579289996619e+03 
       1.313970034278e-01       1.558555156326e+03 
       1.322986400046e-01       1.537588170297e+03 
       1.332002781748e-01       1.516443148591e+03 
       1.341019178011e-01       1.495176477638e+03 
       1.350035587636e-01       1.473846074344e+03 
       1.359052009576e-01       1.452510656676e+03 
       1.368068442913e-01       1.431229042161e+03 
       1.377084886845e-01       1.410059480312e+03 
       1.386101340663e-01       1.389059027772e+03 
       1.395117803745e-01       1.368282971550e+03 
       1.404134275542e-01       1.347784303640e+03 
       1.413150755566e-01       1.327613251664e+03 
       1.422167243387e-01       1.307816867014e+03 
       1.431183738617e-01       1.288438671891e+03 
       1.440200240915e-01       1.269518364982e+03 
       1.449216749971e-01       1.251091585289e+03 
       1.458233265508e-01       1.233189731357e+03 
       1.467249787276e-01       1.215839835106e+03 
       1.476266315047e-01       1.199064486252e+03 
       1.485282848615e-01       1.182881804148e+03 
       1.494299387792e-01       1.167305451912e+03 
       1.503315932403e-01       1.152344691540e+03 
       1.512332482290e-01       1.138004474725e+03 
       1.521349037304e-01       1.124285565227e+03 
       1.530365597310e-01       1.111184689732e+03 
       1.539382162179e-01       1.098694712740e+03 
       1.548398731792e-01       1.086804833240e+03 
       1.557415306038e-01       1.075500799899e+03 
       1.566431884810e-01       1.064765141549e+03 
       1.575448468008e-01       1.054577411206e+03 
       1.584465055539e-01       1.044914440753e+03 
       1.593481647312e-01       1.035750605434e+03 
       1.602498243242e-01       1.027058095165e+03 
       1.611514843246e-01       1.018807191825e+03 
       1.620531447246e-01       1.010966551427e+03 
       1.629548055167e-01       1.003503489301e+03 
       1.638564666936e-01       9.963842675302e+02 
       1.647581282483e-01       9.895743821495e+02 
       1.656597901740e-01       9.830388506827e+02 
       1.665614524642e-01       9.767424966238e+02 
       1.674631151127e-01       9.706502298549e+02 
       1.683647781131e-01       9.647273225167e+02 
       1.692664414597e-01       9.589396773073e+02 
       1.701681051466e-01       9.532540860131e+02 
       1.710697691682e-01       9.476384783098e+02 
       1.719714335190e-01       9.420621561217e+02 
       1.728730981937e-01       9.364960140810e+02 
       1.737747631870e-01       9.309127424486e+02 
       1.746764284940e-01       9.252870111147e+02 
       1.755780941095e-01       9.195956339340e+02 
       1.764797600289e-01       9.138177092387e+02 
       1.773814262474e-01       9.079347375535e+02 
       1.782830927603e-01       9.019307142007e+02 
       1.791847595632e-01       8.957921965463e+02 
       1.800864266515e-01       8.895083451056e+02 
       1.809880940211e-01       8.830709368800e+02 
       1.818897616677e-01       8.764743539562e+02 
       1.827914295871e-01       8.697155451663e+02 
       1.836930977752e-01       8.627939633884e+02 
       1.845947662282e-01       8.557114777818e+02 
       1.854964349420e-01       8.484722652929e+02 
       1.863981039130e-01       8.410826803097e+02 
       1.872997731373e-01       8.335511063997e+02 
       1.882014426113e-01       8.258877912220e+02 
       1.891031123314e-01       8.181046683459e+02 
       1.900047822941e-01       8.102151675078e+02 
       1.909064524959e-01       8.022340155881e+02 
       1.918081229335e-01       7.941770331431e+02 
       1.927097936035e-01       7.860609256591e+02 
       1.936114645026e-01       7.779030760132e+02 
       1.945131356277e-01       7.697213369730e+02 
       1.954148069756e-01       7.615338302651e+02 
       1.963164785432e-01       7.533587486348e+02 
       1.972181503275e-01       7.452141686832e+02 
       1.981198223256e-01       7.371178730228e+02 
       1.990214945346e-01       7.290871821960e+02 
       1.999231669515e-01       7.211388028365e+02 
       2.008248395735e-01       7.132886854742e+02 
       2.017265123980e-01       7.055518990839e+02 
       2.026281854221e-01       6.979425194423e+02 
       2.035298586433e-01       6.904735345898e+02 
       2.044315320589e-01       6.831567613039e+02 
       2.053332056664e-01       6.760027815060e+02 
       2.062348794632e-01       6.690208900864e+02 
       2.071365534468e-01       6.622190578886e+02 
       2.080382276149e-01       6.556039089313e+02 
       2.089399019650e-01       6.491807098585e+02 
       2.098415764947e-01       6.429533724992e+02 
       2.107432512018e-01       6.369244675296e+02 
       2.116449260840e-01       6.310952479826e+02 
       2.125466011391e-01       6.254656854902e+02 
       2.134482763648e-01       6.200345113427e+02 
       2.143499517590e-01       6.147992686146e+02 
       2.152516273196e-01       6.097563717514e+02 
       2.161533030445e-01       6.049011705571e+02 
       2.170549789316e-01       6.002280219702e+02 
       2.179566549790e-01       5.957303653840e+02 
       2.188583311846e-01       5.914008039849e+02 
       2.197600075464e-01       5.872311877519e+02 
       2.206616840627e-01       5.832127013040e+02 
       2.215633607314e-01       5.793359515787e+02 
       2.224650375507e-01       5.755910599956e+02 
       2.233667145189e-01       5.719677543295e+02 
       2.242683916340e-01       5.684554597375e+02 
       2.251700688944e-01       5.650433916467e+02 
       2.260717462982e-01       5.617206482283e+02 
       2.269734238438e-01       5.584762970756e+02 
       2.278751015295e-01       5.552994668366e+02 
       2.287767793537e-01       5.521794297326e+02 
       2.296784573146e-01       5.491056845671e+02 
       2.305801354107e-01       5.460680352283e+02 
       2.314818136404e-01       5.430566638883e+02 
       2.323834920022e-01       5.400622008899e+02 
       2.332851704944e-01       5.370757875833e+02 
       2.341868491157e-01       5.340891346231e+02 
       2.350885278645e-01       5.310945731820e+02 
       2.359902067393e-01       5.280850998167e+02 
       2.368918857387e-01       5.250544145290e+02 
       2.377935648613e-01       5.219969510871e+02 
       2.386952441057e-01       5.189079007443e+02 
       2.395969234705e-01       5.157832275711e+02 
       2.404986029544e-01       5.126196772130e+02 
       2.414002825559e-01       5.094147773973e+02 
       2.423019622739e-01       5.061668318391e+02 
       2.432036421070e-01       5.028749068133e+02 
       2.441053220539e-01       4.995388106878e+02 
       2.450070021134e-01       4.961590676223e+02 
       2.459086822842e-01       4.927368850180e+02 
       2.468103625651e-01       4.892741156005e+02 
       2.477120429549e-01       4.857732144723e+02 
       2.486137234524e-01       4.822371922446e+02 
       2.495154040564e-01       4.786695639086e+02 
       2.504170847659e-01       4.750742953307e+02 
       2.513187655796e-01       4.714557471116e+02 
       2.522204464964e-01       4.678186165413e+02 
       2.531221275152e-01       4.641678788908e+02 
       2.540238086350e-01       4.605087283025e+02 
       2.549254898547e-01       4.568465184456e+02 
       2.558271711732e-01       4.531867042993e+02 
       2.567288525894e-01       4.495347863534e+02 
       2.576305341024e-01       4.458962548205e+02 
       2.585322157111e-01       4.422765375185e+02 
       2.594338974145e-01       4.386809501796e+02 
       2.603355792116e-01       4.351146499076e+02 
       2.612372611016e-01       4.315825920308e+02 
       2.621389430833e-01       4.280894909391e+02 
       2.630406251559e-01       4.246397843240e+02 
       2.639423073184e-01       4.212376019921e+02 
       2.648439895700e-01       4.178867383365e+02 
       2.657456719096e-01       4.145906293534e+02 
       2.666473543364e-01       4.113523336403e+02 
       2.675490368496e-01       4.081745175632e+02 
       2.684507194482e-01       4.050594444972e+02 
       2.693524021314e-01       4.020089679962e+02 
       2.702540848984e-01       3.990245288543e+02 
       2.711557677482e-01       3.961071556752e+02 
       2.720574506802e-01       3.932574691726e+02 
       2.729591336934e-01       3.904756894421e+02 
       2.738608167871e-01       3.877616464616e+02 
       2.747624999604e-01       3.851147934902e+02 
       2.756641832126e-01       3.825342228996e+02 
       2.765658665430e-01       3.800186846071e+02 
       2.774675499507e-01       3.775666063696e+02 
       2.783692334349e-01       3.751761164334e+02 
       2.792709169951e-01       3.728450671714e+02 
       2.801726006304e-01       3.705710607759e+02 
       2.810742843400e-01       3.683514756363e+02 
       2.819759681234e-01       3.661834941800e+02 
       2.828776519797e-01       3.640641306229e+02 
       2.837793359083e-01       3.619902601693e+02 
       2.846810199085e-01       3.599586473986e+02 
       2.855827039796e-01       3.579659755825e+02 
       2.864843881209e-01       3.560088751800e+02 
       2.873860723319e-01       3.540839521623e+02 
       2.882877566117e-01       3.521878155921e+02 
       2.891894409598e-01       3.503171045078e+02 
       2.900911253756e-01       3.484685135924e+02 
       2.909928098584e-01       3.466388177184e+02 
       2.918944944076e-01       3.448248953636e+02 
       2.927961790225e-01       3.430237498405e+02 
       2.936978637027e-01       3.412325297799e+02 
       2.945995484474e-01       3.394485468254e+02 
       2.955012332561e-01       3.376692922791e+02 
       2.964029181281e-01       3.358924510516e+02 
       2.973046030630e-01       3.341159140952e+02 
       2.982062880601e-01       3.323377882831e+02 
       2.991079731190e-01       3.305564043781e+02 
       3.000096582389e-01       3.287703226790e+02 
       3.009113434194e-01       3.269783365095e+02 
       3.018130286600e-01       3.251794737175e+02 
       3.027147139600e-01       3.233729956777e+02 
       3.036163993190e-01       3.215583948355e+02 
       3.045180847364e-01       3.197353896098e+02 
       3.054197702118e-01       3.179039181532e+02 
       3.063214557446e-01       3.160641297566e+02 
       3.072231413342e-01       3.142163750262e+02 
       3.081248269803e-01       3.123611945055e+02 
       3.090265126823e-01       3.104993058140e+02 
       3.099281984397e-01       3.086315900685e+02 
       3.108298842520e-01       3.067590766978e+02 
       3.117315701188e-01       3.048829281528e+02 
       3.126332560396e-01       3.030044233602e+02 
       3.135349420139e-01       3.011249412007e+02 
       3.144366280412e-01       2.992459434511e+02 
       3.153383141212e-01       2.973689575861e+02 
       3.162400002533e-01       2.954955599393e+02 
       3.171416864371e-01       2.936273585976e+02 
       3.180433726722e-01       2.917659772027e+02 
       3.189450589581e-01       2.899130387209e+02 
       3.198467452944e-01       2.880701502629e+02 
       3.207484316807e-01       2.862388883820e+02 
       3.216501181165e-01       2.844207852751e+02 
       3.225518046015e-01       2.826173160495e+02 
       3.234534911352e-01       2.808298867231e+02 
       3.243551777172e-01       2.790598236380e+02 
       3.252568643472e-01       2.773083636712e+02 
       3.261585510247e-01       2.755766458485e+02 
       3.270602377492e-01       2.738657040133e+02 
       3.279619245206e-01       2.721764607003e+02 
       3.288636113382e-01       2.705097223114e+02 
       3.297652982019e-01       2.688661753274e+02 
       3.306669851111e-01       2.672463838653e+02 
       3.315686720656e-01       2.656507882184e+02 
       3.324703590649e-01       2.640797046418e+02 
       3.333720461087e-01       2.625333261038e+02 
       3.342737331966e-01       2.610117241143e+02 
       3.351754203283e-01       2.595148515590e+02 
       3.360771075034e-01       2.580425462450e+02 
       3.369787947216e-01       2.565945355805e+02 
       3.378804819825e-01       2.551704417042e+02 
       3.387821692858e-01       2.537697875447e+02 
       3.396838566312e-01       2.523920034655e+02 
       3.405855440182e-01       2.510364342391e+02 
       3.414872314466e-01       2.497023468895e+02 
       3.423889189161e-01       2.483889384744e+02 
       3.432906064263e-01       2.470953445270e+02 
       3.441922939770e-01       2.458206476584e+02 
       3.450939815677e-01       2.445638860414e+02 
       3.459956691982e-01       2.433240624983e+02 
       3.468973568681e-01       2.421001530606e+02 
       3.477990445772e-01       2.408911157902e+02 
       3.487007323252e-01       2.396958995212e+02 
       3.496024201117e-01       2.385134519682e+02 
       3.505041079365e-01       2.373427281907e+02 
       3.514057957992e-01       2.361826982720e+02 
       3.523074836996e-01       2.350323546983e+02 
       3.532091716374e-01       2.338907196756e+02 
       3.541108596123e-01       2.327568513438e+02 
       3.550125476240e-01       2.316298500690e+02 
       3.559142356722e-01       2.305088639777e+02 
       3.568159237567e-01       2.293930936219e+02 
       3.577176118772e-01       2.282817966792e+02 
       3.586193000333e-01       2.271742914284e+02 
       3.595209882249e-01       2.260699598009e+02 
       3.604226764517e-01       2.249682501155e+02 
       3.613243647134e-01       2.238686785227e+02 
       3.622260530097e-01       2.227708303751e+02 
       3.631277413405e-01       2.216743608813e+02 
       3.640294297053e-01       2.205789946656e+02 
       3.649311181041e-01       2.194845255074e+02 
       3.658328065364e-01       2.183908149215e+02 
       3.667344950022e-01       2.172977902886e+02 
       3.676361835011e-01       2.162054428869e+02 
       3.685378720328e-01       2.151138248707e+02 
       3.694395605973e-01       2.140230461573e+02 
       3.703412491941e-01       2.129332710976e+02 
       3.712429378231e-01       2.118447142370e+02 
       3.721446264841e-01       2.107576363521e+02 
       3.730463151767e-01       2.096723400648e+02 
       3.739480039009e-01       2.085891649020e+02 
       3.748496926563e-01       2.075084828490e+02 
       3.757513814427e-01       2.064306933306e+02 
       3.766530702599e-01       2.053562180878e+02 
       3.775547591077e-01       2.042854965527e+02 
       3.784564479859e-01       2.032189806704e+02 
       3.793581368942e-01       2.021571300476e+02 
       3.802598258325e-01       2.011004074365e+02 
       3.811615148004e-01       2.000492738923e+02 
       3.820632037979e-01       1.990041844765e+02 
       3.829648928247e-01       1.979655841846e+02 
       3.838665818806e-01       1.969339037967e+02 
       3.847682709653e-01       1.959095563508e+02 
       3.856699600788e-01       1.948929338168e+02 
       3.865716492207e-01       1.938844038441e+02 
       3.874733383909e-01       1.928843071887e+02 
       3.883750275892e-01       1.918929552969e+02 
       3.892767168155e-01       1.909106280900e+02 
       3.901784060694e-01       1.899375724390e+02 
       3.910800953508e-01       1.889740007184e+02 
       3.919817846595e-01       1.880200896947e+02 
       3.928834739954e-01       1.870759800127e+02 
       3.937851633582e-01       1.861417757634e+02 
       3.946868527477e-01       1.852175443869e+02 
       3.955885421639e-01       1.843033171296e+02 
       3.964902316064e-01       1.833990895280e+02 
       3.973919210751e-01       1.825048222476e+02 
       3.982936105699e-01       1.816204423387e+02 
       3.991953000905e-01       1.807458445318e+02 
       4.000969896369e-01       1.798808928216e+02 
       4.009986792087e-01       1.790254223782e+02 
       4.019003688059e-01       1.781792414636e+02 
       4.028020584282e-01       1.773421335593e+02 
       4.037037480755e-01       1.765138597427e+02 
       4.046054377477e-01       1.756941610099e+02 
       4.055071274445e-01       1.748827607487e+02 
       4.064088171659e-01       1.740793673645e+02 
       4.073105069116e-01       1.732836767934e+02 
       4.082121966814e-01       1.724953751134e+02 
       4.091138864753e-01       1.717141412129e+02 
       4.100155762930e-01       1.709396492880e+02 
       4.109172661344e-01       1.701715713911e+02 
       4.118189559994e-01       1.694095799577e+02 
       4.127206458878e-01       1.686533500982e+02 
       4.136223357994e-01       1.679025619102e+02 
       4.145240257341e-01       1.671569026959e+02 
       4.154257156917e-01       1.664160689044e+02 
       4.163274056721e-01       1.656797680757e+02 
       4.172290956752e-01       1.649477205979e+02 
       4.181307857007e-01       1.642196612042e+02 
       4.190324757486e-01       1.634953404351e+02 
       4.199341658187e-01       1.627745258635e+02 
       4.208358559109e-01       1.620570030791e+02 
       4.217375460249e-01       1.613425766107e+02 
       4.226392361608e-01       1.606310705470e+02 
       4.235409263183e-01       1.599223290639e+02 
       4.244426164972e-01       1.592162166730e+02 
       4.253443066976e-01       1.585126183979e+02 
       4.262459969192e-01       1.578114397044e+02 
       4.271476871619e-01       1.571126062539e+02 
       4.280493774255e-01       1.564160635348e+02 
       4.289510677099e-01       1.557217763895e+02 
       4.298527580151e-01       1.550297282294e+02 
       4.307544483408e-01       1.543399202948e+02 
       4.316561386870e-01       1.536523707629e+02 
       4.325578290534e-01       1.529671136294e+02 
       4.334595194401e-01       1.522841976053e+02 
       4.343612098468e-01       1.516036849719e+02 
       4.352629002734e-01       1.509256502034e+02 
       4.361645907199e-01       1.502501786736e+02 
       4.370662811860e-01       1.495773652889e+02 
       4.379679716717e-01       1.489073130833e+02 
       4.388696621768e-01       1.482401317284e+02 
       4.397713527013e-01       1.475759361836e+02 
       4.406730432450e-01       1.469148452802e+02 
       4.415747338077e-01       1.462569802403e+02 
       4.424764243894e-01       1.456024633770e+02 
       4.433781149900e-01       1.449514168042e+02 
       4.442798056093e-01       1.443039610605e+02 
       4.451814962473e-01       1.436602139892e+02 
       4.460831869037e-01       1.430202895697e+02 
       4.469848775786e-01       1.423842968622e+02 
       4.478865682717e-01       1.417523389791e+02 
       4.487882589830e-01       1.411245122423e+02 
       4.496899497124e-01       1.405009053948e+02 
       4.505916404598e-01       1.398815988030e+02 
       4.514933312250e-01       1.392666639332e+02 
       4.523950220079e-01       1.386561628329e+02 
       4.532967128085e-01       1.380501476538e+02 
       4.541984036266e-01       1.374486604127e+02 
       4.551000944622e-01       1.368517327176e+02 
       4.560017853151e-01       1.362593857446e+02 
       4.569034761852e-01       1.356716300706e+02 
       4.578051670724e-01       1.350884658636e+02 
       4.587068579766e-01       1.345098830185e+02 
       4.596085488978e-01       1.339358613182e+02 
       4.605102398358e-01       1.333663708290e+02 
       4.614119307905e-01       1.328013722563e+02 
       4.623136217618e-01       1.322408174038e+02 
       4.632153127497e-01       1.316846496703e+02 
       4.641170037540e-01       1.311328046215e+02 
       4.650186947746e-01       1.305852106358e+02 
       4.659203858115e-01       1.300417894888e+02 
       4.668220768645e-01       1.295024571079e+02 
       4.677237679335e-01       1.289671242434e+02 
       4.686254590186e-01       1.284356972321e+02 
       4.695271501195e-01       1.279080786907e+02 
       4.704288412361e-01       1.273841683288e+02 
       4.713305323685e-01       1.268638636707e+02 
       4.722322235164e-01       1.263470607696e+02 
       4.731339146799e-01       1.258336550075e+02 
       4.740356058588e-01       1.253235417336e+02 
       4.749372970530e-01       1.248166170185e+02 
       4.758389882624e-01       1.243127782691e+02 
       4.767406794870e-01       1.238119248902e+02 
       4.776423707267e-01       1.233139588472e+02 
       4.785440619814e-01       1.228187852292e+02 
       4.794457532509e-01       1.223263127702e+02 
       4.803474445353e-01       1.218364542889e+02 
       4.812491358344e-01       1.213491271047e+02 
       4.821508271482e-01       1.208642533887e+02 
       4.830525184765e-01       1.203817605326e+02 
       4.839542098194e-01       1.199015812931e+02 
       4.848559011766e-01       1.194236540969e+02 
       4.857575925481e-01       1.189479231618e+02 
       4.866592839339e-01       1.184743385666e+02 
       4.875609753339e-01       1.180028539033e+02 
       4.884626667480e-01       1.175334174680e+02 
       4.893643581760e-01       1.170660325979e+02 
       4.902660496180e-01       1.166006702551e+02 
       4.911677410739e-01       1.161373031070e+02 
       4.920694325435e-01       1.156759069152e+02 
       4.929711240269e-01       1.152164624208e+02 
       4.938728155238e-01       1.147589570835e+02 
       4.947745070343e-01       1.143033866128e+02 
       4.956761985584e-01       1.138497555192e+02 
       4.965778900958e-01       1.133980768511e+02 
       4.974795816465e-01       1.129483708470e+02 
       4.983812732105e-01       1.125006629860e+02 
       4.992829647877e-01       1.120549814881e+02 
       5.001846563780e-01       1.116113548184e+02 
       5.010863479814e-01       1.111698095918e+02 
       5.019880395977e-01       1.107303692833e+02 
       5.028897312270e-01       1.102930538412e+02 
       5.037914228691e-01       1.098578801534e+02 
       5.046931145239e-01       1.094248634330e+02 
       5.055948061915e-01       1.089940189868e+02 
       5.064964978717e-01       1.085653640562e+02 
       5.073981895644e-01       1.081389192064e+02 
       5.082998812697e-01       1.077147091761e+02 
       5.092015729873e-01       1.072927627109e+02 
       5.101032647174e-01       1.068731115264e+02 
       5.110049564597e-01       1.064557883783e+02 
       5.119066482143e-01       1.060408248591e+02 
       5.128083399811e-01       1.056282489385e+02 
       5.137100317600e-01       1.052180829238e+02 
       5.146117235509e-01       1.048103419485e+02 
       5.155134153537e-01       1.044050335631e+02 
       5.164151071686e-01       1.040021580820e+02 
       5.173167989952e-01       1.036017098502e+02 
       5.182184908337e-01       1.032036789608e+02 
       5.191201826838e-01       1.028080533447e+02 
       5.200218745457e-01       1.024148205346e+02 
       5.209235664192e-01       1.020239689686e+02 
       5.218252583042e-01       1.016354884851e+02 
       5.227269502007e-01       1.012493701478e+02 
       5.236286421086e-01       1.008656052009e+02 
       5.245303340279e-01       1.004841836097e+02 
       5.254320259585e-01       1.001050923537e+02 
       5.263337179004e-01       9.972831403096e+01 
       5.272354098534e-01       9.935382584433e+01 
       5.281371018176e-01       9.898159932414e+01 
       5.290387937929e-01       9.861160082558e+01 
       5.299404857792e-01       9.824379275632e+01 
       5.308421777765e-01       9.787813526433e+01 
       5.317438697847e-01       9.751458807801e+01 
       5.326455618038e-01       9.715311219544e+01 
       5.335472538336e-01       9.679367117796e+01 
       5.344489458742e-01       9.643623171862e+01 
       5.353506379255e-01       9.608076348080e+01 
       5.362523299874e-01       9.572723828194e+01 
       5.371540220600e-01       9.537562883096e+01 
       5.380557141430e-01       9.502590729111e+01 
       5.389574062366e-01       9.467804397727e+01 
       5.398590983405e-01       9.433200646235e+01 
       5.407607904548e-01       9.398775941471e+01 
       5.416624825795e-01       9.364526507366e+01 
       5.425641747144e-01       9.330448432551e+01 
       5.434658668596e-01       9.296537860788e+01 
       5.443675590149e-01       9.262791120256e+01 
       5.452692511804e-01       9.229204921620e+01 
       5.461709433559e-01       9.195776459084e+01 
       5.470726355414e-01       9.162503473841e+01 
       5.479743277369e-01       9.129384229698e+01 
       5.488760199423e-01       9.096417420019e+01 
       5.497777121576e-01       9.063602050178e+01 
       5.506794043827e-01       9.030937229344e+01 
       5.515810966176e-01       8.998422071844e+01 
       5.524827888622e-01       8.966055525309e+01 
       5.533844811165e-01       8.933836349870e+01 
       5.542861733804e-01       8.901763097308e+01 
       5.551878656540e-01       8.869834207973e+01 
       5.560895579370e-01       8.838048098434e+01 
       5.569912502296e-01       8.806403340239e+01 
       5.578929425315e-01       8.774898794552e+01 
       5.587946348429e-01       8.743533694274e+01 
       5.596963271637e-01       8.712307745037e+01 
       5.605980194937e-01       8.681221074787e+01 
       5.614997118331e-01       8.650274185247e+01 
       5.624014041816e-01       8.619467811078e+01 
       5.633030965393e-01       8.588802783950e+01 
       5.642047889062e-01       8.558279869928e+01 
       5.651064812821e-01       8.527899654194e+01 
       5.660081736671e-01       8.497662459313e+01 
       5.669098660611e-01       8.467568319623e+01 
       5.678115584640e-01       8.437617051921e+01 
       5.687132508759e-01       8.407808325435e+01 
       5.696149432966e-01       8.378141780934e+01 
       5.705166357262e-01       8.348617162019e+01 
       5.714183281645e-01       8.319234393671e+01 
       5.723200206116e-01       8.289993656399e+01 
       5.732217130674e-01       8.260895379827e+01 
       5.741234055319e-01       8.231940168190e+01 
       5.750250980050e-01       8.203128713422e+01 
       5.759267904867e-01       8.174461652175e+01 
       5.768284829769e-01       8.145939466860e+01 
       5.777301754756e-01       8.117562342660e+01 
       5.786318679828e-01       8.089330124501e+01 
       5.795335604985e-01       8.061242311457e+01 
       5.804352530225e-01       8.033298084812e+01 
       5.813369455548e-01       8.005496431054e+01 
       5.822386380955e-01       7.977836230601e+01 
       5.831403306444e-01       7.950316390353e+01 
       5.840420232016e-01       7.922935953167e+01 
       5.849437157669e-01       7.895694160049e+01 
       5.858454083404e-01       7.868590448280e+01 
       5.867471009220e-01       7.841624422977e+01 
       5.876487935117e-01       7.814795754023e+01 
       5.885504861095e-01       7.788104084901e+01 
       5.894521787152e-01       7.761548908206e+01 
       5.903538713290e-01       7.735129453688e+01 
       5.912555639506e-01       7.708844647139e+01 
       5.921572565802e-01       7.682693089847e+01 
       5.930589492176e-01       7.656673110387e+01 
       5.939606418628e-01       7.630782839477e+01 
       5.948623345158e-01       7.605020342178e+01 
       5.957640271766e-01       7.579383741045e+01 
       5.966657198451e-01       7.553871314729e+01 
       5.975674125213e-01       7.528481579253e+01 
       5.984691052051e-01       7.503213302993e+01 
       5.993707978965e-01       7.478065506431e+01 
       6.002724905955e-01       7.453037368103e+01 
       6.011741833021e-01       7.428128139870e+01 
       6.020758760162e-01       7.403337029731e+01 
       6.029775687377e-01       7.378663113892e+01 
       6.038792614667e-01       7.354105262954e+01 
       6.047809542031e-01       7.329662133456e+01 
       6.056826469469e-01       7.305332174369e+01 
       6.065843396981e-01       7.281113729096e+01 
       6.074860324565e-01       7.257005094120e+01 
       6.083877252222e-01       7.233004670350e+01 
       6.092894179952e-01       7.209111030345e+01 
       6.101911107754e-01       7.185323001970e+01 
       6.110928035627e-01       7.161639700373e+01 
       6.119944963573e-01       7.138060498228e+01 
       6.128961891589e-01       7.114584981860e+01 
       6.137978819676e-01       7.091212838038e+01 
       6.146995747834e-01       7.067943785196e+01 
       6.156012676062e-01       7.044777443310e+01 
       6.165029604360e-01       7.021713297655e+01 
       6.174046532728e-01       6.998750652716e+01 
       6.183063461165e-01       6.975888644997e+01 
       6.192080389671e-01       6.953126311787e+01 
       6.201097318246e-01       6.930462656941e+01 
       6.210114246889e-01       6.907896758403e+01 
       6.219131175600e-01       6.885427850554e+01 
       6.228148104380e-01       6.863055391807e+01 
       6.237165033226e-01       6.840779081687e+01 
       6.246181962140e-01       6.818598854173e+01 
       6.255198891121e-01       6.796514815354e+01 
       6.264215820169e-01       6.774527167610e+01 
       6.273232749283e-01       6.752636097342e+01 
       6.282249678463e-01       6.730841699257e+01 
       6.291266607709e-01       6.709143895400e+01 
       6.300283537021e-01       6.687542409191e+01 
       6.309300466398e-01       6.666036768399e+01 
       6.318317395839e-01       6.644626352029e+01 
       6.327334325346e-01       6.623310468682e+01 
       6.336351254917e-01       6.602088439637e+01 
       6.345368184552e-01       6.580959689508e+01 
       6.354385114250e-01       6.559923806838e+01 
       6.363402044013e-01       6.538980577601e+01 
       6.372418973839e-01       6.518129976950e+01 
       6.381435903728e-01       6.497372120127e+01 
       6.390452833679e-01       6.476707192526e+01 
       6.399469763693e-01       6.456135353343e+01 
       6.408486693770e-01       6.435656655348e+01 
       6.417503623908e-01       6.415270969377e+01 
       6.426520554109e-01       6.394977953538e+01 
       6.435537484370e-01       6.374777052128e+01 
       6.444554414693e-01       6.354667530761e+01 
       6.453571345077e-01       6.334648553392e+01 
       6.462588275521e-01       6.314719258860e+01 
       6.471605206026e-01       6.294878847910e+01 
       6.480622136592e-01       6.275126650979e+01 
       6.489639067217e-01       6.255462164611e+01 
       6.498655997902e-01       6.235885060967e+01 
       6.507672928646e-01       6.216395143083e+01 
       6.516689859450e-01       6.196992291378e+01 
       6.525706790312e-01       6.177676383326e+01 
       6.534723721233e-01       6.158447210665e+01 
       6.543740652213e-01       6.139304418464e+01 
       6.552757583251e-01       6.120247463763e+01 
       6.561774514347e-01       6.101275615061e+01 
       6.570791445500e-01       6.082387982169e+01 
       6.579808376712e-01       6.063583575353e+01 
       6.588825307980e-01       6.044861389126e+01 
       6.597842239306e-01       6.026220469349e+01 
       6.606859170688e-01       6.007659991009e+01 
       6.615876102127e-01       5.989179293056e+01 
       6.624893033622e-01       5.970777887900e+01 
       6.633909965173e-01       5.952455440061e+01 
       6.642926896781e-01       5.934211704371e+01 
       6.651943828444e-01       5.916046467802e+01 
       6.660960760162e-01       5.897959465727e+01 
       6.669977691936e-01       5.879950318341e+01 
       6.678994623764e-01       5.862018505332e+01 
       6.688011555647e-01       5.844163342879e+01 
       6.697028487585e-01       5.826384021498e+01 
       6.706045419577e-01       5.808679642500e+01 
       6.715062351624e-01       5.791049301847e+01 
       6.724079283724e-01       5.773492162418e+01 
       6.733096215878e-01       5.756007503581e+01 
       6.742113148085e-01       5.738594773775e+01 
       6.751130080345e-01       5.721253602514e+01 
       6.760147012659e-01       5.703983771446e+01 
       6.769163945025e-01       5.686785168267e+01 
       6.778180877444e-01       5.669657729736e+01 
       6.787197809916e-01       5.652601357359e+01 
       6.796214742439e-01       5.635615865014e+01 
       6.805231675015e-01       5.618700933411e+01 
       6.814248607642e-01       5.601856099319e+01 
       6.823265540321e-01       5.585080772662e+01 
       6.832282473051e-01       5.568374277604e+01 
       6.841299405832e-01       5.551735920945e+01 
       6.850316338665e-01       5.535165051236e+01 
       6.859333271548e-01       5.518661133202e+01 
       6.868350204482e-01       5.502223773824e+01 
       6.877367137466e-01       5.485852744271e+01 
       6.886384070500e-01       5.469547962429e+01 
       6.895401003584e-01       5.453309453757e+01 
       6.904417936718e-01       5.437137283239e+01 
       6.913434869901e-01       5.421031497076e+01 
       6.922451803134e-01       5.404992049600e+01 
       6.931468736416e-01       5.389018771969e+01 
       6.940485669747e-01       5.373111348660e+01 
       6.949502603127e-01       5.357269327813e+01 
       6.958519536555e-01       5.341492162248e+01 
       6.967536470032e-01       5.325779264332e+01 
       6.976553403557e-01       5.310130065555e+01 
       6.985570337130e-01       5.294544080862e+01 
       6.994587270751e-01       5.279020948362e+01 
       7.003604204420e-01       5.263560446273e+01 
       7.012621138136e-01       5.248162487865e+01 
       7.021638071899e-01       5.232827079325e+01 
       7.030655005710e-01       5.217554276192e+01 
       7.039671939567e-01       5.202344107873e+01 
       7.048688873472e-01       5.187196531087e+01 
       7.057705807423e-01       5.172111382929e+01 
       7.066722741420e-01       5.157088356852e+01 
       7.075739675463e-01       5.142127014239e+01 
       7.084756609553e-01       5.127226814000e+01 
       7.093773543688e-01       5.112387161632e+01 
       7.102790477870e-01       5.097607471308e+01 
       7.111807412096e-01       5.082887221399e+01 
       7.120824346368e-01       5.068225994458e+01 
       7.129841280685e-01       5.053623503201e+01 
       7.138858215048e-01       5.039079579822e+01 
       7.147875149455e-01       5.024594158540e+01 
       7.156892083907e-01       5.010167214802e+01 
       7.165909018403e-01       4.995798717194e+01 
       7.174925952943e-01       4.981488569709e+01 
       7.183942887528e-01       4.967236572541e+01 
       7.192959822157e-01       4.953042394426e+01 
       7.201976756829e-01       4.938905580850e+01 
       7.210993691546e-01       4.924825577155e+01 
       7.220010626305e-01       4.910801775304e+01 
       7.229027561109e-01       4.896833570574e+01 
       7.238044495955e-01       4.882920410739e+01 
       7.247061430844e-01       4.869061844490e+01 
       7.256078365776e-01       4.855257545890e+01 
       7.265095300751e-01       4.841507305915e+01 
       7.274112235769e-01       4.827811017734e+01 
       7.283129170829e-01       4.814168631049e+01 
       7.292146105931e-01       4.800580097586e+01 
       7.301163041075e-01       4.787045324665e+01 
       7.310179976261e-01       4.773564131296e+01 
       7.319196911489e-01       4.760136217389e+01 
       7.328213846758e-01       4.746761175268e+01 
       7.337230782069e-01       4.733438501914e+01 
       7.346247717421e-01       4.720167640418e+01 
       7.355264652814e-01       4.706948035866e+01 
       7.364281588249e-01       4.693779180702e+01 
       7.373298523724e-01       4.680660662916e+01 
       7.382315459240e-01       4.667592183546e+01 
       7.391332394796e-01       4.654573568320e+01 
       7.400349330393e-01       4.641604741867e+01 
       7.409366266030e-01       4.628685694838e+01 
       7.418383201707e-01       4.615816428077e+01 
       7.427400137424e-01       4.602996910499e+01 
       7.436417073181e-01       4.590227035807e+01 
       7.445434008977e-01       4.577506588538e+01 
       7.454450944814e-01       4.564835248649e+01 
       7.463467880689e-01       4.552212605619e+01 
       7.472484816604e-01       4.539638186083e+01 
       7.481501752558e-01       4.527111513078e+01 
       7.490518688550e-01       4.514632144097e+01 
       7.499535624582e-01       4.502199714696e+01 
       7.508552560652e-01       4.489813969392e+01 
       7.517569496761e-01       4.477474762022e+01 
       7.526586432908e-01       4.465182046723e+01 
       7.535603369094e-01       4.452935837925e+01 
       7.544620305317e-01       4.440736173998e+01 
       7.553637241579e-01       4.428583061588e+01 
       7.562654177878e-01       4.416476441409e+01 
       7.571671114216e-01       4.404416155286e+01 
       7.580688050590e-01       4.392401944683e+01 
       7.589704987002e-01       4.380433455083e+01 
       7.598721923452e-01       4.368510271494e+01 
       7.607738859939e-01       4.356631963297e+01 
       7.616755796462e-01       4.344798121446e+01 
       7.625772733023e-01       4.333008405775e+01 
       7.634789669620e-01       4.321262571060e+01 
       7.643806606254e-01       4.309560474609e+01 
       7.652823542925e-01       4.297902065415e+01 
       7.661840479632e-01       4.286287357572e+01 
       7.670857416375e-01       4.274716387452e+01 
       7.679874353154e-01       4.263189169804e+01 
       7.688891289970e-01       4.251705659244e+01 
       7.697908226821e-01       4.240265719644e+01 
       7.706925163708e-01       4.228869114892e+01 
       7.715942100631e-01       4.217515518678e+01 
       7.724959037589e-01       4.206204538712e+01 
       7.733975974583e-01       4.194935756464e+01 
       7.742992911611e-01       4.183708771145e+01 
       7.752009848675e-01       4.172523235433e+01 
       7.761026785774e-01       4.161378890271e+01 
       7.770043722908e-01       4.150275567570e+01 
       7.779060660077e-01       4.139213190657e+01 
       7.788077597280e-01       4.128191746387e+01 
       7.797094534518e-01       4.117211250513e+01 
       7.806111471790e-01       4.106271703103e+01 
       7.815128409097e-01       4.095373055162e+01 
       7.824145346437e-01       4.084515173380e+01 
       7.833162283812e-01       4.073697833937e+01 
       7.842179221221e-01       4.062920725555e+01 
       7.851196158663e-01       4.052183472378e+01 
       7.860213096140e-01       4.041485670355e+01 
       7.869230033650e-01       4.030826923177e+01 
       7.878246971193e-01       4.020206886549e+01 
       7.887263908769e-01       4.009625292147e+01 
       7.896280846379e-01       3.999081966196e+01 
       7.905297784022e-01       3.988576818078e+01 
       7.914314721698e-01       3.978109825796e+01 
       7.923331659407e-01       3.967681000939e+01 
       7.932348597149e-01       3.957290349599e+01 
       7.941365534924e-01       3.946937834079e+01 
       7.950382472730e-01       3.936623348722e+01 
       7.959399410570e-01       3.926346697005e+01 
       7.968416348442e-01       3.916107602980e+01 
       7.977433286346e-01       3.905905725405e+01 
       7.986450224282e-01       3.895740688211e+01 
       7.995467162250e-01       3.885612121590e+01 
       8.004484100250e-01       3.875519699447e+01 
       8.013501038282e-01       3.865463163098e+01 
       8.022517976346e-01       3.855442341200e+01 
       8.031534914441e-01       3.845457144982e+01 
       8.040551852568e-01       3.835507555885e+01 
       8.049568790726e-01       3.825593591934e+01 
       8.058585728915e-01       3.815715272132e+01 
       8.067602667135e-01       3.805872582215e+01 
       8.076619605387e-01       3.796065445448e+01 
       8.085636543669e-01       3.786293705135e+01 
       8.094653481983e-01       3.776557123583e+01 
       8.103670420327e-01       3.766855403117e+01 
       8.112687358702e-01       3.757188207575e+01 
       8.121704297107e-01       3.747555200724e+01 
       8.130721235543e-01       3.737956080242e+01 
       8.139738174009e-01       3.728390605782e+01 
       8.148755112505e-01       3.718858616776e+01 
       8.157772051032e-01       3.709360033644e+01 
       8.166788989588e-01       3.699894842899e+01 
       8.175805928175e-01       3.690463071283e+01 
       8.184822866791e-01       3.681064751766e+01 
       8.193839805437e-01       3.671699888972e+01 
       8.202856744113e-01       3.662368431288e+01 
       8.211873682818e-01       3.653070251967e+01 
       8.220890621553e-01       3.643805148616e+01 
       8.229907560317e-01       3.634572855323e+01 
       8.238924499110e-01       3.625373066147e+01 
       8.247941437933e-01       3.616205466281e+01 
       8.256958376784e-01       3.607069768342e+01 
       8.265975315665e-01       3.597965740523e+01 
       8.274992254574e-01       3.588893222371e+01 
       8.284009193512e-01       3.579852130119e+01 
       8.293026132479e-01       3.570842443715e+01 
       8.302043071475e-01       3.561864187303e+01 
       8.311060010499e-01       3.552917392608e+01 
       8.320076949551e-01       3.544002070999e+01 
       8.329093888632e-01       3.535118185119e+01 
       8.338110827741e-01       3.526265627074e+01 
       8.347127766878e-01       3.517444216666e+01 
       8.356144706043e-01       3.508653710454e+01 
       8.365161645236e-01       3.499893820404e+01 
       8.374178584457e-01       3.491164251208e+01 
       8.383195523706e-01       3.482464722895e+01 
       8.392212462982e-01       3.473795004864e+01 
       8.401229402286e-01       3.465154935435e+01 
       8.410246341618e-01       3.456544420292e+01 
       8.419263280977e-01       3.447963431040e+01 
       8.428280220363e-01       3.439411980360e+01 
       8.437297159776e-01       3.430890100005e+01 
       8.446314099217e-01       3.422397800389e+01 
       8.455331038685e-01       3.413935052105e+01 
       8.464347978180e-01       3.405501760441e+01 
       8.473364917701e-01       3.397097761991e+01 
       8.482381857250e-01       3.388722831039e+01 
       8.491398796825e-01       3.380376697368e+01 
       8.500415736426e-01       3.372059078614e+01 
       8.509432676055e-01       3.363769702488e+01 
       8.518449615709e-01       3.355508340594e+01 
       8.527466555391e-01       3.347274826296e+01 
       8.536483495098e-01       3.339069059306e+01 
       8.545500434832e-01       3.330891003991e+01 
       8.554517374592e-01       3.322740667714e+01 
       8.563534314378e-01       3.314618078410e+01 
       8.572551254189e-01       3.306523254170e+01 
       8.581568194027e-01       3.298456173225e+01 
       8.590585133891e-01       3.290416759272e+01 
       8.599602073780e-01       3.282404869708e+01 
       8.608619013695e-01       3.274420301663e+01 
       8.617635953635e-01       3.266462807424e+01 
       8.626652893601e-01       3.258532121381e+01 
       8.635669833593e-01       3.250627987835e+01 
       8.644686773609e-01       3.242750184285e+01 
       8.653703713651e-01       3.234898545914e+01 
       8.662720653718e-01       3.227072970339e+01 
       8.671737593811e-01       3.219273419859e+01 
       8.680754533928e-01       3.211499898962e+01 
       8.689771474070e-01       3.203752436445e+01 
       8.698788414237e-01       3.196031056930e+01 
       8.707805354429e-01       3.188335750289e+01 
       8.716822294645e-01       3.180666456775e+01 
       8.725839234886e-01       3.173023055580e+01 
       8.734856175152e-01       3.165405367546e+01 
       8.743873115442e-01       3.157813168840e+01 
       8.752890055756e-01       3.150246212753e+01 
       8.761906996095e-01       3.142704258645e+01 
       8.770923936458e-01       3.135187094828e+01 
       8.779940876845e-01       3.127694560148e+01 
       8.788957817257e-01       3.120226554755e+01 
       8.797974757692e-01       3.112783037648e+01 
       8.806991698151e-01       3.105364013394e+01 
       8.816008638635e-01       3.097969511535e+01 
       8.825025579142e-01       3.090599562549e+01 
       8.834042519672e-01       3.083254167259e+01 
       8.843059460227e-01       3.075933281228e+01 
       8.852076400805e-01       3.068636803991e+01 
       8.861093341406e-01       3.061364577820e+01 
       8.870110282031e-01       3.054116397283e+01 
       8.879127222679e-01       3.046892036238e+01 
       8.888144163351e-01       3.039691265272e+01 
       8.897161104046e-01       3.032513881237e+01 
       8.906178044763e-01       3.025359725323e+01 
       8.915194985504e-01       3.018228696315e+01 
       8.924211926269e-01       3.011120748820e+01 
       8.933228867056e-01       3.004035883110e+01 
       8.942245807865e-01       2.996974128278e+01 
       8.951262748698e-01       2.989935514634e+01 
       8.960279689553e-01       2.982920051111e+01 
       8.969296630432e-01       2.975927704971e+01 
       8.978313571332e-01       2.968958391064e+01 
       8.987330512255e-01       2.962011967587e+01 
       8.996347453201e-01       2.955088249428e+01 
       9.005364394169e-01       2.948187023796e+01 
       9.014381335160e-01       2.941308073405e+01 
       9.023398276172e-01       2.934451201625e+01 
       9.032415217207e-01       2.927616250978e+01 
       9.041432158264e-01       2.920803117580e+01 
       9.050449099343e-01       2.914011750911e+01 
       9.059466040444e-01       2.907242146545e+01 
       9.068482981567e-01       2.900494329226e+01 
       9.077499922712e-01       2.893768329390e+01 
       9.086516863879e-01       2.887064160362e+01 
       9.095533805067e-01       2.880381798335e+01 
       9.104550746277e-01       2.873721171212e+01 
       9.113567687509e-01       2.867082152891e+01 
       9.122584628762e-01       2.860464573485e+01 
       9.131601570037e-01       2.853868233489e+01 
       9.140618511333e-01       2.847292926467e+01 
       9.149635452650e-01       2.840738461632e+01 
       9.158652393989e-01       2.834204683492e+01 
       9.167669335349e-01       2.827691486443e+01 
       9.176686276730e-01       2.821198814197e+01 
       9.185703218132e-01       2.814726658867e+01 
       9.194720159556e-01       2.808275040905e+01 
       9.203737101000e-01       2.801843991010e+01 
       9.212754042465e-01       2.795433527029e+01 
       9.221770983951e-01       2.789043634038e+01 
       9.230787925458e-01       2.782674252799e+01 
       9.239804866986e-01       2.776325272093e+01 
       9.248821808534e-01       2.769996537641e+01 
       9.257838750103e-01       2.763687865806e+01 
       9.266855691692e-01       2.757399060320e+01 
       9.275872633302e-01       2.751129938978e+01 
       9.284889574932e-01       2.744880348631e+01 
       9.293906516583e-01       2.738650182290e+01 
       9.302923458254e-01       2.732439381686e+01 
       9.311940399945e-01       2.726247933684e+01 
       9.320957341657e-01       2.720075856853e+01 
       9.329974283389e-01       2.713923181813e+01 
       9.338991225140e-01       2.707789931525e+01 
       9.348008166912e-01       2.701676097655e+01 
       9.357025108704e-01       2.695581633328e+01 
       9.366042050515e-01       2.689506443107e+01 
       9.375058992347e-01       2.683450388345e+01 
       9.384075934198e-01       2.677413299322e+01 
       9.393092876069e-01       2.671394992959e+01 
       9.402109817959e-01       2.665395294338e+01 
       9.411126759870e-01       2.659414055179e+01 
       9.420143701799e-01       2.653451168546e+01 
       9.429160643749e-01       2.647506573914e+01 
       9.438177585718e-01       2.641580255017e+01 
       9.447194527706e-01       2.635672227811e+01 
       9.456211469713e-01       2.629782522950e+01 
       9.465228411740e-01       2.623911165986e+01 
       9.474245353786e-01       2.618058157931e+01 
       9.483262295851e-01       2.612223461867e+01 
       9.492279237935e-01       2.606406996026e+01 
       9.501296180039e-01       2.600608636333e+01 
       9.510313122161e-01       2.594828226650e+01 
       9.519330064303e-01       2.589065595588e+01 
       9.528347006463e-01       2.583320575974e+01 
       9.537363948642e-01       2.577593023678e+01 
       9.546380890840e-01       2.571882831678e+01 
       9.555397833056e-01       2.566189937384e+01 
       9.564414775292e-01       2.560514320865e+01 
       9.573431717546e-01       2.554855994973e+01 
       9.582448659818e-01       2.549214989562e+01 
       9.591465602109e-01       2.543591332493e+01 
       9.600482544419e-01       2.537985031076e+01 
       9.609499486747e-01       2.532396057697e+01 
       9.618516429093e-01       2.526824342838e+01 
       9.627533371458e-01       2.521269775827e+01 
       9.636550313841e-01       2.515732213245e+01 
       9.645567256242e-01       2.510211494401e+01 
       9.654584198662e-01       2.504707459857e+01 
       9.663601141099e-01       2.499219969308e+01 
       9.672618083555e-01       2.493748915796e+01 
       9.681635026028e-01       2.488294234159e+01 
       9.690651968520e-01       2.482855900704e+01 
       9.699668911029e-01       2.477433924676e+01 
       9.708685853556e-01       2.472028334154e+01 
       9.717702796102e-01       2.466639158260e+01 
       9.726719738665e-01       2.461266409117e+01 
       9.735736681245e-01       2.455910067361e+01 
       9.744753623843e-01       2.450570074094e+01 
       9.753770566459e-01       2.445246330803e+01 
       9.762787509093e-01       2.439938706123e+01 
       9.771804451744e-01       2.434647049702e+01 
       9.780821394412e-01       2.429371209316e+01 
       9.789838337098e-01       2.424111048748e+01 
       9.798855279802e-01       2.418866461825e+01 
       9.807872222522e-01       2.413637380767e+01 
       9.816889165260e-01       2.408423778302e+01 
       9.825906108015e-01       2.403225660336e+01 
       9.834923050788e-01       2.398043052791e+01 
       9.843939993577e-01       2.392875985392e+01 
       9.852956936384e-01       2.387724474213e+01 
       9.861973879207e-01       2.382588507586e+01 
       9.870990822048e-01       2.377468036416e+01 
       9.880007764906e-01       2.372362973134e+01 
       9.889024707780e-01       2.367273198188e+01 
       9.898041650671e-01       2.362198571154e+01 
       9.907058593580e-01       2.357138947141e+01 
       9.916075536504e-01       2.352094194019e+01 
       9.925092479446e-01       2.347064206651e+01 
       9.934109422404e-01       2.342048915742e+01 
       9.943126365379e-01       2.337048290236e+01 
       9.952143308371e-01       2.332062332488e+01 
       9.961160251379e-01       2.327091066612e+01 
       9.970177194404e-01       2.322134522323e+01 
       9.979194137445e-01       2.317192719193e+01 
       9.988211080502e-01       2.312265651976e+01 
       9.997228023576e-01       2.307353280960e+01 
       1.000624496667e+00       2.302455529506e+01 
       1.001526190977e+00       2.297572288396e+01 
       1.002427885290e+00       2.292703427348e+01 
       1.003329579603e+00       2.287848808996e+01 
       1.004231273919e+00       2.283008305476e+01 
       1.005132968236e+00       2.278181812725e+01 
       1.006034662555e+00       2.273369260373e+01 
       1.006936356875e+00       2.268570614399e+01 
       1.007838051197e+00       2.263785873326e+01 
       1.008739745520e+00       2.259015058627e+01 
       1.009641439846e+00       2.254258200293e+01 
       1.010543134172e+00       2.249515320251e+01 
       1.011444828500e+00       2.244786418728e+01 
       1.012346522830e+00       2.240071464410e+01 
       1.013248217162e+00       2.235370390827e+01 
       1.014149911495e+00       2.230683099198e+01 
       1.015051605829e+00       2.226009467977e+01 
       1.015953300165e+00       2.221349367403e+01 
       1.016854994503e+00       2.216702674283e+01 
       1.017756688842e+00       2.212069285882e+01 
       1.018658383183e+00       2.207449130455e+01 
       1.019560077525e+00       2.202842171225e+01 
       1.020461771869e+00       2.198248403639e+01 
       1.021363466214e+00       2.193667846295e+01 
       1.022265160561e+00       2.189100527905e+01 
       1.023166854910e+00       2.184546472762e+01 
       1.024068549260e+00       2.180005686003e+01 
       1.024970243611e+00       2.175478143455e+01 
       1.025871937964e+00       2.170963787594e+01 
       1.026773632319e+00       2.166462529441e+01 
       1.027675326675e+00       2.161974256751e+01 
       1.028577021032e+00       2.157498846365e+01 
       1.029478715391e+00       2.153036179348e+01 
       1.030380409751e+00       2.148586155037e+01 
       1.031282104113e+00       2.144148700685e+01 
       1.032183798477e+00       2.139723776532e+01 
       1.033085492842e+00       2.135311374612e+01 
       1.033987187208e+00       2.130911510867e+01 
       1.034888881576e+00       2.126524213165e+01 
       1.035790575946e+00       2.122149506585e+01 
       1.036692270316e+00       2.117787400319e+01 
       1.037593964689e+00       2.113437877207e+01 
       1.038495659062e+00       2.109100887996e+01 
       1.039397353438e+00       2.104776352624e+01 
       1.040299047814e+00       2.100464167386e+01 
       1.041200742192e+00       2.096164216383e+01 
       1.042102436572e+00       2.091876385384e+01 
       1.043004130953e+00       2.087600575043e+01 
       1.043905825335e+00       2.083336712058e+01 
       1.044807519719e+00       2.079084754490e+01 
       1.045709214105e+00       2.074844690878e+01 
       1.046610908491e+00       2.070616534141e+01 
       1.047512602879e+00       2.066400310599e+01 
       1.048414297269e+00       2.062196046469e+01 
       1.049315991660e+00       2.058003754447e+01 
       1.050217686052e+00       2.053823422793e+01 
       1.051119380446e+00       2.049655010139e+01 
       1.052021074841e+00       2.045498445215e+01 
       1.052922769238e+00       2.041353632453e+01 
       1.053824463636e+00       2.037220462660e+01 
       1.054726158035e+00       2.033098826194e+01 
       1.055627852436e+00       2.028988626089e+01 
       1.056529546838e+00       2.024889788708e+01 
       1.057431241242e+00       2.020802269440e+01 
       1.058332935647e+00       2.016726053860e+01 
       1.059234630053e+00       2.012661152096e+01 
       1.060136324461e+00       2.008607588696e+01 
       1.061038018870e+00       2.004565390086e+01 
       1.061939713280e+00       2.000534571733e+01 
       1.062841407692e+00       1.996515127408e+01 
       1.063743102105e+00       1.992507022876e+01 
       1.064644796520e+00       1.988510194547e+01 
       1.065546490936e+00       1.984524554819e+01 
       1.066448185353e+00       1.980550001366e+01 
       1.067349879771e+00       1.976586429183e+01 
       1.068251574191e+00       1.972633743456e+01 
       1.069153268612e+00       1.968691870264e+01 
       1.070054963035e+00       1.964760763262e+01 
       1.070956657459e+00       1.960840405070e+01 
       1.071858351884e+00       1.956930802573e+01 
       1.072760046310e+00       1.953031978434e+01 
       1.073661740738e+00       1.949143959203e+01 
       1.074563435167e+00       1.945266762595e+01 
       1.075465129598e+00       1.941400386905e+01 
       1.076366824030e+00       1.937544804175e+01 
       1.077268518463e+00       1.933699958452e+01 
       1.078170212897e+00       1.929865769818e+01 
       1.079071907333e+00       1.926042142209e+01 
       1.079973601770e+00       1.922228975280e+01 
       1.080875296208e+00       1.918426176720e+01 
       1.081776990648e+00       1.914633672727e+01 
       1.082678685089e+00       1.910851415100e+01 
       1.083580379531e+00       1.907079383357e+01 
       1.084482073974e+00       1.903317581415e+01 
       1.085383768419e+00       1.899566030035e+01 
       1.086285462865e+00       1.895824755211e+01 
       1.087187157312e+00       1.892093776334e+01 
       1.088088851761e+00       1.888373095775e+01 
       1.088990546211e+00       1.884662691440e+01 
       1.089892240662e+00       1.880962514401e+01 
       1.090793935114e+00       1.877272491601e+01 
       1.091695629568e+00       1.873592533318e+01 
       1.092597324022e+00       1.869922544067e+01 
       1.093499018478e+00       1.866262434104e+01 
       1.094400712936e+00       1.862612129842e+01 
       1.095302407394e+00       1.858971581565e+01 
       1.096204101854e+00       1.855340766130e+01 
       1.097105796315e+00       1.851719684599e+01 
       1.098007490777e+00       1.848108355227e+01 
       1.098909185241e+00       1.844506803245e+01 
       1.099810879706e+00       1.840915049481e+01 
       1.100712574172e+00       1.837333099912e+01 
       1.101614268639e+00       1.833760937709e+01 
       1.102515963107e+00       1.830198520410e+01 
       1.103417657577e+00       1.826645781841e+01 
       1.104319352048e+00       1.823102638522e+01 
       1.105221046520e+00       1.819568999549e+01 
       1.106122740993e+00       1.816044777760e+01 
       1.107024435467e+00       1.812529900171e+01 
       1.107926129943e+00       1.809024316002e+01 
       1.108827824420e+00       1.805527999631e+01 
       1.109729518898e+00       1.802040949185e+01 
       1.110631213377e+00       1.798563180619e+01 
       1.111532907858e+00       1.795094718285e+01 
       1.112434602339e+00       1.791635583985e+01 
       1.113336296822e+00       1.788185786524e+01 
       1.114237991306e+00       1.784745313911e+01 
       1.115139685791e+00       1.781314129880e+01 
       1.116041380278e+00       1.777892174900e+01 
       1.116943074765e+00       1.774479371477e+01 
       1.117844769254e+00       1.771075633385e+01 
       1.118746463744e+00       1.767680876383e+01 
       1.119648158235e+00       1.764295028448e+01 
       1.120549852727e+00       1.760918037647e+01 
       1.121451547220e+00       1.757549876032e+01 
       1.122353241715e+00       1.754190538980e+01 
       1.123254936210e+00       1.750840040330e+01 
       1.124156630707e+00       1.747498403386e+01 
       1.125058325205e+00       1.744165650491e+01 
       1.125960019704e+00       1.740841793039e+01 
       1.126861714205e+00       1.737526823530e+01 
       1.127763408706e+00       1.734220711384e+01 
       1.128665103208e+00       1.730923403125e+01 
       1.129566797712e+00       1.727634827151e+01 
       1.130468492217e+00       1.724354901927e+01 
       1.131370186723e+00       1.721083546507e+01 
       1.132271881230e+00       1.717820689850e+01 
       1.133173575738e+00       1.714566279304e+01 
       1.134075270247e+00       1.711320284887e+01 
       1.134976964758e+00       1.708082699446e+01 
       1.135878659269e+00       1.704853534312e+01 
       1.136780353782e+00       1.701632811428e+01 
       1.137682048295e+00       1.698420553420e+01 
       1.138583742810e+00       1.695216774013e+01 
       1.139485437326e+00       1.692021469858e+01 
       1.140387131843e+00       1.688834615474e+01 
       1.141288826361e+00       1.685656163334e+01 
       1.142190520881e+00       1.682486047478e+01 
       1.143092215401e+00       1.679324191196e+01 
       1.143993909922e+00       1.676170516353e+01 
       1.144895604445e+00       1.673024953360e+01 
       1.145797298969e+00       1.669887448885e+01 
       1.146698993493e+00       1.666757971386e+01 
       1.147600688019e+00       1.663636511286e+01 
       1.148502382546e+00       1.660523077452e+01 
       1.149404077074e+00       1.657417690386e+01 
       1.150305771603e+00       1.654320372777e+01 
       1.151207466133e+00       1.651231140138e+01 
       1.152109160664e+00       1.648149992518e+01 
       1.153010855196e+00       1.645076909405e+01 
       1.153912549729e+00       1.642011848719e+01 
       1.154814244264e+00       1.638954750215e+01 
       1.155715938799e+00       1.635905541781e+01 
       1.156617633336e+00       1.632864148527e+01 
       1.157519327873e+00       1.629830502161e+01 
       1.158421022412e+00       1.626804549236e+01 
       1.159322716951e+00       1.623786256463e+01 
       1.160224411492e+00       1.620775611856e+01 
       1.161126106034e+00       1.617772621920e+01 
       1.162027800576e+00       1.614777305576e+01 
       1.162929495120e+00       1.611789685529e+01 
       1.163831189665e+00       1.608809778633e+01 
       1.164732884211e+00       1.605837588119e+01 
       1.165634578758e+00       1.602873097836e+01 
       1.166536273305e+00       1.599916271039e+01 
       1.167437967854e+00       1.596967052687e+01 
       1.168339662404e+00       1.594025375210e+01 
       1.169241356955e+00       1.591091166922e+01 
       1.170143051507e+00       1.588164361244e+01 
       1.171044746060e+00       1.585244904803e+01 
       1.171946440614e+00       1.582332762837e+01 
       1.172848135169e+00       1.579427921145e+01 
       1.173749829725e+00       1.576530383962e+01 
       1.174651524282e+00       1.573640168456e+01 
       1.175553218840e+00       1.570757296831e+01 
       1.176454913399e+00       1.567881787192e+01 
       1.177356607960e+00       1.565013645298e+01 
       1.178258302521e+00       1.562152859330e+01 
       1.179159997083e+00       1.559299397600e+01 
       1.180061691646e+00       1.556453210065e+01 
       1.180963386210e+00       1.553614233656e+01 
       1.181865080775e+00       1.550782399938e+01 
       1.182766775341e+00       1.547957644113e+01 
       1.183668469908e+00       1.545139913013e+01 
       1.184570164476e+00       1.542329170564e+01 
       1.185471859045e+00       1.539525400461e+01 
       1.186373553615e+00       1.536728604752e+01 
       1.187275248186e+00       1.533938799016e+01 
       1.188176942758e+00       1.531156004764e+01 
       1.189078637330e+00       1.528380240863e+01 
       1.189980331904e+00       1.525611515538e+01 
       1.190882026479e+00       1.522849820693e+01 
       1.191783721055e+00       1.520095129235e+01 
       1.192685415632e+00       1.517347395979e+01 
       1.193587110209e+00       1.514606562196e+01 
       1.194488804788e+00       1.511872562884e+01 
       1.195390499368e+00       1.509145335268e+01 
       1.196292193948e+00       1.506424826428e+01 
       1.197193888530e+00       1.503710999359e+01 
       1.198095583112e+00       1.501003835756e+01 
       1.198997277696e+00       1.498303335457e+01 
       1.199898972280e+00       1.495609512225e+01 
       1.200800666865e+00       1.492922386722e+01 
       1.201702361451e+00       1.490241978337e+01 
       1.202604056039e+00       1.487568297400e+01 
       1.203505750627e+00       1.484901339330e+01 
       1.204407445216e+00       1.482241081335e+01 
       1.205309139806e+00       1.479587482861e+01 
       1.206210834397e+00       1.476940489417e+01 
       1.207112528989e+00       1.474300039364e+01 
       1.208014223581e+00       1.471666071881e+01 
       1.208915918175e+00       1.469038534569e+01 
       1.209817612770e+00       1.466417389539e+01 
       1.210719307365e+00       1.463802616726e+01 
       1.211621001962e+00       1.461194213910e+01 
       1.212522696559e+00       1.458592192980e+01 
       1.213424391157e+00       1.455996573594e+01 
       1.214326085757e+00       1.453407375384e+01 
       1.215227780357e+00       1.450824610431e+01 
       1.216129474958e+00       1.448248277185e+01 
       1.217031169560e+00       1.445678356843e+01 
       1.217932864163e+00       1.443114813215e+01 
       1.218834558766e+00       1.440557595977e+01 
       1.219736253371e+00       1.438006646863e+01 
       1.220637947976e+00       1.435461907177e+01 
       1.221539642583e+00       1.432923325133e+01 
       1.222441337190e+00       1.430390862146e+01 
       1.223343031798e+00       1.427864496521e+01 
       1.224244726408e+00       1.425344223894e+01 
       1.225146421018e+00       1.422830054223e+01 
       1.226048115628e+00       1.420322006027e+01 
       1.226949810240e+00       1.417820098988e+01 
       1.227851504853e+00       1.415324346602e+01 
       1.228753199466e+00       1.412834750067e+01 
       1.229654894081e+00       1.410351294248e+01 
       1.230556588696e+00       1.407873947141e+01 
       1.231458283312e+00       1.405402662454e+01 
       1.232359977929e+00       1.402937385150e+01 
       1.233261672547e+00       1.400478058593e+01 
       1.234163367166e+00       1.398024631867e+01 
       1.235065061786e+00       1.395577065838e+01 
       1.235966756406e+00       1.393135337253e+01 
       1.236868451028e+00       1.390699439808e+01 
       1.237770145650e+00       1.388269381513e+01 
       1.238671840273e+00       1.385845179581e+01 
       1.239573534897e+00       1.383426853522e+01 
       1.240475229522e+00       1.381014417935e+01 
       1.241376924147e+00       1.378607876397e+01 
       1.242278618774e+00       1.376207217186e+01 
       1.243180313401e+00       1.373812412175e+01 
       1.244082008029e+00       1.371423418929e+01 
       1.244983702659e+00       1.369040185678e+01 
       1.245885397288e+00       1.366662658004e+01 
       1.246787091919e+00       1.364290785840e+01 
       1.247688786551e+00       1.361924529768e+01 
       1.248590481183e+00       1.359563865169e+01 
       1.249492175816e+00       1.357208783666e+01 
       1.250393870451e+00       1.354859291350e+01 
       1.251295565086e+00       1.352515404116e+01 
       1.252197259721e+00       1.350177141046e+01 
       1.253098954358e+00       1.347844517589e+01 
       1.254000648995e+00       1.345517539406e+01 
       1.254902343634e+00       1.343196197876e+01 
       1.255804038273e+00       1.340880468588e+01 
       1.256705732913e+00       1.338570312892e+01 
       1.257607427553e+00       1.336265682160e+01 
       1.258509122195e+00       1.333966524149e+01 
       1.259410816837e+00       1.331672789868e+01 
       1.260312511480e+00       1.329384439661e+01 
       1.261214206124e+00       1.327101447683e+01 
       1.262115900769e+00       1.324823803701e+01 
       1.263017595415e+00       1.322551511878e+01 
       1.263919290061e+00       1.320284586573e+01 
       1.264820984708e+00       1.318023046442e+01 
       1.265722679356e+00       1.315766907552e+01 
       1.266624374005e+00       1.313516177268e+01 
       1.267526068655e+00       1.311270849833e+01 
       1.268427763305e+00       1.309030904342e+01 
       1.269329457957e+00       1.306796305670e+01 
       1.270231152609e+00       1.304567008334e+01 
       1.271132847261e+00       1.302342962367e+01 
       1.272034541915e+00       1.300124119872e+01 
       1.272936236570e+00       1.297910441154e+01 
       1.273837931225e+00       1.295701899380e+01 
       1.274739625881e+00       1.293498482526e+01 
       1.275641320538e+00       1.291300192771e+01 
       1.276543015195e+00       1.289107043012e+01 
       1.277444709853e+00       1.286919051180e+01 
       1.278346404513e+00       1.284736233733e+01 
       1.279248099173e+00       1.282558599593e+01 
       1.280149793833e+00       1.280386145541e+01 
       1.281051488495e+00       1.278218853877e+01 
       1.281953183157e+00       1.276056692997e+01 
       1.282854877820e+00       1.273899620585e+01 
       1.283756572484e+00       1.271747588888e+01 
       1.284658267148e+00       1.269600551196e+01 
       1.285559961814e+00       1.267458467967e+01 
       1.286461656480e+00       1.265321311375e+01 
       1.287363351147e+00       1.263189067798e+01 
       1.288265045814e+00       1.261061737512e+01 
       1.289166740483e+00       1.258939331811e+01 
       1.290068435152e+00       1.256821867772e+01 
       1.290970129822e+00       1.254709362161e+01 
       1.291871824492e+00       1.252601825251e+01 
       1.292773519164e+00       1.250499256064e+01 
       1.293675213836e+00       1.248401639925e+01 
       1.294576908509e+00       1.246308948533e+01 
       1.295478603183e+00       1.244221142568e+01 
       1.296380297857e+00       1.242138176645e+01 
       1.297281992532e+00       1.240060005330e+01 
       1.298183687208e+00       1.237986589246e+01 
       1.299085381885e+00       1.235917899794e+01 
       1.299987076562e+00       1.233853921952e+01 
       1.300888771240e+00       1.231794654228e+01 
       1.301790465919e+00       1.229740106191e+01 
       1.302692160599e+00       1.227690294021e+01 
       1.303593855279e+00       1.225645234492e+01 
       1.304495549960e+00       1.223604938958e+01 
       1.305397244642e+00       1.221569408537e+01 
       1.306298939325e+00       1.219538631373e+01 
       1.307200634008e+00       1.217512582201e+01 
       1.308102328692e+00       1.215491224719e+01 
       1.309004023377e+00       1.213474516003e+01 
       1.309905718062e+00       1.211462411997e+01 
       1.310807412749e+00       1.209454873645e+01 
       1.311709107436e+00       1.207451871705e+01 
       1.312610802123e+00       1.205453389731e+01 
       1.313512496812e+00       1.203459424484e+01 
       1.314414191501e+00       1.201469984013e+01 
       1.315315886191e+00       1.199485083362e+01 
       1.316217580881e+00       1.197504739058e+01 
       1.317119275572e+00       1.195528963457e+01 
       1.318020970264e+00       1.193557759678e+01 
       1.318922664957e+00       1.191591118402e+01 
       1.319824359650e+00       1.189629017364e+01 
       1.320726054345e+00       1.187671423131e+01 
       1.321627749039e+00       1.185718295095e+01 
       1.322529443735e+00       1.183769590763e+01 
       1.323431138431e+00       1.181825271537e+01 
       1.324332833128e+00       1.179885307608e+01 
       1.325234527826e+00       1.177949681197e+01 
       1.326136222524e+00       1.176018387494e+01 
       1.327037917223e+00       1.174091433043e+01 
       1.327939611923e+00       1.172168831769e+01 
       1.328841306623e+00       1.170250599916e+01 
       1.329743001324e+00       1.168336750438e+01 
       1.330644696026e+00       1.166427288179e+01 
       1.331546390729e+00       1.164522206256e+01 
       1.332448085432e+00       1.162621485271e+01 
       1.333349780136e+00       1.160725094509e+01 
       1.334251474840e+00       1.158832995683e+01 
       1.335153169545e+00       1.156945147930e+01 
       1.336054864251e+00       1.155061513325e+01 
       1.336956558958e+00       1.153182061725e+01 
       1.337858253665e+00       1.151306774188e+01 
       1.338759948373e+00       1.149435644338e+01 
       1.339661643082e+00       1.147568677050e+01 
       1.340563337791e+00       1.145705885135e+01 
       1.341465032501e+00       1.143847284465e+01 
       1.342366727212e+00       1.141992888506e+01 
       1.343268421923e+00       1.140142703440e+01 
       1.344170116635e+00       1.138296724685e+01 
       1.345071811348e+00       1.136454935654e+01 
       1.345973506061e+00       1.134617308444e+01 
       1.346875200775e+00       1.132783807008e+01 
       1.347776895490e+00       1.130954392186e+01 
       1.348678590206e+00       1.129129026623e+01 
       1.349580284922e+00       1.127307680053e+01 
       1.350481979638e+00       1.125490332562e+01 
       1.351383674356e+00       1.123676976234e+01 
       1.352285369074e+00       1.121867614342e+01 
       1.353187063792e+00       1.120062258518e+01 
       1.354088758512e+00       1.118260924149e+01 
       1.354990453232e+00       1.116463625180e+01 
       1.355892147952e+00       1.114670369044e+01 
       1.356793842674e+00       1.112881153263e+01 
       1.357695537396e+00       1.111095963687e+01 
       1.358597232118e+00       1.109314775067e+01 
       1.359498926842e+00       1.107537553807e+01 
       1.360400621565e+00       1.105764262373e+01 
       1.361302316290e+00       1.103994864255e+01 
       1.362204011015e+00       1.102229328953e+01 
       1.363105705741e+00       1.100467635784e+01 
       1.364007400468e+00       1.098709775551e+01 
       1.364909095195e+00       1.096955750086e+01 
       1.365810789923e+00       1.095205569680e+01 
       1.366712484651e+00       1.093459249113e+01 
       1.367614179380e+00       1.091716802493e+01 
       1.368515874110e+00       1.089978238447e+01 
       1.369417568840e+00       1.088243556414e+01 
       1.370319263571e+00       1.086512744583e+01 
       1.371220958303e+00       1.084785780219e+01 
       1.372122653035e+00       1.083062632115e+01 
       1.373024347768e+00       1.081343264495e+01 
       1.373926042501e+00       1.079627641865e+01 
       1.374827737235e+00       1.077915733777e+01 
       1.375729431970e+00       1.076207518722e+01 
       1.376631126705e+00       1.074502986169e+01 
       1.377532821441e+00       1.072802136507e+01 
       1.378434516178e+00       1.071104978887e+01 
       1.379336210915e+00       1.069411527307e+01 
       1.380237905653e+00       1.067721795911e+01 
       1.381139600392e+00       1.066035794278e+01 
       1.382041295131e+00       1.064353523602e+01 
       1.382942989870e+00       1.062674974456e+01 
       1.383844684611e+00       1.061000126624e+01 
       1.384746379352e+00       1.059328951113e+01 
       1.385648074093e+00       1.057661413876e+01 
       1.386549768835e+00       1.055997480399e+01 
       1.387451463578e+00       1.054337120474e+01 
       1.388353158322e+00       1.052680311959e+01 
       1.389254853066e+00       1.051027043098e+01 
       1.390156547810e+00       1.049377312841e+01 
       1.391058242556e+00       1.047731129068e+01 
       1.391959937301e+00       1.046088505112e+01 
       1.392861632048e+00       1.044449455129e+01 
       1.393763326795e+00       1.042813989491e+01 
       1.394665021542e+00       1.041182110906e+01 
       1.395566716291e+00       1.039553811986e+01 
       1.396468411040e+00       1.037929074956e+01 
       1.397370105789e+00       1.036307873108e+01 
       1.398271800539e+00       1.034690174172e+01 
       1.399173495290e+00       1.033075944678e+01 
       1.400075190041e+00       1.031465154624e+01 
       1.400976884793e+00       1.029857781431e+01 
       1.401878579545e+00       1.028253812347e+01 
       1.402780274298e+00       1.026653244998e+01 
       1.403681969052e+00       1.025056085983e+01 
       1.404583663806e+00       1.023462347705e+01 
       1.405485358561e+00       1.021872044171e+01 
       1.406387053316e+00       1.020285186412e+01 
       1.407288748072e+00       1.018701778557e+01 
       1.408190442829e+00       1.017121815224e+01 
       1.409092137586e+00       1.015545280776e+01 
       1.409993832343e+00       1.013972150748e+01 
       1.410895527102e+00       1.012402394709e+01 
       1.411797221860e+00       1.010835980446e+01 
       1.412698916620e+00       1.009272878334e+01 
       1.413600611380e+00       1.007713065321e+01 
       1.414502306141e+00       1.006156527639e+01 
       1.415404000902e+00       1.004603261602e+01 
       1.416305695663e+00       1.003053272603e+01 
       1.417207390426e+00       1.001506572155e+01 
       1.418109085189e+00       9.999631739598e+00 
       1.419010779952e+00       9.984230895019e+00 
       1.419912474716e+00       9.968863241362e+00 
       1.420814169481e+00       9.953528743857e+00 
       1.421715864246e+00       9.938227268749e+00 
       1.422617559012e+00       9.922958592489e+00 
       1.423519253778e+00       9.907722428396e+00 
       1.424420948545e+00       9.892518465668e+00 
       1.425322643312e+00       9.877346413042e+00 
       1.426224338080e+00       9.862206037403e+00 
       1.427126032849e+00       9.847097191960e+00 
       1.428027727618e+00       9.832019827452e+00 
       1.428929422388e+00       9.816973984489e+00 
       1.429831117158e+00       9.801959769082e+00 
       1.430732811929e+00       9.786977315063e+00 
       1.431634506700e+00       9.772026738125e+00 
       1.432536201472e+00       9.757108109345e+00 
       1.433437896244e+00       9.742221406841e+00 
       1.434339591017e+00       9.727366515951e+00 
       1.435241285791e+00       9.712543236078e+00 
       1.436142980565e+00       9.697751297324e+00 
       1.437044675340e+00       9.682990401995e+00 
       1.437946370115e+00       9.668260263082e+00 
       1.438848064891e+00       9.653560646138e+00 
       1.439749759667e+00       9.638891395817e+00 
       1.440651454444e+00       9.624252451218e+00 
       1.441553149221e+00       9.609643842892e+00 
       1.442454843999e+00       9.595065665318e+00 
       1.443356538778e+00       9.580518047590e+00 
       1.444258233557e+00       9.566001109870e+00 
       1.445159928336e+00       9.551514926867e+00 
       1.446061623116e+00       9.537059495563e+00 
       1.446963317897e+00       9.522634720919e+00 
       1.447865012678e+00       9.508240420999e+00 
       1.448766707460e+00       9.493876344120e+00 
       1.449668402242e+00       9.479542205586e+00 
       1.450570097025e+00       9.465237724981e+00 
       1.451471791808e+00       9.450962666360e+00 
       1.452373486592e+00       9.436716869402e+00 
       1.453275181377e+00       9.422500259859e+00 
       1.454176876162e+00       9.408312855205e+00 
       1.455078570947e+00       9.394154740158e+00 
       1.455980265733e+00       9.380026039746e+00 
       1.456881960520e+00       9.365926874479e+00 
       1.457783655307e+00       9.351857325831e+00 
       1.458685350094e+00       9.337817405203e+00 
       1.459587044882e+00       9.323807035638e+00 
       1.460488739671e+00       9.309826054806e+00 
       1.461390434460e+00       9.295874229364e+00 
       1.462292129250e+00       9.281951287182e+00 
       1.463193824040e+00       9.268056954382e+00 
       1.464095518831e+00       9.254190995039e+00 
       1.464997213622e+00       9.240353240885e+00 
       1.465898908414e+00       9.226543609065e+00 
       1.466800603206e+00       9.212762105107e+00 
       1.467702297999e+00       9.199008802805e+00 
       1.468603992792e+00       9.185283818791e+00 
       1.469505687586e+00       9.171587276150e+00 
       1.470407382380e+00       9.157919261481e+00 
       1.471309077175e+00       9.144279799698e+00 
       1.472210771970e+00       9.130668831233e+00 
       1.473112466766e+00       9.117086211115e+00 
       1.474014161562e+00       9.103531723330e+00 
       1.474915856359e+00       9.090005108732e+00 
       1.475817551157e+00       9.076506101589e+00 
       1.476719245955e+00       9.063034466066e+00 
       1.477620940753e+00       9.049590028685e+00 
       1.478522635552e+00       9.036172696943e+00 
       1.479424330351e+00       9.022782463177e+00 
       1.480326025151e+00       9.009419391828e+00 
       1.481227719952e+00       8.996083593030e+00 
       1.482129414752e+00       8.982775188184e+00 
       1.483031109554e+00       8.969494270213e+00 
       1.483932804356e+00       8.956240873488e+00 
       1.484834499158e+00       8.943014954060e+00 
       1.485736193961e+00       8.929816385389e+00 
       1.870315679959e+00       5.077773083506e+00 
       2.354587343306e+00       2.862827978621e+00 
       2.964249840314e+00       1.601845633047e+00 
       3.731769450878e+00       8.901292259448e-01 
       4.698019392668e+00       4.915419018864e-01 
       5.914455998531e+00       2.698855134363e-01 
       7.445858953489e+00       1.474072363759e-01 
       9.373781049183e+00       8.012387748465e-02 
       1.180089116741e+01       4.335806172141e-02 
       1.485644177247e+01       2.336584388911e-02 
       1.870315207620e+01       1.254335727128e-02 
       2.354587342938e+01       6.709032479483e-03 
       2.964249840314e+01       3.575894002906e-03 
       3.731769450878e+01       1.899401171152e-03 
       4.698019392668e+01       1.005391432149e-03 
       5.914455998531e+01       5.302100083719e-04 
